{
  "initial_state": {
    "domain": "uav",
    "time_s": 0.0,
    "env": {
      "weather": "good",
      "wind_mps": 8.0,
      "wind_dir_deg": 270.0
    },
    "airspace": {
      "alt_bounds": [
        50.0,
        1500.0
      ],
      "geofence": [
        {
          "type": "polygon",
          "points": [
            [
              0,
              0
            ],
            [
              2000,
              0
            ],
            [
              2000,
              1500
            ],
            [
              0,
              1500
            ]
          ]
        }
      ]
    },
    "uav": {
      "pose": {
        "x": 100.0,
        "y": 100.0,
        "z": 100.0,
        "yaw": 90.0
      },
      "speed_mps": 22.0,
      "energy": {
        "battery_pct": 100.0
      },
      "sensors": {
        "rgb": "ok",
        "thermal": "ok",
        "lidar": "ok",
        "radar": "offline",
        "gnss": "ok",
        "imu": "ok",
        "magnetometer": "ok",
        "barometer": "ok"
      },
      "payloads": []
    },
    "policy": {
      "alt_bounds": [
        50.0,
        1500.0
      ]
    },
    "safety_flags": {
      "nfz_violation": false,
      "separation_breach": false
    }
  },
  "dialogue": [
    {
      "turn": 1,
      "speaker": "agent",
      "intent": "initiate_medical_delivery_mission",
      "actions": [
        {
          "type": "mcp",
          "name": "read_telemetry",
          "args": {}
        },
        {
          "type": "mcp",
          "name": "activate_payload",
          "args": {
            "payload_id": "medical_cargo_01"
          }
        }
      ],
      "obs": [
        {
          "tool": "read_telemetry",
          "result": {
            "pose": {
              "x": 100.0,
              "y": 100.0,
              "z": 100.0
            },
            "battery_pct": 100.0,
            "speed_mps": 22.0
          }
        },
        {
          "tool": "activate_payload",
          "result": {
            "payload_id": "medical_cargo_01",
            "status": "activated"
          }
        }
      ],
      "net": {
        "slice": "eMBB",
        "lat_ms": 12,
        "jitter_ms": 2,
        "loss_pct": 0.1,
        "throughput_mbps": 850,
        "edge_load": 0.3
      }
    },
    {
      "turn": 2,
      "speaker": "user",
      "intent": "confirm_mission_start",
      "actions": [
        {
          "type": "mcp",
          "name": "check_geofence_compliance",
          "args": {}
        }
      ],
      "obs": [
        {
          "tool": "check_geofence_compliance",
          "result": {
            "inside": true,
            "violation": false
          }
        }
      ],
      "net": {
        "slice": "eMBB",
        "lat_ms": 11,
        "jitter_ms": 1.8,
        "loss_pct": 0.05,
        "throughput_mbps": 870,
        "edge_load": 0.32
      }
    },
    {
      "turn": 3,
      "speaker": "agent",
      "intent": "navigate_to_waypoint",
      "actions": [
        {
          "type": "mcp",
          "name": "set_waypoint",
          "args": {
            "x": 1200.0,
            "y": 800.0,
            "z": 300.0
          }
        },
        {
          "type": "a2a",
          "task": "collision_avoidance",
          "to": "uav_swarm_agent",
          "payload": {
            "current_pose": {
              "x": 100.0,
              "y": 100.0,
              "z": 100.0
            },
            "route": [
              [
                100,
                100,
                100
              ],
              [
                1200,
                800,
                300
              ]
            ]
          }
        }
      ],
      "obs": [
        {
          "tool": "set_waypoint",
          "result": {
            "status": "accepted",
            "eta_s": 68.5
          }
        },
        {
          "task": "collision_avoidance",
          "from": "uav_swarm_agent",
          "status": "ok",
          "payload": {
            "clearance": true,
            "suggested_alt": 300.0
          }
        }
      ],
      "net": {
        "slice": "URLLC",
        "lat_ms": 8,
        "jitter_ms": 0.5,
        "loss_pct": 0.01,
        "throughput_mbps": 120,
        "edge_load": 0.4
      }
    },
    {
      "turn": 4,
      "speaker": "user",
      "intent": "request_sensor_status",
      "actions": [
        {
          "type": "mcp",
          "name": "diagnose_sensors",
          "args": {}
        }
      ],
      "obs": [
        {
          "tool": "diagnose_sensors",
          "result": {
            "radar": "failed",
            "recommended_action": "reroute_to_thermal_lidar_coverage"
          }
        }
      ],
      "net": {
        "slice": "mMTC",
        "lat_ms": 150,
        "jitter_ms": 20,
        "loss_pct": 2.5,
        "throughput_mbps": 1.2,
        "edge_load": 0.75
      }
    },
    {
      "turn": 5,
      "speaker": "agent",
      "intent": "adapt_route_due_to_sensor_failure",
      "actions": [
        {
          "type": "mcp",
          "name": "update_route",
          "args": {
            "via": [
              [
                600,
                400,
                400
              ],
              [
                1000,
                600,
                350
              ]
            ]
          }
        },
        {
          "type": "a2a",
          "task": "request_thermal_relay",
          "to": "uav_relay_02",
          "payload": {
            "target_area": [
              1200,
              800
            ],
            "duration_s": 120
          }
        }
      ],
      "obs": [
        {
          "tool": "update_route",
          "result": {
            "new_eta_s": 82.3,
            "reason": "avoid_radar_shadow_zone"
          }
        },
        {
          "task": "request_thermal_relay",
          "from": "uav_relay_02",
          "status": "accepted",
          "payload": {
            "start_time_s": 85.0,
            "bandwidth_reserved_mbps": 50
          }
        }
      ],
      "net": {
        "slice": "URLLC",
        "lat_ms": 9,
        "jitter_ms": 0.7,
        "loss_pct": 0.02,
        "throughput_mbps": 100,
        "edge_load": 0.5
      }
    },
    {
      "turn": 6,
      "speaker": "user",
      "intent": "verify_battery_and_weather_impact",
      "actions": [
        {
          "type": "mcp",
          "name": "forecast_battery",
          "args": {
            "route_length_km": 2.1
          }
        }
      ],
      "obs": [
        {
          "tool": "forecast_battery",
          "result": {
            "estimated_consumption_pct": 18.5,
            "remaining_at_destination": 81.5,
            "status": "sufficient"
          }
        }
      ],
      "net": {
        "slice": "eMBB",
        "lat_ms": 13,
        "jitter_ms": 2.1,
        "loss_pct": 0.2,
        "throughput_mbps": 800,
        "edge_load": 0.35
      }
    },
    {
      "turn": 7,
      "speaker": "agent",
      "intent": "initiate_thermal_scan_before_delivery",
      "actions": [
        {
          "type": "mcp",
          "name": "activate_sensor",
          "args": {
            "sensor": "thermal",
            "mode": "high_res_scan"
          }
        }
      ],
      "obs": [
        {
          "tool": "activate_sensor",
          "result": {
            "sensor": "thermal",
            "status": "active",
            "data_rate_mbps": 45,
            "power_draw_pct_per_min": 3.2
          }
        }
      ],
      "net": {
        "slice": "eMBB",
        "lat_ms": 14,
        "jitter_ms": 2.3,
        "loss_pct": 0.15,
        "throughput_mbps": 780,
        "edge_load": 0.4
      }
    },
    {
      "turn": 8,
      "speaker": "user",
      "intent": "request_delivery_confirmation",
      "actions": [
        {
          "type": "mcp",
          "name": "verify_drop_zone",
          "args": {
            "target": "medical_drop_zone_alpha"
          }
        }
      ],
      "obs": [
        {
          "tool": "verify_drop_zone",
          "result": {
            "clear": true,
            "obstacles": [],
            "wind_impact": "low"
          }
        }
      ],
      "net": {
        "slice": "URLLC",
        "lat_ms": 7,
        "jitter_ms": 0.4,
        "loss_pct": 0.01,
        "throughput_mbps": 110,
        "edge_load": 0.38
      }
    },
    {
      "turn": 9,
      "speaker": "agent",
      "intent": "execute_medical_delivery",
      "actions": [
        {
          "type": "mcp",
          "name": "descend_to_altitude",
          "args": {
            "z": 50.0
          }
        }
      ],
      "obs": [
        {
          "tool": "descend_to_altitude",
          "result": {
            "status": "completed",
            "final_z": 50.0,
            "descent_rate_mps": 2.0
          }
        }
      ],
      "net": {
        "slice": "URLLC",
        "lat_ms": 6,
        "jitter_ms": 0.3,
        "loss_pct": 0.0,
        "throughput_mbps": 130,
        "edge_load": 0.3
      }
    },
    {
      "turn": 10,
      "speaker": "user",
      "intent": "confirm_delivery_and_return",
      "actions": [
        {
          "type": "mcp",
          "name": "release_payload",
          "args": {
            "payload_id": "medical_cargo_01"
          }
        }
      ],
      "obs": [
        {
          "tool": "release_payload",
          "result": {
            "payload_id": "medical_cargo_01",
            "status": "released",
            "timestamp_s": 92.1
          }
        }
      ],
      "net": {
        "slice": "URLLC",
        "lat_ms": 5,
        "jitter_ms": 0.2,
        "loss_pct": 0.0,
        "throughput_mbps": 140,
        "edge_load": 0.28
      }
    },
    {
      "turn": 11,
      "speaker": "agent",
      "intent": "return_to_base_and_report",
      "actions": [
        {
          "type": "mcp",
          "name": "set_waypoint",
          "args": {
            "x": 100.0,
            "y": 100.0,
            "z": 100.0
          }
        },
        {
          "type": "a2a",
          "task": "mission_report",
          "to": "mission_control_ai",
          "payload": {
            "outcome": "delivery_successful",
            "battery_remaining": 78.2,
            "issues": [
              "radar_offline",
              "network_jitter_in_mMTC"
            ]
          }
        }
      ],
      "obs": [
        {
          "tool": "set_waypoint",
          "result": {
            "status": "accepted",
            "eta_s": 70.4
          }
        },
        {
          "task": "mission_report",
          "from": "mission_control_ai",
          "status": "received",
          "payload": {
            "ack_id": "MR-321199f464eb-11",
            "next_mission_eta": 1800
          }
        }
      ],
      "net": {
        "slice": "URLLC",
        "lat_ms": 7,
        "jitter_ms": 0.5,
        "loss_pct": 0.01,
        "throughput_mbps": 125,
        "edge_load": 0.32
      }
    }
  ],
  "final_state": {
    "domain": "uav",
    "time_s": 162.5,
    "env": {
      "weather": "good",
      "wind_mps": 8.0,
      "wind_dir_deg": 270.0
    },
    "airspace": {
      "alt_bounds": [
        50.0,
        1500.0
      ],
      "geofence": [
        {
          "type": "polygon",
          "points": [
            [
              0,
              0
            ],
            [
              2000,
              0
            ],
            [
              2000,
              1500
            ],
            [
              0,
              1500
            ]
          ]
        }
      ]
    },
    "uav": {
      "pose": {
        "x": 550.0,
        "y": 450.0,
        "z": 180.0,
        "yaw": 270.0
      },
      "speed_mps": 20.0,
      "energy": {
        "battery_pct": 78.2
      },
      "sensors": {
        "rgb": "ok",
        "thermal": "standby",
        "lidar": "ok",
        "radar": "offline",
        "gnss": "ok",
        "imu": "ok",
        "magnetometer": "ok",
        "barometer": "ok"
      },
      "payloads": []
    },
    "policy": {
      "alt_bounds": [
        50.0,
        1500.0
      ]
    },
    "safety_flags": {
      "nfz_violation": false,
      "separation_breach": false
    }
  },
  "success": true,
  "_meta": {
    "seed": 42,
    "ts": 1763913556,
    "ts_iso": "2025-11-23T15:59:16Z",
    "gen_time_s": 45.790771484375,
    "attempts_used": 1,
    "generation_failed": false,
    "usage": {
      "prompt_tokens": 1055,
      "completion_tokens": 3652,
      "total_tokens": 4707,
      "cost": 0.0030393,
      "is_byok": false,
      "prompt_tokens_details": {
        "cached_tokens": 1040,
        "audio_tokens": 0,
        "video_tokens": 0
      },
      "cost_details": {
        "upstream_inference_cost": null,
        "upstream_inference_prompt_cost": 0.0001177,
        "upstream_inference_completions_cost": 0.0029216
      },
      "completion_tokens_details": {
        "reasoning_tokens": 0,
        "image_tokens": 0
      }
    }
  }
}