{
  "initial_state": {
    "domain": "uav",
    "time_s": 0.0,
    "env": {
      "weather": "poor",
      "wind_mps": 3.0,
      "wind_dir_deg": 120.0
    },
    "airspace": {
      "alt_bounds": [
        0.0,
        50.0
      ],
      "geofence": [
        {
          "type": "polygon",
          "points": [
            [
              0,
              0
            ],
            [
              100,
              0
            ],
            [
              100,
              80
            ],
            [
              0,
              80
            ]
          ]
        }
      ]
    },
    "uav": {
      "pose": {
        "x": 10.0,
        "y": 10.0,
        "z": 25.0,
        "yaw": 90.0
      },
      "speed_mps": 18.0,
      "energy": {
        "battery_pct": 100.0
      },
      "sensors": {
        "rgb": "ok",
        "thermal": "ok",
        "lidar": "ok",
        "radar": "offline",
        "gnss": "offline",
        "imu": "ok",
        "magnetometer": "ok",
        "barometer": "ok"
      },
      "payloads": []
    },
    "policy": {
      "alt_bounds": [
        0.0,
        50.0
      ]
    },
    "safety_flags": {
      "nfz_violation": false,
      "separation_breach": false
    }
  },
  "dialogue": [
    {
      "turn": 1,
      "speaker": "agent",
      "intent": "initiate mission under degraded conditions",
      "actions": [
        {
          "type": "mcp",
          "name": "read_telemetry",
          "args": {}
        },
        {
          "type": "a2a",
          "task": "request_gnss_fix",
          "to": "uav_swarm_agent",
          "payload": {
            "uav_id": "uav-7",
            "priority": "high"
          }
        }
      ],
      "obs": [
        {
          "tool": "read_telemetry",
          "result": {
            "pose": {
              "x": 10.0,
              "y": 10.0,
              "z": 25.0
            },
            "battery_pct": 100.0,
            "sensors": {
              "gnss": "offline"
            }
          }
        },
        {
          "task": "request_gnss_fix",
          "from": "uav_swarm_agent",
          "status": "pending",
          "payload": {
            "eta_s": 12
          }
        }
      ],
      "net": {
        "slice": "eMBB",
        "lat_ms": 25,
        "jitter_ms": 5,
        "loss_pct": 0.2,
        "throughput_mbps": 120,
        "edge_load": 0.65
      }
    },
    {
      "turn": 2,
      "speaker": "user",
      "intent": "request status and plan",
      "actions": [],
      "obs": [],
      "net": {
        "slice": "eMBB",
        "lat_ms": 28,
        "jitter_ms": 6,
        "loss_pct": 0.3,
        "throughput_mbps": 110,
        "edge_load": 0.68
      }
    },
    {
      "turn": 3,
      "speaker": "agent",
      "intent": "report telemetry and swarm dependency",
      "actions": [
        {
          "type": "mcp",
          "name": "activate_sensor",
          "args": {
            "sensor": "lidar",
            "mode": "mapping"
          }
        }
      ],
      "obs": [
        {
          "tool": "activate_sensor",
          "result": {
            "sensor": "lidar",
            "status": "active",
            "mode": "mapping"
          }
        }
      ],
      "net": {
        "slice": "URLLC",
        "lat_ms": 8,
        "jitter_ms": 1,
        "loss_pct": 0.1,
        "throughput_mbps": 50,
        "edge_load": 0.4
      }
    },
    {
      "turn": 4,
      "speaker": "user",
      "intent": "authorize altitude adjustment",
      "actions": [
        {
          "type": "mcp",
          "name": "set_altitude",
          "args": {
            "target_z": 35.0
          }
        }
      ],
      "obs": [
        {
          "tool": "set_altitude",
          "result": {
            "status": "acknowledged",
            "target_z": 35.0
          }
        }
      ],
      "net": {
        "slice": "URLLC",
        "lat_ms": 7,
        "jitter_ms": 1,
        "loss_pct": 0.05,
        "throughput_mbps": 45,
        "edge_load": 0.38
      }
    },
    {
      "turn": 5,
      "speaker": "agent",
      "intent": "execute climb and scan",
      "actions": [
        {
          "type": "mcp",
          "name": "move_to",
          "args": {
            "x": 10.0,
            "y": 10.0,
            "z": 35.0,
            "speed": 8.0
          }
        },
        {
          "type": "mcp",
          "name": "capture_image",
          "args": {
            "sensor": "rgb",
            "mode": "high_res"
          }
        }
      ],
      "obs": [
        {
          "tool": "move_to",
          "result": {
            "status": "in_progress",
            "current_z": 30.2
          }
        },
        {
          "tool": "capture_image",
          "result": {
            "status": "success",
            "image_id": "img_001",
            "size_kb": 2048
          }
        }
      ],
      "net": {
        "slice": "eMBB",
        "lat_ms": 45,
        "jitter_ms": 12,
        "loss_pct": 1.5,
        "throughput_mbps": 80,
        "edge_load": 0.75
      }
    },
    {
      "turn": 6,
      "speaker": "user",
      "intent": "request avoidance update due to poor weather",
      "actions": [
        {
          "type": "a2a",
          "task": "check_proximity_threats",
          "to": "uav_swarm_agent",
          "payload": {
            "range_m": 50,
            "include_weather": true
          }
        }
      ],
      "obs": [
        {
          "task": "check_proximity_threats",
          "from": "uav_swarm_agent",
          "status": "ok",
          "payload": {
            "threats": [
              {
                "type": "wind_shear",
                "severity": "moderate",
                "direction": 120,
                "range_m": 42
              }
            ],
            "clear_path": false
          }
        }
      ],
      "net": {
        "slice": "URLLC",
        "lat_ms": 9,
        "jitter_ms": 2,
        "loss_pct": 0.1,
        "throughput_mbps": 40,
        "edge_load": 0.42
      }
    },
    {
      "turn": 7,
      "speaker": "agent",
      "intent": "adjust path for wind shear",
      "actions": [
        {
          "type": "mcp",
          "name": "adjust_heading",
          "args": {
            "delta_yaw": -15
          }
        },
        {
          "type": "mcp",
          "name": "read_telemetry",
          "args": {}
        }
      ],
      "obs": [
        {
          "tool": "adjust_heading",
          "result": {
            "status": "executed",
            "new_yaw": 75.0
          }
        },
        {
          "tool": "read_telemetry",
          "result": {
            "pose": {
              "x": 10.8,
              "y": 11.6,
              "z": 34.9
            },
            "battery_pct": 98.7,
            "speed_mps": 7.2
          }
        }
      ],
      "net": {
        "slice": "URLLC",
        "lat_ms": 6,
        "jitter_ms": 1,
        "loss_pct": 0.05,
        "throughput_mbps": 55,
        "edge_load": 0.35
      }
    },
    {
      "turn": 8,
      "speaker": "user",
      "intent": "initiate return sequence",
      "actions": [
        {
          "type": "mcp",
          "name": "set_home",
          "args": {
            "x": 10.0,
            "y": 10.0,
            "z": 25.0
          }
        }
      ],
      "obs": [
        {
          "tool": "set_home",
          "result": {
            "status": "updated",
            "home": {
              "x": 10.0,
              "y": 10.0,
              "z": 25.0
            }
          }
        }
      ],
      "net": {
        "slice": "mMTC",
        "lat_ms": 120,
        "jitter_ms": 25,
        "loss_pct": 5.0,
        "throughput_mbps": 1,
        "edge_load": 0.85
      }
    },
    {
      "turn": 9,
      "speaker": "agent",
      "intent": "prepare for low-bandwidth return",
      "actions": [
        {
          "type": "mcp",
          "name": "compress_and_transmit",
          "args": {
            "data_ids": [
              "img_001"
            ],
            "priority": "high"
          }
        },
        {
          "type": "a2a",
          "task": "handoff_monitoring",
          "to": "uav_swarm_agent",
          "payload": {
            "uav_id": "uav-7",
            "status": "returning"
          }
        }
      ],
      "obs": [
        {
          "tool": "compress_and_transmit",
          "result": {
            "data_id": "img_001",
            "status": "queued",
            "size_kb": 512,
            "retries": 0
          }
        },
        {
          "task": "handoff_monitoring",
          "from": "uav_swarm_agent",
          "status": "acknowledged",
          "payload": {
            "next_check_s": 30
          }
        }
      ],
      "net": {
        "slice": "mMTC",
        "lat_ms": 130,
        "jitter_ms": 30,
        "loss_pct": 6.0,
        "throughput_mbps": 0.8,
        "edge_load": 0.88
      }
    },
    {
      "turn": 10,
      "speaker": "user",
      "intent": "confirm safe return",
      "actions": [],
      "obs": [],
      "net": {
        "slice": "URLLC",
        "lat_ms": 10,
        "jitter_ms": 2,
        "loss_pct": 0.1,
        "throughput_mbps": 50,
        "edge_load": 0.4
      }
    },
    {
      "turn": 11,
      "speaker": "agent",
      "intent": "land and report completion",
      "actions": [
        {
          "type": "mcp",
          "name": "land",
          "args": {
            "speed": 3.0
          }
        }
      ],
      "obs": [
        {
          "tool": "land",
          "result": {
            "status": "completed",
            "final_pose": {
              "x": 10.0,
              "y": 10.0,
              "z": 0.0
            },
            "battery_pct": 95.2
          }
        }
      ],
      "net": {
        "slice": "URLLC",
        "lat_ms": 5,
        "jitter_ms": 1,
        "loss_pct": 0.0,
        "throughput_mbps": 60,
        "edge_load": 0.3
      }
    }
  ],
  "final_state": {
    "domain": "uav",
    "time_s": 120.0,
    "env": {
      "weather": "poor",
      "wind_mps": 3.0,
      "wind_dir_deg": 120.0
    },
    "airspace": {
      "alt_bounds": [
        0.0,
        50.0
      ],
      "geofence": [
        {
          "type": "polygon",
          "points": [
            [
              0,
              0
            ],
            [
              100,
              0
            ],
            [
              100,
              80
            ],
            [
              0,
              80
            ]
          ]
        }
      ]
    },
    "uav": {
      "pose": {
        "x": 10.0,
        "y": 10.0,
        "z": 0.0,
        "yaw": 75.0
      },
      "speed_mps": 0.0,
      "energy": {
        "battery_pct": 95.2
      },
      "sensors": {
        "rgb": "ok",
        "thermal": "ok",
        "lidar": "active",
        "radar": "offline",
        "gnss": "offline",
        "imu": "ok",
        "magnetometer": "ok",
        "barometer": "ok"
      },
      "payloads": []
    },
    "policy": {
      "alt_bounds": [
        0.0,
        50.0
      ]
    },
    "safety_flags": {
      "nfz_violation": false,
      "separation_breach": false
    }
  },
  "success": true,
  "_meta": {
    "seed": 42,
    "ts": 1764056867,
    "ts_iso": "2025-11-25T07:47:47Z",
    "gen_time_s": 114.67247295379639,
    "attempts_used": 2,
    "generation_failed": false,
    "usage": {
      "prompt_tokens": 1082,
      "completion_tokens": 3385,
      "total_tokens": 4467,
      "cost": 0.0028334,
      "is_byok": false,
      "prompt_tokens_details": {
        "cached_tokens": 1024,
        "audio_tokens": 0,
        "video_tokens": 0
      },
      "cost_details": {
        "upstream_inference_cost": null,
        "upstream_inference_prompt_cost": 0.0001254,
        "upstream_inference_completions_cost": 0.002708
      },
      "completion_tokens_details": {
        "reasoning_tokens": 0,
        "image_tokens": 0
      }
    }
  }
}