{
  "initial_state": {
    "domain": "uav",
    "time_s": 0.0,
    "env": {
      "weather": "rain",
      "wind_mps": 6.5,
      "wind_dir_deg": 240.0
    },
    "airspace": {
      "alt_bounds": [
        10.0,
        150.0
      ],
      "geofence": [
        {
          "type": "polygon",
          "points": [
            [
              0,
              0
            ],
            [
              200,
              0
            ],
            [
              200,
              150
            ],
            [
              0,
              150
            ]
          ]
        }
      ]
    },
    "uav": {
      "pose": {
        "x": 10.0,
        "y": 10.0,
        "z": 10.0,
        "yaw": 90.0
      },
      "speed_mps": 25.0,
      "energy": {
        "battery_pct": 100.0
      },
      "sensors": {
        "rgb": "ok",
        "thermal": "ok",
        "lidar": "offline",
        "radar": "offline",
        "gnss": "ok",
        "imu": "ok",
        "magnetometer": "ok",
        "barometer": "ok"
      },
      "payloads": [
        {
          "type": "thermal_camera_lwir",
          "category": "imaging_thermal",
          "mass_kg": 0.4,
          "power_W": 15,
          "drag_cdA": 0.005,
          "mount": "gimbal",
          "data": {
            "stream": "video",
            "bitrate_mbps": 4,
            "storage_GB": 64
          },
          "operating": {
            "fov_deg": 58,
            "range_m": 300,
            "resolution": "640x512@30",
            "wavelength": "LWIR"
          },
          "constraints": {
            "min_alt_m": 20,
            "max_alt_m": 120,
            "day_night": "both",
            "weather_ok": [
              "clear",
              "light_rain"
            ]
          }
        },
        {
          "type": "rgb_camera",
          "category": "imaging_optical",
          "mass_kg": 0.3,
          "power_W": 10,
          "drag_cdA": 0.004,
          "mount": "gimbal",
          "data": {
            "stream": "video",
            "bitrate_mbps": 6,
            "storage_GB": 128
          },
          "operating": {
            "fov_deg": 68,
            "resolution": "1920x1080@30"
          },
          "constraints": {
            "min_alt_m": 15,
            "max_alt_m": 100,
            "day_night": "day"
          }
        }
      ]
    },
    "policy": {
      "alt_bounds": [
        10.0,
        150.0
      ]
    },
    "safety_flags": {
      "nfz_violation": false,
      "separation_breach": false
    }
  },
  "dialogue": [
    {
      "turn": 1,
      "speaker": "agent",
      "intent": "initiate_mission",
      "actions": [
        {
          "type": "mcp",
          "name": "read_telemetry",
          "args": {}
        },
        {
          "type": "mcp",
          "name": "activate_payload",
          "args": {
            "payload": "thermal_camera_lwir"
          }
        }
      ],
      "obs": [
        {
          "tool": "read_telemetry",
          "result": {
            "pose": {
              "x": 10.0,
              "y": 10.0,
              "z": 10.0
            },
            "battery_pct": 100.0
          }
        },
        {
          "tool": "activate_payload",
          "result": {
            "status": "success",
            "payload": "thermal_camera_lwir"
          }
        }
      ],
      "net": {
        "slice": "URLLC",
        "lat_ms": 8,
        "jitter_ms": 1.2,
        "loss_pct": 0.01,
        "throughput_mbps": 50,
        "edge_load": 0.35
      }
    },
    {
      "turn": 2,
      "speaker": "user",
      "intent": "confirm_mission",
      "actions": [
        {
          "type": "mcp",
          "name": "check_geofence",
          "args": {}
        }
      ],
      "obs": [
        {
          "tool": "check_geofence",
          "result": {
            "status": "within",
            "boundary_distance_m": 10.0
          }
        }
      ],
      "net": {
        "slice": "URLLC",
        "lat_ms": 9,
        "jitter_ms": 1.4,
        "loss_pct": 0.02,
        "throughput_mbps": 48,
        "edge_load": 0.38
      }
    },
    {
      "turn": 3,
      "speaker": "agent",
      "intent": "ascend_to_inspection_altitude",
      "actions": [
        {
          "type": "mcp",
          "name": "set_altitude",
          "args": {
            "target_z": 80.0
          }
        },
        {
          "type": "a2a",
          "task": "collision_avoidance",
          "to": "uav_swarm_agent",
          "payload": {
            "current_pose": {
              "x": 10.0,
              "y": 10.0,
              "z": 10.0
            },
            "target_pose": {
              "x": 10.0,
              "y": 10.0,
              "z": 80.0
            }
          }
        }
      ],
      "obs": [
        {
          "tool": "set_altitude",
          "result": {
            "status": "executing",
            "target_z": 80.0
          }
        },
        {
          "task": "collision_avoidance",
          "from": "uav_swarm_agent",
          "status": "ok",
          "payload": {
            "clearance": "safe",
            "recommended_alt": 80.0
          }
        }
      ],
      "net": {
        "slice": "eMBB",
        "lat_ms": 25,
        "jitter_ms": 5,
        "loss_pct": 0.1,
        "throughput_mbps": 120,
        "edge_load": 0.65
      }
    },
    {
      "turn": 4,
      "speaker": "user",
      "intent": "request_status",
      "actions": [
        {
          "type": "mcp",
          "name": "read_telemetry",
          "args": {}
        }
      ],
      "obs": [
        {
          "tool": "read_telemetry",
          "result": {
            "pose": {
              "x": 10.0,
              "y": 10.0,
              "z": 52.3
            },
            "battery_pct": 98.7,
            "speed_mps": 22.1
          }
        }
      ],
      "net": {
        "slice": "eMBB",
        "lat_ms": 28,
        "jitter_ms": 6.2,
        "loss_pct": 0.15,
        "throughput_mbps": 110,
        "edge_load": 0.72
      }
    },
    {
      "turn": 5,
      "speaker": "agent",
      "intent": "adjust_route_for_weather",
      "actions": [
        {
          "type": "mcp",
          "name": "update_waypoint",
          "args": {
            "waypoint": {
              "x": 150.0,
              "y": 75.0,
              "z": 80.0
            }
          }
        },
        {
          "type": "mcp",
          "name": "stream_video",
          "args": {
            "payload": "thermal_camera_lwir",
            "bitrate_mbps": 4
          }
        }
      ],
      "obs": [
        {
          "tool": "update_waypoint",
          "result": {
            "status": "updated",
            "next_waypoint": {
              "x": 150.0,
              "y": 75.0,
              "z": 80.0
            }
          }
        },
        {
          "tool": "stream_video",
          "result": {
            "status": "streaming",
            "bitrate_mbps": 4
          }
        }
      ],
      "net": {
        "slice": "eMBB",
        "lat_ms": 35,
        "jitter_ms": 12,
        "loss_pct": 0.8,
        "throughput_mbps": 95,
        "edge_load": 0.85
      }
    },
    {
      "turn": 6,
      "speaker": "user",
      "intent": "concern_about_network",
      "actions": [
        {
          "type": "mcp",
          "name": "switch_network_slice",
          "args": {
            "target_slice": "URLLC"
          }
        }
      ],
      "obs": [
        {
          "tool": "switch_network_slice",
          "result": {
            "status": "success",
            "previous_slice": "eMBB",
            "current_slice": "URLLC"
          }
        }
      ],
      "net": {
        "slice": "URLLC",
        "lat_ms": 7,
        "jitter_ms": 1.1,
        "loss_pct": 0.01,
        "throughput_mbps": 45,
        "edge_load": 0.32
      }
    },
    {
      "turn": 7,
      "speaker": "agent",
      "intent": "resume_inspection",
      "actions": [
        {
          "type": "mcp",
          "name": "capture_thermal_image",
          "args": {
            "target": {
              "x": 150.0,
              "y": 75.0
            }
          }
        },
        {
          "type": "a2a",
          "task": "data_offload",
          "to": "edge_processing_agent",
          "payload": {
            "data_id": "thermal_img_001",
            "size_mb": 12.4,
            "priority": "high"
          }
        }
      ],
      "obs": [
        {
          "tool": "capture_thermal_image",
          "result": {
            "status": "success",
            "image_id": "thermal_img_001",
            "location": {
              "x": 150.0,
              "y": 75.0,
              "z": 80.0
            }
          }
        },
        {
          "task": "data_offload",
          "from": "edge_processing_agent",
          "status": "received",
          "payload": {
            "data_id": "thermal_img_001",
            "offload_time_s": 0.28
          }
        }
      ],
      "net": {
        "slice": "URLLC",
        "lat_ms": 9,
        "jitter_ms": 1.3,
        "loss_pct": 0.02,
        "throughput_mbps": 47,
        "edge_load": 0.36
      }
    },
    {
      "turn": 8,
      "speaker": "user",
      "intent": "request_return",
      "actions": [
        {
          "type": "mcp",
          "name": "set_home_position",
          "args": {}
        }
      ],
      "obs": [
        {
          "tool": "set_home_position",
          "result": {
            "status": "confirmed",
            "home": {
              "x": 10.0,
              "y": 10.0,
              "z": 10.0
            }
          }
        }
      ],
      "net": {
        "slice": "mMTC",
        "lat_ms": 50,
        "jitter_ms": 20,
        "loss_pct": 1.5,
        "throughput_mbps": 1.2,
        "edge_load": 0.92
      }
    },
    {
      "turn": 9,
      "speaker": "agent",
      "intent": "initiate_return_and_land",
      "actions": [
        {
          "type": "mcp",
          "name": "return_to_home",
          "args": {}
        },
        {
          "type": "mcp",
          "name": "deactivate_payload",
          "args": {
            "payload": "thermal_camera_lwir"
          }
        }
      ],
      "obs": [
        {
          "tool": "return_to_home",
          "result": {
            "status": "en_route",
            "estimated_time_s": 45.6
          }
        },
        {
          "tool": "deactivate_payload",
          "result": {
            "status": "deactivated",
            "payload": "thermal_camera_lwir"
          }
        }
      ],
      "net": {
        "slice": "URLLC",
        "lat_ms": 10,
        "jitter_ms": 1.5,
        "loss_pct": 0.03,
        "throughput_mbps": 49,
        "edge_load": 0.41
      }
    },
    {
      "turn": 10,
      "speaker": "user",
      "intent": "acknowledge_completion",
      "actions": [],
      "obs": [],
      "net": {
        "slice": "URLLC",
        "lat_ms": 8,
        "jitter_ms": 1.0,
        "loss_pct": 0.01,
        "throughput_mbps": 50,
        "edge_load": 0.34
      }
    }
  ],
  "final_state": {
    "domain": "uav",
    "time_s": 320.0,
    "env": {
      "weather": "rain",
      "wind_mps": 6.5,
      "wind_dir_deg": 240.0
    },
    "airspace": {
      "alt_bounds": [
        10.0,
        150.0
      ],
      "geofence": [
        {
          "type": "polygon",
          "points": [
            [
              0,
              0
            ],
            [
              200,
              0
            ],
            [
              200,
              150
            ],
            [
              0,
              150
            ]
          ]
        }
      ]
    },
    "uav": {
      "pose": {
        "x": 10.0,
        "y": 10.0,
        "z": 10.0,
        "yaw": 90.0
      },
      "speed_mps": 0.0,
      "energy": {
        "battery_pct": 86.4
      },
      "sensors": {
        "rgb": "ok",
        "thermal": "ok",
        "lidar": "offline",
        "radar": "offline",
        "gnss": "ok",
        "imu": "ok",
        "magnetometer": "ok",
        "barometer": "ok"
      },
      "payloads": [
        {
          "type": "thermal_camera_lwir",
          "category": "imaging_thermal",
          "mass_kg": 0.4,
          "power_W": 15,
          "drag_cdA": 0.005,
          "mount": "gimbal",
          "data": {
            "stream": "video",
            "bitrate_mbps": 4,
            "storage_GB": 64
          },
          "operating": {
            "fov_deg": 58,
            "range_m": 300,
            "resolution": "640x512@30",
            "wavelength": "LWIR"
          },
          "constraints": {
            "min_alt_m": 20,
            "max_alt_m": 120,
            "day_night": "both",
            "weather_ok": [
              "clear",
              "light_rain"
            ]
          }
        },
        {
          "type": "rgb_camera",
          "category": "imaging_optical",
          "mass_kg": 0.3,
          "power_W": 10,
          "drag_cdA": 0.004,
          "mount": "gimbal",
          "data": {
            "stream": "video",
            "bitrate_mbps": 6,
            "storage_GB": 128
          },
          "operating": {
            "fov_deg": 68,
            "resolution": "1920x1080@30"
          },
          "constraints": {
            "min_alt_m": 15,
            "max_alt_m": 100,
            "day_night": "day"
          }
        }
      ]
    },
    "policy": {
      "alt_bounds": [
        10.0,
        150.0
      ]
    },
    "safety_flags": {
      "nfz_violation": false,
      "separation_breach": false
    }
  },
  "success": true,
  "_meta": {
    "seed": 42,
    "ts": 1763734053,
    "ts_iso": "2025-11-21T14:07:33Z",
    "gen_time_s": 74.89633202552795,
    "attempts_used": 1,
    "generation_failed": false,
    "usage": {
      "prompt_tokens": 1421,
      "completion_tokens": 4097,
      "total_tokens": 5518,
      "cost": 0.00352334,
      "is_byok": false,
      "prompt_tokens_details": {
        "cached_tokens": 608,
        "audio_tokens": 0,
        "video_tokens": 0
      },
      "cost_details": {
        "upstream_inference_cost": null,
        "upstream_inference_prompt_cost": 0.00024574,
        "upstream_inference_completions_cost": 0.0032776
      },
      "completion_tokens_details": {
        "reasoning_tokens": 0,
        "image_tokens": 0
      }
    }
  }
}