{
  "episode_id": "6gb_prompt_5fc3017507c5f8b0",
  "questions": [
    {
      "task_id": "T6",
      "task_name": "Slice Fairness vs Safety",
      "source_turn": 7,
      "question": "At turn 7 the swarm experiences contention while one UAV transmits thermal data on mMTC with latency 50 ms, jitter 15 ms, loss 1.2 percent, throughput 1.5 Mbps, and edge load 0.75. Earlier URLLC coordination at turns 3 to 5 showed latencies between 7 and 9 ms with edge load between 0.28 and 0.35, while eMBB at turn 6 had latency 16 ms and edge load 0.5. The airspace policy allows altitude between 10 and 120 m, and the UAV is currently at 20 m with speed 18 mps and battery 100 percent. Fog and wind at 6.5 mps increase the need for timely inter UAV coordination over the next two turns. Assume the worst case is that mMTC like conditions persist for one more turn or that URLLC becomes capacity limited under fairness pressure. One option is to keep URLLC exclusively for this UAV, another is to share URLLC fairly across the swarm, another is to revert to eMBB, and another is to keep mMTC while slowing coordination. A single turn view favors the lowest current latency, but the next two turns require minimizing maximum regret if contention or recovery does not occur. Edge load relief improves safety only if latency remains consistently low across turns. Fairness reduces starvation risk but may raise worst case latency under load. Which option should be selected?",
      "options": {
        "A": "Keep exclusive URLLC with observed latency 7 ms and edge load 0.3 to maximize immediate safety despite potential future contention.",
        "B": "Share URLLC fairly across swarm members, accepting possible edge load increases from 0.28 toward 0.35 to reduce future starvation risk.",
        "C": "Revert to eMBB with latency 16 ms and edge load 0.5 to balance throughput and coordination fairness.",
        "D": "Remain on mMTC with latency 50 ms and edge load 0.75 while reducing coordination frequency to ease contention."
      },
      "correct": "B",
      "reason": "Sharing URLLC limits worst case regret because it avoids exclusive capacity that could fail if contention persists another turn. The worst observed latency of 50 ms shows that mMTC is unsafe under fog and wind even with fairness. eMBB already shows higher latency and edge load than URLLC and would compound delay over two turns. A fair URLLC split keeps latency within the previously observed 7 to 9 ms range while preventing future starvation across the swarm.",
      "rationale_tag": "MINIMAX_REGRET",
      "difficulty": "very_hard"
    },
    {
      "task_id": "T13",
      "task_name": "Swarm-Level Slice Negotiation",
      "source_turn": 7,
      "question": "At turn 7 the swarm is coordinating after a reroute with one UAV transmitting thermal data while another maintains navigation control. The thermal UAV is on mMTC with latency 50 ms, jitter 15 ms, loss 1.2 percent, throughput 1.5 Mbps, and edge load 0.75. The navigation UAV recently experienced URLLC latency between 7 ms and 9 ms over turns 5 to 9 with jitter between 1 ms and 2 ms and edge load up to 0.35. Policy altitude bounds remain between 10.0 and 120.0 while speed is fixed at 18.0 mps and battery is still 100 percent for both agents. Over the next two turns the fog is expected to persist and obstacle avoidance traffic may recur as at turn 5. If edge load rises back toward 0.75 the swarm risks contention if both agents demand URLLC simultaneously. If only the current turn is considered then assigning URLLC to both agents appears safe given past low latency. If the degradation at turn 7 persists for two more turns then mMTC telemetry loss could force a hover similar to turn 8. The swarm must choose a slice allocation that minimizes worst case regret across the next three turns rather than optimizing the current turn. Which slice allocation should be selected?",
      "options": {
        "A": "Assign URLLC to both agents since latency was as low as 7 ms at turn 9 and edge load dropped to 0.3.",
        "B": "Keep navigation on URLLC and move thermal transmission to eMBB with observed latency 16 ms and throughput 750 Mbps from turn 6.",
        "C": "Keep thermal on mMTC at 1.5 Mbps and move navigation to eMBB since altitude bounds of 10.0 to 120.0 give maneuvering margin.",
        "D": "Move both agents to eMBB to balance edge load around 0.5 as seen at turn 6."
      },
      "correct": "B",
      "reason": "Option B preserves low latency control for navigation while relieving worst case edge load from dual URLLC demand. The eMBB latency of 16 ms is higher but thermal data already tolerates delay and benefits from much higher throughput than 1. 5 Mbps. Under worst case persistence of edge load near 0. 75 this avoids contention that would raise navigation latency beyond recent 9 ms values.",
      "rationale_tag": "MINIMAX_REGRET",
      "difficulty": "very_hard"
    },
    {
      "task_id": "T15",
      "task_name": "Decision Consistency under Replanning",
      "source_turn": 9,
      "question": "At turn 9 the agent has just resumed the route with reduced telemetry after an emergency hover at turn 8. Over the last three turns the network alternated from mMTC with latency 50 ms and loss 1.2 pct to URLLC with latency between 6 and 7 ms and loss between 0.04 and 0.06 pct while edge load dropped from 0.75 to 0.3. The UAV is still flying within the policy altitude bounds of 10.0 to 120.0 m and maintains speed 18.0 mps with battery at 100.0 pct. The operator asks whether to keep the current communication and replanning posture for the next two turns until landing clearance execution. One option is to lock URLLC again immediately to mirror the hover decision even if throughput stays near 105 Mbps. Another option is to revert to eMBB as used at turn 6 where latency was 16 ms, jitter 5 ms, loss 0.3 pct and edge load 0.5. A third option is to opportunistically switch back to mMTC because thermal capture earlier tolerated 1.5 Mbps throughput despite 50 ms latency. A fourth option is to keep URLLC but restore the higher telemetry frequency used before turn 7. The uncertainty is that edge load may rebound toward 0.35 as seen at turn 5 and latency may follow the worst observed URLLC value. The decision must avoid contradicting the rationale for the emergency hover while minimizing worst case regret if degradation persists for two more turns. Which option should be selected?",
      "options": {
        "A": "Lock URLLC at the current reduced telemetry rate, accepting 7 ms latency, about 0.06 pct loss and edge load near 0.3 even if throughput remains around 105 Mbps for the next two turns.",
        "B": "Switch back to eMBB to gain 750 to 800 Mbps throughput as at turn 6, tolerating 16 ms latency, 5 ms jitter and 0.3 pct loss with edge load around 0.5.",
        "C": "Switch to mMTC since it previously carried thermal data at 1.5 Mbps, accepting 50 ms latency, 15 ms jitter and 1.2 pct loss if conditions repeat.",
        "D": "Stay on URLLC but increase telemetry frequency to the pre turn 7 level, assuming latency stays near 6 ms and edge load stays below 0.25."
      },
      "correct": "A",
      "reason": "Option A preserves consistency with the emergency hover decision that prioritized low latency and low loss. Under worst case URLLC conditions the latency margin remains far below the 50 ms previously experienced and edge load stays lower than the 0. 35 seen earlier. Options B and C appear acceptable in a single turn but create higher regret if degradation persists for two turns due to higher loss or latency. Option D fails only when edge load rebounds because increasing telemetry contradicts the rationale for reducing it under uncertainty.",
      "rationale_tag": "MINIMAX_REGRET_CONSISTENCY",
      "difficulty": "very_hard"
    },
    {
      "task_id": "T19",
      "task_name": "AI Agent Interoperability & Federation",
      "source_turn": 9,
      "question": "At turn 9 the UAV resumes its route while coordinating with a swarm agent and a ground control agent using shared telemetry and sensor products. Recent history shows URLLC latency of 7 ms with jitter 1 ms and loss 0.06 percent, but one turn earlier mMTC reached 50 ms latency with 15 ms jitter and 1.2 percent loss. Throughput has ranged from 1.5 Mbps under mMTC to 110 Mbps under URLLC, while edge load ranged from 0.25 to 0.75. The swarm agent requires pose updates and obstacle flags, while the ground agent also requests thermal imagery that was just activated. The UAV is at 20 m altitude within the policy band of 10 to 120 m and battery is 100 percent so endurance is not the binding constraint. Over the next two turns there is uncertainty whether the network remains URLLC like turn 9 or degrades back to mMTC like turn 7. If degradation persists one more turn, retransmissions increase coordination delay and may violate safe separation in fog. The operator must choose a federation strategy that minimizes worst case regret across the next two turns rather than optimizing the current link. Options differ in slice selection and data sharing scope across agents with explicit numeric tradeoffs. Which option should be selected?",
      "options": {
        "A": "Keep URLLC for all agents and stream thermal imagery at current settings using 110 Mbps, accepting edge load around 0.3 now and assuming it stays below 0.35 next turn.",
        "B": "Switch all inter agent data to eMBB as used at turn 6 with 16 ms latency and 750 Mbps throughput to satisfy imagery demand despite higher jitter of 5 ms.",
        "C": "Federate by keeping URLLC for pose and obstacle data while rate limiting thermal imagery to mMTC levels of 1.5 Mbps for the ground agent only.",
        "D": "Pause cross agent sharing for one turn and rely on onboard autonomy, resuming full sharing next turn if latency stays under 7 ms."
      },
      "correct": "C",
      "reason": "Option C limits worst case latency exposure for safety critical data to the observed 7 to 9 ms URLLC range while bounding imagery load to levels already tolerated under mMTC. Under a degradation back to 50 ms latency and 1. 2 percent loss, pose sharing still meets coordination needs and avoids the regret of stalled separation. Options A and B appear adequate at the mean but fail if edge load rises toward 0. 75 and latency spikes again.",
      "rationale_tag": "MINIMAX_REGRET_FEDERATION",
      "difficulty": "very_hard"
    },
    {
      "task_id": "T22",
      "task_name": "Federated / Collaborative Learning Orchestration",
      "source_turn": 7,
      "question": "At turn 7 the UAV has just captured thermal data while the network slice is mMTC with latency 50 ms, jitter 15 ms, loss 1.2 percent, throughput 1.5 Mbps, and edge load 0.75. Earlier turns show URLLC conditions with latency between 4 and 9 ms, jitter between 0.8 and 2 ms, throughput between 90 and 130 Mbps, and edge load between 0.15 and 0.35. The battery is still at 100 percent, but the mission proceeds to landing over the next three turns. Federated learning requires exchanging updates that are sensitive to loss and jitter rather than raw throughput. Network conditions have oscillated between eMBB, mMTC, and URLLC across consecutive turns, so uncertainty must be considered. If degradation like turn 7 persists for one more turn, retransmissions will amplify effective latency. If recovery like turns 8 to 11 holds, updates can complete quickly but risk preempting control traffic. All scheduling options incur some regret either by delaying learning, increasing congestion, or risking failure. The goal is to minimize the maximum regret over the next one to three turns under worst case network conditions. Which option should be selected?",
      "options": {
        "A": "Start federated training immediately at turn 7 over mMTC using the available 1.5 Mbps since battery is full and accept 50 ms latency.",
        "B": "Defer federated training until the next URLLC turn and run it there despite throughput being only 95 to 130 Mbps and edge load varying from 0.15 to 0.35.",
        "C": "Schedule federated training on eMBB conditions like turn 6 with 750 to 800 Mbps throughput and edge load around 0.5, even if that requires waiting two turns.",
        "D": "Split training by starting now on mMTC and finishing on URLLC to average latency between 50 ms and under 10 ms."
      },
      "correct": "B",
      "reason": "Option B minimizes worst case regret because it avoids the 50 ms latency and 1. 2 percent loss seen on mMTC while not waiting long enough to risk missing the remaining mission window. Under worst case uncertainty, URLLC jitter stays under 2 ms and loss under 0. 1 percent, which is more stable for federated updates than eMBB at edge load 0. 5.",
      "rationale_tag": "MINIMAX_REGRET_UNDER_UNCERTAINTY",
      "difficulty": "very_hard"
    },
    {
      "task_id": "T24",
      "task_name": "Sensing-Enhanced Decisioning (ISAC)",
      "source_turn": 7,
      "question": "During foggy conditions with wind at 6.5 mps, the UAV is flying at altitude 20.0 within policy bounds of 10.0 to 120.0 while moving at 18.0 mps. At turn 7 the thermal stream is active but the network slice is mMTC with latency 50 ms, jitter 15 ms, loss 1.2 pct, throughput 1.5 Mbps, and edge load 0.75. Earlier turns on URLLC showed latency between 7 and 9 ms, jitter between 1 and 2 ms, loss between 0.03 and 0.1 pct, throughput between 90 and 110 Mbps, and edge load between 0.25 and 0.35. The RGB and lidar sensors are operational, while radar remains offline, and the battery is still at 100 pct. The operator must choose a sensing stream and fusion strategy now that will be used for the next three turns without change. Assume fog persists and that the worst observed network values can recur in any of the next turns. High-fidelity fusion improves perception but increases bandwidth demand relative to single-sensor streaming. Low-rate fusion reduces bandwidth but increases perception latency under fog. Each option risks either network overload or delayed obstacle detection within the next three turns. Considering worst-case network behavior and multi-turn regret, which option should be selected?",
      "options": {
        "A": "Maintain thermal plus RGB full-resolution fusion over mMTC using the observed 1.5 Mbps throughput despite 50 ms latency and 1.2 pct loss.",
        "B": "Switch to lidar-only streaming with lightweight edge fusion, relying on URLLC characteristics seen earlier such as 7 to 9 ms latency and edge load near 0.3.",
        "C": "Use RGB plus lidar low-rate fusion tuned for fog, accepting reduced fidelity to stay within conditions similar to 90 to 110 Mbps throughput and 0.25 to 0.35 edge load.",
        "D": "Pause all high-rate sensing and rely on GNSS and IMU only, minimizing bandwidth under any slice at the cost of perception delay."
      },
      "correct": "C",
      "reason": "Option C balances two sensors while keeping bandwidth within levels previously sustained without saturating edge load. Under worst-case recurrence of high loss and latency, this option avoids the sharp degradation that full thermal fusion would suffer and avoids the perception gap of inertial-only navigation. Compared with lidar-only reliance, it reduces future regret if URLLC degrades again by not assuming best-case latency. Over the next three turns it minimizes the maximum downside between network overload and delayed detection.",
      "rationale_tag": "MINIMAX_REGRET_UNDER_UNCERTAINTY",
      "difficulty": "very_hard"
    }
  ]
}