{
  "initial_state": {
    "domain": "uav",
    "time_s": 0.0,
    "env": {
      "weather": "dust",
      "wind_mps": 8.5,
      "wind_dir_deg": 270.0
    },
    "airspace": {
      "alt_bounds": [
        0.5,
        12.0
      ],
      "geofence": [
        {
          "type": "polygon",
          "points": [
            [
              0.0,
              0.0
            ],
            [
              0.0,
              20.0
            ],
            [
              30.0,
              20.0
            ],
            [
              30.0,
              0.0
            ]
          ]
        }
      ]
    },
    "uav": {
      "pose": {
        "x": 5.0,
        "y": 5.0,
        "z": 1.0,
        "yaw": 90.0
      },
      "speed_mps": 15.0,
      "energy": {
        "battery_pct": 100.0
      },
      "sensors": {
        "rgb": "ok",
        "thermal": "offline",
        "lidar": "offline",
        "radar": "offline",
        "gnss": "ok",
        "imu": "ok",
        "magnetometer": "ok",
        "barometer": "ok"
      },
      "payloads": []
    },
    "policy": {
      "alt_bounds": [
        0.5,
        12.0
      ]
    },
    "safety_flags": {
      "nfz_violation": false,
      "separation_breach": false
    }
  },
  "dialogue": [
    {
      "turn": 1,
      "speaker": "agent",
      "intent": "initiate_mission",
      "actions": [
        {
          "type": "mcp",
          "name": "read_telemetry",
          "args": {}
        },
        {
          "type": "mcp",
          "name": "activate_sensor",
          "args": {
            "sensor": "thermal"
          }
        }
      ],
      "obs": [
        {
          "tool": "read_telemetry",
          "result": {
            "pose": {
              "x": 5.0,
              "y": 5.0,
              "z": 1.0,
              "yaw": 90.0
            },
            "battery_pct": 100.0,
            "speed_mps": 15.0
          }
        },
        {
          "tool": "activate_sensor",
          "result": {
            "sensor": "thermal",
            "status": "failed",
            "reason": "sensor_fault"
          }
        }
      ],
      "net": {
        "slice": "eMBB",
        "lat_ms": 12,
        "jitter_ms": 2,
        "loss_pct": 0.1,
        "throughput_mbps": 850,
        "edge_load": 0.45
      }
    },
    {
      "turn": 2,
      "speaker": "user",
      "intent": "request_status",
      "actions": [
        {
          "type": "mcp",
          "name": "get_uav_status",
          "args": {}
        }
      ],
      "obs": [
        {
          "tool": "get_uav_status",
          "result": {
            "state": "hover",
            "battery_pct": 99.8,
            "sensors_active": [
              "rgb",
              "gnss",
              "imu"
            ],
            "payloads": []
          }
        }
      ],
      "net": {
        "slice": "eMBB",
        "lat_ms": 11,
        "jitter_ms": 1.8,
        "loss_pct": 0.05,
        "throughput_mbps": 900,
        "edge_load": 0.42
      }
    },
    {
      "turn": 3,
      "speaker": "agent",
      "intent": "plan_waypoint_route",
      "actions": [
        {
          "type": "mcp",
          "name": "compute_route",
          "args": {
            "start": {
              "x": 5.0,
              "y": 5.0,
              "z": 1.0
            },
            "waypoints": [
              {
                "x": 15.0,
                "y": 10.0,
                "z": 6.0
              },
              {
                "x": 25.0,
                "y": 15.0,
                "z": 8.0
              }
            ],
            "constraints": {
              "max_wind": 10.0,
              "avoid_nfz": true
            }
          }
        }
      ],
      "obs": [
        {
          "tool": "compute_route",
          "result": {
            "route_valid": true,
            "waypoints": [
              {
                "x": 15.0,
                "y": 10.0,
                "z": 6.0,
                "speed": 12.0
              },
              {
                "x": 25.0,
                "y": 15.0,
                "z": 8.0,
                "speed": 10.0
              }
            ],
            "estimated_duration_s": 85,
            "energy_cost_pct": 12.5
          }
        }
      ],
      "net": {
        "slice": "URLLC",
        "lat_ms": 8,
        "jitter_ms": 1,
        "loss_pct": 0.02,
        "throughput_mbps": 120,
        "edge_load": 0.3
      }
    },
    {
      "turn": 4,
      "speaker": "user",
      "intent": "approve_route",
      "actions": [
        {
          "type": "mcp",
          "name": "send_command",
          "args": {
            "cmd": "execute_route"
          }
        }
      ],
      "obs": [
        {
          "tool": "send_command",
          "result": {
            "cmd": "execute_route",
            "status": "acknowledged"
          }
        }
      ],
      "net": {
        "slice": "URLLC",
        "lat_ms": 7,
        "jitter_ms": 0.9,
        "loss_pct": 0.01,
        "throughput_mbps": 110,
        "edge_load": 0.28
      }
    },
    {
      "turn": 5,
      "speaker": "agent",
      "intent": "execute_maneuver",
      "actions": [
        {
          "type": "mcp",
          "name": "fly_to_waypoint",
          "args": {
            "waypoint": {
              "x": 15.0,
              "y": 10.0,
              "z": 6.0
            },
            "speed": 12.0
          }
        }
      ],
      "obs": [
        {
          "tool": "fly_to_waypoint",
          "result": {
            "status": "in_progress",
            "current_pose": {
              "x": 10.2,
              "y": 7.8,
              "z": 4.1,
              "yaw": 88.5
            },
            "battery_pct": 98.2,
            "time_s": 32.1
          }
        }
      ],
      "net": {
        "slice": "URLLC",
        "lat_ms": 9,
        "jitter_ms": 1.2,
        "loss_pct": 0.03,
        "throughput_mbps": 105,
        "edge_load": 0.32
      }
    },
    {
      "turn": 6,
      "speaker": "user",
      "intent": "monitor_progress",
      "actions": [
        {
          "type": "mcp",
          "name": "read_telemetry",
          "args": {}
        }
      ],
      "obs": [
        {
          "tool": "read_telemetry",
          "result": {
            "pose": {
              "x": 12.4,
              "y": 8.9,
              "z": 5.3,
              "yaw": 89.1
            },
            "battery_pct": 97.6,
            "speed_mps": 11.8
          }
        }
      ],
      "net": {
        "slice": "mMTC",
        "lat_ms": 250,
        "jitter_ms": 50,
        "loss_pct": 2.5,
        "throughput_mbps": 1.2,
        "edge_load": 0.78
      }
    },
    {
      "turn": 7,
      "speaker": "agent",
      "intent": "adapt_to_network",
      "actions": [
        {
          "type": "a2a",
          "task": "collision_avoidance",
          "to": "uav_swarm_agent",
          "payload": {
            "current_pose": {
              "x": 12.4,
              "y": 8.9,
              "z": 5.3
            },
            "waypoint": {
              "x": 15.0,
              "y": 10.0,
              "z": 6.0
            },
            "timestamp": 34.7
          }
        }
      ],
      "obs": [
        {
          "task": "collision_avoidance",
          "from": "uav_swarm_agent",
          "status": "ok",
          "payload": {
            "risk_level": "low",
            "recommended_alt": 5.8
          }
        }
      ],
      "net": {
        "slice": "URLLC",
        "lat_ms": 10,
        "jitter_ms": 1.5,
        "loss_pct": 0.04,
        "throughput_mbps": 98,
        "edge_load": 0.35
      }
    },
    {
      "turn": 8,
      "speaker": "user",
      "intent": "request_sensor_data",
      "actions": [
        {
          "type": "mcp",
          "name": "capture_image",
          "args": {
            "sensor": "rgb",
            "mode": "high_res"
          }
        }
      ],
      "obs": [
        {
          "tool": "capture_image",
          "result": {
            "status": "success",
            "image_id": "img_00127",
            "resolution": "4096x2160",
            "stored": true
          }
        }
      ],
      "net": {
        "slice": "eMBB",
        "lat_ms": 14,
        "jitter_ms": 3,
        "loss_pct": 0.2,
        "throughput_mbps": 780,
        "edge_load": 0.51
      }
    },
    {
      "turn": 9,
      "speaker": "agent",
      "intent": "proceed_to_final_waypoint",
      "actions": [
        {
          "type": "mcp",
          "name": "fly_to_waypoint",
          "args": {
            "waypoint": {
              "x": 25.0,
              "y": 15.0,
              "z": 8.0
            },
            "speed": 10.0
          }
        }
      ],
      "obs": [
        {
          "tool": "fly_to_waypoint",
          "result": {
            "status": "completed",
            "final_pose": {
              "x": 25.0,
              "y": 15.0,
              "z": 8.0,
              "yaw": 91.0
            },
            "battery_pct": 87.3,
            "time_s": 118.4
          }
        }
      ],
      "net": {
        "slice": "URLLC",
        "lat_ms": 8,
        "jitter_ms": 1.1,
        "loss_pct": 0.02,
        "throughput_mbps": 115,
        "edge_load": 0.29
      }
    },
    {
      "turn": 10,
      "speaker": "user",
      "intent": "return_to_base",
      "actions": [
        {
          "type": "mcp",
          "name": "set_return_route",
          "args": {
            "target": {
              "x": 5.0,
              "y": 5.0,
              "z": 1.0
            }
          }
        }
      ],
      "obs": [
        {
          "tool": "set_return_route",
          "result": {
            "route_calculated": true,
            "waypoints": [
              {
                "x": 15.0,
                "y": 10.0,
                "z": 6.0
              },
              {
                "x": 5.0,
                "y": 5.0,
                "z": 1.0
              }
            ],
            "estimated_duration_s": 70
          }
        }
      ],
      "net": {
        "slice": "mMTC",
        "lat_ms": 300,
        "jitter_ms": 60,
        "loss_pct": 3.0,
        "throughput_mbps": 0.8,
        "edge_load": 0.82
      }
    },
    {
      "turn": 11,
      "speaker": "agent",
      "intent": "complete_mission",
      "actions": [
        {
          "type": "mcp",
          "name": "land_uav",
          "args": {
            "precision": true
          }
        }
      ],
      "obs": [
        {
          "tool": "land_uav",
          "result": {
            "status": "success",
            "final_pose": {
              "x": 5.0,
              "y": 5.0,
              "z": 0.5,
              "yaw": 90.0
            },
            "battery_pct": 78.1
          }
        }
      ],
      "net": {
        "slice": "URLLC",
        "lat_ms": 7,
        "jitter_ms": 0.8,
        "loss_pct": 0.01,
        "throughput_mbps": 130,
        "edge_load": 0.25
      }
    }
  ],
  "final_state": {
    "domain": "uav",
    "time_s": 188.4,
    "env": {
      "weather": "dust",
      "wind_mps": 8.5,
      "wind_dir_deg": 270.0
    },
    "airspace": {
      "alt_bounds": [
        0.5,
        12.0
      ],
      "geofence": [
        {
          "type": "polygon",
          "points": [
            [
              0.0,
              0.0
            ],
            [
              0.0,
              20.0
            ],
            [
              30.0,
              20.0
            ],
            [
              30.0,
              0.0
            ]
          ]
        }
      ]
    },
    "uav": {
      "pose": {
        "x": 5.0,
        "y": 5.0,
        "z": 0.5,
        "yaw": 90.0
      },
      "speed_mps": 0.0,
      "energy": {
        "battery_pct": 78.1
      },
      "sensors": {
        "rgb": "ok",
        "thermal": "offline",
        "lidar": "offline",
        "radar": "offline",
        "gnss": "ok",
        "imu": "ok",
        "magnetometer": "ok",
        "barometer": "ok"
      },
      "payloads": []
    },
    "policy": {
      "alt_bounds": [
        0.5,
        12.0
      ]
    },
    "safety_flags": {
      "nfz_violation": false,
      "separation_breach": false
    }
  },
  "success": true,
  "_meta": {
    "seed": 42,
    "ts": 1763876848,
    "ts_iso": "2025-11-23T05:47:28Z",
    "gen_time_s": 43.13969898223877,
    "attempts_used": 1,
    "generation_failed": false,
    "usage": {
      "prompt_tokens": 1046,
      "completion_tokens": 3794,
      "total_tokens": 4840,
      "cost": 0.00319668,
      "is_byok": false,
      "prompt_tokens_details": {
        "cached_tokens": 624,
        "audio_tokens": 0,
        "video_tokens": 0
      },
      "cost_details": {
        "upstream_inference_cost": null,
        "upstream_inference_prompt_cost": 0.00016148,
        "upstream_inference_completions_cost": 0.0030352
      },
      "completion_tokens_details": {
        "reasoning_tokens": 0,
        "image_tokens": 0
      }
    }
  }
}