{
  "initial_state": {
    "domain": "uav",
    "time_s": 0.0,
    "env": {
      "weather": "icing",
      "wind_mps": 6.5,
      "wind_dir_deg": 240.0
    },
    "airspace": {
      "alt_bounds": [
        20.0,
        120.0
      ],
      "geofence": [
        {
          "type": "polygon",
          "points": [
            [
              0.0,
              0.0
            ],
            [
              300.0,
              0.0
            ],
            [
              300.0,
              200.0
            ],
            [
              0.0,
              200.0
            ]
          ]
        }
      ]
    },
    "uav": {
      "pose": {
        "x": 20.0,
        "y": 20.0,
        "z": 25.0,
        "yaw": 80.0
      },
      "speed_mps": 28.0,
      "energy": {
        "battery_pct": 100.0
      },
      "sensors": {
        "rgb": "ok",
        "thermal": "offline",
        "lidar": "ok",
        "radar": "offline",
        "gnss": "ok",
        "imu": "ok",
        "magnetometer": "ok",
        "barometer": "ok"
      },
      "payloads": []
    },
    "policy": {
      "alt_bounds": [
        20.0,
        120.0
      ]
    },
    "safety_flags": {
      "nfz_violation": false,
      "separation_breach": false
    }
  },
  "dialogue": [
    {
      "turn": 1,
      "speaker": "agent",
      "intent": "initiate inspection mission under icing conditions",
      "actions": [
        {
          "type": "mcp",
          "name": "read_telemetry",
          "args": {}
        },
        {
          "type": "a2a",
          "task": "request_weather_update",
          "to": "met_agent",
          "payload": {
            "location": [
              20.0,
              20.0
            ],
            "time_window": 300
          }
        }
      ],
      "obs": [
        {
          "tool": "read_telemetry",
          "result": {
            "pose": {
              "x": 20.0,
              "y": 20.0,
              "z": 25.0,
              "yaw": 80.0
            },
            "speed_mps": 28.0,
            "battery_pct": 100.0
          }
        },
        {
          "task": "request_weather_update",
          "from": "met_agent",
          "status": "ok",
          "payload": {
            "weather": "icing",
            "risk_level": "high",
            "advice": "limit exposure, monitor de-icing systems"
          }
        }
      ],
      "net": {
        "slice": "URLLC",
        "lat_ms": 5,
        "jitter_ms": 1,
        "loss_pct": 0.01,
        "throughput_mbps": 50,
        "edge_load": 0.3
      }
    },
    {
      "turn": 2,
      "speaker": "user",
      "intent": "approve mission with caution",
      "actions": [
        {
          "type": "mcp",
          "name": "update_policy",
          "args": {
            "alt_bounds": [
              30.0,
              110.0
            ]
          }
        }
      ],
      "obs": [
        {
          "tool": "update_policy",
          "result": {
            "alt_bounds": [
              30.0,
              110.0
            ],
            "status": "applied"
          }
        }
      ],
      "net": {
        "slice": "eMBB",
        "lat_ms": 12,
        "jitter_ms": 3,
        "loss_pct": 0.1,
        "throughput_mbps": 120,
        "edge_load": 0.6
      }
    },
    {
      "turn": 3,
      "speaker": "agent",
      "intent": "adjust flight path for safety and sensor activation",
      "actions": [
        {
          "type": "mcp",
          "name": "set_pose_target",
          "args": {
            "x": 150.0,
            "y": 100.0,
            "z": 60.0,
            "yaw": 90.0
          }
        },
        {
          "type": "mcp",
          "name": "activate_sensor",
          "args": {
            "sensor": "lidar"
          }
        }
      ],
      "obs": [
        {
          "tool": "set_pose_target",
          "result": {
            "target": {
              "x": 150.0,
              "y": 100.0,
              "z": 60.0
            },
            "status": "accepted"
          }
        },
        {
          "tool": "activate_sensor",
          "result": {
            "sensor": "lidar",
            "status": "active"
          }
        }
      ],
      "net": {
        "slice": "URLLC",
        "lat_ms": 6,
        "jitter_ms": 1.5,
        "loss_pct": 0.02,
        "throughput_mbps": 45,
        "edge_load": 0.4
      }
    },
    {
      "turn": 4,
      "speaker": "user",
      "intent": "request status and thermal sensor check",
      "actions": [
        {
          "type": "mcp",
          "name": "diagnose_sensor",
          "args": {
            "sensor": "thermal"
          }
        }
      ],
      "obs": [
        {
          "tool": "diagnose_sensor",
          "result": {
            "sensor": "thermal",
            "status": "faulty",
            "error": "icing on lens, cannot activate"
          }
        }
      ],
      "net": {
        "slice": "mMTC",
        "lat_ms": 200,
        "jitter_ms": 50,
        "loss_pct": 1.5,
        "throughput_mbps": 1,
        "edge_load": 0.8
      }
    },
    {
      "turn": 5,
      "speaker": "agent",
      "intent": "adapt to degraded network and sensor failure",
      "actions": [
        {
          "type": "a2a",
          "task": "request_lidar_compensation",
          "to": "vision_agent",
          "payload": {
            "compensation_needed": true,
            "failed_sensor": "thermal"
          }
        }
      ],
      "obs": [
        {
          "task": "request_lidar_compensation",
          "from": "vision_agent",
          "status": "acknowledged",
          "payload": {
            "strategy": "increase lidar scan density",
            "impact": "battery drain +10%"
          }
        }
      ],
      "net": {
        "slice": "URLLC",
        "lat_ms": 8,
        "jitter_ms": 2,
        "loss_pct": 0.05,
        "throughput_mbps": 55,
        "edge_load": 0.35
      }
    },
    {
      "turn": 6,
      "speaker": "user",
      "intent": "authorize increased lidar usage",
      "actions": [
        {
          "type": "mcp",
          "name": "adjust_power_distribution",
          "args": {
            "from": "payload",
            "to": "sensor",
            "amount_pct": 10
          }
        }
      ],
      "obs": [
        {
          "tool": "adjust_power_distribution",
          "result": {
            "status": "success",
            "distribution": {
              "sensor": 65,
              "propulsion": 25,
              "payload": 10
            }
          }
        }
      ],
      "net": {
        "slice": "URLLC",
        "lat_ms": 7,
        "jitter_ms": 1.8,
        "loss_pct": 0.03,
        "throughput_mbps": 52,
        "edge_load": 0.4
      }
    },
    {
      "turn": 7,
      "speaker": "agent",
      "intent": "proceed with inspection and monitor battery",
      "actions": [
        {
          "type": "mcp",
          "name": "capture_lidar_scan",
          "args": {
            "area": "facade_north",
            "resolution": "high"
          }
        },
        {
          "type": "mcp",
          "name": "read_telemetry",
          "args": {}
        }
      ],
      "obs": [
        {
          "tool": "capture_lidar_scan",
          "result": {
            "area": "facade_north",
            "status": "completed",
            "data_mb": 120
          }
        },
        {
          "tool": "read_telemetry",
          "result": {
            "pose": {
              "x": 148.2,
              "y": 99.6,
              "z": 59.8,
              "yaw": 89.5
            },
            "speed_mps": 22.0,
            "battery_pct": 88.5
          }
        }
      ],
      "net": {
        "slice": "eMBB",
        "lat_ms": 15,
        "jitter_ms": 4,
        "loss_pct": 0.2,
        "throughput_mbps": 100,
        "edge_load": 0.7
      }
    },
    {
      "turn": 8,
      "speaker": "user",
      "intent": "check progress and prepare return",
      "actions": [
        {
          "type": "mcp",
          "name": "plan_return_path",
          "args": {
            "origin": [
              150.0,
              100.0
            ],
            "destination": [
              20.0,
              20.0
            ],
            "altitude": 40.0
          }
        }
      ],
      "obs": [
        {
          "tool": "plan_return_path",
          "result": {
            "path_valid": true,
            "waypoints": [
              [
                130.0,
                80.0
              ],
              [
                80.0,
                50.0
              ],
              [
                40.0,
                30.0
              ],
              [
                20.0,
                20.0
              ]
            ],
            "estimated_time_s": 180,
            "battery_required_pct": 15
          }
        }
      ],
      "net": {
        "slice": "URLLC",
        "lat_ms": 6,
        "jitter_ms": 1.2,
        "loss_pct": 0.01,
        "throughput_mbps": 48,
        "edge_load": 0.3
      }
    },
    {
      "turn": 9,
      "speaker": "agent",
      "intent": "initiate return and conserve energy",
      "actions": [
        {
          "type": "mcp",
          "name": "set_pose_target",
          "args": {
            "x": 130.0,
            "y": 80.0,
            "z": 40.0,
            "yaw": 225.0
          }
        },
        {
          "type": "mcp",
          "name": "deactivate_sensor",
          "args": {
            "sensor": "lidar"
          }
        }
      ],
      "obs": [
        {
          "tool": "set_pose_target",
          "result": {
            "target": {
              "x": 130.0,
              "y": 80.0,
              "z": 40.0
            },
            "status": "accepted"
          }
        },
        {
          "tool": "deactivate_sensor",
          "result": {
            "sensor": "lidar",
            "status": "deactivated"
          }
        }
      ],
      "net": {
        "slice": "URLLC",
        "lat_ms": 5,
        "jitter_ms": 1,
        "loss_pct": 0.01,
        "throughput_mbps": 50,
        "edge_load": 0.25
      }
    },
    {
      "turn": 10,
      "speaker": "user",
      "intent": "confirm safe return",
      "actions": [],
      "obs": [],
      "net": {
        "slice": "URLLC",
        "lat_ms": 4,
        "jitter_ms": 0.8,
        "loss_pct": 0.0,
        "throughput_mbps": 55,
        "edge_load": 0.2
      }
    },
    {
      "turn": 11,
      "speaker": "agent",
      "intent": "report mission completion",
      "actions": [
        {
          "type": "mcp",
          "name": "read_telemetry",
          "args": {}
        }
      ],
      "obs": [
        {
          "tool": "read_telemetry",
          "result": {
            "pose": {
              "x": 25.0,
              "y": 22.0,
              "z": 38.0,
              "yaw": 210.0
            },
            "speed_mps": 18.0,
            "battery_pct": 75.0
          }
        }
      ],
      "net": {
        "slice": "URLLC",
        "lat_ms": 5,
        "jitter_ms": 1,
        "loss_pct": 0.01,
        "throughput_mbps": 50,
        "edge_load": 0.3
      }
    }
  ],
  "final_state": {
    "domain": "uav",
    "time_s": 660.0,
    "env": {
      "weather": "icing",
      "wind_mps": 6.5,
      "wind_dir_deg": 240.0
    },
    "airspace": {
      "alt_bounds": [
        20.0,
        120.0
      ],
      "geofence": [
        {
          "type": "polygon",
          "points": [
            [
              0.0,
              0.0
            ],
            [
              300.0,
              0.0
            ],
            [
              300.0,
              200.0
            ],
            [
              0.0,
              200.0
            ]
          ]
        }
      ]
    },
    "uav": {
      "pose": {
        "x": 25.0,
        "y": 22.0,
        "z": 38.0,
        "yaw": 210.0
      },
      "speed_mps": 18.0,
      "energy": {
        "battery_pct": 75.0
      },
      "sensors": {
        "rgb": "ok",
        "thermal": "offline",
        "lidar": "ok",
        "radar": "offline",
        "gnss": "ok",
        "imu": "ok",
        "magnetometer": "ok",
        "barometer": "ok"
      },
      "payloads": []
    },
    "policy": {
      "alt_bounds": [
        30.0,
        110.0
      ]
    },
    "safety_flags": {
      "nfz_violation": false,
      "separation_breach": false
    }
  },
  "success": true,
  "_meta": {
    "seed": 42,
    "ts": 1763968835,
    "ts_iso": "2025-11-24T07:20:35Z",
    "gen_time_s": 51.9958279132843,
    "attempts_used": 1,
    "generation_failed": false,
    "usage": {
      "prompt_tokens": 1070,
      "completion_tokens": 3673,
      "total_tokens": 4743,
      "cost": 0.00310164,
      "is_byok": false,
      "prompt_tokens_details": {
        "cached_tokens": 656,
        "audio_tokens": 0,
        "video_tokens": 0
      },
      "cost_details": {
        "upstream_inference_cost": null,
        "upstream_inference_prompt_cost": 0.00016324,
        "upstream_inference_completions_cost": 0.0029384
      },
      "completion_tokens_details": {
        "reasoning_tokens": 0,
        "image_tokens": 0
      }
    }
  }
}