{
  "initial_state": {
    "domain": "uav",
    "time_s": 0.0,
    "env": {
      "weather": "good",
      "wind_mps": 18.0,
      "wind_dir_deg": 270.0
    },
    "airspace": {
      "alt_bounds": [
        100.0,
        1200.0
      ],
      "geofence": [
        {
          "type": "polygon",
          "points": [
            [
              1000,
              1000
            ],
            [
              5000,
              1000
            ],
            [
              5000,
              4000
            ],
            [
              1000,
              4000
            ]
          ]
        }
      ]
    },
    "uav": {
      "pose": {
        "x": 1100.0,
        "y": 1100.0,
        "z": 150.0,
        "yaw": 90.0
      },
      "speed_mps": 28.0,
      "energy": {
        "battery_pct": 100.0
      },
      "sensors": {
        "rgb": "ok",
        "thermal": "offline",
        "lidar": "offline",
        "radar": "offline",
        "gnss": "ok",
        "imu": "ok",
        "magnetometer": "ok",
        "barometer": "ok"
      },
      "payloads": []
    },
    "policy": {
      "alt_bounds": [
        100.0,
        1200.0
      ]
    },
    "safety_flags": {
      "nfz_violation": false,
      "separation_breach": false
    }
  },
  "dialogue": [
    {
      "turn": 1,
      "speaker": "agent",
      "intent": "initiate_mission",
      "actions": [
        {
          "type": "mcp",
          "name": "read_telemetry",
          "args": {}
        },
        {
          "type": "a2a",
          "task": "swarm_status_check",
          "to": "uav_swarm_agent",
          "payload": {
            "uav_id": "uav_01",
            "status": "standby"
          }
        }
      ],
      "obs": [
        {
          "tool": "read_telemetry",
          "result": {
            "pose": {
              "x": 1100.0,
              "y": 1100.0,
              "z": 150.0
            },
            "battery_pct": 100.0,
            "speed_mps": 28.0
          }
        },
        {
          "task": "swarm_status_check",
          "from": "uav_swarm_agent",
          "status": "ok",
          "payload": {
            "swarm_online": 4,
            "leader": "uav_01"
          }
        }
      ],
      "net": {
        "slice": "URLLC",
        "lat_ms": 5,
        "jitter_ms": 1,
        "loss_pct": 0.01,
        "throughput_mbps": 50,
        "edge_load": 0.3
      }
    },
    {
      "turn": 2,
      "speaker": "user",
      "intent": "confirm_launch",
      "actions": [
        {
          "type": "mcp",
          "name": "set_waypoint",
          "args": {
            "x": 3000,
            "y": 2500,
            "z": 500
          }
        }
      ],
      "obs": [
        {
          "tool": "set_waypoint",
          "result": {
            "status": "accepted",
            "eta_s": 120
          }
        }
      ],
      "net": {
        "slice": "eMBB",
        "lat_ms": 12,
        "jitter_ms": 3,
        "loss_pct": 0.1,
        "throughput_mbps": 120,
        "edge_load": 0.5
      }
    },
    {
      "turn": 3,
      "speaker": "agent",
      "intent": "ascend_and_stabilize",
      "actions": [
        {
          "type": "mcp",
          "name": "adjust_altitude",
          "args": {
            "target_z": 500
          }
        },
        {
          "type": "mcp",
          "name": "activate_sensor",
          "args": {
            "sensor": "lidar"
          }
        }
      ],
      "obs": [
        {
          "tool": "adjust_altitude",
          "result": {
            "status": "in_progress",
            "current_z": 320.5
          }
        },
        {
          "tool": "activate_sensor",
          "result": {
            "sensor": "lidar",
            "status": "online"
          }
        }
      ],
      "net": {
        "slice": "URLLC",
        "lat_ms": 6,
        "jitter_ms": 1.2,
        "loss_pct": 0.02,
        "throughput_mbps": 45,
        "edge_load": 0.4
      }
    },
    {
      "turn": 4,
      "speaker": "user",
      "intent": "request_sensor_update",
      "actions": [
        {
          "type": "mcp",
          "name": "capture_image",
          "args": {
            "mode": "rgb"
          }
        }
      ],
      "obs": [
        {
          "tool": "capture_image",
          "result": {
            "status": "success",
            "image_id": "img_001",
            "size_kb": 1024
          }
        }
      ],
      "net": {
        "slice": "eMBB",
        "lat_ms": 15,
        "jitter_ms": 5,
        "loss_pct": 0.5,
        "throughput_mbps": 100,
        "edge_load": 0.7
      }
    },
    {
      "turn": 5,
      "speaker": "agent",
      "intent": "detect_network_degradation",
      "actions": [
        {
          "type": "mcp",
          "name": "read_network_status",
          "args": {}
        }
      ],
      "obs": [
        {
          "tool": "read_network_status",
          "result": {
            "current_slice": "eMBB",
            "congestion": true,
            "recommended_slice": "URLLC"
          }
        }
      ],
      "net": {
        "slice": "eMBB",
        "lat_ms": 45,
        "jitter_ms": 20,
        "loss_pct": 2.1,
        "throughput_mbps": 60,
        "edge_load": 0.9
      }
    },
    {
      "turn": 6,
      "speaker": "user",
      "intent": "adapt_to_network_loss",
      "actions": [
        {
          "type": "mcp",
          "name": "switch_network_slice",
          "args": {
            "target": "URLLC"
          }
        },
        {
          "type": "a2a",
          "task": "collision_avoidance",
          "to": "uav_swarm_agent",
          "payload": {
            "current_pose": {
              "x": 2100,
              "y": 1800,
              "z": 490
            },
            "velocity": 26
          }
        }
      ],
      "obs": [
        {
          "tool": "switch_network_slice",
          "result": {
            "status": "success",
            "new_slice": "URLLC"
          }
        },
        {
          "task": "collision_avoidance",
          "from": "uav_swarm_agent",
          "status": "ok",
          "payload": {
            "recommended_heading": 85,
            "clearance_m": 45.2
          }
        }
      ],
      "net": {
        "slice": "URLLC",
        "lat_ms": 7,
        "jitter_ms": 1.5,
        "loss_pct": 0.03,
        "throughput_mbps": 55,
        "edge_load": 0.4
      }
    },
    {
      "turn": 7,
      "speaker": "agent",
      "intent": "instruct_survey_area",
      "actions": [
        {
          "type": "mcp",
          "name": "set_survey_pattern",
          "args": {
            "type": "lawnmower",
            "bounds": [
              2800,
              2300,
              3200,
              2700
            ],
            "altitude": 500
          }
        }
      ],
      "obs": [
        {
          "tool": "set_survey_pattern",
          "result": {
            "status": "scheduled",
            "coverage_area_m2": 160000,
            "estimated_duration_s": 180
          }
        }
      ],
      "net": {
        "slice": "URLLC",
        "lat_ms": 6,
        "jitter_ms": 1.1,
        "loss_pct": 0.01,
        "throughput_mbps": 52,
        "edge_load": 0.35
      }
    },
    {
      "turn": 8,
      "speaker": "user",
      "intent": "execute_survey",
      "actions": [
        {
          "type": "mcp",
          "name": "start_survey",
          "args": {}
        },
        {
          "type": "mcp",
          "name": "monitor_battery",
          "args": {}
        }
      ],
      "obs": [
        {
          "tool": "start_survey",
          "result": {
            "status": "running",
            "progress_pct": 0
          }
        },
        {
          "tool": "monitor_battery",
          "result": {
            "battery_pct": 88.5,
            "consumption_rate_pct_per_min": 1.1
          }
        }
      ],
      "net": {
        "slice": "URLLC",
        "lat_ms": 5,
        "jitter_ms": 0.9,
        "loss_pct": 0.01,
        "throughput_mbps": 58,
        "edge_load": 0.3
      }
    },
    {
      "turn": 9,
      "speaker": "agent",
      "intent": "check_position_compliance",
      "actions": [
        {
          "type": "mcp",
          "name": "check_geofence",
          "args": {}
        }
      ],
      "obs": [
        {
          "tool": "check_geofence",
          "result": {
            "inside": true,
            "distance_to_boundary_m": 850
          }
        }
      ],
      "net": {
        "slice": "mMTC",
        "lat_ms": 100,
        "jitter_ms": 10,
        "loss_pct": 0.8,
        "throughput_mbps": 1,
        "edge_load": 0.2
      }
    },
    {
      "turn": 10,
      "speaker": "user",
      "intent": "complete_mission_safely",
      "actions": [
        {
          "type": "mcp",
          "name": "return_to_home",
          "args": {}
        },
        {
          "type": "a2a",
          "task": "swarm_disband",
          "to": "uav_swarm_agent",
          "payload": {
            "uav_id": "uav_01",
            "status": "returning"
          }
        }
      ],
      "obs": [
        {
          "tool": "return_to_home",
          "result": {
            "status": "initiated",
            "home_pose": {
              "x": 1100,
              "y": 1100,
              "z": 150
            }
          }
        },
        {
          "task": "swarm_disband",
          "from": "uav_swarm_agent",
          "status": "acknowledged",
          "payload": {
            "swarm_state": "disbanded"
          }
        }
      ],
      "net": {
        "slice": "URLLC",
        "lat_ms": 6,
        "jitter_ms": 1.3,
        "loss_pct": 0.02,
        "throughput_mbps": 50,
        "edge_load": 0.38
      }
    }
  ],
  "final_state": {
    "domain": "uav",
    "time_s": 310.0,
    "env": {
      "weather": "good",
      "wind_mps": 18.0,
      "wind_dir_deg": 270.0
    },
    "airspace": {
      "alt_bounds": [
        100.0,
        1200.0
      ],
      "geofence": [
        {
          "type": "polygon",
          "points": [
            [
              1000,
              1000
            ],
            [
              5000,
              1000
            ],
            [
              5000,
              4000
            ],
            [
              1000,
              4000
            ]
          ]
        }
      ]
    },
    "uav": {
      "pose": {
        "x": 1500.0,
        "y": 1300.0,
        "z": 300.0,
        "yaw": 270.0
      },
      "speed_mps": 22.0,
      "energy": {
        "battery_pct": 76.0
      },
      "sensors": {
        "rgb": "ok",
        "thermal": "offline",
        "lidar": "online",
        "radar": "offline",
        "gnss": "ok",
        "imu": "ok",
        "magnetometer": "ok",
        "barometer": "ok"
      },
      "payloads": []
    },
    "policy": {
      "alt_bounds": [
        100.0,
        1200.0
      ]
    },
    "safety_flags": {
      "nfz_violation": false,
      "separation_breach": false
    }
  },
  "success": true,
  "_meta": {
    "seed": 42,
    "ts": 1763743356,
    "ts_iso": "2025-11-21T16:42:36Z",
    "gen_time_s": 53.202308654785156,
    "attempts_used": 1,
    "generation_failed": false,
    "usage": {
      "prompt_tokens": 1074,
      "completion_tokens": 3417,
      "total_tokens": 4491,
      "cost": 0.002903,
      "is_byok": false,
      "prompt_tokens_details": {
        "cached_tokens": 608,
        "audio_tokens": 0,
        "video_tokens": 0
      },
      "cost_details": {
        "upstream_inference_cost": null,
        "upstream_inference_prompt_cost": 0.0001694,
        "upstream_inference_completions_cost": 0.0027336
      },
      "completion_tokens_details": {
        "reasoning_tokens": 0,
        "image_tokens": 0
      }
    }
  }
}