{
  "initial_state": {
    "domain": "uav",
    "time_s": 0.0,
    "env": {
      "weather": "icing",
      "wind_mps": 8.0,
      "wind_dir_deg": 240.0
    },
    "airspace": {
      "alt_bounds": [
        50.0,
        300.0
      ],
      "geofence": [
        {
          "type": "polygon",
          "points": [
            [
              0,
              0
            ],
            [
              1000,
              0
            ],
            [
              1000,
              800
            ],
            [
              0,
              800
            ]
          ]
        }
      ]
    },
    "uav": {
      "pose": {
        "x": 100.0,
        "y": 100.0,
        "z": 100.0,
        "yaw": 90.0
      },
      "speed_mps": 35.0,
      "energy": {
        "battery_pct": 100.0
      },
      "sensors": {
        "rgb": "ok",
        "thermal": "ok",
        "lidar": "offline",
        "radar": "ok",
        "gnss": "ok",
        "imu": "ok",
        "magnetometer": "ok",
        "barometer": "ok"
      },
      "payloads": []
    },
    "policy": {
      "alt_bounds": [
        50.0,
        300.0
      ]
    },
    "safety_flags": {
      "nfz_violation": false,
      "separation_breach": false
    }
  },
  "dialogue": [
    {
      "turn": 1,
      "speaker": "agent",
      "intent": "initiate mission and check telemetry",
      "actions": [
        {
          "type": "mcp",
          "name": "read_telemetry",
          "args": {}
        }
      ],
      "obs": [
        {
          "tool": "read_telemetry",
          "result": {
            "pose": {
              "x": 100.0,
              "y": 100.0,
              "z": 100.0
            },
            "battery_pct": 100.0,
            "speed_mps": 35.0
          }
        }
      ],
      "net": {
        "slice": "URLLC",
        "lat_ms": 5,
        "jitter_ms": 1,
        "loss_pct": 0.01,
        "throughput_mbps": 50,
        "edge_load": 0.3
      }
    },
    {
      "turn": 2,
      "speaker": "user",
      "intent": "confirm mission start and request loiter pattern",
      "actions": [],
      "obs": [],
      "net": {
        "slice": "URLLC",
        "lat_ms": 6,
        "jitter_ms": 1.2,
        "loss_pct": 0.02,
        "throughput_mbps": 48,
        "edge_load": 0.32
      }
    },
    {
      "turn": 3,
      "speaker": "agent",
      "intent": "initiate loiter pattern at safe altitude",
      "actions": [
        {
          "type": "mcp",
          "name": "set_loiter",
          "args": {
            "center": {
              "x": 500,
              "y": 400
            },
            "radius_m": 150,
            "altitude_m": 200
          }
        }
      ],
      "obs": [
        {
          "tool": "set_loiter",
          "result": {
            "status": "acknowledged",
            "target": {
              "x": 500,
              "y": 400,
              "z": 200
            }
          }
        }
      ],
      "net": {
        "slice": "eMBB",
        "lat_ms": 12,
        "jitter_ms": 3,
        "loss_pct": 0.05,
        "throughput_mbps": 120,
        "edge_load": 0.4
      }
    },
    {
      "turn": 4,
      "speaker": "user",
      "intent": "request thermal imaging of volcanic zone",
      "actions": [
        {
          "type": "mcp",
          "name": "activate_sensor",
          "args": {
            "sensor": "thermal"
          }
        }
      ],
      "obs": [
        {
          "tool": "activate_sensor",
          "result": {
            "sensor": "thermal",
            "status": "activated"
          }
        }
      ],
      "net": {
        "slice": "eMBB",
        "lat_ms": 15,
        "jitter_ms": 4,
        "loss_pct": 0.1,
        "throughput_mbps": 110,
        "edge_load": 0.45
      }
    },
    {
      "turn": 5,
      "speaker": "agent",
      "intent": "coordinate with swarm for collision check",
      "actions": [
        {
          "type": "a2a",
          "task": "collision_avoidance",
          "to": "uav_swarm_agent",
          "payload": {
            "current_pose": {
              "x": 150,
              "y": 180,
              "z": 195
            },
            "velocity": 32
          }
        }
      ],
      "obs": [
        {
          "task": "collision_avoidance",
          "from": "uav_swarm_agent",
          "status": "ok",
          "payload": {
            "conflict": false,
            "advisory": "proceed"
          }
        }
      ],
      "net": {
        "slice": "URLLC",
        "lat_ms": 8,
        "jitter_ms": 1.5,
        "loss_pct": 0.03,
        "throughput_mbps": 55,
        "edge_load": 0.38
      }
    },
    {
      "turn": 6,
      "speaker": "user",
      "intent": "report network fluctuation and request status",
      "actions": [
        {
          "type": "mcp",
          "name": "read_network_status",
          "args": {}
        }
      ],
      "obs": [
        {
          "tool": "read_network_status",
          "result": {
            "current_slice": "mMTC",
            "latency": 45,
            "jitter": 12,
            "loss": 1.2
          }
        }
      ],
      "net": {
        "slice": "mMTC",
        "lat_ms": 45,
        "jitter_ms": 12,
        "loss_pct": 1.2,
        "throughput_mbps": 1,
        "edge_load": 0.75
      }
    },
    {
      "turn": 7,
      "speaker": "agent",
      "intent": "adapt to degraded network by reducing sensor usage",
      "actions": [
        {
          "type": "mcp",
          "name": "deactivate_sensor",
          "args": {
            "sensor": "rgb"
          }
        }
      ],
      "obs": [
        {
          "tool": "deactivate_sensor",
          "result": {
            "sensor": "rgb",
            "status": "deactivated"
          }
        }
      ],
      "net": {
        "slice": "mMTC",
        "lat_ms": 50,
        "jitter_ms": 15,
        "loss_pct": 1.5,
        "throughput_mbps": 0.8,
        "edge_load": 0.8
      }
    },
    {
      "turn": 8,
      "speaker": "user",
      "intent": "authorize return to base due to weather",
      "actions": [],
      "obs": [],
      "net": {
        "slice": "URLLC",
        "lat_ms": 7,
        "jitter_ms": 1.1,
        "loss_pct": 0.02,
        "throughput_mbps": 52,
        "edge_load": 0.35
      }
    },
    {
      "turn": 9,
      "speaker": "agent",
      "intent": "initiate return and conserve power",
      "actions": [
        {
          "type": "mcp",
          "name": "set_waypoint",
          "args": {
            "target": {
              "x": 100,
              "y": 100,
              "z": 80
            }
          }
        }
      ],
      "obs": [
        {
          "tool": "set_waypoint",
          "result": {
            "status": "accepted",
            "eta_s": 120
          }
        }
      ],
      "net": {
        "slice": "URLLC",
        "lat_ms": 6,
        "jitter_ms": 1.0,
        "loss_pct": 0.01,
        "throughput_mbps": 54,
        "edge_load": 0.33
      }
    },
    {
      "turn": 10,
      "speaker": "user",
      "intent": "confirm safe return and mission success",
      "actions": [],
      "obs": [],
      "net": {
        "slice": "URLLC",
        "lat_ms": 5.5,
        "jitter_ms": 0.9,
        "loss_pct": 0.01,
        "throughput_mbps": 56,
        "edge_load": 0.31
      }
    }
  ],
  "final_state": {
    "domain": "uav",
    "time_s": 120.0,
    "env": {
      "weather": "icing",
      "wind_mps": 8.0,
      "wind_dir_deg": 240.0
    },
    "airspace": {
      "alt_bounds": [
        50.0,
        300.0
      ],
      "geofence": [
        {
          "type": "polygon",
          "points": [
            [
              0,
              0
            ],
            [
              1000,
              0
            ],
            [
              1000,
              800
            ],
            [
              0,
              800
            ]
          ]
        }
      ]
    },
    "uav": {
      "pose": {
        "x": 105.0,
        "y": 102.0,
        "z": 82.0,
        "yaw": 270.0
      },
      "speed_mps": 25.0,
      "energy": {
        "battery_pct": 88.0
      },
      "sensors": {
        "rgb": "off",
        "thermal": "ok",
        "lidar": "offline",
        "radar": "ok",
        "gnss": "ok",
        "imu": "ok",
        "magnetometer": "ok",
        "barometer": "ok"
      },
      "payloads": []
    },
    "policy": {
      "alt_bounds": [
        50.0,
        300.0
      ]
    },
    "safety_flags": {
      "nfz_violation": false,
      "separation_breach": false
    }
  },
  "success": true,
  "_meta": {
    "seed": 42,
    "ts": 1763911615,
    "ts_iso": "2025-11-23T15:26:55Z",
    "gen_time_s": 79.94822192192078,
    "attempts_used": 2,
    "generation_failed": false,
    "usage": {
      "prompt_tokens": 1099,
      "completion_tokens": 2723,
      "total_tokens": 3822,
      "cost": 0.00234978,
      "is_byok": false,
      "prompt_tokens_details": {
        "cached_tokens": 640,
        "audio_tokens": 0,
        "video_tokens": 0
      },
      "cost_details": {
        "upstream_inference_cost": null,
        "upstream_inference_prompt_cost": 0.00017138,
        "upstream_inference_completions_cost": 0.0021784
      },
      "completion_tokens_details": {
        "reasoning_tokens": 0,
        "image_tokens": 0
      }
    }
  }
}