{
  "initial_state": {
    "domain": "uav",
    "time_s": 0.0,
    "env": {
      "weather": "fog",
      "wind_mps": 8.0,
      "wind_dir_deg": 210.0
    },
    "airspace": {
      "alt_bounds": [
        30.0,
        300.0
      ],
      "geofence": [
        {
          "type": "polygon",
          "points": [
            [
              1000,
              1000
            ],
            [
              3000,
              1000
            ],
            [
              3000,
              2500
            ],
            [
              1000,
              2500
            ]
          ]
        }
      ]
    },
    "uav": {
      "pose": {
        "x": 1100.0,
        "y": 1200.0,
        "z": 50.0,
        "yaw": 90.0
      },
      "speed_mps": 45.0,
      "energy": {
        "battery_pct": 100.0
      },
      "sensors": {
        "rgb": "ok",
        "thermal": "ok",
        "lidar": "ok",
        "radar": "ok",
        "gnss": "ok",
        "imu": "ok",
        "magnetometer": "ok",
        "barometer": "ok"
      },
      "payloads": []
    },
    "policy": {
      "alt_bounds": [
        30.0,
        300.0
      ]
    },
    "safety_flags": {
      "nfz_violation": false,
      "separation_breach": false
    }
  },
  "dialogue": [
    {
      "turn": 1,
      "speaker": "agent",
      "intent": "initiate mission and check telemetry",
      "actions": [
        {
          "type": "mcp",
          "name": "read_telemetry",
          "args": {}
        }
      ],
      "obs": [
        {
          "tool": "read_telemetry",
          "result": {
            "pose": {
              "x": 1100.0,
              "y": 1200.0,
              "z": 50.0,
              "yaw": 90.0
            },
            "speed_mps": 45.0,
            "battery_pct": 100.0,
            "sensors": {
              "gnss": "ok",
              "imu": "ok"
            }
          }
        }
      ],
      "net": {
        "slice": "eMBB",
        "lat_ms": 12,
        "jitter_ms": 3,
        "loss_pct": 0.1,
        "throughput_mbps": 850,
        "edge_load": 0.45
      }
    },
    {
      "turn": 2,
      "speaker": "user",
      "intent": "confirm mission start and request route plan",
      "actions": [
        {
          "type": "mcp",
          "name": "plan_route",
          "args": {
            "waypoints": [
              {
                "x": 2000,
                "y": 1800,
                "z": 120
              },
              {
                "x": 2800,
                "y": 2200,
                "z": 200
              }
            ],
            "speed": 40
          }
        }
      ],
      "obs": [
        {
          "tool": "plan_route",
          "result": {
            "route_id": "r_001",
            "estimated_duration_s": 180,
            "battery_impact_pct": 12,
            "waypoints": [
              {
                "x": 2000,
                "y": 1800,
                "z": 120
              },
              {
                "x": 2800,
                "y": 2200,
                "z": 200
              }
            ]
          }
        }
      ],
      "net": {
        "slice": "eMBB",
        "lat_ms": 14,
        "jitter_ms": 4,
        "loss_pct": 0.2,
        "throughput_mbps": 800,
        "edge_load": 0.5
      }
    },
    {
      "turn": 3,
      "speaker": "agent",
      "intent": "execute planned route",
      "actions": [
        {
          "type": "mcp",
          "name": "execute_route",
          "args": {
            "route_id": "r_001"
          }
        }
      ],
      "obs": [
        {
          "tool": "execute_route",
          "result": {
            "status": "in_progress",
            "current_waypoint_idx": 0,
            "target": {
              "x": 2000,
              "y": 1800,
              "z": 120
            }
          }
        }
      ],
      "net": {
        "slice": "URLLC",
        "lat_ms": 8,
        "jitter_ms": 1,
        "loss_pct": 0.05,
        "throughput_mbps": 100,
        "edge_load": 0.3
      }
    },
    {
      "turn": 4,
      "speaker": "user",
      "intent": "monitor progress and request swarm coordination",
      "actions": [
        {
          "type": "a2a",
          "task": "collision_avoidance",
          "to": "uav_swarm_agent",
          "payload": {
            "uav_id": "uav_7",
            "current_pose": {
              "x": 1500,
              "y": 1500,
              "z": 100
            },
            "velocity": {
              "vx": 42,
              "vy": 38,
              "vz": 2
            }
          }
        }
      ],
      "obs": [
        {
          "task": "collision_avoidance",
          "from": "uav_swarm_agent",
          "status": "ok",
          "payload": {
            "recommended_alt_offset": 10,
            "safe": true
          }
        }
      ],
      "net": {
        "slice": "URLLC",
        "lat_ms": 7,
        "jitter_ms": 1,
        "loss_pct": 0.03,
        "throughput_mbps": 95,
        "edge_load": 0.32
      }
    },
    {
      "turn": 5,
      "speaker": "agent",
      "intent": "adjust altitude for swarm safety",
      "actions": [
        {
          "type": "mcp",
          "name": "adjust_altitude",
          "args": {
            "target_z": 130
          }
        }
      ],
      "obs": [
        {
          "tool": "adjust_altitude",
          "result": {
            "status": "success",
            "old_z": 100,
            "new_z": 130,
            "battery_used_pct": 0.8
          }
        }
      ],
      "net": {
        "slice": "URLLC",
        "lat_ms": 9,
        "jitter_ms": 1.5,
        "loss_pct": 0.04,
        "throughput_mbps": 90,
        "edge_load": 0.35
      }
    },
    {
      "turn": 6,
      "speaker": "user",
      "intent": "request thermal imaging due to fog",
      "actions": [
        {
          "type": "mcp",
          "name": "activate_sensor",
          "args": {
            "sensor": "thermal",
            "mode": "high_res"
          }
        }
      ],
      "obs": [
        {
          "tool": "activate_sensor",
          "result": {
            "sensor": "thermal",
            "status": "active",
            "mode": "high_res",
            "power_draw_pct": 3
          }
        }
      ],
      "net": {
        "slice": "eMBB",
        "lat_ms": 16,
        "jitter_ms": 5,
        "loss_pct": 0.3,
        "throughput_mbps": 750,
        "edge_load": 0.6
      }
    },
    {
      "turn": 7,
      "speaker": "agent",
      "intent": "detect network degradation and adapt",
      "actions": [
        {
          "type": "mcp",
          "name": "read_telemetry",
          "args": {}
        }
      ],
      "obs": [
        {
          "tool": "read_telemetry",
          "result": {
            "pose": {
              "x": 1950,
              "y": 1780,
              "z": 128
            },
            "battery_pct": 96.2,
            "link_quality": "degraded"
          }
        }
      ],
      "net": {
        "slice": "mMTC",
        "lat_ms": 45,
        "jitter_ms": 12,
        "loss_pct": 2.1,
        "throughput_mbps": 10,
        "edge_load": 0.85
      }
    },
    {
      "turn": 8,
      "speaker": "user",
      "intent": "reduce data usage and prioritize control",
      "actions": [
        {
          "type": "mcp",
          "name": "switch_network_slice",
          "args": {
            "target": "URLLC"
          }
        }
      ],
      "obs": [
        {
          "tool": "switch_network_slice",
          "result": {
            "status": "success",
            "old_slice": "mMTC",
            "new_slice": "URLLC",
            "lat_ms": 9,
            "throughput_mbps": 110
          }
        }
      ],
      "net": {
        "slice": "URLLC",
        "lat_ms": 9,
        "jitter_ms": 1.2,
        "loss_pct": 0.06,
        "throughput_mbps": 110,
        "edge_load": 0.4
      }
    },
    {
      "turn": 9,
      "speaker": "agent",
      "intent": "resume route after stabilization",
      "actions": [
        {
          "type": "mcp",
          "name": "resume_route",
          "args": {
            "route_id": "r_001"
          }
        }
      ],
      "obs": [
        {
          "tool": "resume_route",
          "result": {
            "status": "completed",
            "final_pose": {
              "x": 2800,
              "y": 2200,
              "z": 200
            },
            "battery_pct": 88.5
          }
        }
      ],
      "net": {
        "slice": "URLLC",
        "lat_ms": 8,
        "jitter_ms": 1,
        "loss_pct": 0.04,
        "throughput_mbps": 105,
        "edge_load": 0.38
      }
    },
    {
      "turn": 10,
      "speaker": "user",
      "intent": "initiate return and log data",
      "actions": [
        {
          "type": "a2a",
          "task": "handover_data",
          "to": "base_station_agent",
          "payload": {
            "data_volume_mb": 1250,
            "priority": "high",
            "sensors_used": [
              "thermal",
              "lidar"
            ]
          }
        }
      ],
      "obs": [
        {
          "task": "handover_data",
          "from": "base_station_agent",
          "status": "queued",
          "payload": {
            "expected_completion_s": 45,
            "slice_used": "eMBB"
          }
        }
      ],
      "net": {
        "slice": "URLLC",
        "lat_ms": 10,
        "jitter_ms": 2,
        "loss_pct": 0.08,
        "throughput_mbps": 100,
        "edge_load": 0.42
      }
    },
    {
      "turn": 11,
      "speaker": "agent",
      "intent": "land safely within geofence",
      "actions": [
        {
          "type": "mcp",
          "name": "land",
          "args": {
            "target_x": 1100,
            "target_y": 1200
          }
        }
      ],
      "obs": [
        {
          "tool": "land",
          "result": {
            "status": "success",
            "final_pose": {
              "x": 1100,
              "y": 1200,
              "z": 30
            },
            "battery_pct": 82.0
          }
        }
      ],
      "net": {
        "slice": "URLLC",
        "lat_ms": 7,
        "jitter_ms": 1,
        "loss_pct": 0.02,
        "throughput_mbps": 120,
        "edge_load": 0.3
      }
    }
  ],
  "final_state": {
    "domain": "uav",
    "time_s": 320.0,
    "env": {
      "weather": "fog",
      "wind_mps": 8.0,
      "wind_dir_deg": 210.0
    },
    "airspace": {
      "alt_bounds": [
        30.0,
        300.0
      ],
      "geofence": [
        {
          "type": "polygon",
          "points": [
            [
              1000,
              1000
            ],
            [
              3000,
              1000
            ],
            [
              3000,
              2500
            ],
            [
              1000,
              2500
            ]
          ]
        }
      ]
    },
    "uav": {
      "pose": {
        "x": 1100.0,
        "y": 1200.0,
        "z": 30.0,
        "yaw": 90.0
      },
      "speed_mps": 0.0,
      "energy": {
        "battery_pct": 82.0
      },
      "sensors": {
        "rgb": "ok",
        "thermal": "ok",
        "lidar": "ok",
        "radar": "ok",
        "gnss": "ok",
        "imu": "ok",
        "magnetometer": "ok",
        "barometer": "ok"
      },
      "payloads": []
    },
    "policy": {
      "alt_bounds": [
        30.0,
        300.0
      ]
    },
    "safety_flags": {
      "nfz_violation": false,
      "separation_breach": false
    }
  },
  "success": true,
  "_meta": {
    "seed": 42,
    "ts": 1763857661,
    "ts_iso": "2025-11-23T00:27:41Z",
    "gen_time_s": 50.993268728256226,
    "attempts_used": 1,
    "generation_failed": false,
    "usage": {
      "prompt_tokens": 1072,
      "completion_tokens": 3583,
      "total_tokens": 4655,
      "cost": 0.00298608,
      "is_byok": false,
      "prompt_tokens_details": {
        "cached_tokens": 1056,
        "audio_tokens": 0,
        "video_tokens": 0
      },
      "cost_details": {
        "upstream_inference_cost": null,
        "upstream_inference_prompt_cost": 0.00011968,
        "upstream_inference_completions_cost": 0.0028664
      },
      "completion_tokens_details": {
        "reasoning_tokens": 0,
        "image_tokens": 0
      }
    }
  }
}