{
  "episode_id": "6gb_prompt_9a0d90d318f1e715",
  "questions": [
    {
      "task_id": "T4",
      "task_name": "Slice Selection Reasoning",
      "source_turn": 8,
      "question": "At turn 8 the operator requests thermal imagery while the UAV is flying in icing conditions with 8.5 mps wind and active wind drift compensation. In the immediately preceding turns the network alternated between URLLC with latency values of 8.2 ms and 7.8 ms and eMBB with 14 ms latency. Jitter has fluctuated between 0.8 ms and 3 ms and loss between 0.01 percent and 0.2 percent across those same turns. Throughput demand for thermal imagery matches prior eMBB observations near 800 Mbps while URLLC has only delivered between 110 and 135 Mbps. Edge load has shown variability from 0.39 to 0.5, indicating nonstationary congestion. Assume the next two turns may resemble the worst previously observed metrics rather than the mean. Autonomous navigation has just been enabled earlier with mMTC showing 50 ms latency and 1.2 percent loss, so control sensitivity remains high. The UAV is expected to continue maneuvering for at least two more turns before return. A hybrid slice would split control and payload traffic across URLLC and eMBB using the same observed characteristics. Given worst case network behavior over the next two turns, which slice selection minimizes maximum regret across control safety and imagery completion?",
      "options": {
        "A": "Select pure URLLC, accepting 110 to 135 Mbps throughput with 8 to 9 ms latency and edge load around 0.4 to guarantee control stability.",
        "B": "Select pure eMBB, accepting 14 ms latency and up to 3 ms jitter with 0.2 percent loss to guarantee 800 Mbps imagery throughput.",
        "C": "Select a hybrid slice, using URLLC metrics near 8 ms latency for control and eMBB metrics near 800 Mbps throughput for payload under edge load up to 0.5.",
        "D": "Remain on the previously used slice without change, assuming recent averages of 11 to 12 ms latency and jitter under 2 ms will persist."
      },
      "correct": "C",
      "reason": "The hybrid option bounds control latency at the URLLC worst case while still enabling high throughput seen only on eMBB. Pure URLLC fails imagery completion because its maximum observed throughput is far below the required level over multiple turns. Pure eMBB appears acceptable at the mean but under worst case jitter and loss it risks control instability during continued maneuvering. Keeping the slice unchanged ignores observed variability and leads to higher regret if congestion persists into the next turns.",
      "rationale_tag": "MINIMAX_REGRET_UNDER_VARIABILITY",
      "difficulty": "very_hard"
    },
    {
      "task_id": "T8",
      "task_name": "Graceful Degradation under Edge Overload",
      "source_turn": 6,
      "question": "At turn 6 the user enables autonomous navigation while the network slice shifts to mMTC with latency 50 ms, jitter 15 ms, loss 1.2 percent, throughput 1.5 Mbps, and edge load 0.75. In earlier turns the same mission alternated between URLLC at about 8 ms latency and eMBB at about 14 ms latency, showing volatility across turns. The policy altitude bounds remain 10.0 to 120.0 meters and the UAV speed is 18.0 mps with battery at 100 percent. Assume the autonomy SLA requires latency below 40 ms and loss below 1.0 percent to avoid control instability. Edge load has previously ranged from 0.33 to 0.5 and now spikes to 0.75, so worst case assume it increases by another 0.05 next turn. If overload persists for the next two turns, projected contention can further increase latency proportionally to edge load. Reducing autonomy one level cuts throughput demand by half but increases operator latency sensitivity, while full autonomy maximizes local compute usage. Switching slices back to URLLC reduces latency but is capacity limited when edge load exceeds 0.7. Maintaining full autonomy risks compounding SLA violations over multiple turns, while immediate manual control increases pilot workload under icing and wind of 8.5 mps. Considering worst case bounds and minimizing maximum regret over the next two turns, which option should be selected?",
      "options": {
        "A": "Maintain full autonomy on mMTC despite 50 ms latency and 1.2 percent loss, accepting edge load 0.75 because battery is 100 percent and speed is stable at 18.0 mps.",
        "B": "Immediately switch back to URLLC with observed 8 to 9 ms latency, even though edge load above 0.7 risks capacity saturation next turn.",
        "C": "Gracefully degrade autonomy by one level to halve throughput demand from 1.5 Mbps while staying on mMTC, accepting higher latency now to avoid future overload escalation.",
        "D": "Drop to full manual control and eMBB with 14 ms latency and 800 Mbps throughput, relying on operator input despite wind 8.5 mps and icing."
      },
      "correct": "C",
      "reason": "The mMTC metrics already violate the latency and loss limits and projected edge load worsening would amplify that over two turns. Switching to URLLC looks safe at the mean but fails under the worst case when edge load exceeds 0. 7 and capacity collapses. Full autonomy on mMTC compounds future regret because latency scales with edge contention. A single level degradation reduces demand and stabilizes margins while avoiding the operational risk of full manual control.",
      "rationale_tag": "MINIMAX_REGRET_UNDER_OVERLOAD",
      "difficulty": "very_hard"
    },
    {
      "task_id": "T12",
      "task_name": "Conservative Continuation Decision",
      "source_turn": 6,
      "question": "At turn 6 the UAV has just enabled autonomous navigation while flying at 18.0 mps and 20.0 m altitude in icing conditions with wind at 8.5 mps. The policy altitude bounds remain a range from 10.0 to 120.0 m, and the geofence has not changed. Network conditions on the current turn show the mMTC slice with 50 ms latency, 15 ms jitter, 1.2 percent loss, 1.5 Mbps throughput, and 0.75 edge load. In prior turns URLLC showed latency between 7.5 and 9 ms with edge load between 0.38 and 0.45, while eMBB showed latency between 11 and 14 ms with edge load up to 0.5. The mission objective requires continuing for at least the next two turns unless the worst case risks exceed conservative limits. If the high edge load on mMTC persists for one more turn, command responsiveness may degrade further under worst case assumptions. Switching immediately to URLLC reduces latency but risks capacity stress if edge load rises toward previously observed peaks. Staying on eMBB improves throughput but increases latency relative to URLLC while keeping edge load moderate. Given uncertainty across the next two turns and the need to minimize maximum regret rather than optimize the current turn, which option should be selected?",
      "options": {
        "A": "Continue on mMTC at 50 ms latency and 0.75 edge load to avoid a slice switch during autonomous navigation.",
        "B": "Switch to URLLC with 7.5 to 9 ms latency despite edge load around 0.38 to 0.45 to prioritize control immediacy.",
        "C": "Switch to eMBB with 11 to 14 ms latency and edge load up to 0.5 to balance capacity and responsiveness.",
        "D": "Pause continuation and hold altitude at 20.0 m within the 10.0 to 120.0 m bounds until network conditions stabilize."
      },
      "correct": "C",
      "reason": "Option C limits worst case regret because its edge load remains below the 0. 75 already observed while avoiding the highest latency. Option A fails under a multi turn view because sustained 50 ms latency with high loss compounds control delay if conditions persist. Option B appears best in a single turn but risks future capacity stress if edge load rises again toward earlier peaks. Option D is conservative but sacrifices mission progress without reducing network uncertainty over the next turns.",
      "rationale_tag": "MINIMAX_REGRET",
      "difficulty": "very_hard"
    },
    {
      "task_id": "T19",
      "task_name": "AI Agent Interoperability & Federation",
      "source_turn": 6,
      "question": "During autonomous navigation, the UAV must federate data among the mission control agent, a timing agent, and a swarm collision avoidance agent while GPS jamming risk persists. Recent turns show URLLC latency between 7.5 and 9 ms with jitter up to 1.2 ms and loss up to 0.04, while eMBB shows latency between 11 and 14 ms with jitter up to 3 ms and loss up to 0.2. The mMTC slice used at turn 6 shows 50 ms latency, 15 ms jitter, 1.2 loss, and edge load of 0.75, which risks delayed coordination if reused. Policy altitude bounds are 10 to 120, and the UAV is operating near 20 altitude while rerouting around obstacles over multiple turns. The federation choice must remain safe if current network conditions persist for the next three turns without recovery. A worst case must assume the highest observed jitter and loss on each slice. Mission control requires timely state sharing, while swarm collision avoidance requires low worst case latency margins. Edge load above 0.5 is expected to increase contention in the next turn. A single turn improvement is insufficient if future regret grows under sustained degradation. The decision must minimize maximum regret across the next three turns rather than optimize the current one. Which interoperability and federation option should be selected?",
      "options": {
        "A": "Federate all agents over URLLC despite edge load around 0.45 to 0.42, accepting 9 ms latency and 1.2 ms jitter for the next turns.",
        "B": "Use eMBB for mission control and URLLC for swarm coordination, tolerating up to 14 ms latency and 3 ms jitter on eMBB.",
        "C": "Switch all federation to mMTC to reduce edge load pressure, accepting 50 ms latency and 15 ms jitter.",
        "D": "Keep current turn on URLLC but plan to migrate all agents to eMBB next turn if edge load exceeds 0.5."
      },
      "correct": "B",
      "reason": "Option B balances two network slices by matching their numeric strengths to agent needs across future turns. URLLC worst case latency plus jitter remains under eMBB even when jitter peaks, preserving collision avoidance safety. eMBB can tolerate higher jitter for mission control data without violating altitude policy constraints over time. Other options either fail only under worst case jitter or accumulate higher regret if degradation persists for three turns.",
      "rationale_tag": "MINIMAX_REGRET_FEDERATION",
      "difficulty": "very_hard"
    },
    {
      "task_id": "T20",
      "task_name": "Agent-to-Agent Communication Management",
      "source_turn": 7,
      "question": "At turn 7 the agent must choose how to route horizontal messages to the uav_swarm_agent for collision avoidance and follow up coordination. Recent telemetry shows URLLC latency values of 7.5 ms at turn 4, 9 ms at turn 5, and 8.2 ms at turn 7 with jitter of 1.0 ms and loss of 0.04 percent. eMBB earlier provided latency of 12 ms at turn 1 and 14 ms at turn 8 with jitter up to 3 ms and loss of 0.2 percent but throughput near 800 Mbps. mMTC at turn 6 showed 50 ms latency, 15 ms jitter, 1.2 percent loss, throughput 1.5 Mbps, and edge load of 0.75. Edge load on URLLC has varied between 0.38 and 0.45 across recent turns, indicating possible congestion if the trend persists for the next two turns. The UAV is flying at 18 mps in 8.5 mps wind, so delayed peer updates compound positional error over time rather than in a single turn. If congestion worsens, jitter can add to effective latency even if the mean stays low. A myopic choice optimizes only the current turn, but the agent must minimize maximum regret if degradation persists into turns 8 and 9. Security requirements are unchanged and all slices are permitted. Which communication policy should be selected?",
      "options": {
        "A": "Continue direct URLLC routing with current parameters because mean latency is 8.2 ms and loss is only 0.04 percent despite edge load around 0.42.",
        "B": "Switch to eMBB relay routing since 800 Mbps throughput can absorb retries and earlier latency of 12 to 14 ms is acceptable at current speed.",
        "C": "Fallback to mMTC for robustness because its edge load of 0.75 is already saturated and unlikely to worsen further over the next turn.",
        "D": "Use URLLC but rate limit peer messages to account for jitter of 1.0 ms and rising edge load from 0.38 to 0.45 over recent turns."
      },
      "correct": "D",
      "reason": "The worst case URLLC latency rises when jitter is added, but it still stays well below the other slices while reducing congestion risk. Rate limiting reduces projected edge load growth that could otherwise push URLLC into failure in the next two turns. eMBB meets throughput needs but its higher jitter and loss amplify wind driven error over time. mMTC fails under both mean and worst case latency across multiple turns.",
      "rationale_tag": "MINIMAX_REGRET_UNDER_CONGESTION",
      "difficulty": "very_hard"
    },
    {
      "task_id": "T22",
      "task_name": "Federated / Collaborative Learning Orchestration",
      "source_turn": 8,
      "question": "During post-mission analysis at turn 8, the operator considers scheduling a federated model update between the UAV and the edge. Recent network slices oscillated between eMBB with latency 11 to 14 ms and URLLC with latency 7.5 to 9 ms, while mMTC previously spiked to 50 ms. Edge load has ranged from 0.33 to 0.75, and throughput has varied from 1.5 to 870 Mbps depending on slice. The UAV battery was initially 100 percent but a return was triggered by turn 9, implying limited remaining energy for compute. Policy altitude bounds remain between 10.0 and 120.0, constraining flight but not compute. A federated round would require sustained uplink and downlink over at least the next two turns. If congestion persists one more turn, the worst observed edge load of 0.75 may recur. If instead conditions recover to recent URLLC levels, capacity remains limited to about 130 Mbps. Considering regret over the next three turns and worst-case network conditions, which scheduling option should be selected?",
      "options": {
        "A": "Start a full federated update immediately on eMBB at turn 8, using 800 Mbps throughput despite edge load near 0.5.",
        "B": "Delay all federated updates until after landing, avoiding current edge load between 0.35 and 0.75 but forgoing any in-flight learning.",
        "C": "Run a single lightweight federated round only if URLLC persists, accepting 120 to 135 Mbps throughput and edge load around 0.38 to 0.42.",
        "D": "Attempt federated updates opportunistically across any slice each turn, assuming average latency near 12 ms and ignoring the prior 50 ms spike."
      },
      "correct": "C",
      "reason": "Option C limits exposure to the worst observed latency and edge load while still achieving some learning benefit. It remains feasible under the worst-case URLLC throughput and avoids the high regret of a failed full update if mMTC conditions reappear. Immediate full training risks collapse if edge load returns to 0. 75 or latency spikes again. Deferring everything sacrifices all learning despite having a small but reliable window.",
      "rationale_tag": "MINIMAX_REGRET_UNDER_NETWORK_UNCERTAINTY",
      "difficulty": "very_hard"
    },
    {
      "task_id": "T23",
      "task_name": "Network-Assisted Digital Twin Control",
      "source_turn": 6,
      "question": "At turn 6 the digital twin must support autonomous navigation while compensating for icing winds and recent GPS jamming. The network slice at that turn is mMTC with latency 50 ms, jitter 15 ms, loss 1.2 percent, throughput 1.5 Mbps, and edge load 0.75. Earlier and later URLLC turns show latency between 7.2 ms and 9 ms, jitter between 0.7 ms and 1.2 ms, loss up to 0.04 percent, throughput between 110 and 140 Mbps, and edge load between 0.35 and 0.45. eMBB turns show latency 11 to 14 ms, jitter 1.8 to 3 ms, loss up to 0.2 percent, throughput 800 to 870 Mbps, and edge load up to 0.5. The digital twin requires continuous telemetry and command updates over the next two turns to safely maintain control in 8.5 mps wind while the UAV remains within altitude bounds of 10 to 120. If edge load increases toward the previously observed 0.75 again, worst case scheduling delay must be considered rather than mean performance. If GPS jamming persists for one more turn, higher jitter directly degrades state estimation even if throughput is ample. Switching slices incurs at least one turn of adaptation during which metrics resemble the first observed values of the new slice. No slice can satisfy all needs perfectly, so the choice must minimize worst case regret over the next two turns. Which network slice option should be selected now?",
      "options": {
        "A": "Remain on mMTC to keep load isolation, accepting 50 ms latency and 15 ms jitter with 1.5 Mbps throughput if edge load stays near 0.75.",
        "B": "Switch to eMBB to gain 800 Mbps throughput at about 14 ms latency and 3 ms jitter while tolerating edge load up to 0.5.",
        "C": "Switch to URLLC to obtain 7.2 to 9 ms latency and 0.7 to 1.2 ms jitter even if throughput is limited to 110 to 140 Mbps and edge load may reach 0.45.",
        "D": "Delay switching for one turn, assuming mMTC metrics improve toward earlier eMBB-like values while keeping current autonomous mode."
      },
      "correct": "C",
      "reason": "URLLC provides the smallest worst case latency and jitter across observed turns, which bounds estimation error if GPS jamming persists. Its worst case edge load of 0. 45 remains well below the 0. 75 seen on mMTC, reducing future scheduling risk over the next two turns. Although throughput is lower than eMBB, it still exceeds the needs of telemetry and command channels.",
      "rationale_tag": "MINIMAX_REGRET_UNDER_UNCERTAINTY",
      "difficulty": "very_hard"
    }
  ]
}