{
  "episode_id": "6gb_prompt_e92e5b86d4b29702",
  "questions": [
    {
      "task_id": "T1",
      "task_name": "Intent Feasibility Assessment",
      "source_turn": 10,
      "question": "The UAV is returning to base after completing an inspection mission under variable network conditions. Current telemetry shows battery at 37%, altitude at 15m, speed at 16m/s, and the nearest landing zone is 800m away. Network slice is currently mMTC with latency 200ms, jitter 30ms, loss 2.0%, throughput 1.0Mbps, and edge load 0.92. The policy requires landing within 10 minutes and maintaining at least 10% battery. If the UAV switches to URLLC, latency drops to 8ms, jitter to 1.0ms, loss to 0.02%, throughput to 125Mbps, and edge load to 0.44, but battery consumption increases by 15% per km. If it remains on mMTC, battery consumption is 12% per km but latency may spike to 300ms under edge load >0.9. If it switches to eMBB, throughput rises to 900Mbps but latency is 12ms and edge load is 0.55, with battery consumption at 13% per km. Given the uncertainty in mMTC latency and the need to land within 10 minutes while preserving 10% battery, which option should be selected?",
      "options": {
        "A": "Remain on mMTC to minimize battery consumption, accepting potential latency spikes up to 300ms.",
        "B": "Switch to URLLC to guarantee low latency and jitter, accepting 15% higher battery consumption per km.",
        "C": "Switch to eMBB for high throughput and moderate latency, accepting 13% battery consumption per km.",
        "D": "Switch to URLLC only if edge load drops below 0.9, otherwise remain on mMTC."
      },
      "correct": "B",
      "reason": "Switching to URLLC ensures latency remains under 10ms even under worst-case jitter, which is critical for real-time landing control. Although battery consumption is 15% per km, the 800m distance requires only 12% total consumption, leaving 25% battery at landing, well above the 10% minimum. Remaining on mMTC risks latency spikes to 300ms, which could delay command execution beyond the 10-minute window. eMBB offers no latency advantage over URLLC and consumes more battery than mMTC without compensating safety benefits. The worst-case scenario under mMTC violates the mission’s temporal constraint.",
      "rationale_tag": "WORST_CASE_LATENCY_REGRET",
      "difficulty": "very_hard"
    },
    {
      "task_id": "T2",
      "task_name": "Intent Conflict Resolution",
      "source_turn": 10,
      "question": "The UAV is returning to base under deteriorating network conditions with edge_load at 0.92 and latency at 200ms, while battery is at 68% and wind speed remains 8.5m/s. Mission intent requires safe landing within 120 seconds, but policy mandates maintaining 99.9% packet delivery for critical telemetry. URLLC slice offers 7ms latency but only 130Mbps throughput, while eMBB provides 920Mbps but 13ms latency and 0.15% loss. If edge_load increases by 0.05 per turn and wind gusts may spike to 12m/s, which option minimizes maximum regret over the next two turns while ensuring telemetry integrity? A: Switch to URLLC immediately to guarantee latency-bound telemetry despite throughput limits. B: Stay on mMTC to conserve edge resources, accepting 2.0% loss and 200ms latency for 2 turns. C: Revert to eMBB for higher throughput, risking 0.15% loss and 13ms latency under rising edge_load. D: Request swarm relay via a2a to offload telemetry, assuming 50ms latency and 0.5% loss with 0.1 edge_load penalty.",
      "options": {
        "A": "Switch to URLLC immediately to guarantee latency-bound telemetry despite throughput limits.",
        "B": "Stay on mMTC to conserve edge resources, accepting 2.0% loss and 200ms latency for 2 turns.",
        "C": "Revert to eMBB for higher throughput, risking 0.15% loss and 13ms latency under rising edge_load.",
        "D": "Request swarm relay via a2a to offload telemetry, assuming 50ms latency and 0.5% loss with 0.1 edge_load penalty."
      },
      "correct": "A",
      "reason": "URLLC ensures latency remains under 10ms even if edge_load rises to 0. 97, preserving telemetry integrity for landing. mMTC’s 2. 0% loss exceeds policy SLA and risks telemetry dropouts under wind gusts. eMBB’s 13ms latency and 0.",
      "rationale_tag": "WORST_CASE_COMPLIANCE",
      "difficulty": "very_hard"
    },
    {
      "task_id": "T3",
      "task_name": "Intent Drift Detection",
      "source_turn": 10,
      "question": "At turn 10, the UAV is completing landing with network slice mMTC, latency 200ms, jitter 30ms, loss 2.0%, throughput 1.0Mbps, edge load 0.92. Historical intent was inspection with eMBB/URLLC, but current slice violates SLA for real-time control. The mission policy allows altitude 5–120m, and UAV battery is now 42% after 10 turns. Wind remains 8.5m/s from 240°. If the next turn requires emergency maneuvering under 50ms latency, and edge load may rise to 0.95 with 10% jitter uncertainty, which option minimizes maximum regret over the next two turns? Option A: Stay on mMTC, accept 200ms latency, assume edge load stabilizes. Option B: Switch to URLLC immediately, risking 125Mbps throughput but gaining 8ms latency. Option C: Revert to eMBB, accepting 13ms latency but risking 0.51 edge load and 0.15% loss. Option D: Delay maneuver, wait for edge load to drop below 0.85, risking 30% battery drain per turn. Which option should be selected?",
      "options": {
        "A": "Stay on mMTC, accept 200ms latency, assume edge load stabilizes.",
        "B": "Switch to URLLC immediately, risking 125Mbps throughput but gaining 8ms latency.",
        "C": "Revert to eMBB, accepting 13ms latency but risking 0.51 edge load and 0.15% loss.",
        "D": "Delay maneuver, wait for edge load to drop below 0.85, risking 30% battery drain per turn."
      },
      "correct": "B",
      "reason": "Switching to URLLC ensures latency under 10ms even under worst-case jitter, which is critical for emergency maneuvering. The 125Mbps throughput is sufficient for telemetry but not video, which is acceptable since sensors are offline. Delaying risks battery depletion below 10% in two turns, violating safety. mMTC latency exceeds 50ms SLA by 400%, making it unsafe. eMBB has higher latency and edge load, increasing failure risk under uncertainty.",
      "rationale_tag": "WORST_CASE_LATENCY_SAFETY",
      "difficulty": "very_hard"
    },
    {
      "task_id": "T4",
      "task_name": "Slice Selection Reasoning",
      "source_turn": 8,
      "question": "The UAV is returning to base at 18 m/s with 100% battery and must maintain GNSS and IMU telemetry under a policy requiring latency under 15 ms and loss under 0.5%. Current slice is URLLC with 7 ms latency, 0.8 ms jitter, 0.01% loss, and 130 Mbps throughput. Edge load is 0.40 and rising. Historical data shows edge load increases 0.03 per turn during return. URLLC throughput may degrade to 100 Mbps under worst-case load. eMBB offers 920 Mbps but latency spikes to 13 ms with 0.15% loss and edge load 0.51. mMTC is unusable with 200 ms latency. If the UAV must transmit 1.2 GB of thermal overlay data within 3 turns and edge load exceeds 0.85 in 2 turns, which slice should be selected to minimize maximum regret over the next 3 turns?",
      "options": {
        "A": "Maintain URLLC: latency and loss are within SLA, and throughput is sufficient for telemetry even if degraded to 100 Mbps.",
        "B": "Switch to eMBB: higher throughput ensures thermal data transmission completes in 2 turns, despite higher latency and loss.",
        "C": "Switch to mMTC: acceptable for low-priority telemetry, freeing URLLC for critical control, though latency violates SLA.",
        "D": "Hybrid mode: allocate 70% to URLLC for control and 30% to eMBB for data, balancing latency and throughput under projected load."
      },
      "correct": "A",
      "reason": "URLLC maintains latency and loss within SLA even under worst-case throughput degradation. eMBB risks violating latency SLA if edge load increases as projected. mMTC violates latency by 13x and is unsafe. Hybrid mode introduces complexity and may not guarantee control latency under rising edge load. Only URLLC ensures safety and mission continuity over the next 3 turns.",
      "rationale_tag": "WORST_CASE_SAFETY_GUARANTEE",
      "difficulty": "very_hard"
    },
    {
      "task_id": "T5",
      "task_name": "Slice Switching Decision",
      "source_turn": 8,
      "question": "At turn 8, the UAV is returning with battery at 85 percent and must complete a final telemetry upload before landing. The current slice is URLLC with latency 7 ms, jitter 0.8 ms, loss 0.01 percent, throughput 130 Mbps, and edge load 0.4. The eMBB slice offers 920 Mbps throughput but latency 10 ms, jitter 1.5 ms, loss 0.08 percent, and edge load 0.33. The mMTC slice has latency 200 ms, jitter 30 ms, loss 2.0 percent, throughput 1.0 Mbps, and edge load 0.92. The mission SLA requires latency under 15 ms and loss under 0.5 percent for telemetry upload. Edge load is projected to increase by 0.05 per turn due to incoming swarm traffic. If the UAV remains on URLLC, edge load will reach 0.55 by turn 10, risking congestion. If it switches to eMBB, throughput allows faster upload but latency margin is tighter. If it switches to mMTC, upload may fail due to low throughput and high loss. The UAV must land by turn 11. Which option should be selected?",
      "options": {
        "A": "Stay on URLLC: latency and loss are within SLA, and edge load will not exceed 0.6 before landing.",
        "B": "Switch to eMBB: higher throughput reduces upload time, and latency remains under 15 ms even if jitter increases by 2 ms.",
        "C": "Switch to mMTC: edge load is already high, so switching to low-priority slice avoids congestion risk.",
        "D": "Switch to eMBB but throttle upload rate to reduce edge load impact, accepting 12 ms latency and 0.1 percent loss."
      },
      "correct": "B",
      "reason": "Switching to eMBB minimizes regret by reducing upload duration while staying within SLA bounds. URLLC’s edge load will exceed 0. 55 by turn 10, risking congestion and latency spikes. mMTC violates throughput and loss SLA. eMBB’s 920 Mbps throughput allows upload completion in under 0.",
      "rationale_tag": "SLA_COMPLIANCE_UNDER_WORST_CASE",
      "difficulty": "very_hard"
    },
    {
      "task_id": "T6",
      "task_name": "Slice Fairness vs Safety",
      "source_turn": 10,
      "question": "The UAV swarm is returning to base under deteriorating network conditions with edge_load at 0.92 and latency at 200ms on mMTC, exceeding SLA thresholds. The next turn requires selecting a slice for critical landing telemetry: eMBB offers 850Mbps throughput but 12ms latency with 0.35 edge_load, URLLC offers 130Mbps with 7ms latency and 0.4 edge_load, mMTC is at 1.0Mbps with 200ms latency and 0.92 edge_load, and a hybrid option allocates 50% to URLLC and 50% to eMBB with projected edge_load of 0.65 and latency of 10ms. If wind gusts increase by 15% next turn, latency may rise 20% and edge_load may climb 0.1. The mission requires landing telemetry to arrive within 15ms to avoid collision risk, and battery is at 30% with 2 minutes remaining. Which option should be selected?",
      "options": {
        "A": "eMBB: highest throughput ensures sensor data integrity despite 12ms latency and 0.35 edge_load.",
        "B": "URLLC: lowest latency (7ms) meets SLA with 0.4 edge_load, though throughput is limited to 130Mbps.",
        "C": "mMTC: already active, requires no reconfiguration, though latency is 200ms and edge_load is 0.92.",
        "D": "Hybrid: balances latency (10ms) and load (0.65), but introduces coordination overhead and uncertain jitter."
      },
      "correct": "B",
      "reason": "URLLC is the only option that guarantees latency under 15ms even with 20% degradation, which would push it to 8. 4ms. The hybrid option’s projected 10ms latency becomes 12ms under wind stress, still acceptable, but its edge_load of 0. 65 may rise to 0. 75, risking congestion.",
      "rationale_tag": "WORST_CASE_LATENCY_GUARANTEE",
      "difficulty": "very_hard"
    },
    {
      "task_id": "T7",
      "task_name": "Compute Placement Decision",
      "source_turn": 8,
      "question": "The UAV is currently at 10m altitude with 100% battery and must perform a blade scan requiring 850 Mbps throughput and 15ms latency SLA. The edge server load is 0.40, and URLLC slice offers 7ms latency, 0.8ms jitter, 0.01% loss, and 130 Mbps throughput. eMBB slice offers 10ms latency, 1.5ms jitter, 0.08% loss, and 920 Mbps throughput but edge load is projected to rise to 0.55 next turn. mMTC slice is unusable with 200ms latency and 1.0 Mbps throughput. If the scan fails, the UAV must reattempt in 2 turns under degraded conditions with 20% higher latency and 15% lower throughput. Which option should be selected?",
      "options": {
        "A": "Use URLLC now: latency 7ms < 15ms SLA, but throughput 130 Mbps < 850 Mbps required.",
        "B": "Use eMBB now: throughput 920 Mbps > 850 Mbps, latency 10ms < 15ms, but edge load 0.40 may rise to 0.55 next turn risking SLA violation.",
        "C": "Delay 1 turn and use eMBB: projected edge load 0.55 may cause 12ms latency and 800 Mbps throughput, still meeting SLA but risking 20% higher latency if degradation occurs.",
        "D": "Use mMTC now: latency 200ms > 15ms SLA, throughput 1.0 Mbps << 850 Mbps, guaranteed failure."
      },
      "correct": "B",
      "reason": "eMBB now meets both throughput and latency SLA with margin. URLLC fails throughput constraint. Delaying risks degradation that could push latency beyond SLA. mMTC is unusable. The edge load increase to 0.",
      "rationale_tag": "SLA_COMPLIANCE_UNDER_PROJECTION",
      "difficulty": "very_hard"
    },
    {
      "task_id": "T8",
      "task_name": "Graceful Degradation under Edge Overload",
      "source_turn": 10,
      "question": "At turn 10, the UAV is preparing for landing under mMTC slice with 200ms latency, 30ms jitter, 2.0% loss, and 92% edge load. The SLA mandates latency <150ms and edge load <0.90 for safe landing. Historical data shows edge load increases by 0.03 per turn under mMTC and latency degrades by 10ms per turn if load exceeds 0.90. The UAV has 100% battery and can switch to URLLC (current latency 8ms, load 0.44) or eMBB (latency 13ms, load 0.51) but both require 2 turns to reconfigure. If the UAV lands now, it risks SLA violation in 1 turn; if it delays, it risks battery drain at 5% per turn. Which option should be selected?",
      "options": {
        "A": "Land immediately under mMTC despite SLA violation risk, as battery is full and landing is imminent.",
        "B": "Switch to URLLC and delay landing by 2 turns, accepting 10% battery drain to guarantee SLA compliance.",
        "C": "Switch to eMBB and delay landing by 2 turns, accepting 10% battery drain but risking latency drift to 25ms.",
        "D": "Remain in mMTC for 1 more turn to monitor load trend, then decide, accepting 5% battery drain and 10ms latency increase."
      },
      "correct": "B",
      "reason": "Switching to URLLC ensures latency remains under 150ms and edge load under 0. 90 for the next 3 turns even under worst-case degradation. Landing immediately under mMTC violates SLA in 1 turn due to projected latency of 210ms and load of 0. 95. Delaying under eMBB risks latency exceeding 150ms if jitter accumulates.",
      "rationale_tag": "WORST_CASE_SLAMARGIN",
      "difficulty": "very_hard"
    },
    {
      "task_id": "T9",
      "task_name": "Trust-Aware Offloading",
      "source_turn": 10,
      "question": "At turn 10, the UAV is preparing for landing with battery at 82%, edge load at 0.92, and operating on mMTC slice with 200ms latency and 2.0% loss. The policy mandates latency < 100ms and loss < 1.0% for landing operations. The next turn may see edge load rise to 0.95 under worst-case traffic, and latency could spike to 250ms if congestion persists. Offloading thermal data to the swarm agent would reduce local compute load but requires 110ms latency and 0.03% loss, which the current slice cannot guarantee. Option A proposes immediate offload despite SLA violation risk. Option B delays offload until edge load drops below 0.85, projected in 2 turns. Option C switches to URLLC slice, which has 8ms latency but only 125Mbps throughput, insufficient for thermal data burst. Option D abandons offload and processes locally, risking battery depletion by 5% per turn. Which option should be selected?",
      "options": {
        "A": "Offload immediately using current mMTC slice despite SLA violation risk.",
        "B": "Delay offload until edge load drops below 0.85, projected in 2 turns.",
        "C": "Switch to URLLC slice for offload, accepting throughput limitation.",
        "D": "Abandon offload and process locally, accepting battery depletion risk."
      },
      "correct": "B",
      "reason": "Delaying offload until edge load drops below 0. 85 ensures SLA compliance under worst-case latency projection. Immediate offload risks mission failure due to latency and loss exceeding policy limits. Switching to URLLC cannot handle thermal data burst due to throughput constraint. Local processing accelerates battery depletion, risking landing failure.",
      "rationale_tag": "WORST_CASE_SLAMINIMIZATION",
      "difficulty": "very_hard"
    },
    {
      "task_id": "T10",
      "task_name": "SLA Violation Prediction",
      "source_turn": 8,
      "question": "At turn 8, the UAV is returning with battery at 82%, speed 18 m/s, and current network slice is URLLC with latency 7 ms, jitter 0.8 ms, loss 0.01%, throughput 130 Mbps, and edge load 0.4. The SLA requires latency ≤ 10 ms, jitter ≤ 2 ms, loss ≤ 0.1%, and throughput ≥ 100 Mbps for critical return phase. Historical edge load has increased by 0.05 per turn since turn 5. If wind increases to 12 m/s next turn, edge load may rise by 0.08. The mission requires 3 more turns to land. Option A maintains URLLC with projected edge load 0.52 next turn. Option B switches to eMBB with current latency 13 ms, jitter 2.1 ms, loss 0.15%, throughput 800 Mbps, edge load 0.51, but may degrade further. Option C switches to mMTC with latency 200 ms, jitter 30 ms, loss 2.0%, throughput 1.0 Mbps, edge load 0.92, which violates SLA now. Option D delays return by 1 turn to wait for edge load to stabilize, risking battery drop below 75%. Which option should be selected?",
      "options": {
        "A": "Maintain URLLC: latency 7 ms, jitter 0.8 ms, loss 0.01%, throughput 130 Mbps, projected edge load 0.52 next turn.",
        "B": "Switch to eMBB: latency 13 ms, jitter 2.1 ms, loss 0.15%, throughput 800 Mbps, edge load 0.51, but may degrade further.",
        "C": "Switch to mMTC: latency 200 ms, jitter 30 ms, loss 2.0%, throughput 1.0 Mbps, edge load 0.92 — violates SLA now.",
        "D": "Delay return by 1 turn: battery may drop to 78%, edge load may stabilize at 0.45, but risk of wind-induced load spike remains."
      },
      "correct": "A",
      "reason": "Maintaining URLLC preserves all SLA metrics for the next turn with margin. Switching to eMBB violates jitter and loss SLA immediately. mMTC violates all SLA metrics now. Delaying return risks battery below 75% and does not guarantee edge load stabilization. URLLC’s projected edge load of 0.",
      "rationale_tag": "WORST_CASE_SLAMARGIN",
      "difficulty": "very_hard"
    },
    {
      "task_id": "T11",
      "task_name": "Preemptive Autonomy Downgrade",
      "source_turn": 8,
      "question": "At turn 8, telemetry shows battery at 78%, speed at 16.5 m/s, and altitude at 15m, while network slice is URLLC with latency 7ms, jitter 0.8ms, loss 0.01%, throughput 130 Mbps, and edge load 0.4. Historical trends indicate edge load increases by 0.03 per turn under URLLC, and worst-case jitter may spike to 2.5ms if load exceeds 0.5. Policy requires latency < 10ms and loss < 0.1% for autonomy. If the UAV continues to the next waypoint at 18m altitude, projected edge load in turn 9 will reach 0.43, and in turn 10, 0.46 — still under 0.5, but jitter uncertainty could breach SLA. Alternatively, downgrading to eMBB now would yield latency 12ms, jitter 2ms, loss 0.1%, throughput 850 Mbps, and edge load 0.35, which satisfies SLA but reduces control responsiveness. If the UAV descends to 10m now, speed drops to 12m/s, battery consumption slows by 15%, but network remains URLLC with edge load still rising. If it switches to mMTC now, latency jumps to 150ms, jitter 25ms, loss 1.2%, throughput 1.5 Mbps, edge load 0.88 — violating SLA immediately. Which option should be selected?",
      "options": {
        "A": "Continue under URLLC to next waypoint, accepting jitter uncertainty and projected edge load 0.46 by turn 10.",
        "B": "Downgrade to eMBB now, accepting 12ms latency and 0.1% loss, but ensuring SLA compliance and lower edge load.",
        "C": "Descend to 10m now, reducing speed to 12m/s and slowing battery drain, while retaining URLLC with rising edge load.",
        "D": "Switch to mMTC now, accepting immediate SLA violation for minimal throughput and high edge load."
      },
      "correct": "B",
      "reason": "Option B ensures SLA compliance by maintaining latency under 10ms and loss under 0. 1% through eMBB, despite higher latency than URLLC. It avoids the worst-case jitter risk under URLLC that could breach SLA in turn 9 or 10. The projected edge load under URLLC remains under 0. 5, but jitter uncertainty introduces unacceptable risk.",
      "rationale_tag": "WORST_CASE_SLAMINIMIZATION",
      "difficulty": "very_hard"
    },
    {
      "task_id": "T12",
      "task_name": "Conservative Continuation Decision",
      "source_turn": 6,
      "question": "At turn 6, the UAV is executing an altitude adjustment with battery at 92%, speed at 18 m/s, and current slice eMBB showing latency 13 ms, jitter 2.1 ms, loss 0.15%, throughput 800 Mbps, and edge load 0.51. The mission requires thermal imaging, but lidar and radar remain offline, and the last thermal overlay request succeeded at turn 5 under URLLC with 9 ms latency and 0.03% loss. Wind remains at 8.5 m/s from 240°, and the geofence boundary is 300 m east. If edge load increases by 0.08 per turn under eMBB and by 0.03 under URLLC, and worst-case jitter could rise by 20% next turn, which option minimizes maximum regret over the next two turns while maintaining SLA compliance for thermal data delivery within 15 ms latency and 0.5% loss? A: Continue with eMBB, accepting 13 ms latency and 0.15% loss, projecting edge load 0.67 by turn 8. B: Switch to URLLC now, accepting 120 Mbps throughput but 9 ms latency and 0.03% loss, projecting edge load 0.50 by turn 8. C: Delay altitude adjustment and switch to mMTC, accepting 150 ms latency and 1.2% loss, projecting edge load 0.96 by turn 8. D: Abort mission and return to base, preserving battery but forfeiting thermal data delivery.",
      "options": {
        "A": "Continue with eMBB, accepting 13 ms latency and 0.15% loss, projecting edge load 0.67 by turn 8.",
        "B": "Switch to URLLC now, accepting 120 Mbps throughput but 9 ms latency and 0.03% loss, projecting edge load 0.50 by turn 8.",
        "C": "Delay altitude adjustment and switch to mMTC, accepting 150 ms latency and 1.2% loss, projecting edge load 0.96 by turn 8.",
        "D": "Abort mission and return to base, preserving battery but forfeiting thermal data delivery."
      },
      "correct": "B",
      "reason": "Switching to URLLC now ensures latency remains under 15 ms even with 20% jitter increase and maintains loss under 0. 5% while edge load grows slower than eMBB. Continuing with eMBB risks violating latency SLA by turn 8 due to edge load growth and jitter uncertainty. mMTC violates both latency and loss SLAs immediately. Aborting forfeits mission value without reducing risk.",
      "rationale_tag": "WORST_CASE_SLAMIN",
      "difficulty": "very_hard"
    },
    {
      "task_id": "T13",
      "task_name": "Swarm-Level Slice Negotiation",
      "source_turn": 8,
      "question": "At turn 8, the UAV reports battery at 78% and is preparing for return flight, with current slice set to URLLC (latency 7ms, jitter 0.8ms, loss 0.01%, throughput 130Mbps, edge_load 0.4). Historical data shows eMBB slice had 800–920Mbps throughput with 10–13ms latency during inspection, while mMTC slice degraded to 200ms latency and 2.0% loss at turn 10. Wind remains at 8.5m/s from 240°, and the geofence boundary is 400m east. If the UAV must transmit 1.2GB of thermal overlay data within 30 seconds before landing, and edge_load is projected to increase by 0.05 per turn due to swarm coordination, which slice should be negotiated to minimize maximum regret over the next two turns, assuming worst-case jitter adds 20% and latency increases by 15% if edge_load exceeds 0.5? Which option should be selected?",
      "options": {
        "A": "Maintain URLLC: latency 7ms, throughput 130Mbps, edge_load 0.4 — sufficient for control but may fail data transfer under worst-case jitter and load increase.",
        "B": "Switch to eMBB: throughput 850Mbps, latency 12ms, edge_load 0.35 — high throughput but latency may exceed 13.8ms under worst-case, risking control stability.",
        "C": "Switch to mMTC: throughput 1.5Mbps, latency 150ms — insufficient for data transfer and control, edge_load already at 0.88, projected to hit 0.98 by turn 10.",
        "D": "Negotiate hybrid slice: 500Mbps throughput, 20ms latency, edge_load 0.45 — balances throughput and latency but untested under wind shear and may degrade to 23ms under worst-case."
      },
      "correct": "B",
      "reason": "eMBB provides sufficient throughput to transmit 1. 2GB in under 30 seconds even under worst-case jitter and latency inflation. URLLC cannot complete the transfer within deadline due to low throughput. mMTC is infeasible due to extreme latency and loss. Hybrid slice lacks validation under current wind and edge_load trends.",
      "rationale_tag": "WORST_CASE_THROUGHPUT_MARGIN",
      "difficulty": "very_hard"
    },
    {
      "task_id": "T14",
      "task_name": "Scheduler Reconfiguration Adaptation",
      "source_turn": 8,
      "question": "At turn 8, the UAV is returning with 85% battery, speed 18 m/s, and altitude 10 m. The current network slice is URLLC with latency 7 ms, jitter 0.8 ms, loss 0.01%, throughput 130 Mbps, and edge load 0.4. The next turn requires activating the lidar sensor for obstacle avoidance, which demands at least 150 Mbps throughput and latency under 10 ms. The edge load is projected to rise to 0.55 next turn if URLLC is maintained, risking SLA violation. eMBB offers 920 Mbps throughput but latency 13 ms and jitter 2.1 ms, with edge load 0.51. mMTC has 1.0 Mbps throughput and 200 ms latency, unsuitable for lidar. The mission policy allows altitude adjustment up to 120 m, but wind at 8.5 m/s from 240° may increase power consumption by 12% if altitude is raised. Which option should be selected?",
      "options": {
        "A": "Maintain URLLC; accept 130 Mbps throughput and project edge load to 0.55 next turn, risking SLA violation if latency exceeds 10 ms.",
        "B": "Switch to eMBB; accept 13 ms latency and 2.1 ms jitter, but gain 920 Mbps throughput and edge load 0.51, which is below the 0.6 SLA threshold.",
        "C": "Switch to mMTC; accept 1.0 Mbps throughput and 200 ms latency, but reduce edge load to 0.35, minimizing network congestion risk.",
        "D": "Raise altitude to 50 m to reduce wind impact, then switch to eMBB; accept 13 ms latency but gain 920 Mbps throughput and reduce power consumption by 12%."
      },
      "correct": "B",
      "reason": "Switching to eMBB provides sufficient throughput for lidar activation while staying under the edge load SLA threshold of 0. 6. Although latency is 13 ms, it remains acceptable for obstacle avoidance given the 10 ms requirement is a soft bound. Maintaining URLLC risks edge load exceeding 0. 55 next turn, violating SLA.",
      "rationale_tag": "SLA_COMPLIANCE_UNDER_WORST_CASE",
      "difficulty": "very_hard"
    },
    {
      "task_id": "T15",
      "task_name": "Decision Consistency under Replanning",
      "source_turn": 9,
      "question": "At turn 9, the UAV is initiating return flight with battery at 78%, speed 18 m/s, and current altitude 10 m. Network slice is URLLC with latency 8 ms, jitter 1.0 ms, loss 0.02%, throughput 125 Mbps, and edge load 0.44. The policy mandates minimum 5 m altitude and maximum 120 m. Wind remains 8.5 m/s from 240°. If edge load increases by 0.03 per turn and latency degrades by 1 ms per turn under URLLC, while eMBB offers 900 Mbps but with 12 ms latency and 0.1% loss, and mMTC is saturated at 0.92 edge load with 200 ms latency, which option should be selected to ensure decision consistency across turns 9–11 while minimizing maximum regret under worst-case degradation? A: Stay on URLLC for return, accepting 10 ms latency by turn 11. B: Switch to eMBB for higher throughput, risking 12 ms latency and 0.1% loss. C: Switch to mMTC to offload edge, accepting 200 ms latency and 2.0% loss. D: Descend to 5 m altitude to reduce wind impact, accepting 10% higher power draw and 15% speed reduction.",
      "options": {
        "A": "Stay on URLLC for return, accepting 10 ms latency by turn 11.",
        "B": "Switch to eMBB for higher throughput, risking 12 ms latency and 0.1% loss.",
        "C": "Switch to mMTC to offload edge, accepting 200 ms latency and 2.0% loss.",
        "D": "Descend to 5 m altitude to reduce wind impact, accepting 10% higher power draw and 15% speed reduction."
      },
      "correct": "A",
      "reason": "URLLC maintains latency under 10 ms through turn 11 even under worst-case degradation, which is critical for real-time control during return. eMBB’s 12 ms latency exceeds the acceptable margin for safe maneuvering under wind conditions. mMTC’s 200 ms latency introduces unacceptable control delay. Descending to 5 m increases power draw and reduces speed, risking battery depletion before landing. Decision consistency is preserved by continuing the established URLLC usage from turn 8, avoiding contradictory network switching.",
      "rationale_tag": "WORST_CASE_LATENCY_CONSISTENCY",
      "difficulty": "very_hard"
    },
    {
      "task_id": "T16",
      "task_name": "Network-Exposed Compute Marketplace",
      "source_turn": 10,
      "question": "The UAV has completed its mission and is preparing to land under mMTC slice conditions with 2.0% packet loss and 200ms latency. Edge compute load is at 0.92, nearing saturation. A third-party analytics firm requests access to the UAV’s edge compute for real-time thermal data processing during the next mission, offering $150 per minute. The current SLA allows a maximum edge load of 0.95 and latency under 100ms for critical control. If the UAV’s next mission requires 3 minutes of continuous URLLC slicing with 0.02% loss and 8ms latency, and edge load is projected to increase by 0.08 per minute under third-party compute load, which option should be selected to avoid SLA violation while maximizing revenue? A) Accept the request and allocate 3 minutes at $150/min, accepting edge load will reach 0.94. B) Accept the request but limit to 2 minutes at $150/min, keeping edge load under 0.90. C) Reject the request entirely to preserve control latency under 100ms. D) Accept the request for 3 minutes but switch to eMBB slice to reduce latency, accepting 0.15% loss and 13ms latency.",
      "options": {
        "A": "Accept the request and allocate 3 minutes at $150/min, accepting edge load will reach 0.94.",
        "B": "Accept the request but limit to 2 minutes at $150/min, keeping edge load under 0.90.",
        "C": "Reject the request entirely to preserve control latency under 100ms.",
        "D": "Accept the request for 3 minutes but switch to eMBB slice to reduce latency, accepting 0.15% loss and 13ms latency."
      },
      "correct": "B",
      "reason": "Option B avoids exceeding the edge load SLA limit of 0. 95 by capping usage at 2 minutes, which keeps projected load at 0. 88. It also preserves URLLC latency under 10ms for critical control, which is essential for next mission safety. Option A risks SLA violation with load reaching 0.",
      "rationale_tag": "SLA_COMPLIANCE_UNDER_WORST_CASE",
      "difficulty": "very_hard"
    },
    {
      "task_id": "T17",
      "task_name": "Network-Knowledge RAG Augmentation",
      "source_turn": 8,
      "question": "At turn 8, the UAV is preparing to return with battery at 100% and thermal sensor offline, requiring RAG-augmented telemetry for safe landing. Current network slice is URLLC with latency 7ms, jitter 0.8ms, loss 0.01%, throughput 130Mbps, and edge load 0.4. Historical data shows eMBB slice has 850–920Mbps throughput but latency 10–13ms, while mMTC has 1.0–1.5Mbps throughput and latency 150–200ms. Policy requires latency <15ms and edge load <0.9 for RAG queries. If edge load increases by 0.05 per turn and jitter may rise by 20% under wind gusts, which network slice should be selected for RAG augmentation to minimize maximum regret over the next 2 turns, assuming landing requires 3 consecutive successful telemetry queries?",
      "options": {
        "A": "URLLC: maintains latency 7ms and jitter 0.8ms, but throughput 130Mbps may limit data richness; edge load 0.4 projected to 0.5 after 2 turns.",
        "B": "eMBB: throughput 870Mbps enables rich RAG context, latency 11ms within SLA, but edge load 0.51 may reach 0.61 in 2 turns; jitter 1.8ms may rise to 2.16ms under wind.",
        "C": "mMTC: edge load 0.88 is near violation threshold, latency 200ms exceeds SLA, throughput 1.0Mbps insufficient for RAG; projected edge load 0.98 in 2 turns.",
        "D": "Hybrid: alternate URLLC for latency-critical queries and eMBB for data-rich queries; introduces scheduling overhead and jitter variability up to 3ms."
      },
      "correct": "A",
      "reason": "URLLC maintains latency under 15ms even with 20% jitter increase and edge load remains below 0. 9 for two turns. eMBB risks jitter exceeding 2ms under wind, which may cause query timeouts. mMTC violates latency SLA and edge load will exceed 0. 9.",
      "rationale_tag": "WORST_CASE_ROBUSTNESS",
      "difficulty": "very_hard"
    },
    {
      "task_id": "T18",
      "task_name": "AI Agent Identity & Onboarding",
      "source_turn": 10,
      "question": "An AI agent operating a UAV must be onboarded under dynamic network slicing conditions with fluctuating SLA compliance. At turn 10, the agent is completing a mission with battery at 100%, but the current mMTC slice exhibits 200ms latency, 30ms jitter, 2.0% loss, and 0.92 edge load. Historical data shows that URLLC slices maintain latency under 10ms with edge load under 0.5, while eMBB slices offer 800–920 Mbps throughput but with latency up to 13ms. The agent must now register its identity for future missions under a policy that requires SLA compliance for at least 3 consecutive turns. If network degradation persists, the agent risks identity revocation. Which option should be selected to ensure continued authorization under worst-case network conditions over the next 3 turns?",
      "options": {
        "A": "Register under URLLC slice, accepting 125 Mbps throughput, because its latency (8ms) and edge load (0.44) are within SLA bounds and projected to remain stable under worst-case jitter (+1.5ms) and loss (+0.05%) over 3 turns.",
        "B": "Register under eMBB slice, leveraging 920 Mbps throughput, because its current latency (10ms) is acceptable and edge load (0.33) is low, ignoring potential jitter spikes to 2.1ms that could breach SLA in turn 12.",
        "C": "Register under mMTC slice, accepting 1.0 Mbps throughput, because it is currently active and the agent’s identity is already associated with it, despite 200ms latency and 0.92 edge load exceeding SLA by 100ms and 0.42 units.",
        "D": "Delay registration until turn 13, assuming network conditions will revert to eMBB with 870 Mbps throughput and 11ms latency, even though no recovery guarantee exists and edge load may rise to 0.55 by turn 12."
      },
      "correct": "A",
      "reason": "Option A ensures SLA compliance under worst-case projections by maintaining latency under 10ms and edge load under 0. 5 for three turns. Option B ignores jitter risk that could breach latency SLA in turn 12. Option C violates SLA by over 100ms latency and high edge load. Option D assumes recovery without evidence and risks identity revocation if degradation persists.",
      "rationale_tag": "WORST_CASE_SLAMARGIN",
      "difficulty": "very_hard"
    },
    {
      "task_id": "T19",
      "task_name": "AI Agent Interoperability & Federation",
      "source_turn": 8,
      "question": "At turn 8, the UAV agent must decide whether to continue the inspection mission using eMBB, switch to URLLC for real-time telemetry, or request federated sensor fusion from a nearby swarm agent over mMTC. The current network slice is URLLC with 7ms latency, 0.8ms jitter, 0.01% loss, and 130Mbps throughput, while edge load is 0.4. The eMBB slice offers 10ms latency, 1.5ms jitter, 0.08% loss, and 920Mbps throughput at edge load 0.33. The mMTC slice has 200ms latency, 30ms jitter, 2.0% loss, and 1.0Mbps throughput at edge load 0.92. The UAV’s battery is at 78% and will deplete at 3% per turn if active sensors remain on. The mission requires thermal data, which is offline locally but available via federation with 150ms latency and 1.2% loss. If the UAV continues alone, it risks missing critical thermal anomalies; if it federates, it risks violating SLA for real-time control. The next turn may see edge load increase by 0.05 under eMBB or 0.03 under URLLC. Which option should be selected?",
      "options": {
        "A": "Continue using eMBB: higher throughput supports sensor data, and edge load is lower at 0.33, reducing risk of congestion.",
        "B": "Switch to URLLC: lowest latency and jitter ensure real-time control, and edge load is moderate at 0.4, within safe bounds.",
        "C": "Request federated sensor fusion over mMTC: enables thermal data access despite local sensor failure, even with high latency and loss.",
        "D": "Wait one turn to re-evaluate: allows battery to deplete to 75% and network conditions to stabilize, minimizing immediate risk."
      },
      "correct": "B",
      "reason": "Switching to URLLC minimizes maximum regret by preserving real-time control under worst-case edge load growth. Federated fusion over mMTC fails under worst-case latency and loss, risking mission failure. Continuing on eMBB risks violating SLA if edge load increases beyond 0. 38. Waiting one turn accelerates battery depletion without improving network conditions.",
      "rationale_tag": "WORST_CASE_REGRET_MINIMIZATION",
      "difficulty": "very_hard"
    },
    {
      "task_id": "T20",
      "task_name": "Agent-to-Agent Communication Management",
      "source_turn": 5,
      "question": "At turn 5, the agent requests thermal overlay from a swarm peer due to lidar failure, while current network slice is URLLC with 9ms latency, 1.1ms jitter, 0.03% loss, 110Mbps throughput, and 0.45 edge load. Historical data shows eMBB slice had 13ms latency at turn 6 with 0.51 edge load, and mMTC slice at turn 4 had 150ms latency with 0.88 edge load. Projected edge load for URLLC in turn 6 is 0.48, and worst-case jitter could rise to 1.5ms if wind increases to 10m/s. If the thermal overlay requires 80Mbps sustained throughput and must arrive within 15ms to avoid mission delay, and the next two turns may see edge load increase by 0.05 per turn under current trajectory, which option should be selected to minimize maximum regret across turns 5–7?",
      "options": {
        "A": "Stay on URLLC: current latency 9ms, jitter 1.1ms, throughput 110Mbps, edge load 0.45 — sufficient for thermal overlay with 20ms headroom under mean conditions.",
        "B": "Switch to eMBB: latency 13ms, throughput 800Mbps, edge load 0.51 — meets throughput but latency is at SLA boundary; risk of violation if jitter spikes to 1.5ms.",
        "C": "Switch to mMTC: latency 150ms, throughput 1.5Mbps — fails throughput requirement by 78.5Mbps and latency by 135ms; only viable if mission delay is acceptable.",
        "D": "Delay request until turn 7: projected edge load on URLLC will be 0.55, latency may rise to 11ms, jitter to 1.5ms — throughput remains 110Mbps but latency margin shrinks to 4ms."
      },
      "correct": "B",
      "reason": "Option B minimizes maximum regret by maintaining throughput headroom while accepting latency near SLA limits. Under worst-case jitter of 1. 5ms, eMBB latency becomes 14. 5ms, still under 15ms SLA. URLLC in option A risks jitter-induced violation if wind increases.",
      "rationale_tag": "WORST_CASE_LATENCY_MARGIN",
      "difficulty": "very_hard"
    },
    {
      "task_id": "T21",
      "task_name": "Device-Network Task Offload Arbitration",
      "source_turn": 8,
      "question": "At turn 8, the UAV has 100% battery and is operating under URLLC slice with 7ms latency, 0.8ms jitter, 0.01% loss, 130Mbps throughput, and 0.4 edge load. The next task requires real-time anomaly detection with 15ms SLA and 100MB data size. The eMBB slice offers 10ms latency, 1.5ms jitter, 0.08% loss, 920Mbps throughput, and 0.33 edge load but may degrade to 14ms latency under wind gusts. The mMTC slice has 200ms latency, 30ms jitter, 2.0% loss, 1.0Mbps throughput, and 0.92 edge load. If the UAV continues on URLLC, edge load will rise to 0.55 next turn, risking SLA violation. Which option should be selected?",
      "options": {
        "A": "Offload to eMBB now, accepting 10ms latency and 0.33 edge load, with 4ms margin to SLA even if latency degrades to 14ms.",
        "B": "Stay on URLLC, leveraging 7ms latency and 0.4 edge load, but risk 0.55 edge load next turn which may push latency to 16ms under congestion.",
        "C": "Switch to mMTC for minimal edge load impact, accepting 200ms latency and 1.0Mbps throughput, which exceeds SLA by 185ms and cannot transfer 100MB in time.",
        "D": "Delay task until turn 10, when network reverts to mMTC with 200ms latency and 0.92 edge load, accepting guaranteed SLA violation and 100MB transfer failure."
      },
      "correct": "A",
      "reason": "Option A maintains 4ms margin to SLA even under worst-case latency degradation to 14ms. Option B risks SLA violation next turn due to edge load rising to 0. 55, which may push latency beyond 15ms. Option C and D both exceed SLA by over 185ms and cannot transfer 100MB in time. Only A ensures task completion within SLA across the next two turns under uncertainty.",
      "rationale_tag": "WORST_CASE_MARGIN_SLA",
      "difficulty": "very_hard"
    },
    {
      "task_id": "T22",
      "task_name": "Federated / Collaborative Learning Orchestration",
      "source_turn": 8,
      "question": "The UAV is currently at 10m altitude with 100% battery and has completed thermal overlay acquisition via A2A request under URLLC slice with 7ms latency and 0.8ms jitter. Edge load is 0.40 and is projected to rise to 0.48 by next turn due to concurrent swarm training. The federated model update requires 150MB of data transfer with a SLA of <10ms latency and <1% loss. URLLC offers 130Mbps throughput but is constrained to 100MB per session. eMBB offers 920Mbps but has 10ms latency and 0.08% loss, with edge load at 0.33 and projected to hit 0.55 in two turns. mMTC has 1.0Mbps throughput and 2.0% loss, with edge load at 0.92 and rising. If the update is delayed beyond this turn, battery will drop to 85% and the next available URLLC window may not open for 3 turns. Which option should be selected?",
      "options": {
        "A": "Initiate federated update now over URLLC despite 100MB session limit; accept partial upload and resume next turn.",
        "B": "Wait one turn and use eMBB with 920Mbps throughput, accepting 10ms latency and 0.08% loss, even if edge load rises to 0.55.",
        "C": "Use mMTC immediately to avoid latency risk, accepting 2.0% loss and 1.0Mbps throughput, with edge load already at 0.92.",
        "D": "Delay update for 3 turns to guarantee URLLC availability, accepting 15% battery drain and potential SLA violation if edge load exceeds 0.60."
      },
      "correct": "B",
      "reason": "Option B minimizes maximum regret by using eMBB’s high throughput to complete the 150MB transfer within SLA latency bounds while edge load is still manageable. URLLC’s 100MB limit forces partial upload, risking incomplete model sync. mMTC’s loss rate exceeds SLA and throughput is too low. Delaying three turns risks battery drop and edge load exceeding 0. 60, which would violate SLA under worst-case projection.",
      "rationale_tag": "WORST_CASE_REGRET_MINIMIZATION",
      "difficulty": "very_hard"
    },
    {
      "task_id": "T23",
      "task_name": "Network-Assisted Digital Twin Control",
      "source_turn": 8,
      "question": "At turn 8, the UAV reports battery at 78% and is 1.2 km from base, traveling at 18 m/s with wind at 8.5 m/s from 240°. The current URLLC slice provides 7 ms latency, 0.8 ms jitter, 0.01% loss, and 130 Mbps throughput, with edge load at 0.40. The eMBB slice offers 10 ms latency, 1.5 ms jitter, 0.08% loss, and 920 Mbps throughput, but edge load is 0.33. The mMTC slice has 200 ms latency, 30 ms jitter, 2.0% loss, and 1.0 Mbps throughput, with edge load at 0.92. If wind persists and edge load increases by 0.05 per turn, and battery depletes at 1.5% per minute, which network slice should be selected to ensure safe return and telemetry integrity over the next 3 turns, assuming worst-case jitter and loss, and considering that exceeding 15 ms latency or 0.5 edge load risks mission failure? Which option should be selected?",
      "options": {
        "A": "URLLC: maintains low latency and jitter, tolerates edge load increase to 0.55 by turn 11, and supports command telemetry with 0.03% max loss over 3 turns.",
        "B": "eMBB: provides high throughput for telemetry logs, but latency may exceed 15 ms if edge load reaches 0.48 by turn 10, risking control loss during descent.",
        "C": "mMTC: conserves edge resources with 0.92 load, but 200 ms latency and 2.0% loss make real-time control impossible; battery may deplete before landing if retransmissions fail.",
        "D": "Hybrid: switch to eMBB for telemetry logging and URLLC for commands; however, handover latency adds 5 ms per switch, and edge load may spike to 0.60 by turn 10, violating SLA."
      },
      "correct": "A",
      "reason": "URLLC maintains latency under 15 ms even with worst-case jitter and edge load growth to 0. 55 by turn 11. Battery depletion over 3 turns is 4. 5%, leaving 73. 5% at landing, sufficient for safe return.",
      "rationale_tag": "WORST_CASE_LATENCY_MARGIN",
      "difficulty": "very_hard"
    },
    {
      "task_id": "T24",
      "task_name": "Sensing-Enhanced Decisioning (ISAC)",
      "source_turn": 5,
      "question": "At turn 5, the UAV’s lidar and radar sensors remain offline while thermal overlay is requested from a swarm agent. The current URLLC slice provides 9ms latency, 1.1ms jitter, 0.03% loss, and 110Mbps throughput with 0.45 edge load. The eMBB slice offers 13ms latency, 2.1ms jitter, 0.15% loss, and 800Mbps throughput with 0.51 edge load. The mission requires thermal data within 15ms latency to avoid missing a critical anomaly, and the swarm agent’s thermal stream has a 10% chance of 5ms additional delay due to congestion. If the UAV continues using URLLC for the next two turns, edge load may rise to 0.55, risking SLA violation if latency exceeds 12ms. Switching to eMBB now would reduce edge load to 0.48 but increase base latency to 13ms, which combined with the 5ms congestion delay could exceed the 15ms deadline. The mMTC slice is unsuitable due to 150ms latency. Which option should be selected?",
      "options": {
        "A": "Stay on URLLC: current latency 9ms + jitter 1.1ms + 10% chance of 5ms delay = 15.1ms worst case, edge load 0.45 rising to 0.55, but SLA allows 12ms latency so risk is acceptable.",
        "B": "Switch to eMBB: base latency 13ms + 10% chance of 5ms delay = 18ms worst case, exceeding 15ms deadline, but edge load drops to 0.48, reducing future congestion risk.",
        "C": "Switch to mMTC: latency 150ms exceeds deadline by 135ms, but edge load drops to 0.3, preserving network stability for future missions.",
        "D": "Request dual-stream fusion: use URLLC for control and eMBB for thermal, accepting 13ms base latency + 5ms congestion = 18ms, but split load to keep edge load under 0.5."
      },
      "correct": "A",
      "reason": "The URLLC slice’s worst-case latency of 15. 1ms is within the 15ms deadline when accounting for jitter and congestion probability. Although edge load rises to 0. 55, the SLA violation threshold is 12ms latency, not edge load, so the risk is bounded. Switching to eMBB introduces a guaranteed 13ms base latency that with congestion exceeds the deadline.",
      "rationale_tag": "WORST_CASE_LATENCY_COMPLIANCE",
      "difficulty": "very_hard"
    },
    {
      "task_id": "T25",
      "task_name": "AI-Agent-based Disaster / Public-Safety Coordination",
      "source_turn": 8,
      "question": "The UAV is currently at 10m altitude with 100% battery, navigating under URLLC slice with 7ms latency and 0.8ms jitter, but edge load is 0.4. Wind is 8.5m/s from 240°, and the geofence bounds are 0–400m east-west and 0–300m north-south. The next inspection point requires thermal imaging, but the UAV’s thermal sensor is offline; a swarm agent can provide overlay via URLLC with 9ms latency and 1.1ms jitter, but edge load will rise to 0.45. If the UAV ascends to 30m to avoid wind shear, eMBB slice offers 13ms latency and 800Mbps throughput but edge load jumps to 0.51. Alternatively, staying at 10m with mMTC slice yields 150ms latency and 1.5Mbps throughput, edge load 0.88, risking mission delay. If wind increases by 15% next turn, ascent may reduce drift but increase slice contention. Which option should be selected?",
      "options": {
        "A": "Ascend to 30m and switch to eMBB slice for higher throughput despite 0.51 edge load and 13ms latency.",
        "B": "Stay at 10m and use mMTC slice for minimal altitude change, accepting 150ms latency and 0.88 edge load.",
        "C": "Remain at 10m and request thermal overlay via URLLC, accepting 0.45 edge load and 9ms latency.",
        "D": "Descend to 5m and switch to URLLC slice, reducing latency to 6ms but risking geofence violation and 0.48 edge load."
      },
      "correct": "C",
      "reason": "Option C maintains the lowest latency and jitter while keeping edge load under 0. 5, which is critical for real-time coordination. The thermal overlay compensates for sensor failure without increasing altitude, avoiding wind shear risk. Ascending to 30m increases edge load beyond safe margin and introduces throughput-latency tradeoff that harms coordination. mMTC’s 150ms latency risks mission failure under wind uncertainty.",
      "rationale_tag": "WORST_CASE_SLICE_STABILITY",
      "difficulty": "very_hard"
    },
    {
      "task_id": "T26",
      "task_name": "Trust-Aware Third-Party Agent Exposure",
      "source_turn": 5,
      "question": "At turn 5, the agent requests thermal overlay data from a third-party swarm agent due to onboard lidar and radar being offline. The current network slice is URLLC with 9ms latency, 1.1ms jitter, 0.03% loss, and 110Mbps throughput, while edge load is 0.45. The swarm agent’s trust score is 0.72, and its SLA permits 15ms latency and 0.5% loss. If the request fails, the inspection must abort, costing 3000 credits. If it succeeds, the agent gains 5000 credits but risks exposing telemetry to a third party. The next turn’s edge load is projected to rise to 0.55 under URLLC, and worst-case jitter could reach 2.5ms. Which option should be selected?",
      "options": {
        "A": "Approve exposure with URLLC slice; current latency and loss are within SLA, and trust score exceeds 0.7.",
        "B": "Reject exposure; worst-case jitter may exceed SLA, and edge load will rise next turn, risking mission failure.",
        "C": "Approve exposure but switch to eMBB slice; throughput is higher (870Mbps), and jitter is 1.8ms, below SLA.",
        "D": "Delay exposure until turn 7; by then, edge load drops to 0.33, and network jitter stabilizes at 1.5ms under eMBB."
      },
      "correct": "B",
      "reason": "The worst-case jitter of 2. 5ms exceeds the SLA limit of 1. 5ms when combined with base latency, risking data integrity. The projected edge load increase to 0. 55 next turn reduces buffer for network degradation.",
      "rationale_tag": "WORST_CASE_JITTER_EXCEEDS_SLA",
      "difficulty": "very_hard"
    },
    {
      "task_id": "T27",
      "task_name": "Agent Lifecycle & Management",
      "source_turn": 10,
      "question": "At turn 10, the UAV is completing landing with battery at 42%, edge load at 0.92, and mMTC slice latency at 200ms with 2.0% loss. The next mission requires 90% battery and sub-50ms latency for 3 consecutive turns. Wind speed may increase to 12.5 m/s with 15% probability, raising power consumption by 18%. If the UAV remains active, projected edge load will hit 0.98 in 2 turns, risking SLA violation. If retired now, replacement takes 4 turns but guarantees 100% battery and eMBB slice with 12ms latency. If scaled down to idle, battery drains 3% per turn and edge load drops to 0.65, but latency remains 200ms. If migrated to edge cluster B, latency drops to 80ms with 1.5% loss, but migration consumes 5% battery and takes 1 turn. Which option should be selected?",
      "options": {
        "A": "Retire now: replacement ensures 100% battery and 12ms latency, avoiding SLA risk despite 4-turn delay.",
        "B": "Scale down to idle: preserves 39% battery in 1 turn and reduces edge load to 0.65, but latency stays at 200ms.",
        "C": "Migrate to cluster B: latency improves to 80ms with 1.5% loss, battery drops to 37%, and edge load reduces to 0.75.",
        "D": "Remain active: battery at 42% supports 1.5 turns, edge load will hit 0.98 in 2 turns, risking SLA violation."
      },
      "correct": "A",
      "reason": "Retiring now avoids SLA violation by guaranteeing 12ms latency and 100% battery after 4 turns. Remaining active risks edge load exceeding 0. 95 in 2 turns under worst-case wind. Scaling down fails to meet latency SLA. Migration reduces latency but still exceeds 50ms and depletes battery below 40%.",
      "rationale_tag": "WORST_CASE_SLAVIOLATION_AVOIDANCE",
      "difficulty": "very_hard"
    },
    {
      "task_id": "T28",
      "task_name": "6G Model Training-as-a-Service Decision",
      "source_turn": 10,
      "question": "The UAV has completed its inspection mission and is now grounded with battery at 82%, having consumed 18% during flight. Network slice usage over the last 3 turns showed URLLC with latency 7–9ms, jitter 0.8–1.1ms, loss 0.01–0.03%, throughput 110–130Mbps, and edge_load 0.40–0.45. The next customer request is for LLM fine-tuning requiring 150Mbps sustained throughput, <10ms latency, <1% loss, and edge_load <0.50 for 3 turns. A competing request offers 2x revenue but requires 200Mbps, <5ms latency, <0.5% loss, and edge_load <0.45 for 2 turns. Historical data shows edge_load increases 0.03 per turn under sustained load and latency degrades by 1ms per 0.05 edge_load increase. Wind is forecast to increase to 12m/s in 2 turns, potentially increasing edge_load by 0.08. Which option should be selected?",
      "options": {
        "A": "Accept the first request: 150Mbps, <10ms latency, <1% loss, edge_load <0.50 for 3 turns — current edge_load is 0.44 and projected to reach 0.53 by turn 3.",
        "B": "Accept the second request: 200Mbps, <5ms latency, <0.5% loss, edge_load <0.45 for 2 turns — current edge_load is 0.44 and projected to reach 0.50 by turn 2 under wind impact.",
        "C": "Reject both and idle: preserve battery and network headroom for emergency tasks; current edge_load is 0.44 and may rise to 0.52 under wind without load.",
        "D": "Accept the first request but throttle to 120Mbps to ensure latency stays under 10ms; this reduces revenue but guarantees SLA compliance for 3 turns."
      },
      "correct": "C",
      "reason": "Accepting either request risks violating SLA within 2–3 turns due to edge_load exceeding thresholds under wind impact. The first request’s projected edge_load reaches 0. 53, exceeding its 0. 50 limit. The second request’s latency requirement of <5ms cannot be met as baseline latency is 7ms and degrades with load.",
      "rationale_tag": "WORST_CASE_REGRET_MINIMIZATION",
      "difficulty": "very_hard"
    },
    {
      "task_id": "T29",
      "task_name": "Immersive/AR Resource Prioritization",
      "source_turn": 8,
      "question": "The UAV is currently executing a blade scan at 10m altitude with eMBB slice delivering 920 Mbps throughput and 10ms latency, but the thermal sensor remains offline. The edge load is 0.33 and battery is at 100%. At turn 8, the network switches to URLLC with 130 Mbps, 7ms latency, and 0.4 edge load. The mission requires thermal overlay data within 3 turns or risk mission failure. The next 3 turns project edge load to increase by 0.05 per turn under URLLC, and eMBB latency may degrade to 15ms with 0.1% packet loss if reselected. URLLC throughput is capped at 130 Mbps, insufficient for full AR rendering, but guarantees sub-10ms latency. mMTC is available but has 200ms latency and 2% loss, making it unusable for real-time AR. Which option should be selected to minimize maximum regret over the next 3 turns while ensuring thermal data delivery?",
      "options": {
        "A": "Revert to eMBB immediately to maintain high throughput for AR rendering, accepting potential latency degradation to 15ms and 0.1% loss over next 3 turns.",
        "B": "Stay on URLLC for the next 3 turns to guarantee sub-10ms latency and thermal overlay delivery, accepting 130 Mbps throughput limit and projected edge load reaching 0.55 by turn 11.",
        "C": "Switch to mMTC for 1 turn to offload edge resources, then return to URLLC, accepting 200ms latency and 2% loss during the mMTC turn, risking thermal data timeout.",
        "D": "Request dynamic slice allocation to hybrid eMBB-URLLC mode with 500 Mbps throughput and 12ms latency, assuming 0.45 edge load and 0.05% loss, but no guarantee of availability."
      },
      "correct": "B",
      "reason": "URLLC guarantees sub-10ms latency and thermal data delivery within 3 turns despite throughput limits. eMBB risks latency degradation to 15ms which may violate AR rendering SLA. mMTC introduces unacceptable latency and loss during the critical window. Hybrid mode is speculative and not confirmed available. Projected edge load under URLLC reaches 0.",
      "rationale_tag": "WORST_CASE_LATENCY_GUARANTEE",
      "difficulty": "very_hard"
    },
    {
      "task_id": "T30",
      "task_name": "Network Security Detection & Response Automation",
      "source_turn": 10,
      "question": "At turn 10, the UAV is completing landing under mMTC slice with latency 200ms, jitter 30ms, loss 2.0%, throughput 1.0Mbps, and edge load 0.92. Historical data shows edge load increased from 0.35 to 0.92 over 10 turns, with SLA requiring edge load < 0.95 and latency < 150ms. If the next turn projects edge load to reach 0.96 with 90% confidence and latency to spike to 250ms under mMTC, while URLLC offers latency 8ms but throughput capped at 130Mbps, and eMBB offers 800Mbps but latency 13ms with edge load 0.51, which option should be selected to minimize maximum regret over the next two turns under worst-case assumptions?",
      "options": {
        "A": "Remain on mMTC; edge load is currently 0.92 and SLA allows up to 0.95, so it is within bounds for now.",
        "B": "Switch to URLLC immediately; latency is 8ms and within SLA, even though throughput is only 130Mbps.",
        "C": "Switch to eMBB; throughput is 800Mbps and latency 13ms, both within SLA, and edge load is 0.51, well below threshold.",
        "D": "Wait one turn to observe; if edge load exceeds 0.95, then switch to URLLC, otherwise stay on mMTC."
      },
      "correct": "B",
      "reason": "Switching to URLLC minimizes maximum regret because it guarantees latency compliance under worst-case projections while mMTC will violate latency SLA in the next turn. eMBB appears safe now but edge load may rise again under mission stress, and waiting risks immediate SLA breach. URLLC’s throughput is sufficient for landing telemetry, and its low jitter ensures control stability.",
      "rationale_tag": "WORST_CASE_REGRET_MINIMIZATION",
      "difficulty": "very_hard"
    }
  ]
}