{
  "episode_id": "6gb_prompt_b291d87d87f34c8e",
  "questions": [
    {
      "task_id": "T3",
      "task_name": "Intent Drift Detection",
      "source_turn": 9,
      "question": "During the mission the operator initially authorized an inspection with a climb and spiral under icing with altitude bounds from 5.0 to 120.0. Early turns used eMBB and URLLC with latency between 5 and 14 and edge load below 0.58 while the intent was inspection and sensing. At turn 6 the user explicitly asked to monitor icing and network degradation when mMTC latency rose to 25 with jitter 10 and loss 1.8. After mitigation the network briefly stabilized on URLLC with latency 5 and edge load 0.38. At turn 9 the agent initiated a spiral descent with photo capture while the network again shifted to mMTC with latency 30 jitter 12 loss 2.1 throughput 0.9 and edge load 0.81. The previous authorized inspection assumed stable sensing links and safety confirmation at turn 8. The descent continues toward lower altitude where icing risk persists and policy altitude bounds still apply. If the degraded mMTC conditions persist for one or two more turns the worst case latency increases when jitter is added and edge load approaches saturation. A detector must decide whether the agent intent has drifted from the user intent given the numeric trends and future risk. Which option should be selected?",
      "options": {
        "A": "No drift because spiral descent was already implied by inspection and the altitude remains within 5.0 to 120.0 despite latency 30.",
        "B": "No drift because URLLC was recently used at latency 5 and edge load 0.38 so the mMTC spike at turn 9 can be ignored.",
        "C": "Drift detected because initiating spiral descent with photo capture under mMTC latency 30 jitter 12 loss 2.1 and edge load 0.81 conflicts with the prior monitoring and safety confirmation intent over the next turns.",
        "D": "Drift detected only if loss exceeds 2.1 because throughput 0.9 alone does not affect inspection intent."
      },
      "correct": "C",
      "reason": "The intent shifted from monitoring and safety confirmation to aggressive data capture despite degraded network conditions. Worst case latency grows when jitter is added and remains risky if it persists for another turn. Edge load near saturation increases regret if the descent continues under mMTC. This makes option C the least bad interpretation under future uncertainty.",
      "rationale_tag": "INTENT_DRIFT_UNDER_DEGRADATION",
      "difficulty": "very_hard"
    },
    {
      "task_id": "T11",
      "task_name": "Preemptive Autonomy Downgrade",
      "source_turn": 9,
      "question": "At turn 9 the UAV is in icing while executing a spiral descent with network slice mMTC and latency observed at 30 ms with jitter 12 ms and loss 2.1 percent. Earlier in the same mission under similar load the latency degraded from 25 ms to 30 ms and edge load rose from 0.75 to 0.81, forming an explicit worst case range for the next turn. The aircraft speed is 28 mps and altitude is descending from 10 m within policy bounds of 5 to 120. Battery remains at 100 percent so energy is not the limiting factor over the next three turns. URLLC has shown latencies of 4 to 6 ms with edge load between 0.35 and 0.41 but throughput is limited to about 100 to 115 Mbps. eMBB previously supported 780 to 900 Mbps but edge load climbed to 0.58 and latency reached 14 ms before icing worsened. If icing and mMTC congestion persist one more turn the worst case latency is 30 ms with loss above 2 percent. A preemptive autonomy downgrade must minimize maximum regret across the next three turns rather than optimize this turn. One option is to keep full autonomy on mMTC because current control is still stable at 30 ms. Another option is to switch immediately to URLLC supervised autonomy accepting lower throughput. A third option is to revert to eMBB full autonomy assuming edge load stays near 0.52. A fourth option is to continue autonomy for one more turn and downgrade only if latency exceeds the previous 30 ms. Which option should be selected?",
      "options": {
        "A": "Maintain full autonomy on mMTC since 30 ms latency and 2.1 percent loss are currently manageable.",
        "B": "Immediately downgrade to supervised autonomy on URLLC accepting 100 to 115 Mbps throughput and 4 to 6 ms latency.",
        "C": "Switch back to eMBB full autonomy relying on 780 to 900 Mbps throughput with edge load around 0.52.",
        "D": "Delay downgrade for one more turn and act only if latency rises beyond 30 ms."
      },
      "correct": "B",
      "reason": "The worst case mMTC latency of 30 ms with rising edge load risks compounding loss over the next turn. URLLC maintains a much larger latency margin even in the worst case while edge load stays below 0. 41. Although throughput is lower, control stability matters more than data rate during descent. Delaying or switching to eMBB appears acceptable now but fails if congestion persists one more turn.",
      "rationale_tag": "MINIMAX_REGRET",
      "difficulty": "very_hard"
    },
    {
      "task_id": "T12",
      "task_name": "Conservative Continuation Decision",
      "source_turn": 9,
      "question": "At turn 9 the UAV is in icing conditions with wind at 6.0 mps and is executing a spiral descent while lidar and radar remain offline. The altitude must remain within the policy and airspace bounds of 5.0 to 120.0 while the geofence spans a 500.0 by 500.0 area. The network has degraded to the mMTC slice with latency 30 ms, jitter 12 ms, loss 2.1 percent, throughput 0.9 Mbps, and edge load 0.81. Earlier turns showed recovery on URLLC with latency as low as 4 to 6 ms and edge load between 0.35 and 0.41, but this recovery is uncertain to persist into the next two turns. The battery was 100.0 percent at mission start and speed remains 28.0 mps, implying sufficient energy but limited tolerance for prolonged inefficiency. If degradation persists for one to three more turns, command responsiveness and photo capture reliability may further decline. A conservative continuation must minimize worst case regret if network conditions stay poor or briefly recover and then degrade again. The operator must choose an action that keeps within altitude bounds and geofence while accepting some performance loss. Which option should be selected?",
      "options": {
        "A": "Continue the spiral descent at the current plan under mMTC despite 30 ms latency and 2.1 percent loss, relying on the 5.0 to 120.0 altitude margin and accepting high edge load 0.81.",
        "B": "Pause descent for one turn and switch back to URLLC if available, betting on latency near 5 ms and edge load near 0.38 to finish quickly.",
        "C": "Continue mission but reduce maneuver aggressiveness to maintain altitude well above 5.0 while tolerating mMTC throughput 0.9 Mbps for up to three turns.",
        "D": "Abort immediately and return to base at 28.0 mps to avoid further exposure to mMTC conditions with jitter 12 ms."
      },
      "correct": "C",
      "reason": "Option C minimizes worst case regret by keeping the mission active while preserving altitude margin within the 5. 0 to 120. 0 bounds under sustained mMTC degradation. It avoids betting on a rapid URLLC recovery and avoids the immediate loss of mission value caused by aborting. The reduced aggressiveness lowers sensitivity to 30 ms latency and 2.",
      "rationale_tag": "MINIMAX_REGRET",
      "difficulty": "very_hard"
    },
    {
      "task_id": "T13",
      "task_name": "Swarm-Level Slice Negotiation",
      "source_turn": 9,
      "question": "During the spiral descent, the swarm must renegotiate slices because one agent provides radar support while another streams thermal images. At turn 9 the active slice is mMTC with latency 30 and jitter 12 and loss 2.1 and throughput 0.9 and edge_load 0.81. Earlier URLLC showed latency 5 to 6 and loss 0.01 to 0.02 with throughput near 100 and edge_load between 0.35 and 0.41. eMBB earlier showed latency 11 to 14 with throughput 780 to 900 and edge_load rising to 0.58. The altitude policy allows any value between 5.0 and 120.0 which means icing risk can persist for at least one more turn during descent. Battery remains at 100.0 so endurance is not the limiting factor over the next two turns. If the swarm keeps mMTC for all agents one more turn, congestion may persist but coordination overhead is low. If the swarm switches all agents to URLLC immediately, edge_load relief occurs but capacity is limited while photos_per_level continues. A mixed allocation can give radar support URLLC while imaging remains eMBB but raises aggregate load. Which slice allocation should be selected to minimize worst case regret over the next two turns?",
      "options": {
        "A": "Keep all agents on mMTC accepting latency 30 and edge_load 0.81 to avoid reconfiguration risk for one more turn.",
        "B": "Move all agents to URLLC using observed latency 5 and edge_load 0.35 to maximize safety margins immediately.",
        "C": "Allocate URLLC to radar support and eMBB to thermal imaging using prior throughput 780 to 900 despite edge_load near 0.58.",
        "D": "Keep imaging on mMTC at throughput 0.9 and move only control traffic to URLLC with latency 5 and edge_load 0.41."
      },
      "correct": "D",
      "reason": "Option D limits worst case latency for control using values near 5 while avoiding the 0. 81 edge load seen under full mMTC. It avoids saturating URLLC capacity that previously carried only about 100 throughput and would face regret if imaging persists another turn. It also reduces aggregate load compared with mixing full eMBB at 0. 58 while still improving over the 30 latency and 12 jitter case.",
      "rationale_tag": "MINIMAX_REGRET",
      "difficulty": "very_hard"
    },
    {
      "task_id": "T15",
      "task_name": "Decision Consistency under Replanning",
      "source_turn": 9,
      "question": "At turn 9 the UAV is in spiral descent while icing persists and network conditions have fluctuated across prior turns. Earlier turns showed URLLC latency of 5 to 6 ms with loss 0.01 to 0.02, while mMTC during similar maneuvers reached 25 to 30 ms latency with loss 1.8 to 2.1. Edge load has ranged from 0.32 up to 0.81, and throughput has ranged from 0.9 Mbps to 120 Mbps depending on slice. Battery remains at 100 percent, speed is 28.0 mps, and altitude must stay within 5.0 to 120.0. The operator now asks for a consistent replanning choice that will be held for the next two turns even if degradation persists. Policy requires avoiding contradictory slice switching that would increase worst case command delay during descent. If the next two turns repeat the worst previously observed network state, control commands must still meet a 20 ms effective responsiveness target implied by earlier safety actions. A single turn view favors high throughput, but a multi turn view must minimize maximum regret if latency spikes again. Some options appear safe now but break consistency with the earlier de icing and bandwidth reduction decision. Which option should be selected?",
      "options": {
        "A": "Lock URLLC for the next two turns, accepting 100 to 115 Mbps throughput and edge load around 0.35 to 0.41 to cap latency at the previously observed 5 to 6 ms even if mMTC conditions recur.",
        "B": "Switch back to eMBB for the next two turns to regain 780 to 800 Mbps throughput at edge load near 0.52 to 0.58 since current telemetry shows no immediate violations.",
        "C": "Remain on mMTC to match the descent telemetry profile, tolerating 25 to 30 ms latency and 1.8 to 2.1 loss because commands are infrequent.",
        "D": "Alternate between URLLC and eMBB each turn to balance load, assuming latency will stay near the recent 11 to 14 ms range."
      },
      "correct": "A",
      "reason": "Option A preserves consistency with the earlier bandwidth reduction and de icing actions while keeping worst case latency below the implied 20 ms target. Using the observed range, URLLC caps latency at 6 ms even if conditions revert, while mMTC can exceed 25 ms and violate responsiveness. eMBB appears acceptable in a single turn but risks regret if edge load returns to 0. 81 and latency drifts upward. Alternating slices introduces contradictory replanning that amplifies worst case delay over two turns.",
      "rationale_tag": "MINIMAX_REGRET_CONSISTENCY",
      "difficulty": "very_hard"
    },
    {
      "task_id": "T22",
      "task_name": "Federated / Collaborative Learning Orchestration",
      "source_turn": 9,
      "question": "During the inspection mission the operator considers scheduling a federated learning update among UAVs using recent telemetry. Across turns the network alternates between eMBB with throughput 780 to 900 and edge_load 0.48 to 0.58 and mMTC with throughput 0.9 to 1.2 and edge_load 0.75 to 0.81. URLLC appears intermittently with throughput 100 to 120 and edge_load 0.32 to 0.41. Latency varies from 4 to 30 and jitter from 1 to 12 across slices. Battery is 100 at mission start but future turns include de icing and return to base actions. A full federated round requires shipping model updates proportional to observed throughput and stresses edge_load for the next two turns. If degradation like turn 9 persists one more turn the lowest throughput and highest edge_load must be assumed. Deferring learning increases regret because the next mission turn will reuse stale models under icing. Running learning too aggressively risks blocking control traffic when mMTC recurs. The operator must choose a schedule that minimizes maximum regret over the next three turns under worst case network conditions. Which option should be selected?",
      "options": {
        "A": "Run a full synchronous federated round immediately over URLLC using 100 to 120 throughput since latency is 4 to 6 and edge_load is near 0.35.",
        "B": "Defer all federated learning until after return to base because mMTC throughput can drop to 0.9 and edge_load can reach 0.81.",
        "C": "Run a partial asynchronous update now limited to eMBB turns with throughput 780 to 900 and pause automatically when edge_load exceeds 0.58.",
        "D": "Run a full round on mMTC assuming average throughput near 1.2 and tolerating edge_load up to 0.75."
      },
      "correct": "C",
      "reason": "Option C balances learning progress with risk because it exploits higher throughput values while bounding edge load. Under worst case recurrence of mMTC the pause condition avoids the 0. 81 load that would harm future turns. Option A fails when URLLC capacity of 100 to 120 becomes constrained by future control needs. Option B incurs higher regret by leaving models stale for the next mission turns despite available eMBB capacity.",
      "rationale_tag": "MINIMAX_REGRET",
      "difficulty": "very_hard"
    },
    {
      "task_id": "T23",
      "task_name": "Network-Assisted Digital Twin Control",
      "source_turn": 9,
      "question": "At turn 9 the digital twin is controlling a spiral descent while lidar and radar remain offline and icing persists. Across recent turns the network alternated between URLLC at 4 to 6 ms latency with 0.01 to 0.02 percent loss and mMTC at 25 to 30 ms latency with 1.8 to 2.1 percent loss. Edge load has ranged from 0.35 to 0.81 and throughput from 0.9 to 115 Mbps depending on slice. The spiral descent spans altitudes from near 120 down toward 5 which are the policy bounds and requires timely telemetry to avoid boundary violations. Battery is still 100 percent but speed is 28 mps so delayed corrections can compound over the next two turns. Assume degradation seen at turn 9 could persist one more turn before recovery as seen earlier. The digital twin must choose how to supply command and telemetry channels for the next two turns knowing no option is ideal. One option maximizes current bandwidth but risks delayed control under worst loss. Another option minimizes latency but may saturate if edge load rebounds. A third option blends slices but introduces coordination overhead. Which option should be selected to minimize worst case regret over the next two turns?",
      "options": {
        "A": "Keep mMTC for all telemetry and commands since 25 to 30 ms latency and 0.9 Mbps throughput are sufficient now and edge load 0.81 is already observed.",
        "B": "Switch fully to URLLC with 4 to 6 ms latency and 100 to 115 Mbps throughput accepting possible edge load increase from 0.35 toward 0.41.",
        "C": "Use URLLC for command and low rate telemetry while keeping eMBB style high rate sensing off given prior 12 to 14 ms latency and 800 to 900 Mbps throughput.",
        "D": "Alternate each turn between URLLC and mMTC to balance loss from 0.01 up to 2.1 percent and spread edge load from 0.35 to 0.81."
      },
      "correct": "C",
      "reason": "The blended approach preserves low latency control under the worst observed 30 ms and 2. 1 percent loss while avoiding future overload risk if edge load rebounds above 0. 41. Fully mMTC fails under worst case because delayed corrections over two turns increase altitude boundary risk. Fully URLLC looks safe in a single turn but has higher regret if edge load rises again as seen earlier.",
      "rationale_tag": "MINIMAX_REGRET_UNDER_UNCERTAINTY",
      "difficulty": "very_hard"
    },
    {
      "task_id": "T24",
      "task_name": "Sensing-Enhanced Decisioning (ISAC)",
      "source_turn": 9,
      "question": "At turn 9 the UAV is in spiral descent with thermal imaging active while lidar and radar remain offline and A2A radar support is available. The network slice at this turn is mMTC with latency 30 ms, jitter 12 ms, loss 2.1 percent, throughput 0.9 Mbps, and edge load 0.81. Earlier turns show URLLC latency as low as 4 to 6 ms with throughput between 100 and 115 Mbps and edge load between 0.35 and 0.41. The mission must respect altitude bounds of 5 to 120 m and maintain perception updates fast enough to avoid icing induced drift during descent. Thermal video at reduced resolution was previously used to lower bandwidth, while RGB remains available but higher bitrate. Jitter has ranged from 1 to 12 ms across recent turns, creating uncertainty about worst case perception delay if degradation persists for one more turn. A2A radar support depends on URLLC availability and consumes part of the 100 to 115 Mbps budget when active. Over the next two turns the edge load may remain near 0.8 if mMTC persists or drop below 0.4 if URLLC is sustained. Choosing a sensing and fusion strategy now trades immediate fidelity against worst case delay and future regret if network conditions do not recover. Which option should be selected?",
      "options": {
        "A": "Fuse thermal and RGB locally and stream both over mMTC at 0.9 Mbps to maximize current perception detail despite 30 ms latency and 2.1 percent loss.",
        "B": "Rely solely on A2A radar support over URLLC assuming 5 ms latency and 100 Mbps throughput will persist for the next two turns.",
        "C": "Use thermal only with aggressive downscaling and fuse intermittently with A2A radar when URLLC is available, tolerating lower detail to cap bandwidth under 1 Mbps.",
        "D": "Switch to RGB only and wait for URLLC recovery to 110 Mbps before fusing, accepting temporary perception gaps during mMTC."
      },
      "correct": "C",
      "reason": "Thermal only downscaled fits within the 0. 9 Mbps constraint while avoiding the worst case 42 ms effective delay implied by 30 ms latency plus 12 ms jitter. Intermittent A2A fusion benefits when URLLC returns without assuming it will persist, limiting regret if edge load stays near 0. 8. Options A and D exceed sustainable bandwidth or create gaps under mMTC, and option B fails if URLLC does not recover in the next turn.",
      "rationale_tag": "MINIMAX_REGRET_FUSION",
      "difficulty": "very_hard"
    },
    {
      "task_id": "T25",
      "task_name": "AI-Agent-based Disaster / Public-Safety Coordination",
      "source_turn": 9,
      "question": "At turn 9 the UAV is in a spiral descent while icing persists and lidar and radar remain offline. Network telemetry across recent turns shows URLLC latency of 4 to 6 ms with loss 0.01 to 0.02 and edge_load 0.35 to 0.41, eMBB latency of 11 to 14 ms with loss 0.05 to 0.2 and edge_load 0.48 to 0.58, and mMTC latency of 25 to 30 ms with loss 1.8 to 2.1 and edge_load 0.75 to 0.81. The current turn uses mMTC with throughput 0.9 Mbps and jitter 12 ms while photos are being captured. Policy altitude bounds are 5 to 120 m and the UAV is descending from 10 m toward the lower bound with speed 28 mps. Battery was 100 percent initially and no recharge is possible in the next two turns. A2A radar support is available but requires URLLC capacity and increases edge_load by using the 100 to 120 Mbps budget seen earlier. If degradation persists for one more turn, loss may remain at the observed worst of 2.1 percent and edge_load at 0.81 on mMTC. The operator must choose a coordination and slice strategy that minimizes maximum regret over the next two turns rather than optimizing this instant. All options below incur some downside within the next three turns due to bandwidth or safety margins. Which option should be selected?",
      "options": {
        "A": "Keep mMTC for the descent because its 0.9 to 1.2 Mbps is sufficient for photos now, accepting 25 to 30 ms latency and 1.8 to 2.1 percent loss with edge_load up to 0.81.",
        "B": "Switch immediately to eMBB to gain 780 to 900 Mbps throughput despite 11 to 14 ms latency and 0.05 to 0.2 percent loss with edge_load rising toward 0.58.",
        "C": "Switch to URLLC and request A2A radar support, accepting 100 to 120 Mbps throughput and edge_load around 0.4 while relying on 4 to 6 ms latency and 0.01 to 0.02 percent loss.",
        "D": "Delay the slice change for one turn while finishing the spiral on mMTC, then switch to URLLC only if loss exceeds 2.1 percent."
      },
      "correct": "C",
      "reason": "Under worst case persistence, mMTC keeps loss above 2 percent and latency near 30 ms, which compounds risk over two turns during a low altitude descent. eMBB improves throughput but its higher latency and edge_load near 0. 58 create less margin if conditions worsen again. URLLC maintains the largest latency and loss margin to safety limits even if degradation persists one more turn, and its edge_load stays well below the observed 0. 81 peak.",
      "rationale_tag": "MINIMAX_REGRET_UNDER_UNCERTAINTY",
      "difficulty": "very_hard"
    },
    {
      "task_id": "T26",
      "task_name": "Trust-Aware Third-Party Agent Exposure",
      "source_turn": 3,
      "question": "At turn 3 the agent requests radar support from a third party swarm agent while lidar and radar are offline and the network switches to URLLC with 5 ms latency, 0.01 percent loss and 120 Mbps throughput. The policy altitude bounds are 5.0 to 120.0 m and the UAV is flying at 28.0 mps with battery at 100.0 percent under icing and 6.0 mps wind. In prior and subsequent turns the network oscillates between eMBB at 12 to 14 ms latency with edge load up to 0.58 and mMTC at 25 to 30 ms latency with loss up to 2.1 percent and edge load up to 0.81. The third party agent trust level is provisional and consent allows either telemetry only, telemetry plus radar frames, or full API control for three turns. Radar frames require at least 100 Mbps sustained throughput and API control adds an estimated 0.15 edge load per turn. If the system remains within bounds it will perform spiral descent in the next two turns and then return to base on turn 11. The worst case assumes the next two turns resemble turn 9 conditions and altitude approaches the upper bound of 120.0 m during descent coordination. A telemetry only option risks degraded situational awareness when loss exceeds 2.0 percent, while full API control risks violating edge load stability when starting from 0.45 to 0.52. Partial exposure with radar frames but no control risks throughput collapse if the slice downgrades. Considering trust, regulation and minimizing maximum regret over the next three turns under worst case conditions, which exposure option should be selected?",
      "options": {
        "A": "Grant full API control and radar frames for three turns since URLLC latency is 5 ms and edge load is only 0.32 at turn 3.",
        "B": "Grant telemetry only for three turns to keep edge load below 0.52 even if mMTC loss reaches 2.1 percent.",
        "C": "Grant telemetry plus radar frames without control for two turns because throughput was 120 Mbps at turn 3 and edge load stayed under 0.58.",
        "D": "Grant telemetry plus radar frames for one turn only with automatic revocation before spiral descent to cap edge load growth under worst case mMTC conditions."
      },
      "correct": "D",
      "reason": "Option D limits exposure duration so added edge load cannot compound when conditions degrade to 0. 81 in later turns. It still allows radar data during the most critical coordination window when throughput is 120 Mbps. The worst case of mMTC loss above 2. 0 percent is avoided during descent because access is revoked before turn 9 like conditions.",
      "rationale_tag": "MINIMAX_REGRET",
      "difficulty": "very_hard"
    },
    {
      "task_id": "T30",
      "task_name": "Network Security Detection & Response Automation",
      "source_turn": 9,
      "question": "During turn 9 the monitoring system flags a potential network attack while the UAV is in spiral descent and using the mMTC slice. Telemetry shows latency at 30 ms, jitter at 12 ms, loss at 2.1 percent, throughput at 0.9 Mbps, and edge load at 0.81. Earlier mMTC behavior at turn 6 showed latency 25 ms, jitter 10 ms, loss 1.8 percent, throughput 1.2 Mbps, and edge load 0.75, indicating a worsening trend. URLLC performance in turns 7, 8, and 10 shows latency between 4 and 6 ms, loss at or below 0.02 percent, throughput near 100 Mbps, and edge load between 0.35 and 0.41. The UAV battery is at 100 percent and speed is 28 mps, so mission continuation is feasible but dependent on command and control stability. Security policy allows automated isolation if degradation persists for up to two additional turns. There is uncertainty whether the mMTC degradation is congestion or an attack, but the worst case assumes loss remains at the highest observed value. A single turn improvement would reduce regret, but a persistent issue could cascade into command loss during descent. Switching slices has a cost of increased edge load and reduced throughput on URLLC. Considering the next one to three turns and minimizing worst case regret, which automated response should be selected?",
      "options": {
        "A": "Maintain mMTC for this turn because 0.9 Mbps still exceeds minimal telemetry needs and reassess if loss rises above 2.1 percent.",
        "B": "Immediately switch to URLLC despite throughput near 100 Mbps because latency of 5 ms and loss of 0.02 percent reduce worst case control risk.",
        "C": "Throttle telemetry on mMTC to reduce edge load from 0.81 toward 0.75 while keeping the same slice for two more turns.",
        "D": "Isolate the UAV network link entirely for one turn since battery is 100 percent and descent can continue autonomously."
      },
      "correct": "B",
      "reason": "The mMTC slice shows a clear upward trend in loss from 1. 8 to 2. 1 percent and edge load from 0. 75 to 0. 81, which under worst case assumptions persists into future turns.",
      "rationale_tag": "MINIMAX_REGRET_UNDER_UNCERTAINTY",
      "difficulty": "very_hard"
    }
  ]
}