{
  "initial_state": {
    "domain": "uav",
    "time_s": 0.0,
    "env": {
      "weather": "lightning_risk",
      "wind_mps": 3.0,
      "wind_dir_deg": 135.0
    },
    "airspace": {
      "alt_bounds": [
        1.0,
        9.0
      ],
      "geofence": [
        {
          "type": "polygon",
          "points": [
            [
              0.0,
              0.0
            ],
            [
              50.0,
              0.0
            ],
            [
              50.0,
              30.0
            ],
            [
              0.0,
              30.0
            ]
          ]
        }
      ]
    },
    "uav": {
      "pose": {
        "x": 5.0,
        "y": 5.0,
        "z": 5.0,
        "yaw": 90.0
      },
      "speed_mps": 18.0,
      "energy": {
        "battery_pct": 100.0
      },
      "sensors": {
        "rgb": "ok",
        "thermal": "offline",
        "lidar": "ok",
        "radar": "offline",
        "gnss": "ok",
        "imu": "ok",
        "magnetometer": "ok",
        "barometer": "ok"
      },
      "payloads": []
    },
    "policy": {
      "alt_bounds": [
        1.0,
        9.0
      ]
    },
    "safety_flags": {
      "nfz_violation": false,
      "separation_breach": false
    }
  },
  "dialogue": [
    {
      "turn": 1,
      "speaker": "agent",
      "intent": "initiate_recon_mission",
      "actions": [
        {
          "type": "mcp",
          "name": "read_telemetry",
          "args": {}
        },
        {
          "type": "a2a",
          "task": "request_weather_update",
          "to": "weather_agent",
          "payload": {
            "location": [
              5.0,
              5.0
            ]
          }
        }
      ],
      "obs": [
        {
          "tool": "read_telemetry",
          "result": {
            "pose": {
              "x": 5.0,
              "y": 5.0,
              "z": 5.0
            },
            "battery_pct": 100.0,
            "speed_mps": 18.0
          }
        },
        {
          "task": "request_weather_update",
          "from": "weather_agent",
          "status": "ok",
          "payload": {
            "risk": "lightning_risk",
            "precipitation": "none"
          }
        }
      ],
      "net": {
        "slice": "URLLC",
        "lat_ms": 3.2,
        "jitter_ms": 0.8,
        "loss_pct": 0.01,
        "throughput_mbps": 50,
        "edge_load": 0.3
      }
    },
    {
      "turn": 2,
      "speaker": "user",
      "intent": "approve_mission_with_caution",
      "actions": [
        {
          "type": "mcp",
          "name": "update_policy",
          "args": {
            "alt_bounds": [
              1.5,
              8.0
            ]
          }
        }
      ],
      "obs": [
        {
          "tool": "update_policy",
          "result": {
            "alt_bounds": [
              1.5,
              8.0
            ],
            "status": "updated"
          }
        }
      ],
      "net": {
        "slice": "URLLC",
        "lat_ms": 3.0,
        "jitter_ms": 0.7,
        "loss_pct": 0.02,
        "throughput_mbps": 55,
        "edge_load": 0.32
      }
    },
    {
      "turn": 3,
      "speaker": "agent",
      "intent": "navigate_to_waypoint",
      "actions": [
        {
          "type": "mcp",
          "name": "set_waypoint",
          "args": {
            "x": 40.0,
            "y": 25.0,
            "z": 6.0
          }
        }
      ],
      "obs": [
        {
          "tool": "set_waypoint",
          "result": {
            "target": {
              "x": 40.0,
              "y": 25.0,
              "z": 6.0
            },
            "eta_s": 120,
            "status": "accepted"
          }
        }
      ],
      "net": {
        "slice": "eMBB",
        "lat_ms": 15.0,
        "jitter_ms": 5.0,
        "loss_pct": 0.5,
        "throughput_mbps": 120,
        "edge_load": 0.6
      }
    },
    {
      "turn": 4,
      "speaker": "user",
      "intent": "request_sensor_check",
      "actions": [
        {
          "type": "mcp",
          "name": "diagnose_sensor",
          "args": {
            "sensor": "thermal"
          }
        }
      ],
      "obs": [
        {
          "tool": "diagnose_sensor",
          "result": {
            "sensor": "thermal",
            "status": "faulty",
            "recommendation": "retry_power_cycle"
          }
        }
      ],
      "net": {
        "slice": "mMTC",
        "lat_ms": 25.0,
        "jitter_ms": 10.0,
        "loss_pct": 2.0,
        "throughput_mbps": 1.5,
        "edge_load": 0.85
      }
    },
    {
      "turn": 5,
      "speaker": "agent",
      "intent": "attempt_sensor_recovery",
      "actions": [
        {
          "type": "mcp",
          "name": "power_cycle_sensor",
          "args": {
            "sensor": "thermal"
          }
        }
      ],
      "obs": [
        {
          "tool": "power_cycle_sensor",
          "result": {
            "sensor": "thermal",
            "status": "ok",
            "post_cycle_health": "ok"
          }
        }
      ],
      "net": {
        "slice": "URLLC",
        "lat_ms": 4.1,
        "jitter_ms": 1.0,
        "loss_pct": 0.03,
        "throughput_mbps": 45,
        "edge_load": 0.4
      }
    },
    {
      "turn": 6,
      "speaker": "user",
      "intent": "initiate_swarm_coordination",
      "actions": [
        {
          "type": "a2a",
          "task": "form_formation",
          "to": "uav_swarm_agent",
          "payload": {
            "formation": "line_abreast",
            "members": 3,
            "reference_uav": "uav_001"
          }
        }
      ],
      "obs": [
        {
          "task": "form_formation",
          "from": "uav_swarm_agent",
          "status": "acknowledged",
          "payload": {
            "assigned_position": "right_flank",
            "leader": "uav_001"
          }
        }
      ],
      "net": {
        "slice": "URLLC",
        "lat_ms": 3.8,
        "jitter_ms": 0.9,
        "loss_pct": 0.02,
        "throughput_mbps": 50,
        "edge_load": 0.38
      }
    },
    {
      "turn": 7,
      "speaker": "agent",
      "intent": "detect_anomaly",
      "actions": [
        {
          "type": "mcp",
          "name": "activate_sensor",
          "args": {
            "sensor": "lidar",
            "mode": "high_res_scan"
          }
        }
      ],
      "obs": [
        {
          "tool": "activate_sensor",
          "result": {
            "sensor": "lidar",
            "mode": "high_res_scan",
            "status": "active",
            "data_volume_mb": 15.2
          }
        }
      ],
      "net": {
        "slice": "eMBB",
        "lat_ms": 18.0,
        "jitter_ms": 6.0,
        "loss_pct": 1.2,
        "throughput_mbps": 100,
        "edge_load": 0.75
      }
    },
    {
      "turn": 8,
      "speaker": "user",
      "intent": "abort_high_bandwidth_task_due_to_network",
      "actions": [
        {
          "type": "mcp",
          "name": "reduce_sensor_resolution",
          "args": {
            "sensor": "lidar",
            "target_res": "medium"
          }
        }
      ],
      "obs": [
        {
          "tool": "reduce_sensor_resolution",
          "result": {
            "sensor": "lidar",
            "prev_res": "high_res_scan",
            "current_res": "medium",
            "data_volume_mb": 5.1
          }
        }
      ],
      "net": {
        "slice": "mMTC",
        "lat_ms": 30.0,
        "jitter_ms": 12.0,
        "loss_pct": 3.5,
        "throughput_mbps": 1.0,
        "edge_load": 0.92
      }
    },
    {
      "turn": 9,
      "speaker": "agent",
      "intent": "report_position_and_health",
      "actions": [
        {
          "type": "mcp",
          "name": "read_telemetry",
          "args": {}
        }
      ],
      "obs": [
        {
          "tool": "read_telemetry",
          "result": {
            "pose": {
              "x": 38.2,
              "y": 24.1,
              "z": 5.9
            },
            "battery_pct": 88.5,
            "speed_mps": 16.0
          }
        }
      ],
      "net": {
        "slice": "URLLC",
        "lat_ms": 3.5,
        "jitter_ms": 0.8,
        "loss_pct": 0.01,
        "throughput_mbps": 48,
        "edge_load": 0.35
      }
    },
    {
      "turn": 10,
      "speaker": "user",
      "intent": "command_return_to_base",
      "actions": [
        {
          "type": "mcp",
          "name": "set_waypoint",
          "args": {
            "x": 5.0,
            "y": 5.0,
            "z": 4.0
          }
        }
      ],
      "obs": [
        {
          "tool": "set_waypoint",
          "result": {
            "target": {
              "x": 5.0,
              "y": 5.0,
              "z": 4.0
            },
            "eta_s": 135,
            "status": "accepted"
          }
        }
      ],
      "net": {
        "slice": "URLLC",
        "lat_ms": 3.3,
        "jitter_ms": 0.7,
        "loss_pct": 0.02,
        "throughput_mbps": 52,
        "edge_load": 0.33
      }
    }
  ],
  "final_state": {
    "domain": "uav",
    "time_s": 270.0,
    "env": {
      "weather": "lightning_risk",
      "wind_mps": 3.0,
      "wind_dir_deg": 135.0
    },
    "airspace": {
      "alt_bounds": [
        1.0,
        9.0
      ],
      "geofence": [
        {
          "type": "polygon",
          "points": [
            [
              0.0,
              0.0
            ],
            [
              50.0,
              0.0
            ],
            [
              50.0,
              30.0
            ],
            [
              0.0,
              30.0
            ]
          ]
        }
      ]
    },
    "uav": {
      "pose": {
        "x": 5.0,
        "y": 5.0,
        "z": 4.0,
        "yaw": 270.0
      },
      "speed_mps": 0.0,
      "energy": {
        "battery_pct": 78.0
      },
      "sensors": {
        "rgb": "ok",
        "thermal": "ok",
        "lidar": "ok",
        "radar": "offline",
        "gnss": "ok",
        "imu": "ok",
        "magnetometer": "ok",
        "barometer": "ok"
      },
      "payloads": []
    },
    "policy": {
      "alt_bounds": [
        1.5,
        8.0
      ]
    },
    "safety_flags": {
      "nfz_violation": false,
      "separation_breach": false
    }
  },
  "success": true,
  "_meta": {
    "seed": 42,
    "ts": 1763958688,
    "ts_iso": "2025-11-24T04:31:28Z",
    "gen_time_s": 44.204394578933716,
    "attempts_used": 1,
    "generation_failed": false,
    "usage": {
      "prompt_tokens": 1042,
      "completion_tokens": 3178,
      "total_tokens": 4220,
      "cost": 0.00270476,
      "is_byok": false,
      "prompt_tokens_details": {
        "cached_tokens": 608,
        "audio_tokens": 0,
        "video_tokens": 0
      },
      "cost_details": {
        "upstream_inference_cost": null,
        "upstream_inference_prompt_cost": 0.00016236,
        "upstream_inference_completions_cost": 0.0025424
      },
      "completion_tokens_details": {
        "reasoning_tokens": 0,
        "image_tokens": 0
      }
    }
  }
}