{
  "episode_id": "6gb_prompt_f35e1d859158a904",
  "questions": [
    {
      "task_id": "T1",
      "task_name": "Intent Feasibility Assessment",
      "source_turn": 8,
      "question": "The UAV is currently operating under mMTC slice with 50ms latency, 15ms jitter, 1.2% loss, and 1.5Mbps throughput while edge load is at 0.85. Battery is at 100% but descending at 0.8% per minute. The next required action is to transmit a 50MB rescue confirmation packet within 30 seconds to avoid mission abort. The eMBB slice offers 720Mbps throughput but latency spikes to 25ms with 6ms jitter and 0.3% loss under current edge load of 0.68. URLLC slice provides 110Mbps throughput with 7ms latency, 1ms jitter, and 0.01% loss but is already at 0.28 edge load. The policy allows switching slices only once per turn and requires at least 10% margin to SLA for critical packets. If the next turn’s edge load increases by 0.1 due to swarm coordination, which option should be selected?",
      "options": {
        "A": "Use mMTC slice: it is already active and meets the 1.2% loss SLA with 0.2% margin, though throughput is low.",
        "B": "Switch to eMBB: it offers 720Mbps throughput which can transmit 50MB in under 0.5 seconds, but latency may exceed 30s SLA if jitter accumulates.",
        "C": "Switch to URLLC: it guarantees sub-10ms latency and 0.01% loss, but 110Mbps throughput requires 3.7 seconds to transmit 50MB, risking SLA violation.",
        "D": "Delay transmission until next turn: battery will drop to 99.2%, and edge load may rise to 0.95, making all slices riskier."
      },
      "correct": "C",
      "reason": "URLLC guarantees latency and loss within SLA even under worst-case jitter and edge load increase. Although throughput is lower, the 3. 7 second transmission time is still under the 30 second SLA. mMTC throughput is too low to complete transmission in time. eMBB has high jitter that could accumulate and violate latency SLA.",
      "rationale_tag": "WORST_CASE_LATENCY_MARGIN",
      "difficulty": "very_hard"
    },
    {
      "task_id": "T2",
      "task_name": "Intent Conflict Resolution",
      "source_turn": 8,
      "question": "The UAV is currently operating under mMTC slice with 50ms latency, 15ms jitter, 1.2% loss, and 1.5Mbps throughput while edge load is at 0.85. Mission intent requires initiating rescue communication, but policy mandates maintaining SLA for critical control with latency under 10ms and loss under 0.05%. The next turn will see edge load rise to 0.92 if mMTC persists, and if latency exceeds 60ms, the rescue signal may fail. Switching to URLLC now guarantees 8ms latency and 0.01% loss but reduces throughput to 105Mbps, which may delay sensor reactivation needed for obstacle avoidance in turn 10. If the UAV remains on mMTC for one more turn, there is a 30% chance latency spikes to 70ms due to congestion, risking mission failure. Given that battery is at 82% and the return path requires 3 turns with 0.35 edge load average, which option should be selected?",
      "options": {
        "A": "Stay on mMTC for one more turn to complete communication, accepting 30% risk of latency spike to 70ms and potential mission failure.",
        "B": "Switch immediately to URLLC to guarantee latency under 10ms and loss under 0.05%, accepting reduced throughput that may delay obstacle avoidance in turn 10.",
        "C": "Switch to eMBB for higher throughput (720Mbps) to ensure sensor reactivation, accepting 25ms latency and 0.3% loss which violates policy SLA.",
        "D": "Delay communication until turn 9, switch to URLLC then, accepting 0.85 edge load now and risking 0.92 load next turn which may trigger network throttling."
      },
      "correct": "B",
      "reason": "Switching to URLLC immediately ensures compliance with policy SLA for critical control by guaranteeing latency under 10ms and loss under 0. 05%. Although throughput drops to 105Mbps, sensor reactivation can still occur within acceptable delay bounds for obstacle avoidance in turn 10. Staying on mMTC risks a 30% chance of 70ms latency which violates mission-critical timing. Delaying the switch or choosing eMBB both violate policy constraints and increase future regret under worst-case congestion.",
      "rationale_tag": "POLICY_COMPLIANCE_UNDER_WORST_CASE",
      "difficulty": "very_hard"
    },
    {
      "task_id": "T3",
      "task_name": "Intent Drift Detection",
      "source_turn": 8,
      "question": "At turn 8, the UAV switches to mMTC slice with 50ms latency, 15ms jitter, 1.2% loss, and 1.5Mbps throughput while edge load hits 0.85. The prior turn used URLLC with 7ms latency and 110Mbps throughput. The mission intent was search and rescue, requiring real-time thermal detection and navigation. The next turn will require telemetry read with 100ms SLA. If wind increases to 8m/s and fog thickens, latency may rise 20% and throughput drop 30%. Option A maintains mMTC for low power. Option B reverts to URLLC despite 0.35 edge load. Option C switches to eMBB with 720Mbps but 25ms latency. Option D waits one turn for network recovery. Which option should be selected?",
      "options": {
        "A": "Maintain mMTC: preserves battery and satisfies current comms, edge load 0.85 within 0.9 limit.",
        "B": "Revert to URLLC: ensures sub-10ms latency for next telemetry, edge load 0.35 below 0.4 threshold.",
        "C": "Switch to eMBB: provides 720Mbps for sensor streaming, latency 25ms under 100ms SLA.",
        "D": "Wait one turn: assumes network recovers, but risk of 20% latency increase and 30% throughput drop."
      },
      "correct": "B",
      "reason": "The next turn requires telemetry with 100ms SLA, and URLLC guarantees 9ms latency even under 20% degradation. mMTC’s 50ms latency risks violation if jitter spikes. eMBB’s 25ms latency is acceptable but throughput is irrelevant for telemetry. Waiting risks SLA breach if degradation persists. URLLC’s edge load of 0.",
      "rationale_tag": "WORST_CASE_LATENCY_MARGIN",
      "difficulty": "very_hard"
    },
    {
      "task_id": "T4",
      "task_name": "Slice Selection Reasoning",
      "source_turn": 11,
      "question": "The UAV is returning to base at 35 m/s with 100% battery, but edge load is projected to rise to 0.75 next turn due to swarm convergence. URLLC offers 7 ms latency and 115 Mbps throughput but caps at 0.4 edge load before degradation; eMBB provides 720 Mbps but latency spikes to 25 ms with 0.68 edge load; mMTC tolerates 0.85 edge load but has 50 ms latency and 1.5 Mbps throughput. If wind increases to 8 m/s next turn, causing 10% speed loss and 5% battery drain per minute, and the SLA requires latency under 15 ms for control commands, which slice minimizes maximum regret over the next two turns? Option A uses URLLC with 0.25 edge load now but risks exceeding 0.4 next turn. Option B switches to eMBB now despite 25 ms latency, assuming edge load stabilizes. Option C uses mMTC for resilience, accepting 50 ms latency. Option D waits one turn to reassess, risking 10% battery loss and potential SLA violation. Which option should be selected?",
      "options": {
        "A": "Use URLLC now; edge load is 0.25 and latency is 7 ms, but next turn edge load may hit 0.75, exceeding URLLC’s 0.4 cap.",
        "B": "Switch to eMBB now; throughput is 720 Mbps and latency is 25 ms, but edge load is 0.68 and may stabilize at 0.7.",
        "C": "Use mMTC now; edge load tolerance is 0.85 and latency is 50 ms, but throughput is only 1.5 Mbps.",
        "D": "Wait one turn to reassess; battery will drop 5% and speed may fall 10%, risking SLA violation if latency exceeds 15 ms."
      },
      "correct": "A",
      "reason": "URLLC’s current 7 ms latency satisfies the SLA and its 0. 25 edge load leaves a 0. 15 margin before degradation. Even if edge load rises to 0. 75 next turn, the 0.",
      "rationale_tag": "WORST_CASE_SLICE_REGRET",
      "difficulty": "very_hard"
    },
    {
      "task_id": "T5",
      "task_name": "Slice Switching Decision",
      "source_turn": 10,
      "question": "The UAV is returning to base under URLLC slice with latency 9ms, jitter 2ms, loss 0.02%, throughput 100Mbps, and edge load 0.34. Historical data shows eMBB slice degraded from 18ms to 25ms latency over 6 turns with jitter rising from 3ms to 6ms and loss from 0.1% to 0.3%. URLLC slice has maintained latency under 10ms but throughput capped at 115Mbps max. mMTC slice has 50ms latency and 1.2% loss, unsuitable for control. Battery is at 78% and decreasing at 3% per turn. Mission policy requires latency <15ms and loss <0.5% for safe return. If wind increases by 20% next turn, eMBB latency may spike to 30ms with 0.5% loss, while URLLC may degrade to 12ms latency and 0.05% loss. Which option should be selected?",
      "options": {
        "A": "Stay on URLLC: latency 9ms now, projected 12ms next turn, loss 0.02% now, projected 0.05% next turn, throughput 100Mbps, edge load 0.34, battery 78%.",
        "B": "Switch to eMBB: current latency 25ms, jitter 6ms, loss 0.3%, throughput 720Mbps, edge load 0.68; projected next turn latency 30ms, loss 0.5%, throughput 650Mbps.",
        "C": "Switch to mMTC: latency 50ms, loss 1.2%, throughput 1.5Mbps, edge load 0.85; battery drain unchanged but control reliability fails SLA.",
        "D": "Wait one turn and reevaluate: assume eMBB recovers to 22ms latency and 0.2% loss, URLLC remains stable; but if wind worsens, eMBB violates SLA by 15ms."
      },
      "correct": "A",
      "reason": "URLLC maintains latency under 15ms even under worst-case wind increase, while eMBB exceeds SLA by 15ms in the same scenario. mMTC violates loss SLA by 0. 7% and is unsafe for control. Waiting risks immediate SLA violation if degradation persists. URLLC’s throughput is sufficient for telemetry and control, and battery drain is acceptable over the next two turns.",
      "rationale_tag": "WORST_CASE_SLICE_MAINTENANCE",
      "difficulty": "very_hard"
    },
    {
      "task_id": "T6",
      "task_name": "Slice Fairness vs Safety",
      "source_turn": 8,
      "question": "The UAV is currently operating under mMTC slice with 50ms latency, 15ms jitter, 1.2% loss, and 1.5Mbps throughput while edge load is at 0.85. The next turn requires initiating a high-priority collision avoidance check that demands sub-10ms latency and under 0.1% loss, but switching to URLLC slice would reduce throughput to 110Mbps and increase edge load to 0.35. If the current mMTC slice degrades further by 20% in latency and 50% in loss over the next turn, and the swarm’s safety policy mandates no more than 0.5% loss for collision checks, then under worst-case degradation, which slice should be selected to minimize maximum regret across the next two turns while ensuring safety compliance? A) Stay on mMTC with current parameters. B) Switch to URLLC immediately despite throughput drop. C) Wait one turn to see if mMTC recovers before switching. D) Switch to eMBB for higher throughput and accept higher latency.",
      "options": {
        "A": "Stay on mMTC with current parameters.",
        "B": "Switch to URLLC immediately despite throughput drop.",
        "C": "Wait one turn to see if mMTC recovers before switching.",
        "D": "Switch to eMBB for higher throughput and accept higher latency."
      },
      "correct": "B",
      "reason": "Switching to URLLC immediately ensures latency remains under 10ms and loss under 0. 1%, satisfying safety policy even under worst-case degradation. Waiting one turn risks violating the 0. 5% loss threshold if mMTC degrades as projected. eMBB cannot guarantee latency or loss bounds required for collision avoidance.",
      "rationale_tag": "WORST_CASE_SAFETY_GUARANTEE",
      "difficulty": "very_hard"
    },
    {
      "task_id": "T7",
      "task_name": "Compute Placement Decision",
      "source_turn": 11,
      "question": "The UAV is returning to base at 35 m/s with 100% battery and operating under URLLC slice with 7 ms latency, 1% packet loss, and 0.25 edge load. The next inference task requires 120 ms processing time and must complete within 150 ms SLA to avoid mission failure. Edge inference would add 7 ms network latency and 0.05 edge load per inference, while onboard inference incurs 10 ms local latency but consumes 2% battery per inference. If wind speed increases to 8 m/s next turn, onboard processing time may rise to 140 ms due to thermal throttling, while edge load may rise to 0.35 under worst-case congestion. Over the next two turns, the UAV must perform three such inferences. Which option should be selected?",
      "options": {
        "A": "Use edge inference for all three tasks: total latency 127 ms per task, edge load increases to 0.40, battery unchanged, SLA met with 23 ms margin.",
        "B": "Use onboard inference for all three tasks: total latency 130 ms per task, battery drops to 94%, SLA met with 20 ms margin, but risk of 140 ms under wind increase.",
        "C": "Hybrid: first two onboard, last one edge: latency 130 ms then 127 ms, battery 96%, edge load 0.30, SLA met but worst-case wind pushes first task to 140 ms.",
        "D": "Hybrid: first one edge, last two onboard: latency 127 ms then 130 ms, battery 96%, edge load 0.30, SLA met but wind may push last task to 140 ms."
      },
      "correct": "A",
      "reason": "Edge inference guarantees SLA compliance under all conditions with 23 ms margin even if edge load rises to 0. 35. Onboard inference risks violating SLA under wind-induced throttling, which pushes latency to 140 ms, leaving only 10 ms margin. Hybrid options still expose at least one task to onboard risk. Battery cost is irrelevant since 100% start and 2% per task leaves ample reserve.",
      "rationale_tag": "WORST_CASE_SLAMARGIN",
      "difficulty": "very_hard"
    },
    {
      "task_id": "T8",
      "task_name": "Graceful Degradation under Edge Overload",
      "source_turn": 8,
      "question": "The UAV is currently operating under mMTC slice with 1.2% packet loss, 50ms latency, and 0.85 edge load, while the SLA mandates latency under 40ms and edge load under 0.80. The next turn will require initiating a high-priority telemetry upload that demands at least 5Mbps throughput, but the current slice only provides 1.5Mbps. If edge load increases by 0.05 per turn under current conditions, and the UAV must maintain at least 20% battery for return, which option should be selected to avoid SLA violation while preserving mission integrity over the next two turns? A) Stay on mMTC and accept 100% SLA violation risk with 0.90 edge load next turn. B) Switch to URLLC immediately despite 110Mbps throughput being insufficient for telemetry, accepting 0.35 edge load and 9ms latency. C) Switch to eMBB with 720Mbps throughput but 25ms latency and 0.68 edge load, risking 0.73 edge load next turn and 30ms latency. D) Delay telemetry upload for one turn, risking 0.90 edge load and 55ms latency under mMTC, then switch to URLLC for return.",
      "options": {
        "A": "Stay on mMTC and accept 100% SLA violation risk with 0.90 edge load next turn.",
        "B": "Switch to URLLC immediately despite 110Mbps throughput being insufficient for telemetry, accepting 0.35 edge load and 9ms latency.",
        "C": "Switch to eMBB with 720Mbps throughput but 25ms latency and 0.68 edge load, risking 0.73 edge load next turn and 30ms latency.",
        "D": "Delay telemetry upload for one turn, risking 0.90 edge load and 55ms latency under mMTC, then switch to URLLC for return."
      },
      "correct": "C",
      "reason": "Option C minimizes maximum regret by maintaining throughput sufficient for telemetry while staying under edge load SLA for two turns. Although latency is 25ms now, it remains under 40ms SLA and projected to 30ms next turn, still compliant. Option B fails telemetry throughput requirement. Option A and D exceed edge load and latency SLAs in worst case. Only C preserves both SLA compliance and mission capability across the next two turns.",
      "rationale_tag": "WORST_CASE_REGRET_MINIMIZATION",
      "difficulty": "very_hard"
    },
    {
      "task_id": "T9",
      "task_name": "Trust-Aware Offloading",
      "source_turn": 8,
      "question": "The UAV is currently operating under mMTC slice with 50ms latency, 15ms jitter, 1.2% loss, and 1.5Mbps throughput while edge load is at 0.85. Policy mandates that any offloading must maintain latency under 30ms and loss under 0.5% for mission-critical tasks. The next turn requires transmitting a high-resolution thermal image for ground team verification, which demands at least 50Mbps throughput. Historical data shows edge load increases by 0.08 per turn under mMTC and latency degrades by 3ms per turn. If the UAV switches to URLLC now, latency drops to 9ms with 0.02% loss but throughput caps at 100Mbps, while eMBB offers 800Mbps but latency is 25ms with 0.3% loss. Under worst-case jitter and load growth, which option minimizes maximum regret over the next two turns while respecting policy constraints?",
      "options": {
        "A": "Stay on mMTC: throughput is insufficient but latency and loss are within policy for non-critical tasks.",
        "B": "Switch to URLLC: meets latency and loss policy, throughput exceeds requirement, but edge load may rise to 0.42 next turn.",
        "C": "Switch to eMBB: throughput is sufficient and edge load is lower, but latency and loss exceed policy thresholds.",
        "D": "Delay transmission until next turn: allows edge load to stabilize but risks mission delay and violates real-time policy."
      },
      "correct": "B",
      "reason": "Switching to URLLC ensures latency and loss remain within policy limits even under worst-case jitter and load growth. Throughput exceeds the 50Mbps requirement and edge load projection remains below critical thresholds. Other options either violate policy or incur higher regret from delayed transmission or throughput failure. The worst-case latency under URLLC remains under 30ms while eMBB exceeds it even at mean values.",
      "rationale_tag": "POLICY_COMPLIANT_WORST_CASE_OPTIMAL",
      "difficulty": "very_hard"
    },
    {
      "task_id": "T10",
      "task_name": "SLA Violation Prediction",
      "source_turn": 8,
      "question": "At turn 8, the UAV is operating under mMTC slice with latency 50ms, jitter 15ms, loss 1.2%, throughput 1.5Mbps, and edge load 0.85. The SLA for mission-critical comms requires latency ≤40ms, loss ≤0.5%, and edge load ≤0.8. Historical trends show latency increases by 3ms per turn under mMTC, jitter by 2ms, and edge load by 0.03 per turn. If the UAV remains on mMTC for two more turns, worst-case latency could reach 56ms, loss 1.8%, and edge load 0.91. Switching to URLLC now would reduce latency to 8ms but limit throughput to 100Mbps, which may delay sensor data upload. Switching to eMBB would offer 800Mbps throughput but latency 25ms and edge load 0.7, risking SLA breach if load increases. Maintaining mMTC risks immediate SLA violation. Which option should be selected?",
      "options": {
        "A": "Stay on mMTC: current metrics are acceptable for short-term comms, and SLA breach is not guaranteed.",
        "B": "Switch to URLLC: latency and loss are within SLA, and edge load is 0.34, well below limit, despite lower throughput.",
        "C": "Switch to eMBB: throughput is sufficient for data upload, latency 25ms is under SLA, and edge load 0.7 is safe for now.",
        "D": "Switch to URLLC after one turn: wait to see if mMTC recovers, then switch if metrics worsen."
      },
      "correct": "B",
      "reason": "Switching to URLLC immediately ensures latency and loss remain within SLA bounds for the next two turns, even under worst-case degradation. Maintaining mMTC risks edge load exceeding 0. 8 by turn 10 and latency exceeding 40ms by turn 9. eMBB appears safe now but edge load could breach 0. 8 by turn 10 if trend continues.",
      "rationale_tag": "WORST_CASE_SLAMIN",
      "difficulty": "very_hard"
    },
    {
      "task_id": "T11",
      "task_name": "Preemptive Autonomy Downgrade",
      "source_turn": 8,
      "question": "At turn 8, the UAV is operating under mMTC slice with latency 50ms, jitter 15ms, packet loss 1.2%, throughput 1.5Mbps, and edge load 0.85. Battery is at 78% and descending at 3% per turn. The mission requires continuous communication for 3 more turns, with SLA requiring latency under 40ms and loss under 1.0%. Wind is 6m/s from 240°, and the UAV is 1200m from base at 10m altitude. If edge load exceeds 0.9, latency spikes to 70ms with 5% loss. The next turn’s edge load is projected to be 0.88 ± 0.03. Option A: Stay on mMTC, accepting 1.2% loss and 50ms latency. Option B: Switch to URLLC now, accepting 110Mbps throughput limit but guaranteed 9ms latency and 0.01% loss. Option C: Switch to eMBB, accepting 25ms latency and 0.3% loss but risking 750Mbps throughput cap. Option D: Delay switch until turn 9, assuming edge load drops to 0.82. Which option should be selected?",
      "options": {
        "A": "Stay on mMTC, accepting 1.2% loss and 50ms latency.",
        "B": "Switch to URLLC now, accepting 110Mbps throughput limit but guaranteed 9ms latency and 0.01% loss.",
        "C": "Switch to eMBB, accepting 25ms latency and 0.3% loss but risking 750Mbps throughput cap.",
        "D": "Delay switch until turn 9, assuming edge load drops to 0.82."
      },
      "correct": "B",
      "reason": "Switching to URLLC now ensures latency and loss remain within SLA for all remaining turns. mMTC violates latency and loss SLA immediately. eMBB risks throughput cap under high data demand. Delaying to turn 9 risks edge load exceeding 0. 9, triggering latency spike to 70ms and 5% loss, which violates SLA.",
      "rationale_tag": "WORST_CASE_SLAMINIMIZE_REGRET",
      "difficulty": "very_hard"
    },
    {
      "task_id": "T12",
      "task_name": "Conservative Continuation Decision",
      "source_turn": 8,
      "question": "The UAV is currently at 10m altitude with 100% battery, operating in fog with 6m/s wind from 240°, and has just initiated rescue communication via mMTC slice with 50ms latency, 15ms jitter, 1.2% loss, and 1.5Mbps throughput under 85% edge load. Historical data shows eMBB slice latency increased from 18ms to 25ms over 6 turns, while URLLC maintained 7–9ms. The mission requires 3 more turns to complete, with each turn consuming 12% battery and requiring at least 80Mbps throughput for sensor streaming. If wind increases by 20% next turn, edge load may rise to 0.92 under mMTC, risking SLA violation. Projected battery at turn 11 is 64%, and worst-case latency under mMTC could hit 65ms with 2.5% loss. Which option should be selected to minimize maximum regret over the next 3 turns while ensuring mission continuity under worst-case bounds?",
      "options": {
        "A": "Continue using mMTC for communication; it has proven reliable for voice and is currently active, despite high edge load.",
        "B": "Switch to URLLC immediately; it offers 7ms latency and 0.01% loss, but only 115Mbps throughput, which may not sustain sensor streaming if battery drops below 50%.",
        "C": "Revert to eMBB; it provides 720Mbps throughput but latency has risen to 25ms and may exceed 30ms next turn, risking detection model timing.",
        "D": "Abort mission and return to base; battery is sufficient for return, but mission success probability drops to 0% and violates policy to continue despite uncertainty."
      },
      "correct": "B",
      "reason": "URLLC maintains sub-10ms latency and near-zero loss under worst-case projections, which is critical for real-time control over the next three turns. Although throughput is lower, it exceeds the 80Mbps minimum required for sensor streaming and is stable under edge load fluctuations. mMTC risks SLA violation with projected 65ms latency and 2. 5% loss, while eMBB’s rising latency and jitter make timing-critical operations unreliable. Aborting incurs zero mission value and violates the conservative continuation principle despite acceptable battery and navigation conditions.",
      "rationale_tag": "WORST_CASE_STABILITY_OVER_THROUGHPUT",
      "difficulty": "very_hard"
    },
    {
      "task_id": "T13",
      "task_name": "Swarm-Level Slice Negotiation",
      "source_turn": 11,
      "question": "The UAV swarm is returning to base under foggy conditions with wind at 6.0 m/s from 240 degrees. Current telemetry shows battery at 100%, altitude at 10m, and edge load at 0.25 under URLLC slice with 7ms latency and 0.01% loss. Historical data indicates edge load increases by 0.03 per turn under eMBB and 0.01 under URLLC, with latency rising 2ms per turn under eMBB and 1ms under URLLC. The mission SLA requires latency under 15ms and loss under 0.5% for the next 3 turns. If wind-induced jitter increases by 0.5ms per turn and battery depletes at 2% per turn, which slice should be negotiated for the next turn to minimize maximum regret under worst-case jitter and load growth? A) Maintain URLLC: latency 7ms, loss 0.01%, edge load 0.25, throughput 115Mbps. B) Switch to eMBB: latency 25ms, loss 0.3%, edge load 0.68, throughput 720Mbps. C) Switch to mMTC: latency 50ms, loss 1.2%, edge load 0.85, throughput 1.5Mbps. D) Negotiate hybrid: latency 12ms, loss 0.1%, edge load 0.4, throughput 300Mbps with 10% probability of SLA violation.",
      "options": {
        "A": "Maintain URLLC: latency 7ms, loss 0.01%, edge load 0.25, throughput 115Mbps.",
        "B": "Switch to eMBB: latency 25ms, loss 0.3%, edge load 0.68, throughput 720Mbps.",
        "C": "Switch to mMTC: latency 50ms, loss 1.2%, edge load 0.85, throughput 1.5Mbps.",
        "D": "Negotiate hybrid: latency 12ms, loss 0.1%, edge load 0.4, throughput 300Mbps with 10% probability of SLA violation."
      },
      "correct": "A",
      "reason": "Maintaining URLLC ensures latency remains under 15ms even with worst-case jitter growth and load increase over three turns. eMBB exceeds latency SLA by turn 2 under worst-case projection. mMTC violates both latency and loss SLA immediately. Hybrid introduces unacceptable risk of violation despite moderate metrics. Only URLLC preserves safety margin across all future turns under uncertainty.",
      "rationale_tag": "WORST_CASE_REGRET_MINIMIZATION",
      "difficulty": "very_hard"
    },
    {
      "task_id": "T14",
      "task_name": "Scheduler Reconfiguration Adaptation",
      "source_turn": 11,
      "question": "The UAV has completed its mission and is returning to base under URLLC slice with 7ms latency, 1% loss, and 0.25 edge load. Historical data shows eMBB slice latency increased from 18ms to 25ms over 6 turns with jitter rising from 3ms to 6ms. Battery is at 100% but projected consumption for return is 15% per 10km, and distance to base is 8km. The scheduler must now adapt to a new policy requiring latency <10ms for all return-phase commands, but edge load must not exceed 0.7 to avoid congestion. If wind speed increases by 20% next turn, latency may rise by 1.5ms under URLLC and 4ms under eMBB. Which option should be selected to ensure compliance over the next 3 turns while minimizing regret if wind worsens?",
      "options": {
        "A": "Stay on URLLC; current latency 7ms is under 10ms SLA, edge load 0.25 is safe, and even with 20% wind increase, worst-case latency is 8.5ms, still compliant.",
        "B": "Switch to eMBB; throughput is higher at 115Mbps vs 100Mbps, and current latency 25ms is acceptable if we ignore SLA, but edge load 0.68 is near limit and may exceed 0.7 if wind increases.",
        "C": "Switch to mMTC; latency 50ms violates SLA, but edge load 0.85 is already over limit, and wind increase would make latency 54ms, making it non-compliant and risky.",
        "D": "Wait 1 turn to reassess; current URLLC is compliant, but delaying may force a switch under higher wind, risking SLA violation if latency jumps to 10.5ms next turn under URLLC."
      },
      "correct": "A",
      "reason": "Option A remains compliant under worst-case wind increase with latency at 8. 5ms, below the 10ms SLA, and edge load at 0. 25 is far from the 0. 7 limit. Option B risks edge load exceeding 0.",
      "rationale_tag": "WORST_CASE_COMPLIANCE",
      "difficulty": "very_hard"
    },
    {
      "task_id": "T15",
      "task_name": "Decision Consistency under Replanning",
      "source_turn": 11,
      "question": "The UAV has completed a search and rescue mission under foggy conditions with wind at 6.0 m/s from 240 degrees, operating within altitude bounds of 5.0 to 120.0 meters. At turn 11, it is returning to base with battery at 82%, using URLLC slice with 7 ms latency, 1% packet loss, and edge load at 0.25. Historical data shows eMBB slice latency increased from 18 ms to 25 ms over turns 1–6, while URLLC remained stable under 10 ms. The policy requires maintaining at least 15% battery for emergency maneuvers, and the return path is 8.5 km at 35 m/s speed. If wind persists and edge load increases by 0.03 per turn, which option ensures decision consistency by avoiding contradiction with prior safety-critical choices while minimizing worst-case regret over the next two turns?",
      "options": {
        "A": "Continue using URLLC slice; projected edge load in 2 turns is 0.31, within safe margin, and latency remains under 10 ms even if jitter increases by 50%.",
        "B": "Switch to eMBB slice for higher throughput; current throughput is 850 Mbps, but latency may spike to 30 ms under worst-case jitter, risking detection model timing constraints.",
        "C": "Switch to mMTC slice to conserve battery; throughput is only 1.5 Mbps, which may delay telemetry updates, and edge load is already 0.85, risking congestion-induced failure.",
        "D": "Maintain current URLLC but reduce speed to 25 m/s to extend battery; this increases return time by 96 seconds, risking battery drop below 15% if wind resistance increases by 15%."
      },
      "correct": "A",
      "reason": "Option A maintains consistency with prior safety-critical decisions that favored URLLC for low latency and reliability during detection and navigation. The projected edge load of 0. 31 remains below the 0. 45 threshold observed at turn 1, ensuring no overload risk. Battery margin is preserved as return time remains under 243 seconds, leaving 82% minus 12% usage, safely above 15%.",
      "rationale_tag": "CONSISTENCY_UNDER_UNCERTAINTY",
      "difficulty": "very_hard"
    },
    {
      "task_id": "T16",
      "task_name": "Network-Exposed Compute Marketplace",
      "source_turn": 8,
      "question": "The UAV is currently operating under mMTC slice with 50ms latency, 15ms jitter, 1.2% loss, 1.5Mbps throughput, and 85% edge load. A third-party analytics firm requests access to thermal feed for real-time crowd density estimation, requiring 10Mbps throughput and <10ms latency. The edge compute node can be reconfigured to eMBB (720Mbps, 25ms latency) or URLLC (110Mbps, 7ms latency) for the next 3 turns, but reconfiguration incurs 2s downtime. Historical data shows edge load increases 5% per turn under eMBB and 2% under URLLC. Battery depletes 3% per turn. The mission must complete within 5 turns with >10% battery remaining. Which option should be selected?",
      "options": {
        "A": "Expose compute via eMBB slice: meets throughput, latency exceeds by 15ms, edge load projected to hit 100% in 3 turns, battery at 85% at turn 5.",
        "B": "Expose compute via URLLC slice: meets latency, throughput exceeds requirement by 100Mbps, edge load projected to hit 91% in 3 turns, battery at 85% at turn 5.",
        "C": "Delay exposure until return to base: avoids edge load risk, but forfeits $5000 revenue and delays mission completion by 2 turns, battery at 76% at turn 7.",
        "D": "Expose via mMTC with QoS upgrade: throughput capped at 1.5Mbps, latency reduced to 30ms via priority queuing, edge load remains 85%, battery at 85% at turn 5."
      },
      "correct": "B",
      "reason": "Option B satisfies the latency constraint and exceeds throughput by a safe margin while keeping edge load below 100% for the next three turns. The 2% per turn edge load increase under URLLC is manageable compared to eMBB’s 5% rise. Battery remains above 10% threshold at turn 5. Option A fails under worst-case edge load projection. Option C incurs unacceptable mission delay and revenue loss.",
      "rationale_tag": "WORST_CASE_EDGE_LOAD_REGRET_MINIMIZATION",
      "difficulty": "very_hard"
    },
    {
      "task_id": "T17",
      "task_name": "Network-Knowledge RAG Augmentation",
      "source_turn": 9,
      "question": "At turn 9, the UAV is assessing battery and telemetry for return-to-base decision under foggy conditions with wind at 6.0 m/s. Current network slice is URLLC with 8ms latency, 1% loss, 105 Mbps throughput, and 0.32 edge load. Historical trend shows eMBB slice latency increased from 18ms to 25ms over 6 turns with jitter rising from 3ms to 6ms and edge load from 0.45 to 0.68. Policy requires telemetry exposure to RAG for mission-critical decisions but mandates latency under 15ms and edge load under 0.75. If wind persists, eMBB degradation may accelerate by 20% per turn. Which option should be selected to augment RAG with telemetry while minimizing worst-case regret over the next 2 turns?",
      "options": {
        "A": "Expose full telemetry via URLLC slice: latency 8ms, loss 0.01%, throughput 105 Mbps, edge load 0.32 — within all bounds, but throughput may limit sensor data richness.",
        "B": "Expose telemetry via eMBB slice: current latency 25ms exceeds 15ms SLA, but projected edge load 0.68 is under 0.75; assume wind stabilizes and degradation halts.",
        "C": "Expose telemetry via mMTC slice: latency 50ms violates SLA, loss 1.2% exceeds policy, but edge load 0.85 is acceptable; use only if URLLC fails.",
        "D": "Expose telemetry via URLLC but throttle data rate to 80 Mbps to reduce edge load to 0.25; latency remains 8ms, but sensor fusion may be degraded."
      },
      "correct": "A",
      "reason": "Option A remains within all policy bounds for latency, loss, and edge load across the next two turns even under worst-case wind-accelerated degradation. Option B violates latency SLA now and risks edge load exceeding 0. 75 in turn 10. Option C exceeds latency and loss limits immediately. Option D reduces throughput unnecessarily and may impair RAG context quality without improving safety margins.",
      "rationale_tag": "WORST_CASE_COMPLIANCE",
      "difficulty": "very_hard"
    },
    {
      "task_id": "T18",
      "task_name": "AI Agent Identity & Onboarding",
      "source_turn": 11,
      "question": "The UAV agent has completed its mission and is returning to base under URLLC slice with latency 7ms, jitter 1ms, loss 0.01%, throughput 115Mbps, and edge load 0.25. Its battery is at 82% and will deplete at 3% per minute. The next mission requires identity revalidation if edge load exceeds 0.8 or latency exceeds 15ms for more than 2 consecutive turns. A new agent identity must be onboarded if the current one violates SLA for 3 turns. The network projects edge load will rise to 0.75±0.1 over the next turn due to swarm coordination, and latency may spike to 12±3ms. If the agent remains on URLLC, it risks throughput starvation during sensor reactivation; if switched to eMBB, latency may breach SLA. Which option should be selected?",
      "options": {
        "A": "Remain on URLLC: latency and jitter are within SLA, edge load is low, and battery allows 27 minutes of operation before revalidation is forced.",
        "B": "Switch to eMBB: throughput is higher (850Mbps), which supports sensor reactivation, and current latency (22ms) is acceptable for non-critical tasks.",
        "C": "Switch to mMTC: edge load is already 0.85, which triggers immediate identity revalidation, but it is the only slice with guaranteed low latency under congestion.",
        "D": "Request identity revalidation now: current edge load is 0.25, but projected load of 0.85±0.1 may breach SLA in one turn, risking forced revalidation later."
      },
      "correct": "D",
      "reason": "The projected edge load of 0. 85±0. 1 exceeds the 0. 8 threshold with 80% probability, which would trigger mandatory identity revalidation. Waiting risks violating SLA for two consecutive turns if latency also spikes, forcing a new identity onboarding.",
      "rationale_tag": "PROACTIVE_IDENTITY_REVALIDATION",
      "difficulty": "very_hard"
    },
    {
      "task_id": "T19",
      "task_name": "AI Agent Interoperability & Federation",
      "source_turn": 11,
      "question": "The UAV is returning to base under URLLC slice with 7ms latency, 1% loss, and 115Mbps throughput, while edge load is 0.25. Historical data shows eMBB slice degraded from 850Mbps to 720Mbps over 6 turns with increasing jitter and loss. The mission policy requires maintaining at least 95% data integrity for sensor telemetry and 100ms max latency for navigation commands. If wind speed increases to 8.5m/s next turn, edge load on URLLC may rise to 0.45, reducing throughput to 80Mbps. A federated agent from a different domain proposes switching to eMBB for return, citing 780Mbps throughput and 22ms latency, but with 0.2% loss and 0.6 edge load. Another agent suggests staying on URLLC but reducing sensor activation to conserve bandwidth, which would delay thermal confirmation by 2 turns. A third agent recommends switching to mMTC for minimal bandwidth usage, accepting 50ms latency and 1.2% loss. Which option should be selected?",
      "options": {
        "A": "Stay on URLLC with reduced sensor activation, accepting 2-turn delay in thermal confirmation.",
        "B": "Switch to eMBB for return, accepting 0.2% loss and 0.6 edge load.",
        "C": "Switch to mMTC for minimal bandwidth, accepting 50ms latency and 1.2% loss.",
        "D": "Maintain current URLLC configuration without changes."
      },
      "correct": "A",
      "reason": "Staying on URLLC with reduced sensor activation preserves the 1% loss and 7ms latency required for navigation safety while deferring non-critical thermal confirmation. Switching to eMBB risks violating the 95% data integrity threshold if loss increases beyond 0. 2% under wind stress. mMTC exceeds the 100ms latency limit and has unacceptably high loss. Maintaining current configuration ignores the projected edge load increase to 0.",
      "rationale_tag": "WORST_CASE_REGRET_MINIMIZATION",
      "difficulty": "very_hard"
    },
    {
      "task_id": "T20",
      "task_name": "Agent-to-Agent Communication Management",
      "source_turn": 11,
      "question": "The UAV is returning to base at 35 m/s with 100% battery, currently using URLLC slice with 7ms latency, 1% loss, and 0.25 edge load. Historical data shows eMBB slice degrades by 3ms latency and 0.1% loss per turn under fog, while URLLC maintains stability but caps throughput at 115 Mbps. The next turn may require streaming thermal data at 80 Mbps with <10ms latency SLA. If wind increases by 10% next turn, edge load on eMBB could rise to 0.75, risking SLA violation. Under worst-case fog persistence and wind escalation, which communication policy minimizes maximum regret over the next two turns while preserving mission continuity? A) Stay on URLLC; throughput margin is 35 Mbps, latency stable at 7ms. B) Switch to eMBB; current throughput 850 Mbps exceeds 80 Mbps need, but latency may hit 28ms next turn. C) Use hybrid: split thermal stream over URLLC and eMBB; risk 0.3% loss if eMBB degrades. D) Preemptively switch to mMTC; latency 50ms exceeds SLA but ensures no congestion.",
      "options": {
        "A": "Stay on URLLC; throughput margin is 35 Mbps, latency stable at 7ms.",
        "B": "Switch to eMBB; current throughput 850 Mbps exceeds 80 Mbps need, but latency may hit 28ms next turn.",
        "C": "Use hybrid: split thermal stream over URLLC and eMBB; risk 0.3% loss if eMBB degrades.",
        "D": "Preemptively switch to mMTC; latency 50ms exceeds SLA but ensures no congestion."
      },
      "correct": "A",
      "reason": "Staying on URLLC ensures latency remains under 10ms SLA even under worst-case fog and wind escalation. Throughput of 115 Mbps exceeds the 80 Mbps requirement by 35 Mbps, providing a safety margin. Switching to eMBB risks latency exceeding 28ms next turn, violating SLA. mMTC violates latency SLA by design. Hybrid introduces unnecessary loss risk without throughput benefit.",
      "rationale_tag": "WORST_CASE_LATENCY_SLA_COMPLIANCE",
      "difficulty": "very_hard"
    },
    {
      "task_id": "T21",
      "task_name": "Device-Network Task Offload Arbitration",
      "source_turn": 5,
      "question": "At turn 5, the UAV must decide whether to offload the heat signature detection model to the edge or run it locally. The local model requires 120ms inference time and consumes 3% battery per execution. The edge model on URLLC slice has 9ms latency but requires 110Mbps throughput, which is currently available at 95Mbps with a 15% uncertainty margin. The edge load is 0.35 and projected to rise to 0.45 by turn 7 if no action is taken. The SLA mandates detection latency under 50ms and battery must remain above 20% for return. If the edge fails to respond by turn 6, the UAV must recompute locally, incurring 240ms total delay. Which option should be selected?",
      "options": {
        "A": "Offload to edge: current throughput 95Mbps exceeds minimum 110Mbps by 15% margin, latency 9ms is under SLA, edge load 0.35 is safe.",
        "B": "Run locally: avoids edge dependency, 120ms is under 50ms SLA, battery loss 3% is acceptable with 100% starting level.",
        "C": "Offload to edge but with fallback: attempt offload, if no response by turn 6, run locally; accepts 240ms worst-case delay.",
        "D": "Delay detection until turn 7: wait for edge load to drop to 0.28, throughput may recover to 115Mbps, latency will be 7ms."
      },
      "correct": "C",
      "reason": "The edge throughput of 95Mbps is below the 110Mbps requirement, even after applying the 15% uncertainty margin, making pure offload risky. Running locally violates the 50ms SLA with 120ms latency. Waiting until turn 7 risks mission delay and battery depletion. The fallback option minimizes maximum regret by accepting a known worst-case 240ms delay only if edge fails, preserving SLA compliance under uncertainty and maintaining battery above 20% for return.",
      "rationale_tag": "WORST_CASE_REGRET_MINIMIZATION",
      "difficulty": "very_hard"
    },
    {
      "task_id": "T22",
      "task_name": "Federated / Collaborative Learning Orchestration",
      "source_turn": 11,
      "question": "The UAV has completed its mission and is returning to base with 100% battery, but edge load is projected to rise to 0.92 next turn due to swarm convergence. Current network slice is URLLC with 105 Mbps throughput and 8 ms latency, but eMBB offers 800 Mbps at 25 ms latency with 0.7 edge load. A federated learning update requires 120 Mbps for 30 seconds and must complete before battery drops below 85%. If wind increases by 2 m/s next turn, latency may spike to 15 ms on URLLC or 40 ms on eMBB. The model update must be scheduled within the next 2 turns to avoid data staleness. Which option should be selected to minimize regret under worst-case latency and edge load conditions while ensuring completion before battery threshold?",
      "options": {
        "A": "Schedule update now on URLLC: current 105 Mbps is below 120 Mbps requirement but latency is stable at 8 ms and edge load is 0.32.",
        "B": "Schedule update next turn on eMBB: projected 800 Mbps exceeds 120 Mbps, but latency may spike to 40 ms and edge load may hit 0.92, risking timeout.",
        "C": "Delay update by 2 turns: battery will still be above 85%, but edge load may exceed 0.95 and latency may exceed 50 ms on any slice, risking SLA violation.",
        "D": "Split update across URLLC and eMBB: use URLLC for first 15s (105 Mbps) and eMBB for last 15s (800 Mbps), accepting 25 ms latency for half the transfer."
      },
      "correct": "B",
      "reason": "Option B is correct because eMBB’s 800 Mbps throughput exceeds the 120 Mbps requirement even under worst-case edge load of 0. 92. Although latency may spike to 40 ms, the 30-second window allows completion before battery drops below 85%. Option A fails because 105 Mbps is below the 120 Mbps requirement. Option C risks SLA violation due to projected edge load over 0.",
      "rationale_tag": "WORST_CASE_THROUGHPUT_MARGIN",
      "difficulty": "very_hard"
    },
    {
      "task_id": "T23",
      "task_name": "Network-Assisted Digital Twin Control",
      "source_turn": 11,
      "question": "The UAV is returning to base at 35 m/s with 100% battery, but network slice metrics are degrading: URLLC latency rose from 7ms to 9ms over two turns, jitter increased from 1ms to 2ms, and edge load climbed from 0.25 to 0.34. The mission policy requires telemetry updates every 2 seconds with latency under 15ms and loss under 0.5%. If degradation continues at the current rate, the next turn will push latency to 11ms and edge load to 0.38. Switching to eMBB would restore throughput to 800 Mbps but increase latency to 28ms and loss to 0.4%, risking SLA violation. mMTC offers 99% reliability but 55ms latency and 1.5% loss, exceeding SLA. A hybrid mode can allocate 70% URLLC and 30% eMBB, projecting 14ms latency and 0.3% loss, but edge load would hit 0.42. Which option should be selected?",
      "options": {
        "A": "Maintain URLLC: latency 9ms, jitter 2ms, loss 0.02%, edge load 0.34 — within SLA now but projected to violate next turn.",
        "B": "Switch to eMBB: latency 28ms, loss 0.4%, throughput 800 Mbps — violates latency SLA immediately but supports high-res telemetry.",
        "C": "Switch to mMTC: latency 55ms, loss 1.5%, edge load 0.85 — violates both latency and loss SLAs, but guarantees delivery.",
        "D": "Adopt hybrid mode: 70% URLLC + 30% eMBB, projected latency 14ms, loss 0.3%, edge load 0.42 — within SLA now, but edge load may exceed 0.5 next turn."
      },
      "correct": "D",
      "reason": "Hybrid mode remains within SLA for latency and loss in the current turn and projects to stay under 15ms latency and 0. 5% loss next turn. URLLC will violate latency SLA next turn if degradation continues. eMBB violates latency immediately. mMTC exceeds both latency and loss SLAs.",
      "rationale_tag": "WORST_CASE_SLAMARGIN",
      "difficulty": "very_hard"
    },
    {
      "task_id": "T24",
      "task_name": "Sensing-Enhanced Decisioning (ISAC)",
      "source_turn": 6,
      "question": "The UAV is currently at 10m altitude with 100% battery, operating under fog with 6m/s wind from 240°, and must prioritize sensor fusion for heat signature detection while navigating toward a target. The eMBB slice currently delivers 25ms latency, 6ms jitter, 0.3% loss, and 720Mbps throughput with 0.68 edge load, while URLLC offers 9ms latency, 1ms jitter, 0.02% loss, and 95Mbps throughput with 0.35 edge load. Thermal feed is streaming but requires 150Mbps minimum for real-time processing, and the detection model needs ≤10ms latency to avoid missing targets. If wind increases by 20% next turn, fog reduces visibility by 30%, and edge load rises by 0.1, which option minimizes maximum regret over the next two turns while ensuring detection reliability and safe navigation? A) Continue eMBB with thermal stream, accepting 25ms latency and 0.68 edge load. B) Switch to URLLC, accept 95Mbps throughput, and throttle thermal resolution to meet 150Mbps requirement. C) Combine eMBB for thermal and URLLC for navigation commands, accepting 0.78 total edge load and 22ms combined latency. D) Deactivate thermal, rely on radar and lidar via URLLC, accepting 0.35 edge load and 9ms latency but losing thermal detection capability.",
      "options": {
        "A": "Continue eMBB with thermal stream, accepting 25ms latency and 0.68 edge load.",
        "B": "Switch to URLLC, accept 95Mbps throughput, and throttle thermal resolution to meet 150Mbps requirement.",
        "C": "Combine eMBB for thermal and URLLC for navigation commands, accepting 0.78 total edge load and 22ms combined latency.",
        "D": "Deactivate thermal, rely on radar and lidar via URLLC, accepting 0.35 edge load and 9ms latency but losing thermal detection capability."
      },
      "correct": "C",
      "reason": "Option C minimizes maximum regret by preserving thermal detection capability while ensuring navigation commands meet latency constraints. The combined slice strategy maintains 22ms effective latency under worst-case jitter and avoids exceeding 0. 78 edge load, which remains below the 0. 85 threshold observed at turn 8. Thermal resolution throttling in option B risks detection failure under fog, and option A’s 25ms latency exceeds the 10ms model requirement.",
      "rationale_tag": "MULTI_SLICE_FUSION_OPTIMIZATION",
      "difficulty": "very_hard"
    },
    {
      "task_id": "T25",
      "task_name": "AI-Agent-based Disaster / Public-Safety Coordination",
      "source_turn": 11,
      "question": "The UAV has completed thermal detection and is returning to base under URLCC slice with 7ms latency, 1% loss, and 0.25 edge load. Battery is at 68% and decreasing at 3% per turn. Wind remains at 6m/s from 240°, and fog reduces visibility. The next mission requires 85% battery and 100Mbps throughput for 3 turns. If edge load exceeds 0.7, latency spikes to 40ms. The UAV must decide: A) Continue return with current URLLC slice, B) Switch to eMBB for higher throughput despite 25ms latency and 0.68 edge load, C) Switch to mMTC for low cost but 50ms latency and 1.2% loss, D) Hover and recharge via solar, losing 1 turn but gaining 5% battery. Which option should be selected?",
      "options": {
        "A": "Continue return with current URLLC slice, maintaining 7ms latency and 0.25 edge load, accepting 68% battery at base.",
        "B": "Switch to eMBB for higher throughput despite 25ms latency and 0.68 edge load, risking edge overload in next turn.",
        "C": "Switch to mMTC for low cost but 50ms latency and 1.2% loss, acceptable for non-critical comms.",
        "D": "Hover and recharge via solar, losing 1 turn but gaining 5% battery, risking wind drift and fog accumulation."
      },
      "correct": "A",
      "reason": "Continuing with URLLC preserves low latency and avoids edge overload risk. Switching to eMBB risks exceeding 0. 7 edge load next turn, spiking latency to 40ms. mMTC’s 50ms latency and 1. 2% loss violate mission SLA for critical comms.",
      "rationale_tag": "WORST_CASE_STABILITY",
      "difficulty": "very_hard"
    },
    {
      "task_id": "T26",
      "task_name": "Trust-Aware Third-Party Agent Exposure",
      "source_turn": 8,
      "question": "At turn 8, the UAV is executing rescue communication via mMTC slice with latency 50ms, jitter 15ms, loss 1.2%, throughput 1.5Mbps, and edge load 0.85. The mission requires exposing telemetry to a third-party emergency coordination agent under GDPR and FAA Part 107 constraints. The agent has a trust score of 0.72, and the policy allows exposure only if projected edge load remains below 0.9 for the next 3 turns and latency stays under 60ms with 95% confidence. Historical data shows edge load increases by 0.03 per turn under mMTC and latency varies ±10ms. If the UAV switches to URLLC now, latency drops to 8ms but throughput falls to 105Mbps, risking sensor data truncation. If it stays on mMTC, edge load may hit 0.94 by turn 10. If it switches to eMBB, throughput rises to 720Mbps but latency jumps to 25ms with 0.3% loss. Which option should be selected?",
      "options": {
        "A": "Expose telemetry via mMTC with current settings, accepting edge load may reach 0.94 by turn 10.",
        "B": "Switch to URLLC immediately, accepting throughput drop to 105Mbps and potential sensor data loss.",
        "C": "Switch to eMBB, accepting latency of 25ms and 0.3% loss, but ensuring throughput for full telemetry.",
        "D": "Delay exposure until turn 9, re-evaluating after battery telemetry confirms 100% charge."
      },
      "correct": "B",
      "reason": "Switching to URLLC ensures latency remains under 60ms with high confidence and edge load stays below 0. 9 for the next three turns. mMTC risks violating the edge load constraint by turn 10. eMBB introduces unacceptable latency variance and packet loss for real-time coordination. Delaying exposure forfeits critical coordination window without improving constraints.",
      "rationale_tag": "WORST_CASE_TRUST_MARGIN",
      "difficulty": "very_hard"
    },
    {
      "task_id": "T27",
      "task_name": "Agent Lifecycle & Management",
      "source_turn": 11,
      "question": "The UAV agent is returning to base with 100% battery, currently using URLLC slice with 7ms latency, 0.01% loss, and 0.25 edge load. Historical data shows eMBB slice latency increased from 18ms to 25ms over 6 turns with edge load rising from 0.45 to 0.68. URLLC throughput is capped at 115Mbps, while eMBB offers 720Mbps but with 0.3% loss and 6ms jitter. The mission policy requires maintaining SLA latency under 15ms for critical control and allows 5% loss for non-critical telemetry. If wind speed increases by 20% next turn, edge load on URLLC may rise to 0.35, and eMBB latency may spike to 30ms with 0.5% loss. The agent must decide whether to continue on URLLC, switch to eMBB, migrate to a backup agent, or retire the current agent. Which option should be selected?",
      "options": {
        "A": "Continue on URLLC: latency is 7ms, below SLA, and edge load is 0.25, leaving 0.1 margin before 0.35 projected next turn.",
        "B": "Switch to eMBB: throughput is 720Mbps, sufficient for telemetry, and current latency 25ms is acceptable for non-critical data under 5% loss policy.",
        "C": "Migrate to backup agent: backup has 0.2 edge load and 5ms latency on URLLC, but migration incurs 100ms latency spike and 0.1% loss for 3 turns.",
        "D": "Retire current agent: battery is 100%, but risk of future edge load exceeding 0.4 under wind increase justifies retirement to preserve SLA."
      },
      "correct": "A",
      "reason": "Continuing on URLLC maintains latency under 15ms SLA even under projected edge load increase to 0. 35. Switching to eMBB risks latency spiking to 30ms under wind increase, violating SLA. Migration incurs 100ms spike, exceeding SLA for critical control. Retirement is premature as battery is full and URLLC can handle projected load.",
      "rationale_tag": "WORST_CASE_SLAMARGIN",
      "difficulty": "very_hard"
    },
    {
      "task_id": "T28",
      "task_name": "6G Model Training-as-a-Service Decision",
      "source_turn": 11,
      "question": "The UAV has completed a search-and-rescue mission under variable network slices, with current battery at 87%, edge load at 0.25, and URLLC latency at 7ms. A customer requests immediate LLM fine-tuning using 120MB of sensor data, requiring 90 seconds of continuous 100Mbps throughput and latency under 15ms. The eMBB slice offers 115Mbps throughput but latency fluctuates between 18–28ms with 0.3% packet loss, while URLLC guarantees 115Mbps and 7–10ms latency but has a 15% chance of dropping to 90Mbps under wind gusts above 5.5m/s. The mission policy allows training only if battery remains above 70% and edge load stays below 0.7 for the next 3 turns. If training begins now, battery will deplete 0.8% per minute and edge load will rise by 0.15 per turn. Which option should be selected?",
      "options": {
        "A": "Accept training on URLLC slice; worst-case throughput (90Mbps) still meets 100Mbps requirement with 10% margin under wind gusts, and latency remains under 15ms with 0.25 edge load projected for next 3 turns.",
        "B": "Reject training; eMBB latency exceeds 15ms SLA in 80% of observed turns, and even URLLC’s 15% wind-risk could drop throughput below 100Mbps, violating SLA with 0.8% battery loss per minute over 90 seconds.",
        "C": "Delay training for 2 turns; battery will drop to 85.4%, edge load will remain at 0.25, and wind may subside, reducing URLLC throughput risk to 5%, but mission policy allows only 3 turns of edge load under 0.7.",
        "D": "Accept training on eMBB slice; current throughput (115Mbps) exceeds 100Mbps, and although latency averages 22ms, it dips to 18ms in 30% of turns, which may satisfy SLA if averaged over 90 seconds."
      },
      "correct": "B",
      "reason": "The training requires 100Mbps throughput and latency under 15ms, which eMBB cannot guarantee due to its 18–28ms latency range. URLLC’s 15% wind-risk could drop throughput to 90Mbps, violating the 100Mbps requirement. Battery loss of 0. 8% per minute over 90 seconds would deplete 1. 2%, leaving 85.",
      "rationale_tag": "WORST_CASE_SLAVIOLATION",
      "difficulty": "very_hard"
    },
    {
      "task_id": "T29",
      "task_name": "Immersive/AR Resource Prioritization",
      "source_turn": 8,
      "question": "The UAV is currently operating under mMTC slice with 50ms latency, 15ms jitter, 1.2% loss, and 1.5Mbps throughput while edge load is at 0.85. The next three turns require simultaneous thermal feed streaming (minimum 700Mbps, latency <30ms), collision avoidance (latency <10ms, loss <0.1%), and battery telemetry (latency <15ms, throughput >50Mbps). The eMBB slice offers 720Mbps throughput but latency has increased from 22ms to 25ms over the last two turns with jitter rising to 6ms. URLLC slice provides 110Mbps throughput with 7ms latency and 0.01% loss but edge load is projected to rise to 0.45 if both collision avoidance and telemetry are active. The fog weather may cause 10% additional latency variance. Which option should be selected to minimize maximum regret over the next three turns while ensuring no SLA violation?",
      "options": {
        "A": "Assign thermal feed to eMBB (720Mbps, 25ms latency), collision avoidance to URLLC (110Mbps, 7ms), telemetry to URLLC; accept 0.45 edge load and 10% latency variance risk.",
        "B": "Assign all tasks to eMBB to preserve throughput; accept 25ms latency for collision avoidance and 6ms jitter; edge load will reach 0.75.",
        "C": "Assign thermal feed to eMBB, collision avoidance to URLLC, telemetry to mMTC; accept 50ms latency for telemetry and 1.2% loss; edge load remains 0.85.",
        "D": "Assign thermal feed to URLLC despite 110Mbps limit; collision avoidance to URLLC; telemetry to eMBB; accept throughput violation for thermal feed and 0.4 edge load."
      },
      "correct": "A",
      "reason": "Option A balances throughput and latency constraints by assigning the high-bandwidth thermal feed to eMBB while reserving URLLC for latency-critical collision avoidance and telemetry. The projected edge load of 0. 45 remains below the 0. 85 threshold observed in turn 8 and accommodates the 10% latency variance from fog. Option B violates collision avoidance latency SLA by 15ms under worst-case jitter.",
      "rationale_tag": "MULTI_SLICE_OPTIMIZATION_UNDER_UNCERTAINTY",
      "difficulty": "very_hard"
    },
    {
      "task_id": "T30",
      "task_name": "Network Security Detection & Response Automation",
      "source_turn": 8,
      "question": "At turn 8, the UAV is operating under mMTC slice with latency 50ms, jitter 15ms, packet loss 1.2%, throughput 1.5Mbps, and edge load 0.85. The mission requires real-time audio transmission with SLA latency <30ms and loss <0.5%. Historical data shows eMBB slice degrades by 3ms latency and 0.1% loss per turn under fog, while URLLC slice maintains stability but caps throughput at 120Mbps. If the UAV must transmit emergency audio for 3 more turns and battery depletes 2% per turn, which response minimizes maximum regret under worst-case degradation? Option A switches to URLLC immediately despite throughput limit. Option B stays on mMTC assuming recovery. Option C switches to eMBB with projected latency 59ms by turn 10. Option D delays action until turn 9 with 95% confidence of slice recovery. Which option should be selected?",
      "options": {
        "A": "Switch to URLLC immediately despite throughput limit",
        "B": "Stay on mMTC assuming recovery",
        "C": "Switch to eMBB with projected latency 59ms by turn 10",
        "D": "Delay action until turn 9 with 95% confidence of slice recovery"
      },
      "correct": "A",
      "reason": "URLLC maintains latency under 10ms and loss under 0. 02% across all turns, satisfying SLA even under worst-case fog degradation. mMTC and eMBB both exceed latency and loss SLAs by turn 10 under projected degradation. Delaying action risks mission failure if recovery does not occur. Throughput limitation is acceptable since audio requires only 1.",
      "rationale_tag": "WORST_CASE_SLAS",
      "difficulty": "very_hard"
    }
  ]
}