{
  "initial_state": {
    "domain": "uav",
    "time_s": 0.0,
    "env": {
      "weather": "good",
      "wind_mps": 8.5,
      "wind_dir_deg": 270.0
    },
    "airspace": {
      "alt_bounds": [
        0.0,
        300.0
      ],
      "geofence": [
        {
          "type": "polygon",
          "points": [
            [
              0,
              0
            ],
            [
              1000,
              0
            ],
            [
              1000,
              800
            ],
            [
              0,
              800
            ]
          ]
        }
      ]
    },
    "uav": {
      "pose": {
        "x": 100.0,
        "y": 400.0,
        "z": 100.0,
        "yaw": 90.0
      },
      "speed_mps": 28.0,
      "energy": {
        "battery_pct": 100.0
      },
      "sensors": {
        "rgb": "ok",
        "thermal": "offline",
        "lidar": "offline",
        "radar": "offline",
        "gnss": "ok",
        "imu": "ok",
        "magnetometer": "ok",
        "barometer": "ok"
      },
      "payloads": []
    },
    "policy": {
      "alt_bounds": [
        0.0,
        300.0
      ]
    },
    "safety_flags": {
      "nfz_violation": false,
      "separation_breach": false
    }
  },
  "dialogue": [
    {
      "turn": 1,
      "speaker": "agent",
      "intent": "initiate_mission",
      "actions": [
        {
          "type": "mcp",
          "name": "read_telemetry",
          "args": {}
        },
        {
          "type": "a2a",
          "task": "swarm_status_check",
          "to": "uav_swarm_agent",
          "payload": {
            "uav_id": "uav_01",
            "status": "standby"
          }
        }
      ],
      "obs": [
        {
          "tool": "read_telemetry",
          "result": {
            "pose": {
              "x": 100.0,
              "y": 400.0,
              "z": 100.0
            },
            "battery_pct": 100.0,
            "speed_mps": 28.0
          }
        },
        {
          "task": "swarm_status_check",
          "from": "uav_swarm_agent",
          "status": "ok",
          "payload": {
            "swarm_online": true,
            "count": 5
          }
        }
      ],
      "net": {
        "slice": "eMBB",
        "lat_ms": 12,
        "jitter_ms": 2,
        "loss_pct": 0.1,
        "throughput_mbps": 850,
        "edge_load": 0.35
      }
    },
    {
      "turn": 2,
      "speaker": "user",
      "intent": "confirm_mission_start",
      "actions": [],
      "obs": [],
      "net": {
        "slice": "eMBB",
        "lat_ms": 11,
        "jitter_ms": 1.8,
        "loss_pct": 0.05,
        "throughput_mbps": 870,
        "edge_load": 0.33
      }
    },
    {
      "turn": 3,
      "speaker": "agent",
      "intent": "activate_sensors",
      "actions": [
        {
          "type": "mcp",
          "name": "activate_sensor",
          "args": {
            "sensor": "thermal"
          }
        },
        {
          "type": "mcp",
          "name": "activate_sensor",
          "args": {
            "sensor": "lidar"
          }
        }
      ],
      "obs": [
        {
          "tool": "activate_sensor",
          "result": {
            "sensor": "thermal",
            "status": "activated"
          }
        },
        {
          "tool": "activate_sensor",
          "result": {
            "sensor": "lidar",
            "status": "activated"
          }
        }
      ],
      "net": {
        "slice": "URLLC",
        "lat_ms": 8,
        "jitter_ms": 1,
        "loss_pct": 0.02,
        "throughput_mbps": 120,
        "edge_load": 0.4
      }
    },
    {
      "turn": 4,
      "speaker": "user",
      "intent": "request_flight_plan",
      "actions": [
        {
          "type": "mcp",
          "name": "get_flight_plan",
          "args": {
            "waypoints": [
              {
                "x": 500,
                "y": 600,
                "z": 150
              },
              {
                "x": 900,
                "y": 200,
                "z": 120
              }
            ]
          }
        }
      ],
      "obs": [
        {
          "tool": "get_flight_plan",
          "result": {
            "route_valid": true,
            "estimated_duration_s": 142,
            "battery_impact_pct": 18
          }
        }
      ],
      "net": {
        "slice": "eMBB",
        "lat_ms": 13,
        "jitter_ms": 2.1,
        "loss_pct": 0.15,
        "throughput_mbps": 830,
        "edge_load": 0.38
      }
    },
    {
      "turn": 5,
      "speaker": "agent",
      "intent": "execute_waypoint_navigation",
      "actions": [
        {
          "type": "mcp",
          "name": "navigate_to_waypoint",
          "args": {
            "waypoint": {
              "x": 500,
              "y": 600,
              "z": 150
            },
            "speed": 30
          }
        }
      ],
      "obs": [
        {
          "tool": "navigate_to_waypoint",
          "result": {
            "status": "in_progress",
            "eta_s": 68,
            "path_clear": true
          }
        }
      ],
      "net": {
        "slice": "URLLC",
        "lat_ms": 9,
        "jitter_ms": 1.2,
        "loss_pct": 0.03,
        "throughput_mbps": 110,
        "edge_load": 0.42
      }
    },
    {
      "turn": 6,
      "speaker": "user",
      "intent": "report_network_anomaly",
      "actions": [],
      "obs": [],
      "net": {
        "slice": "mMTC",
        "lat_ms": 120,
        "jitter_ms": 25,
        "loss_pct": 8.5,
        "throughput_mbps": 1.2,
        "edge_load": 0.88
      }
    },
    {
      "turn": 7,
      "speaker": "agent",
      "intent": "adapt_to_network_degradation",
      "actions": [
        {
          "type": "mcp",
          "name": "reduce_sensor_sampling",
          "args": {
            "sensors": [
              "lidar",
              "rgb"
            ],
            "rate_hz": 5
          }
        },
        {
          "type": "a2a",
          "task": "handover_control",
          "to": "backup_uav_agent",
          "payload": {
            "uav_id": "uav_01",
            "reason": "network_degradation"
          }
        }
      ],
      "obs": [
        {
          "tool": "reduce_sensor_sampling",
          "result": {
            "sensors": [
              "lidar",
              "rgb"
            ],
            "rate_hz": 5,
            "status": "adjusted"
          }
        },
        {
          "task": "handover_control",
          "from": "backup_uav_agent",
          "status": "acknowledged",
          "payload": {
            "handover_id": "hovr_7721",
            "timestamp": 72.3
          }
        }
      ],
      "net": {
        "slice": "mMTC",
        "lat_ms": 115,
        "jitter_ms": 22,
        "loss_pct": 7.8,
        "throughput_mbps": 1.5,
        "edge_load": 0.85
      }
    },
    {
      "turn": 8,
      "speaker": "user",
      "intent": "approve_contingency",
      "actions": [
        {
          "type": "mcp",
          "name": "check_battery_level",
          "args": {}
        }
      ],
      "obs": [
        {
          "tool": "check_battery_level",
          "result": {
            "battery_pct": 86.4,
            "estimated_endurance_min": 18.2
          }
        }
      ],
      "net": {
        "slice": "URLLC",
        "lat_ms": 10,
        "jitter_ms": 1.5,
        "loss_pct": 0.08,
        "throughput_mbps": 100,
        "edge_load": 0.5
      }
    },
    {
      "turn": 9,
      "speaker": "agent",
      "intent": "resume_navigation",
      "actions": [
        {
          "type": "mcp",
          "name": "navigate_to_waypoint",
          "args": {
            "waypoint": {
              "x": 900,
              "y": 200,
              "z": 120
            },
            "speed": 25
          }
        },
        {
          "type": "a2a",
          "task": "update_swarm_position",
          "to": "uav_swarm_agent",
          "payload": {
            "uav_id": "uav_01",
            "pose": {
              "x": 500,
              "y": 600,
              "z": 150
            }
          }
        }
      ],
      "obs": [
        {
          "tool": "navigate_to_waypoint",
          "result": {
            "status": "in_progress",
            "eta_s": 74,
            "path_clear": true
          }
        },
        {
          "task": "update_swarm_position",
          "from": "uav_swarm_agent",
          "status": "updated",
          "payload": {
            "swarm_count": 5,
            "avg_separation_m": 125
          }
        }
      ],
      "net": {
        "slice": "URLLC",
        "lat_ms": 9,
        "jitter_ms": 1.1,
        "loss_pct": 0.04,
        "throughput_mbps": 115,
        "edge_load": 0.41
      }
    },
    {
      "turn": 10,
      "speaker": "user",
      "intent": "request_status_summary",
      "actions": [
        {
          "type": "mcp",
          "name": "read_telemetry",
          "args": {}
        }
      ],
      "obs": [
        {
          "tool": "read_telemetry",
          "result": {
            "pose": {
              "x": 720.1,
              "y": 310.5,
              "z": 128.3
            },
            "battery_pct": 79.6,
            "speed_mps": 24.8
          }
        }
      ],
      "net": {
        "slice": "eMBB",
        "lat_ms": 14,
        "jitter_ms": 2.3,
        "loss_pct": 0.12,
        "throughput_mbps": 810,
        "edge_load": 0.39
      }
    },
    {
      "turn": 11,
      "speaker": "agent",
      "intent": "complete_mission",
      "actions": [
        {
          "type": "mcp",
          "name": "return_to_base",
          "args": {
            "base_coords": {
              "x": 100,
              "y": 400,
              "z": 100
            }
          }
        }
      ],
      "obs": [
        {
          "tool": "return_to_base",
          "result": {
            "status": "initiated",
            "path": "geofenced",
            "eta_s": 98
          }
        }
      ],
      "net": {
        "slice": "URLLC",
        "lat_ms": 8.5,
        "jitter_ms": 0.9,
        "loss_pct": 0.01,
        "throughput_mbps": 130,
        "edge_load": 0.37
      }
    }
  ],
  "final_state": {
    "domain": "uav",
    "time_s": 240.0,
    "env": {
      "weather": "good",
      "wind_mps": 8.5,
      "wind_dir_deg": 270.0
    },
    "airspace": {
      "alt_bounds": [
        0.0,
        300.0
      ],
      "geofence": [
        {
          "type": "polygon",
          "points": [
            [
              0,
              0
            ],
            [
              1000,
              0
            ],
            [
              1000,
              800
            ],
            [
              0,
              800
            ]
          ]
        }
      ]
    },
    "uav": {
      "pose": {
        "x": 100.0,
        "y": 400.0,
        "z": 100.0,
        "yaw": 90.0
      },
      "speed_mps": 0.0,
      "energy": {
        "battery_pct": 62.1
      },
      "sensors": {
        "rgb": "ok",
        "thermal": "ok",
        "lidar": "ok",
        "radar": "offline",
        "gnss": "ok",
        "imu": "ok",
        "magnetometer": "ok",
        "barometer": "ok"
      },
      "payloads": []
    },
    "policy": {
      "alt_bounds": [
        0.0,
        300.0
      ]
    },
    "safety_flags": {
      "nfz_violation": false,
      "separation_breach": false
    }
  },
  "success": true,
  "_meta": {
    "seed": 42,
    "ts": 1763994759,
    "ts_iso": "2025-11-24T14:32:39Z",
    "gen_time_s": 65.0802710056305,
    "attempts_used": 1,
    "generation_failed": false,
    "usage": {
      "prompt_tokens": 1047,
      "completion_tokens": 3516,
      "total_tokens": 4563,
      "cost": 0.00297626,
      "is_byok": false,
      "prompt_tokens_details": {
        "cached_tokens": 608,
        "audio_tokens": 0,
        "video_tokens": 0
      },
      "cost_details": {
        "upstream_inference_cost": null,
        "upstream_inference_prompt_cost": 0.00016346,
        "upstream_inference_completions_cost": 0.0028128
      },
      "completion_tokens_details": {
        "reasoning_tokens": 0,
        "image_tokens": 0
      }
    }
  }
}