{
  "initial_state": {
    "domain": "uav",
    "time_s": 0.0,
    "env": {
      "weather": "microburst_risk",
      "wind_mps": 8.0,
      "wind_dir_deg": 210.0
    },
    "airspace": {
      "alt_bounds": [
        0.0,
        25.0
      ],
      "geofence": [
        {
          "type": "polygon",
          "points": [
            [
              0,
              0
            ],
            [
              100,
              0
            ],
            [
              100,
              80
            ],
            [
              0,
              80
            ]
          ]
        }
      ]
    },
    "uav": {
      "pose": {
        "x": 10.0,
        "y": 10.0,
        "z": 5.0,
        "yaw": 90.0
      },
      "speed_mps": 12.0,
      "energy": {
        "battery_pct": 100.0
      },
      "sensors": {
        "rgb": "ok",
        "thermal": "offline",
        "lidar": "ok",
        "radar": "offline",
        "gnss": "offline",
        "imu": "ok",
        "magnetometer": "ok",
        "barometer": "ok"
      },
      "payloads": []
    },
    "policy": {
      "alt_bounds": [
        0.0,
        25.0
      ]
    },
    "safety_flags": {
      "nfz_violation": false,
      "separation_breach": false
    }
  },
  "dialogue": [
    {
      "turn": 1,
      "speaker": "agent",
      "intent": "initiate_survey_mission",
      "actions": [
        {
          "type": "mcp",
          "name": "read_telemetry",
          "args": {}
        },
        {
          "type": "a2a",
          "task": "swarm_formation",
          "to": "uav_swarm_agent",
          "payload": {
            "formation": "line_abreast",
            "spacing_m": 5.0
          }
        }
      ],
      "obs": [
        {
          "tool": "read_telemetry",
          "result": {
            "pose": {
              "x": 10.0,
              "y": 10.0,
              "z": 5.0
            },
            "battery_pct": 100.0,
            "sensors": {
              "gnss": "offline",
              "imu": "ok"
            }
          }
        },
        {
          "task": "swarm_formation",
          "from": "uav_swarm_agent",
          "status": "ok",
          "payload": {
            "ack": true
          }
        }
      ],
      "net": {
        "slice": "URLLC",
        "lat_ms": 3.2,
        "jitter_ms": 0.8,
        "loss_pct": 0.1,
        "throughput_mbps": 50,
        "edge_load": 0.3
      }
    },
    {
      "turn": 2,
      "speaker": "user",
      "intent": "confirm_mission_start",
      "actions": [],
      "obs": [],
      "net": {
        "slice": "URLLC",
        "lat_ms": 3.5,
        "jitter_ms": 1.0,
        "loss_pct": 0.2,
        "throughput_mbps": 48,
        "edge_load": 0.35
      }
    },
    {
      "turn": 3,
      "speaker": "agent",
      "intent": "ascend_to_survey_altitude",
      "actions": [
        {
          "type": "mcp",
          "name": "set_altitude",
          "args": {
            "target_z": 20.0
          }
        },
        {
          "type": "mcp",
          "name": "activate_sensor",
          "args": {
            "sensor": "lidar"
          }
        }
      ],
      "obs": [
        {
          "tool": "set_altitude",
          "result": {
            "status": "executing",
            "target": 20.0,
            "current_z": 12.4
          }
        },
        {
          "tool": "activate_sensor",
          "result": {
            "sensor": "lidar",
            "status": "active"
          }
        }
      ],
      "net": {
        "slice": "URLLC",
        "lat_ms": 4.0,
        "jitter_ms": 1.2,
        "loss_pct": 0.3,
        "throughput_mbps": 45,
        "edge_load": 0.4
      }
    },
    {
      "turn": 4,
      "speaker": "user",
      "intent": "request_wind_assessment",
      "actions": [
        {
          "type": "mcp",
          "name": "read_env",
          "args": {
            "param": "wind"
          }
        }
      ],
      "obs": [
        {
          "tool": "read_env",
          "result": {
            "wind_mps": 9.2,
            "gusts_mps": 14.0,
            "dir_deg": 215.0
          }
        }
      ],
      "net": {
        "slice": "eMBB",
        "lat_ms": 12.0,
        "jitter_ms": 5.0,
        "loss_pct": 1.5,
        "throughput_mbps": 120,
        "edge_load": 0.7
      }
    },
    {
      "turn": 5,
      "speaker": "agent",
      "intent": "adjust_for_wind_gust",
      "actions": [
        {
          "type": "mcp",
          "name": "adjust_heading",
          "args": {
            "delta_yaw": -15.0
          }
        },
        {
          "type": "a2a",
          "task": "collision_avoidance",
          "to": "uav_swarm_agent",
          "payload": {
            "risk_level": "medium",
            "action": "lateral_shift",
            "offset_m": -3.0
          }
        }
      ],
      "obs": [
        {
          "tool": "adjust_heading",
          "result": {
            "prev_yaw": 90.0,
            "new_yaw": 75.0
          }
        },
        {
          "task": "collision_avoidance",
          "from": "uav_swarm_agent",
          "status": "executed",
          "payload": {
            "offset_applied_m": -3.0
          }
        }
      ],
      "net": {
        "slice": "URLLC",
        "lat_ms": 3.8,
        "jitter_ms": 1.0,
        "loss_pct": 0.2,
        "throughput_mbps": 52,
        "edge_load": 0.38
      }
    },
    {
      "turn": 6,
      "speaker": "user",
      "intent": "instruct_proceed_with_caution",
      "actions": [],
      "obs": [],
      "net": {
        "slice": "URLLC",
        "lat_ms": 4.2,
        "jitter_ms": 1.5,
        "loss_pct": 0.4,
        "throughput_mbps": 40,
        "edge_load": 0.45
      }
    },
    {
      "turn": 7,
      "speaker": "agent",
      "intent": "initiate_thermal_diagnostic",
      "actions": [
        {
          "type": "mcp",
          "name": "diagnose_sensor",
          "args": {
            "sensor": "thermal"
          }
        }
      ],
      "obs": [
        {
          "tool": "diagnose_sensor",
          "result": {
            "sensor": "thermal",
            "status": "faulty",
            "error": "thermal_core_timeout"
          }
        }
      ],
      "net": {
        "slice": "mMTC",
        "lat_ms": 25.0,
        "jitter_ms": 10.0,
        "loss_pct": 2.0,
        "throughput_mbps": 1.0,
        "edge_load": 0.85
      }
    },
    {
      "turn": 8,
      "speaker": "user",
      "intent": "authorize_sensor_bypass",
      "actions": [
        {
          "type": "mcp",
          "name": "update_policy",
          "args": {
            "require_thermal": false
          }
        }
      ],
      "obs": [
        {
          "tool": "update_policy",
          "result": {
            "require_thermal": false,
            "bypass_ack": true
          }
        }
      ],
      "net": {
        "slice": "URLLC",
        "lat_ms": 5.0,
        "jitter_ms": 1.8,
        "loss_pct": 0.5,
        "throughput_mbps": 35,
        "edge_load": 0.5
      }
    },
    {
      "turn": 9,
      "speaker": "agent",
      "intent": "resume_survey_pattern",
      "actions": [
        {
          "type": "mcp",
          "name": "execute_waypoints",
          "args": {
            "waypoints": [
              {
                "x": 50.0,
                "y": 30.0,
                "z": 20.0
              },
              {
                "x": 80.0,
                "y": 60.0,
                "z": 20.0
              }
            ],
            "speed": 8.0
          }
        }
      ],
      "obs": [
        {
          "tool": "execute_waypoints",
          "result": {
            "status": "in_progress",
            "next_waypoint": {
              "x": 50.0,
              "y": 30.0,
              "z": 20.0
            },
            "eta_s": 18.5
          }
        }
      ],
      "net": {
        "slice": "URLLC",
        "lat_ms": 4.5,
        "jitter_ms": 1.3,
        "loss_pct": 0.3,
        "throughput_mbps": 42,
        "edge_load": 0.42
      }
    },
    {
      "turn": 10,
      "speaker": "user",
      "intent": "monitor_progress",
      "actions": [
        {
          "type": "mcp",
          "name": "read_telemetry",
          "args": {}
        }
      ],
      "obs": [
        {
          "tool": "read_telemetry",
          "result": {
            "pose": {
              "x": 48.2,
              "y": 29.1,
              "z": 20.0
            },
            "battery_pct": 88.3,
            "speed_mps": 7.8
          }
        }
      ],
      "net": {
        "slice": "URLLC",
        "lat_ms": 4.1,
        "jitter_ms": 1.1,
        "loss_pct": 0.2,
        "throughput_mbps": 46,
        "edge_load": 0.4
      }
    },
    {
      "turn": 11,
      "speaker": "agent",
      "intent": "complete_mission_and_return",
      "actions": [
        {
          "type": "mcp",
          "name": "return_to_home",
          "args": {
            "home": {
              "x": 10.0,
              "y": 10.0,
              "z": 5.0
            }
          }
        }
      ],
      "obs": [
        {
          "tool": "return_to_home",
          "result": {
            "status": "initiated",
            "path": "direct",
            "eta_s": 22.0
          }
        }
      ],
      "net": {
        "slice": "URLLC",
        "lat_ms": 3.9,
        "jitter_ms": 0.9,
        "loss_pct": 0.1,
        "throughput_mbps": 49,
        "edge_load": 0.33
      }
    }
  ],
  "final_state": {
    "domain": "uav",
    "time_s": 120.0,
    "env": {
      "weather": "microburst_risk",
      "wind_mps": 7.5,
      "wind_dir_deg": 210.0
    },
    "airspace": {
      "alt_bounds": [
        0.0,
        25.0
      ],
      "geofence": [
        {
          "type": "polygon",
          "points": [
            [
              0,
              0
            ],
            [
              100,
              0
            ],
            [
              100,
              80
            ],
            [
              0,
              80
            ]
          ]
        }
      ]
    },
    "uav": {
      "pose": {
        "x": 10.0,
        "y": 10.0,
        "z": 5.0,
        "yaw": 75.0
      },
      "speed_mps": 0.0,
      "energy": {
        "battery_pct": 76.5
      },
      "sensors": {
        "rgb": "ok",
        "thermal": "faulty",
        "lidar": "active",
        "radar": "offline",
        "gnss": "offline",
        "imu": "ok",
        "magnetometer": "ok",
        "barometer": "ok"
      },
      "payloads": []
    },
    "policy": {
      "alt_bounds": [
        0.0,
        25.0
      ]
    },
    "safety_flags": {
      "nfz_violation": false,
      "separation_breach": false
    }
  },
  "success": true,
  "_meta": {
    "seed": 42,
    "ts": 1763748715,
    "ts_iso": "2025-11-21T18:11:55Z",
    "gen_time_s": 99.60057353973389,
    "attempts_used": 2,
    "generation_failed": false,
    "usage": {
      "prompt_tokens": 1095,
      "completion_tokens": 3287,
      "total_tokens": 4382,
      "cost": 0.0027561,
      "is_byok": false,
      "prompt_tokens_details": {
        "cached_tokens": 1040,
        "audio_tokens": 0,
        "video_tokens": 0
      },
      "cost_details": {
        "upstream_inference_cost": null,
        "upstream_inference_prompt_cost": 0.0001265,
        "upstream_inference_completions_cost": 0.0026296
      },
      "completion_tokens_details": {
        "reasoning_tokens": 0,
        "image_tokens": 0
      }
    }
  }
}