{
  "initial_state": {
    "domain": "uav",
    "time_s": 0.0,
    "env": {
      "weather": "good",
      "wind_mps": 9.5,
      "wind_dir_deg": 270.0
    },
    "airspace": {
      "alt_bounds": [
        100.0,
        600.0
      ],
      "geofence": [
        {
          "type": "polygon",
          "points": [
            [
              0.0,
              0.0
            ],
            [
              800.0,
              0.0
            ],
            [
              800.0,
              600.0
            ],
            [
              0.0,
              600.0
            ]
          ]
        }
      ]
    },
    "uav": {
      "pose": {
        "x": 50.0,
        "y": 50.0,
        "z": 300.0,
        "yaw": 90.0
      },
      "speed_mps": 28.0,
      "energy": {
        "battery_pct": 100.0
      },
      "sensors": {
        "rgb": "ok",
        "thermal": "offline",
        "lidar": "offline",
        "radar": "ok",
        "gnss": "ok",
        "imu": "ok",
        "magnetometer": "ok",
        "barometer": "ok"
      },
      "payloads": []
    },
    "policy": {
      "alt_bounds": [
        100.0,
        600.0
      ]
    },
    "safety_flags": {
      "nfz_violation": false,
      "separation_breach": false
    }
  },
  "dialogue": [
    {
      "turn": 1,
      "speaker": "agent",
      "intent": "initiate_mission",
      "actions": [
        {
          "type": "mcp",
          "name": "read_telemetry",
          "args": {}
        },
        {
          "type": "a2a",
          "task": "swarm_status_check",
          "to": "uav_swarm_agent",
          "payload": {
            "uav_id": "uav_01",
            "status": "standby"
          }
        }
      ],
      "obs": [
        {
          "tool": "read_telemetry",
          "result": {
            "pose": {
              "x": 50.0,
              "y": 50.0,
              "z": 300.0
            },
            "battery_pct": 100.0,
            "speed_mps": 28.0
          }
        },
        {
          "task": "swarm_status_check",
          "from": "uav_swarm_agent",
          "status": "ok",
          "payload": {
            "swarm_count": 5,
            "leader": "uav_01"
          }
        }
      ],
      "net": {
        "slice": "eMBB",
        "lat_ms": 12,
        "jitter_ms": 2,
        "loss_pct": 0.1,
        "throughput_mbps": 850,
        "edge_load": 0.35
      }
    },
    {
      "turn": 2,
      "speaker": "user",
      "intent": "confirm_mission_start",
      "actions": [
        {
          "type": "mcp",
          "name": "set_waypoint",
          "args": {
            "x": 750.0,
            "y": 550.0,
            "z": 400.0
          }
        }
      ],
      "obs": [
        {
          "tool": "set_waypoint",
          "result": {
            "waypoint_set": true,
            "target": {
              "x": 750.0,
              "y": 550.0,
              "z": 400.0
            }
          }
        }
      ],
      "net": {
        "slice": "eMBB",
        "lat_ms": 11,
        "jitter_ms": 1.8,
        "loss_pct": 0.05,
        "throughput_mbps": 900,
        "edge_load": 0.38
      }
    },
    {
      "turn": 3,
      "speaker": "agent",
      "intent": "verify_route_safety",
      "actions": [
        {
          "type": "mcp",
          "name": "check_geofence",
          "args": {
            "path": [
              {
                "x": 50.0,
                "y": 50.0,
                "z": 300.0
              },
              {
                "x": 750.0,
                "y": 550.0,
                "z": 400.0
              }
            ]
          }
        },
        {
          "type": "mcp",
          "name": "activate_sensor",
          "args": {
            "sensor": "lidar"
          }
        }
      ],
      "obs": [
        {
          "tool": "check_geofence",
          "result": {
            "valid": true,
            "breach_points": []
          }
        },
        {
          "tool": "activate_sensor",
          "result": {
            "sensor": "lidar",
            "status": "online"
          }
        }
      ],
      "net": {
        "slice": "URLLC",
        "lat_ms": 8,
        "jitter_ms": 0.9,
        "loss_pct": 0.02,
        "throughput_mbps": 120,
        "edge_load": 0.42
      }
    },
    {
      "turn": 4,
      "speaker": "user",
      "intent": "request_sensor_data",
      "actions": [
        {
          "type": "mcp",
          "name": "capture_image",
          "args": {
            "sensor": "rgb",
            "resolution": "4k"
          }
        }
      ],
      "obs": [
        {
          "tool": "capture_image",
          "result": {
            "image_id": "img_001",
            "sensor": "rgb",
            "status": "captured",
            "storage": "local"
          }
        }
      ],
      "net": {
        "slice": "eMBB",
        "lat_ms": 15,
        "jitter_ms": 3,
        "loss_pct": 0.2,
        "throughput_mbps": 800,
        "edge_load": 0.55
      }
    },
    {
      "turn": 5,
      "speaker": "agent",
      "intent": "detect_obstacle",
      "actions": [
        {
          "type": "mcp",
          "name": "run_detection",
          "args": {
            "sensor": "lidar",
            "algorithm": "pointnet"
          }
        }
      ],
      "obs": [
        {
          "tool": "run_detection",
          "result": {
            "obstacle": true,
            "distance_m": 120.0,
            "type": "tower",
            "evasive_action": "climb"
          }
        }
      ],
      "net": {
        "slice": "URLLC",
        "lat_ms": 7,
        "jitter_ms": 0.5,
        "loss_pct": 0.01,
        "throughput_mbps": 100,
        "edge_load": 0.48
      }
    },
    {
      "turn": 6,
      "speaker": "user",
      "intent": "approve_altitude_change",
      "actions": [
        {
          "type": "mcp",
          "name": "adjust_altitude",
          "args": {
            "target_z": 500.0
          }
        }
      ],
      "obs": [
        {
          "tool": "adjust_altitude",
          "result": {
            "current_z": 500.0,
            "status": "stabilized"
          }
        }
      ],
      "net": {
        "slice": "URLLC",
        "lat_ms": 9,
        "jitter_ms": 1.1,
        "loss_pct": 0.03,
        "throughput_mbps": 95,
        "edge_load": 0.51
      }
    },
    {
      "turn": 7,
      "speaker": "agent",
      "intent": "swarm_coordination",
      "actions": [
        {
          "type": "a2a",
          "task": "collision_avoidance",
          "to": "uav_swarm_agent",
          "payload": {
            "uav_id": "uav_01",
            "action": "climb_to_500",
            "timestamp": 7.3
          }
        }
      ],
      "obs": [
        {
          "task": "collision_avoidance",
          "from": "uav_swarm_agent",
          "status": "acknowledged",
          "payload": {
            "swarm_action": "adjust_formation",
            "new_spacing_m": 25.0
          }
        }
      ],
      "net": {
        "slice": "URLLC",
        "lat_ms": 6,
        "jitter_ms": 0.4,
        "loss_pct": 0.0,
        "throughput_mbps": 110,
        "edge_load": 0.45
      }
    },
    {
      "turn": 8,
      "speaker": "user",
      "intent": "monitor_battery",
      "actions": [
        {
          "type": "mcp",
          "name": "read_telemetry",
          "args": {}
        }
      ],
      "obs": [
        {
          "tool": "read_telemetry",
          "result": {
            "pose": {
              "x": 420.0,
              "y": 310.0,
              "z": 500.0
            },
            "battery_pct": 78.5,
            "speed_mps": 26.0
          }
        }
      ],
      "net": {
        "slice": "mMTC",
        "lat_ms": 25,
        "jitter_ms": 5,
        "loss_pct": 0.8,
        "throughput_mbps": 1.2,
        "edge_load": 0.78
      }
    },
    {
      "turn": 9,
      "speaker": "agent",
      "intent": "optimize_path_under_load",
      "actions": [
        {
          "type": "mcp",
          "name": "compute_efficient_route",
          "args": {
            "current": {
              "x": 420.0,
              "y": 310.0
            },
            "target": {
              "x": 750.0,
              "y": 550.0
            },
            "avoid": "high_wind_zones"
          }
        }
      ],
      "obs": [
        {
          "tool": "compute_efficient_route",
          "result": {
            "route": [
              {
                "x": 420.0,
                "y": 310.0
              },
              {
                "x": 680.0,
                "y": 490.0
              },
              {
                "x": 750.0,
                "y": 550.0
              }
            ],
            "estimated_battery_at_arrival": 52.3
          }
        }
      ],
      "net": {
        "slice": "URLLC",
        "lat_ms": 10,
        "jitter_ms": 1.3,
        "loss_pct": 0.04,
        "throughput_mbps": 105,
        "edge_load": 0.62
      }
    },
    {
      "turn": 10,
      "speaker": "user",
      "intent": "confirm_delivery",
      "actions": [
        {
          "type": "mcp",
          "name": "activate_payload",
          "args": {
            "action": "release_parcel"
          }
        }
      ],
      "obs": [
        {
          "tool": "activate_payload",
          "result": {
            "action": "release_parcel",
            "status": "success",
            "timestamp": 10.7
          }
        }
      ],
      "net": {
        "slice": "URLLC",
        "lat_ms": 7,
        "jitter_ms": 0.6,
        "loss_pct": 0.01,
        "throughput_mbps": 115,
        "edge_load": 0.53
      }
    },
    {
      "turn": 11,
      "speaker": "agent",
      "intent": "return_to_base",
      "actions": [
        {
          "type": "mcp",
          "name": "set_waypoint",
          "args": {
            "x": 50.0,
            "y": 50.0,
            "z": 300.0
          }
        }
      ],
      "obs": [
        {
          "tool": "set_waypoint",
          "result": {
            "waypoint_set": true,
            "target": {
              "x": 50.0,
              "y": 50.0,
              "z": 300.0
            }
          }
        }
      ],
      "net": {
        "slice": "eMBB",
        "lat_ms": 13,
        "jitter_ms": 2.1,
        "loss_pct": 0.15,
        "throughput_mbps": 780,
        "edge_load": 0.41
      }
    }
  ],
  "final_state": {
    "domain": "uav",
    "time_s": 12.0,
    "env": {
      "weather": "good",
      "wind_mps": 9.5,
      "wind_dir_deg": 270.0
    },
    "airspace": {
      "alt_bounds": [
        100.0,
        600.0
      ],
      "geofence": [
        {
          "type": "polygon",
          "points": [
            [
              0.0,
              0.0
            ],
            [
              800.0,
              0.0
            ],
            [
              800.0,
              600.0
            ],
            [
              0.0,
              600.0
            ]
          ]
        }
      ]
    },
    "uav": {
      "pose": {
        "x": 720.0,
        "y": 530.0,
        "z": 500.0,
        "yaw": 135.0
      },
      "speed_mps": 25.0,
      "energy": {
        "battery_pct": 51.0
      },
      "sensors": {
        "rgb": "ok",
        "thermal": "offline",
        "lidar": "online",
        "radar": "ok",
        "gnss": "ok",
        "imu": "ok",
        "magnetometer": "ok",
        "barometer": "ok"
      },
      "payloads": []
    },
    "policy": {
      "alt_bounds": [
        100.0,
        600.0
      ]
    },
    "safety_flags": {
      "nfz_violation": false,
      "separation_breach": false
    }
  },
  "success": true,
  "_meta": {
    "seed": 42,
    "ts": 1763901579,
    "ts_iso": "2025-11-23T12:39:39Z",
    "gen_time_s": 46.737849950790405,
    "attempts_used": 1,
    "generation_failed": false,
    "usage": {
      "prompt_tokens": 1064,
      "completion_tokens": 3658,
      "total_tokens": 4722,
      "cost": 0.00309184,
      "is_byok": false,
      "prompt_tokens_details": {
        "cached_tokens": 624,
        "audio_tokens": 0,
        "video_tokens": 0
      },
      "cost_details": {
        "upstream_inference_cost": null,
        "upstream_inference_prompt_cost": 0.00016544,
        "upstream_inference_completions_cost": 0.0029264
      },
      "completion_tokens_details": {
        "reasoning_tokens": 0,
        "image_tokens": 0
      }
    }
  }
}