{
  "initial_state": {
    "domain": "uav",
    "time_s": 0.0,
    "env": {
      "weather": "icing",
      "wind_mps": 6.0,
      "wind_dir_deg": 135.0
    },
    "airspace": {
      "alt_bounds": [
        5.0,
        60.0
      ],
      "geofence": [
        {
          "type": "polygon",
          "points": [
            [
              0.0,
              0.0
            ],
            [
              200.0,
              0.0
            ],
            [
              200.0,
              150.0
            ],
            [
              0.0,
              150.0
            ]
          ]
        }
      ]
    },
    "uav": {
      "pose": {
        "x": 10.0,
        "y": 10.0,
        "z": 15.0,
        "yaw": 90.0
      },
      "speed_mps": 15.0,
      "energy": {
        "battery_pct": 100.0
      },
      "sensors": {
        "rgb": "ok",
        "thermal": "offline",
        "lidar": "ok",
        "radar": "offline",
        "gnss": "ok",
        "imu": "ok",
        "magnetometer": "ok",
        "barometer": "ok"
      },
      "payloads": []
    },
    "policy": {
      "alt_bounds": [
        5.0,
        60.0
      ]
    },
    "safety_flags": {
      "nfz_violation": false,
      "separation_breach": false
    }
  },
  "dialogue": [
    {
      "turn": 1,
      "speaker": "agent",
      "intent": "initiate mission and check telemetry",
      "actions": [
        {
          "type": "mcp",
          "name": "read_telemetry",
          "args": {}
        }
      ],
      "obs": [
        {
          "tool": "read_telemetry",
          "result": {
            "pose": {
              "x": 10.0,
              "y": 10.0,
              "z": 15.0
            },
            "battery_pct": 100.0,
            "speed_mps": 15.0,
            "sensors": {
              "gnss": "ok",
              "imu": "ok"
            }
          }
        }
      ],
      "net": {
        "slice": "eMBB",
        "lat_ms": 12,
        "jitter_ms": 2,
        "loss_pct": 0.1,
        "throughput_mbps": 850,
        "edge_load": 0.45
      }
    },
    {
      "turn": 2,
      "speaker": "user",
      "intent": "confirm mission start and request route plan",
      "actions": [
        {
          "type": "mcp",
          "name": "request_route_plan",
          "args": {
            "destination": [
              180.0,
              140.0
            ]
          }
        }
      ],
      "obs": [
        {
          "tool": "request_route_plan",
          "result": {
            "route": [
              [
                10.0,
                10.0
              ],
              [
                50.0,
                40.0
              ],
              [
                100.0,
                90.0
              ],
              [
                180.0,
                140.0
              ]
            ],
            "eta_s": 65.0,
            "energy_required_pct": 45.0
          }
        }
      ],
      "net": {
        "slice": "eMBB",
        "lat_ms": 14,
        "jitter_ms": 3,
        "loss_pct": 0.2,
        "throughput_mbps": 800,
        "edge_load": 0.5
      }
    },
    {
      "turn": 3,
      "speaker": "agent",
      "intent": "initiate swarm coordination for corridor navigation",
      "actions": [
        {
          "type": "a2a",
          "task": "collision_avoidance",
          "to": "uav_swarm_agent",
          "payload": {
            "current_pose": {
              "x": 10.0,
              "y": 10.0,
              "z": 15.0
            },
            "route": [
              [
                10.0,
                10.0
              ],
              [
                50.0,
                40.0
              ],
              [
                100.0,
                90.0
              ],
              [
                180.0,
                140.0
              ]
            ]
          }
        }
      ],
      "obs": [
        {
          "task": "collision_avoidance",
          "from": "uav_swarm_agent",
          "status": "ok",
          "payload": {
            "safe": true,
            "suggested_alt": 25.0
          }
        }
      ],
      "net": {
        "slice": "URLLC",
        "lat_ms": 8,
        "jitter_ms": 1,
        "loss_pct": 0.05,
        "throughput_mbps": 100,
        "edge_load": 0.3
      }
    },
    {
      "turn": 4,
      "speaker": "user",
      "intent": "request sensor activation for low visibility",
      "actions": [
        {
          "type": "mcp",
          "name": "activate_sensor",
          "args": {
            "sensor": "lidar"
          }
        }
      ],
      "obs": [
        {
          "tool": "activate_sensor",
          "result": {
            "sensor": "lidar",
            "status": "active"
          }
        }
      ],
      "net": {
        "slice": "URLLC",
        "lat_ms": 7,
        "jitter_ms": 1,
        "loss_pct": 0.02,
        "throughput_mbps": 110,
        "edge_load": 0.35
      }
    },
    {
      "turn": 5,
      "speaker": "agent",
      "intent": "adjust altitude due to icing and wind",
      "actions": [
        {
          "type": "mcp",
          "name": "adjust_altitude",
          "args": {
            "target_z": 25.0
          }
        }
      ],
      "obs": [
        {
          "tool": "adjust_altitude",
          "result": {
            "achieved_z": 25.0,
            "duration_s": 4.2,
            "energy_used_pct": 1.5
          }
        }
      ],
      "net": {
        "slice": "URLLC",
        "lat_ms": 9,
        "jitter_ms": 1.5,
        "loss_pct": 0.1,
        "throughput_mbps": 95,
        "edge_load": 0.4
      }
    },
    {
      "turn": 6,
      "speaker": "user",
      "intent": "report network degradation and request telemetry",
      "actions": [
        {
          "type": "mcp",
          "name": "read_telemetry",
          "args": {}
        }
      ],
      "obs": [
        {
          "tool": "read_telemetry",
          "result": {
            "pose": {
              "x": 60.0,
              "y": 55.0,
              "z": 25.0
            },
            "battery_pct": 97.0,
            "speed_mps": 14.5,
            "link_quality": "degraded"
          }
        }
      ],
      "net": {
        "slice": "mMTC",
        "lat_ms": 120,
        "jitter_ms": 25,
        "loss_pct": 8.0,
        "throughput_mbps": 1.2,
        "edge_load": 0.85
      }
    },
    {
      "turn": 7,
      "speaker": "agent",
      "intent": "reduce data usage and maintain safe flight",
      "actions": [
        {
          "type": "mcp",
          "name": "reduce_sensor_rate",
          "args": {
            "sensor": "lidar",
            "rate_hz": 5
          }
        }
      ],
      "obs": [
        {
          "tool": "reduce_sensor_rate",
          "result": {
            "sensor": "lidar",
            "rate_hz": 5,
            "power_saved_pct": 2.1
          }
        }
      ],
      "net": {
        "slice": "mMTC",
        "lat_ms": 110,
        "jitter_ms": 30,
        "loss_pct": 10.0,
        "throughput_mbps": 0.9,
        "edge_load": 0.9
      }
    },
    {
      "turn": 8,
      "speaker": "user",
      "intent": "authorize emergency reroute due to weather",
      "actions": [
        {
          "type": "mcp",
          "name": "request_reroute",
          "args": {
            "reason": "icing risk at current altitude"
          }
        }
      ],
      "obs": [
        {
          "tool": "request_reroute",
          "result": {
            "new_route": [
              [
                60.0,
                55.0
              ],
              [
                70.0,
                75.0
              ],
              [
                110.0,
                100.0
              ],
              [
                180.0,
                140.0
              ]
            ],
            "eta_s": 72.0
          }
        }
      ],
      "net": {
        "slice": "URLLC",
        "lat_ms": 10,
        "jitter_ms": 2,
        "loss_pct": 0.3,
        "throughput_mbps": 90,
        "edge_load": 0.6
      }
    },
    {
      "turn": 9,
      "speaker": "agent",
      "intent": "execute reroute and monitor battery",
      "actions": [
        {
          "type": "mcp",
          "name": "execute_waypoints",
          "args": {
            "waypoints": [
              [
                70.0,
                75.0
              ],
              [
                110.0,
                100.0
              ],
              [
                180.0,
                140.0
              ]
            ]
          }
        }
      ],
      "obs": [
        {
          "tool": "execute_waypoints",
          "result": {
            "status": "in_progress",
            "next_waypoint": [
              70.0,
              75.0
            ],
            "estimated_completion_s": 58.0
          }
        }
      ],
      "net": {
        "slice": "URLLC",
        "lat_ms": 9,
        "jitter_ms": 1.8,
        "loss_pct": 0.2,
        "throughput_mbps": 98,
        "edge_load": 0.55
      }
    },
    {
      "turn": 10,
      "speaker": "user",
      "intent": "confirm final approach and request landing check",
      "actions": [
        {
          "type": "mcp",
          "name": "landing_checklist",
          "args": {}
        }
      ],
      "obs": [
        {
          "tool": "landing_checklist",
          "result": {
            "battery_pct": 92.5,
            "approach_clear": true,
            "geofence_ok": true,
            "wind_cross": false
          }
        }
      ],
      "net": {
        "slice": "URLLC",
        "lat_ms": 8,
        "jitter_ms": 1,
        "loss_pct": 0.1,
        "throughput_mbps": 105,
        "edge_load": 0.4
      }
    },
    {
      "turn": 11,
      "speaker": "agent",
      "intent": "complete mission and land safely",
      "actions": [
        {
          "type": "mcp",
          "name": "land_uav",
          "args": {
            "target": [
              180.0,
              140.0
            ]
          }
        }
      ],
      "obs": [
        {
          "tool": "land_uav",
          "result": {
            "status": "landed",
            "final_pose": {
              "x": 180.0,
              "y": 140.0,
              "z": 5.0
            },
            "battery_pct": 90.0
          }
        }
      ],
      "net": {
        "slice": "URLLC",
        "lat_ms": 7,
        "jitter_ms": 0.8,
        "loss_pct": 0.05,
        "throughput_mbps": 110,
        "edge_load": 0.3
      }
    }
  ],
  "final_state": {
    "domain": "uav",
    "time_s": 72.0,
    "env": {
      "weather": "icing",
      "wind_mps": 6.0,
      "wind_dir_deg": 135.0
    },
    "airspace": {
      "alt_bounds": [
        5.0,
        60.0
      ],
      "geofence": [
        {
          "type": "polygon",
          "points": [
            [
              0.0,
              0.0
            ],
            [
              200.0,
              0.0
            ],
            [
              200.0,
              150.0
            ],
            [
              0.0,
              150.0
            ]
          ]
        }
      ]
    },
    "uav": {
      "pose": {
        "x": 180.0,
        "y": 140.0,
        "z": 5.0,
        "yaw": 90.0
      },
      "speed_mps": 0.0,
      "energy": {
        "battery_pct": 90.0
      },
      "sensors": {
        "rgb": "ok",
        "thermal": "offline",
        "lidar": "ok",
        "radar": "offline",
        "gnss": "ok",
        "imu": "ok",
        "magnetometer": "ok",
        "barometer": "ok"
      },
      "payloads": []
    },
    "policy": {
      "alt_bounds": [
        5.0,
        60.0
      ]
    },
    "safety_flags": {
      "nfz_violation": false,
      "separation_breach": false
    }
  },
  "success": true,
  "_meta": {
    "seed": 42,
    "ts": 1764050896,
    "ts_iso": "2025-11-25T06:08:16Z",
    "gen_time_s": 57.405922174453735,
    "attempts_used": 1,
    "generation_failed": false,
    "usage": {
      "prompt_tokens": 1063,
      "completion_tokens": 3566,
      "total_tokens": 4629,
      "cost": 0.00301802,
      "is_byok": false,
      "prompt_tokens_details": {
        "cached_tokens": 624,
        "audio_tokens": 0,
        "video_tokens": 0
      },
      "cost_details": {
        "upstream_inference_cost": null,
        "upstream_inference_prompt_cost": 0.00016522,
        "upstream_inference_completions_cost": 0.0028528
      },
      "completion_tokens_details": {
        "reasoning_tokens": 0,
        "image_tokens": 0
      }
    }
  }
}