{
  "initial_state": {
    "domain": "uav",
    "time_s": 0.0,
    "env": {
      "weather": "icing",
      "wind_mps": 8.0,
      "wind_dir_deg": 210.0
    },
    "airspace": {
      "alt_bounds": [
        10.0,
        120.0
      ],
      "geofence": [
        {
          "type": "polygon",
          "points": [
            [
              100.0,
              100.0
            ],
            [
              500.0,
              100.0
            ],
            [
              500.0,
              500.0
            ],
            [
              100.0,
              500.0
            ]
          ]
        }
      ]
    },
    "uav": {
      "pose": {
        "x": 120.0,
        "y": 120.0,
        "z": 30.0,
        "yaw": 90.0
      },
      "speed_mps": 40.0,
      "energy": {
        "battery_pct": 100.0
      },
      "sensors": {
        "rgb": "ok",
        "thermal": "offline",
        "lidar": "ok",
        "radar": "ok",
        "gnss": "ok",
        "imu": "ok",
        "magnetometer": "ok",
        "barometer": "ok"
      },
      "payloads": []
    },
    "policy": {
      "alt_bounds": [
        10.0,
        120.0
      ]
    },
    "safety_flags": {
      "nfz_violation": false,
      "separation_breach": false
    }
  },
  "dialogue": [
    {
      "turn": 1,
      "speaker": "agent",
      "intent": "initiate_survey_mission",
      "actions": [
        {
          "type": "mcp",
          "name": "read_telemetry",
          "args": {}
        },
        {
          "type": "a2a",
          "task": "request_weather_update",
          "to": "weather_agent",
          "payload": {
            "location": [
              120.0,
              120.0
            ],
            "time_window": 300
          }
        }
      ],
      "obs": [
        {
          "tool": "read_telemetry",
          "result": {
            "pose": {
              "x": 120.0,
              "y": 120.0,
              "z": 30.0,
              "yaw": 90.0
            },
            "speed_mps": 40.0,
            "battery_pct": 100.0,
            "gnss": "ok"
          }
        },
        {
          "task": "request_weather_update",
          "from": "weather_agent",
          "status": "ok",
          "payload": {
            "precipitation": "light_snow",
            "visibility_m": 400,
            "icing": "severe"
          }
        }
      ],
      "net": {
        "slice": "eMBB",
        "lat_ms": 12,
        "jitter_ms": 2,
        "loss_pct": 0.1,
        "throughput_mbps": 850,
        "edge_load": 0.3
      }
    },
    {
      "turn": 2,
      "speaker": "user",
      "intent": "adjust_mission_for_weather",
      "actions": [
        {
          "type": "mcp",
          "name": "update_flight_plan",
          "args": {
            "waypoints": [
              {
                "x": 200.0,
                "y": 200.0,
                "z": 50.0
              },
              {
                "x": 300.0,
                "y": 300.0,
                "z": 70.0
              }
            ],
            "speed_mps": 30.0
          }
        }
      ],
      "obs": [
        {
          "tool": "update_flight_plan",
          "result": {
            "status": "success",
            "waypoints_enforced": 2,
            "new_speed": 30.0
          }
        }
      ],
      "net": {
        "slice": "URLLC",
        "lat_ms": 8,
        "jitter_ms": 1,
        "loss_pct": 0.05,
        "throughput_mbps": 100,
        "edge_load": 0.2
      }
    },
    {
      "turn": 3,
      "speaker": "agent",
      "intent": "ascend_to_avoid_icing_layer",
      "actions": [
        {
          "type": "mcp",
          "name": "set_altitude",
          "args": {
            "target_z": 80.0
          }
        },
        {
          "type": "a2a",
          "task": "check_separation",
          "to": "uav_swarm_agent",
          "payload": {
            "uav_id": "uav_01",
            "current_pose": {
              "x": 120.0,
              "y": 120.0,
              "z": 30.0
            }
          }
        }
      ],
      "obs": [
        {
          "tool": "set_altitude",
          "result": {
            "status": "executing",
            "target": 80.0,
            "current_z": 45.0
          }
        },
        {
          "task": "check_separation",
          "from": "uav_swarm_agent",
          "status": "ok",
          "payload": {
            "closest_uav": "uav_03",
            "distance_m": 120.0
          }
        }
      ],
      "net": {
        "slice": "URLLC",
        "lat_ms": 9,
        "jitter_ms": 1.5,
        "loss_pct": 0.08,
        "throughput_mbps": 120,
        "edge_load": 0.25
      }
    },
    {
      "turn": 4,
      "speaker": "user",
      "intent": "enable_thermal_imaging",
      "actions": [
        {
          "type": "mcp",
          "name": "activate_sensor",
          "args": {
            "sensor": "thermal",
            "mode": "high_res"
          }
        }
      ],
      "obs": [
        {
          "tool": "activate_sensor",
          "result": {
            "sensor": "thermal",
            "status": "failed",
            "reason": "hardware_fault_icing"
          }
        }
      ],
      "net": {
        "slice": "mMTC",
        "lat_ms": 15,
        "jitter_ms": 5,
        "loss_pct": 0.5,
        "throughput_mbps": 1,
        "edge_load": 0.4
      }
    },
    {
      "turn": 5,
      "speaker": "agent",
      "intent": "compensate_for_sensor_failure",
      "actions": [
        {
          "type": "mcp",
          "name": "activate_sensor",
          "args": {
            "sensor": "lidar",
            "mode": "obstacle_scan"
          }
        },
        {
          "type": "a2a",
          "task": "request_lidar_fusion",
          "to": "perception_agent",
          "payload": {
            "source": "uav_01",
            "scan_radius": 50
          }
        }
      ],
      "obs": [
        {
          "tool": "activate_sensor",
          "result": {
            "sensor": "lidar",
            "status": "active",
            "mode": "obstacle_scan"
          }
        },
        {
          "task": "request_lidar_fusion",
          "from": "perception_agent",
          "status": "complete",
          "payload": {
            "obstacles_detected": 3,
            "nearest": 25.0
          }
        }
      ],
      "net": {
        "slice": "URLLC",
        "lat_ms": 7,
        "jitter_ms": 1,
        "loss_pct": 0.04,
        "throughput_mbps": 90,
        "edge_load": 0.18
      }
    },
    {
      "turn": 6,
      "speaker": "user",
      "intent": "reroute_around_obstacles",
      "actions": [
        {
          "type": "mcp",
          "name": "update_flight_plan",
          "args": {
            "waypoints": [
              {
                "x": 250.0,
                "y": 250.0,
                "z": 80.0
              }
            ]
          }
        }
      ],
      "obs": [
        {
          "tool": "update_flight_plan",
          "result": {
            "status": "success",
            "waypoints_enforced": 1
          }
        }
      ],
      "net": {
        "slice": "URLLC",
        "lat_ms": 10,
        "jitter_ms": 2,
        "loss_pct": 0.1,
        "throughput_mbps": 110,
        "edge_load": 0.3
      }
    },
    {
      "turn": 7,
      "speaker": "agent",
      "intent": "monitor_battery_and_network",
      "actions": [
        {
          "type": "mcp",
          "name": "read_telemetry",
          "args": {}
        },
        {
          "type": "a2a",
          "task": "report_status",
          "to": "mission_control",
          "payload": {
            "battery_pct": 88.5,
            "position": {
              "x": 240.0,
              "y": 240.0,
              "z": 80.0
            }
          }
        }
      ],
      "obs": [
        {
          "tool": "read_telemetry",
          "result": {
            "pose": {
              "x": 240.0,
              "y": 240.0,
              "z": 80.0,
              "yaw": 135.0
            },
            "speed_mps": 30.0,
            "battery_pct": 88.5
          }
        },
        {
          "task": "report_status",
          "from": "mission_control",
          "status": "ack",
          "payload": {
            "next_instruction": "proceed_to_survey_point"
          }
        }
      ],
      "net": {
        "slice": "eMBB",
        "lat_ms": 200,
        "jitter_ms": 50,
        "loss_pct": 5.0,
        "throughput_mbps": 200,
        "edge_load": 0.9
      }
    },
    {
      "turn": 8,
      "speaker": "user",
      "intent": "switch_to_low_bandwidth_mode",
      "actions": [
        {
          "type": "mcp",
          "name": "set_network_profile",
          "args": {
            "preferred_slice": "URLLC",
            "disable_high_bandwidth": true
          }
        }
      ],
      "obs": [
        {
          "tool": "set_network_profile",
          "result": {
            "status": "applied",
            "active_slice": "URLLC",
            "disabled_sensors": [
              "rgb"
            ]
          }
        }
      ],
      "net": {
        "slice": "URLLC",
        "lat_ms": 6,
        "jitter_ms": 1,
        "loss_pct": 0.02,
        "throughput_mbps": 80,
        "edge_load": 0.15
      }
    },
    {
      "turn": 9,
      "speaker": "agent",
      "intent": "capture_survey_data_at_waypoint",
      "actions": [
        {
          "type": "mcp",
          "name": "capture_image",
          "args": {
            "sensor": "lidar",
            "resolution": "medium"
          }
        },
        {
          "type": "a2a",
          "task": "store_data_locally",
          "to": "onboard_storage_agent",
          "payload": {
            "data_id": "survey_001_lidar",
            "size_mb": 15.2
          }
        }
      ],
      "obs": [
        {
          "tool": "capture_image",
          "result": {
            "sensor": "lidar",
            "status": "success",
            "data_ref": "lidar_250x250x80_001"
          }
        },
        {
          "task": "store_data_locally",
          "from": "onboard_storage_agent",
          "status": "stored",
          "payload": {
            "location": "ssd_0",
            "free_mb": 10240
          }
        }
      ],
      "net": {
        "slice": "URLLC",
        "lat_ms": 8,
        "jitter_ms": 1.2,
        "loss_pct": 0.06,
        "throughput_mbps": 85,
        "edge_load": 0.17
      }
    },
    {
      "turn": 10,
      "speaker": "user",
      "intent": "begin_return_journey",
      "actions": [
        {
          "type": "mcp",
          "name": "set_home_waypoint",
          "args": {
            "x": 120.0,
            "y": 120.0,
            "z": 30.0
          }
        }
      ],
      "obs": [
        {
          "tool": "set_home_waypoint",
          "result": {
            "status": "confirmed",
            "eta_s": 120,
            "route_safe": true
          }
        }
      ],
      "net": {
        "slice": "URLLC",
        "lat_ms": 7,
        "jitter_ms": 0.8,
        "loss_pct": 0.03,
        "throughput_mbps": 95,
        "edge_load": 0.16
      }
    },
    {
      "turn": 11,
      "speaker": "agent",
      "intent": "verify_safety_and_landing",
      "actions": [
        {
          "type": "mcp",
          "name": "read_telemetry",
          "args": {}
        },
        {
          "type": "a2a",
          "task": "clearance_to_land",
          "to": "atc_agent",
          "payload": {
            "uav_id": "uav_01",
            "final_approach": true
          }
        }
      ],
      "obs": [
        {
          "tool": "read_telemetry",
          "result": {
            "pose": {
              "x": 130.0,
              "y": 130.0,
              "z": 35.0,
              "yaw": 270.0
            },
            "speed_mps": 20.0,
            "battery_pct": 78.0
          }
        },
        {
          "task": "clearance_to_land",
          "from": "atc_agent",
          "status": "granted",
          "payload": {
            "landing_zone": "pad_01",
            "instructions": "descend_at_1m_s"
          }
        }
      ],
      "net": {
        "slice": "URLLC",
        "lat_ms": 6,
        "jitter_ms": 1,
        "loss_pct": 0.01,
        "throughput_mbps": 100,
        "edge_load": 0.1
      }
    }
  ],
  "final_state": {
    "domain": "uav",
    "time_s": 660.0,
    "env": {
      "weather": "icing",
      "wind_mps": 8.0,
      "wind_dir_deg": 210.0
    },
    "airspace": {
      "alt_bounds": [
        10.0,
        120.0
      ],
      "geofence": [
        {
          "type": "polygon",
          "points": [
            [
              100.0,
              100.0
            ],
            [
              500.0,
              100.0
            ],
            [
              500.0,
              500.0
            ],
            [
              100.0,
              500.0
            ]
          ]
        }
      ]
    },
    "uav": {
      "pose": {
        "x": 120.0,
        "y": 120.0,
        "z": 15.0,
        "yaw": 270.0
      },
      "speed_mps": 1.0,
      "energy": {
        "battery_pct": 75.0
      },
      "sensors": {
        "rgb": "disabled",
        "thermal": "offline",
        "lidar": "active",
        "radar": "ok",
        "gnss": "ok",
        "imu": "ok",
        "magnetometer": "ok",
        "barometer": "ok"
      },
      "payloads": []
    },
    "policy": {
      "alt_bounds": [
        10.0,
        120.0
      ]
    },
    "safety_flags": {
      "nfz_violation": false,
      "separation_breach": false
    }
  },
  "success": true,
  "_meta": {
    "seed": 42,
    "ts": 1763890309,
    "ts_iso": "2025-11-23T09:31:49Z",
    "gen_time_s": 73.34030485153198,
    "attempts_used": 1,
    "generation_failed": false,
    "usage": {
      "prompt_tokens": 1075,
      "completion_tokens": 4156,
      "total_tokens": 5231,
      "cost": 0.00349266,
      "is_byok": false,
      "prompt_tokens_details": {
        "cached_tokens": 624,
        "audio_tokens": 0,
        "video_tokens": 0
      },
      "cost_details": {
        "upstream_inference_cost": null,
        "upstream_inference_prompt_cost": 0.00016786,
        "upstream_inference_completions_cost": 0.0033248
      },
      "completion_tokens_details": {
        "reasoning_tokens": 0,
        "image_tokens": 0
      }
    }
  }
}