{
  "initial_state": {
    "domain": "uav",
    "time_s": 0.0,
    "env": {
      "weather": "lightning_risk",
      "wind_mps": 8.5,
      "wind_dir_deg": 240.0
    },
    "airspace": {
      "alt_bounds": [
        10.0,
        150.0
      ],
      "geofence": [
        {
          "type": "polygon",
          "points": [
            [
              0,
              0
            ],
            [
              0,
              300
            ],
            [
              400,
              300
            ],
            [
              400,
              0
            ]
          ]
        }
      ]
    },
    "uav": {
      "pose": {
        "x": 50.0,
        "y": 50.0,
        "z": 20.0,
        "yaw": 90.0
      },
      "speed_mps": 22.0,
      "energy": {
        "battery_pct": 100.0
      },
      "sensors": {
        "rgb": "ok",
        "thermal": "ok",
        "lidar": "ok",
        "radar": "offline",
        "gnss": "ok",
        "imu": "ok",
        "magnetometer": "ok",
        "barometer": "ok"
      },
      "payloads": []
    },
    "policy": {
      "alt_bounds": [
        10.0,
        150.0
      ]
    },
    "safety_flags": {
      "nfz_violation": false,
      "separation_breach": false
    }
  },
  "dialogue": [
    {
      "turn": 1,
      "speaker": "agent",
      "intent": "initiate_survey_mission",
      "actions": [
        {
          "type": "mcp",
          "name": "read_telemetry",
          "args": {}
        },
        {
          "type": "a2a",
          "task": "request_weather_update",
          "to": "weather_monitor_agent",
          "payload": {
            "location": {
              "x": 50.0,
              "y": 50.0
            }
          }
        }
      ],
      "obs": [
        {
          "tool": "read_telemetry",
          "result": {
            "pose": {
              "x": 50.0,
              "y": 50.0,
              "z": 20.0
            },
            "battery_pct": 100.0,
            "speed_mps": 22.0
          }
        },
        {
          "task": "request_weather_update",
          "from": "weather_monitor_agent",
          "status": "ok",
          "payload": {
            "weather": "lightning_risk",
            "wind_mps": 8.5,
            "update_interval_s": 30
          }
        }
      ],
      "net": {
        "slice": "URLLC",
        "lat_ms": 8,
        "jitter_ms": 1.2,
        "loss_pct": 0.1,
        "throughput_mbps": 50,
        "edge_load": 0.3
      }
    },
    {
      "turn": 2,
      "speaker": "user",
      "intent": "approve_mission_with_caution",
      "actions": [
        {
          "type": "mcp",
          "name": "set_safety_policy",
          "args": {
            "lightning_protocols": true,
            "max_altitude": 120.0
          }
        }
      ],
      "obs": [
        {
          "tool": "set_safety_policy",
          "result": {
            "status": "applied",
            "max_altitude": 120.0,
            "protocols": [
              "lightning_protocols"
            ]
          }
        }
      ],
      "net": {
        "slice": "eMBB",
        "lat_ms": 15,
        "jitter_ms": 3.0,
        "loss_pct": 0.5,
        "throughput_mbps": 120,
        "edge_load": 0.6
      }
    },
    {
      "turn": 3,
      "speaker": "agent",
      "intent": "adjust_flight_plan_for_weather",
      "actions": [
        {
          "type": "mcp",
          "name": "plan_route",
          "args": {
            "waypoints": [
              {
                "x": 100.0,
                "y": 100.0,
                "z": 40.0
              },
              {
                "x": 200.0,
                "y": 150.0,
                "z": 60.0
              }
            ],
            "avoid_weather_cells": true
          }
        }
      ],
      "obs": [
        {
          "tool": "plan_route",
          "result": {
            "route_valid": true,
            "estimated_duration_s": 180,
            "battery_impact_pct": 12.0
          }
        }
      ],
      "net": {
        "slice": "URLLC",
        "lat_ms": 10,
        "jitter_ms": 1.5,
        "loss_pct": 0.2,
        "throughput_mbps": 60,
        "edge_load": 0.4
      }
    },
    {
      "turn": 4,
      "speaker": "user",
      "intent": "request_sensor_diagnostic",
      "actions": [
        {
          "type": "mcp",
          "name": "diagnose_sensor",
          "args": {
            "sensor": "radar"
          }
        }
      ],
      "obs": [
        {
          "tool": "diagnose_sensor",
          "result": {
            "sensor": "radar",
            "status": "faulty_antenna",
            "recommendation": "operate_without_radar"
          }
        }
      ],
      "net": {
        "slice": "mMTC",
        "lat_ms": 50,
        "jitter_ms": 10.0,
        "loss_pct": 2.0,
        "throughput_mbps": 1.5,
        "edge_load": 0.8
      }
    },
    {
      "turn": 5,
      "speaker": "agent",
      "intent": "compensate_sensor_failure",
      "actions": [
        {
          "type": "mcp",
          "name": "activate_sensor_fusion",
          "args": {
            "primary": "lidar",
            "secondary": "thermal"
          }
        },
        {
          "type": "a2a",
          "task": "collision_avoidance",
          "to": "uav_swarm_agent",
          "payload": {
            "pose": {
              "x": 50.0,
              "y": 50.0,
              "z": 20.0
            },
            "velocity": 22.0
          }
        }
      ],
      "obs": [
        {
          "tool": "activate_sensor_fusion",
          "result": {
            "status": "active",
            "mode": "lidar_thermal_fusion"
          }
        },
        {
          "task": "collision_avoidance",
          "from": "uav_swarm_agent",
          "status": "ok",
          "payload": {
            "safe": true,
            "suggested_alt": 45.0
          }
        }
      ],
      "net": {
        "slice": "URLLC",
        "lat_ms": 9,
        "jitter_ms": 1.3,
        "loss_pct": 0.1,
        "throughput_mbps": 55,
        "edge_load": 0.35
      }
    },
    {
      "turn": 6,
      "speaker": "user",
      "intent": "initiate_emergency_procedure",
      "actions": [
        {
          "type": "mcp",
          "name": "trigger_lightning_protocol",
          "args": {}
        }
      ],
      "obs": [
        {
          "tool": "trigger_lightning_protocol",
          "result": {
            "action": "descend_to_30m",
            "status": "executing"
          }
        }
      ],
      "net": {
        "slice": "URLLC",
        "lat_ms": 7,
        "jitter_ms": 1.0,
        "loss_pct": 0.05,
        "throughput_mbps": 70,
        "edge_load": 0.2
      }
    },
    {
      "turn": 7,
      "speaker": "agent",
      "intent": "execute_emergency_descent",
      "actions": [
        {
          "type": "mcp",
          "name": "adjust_altitude",
          "args": {
            "target_z": 30.0
          }
        }
      ],
      "obs": [
        {
          "tool": "adjust_altitude",
          "result": {
            "status": "completed",
            "final_z": 30.0,
            "duration_s": 8.2
          }
        }
      ],
      "net": {
        "slice": "URLLC",
        "lat_ms": 8,
        "jitter_ms": 1.1,
        "loss_pct": 0.1,
        "throughput_mbps": 65,
        "edge_load": 0.3
      }
    },
    {
      "turn": 8,
      "speaker": "user",
      "intent": "resume_survey_at_lower_altitude",
      "actions": [
        {
          "type": "mcp",
          "name": "resume_route",
          "args": {
            "from_waypoint": 0
          }
        }
      ],
      "obs": [
        {
          "tool": "resume_route",
          "result": {
            "status": "in_progress",
            "next_waypoint": {
              "x": 100.0,
              "y": 100.0,
              "z": 40.0
            }
          }
        }
      ],
      "net": {
        "slice": "eMBB",
        "lat_ms": 20,
        "jitter_ms": 5.0,
        "loss_pct": 1.0,
        "throughput_mbps": 100,
        "edge_load": 0.7
      }
    },
    {
      "turn": 9,
      "speaker": "agent",
      "intent": "monitor_route_progress",
      "actions": [
        {
          "type": "mcp",
          "name": "read_telemetry",
          "args": {}
        }
      ],
      "obs": [
        {
          "tool": "read_telemetry",
          "result": {
            "pose": {
              "x": 75.0,
              "y": 75.0,
              "z": 35.0
            },
            "battery_pct": 88.0,
            "speed_mps": 20.0
          }
        }
      ],
      "net": {
        "slice": "mMTC",
        "lat_ms": 60,
        "jitter_ms": 15.0,
        "loss_pct": 3.0,
        "throughput_mbps": 1.0,
        "edge_load": 0.9
      }
    },
    {
      "turn": 10,
      "speaker": "user",
      "intent": "abort_mission_due_to_risk",
      "actions": [
        {
          "type": "mcp",
          "name": "return_to_home",
          "args": {}
        }
      ],
      "obs": [
        {
          "tool": "return_to_home",
          "result": {
            "status": "initiated",
            "home_pose": {
              "x": 50.0,
              "y": 50.0,
              "z": 20.0
            }
          }
        }
      ],
      "net": {
        "slice": "URLLC",
        "lat_ms": 9,
        "jitter_ms": 1.4,
        "loss_pct": 0.1,
        "throughput_mbps": 58,
        "edge_load": 0.33
      }
    },
    {
      "turn": 11,
      "speaker": "agent",
      "intent": "confirm_return_and_land",
      "actions": [
        {
          "type": "mcp",
          "name": "land_uav",
          "args": {}
        }
      ],
      "obs": [
        {
          "tool": "land_uav",
          "result": {
            "status": "completed",
            "final_battery_pct": 82.0,
            "landing_pose": {
              "x": 50.0,
              "y": 50.0,
              "z": 0.0
            }
          }
        }
      ],
      "net": {
        "slice": "URLLC",
        "lat_ms": 8,
        "jitter_ms": 1.2,
        "loss_pct": 0.05,
        "throughput_mbps": 62,
        "edge_load": 0.28
      }
    }
  ],
  "final_state": {
    "domain": "uav",
    "time_s": 240.0,
    "env": {
      "weather": "lightning_risk",
      "wind_mps": 8.5,
      "wind_dir_deg": 240.0
    },
    "airspace": {
      "alt_bounds": [
        10.0,
        150.0
      ],
      "geofence": [
        {
          "type": "polygon",
          "points": [
            [
              0,
              0
            ],
            [
              0,
              300
            ],
            [
              400,
              300
            ],
            [
              400,
              0
            ]
          ]
        }
      ]
    },
    "uav": {
      "pose": {
        "x": 50.0,
        "y": 50.0,
        "z": 0.0,
        "yaw": 90.0
      },
      "speed_mps": 0.0,
      "energy": {
        "battery_pct": 82.0
      },
      "sensors": {
        "rgb": "ok",
        "thermal": "ok",
        "lidar": "ok",
        "radar": "offline",
        "gnss": "ok",
        "imu": "ok",
        "magnetometer": "ok",
        "barometer": "ok"
      },
      "payloads": []
    },
    "policy": {
      "alt_bounds": [
        10.0,
        150.0
      ]
    },
    "safety_flags": {
      "nfz_violation": false,
      "separation_breach": false
    }
  },
  "success": false,
  "_meta": {
    "seed": 42,
    "ts": 1763988468,
    "ts_iso": "2025-11-24T12:47:48Z",
    "gen_time_s": 54.2686882019043,
    "attempts_used": 1,
    "generation_failed": false,
    "usage": {
      "prompt_tokens": 1053,
      "completion_tokens": 3510,
      "total_tokens": 4563,
      "cost": 0.00297278,
      "is_byok": false,
      "prompt_tokens_details": {
        "cached_tokens": 608,
        "audio_tokens": 0,
        "video_tokens": 0
      },
      "cost_details": {
        "upstream_inference_cost": null,
        "upstream_inference_prompt_cost": 0.00016478,
        "upstream_inference_completions_cost": 0.002808
      },
      "completion_tokens_details": {
        "reasoning_tokens": 0,
        "image_tokens": 0
      }
    }
  }
}