{
  "initial_state": {
    "domain": "uav",
    "time_s": 0.0,
    "env": {
      "weather": "dust",
      "wind_mps": 8.0,
      "wind_dir_deg": 240.0
    },
    "airspace": {
      "alt_bounds": [
        5.0,
        150.0
      ],
      "geofence": [
        {
          "type": "polygon",
          "points": [
            [
              0.0,
              0.0
            ],
            [
              500.0,
              0.0
            ],
            [
              500.0,
              600.0
            ],
            [
              0.0,
              600.0
            ]
          ]
        }
      ]
    },
    "uav": {
      "pose": {
        "x": 50.0,
        "y": 50.0,
        "z": 10.0,
        "yaw": 90.0
      },
      "speed_mps": 35.0,
      "energy": {
        "battery_pct": 100.0
      },
      "sensors": {
        "rgb": "ok",
        "thermal": "offline",
        "lidar": "ok",
        "radar": "ok",
        "gnss": "ok",
        "imu": "ok",
        "magnetometer": "ok",
        "barometer": "ok"
      },
      "payloads": []
    },
    "policy": {
      "alt_bounds": [
        5.0,
        150.0
      ]
    },
    "safety_flags": {
      "nfz_violation": false,
      "separation_breach": false
    }
  },
  "dialogue": [
    {
      "turn": 1,
      "speaker": "agent",
      "intent": "initiate mission and check telemetry",
      "actions": [
        {
          "type": "mcp",
          "name": "read_telemetry",
          "args": {}
        }
      ],
      "obs": [
        {
          "tool": "read_telemetry",
          "result": {
            "pose": {
              "x": 50.0,
              "y": 50.0,
              "z": 10.0,
              "yaw": 90.0
            },
            "speed_mps": 35.0,
            "battery_pct": 100.0,
            "sensors": {
              "thermal": "offline"
            }
          }
        }
      ],
      "net": {
        "slice": "eMBB",
        "lat_ms": 12,
        "jitter_ms": 3,
        "loss_pct": 0.1,
        "throughput_mbps": 850,
        "edge_load": 0.45
      }
    },
    {
      "turn": 2,
      "speaker": "user",
      "intent": "confirm mission start and request thermal sensor restart",
      "actions": [
        {
          "type": "mcp",
          "name": "restart_sensor",
          "args": {
            "sensor": "thermal"
          }
        }
      ],
      "obs": [
        {
          "tool": "restart_sensor",
          "result": {
            "sensor": "thermal",
            "status": "failed",
            "reason": "dust ingress detected, cannot restart"
          }
        }
      ],
      "net": {
        "slice": "eMBB",
        "lat_ms": 11,
        "jitter_ms": 2,
        "loss_pct": 0.05,
        "throughput_mbps": 900,
        "edge_load": 0.48
      }
    },
    {
      "turn": 3,
      "speaker": "agent",
      "intent": "assess sensor failure and plan detour",
      "actions": [
        {
          "type": "mcp",
          "name": "check_weather_impact",
          "args": {
            "factor": "dust"
          }
        }
      ],
      "obs": [
        {
          "tool": "check_weather_impact",
          "result": {
            "factor": "dust",
            "impact": "thermal sensor temporarily inoperable",
            "duration_estimate_s": 320
          }
        }
      ],
      "net": {
        "slice": "URLLC",
        "lat_ms": 8,
        "jitter_ms": 1,
        "loss_pct": 0.02,
        "throughput_mbps": 120,
        "edge_load": 0.3
      }
    },
    {
      "turn": 4,
      "speaker": "user",
      "intent": "authorize detour and request swarm coordination",
      "actions": [
        {
          "type": "a2a",
          "task": "collision_avoidance",
          "to": "uav_swarm_agent",
          "payload": {
            "current_pose": {
              "x": 50.0,
              "y": 50.0,
              "z": 10.0
            },
            "planned_route": [
              {
                "x": 100.0,
                "y": 120.0,
                "z": 25.0
              },
              {
                "x": 200.0,
                "y": 300.0,
                "z": 40.0
              }
            ]
          }
        }
      ],
      "obs": [
        {
          "task": "collision_avoidance",
          "from": "uav_swarm_agent",
          "status": "ok",
          "payload": {
            "recommended_alt_offset": 5.0,
            "safe": true
          }
        }
      ],
      "net": {
        "slice": "URLLC",
        "lat_ms": 9,
        "jitter_ms": 1.5,
        "loss_pct": 0.01,
        "throughput_mbps": 110,
        "edge_load": 0.32
      }
    },
    {
      "turn": 5,
      "speaker": "agent",
      "intent": "execute route adjustment and monitor battery",
      "actions": [
        {
          "type": "mcp",
          "name": "adjust_route",
          "args": {
            "waypoints": [
              {
                "x": 100.0,
                "y": 120.0,
                "z": 30.0
              },
              {
                "x": 200.0,
                "y": 300.0,
                "z": 45.0
              }
            ]
          }
        }
      ],
      "obs": [
        {
          "tool": "adjust_route",
          "result": {
            "status": "executing",
            "eta_next_waypoint_s": 45,
            "battery_projected_at_next": 92.3
          }
        }
      ],
      "net": {
        "slice": "mMTC",
        "lat_ms": 200,
        "jitter_ms": 50,
        "loss_pct": 1.2,
        "throughput_mbps": 1.5,
        "edge_load": 0.75
      }
    },
    {
      "turn": 6,
      "speaker": "user",
      "intent": "request high-res imaging despite network degradation",
      "actions": [
        {
          "type": "mcp",
          "name": "capture_image",
          "args": {
            "mode": "rgb",
            "resolution": "high"
          }
        }
      ],
      "obs": [
        {
          "tool": "capture_image",
          "result": {
            "status": "failed",
            "reason": "high-res image too large for current mMTC slice",
            "suggestion": "use low-res or wait for eMBB handover"
          }
        }
      ],
      "net": {
        "slice": "mMTC",
        "lat_ms": 210,
        "jitter_ms": 55,
        "loss_pct": 1.5,
        "throughput_mbps": 1.2,
        "edge_load": 0.78
      }
    },
    {
      "turn": 7,
      "speaker": "agent",
      "intent": "adapt to network and request low-res capture",
      "actions": [
        {
          "type": "mcp",
          "name": "capture_image",
          "args": {
            "mode": "rgb",
            "resolution": "low"
          }
        }
      ],
      "obs": [
        {
          "tool": "capture_image",
          "result": {
            "status": "success",
            "image_id": "img_0017a",
            "size_kb": 120,
            "location": {
              "x": 100.2,
              "y": 119.8,
              "z": 30.1
            }
          }
        }
      ],
      "net": {
        "slice": "mMTC",
        "lat_ms": 195,
        "jitter_ms": 48,
        "loss_pct": 1.0,
        "throughput_mbps": 1.6,
        "edge_load": 0.72
      }
    },
    {
      "turn": 8,
      "speaker": "user",
      "intent": "request return to base due to mission priority shift",
      "actions": [
        {
          "type": "mcp",
          "name": "set_return_route",
          "args": {
            "destination": "base",
            "speed": 30.0
          }
        }
      ],
      "obs": [
        {
          "tool": "set_return_route",
          "result": {
            "status": "confirmed",
            "route_length_m": 380.5,
            "eta_s": 46,
            "battery_at_return": 88.7
          }
        }
      ],
      "net": {
        "slice": "URLLC",
        "lat_ms": 7,
        "jitter_ms": 1,
        "loss_pct": 0.01,
        "throughput_mbps": 100,
        "edge_load": 0.28
      }
    },
    {
      "turn": 9,
      "speaker": "agent",
      "intent": "verify geofence compliance during return",
      "actions": [
        {
          "type": "mcp",
          "name": "check_geofence",
          "args": {}
        }
      ],
      "obs": [
        {
          "tool": "check_geofence",
          "result": {
            "status": "within_bounds",
            "closest_boundary_m": 45.3
          }
        }
      ],
      "net": {
        "slice": "URLLC",
        "lat_ms": 6,
        "jitter_ms": 0.8,
        "loss_pct": 0.0,
        "throughput_mbps": 105,
        "edge_load": 0.25
      }
    },
    {
      "turn": 10,
      "speaker": "user",
      "intent": "acknowledge safe return and end mission",
      "actions": [],
      "obs": [],
      "net": {
        "slice": "URLLC",
        "lat_ms": 5,
        "jitter_ms": 0.5,
        "loss_pct": 0.0,
        "throughput_mbps": 110,
        "edge_load": 0.22
      }
    }
  ],
  "final_state": {
    "domain": "uav",
    "time_s": 100.0,
    "env": {
      "weather": "dust",
      "wind_mps": 8.0,
      "wind_dir_deg": 240.0
    },
    "airspace": {
      "alt_bounds": [
        5.0,
        150.0
      ],
      "geofence": [
        {
          "type": "polygon",
          "points": [
            [
              0.0,
              0.0
            ],
            [
              500.0,
              0.0
            ],
            [
              500.0,
              600.0
            ],
            [
              0.0,
              600.0
            ]
          ]
        }
      ]
    },
    "uav": {
      "pose": {
        "x": 55.0,
        "y": 58.0,
        "z": 12.0,
        "yaw": 270.0
      },
      "speed_mps": 15.0,
      "energy": {
        "battery_pct": 88.7
      },
      "sensors": {
        "rgb": "ok",
        "thermal": "offline",
        "lidar": "ok",
        "radar": "ok",
        "gnss": "ok",
        "imu": "ok",
        "magnetometer": "ok",
        "barometer": "ok"
      },
      "payloads": [
        {
          "type": "image",
          "id": "img_0017a",
          "status": "captured"
        }
      ]
    },
    "policy": {
      "alt_bounds": [
        5.0,
        150.0
      ]
    },
    "safety_flags": {
      "nfz_violation": false,
      "separation_breach": false
    }
  },
  "success": true,
  "_meta": {
    "seed": 42,
    "ts": 1763709677,
    "ts_iso": "2025-11-21T07:21:17Z",
    "gen_time_s": 49.844980239868164,
    "attempts_used": 1,
    "generation_failed": false,
    "usage": {
      "prompt_tokens": 1060,
      "completion_tokens": 3168,
      "total_tokens": 4228,
      "cost": 0.00269896,
      "is_byok": false,
      "prompt_tokens_details": {
        "cached_tokens": 624,
        "audio_tokens": 0,
        "video_tokens": 0
      },
      "cost_details": {
        "upstream_inference_cost": null,
        "upstream_inference_prompt_cost": 0.00016456,
        "upstream_inference_completions_cost": 0.0025344
      },
      "completion_tokens_details": {
        "reasoning_tokens": 0,
        "image_tokens": 0
      }
    }
  }
}