{
  "initial_state": {
    "domain": "uav",
    "time_s": 0.0,
    "env": {
      "weather": "dust",
      "wind_mps": 7.5,
      "wind_dir_deg": 135.0
    },
    "airspace": {
      "alt_bounds": [
        5.0,
        300.0
      ],
      "geofence": [
        {
          "type": "polygon",
          "points": [
            [
              0,
              0
            ],
            [
              3000,
              0
            ],
            [
              3000,
              2000
            ],
            [
              0,
              2000
            ]
          ]
        }
      ]
    },
    "uav": {
      "pose": {
        "x": 100.0,
        "y": 100.0,
        "z": 20.0,
        "yaw": 90.0
      },
      "speed_mps": 25.0,
      "energy": {
        "battery_pct": 100.0
      },
      "sensors": {
        "rgb": "ok",
        "thermal": "ok",
        "lidar": "offline",
        "radar": "ok",
        "gnss": "ok",
        "imu": "ok",
        "magnetometer": "ok",
        "barometer": "ok"
      },
      "payloads": []
    },
    "policy": {
      "alt_bounds": [
        5.0,
        300.0
      ]
    },
    "safety_flags": {
      "nfz_violation": false,
      "separation_breach": false
    }
  },
  "dialogue": [
    {
      "turn": 1,
      "speaker": "agent",
      "intent": "initiate mission and assess telemetry",
      "actions": [
        {
          "type": "mcp",
          "name": "read_telemetry",
          "args": {}
        }
      ],
      "obs": [
        {
          "tool": "read_telemetry",
          "result": {
            "pose": {
              "x": 100.0,
              "y": 100.0,
              "z": 20.0,
              "yaw": 90.0
            },
            "speed_mps": 25.0,
            "battery_pct": 100.0,
            "sensors": {
              "lidar": "offline"
            }
          }
        }
      ],
      "net": {
        "slice": "eMBB",
        "lat_ms": 12,
        "jitter_ms": 3,
        "loss_pct": 0.1,
        "throughput_mbps": 850,
        "edge_load": 0.45
      }
    },
    {
      "turn": 2,
      "speaker": "user",
      "intent": "confirm mission start and request sensor restart",
      "actions": [
        {
          "type": "mcp",
          "name": "restart_sensor",
          "args": {
            "sensor": "lidar"
          }
        }
      ],
      "obs": [
        {
          "tool": "restart_sensor",
          "result": {
            "sensor": "lidar",
            "status": "success",
            "message": "Lidar restarted and now online."
          }
        }
      ],
      "net": {
        "slice": "eMBB",
        "lat_ms": 11,
        "jitter_ms": 2,
        "loss_pct": 0.05,
        "throughput_mbps": 900,
        "edge_load": 0.48
      }
    },
    {
      "turn": 3,
      "speaker": "agent",
      "intent": "verify sensor status and initiate swarm coordination",
      "actions": [
        {
          "type": "mcp",
          "name": "read_telemetry",
          "args": {}
        },
        {
          "type": "a2a",
          "task": "swarm_formation",
          "to": "uav_swarm_agent",
          "payload": {
            "leader": "uav_01",
            "pattern": "delta",
            "waypoints": [
              [
                500,
                200
              ],
              [
                1000,
                400
              ]
            ]
          }
        }
      ],
      "obs": [
        {
          "tool": "read_telemetry",
          "result": {
            "sensors": {
              "lidar": "ok"
            }
          }
        },
        {
          "task": "swarm_formation",
          "from": "uav_swarm_agent",
          "status": "ok",
          "payload": {
            "ack": true,
            "timestamp": 1.5
          }
        }
      ],
      "net": {
        "slice": "URLLC",
        "lat_ms": 8,
        "jitter_ms": 1,
        "loss_pct": 0.02,
        "throughput_mbps": 120,
        "edge_load": 0.3
      }
    },
    {
      "turn": 4,
      "speaker": "user",
      "intent": "request high-res imaging at target zone",
      "actions": [
        {
          "type": "mcp",
          "name": "capture_image",
          "args": {
            "mode": "rgb",
            "resolution": "high",
            "target": [
              1500,
              1000
            ]
          }
        }
      ],
      "obs": [
        {
          "tool": "capture_image",
          "result": {
            "status": "scheduled",
            "image_id": "img_001",
            "estimated_completion": 5.2
          }
        }
      ],
      "net": {
        "slice": "eMBB",
        "lat_ms": 15,
        "jitter_ms": 4,
        "loss_pct": 0.2,
        "throughput_mbps": 800,
        "edge_load": 0.65
      }
    },
    {
      "turn": 5,
      "speaker": "agent",
      "intent": "detect network degradation and adapt",
      "actions": [
        {
          "type": "mcp",
          "name": "read_telemetry",
          "args": {}
        }
      ],
      "obs": [
        {
          "tool": "read_telemetry",
          "result": {
            "pose": {
              "x": 600.0,
              "y": 250.0,
              "z": 45.0
            },
            "battery_pct": 92.3
          }
        }
      ],
      "net": {
        "slice": "eMBB",
        "lat_ms": 200,
        "jitter_ms": 50,
        "loss_pct": 8.5,
        "throughput_mbps": 100,
        "edge_load": 0.85
      }
    },
    {
      "turn": 6,
      "speaker": "user",
      "intent": "switch to resilient mode due to poor link",
      "actions": [
        {
          "type": "mcp",
          "name": "set_network_profile",
          "args": {
            "profile": "resilient",
            "preferred_slice": "URLLC"
          }
        }
      ],
      "obs": [
        {
          "tool": "set_network_profile",
          "result": {
            "status": "applied",
            "active_slice": "URLLC",
            "message": "Switched to URLLC for critical control."
          }
        }
      ],
      "net": {
        "slice": "URLLC",
        "lat_ms": 9,
        "jitter_ms": 2,
        "loss_pct": 0.03,
        "throughput_mbps": 150,
        "edge_load": 0.52
      }
    },
    {
      "turn": 7,
      "speaker": "agent",
      "intent": "perform collision check via swarm",
      "actions": [
        {
          "type": "a2a",
          "task": "collision_avoidance",
          "to": "uav_swarm_agent",
          "payload": {
            "current_pose": {
              "x": 600.0,
              "y": 250.0,
              "z": 45.0
            },
            "next_waypoint": [
              1500,
              1000
            ]
          }
        }
      ],
      "obs": [
        {
          "task": "collision_avoidance",
          "from": "uav_swarm_agent",
          "status": "clear",
          "payload": {
            "risk_level": "low",
            "adjusted_waypoint": null
          }
        }
      ],
      "net": {
        "slice": "URLLC",
        "lat_ms": 7,
        "jitter_ms": 1,
        "loss_pct": 0.01,
        "throughput_mbps": 130,
        "edge_load": 0.41
      }
    },
    {
      "turn": 8,
      "speaker": "user",
      "intent": "authorize ascent and thermal scan",
      "actions": [
        {
          "type": "mcp",
          "name": "adjust_altitude",
          "args": {
            "target_z": 120.0
          }
        },
        {
          "type": "mcp",
          "name": "capture_image",
          "args": {
            "mode": "thermal",
            "target": [
              1500,
              1000
            ]
          }
        }
      ],
      "obs": [
        {
          "tool": "adjust_altitude",
          "result": {
            "status": "executing",
            "target": 120.0
          }
        },
        {
          "tool": "capture_image",
          "result": {
            "status": "completed",
            "image_id": "thm_002",
            "data_size_mb": 2.1
          }
        }
      ],
      "net": {
        "slice": "URLLC",
        "lat_ms": 10,
        "jitter_ms": 2,
        "loss_pct": 0.04,
        "throughput_mbps": 140,
        "edge_load": 0.49
      }
    },
    {
      "turn": 9,
      "speaker": "agent",
      "intent": "verify geofence compliance and battery",
      "actions": [
        {
          "type": "mcp",
          "name": "check_geofence",
          "args": {}
        },
        {
          "type": "mcp",
          "name": "read_telemetry",
          "args": {}
        }
      ],
      "obs": [
        {
          "tool": "check_geofence",
          "result": {
            "status": "inside",
            "violation": false
          }
        },
        {
          "tool": "read_telemetry",
          "result": {
            "pose": {
              "x": 1480.0,
              "y": 990.0,
              "z": 118.0
            },
            "battery_pct": 85.7
          }
        }
      ],
      "net": {
        "slice": "mMTC",
        "lat_ms": 25,
        "jitter_ms": 5,
        "loss_pct": 0.5,
        "throughput_mbps": 10,
        "edge_load": 0.35
      }
    },
    {
      "turn": 10,
      "speaker": "user",
      "intent": "initiate return and data offload",
      "actions": [
        {
          "type": "mcp",
          "name": "set_waypoint",
          "args": {
            "x": 100.0,
            "y": 100.0,
            "z": 20.0
          }
        },
        {
          "type": "mcp",
          "name": "offload_data",
          "args": {
            "target": "edge_station_3",
            "data_ids": [
              "img_001",
              "thm_002"
            ]
          }
        }
      ],
      "obs": [
        {
          "tool": "set_waypoint",
          "result": {
            "status": "accepted",
            "eta_s": 42.5
          }
        },
        {
          "tool": "offload_data",
          "result": {
            "status": "queued",
            "slice": "eMBB",
            "estimated_time": 15.0
          }
        }
      ],
      "net": {
        "slice": "eMBB",
        "lat_ms": 18,
        "jitter_ms": 3,
        "loss_pct": 0.1,
        "throughput_mbps": 750,
        "edge_load": 0.6
      }
    },
    {
      "turn": 11,
      "speaker": "agent",
      "intent": "confirm safe landing and mission completion",
      "actions": [
        {
          "type": "mcp",
          "name": "land_uav",
          "args": {
            "emergency": false
          }
        }
      ],
      "obs": [
        {
          "tool": "land_uav",
          "result": {
            "status": "completed",
            "final_pose": {
              "x": 100.0,
              "y": 100.0,
              "z": 0.5
            },
            "battery_pct": 78.2
          }
        }
      ],
      "net": {
        "slice": "URLLC",
        "lat_ms": 6,
        "jitter_ms": 1,
        "loss_pct": 0.01,
        "throughput_mbps": 160,
        "edge_load": 0.38
      }
    }
  ],
  "final_state": {
    "domain": "uav",
    "time_s": 120.0,
    "env": {
      "weather": "dust",
      "wind_mps": 7.5,
      "wind_dir_deg": 135.0
    },
    "airspace": {
      "alt_bounds": [
        5.0,
        300.0
      ],
      "geofence": [
        {
          "type": "polygon",
          "points": [
            [
              0,
              0
            ],
            [
              3000,
              0
            ],
            [
              3000,
              2000
            ],
            [
              0,
              2000
            ]
          ]
        }
      ]
    },
    "uav": {
      "pose": {
        "x": 100.0,
        "y": 100.0,
        "z": 0.5,
        "yaw": 90.0
      },
      "speed_mps": 0.0,
      "energy": {
        "battery_pct": 78.2
      },
      "sensors": {
        "rgb": "ok",
        "thermal": "ok",
        "lidar": "ok",
        "radar": "ok",
        "gnss": "ok",
        "imu": "ok",
        "magnetometer": "ok",
        "barometer": "ok"
      },
      "payloads": []
    },
    "policy": {
      "alt_bounds": [
        5.0,
        300.0
      ]
    },
    "safety_flags": {
      "nfz_violation": false,
      "separation_breach": false
    }
  },
  "success": true,
  "_meta": {
    "seed": 42,
    "ts": 1763997505,
    "ts_iso": "2025-11-24T15:18:25Z",
    "gen_time_s": 59.748746156692505,
    "attempts_used": 1,
    "generation_failed": false,
    "usage": {
      "prompt_tokens": 1053,
      "completion_tokens": 3617,
      "total_tokens": 4670,
      "cost": 0.00305838,
      "is_byok": false,
      "prompt_tokens_details": {
        "cached_tokens": 608,
        "audio_tokens": 0,
        "video_tokens": 0
      },
      "cost_details": {
        "upstream_inference_cost": null,
        "upstream_inference_prompt_cost": 0.00016478,
        "upstream_inference_completions_cost": 0.0028936
      },
      "completion_tokens_details": {
        "reasoning_tokens": 0,
        "image_tokens": 0
      }
    }
  }
}