{
  "initial_state": {
    "domain": "uav",
    "time_s": 0.0,
    "env": {
      "weather": "dust",
      "wind_mps": 8.0,
      "wind_dir_deg": 210.0
    },
    "airspace": {
      "alt_bounds": [
        10.0,
        120.0
      ],
      "geofence": [
        {
          "type": "polygon",
          "points": [
            [
              0,
              0
            ],
            [
              1000,
              0
            ],
            [
              1000,
              800
            ],
            [
              0,
              800
            ]
          ]
        }
      ]
    },
    "uav": {
      "pose": {
        "x": 100.0,
        "y": 100.0,
        "z": 15.0,
        "yaw": 90.0
      },
      "speed_mps": 35.0,
      "energy": {
        "battery_pct": 100.0
      },
      "sensors": {
        "rgb": "ok",
        "thermal": "offline",
        "lidar": "ok",
        "radar": "offline",
        "gnss": "ok",
        "imu": "ok",
        "magnetometer": "ok",
        "barometer": "ok"
      },
      "payloads": []
    },
    "policy": {
      "alt_bounds": [
        10.0,
        120.0
      ]
    },
    "safety_flags": {
      "nfz_violation": false,
      "separation_breach": false
    }
  },
  "dialogue": [
    {
      "turn": 1,
      "speaker": "agent",
      "intent": "initiate mission and check telemetry",
      "actions": [
        {
          "type": "mcp",
          "name": "read_telemetry",
          "args": {}
        }
      ],
      "obs": [
        {
          "tool": "read_telemetry",
          "result": {
            "pose": {
              "x": 100.0,
              "y": 100.0,
              "z": 15.0,
              "yaw": 90.0
            },
            "speed_mps": 35.0,
            "battery_pct": 100.0,
            "sensors": {
              "rgb": "ok",
              "thermal": "offline",
              "lidar": "ok",
              "radar": "offline",
              "gnss": "ok",
              "imu": "ok"
            }
          }
        }
      ],
      "net": {
        "slice": "eMBB",
        "lat_ms": 12,
        "jitter_ms": 2,
        "loss_pct": 0.1,
        "throughput_mbps": 850,
        "edge_load": 0.45
      }
    },
    {
      "turn": 2,
      "speaker": "user",
      "intent": "confirm mission start and request route to waypoint A",
      "actions": [
        {
          "type": "mcp",
          "name": "set_waypoint",
          "args": {
            "x": 600,
            "y": 400,
            "z": 80
          }
        }
      ],
      "obs": [
        {
          "tool": "set_waypoint",
          "result": {
            "status": "accepted",
            "target": {
              "x": 600,
              "y": 400,
              "z": 80
            }
          }
        }
      ],
      "net": {
        "slice": "eMBB",
        "lat_ms": 14,
        "jitter_ms": 3,
        "loss_pct": 0.2,
        "throughput_mbps": 800,
        "edge_load": 0.5
      }
    },
    {
      "turn": 3,
      "speaker": "agent",
      "intent": "execute flight to waypoint A with sensor activation",
      "actions": [
        {
          "type": "mcp",
          "name": "fly_to",
          "args": {
            "x": 600,
            "y": 400,
            "z": 80,
            "speed": 30
          }
        },
        {
          "type": "mcp",
          "name": "activate_sensor",
          "args": {
            "sensor": "lidar"
          }
        }
      ],
      "obs": [
        {
          "tool": "fly_to",
          "result": {
            "status": "in_progress",
            "eta_s": 18.5
          }
        },
        {
          "tool": "activate_sensor",
          "result": {
            "sensor": "lidar",
            "status": "active"
          }
        }
      ],
      "net": {
        "slice": "URLLC",
        "lat_ms": 8,
        "jitter_ms": 1,
        "loss_pct": 0.05,
        "throughput_mbps": 120,
        "edge_load": 0.3
      }
    },
    {
      "turn": 4,
      "speaker": "user",
      "intent": "request swarm coordination for area surveillance",
      "actions": [
        {
          "type": "a2a",
          "task": "area_coverage",
          "to": "uav_swarm_agent",
          "payload": {
            "region": [
              [
                550,
                350
              ],
              [
                650,
                450
              ]
            ],
            "priority": "high"
          }
        }
      ],
      "obs": [
        {
          "task": "area_coverage",
          "from": "uav_swarm_agent",
          "status": "acknowledged",
          "payload": {
            "assigned_uavs": [
              "uav_3",
              "uav_7"
            ],
            "eta_coverage": 22
          }
        }
      ],
      "net": {
        "slice": "mMTC",
        "lat_ms": 25,
        "jitter_ms": 10,
        "loss_pct": 1.2,
        "throughput_mbps": 5,
        "edge_load": 0.7
      }
    },
    {
      "turn": 5,
      "speaker": "agent",
      "intent": "monitor telemetry under dust conditions",
      "actions": [
        {
          "type": "mcp",
          "name": "read_telemetry",
          "args": {}
        }
      ],
      "obs": [
        {
          "tool": "read_telemetry",
          "result": {
            "pose": {
              "x": 380.2,
              "y": 260.1,
              "z": 78.5,
              "yaw": 88.3
            },
            "speed_mps": 29.7,
            "battery_pct": 96.3,
            "sensors": {
              "lidar": "ok",
              "rgb": "degraded"
            }
          }
        }
      ],
      "net": {
        "slice": "URLLC",
        "lat_ms": 9,
        "jitter_ms": 1.5,
        "loss_pct": 0.1,
        "throughput_mbps": 100,
        "edge_load": 0.35
      }
    },
    {
      "turn": 6,
      "speaker": "user",
      "intent": "report network degradation and request fallback plan",
      "actions": [
        {
          "type": "mcp",
          "name": "get_network_status",
          "args": {}
        }
      ],
      "obs": [
        {
          "tool": "get_network_status",
          "result": {
            "current_slice": "eMBB",
            "lat_ms": 95,
            "jitter_ms": 40,
            "loss_pct": 8.5,
            "throughput_mbps": 20,
            "recommendation": "switch to URLLC"
          }
        }
      ],
      "net": {
        "slice": "eMBB",
        "lat_ms": 95,
        "jitter_ms": 40,
        "loss_pct": 8.5,
        "throughput_mbps": 20,
        "edge_load": 0.9
      }
    },
    {
      "turn": 7,
      "speaker": "agent",
      "intent": "adapt to poor network by reducing data usage",
      "actions": [
        {
          "type": "mcp",
          "name": "switch_network_slice",
          "args": {
            "target": "URLLC"
          }
        },
        {
          "type": "mcp",
          "name": "deactivate_sensor",
          "args": {
            "sensor": "rgb"
          }
        }
      ],
      "obs": [
        {
          "tool": "switch_network_slice",
          "result": {
            "status": "success",
            "new_slice": "URLLC"
          }
        },
        {
          "tool": "deactivate_sensor",
          "result": {
            "sensor": "rgb",
            "status": "deactivated"
          }
        }
      ],
      "net": {
        "slice": "URLLC",
        "lat_ms": 7,
        "jitter_ms": 1,
        "loss_pct": 0.08,
        "throughput_mbps": 110,
        "edge_load": 0.32
      }
    },
    {
      "turn": 8,
      "speaker": "user",
      "intent": "verify arrival and initiate payload drop",
      "actions": [
        {
          "type": "mcp",
          "name": "confirm_position",
          "args": {}
        }
      ],
      "obs": [
        {
          "tool": "confirm_position",
          "result": {
            "within_tolerance": true,
            "position": {
              "x": 599.8,
              "y": 400.3,
              "z": 80.1
            }
          }
        }
      ],
      "net": {
        "slice": "URLLC",
        "lat_ms": 6,
        "jitter_ms": 0.8,
        "loss_pct": 0.05,
        "throughput_mbps": 130,
        "edge_load": 0.28
      }
    },
    {
      "turn": 9,
      "speaker": "agent",
      "intent": "execute payload drop and prepare return",
      "actions": [
        {
          "type": "mcp",
          "name": "deploy_payload",
          "args": {
            "id": "supply_pack_1"
          }
        },
        {
          "type": "mcp",
          "name": "set_waypoint",
          "args": {
            "x": 100,
            "y": 100,
            "z": 20
          }
        }
      ],
      "obs": [
        {
          "tool": "deploy_payload",
          "result": {
            "id": "supply_pack_1",
            "status": "success",
            "timestamp": 47.2
          }
        },
        {
          "tool": "set_waypoint",
          "result": {
            "status": "accepted",
            "target": {
              "x": 100,
              "y": 100,
              "z": 20
            }
          }
        }
      ],
      "net": {
        "slice": "URLLC",
        "lat_ms": 7,
        "jitter_ms": 1.2,
        "loss_pct": 0.07,
        "throughput_mbps": 125,
        "edge_load": 0.3
      }
    },
    {
      "turn": 10,
      "speaker": "user",
      "intent": "request final telemetry and mission summary",
      "actions": [
        {
          "type": "mcp",
          "name": "read_telemetry",
          "args": {}
        }
      ],
      "obs": [
        {
          "tool": "read_telemetry",
          "result": {
            "pose": {
              "x": 550.1,
              "y": 370.2,
              "z": 75.3,
              "yaw": 275.0
            },
            "speed_mps": 28.4,
            "battery_pct": 89.7,
            "status": "returning"
          }
        }
      ],
      "net": {
        "slice": "mMTC",
        "lat_ms": 30,
        "jitter_ms": 12,
        "loss_pct": 1.0,
        "throughput_mbps": 6,
        "edge_load": 0.65
      }
    }
  ],
  "final_state": {
    "domain": "uav",
    "time_s": 55.0,
    "env": {
      "weather": "dust",
      "wind_mps": 8.0,
      "wind_dir_deg": 210.0
    },
    "airspace": {
      "alt_bounds": [
        10.0,
        120.0
      ],
      "geofence": [
        {
          "type": "polygon",
          "points": [
            [
              0,
              0
            ],
            [
              1000,
              0
            ],
            [
              1000,
              800
            ],
            [
              0,
              800
            ]
          ]
        }
      ]
    },
    "uav": {
      "pose": {
        "x": 550.1,
        "y": 370.2,
        "z": 75.3,
        "yaw": 275.0
      },
      "speed_mps": 28.4,
      "energy": {
        "battery_pct": 89.7
      },
      "sensors": {
        "rgb": "degraded",
        "thermal": "offline",
        "lidar": "ok",
        "radar": "offline",
        "gnss": "ok",
        "imu": "ok",
        "magnetometer": "ok",
        "barometer": "ok"
      },
      "payloads": []
    },
    "policy": {
      "alt_bounds": [
        10.0,
        120.0
      ]
    },
    "safety_flags": {
      "nfz_violation": false,
      "separation_breach": false
    }
  },
  "success": true,
  "_meta": {
    "seed": 42,
    "ts": 1763892777,
    "ts_iso": "2025-11-23T10:12:57Z",
    "gen_time_s": 58.32843017578125,
    "attempts_used": 1,
    "generation_failed": false,
    "usage": {
      "prompt_tokens": 1048,
      "completion_tokens": 3384,
      "total_tokens": 4432,
      "cost": 0.00286912,
      "is_byok": false,
      "prompt_tokens_details": {
        "cached_tokens": 624,
        "audio_tokens": 0,
        "video_tokens": 0
      },
      "cost_details": {
        "upstream_inference_cost": null,
        "upstream_inference_prompt_cost": 0.00016192,
        "upstream_inference_completions_cost": 0.0027072
      },
      "completion_tokens_details": {
        "reasoning_tokens": 0,
        "image_tokens": 0
      }
    }
  }
}