{
  "initial_state": {
    "domain": "uav",
    "time_s": 0.0,
    "env": {
      "weather": "thermal_updrafts",
      "wind_mps": 8.0,
      "wind_dir_deg": 270.0
    },
    "airspace": {
      "alt_bounds": [
        50.0,
        450.0
      ],
      "geofence": [
        {
          "type": "polygon",
          "points": [
            [
              500.0,
              500.0
            ],
            [
              2500.0,
              500.0
            ],
            [
              2500.0,
              2000.0
            ],
            [
              500.0,
              2000.0
            ]
          ]
        }
      ]
    },
    "uav": {
      "pose": {
        "x": 600.0,
        "y": 600.0,
        "z": 100.0,
        "yaw": 90.0
      },
      "speed_mps": 22.0,
      "energy": {
        "battery_pct": 100.0
      },
      "sensors": {
        "rgb": "ok",
        "thermal": "ok",
        "lidar": "ok",
        "radar": "offline",
        "gnss": "ok",
        "imu": "ok",
        "magnetometer": "ok",
        "barometer": "ok"
      },
      "payloads": []
    },
    "policy": {
      "alt_bounds": [
        50.0,
        450.0
      ]
    },
    "safety_flags": {
      "nfz_violation": false,
      "separation_breach": false
    }
  },
  "dialogue": [
    {
      "turn": 1,
      "speaker": "agent",
      "intent": "initiate_survey_mission",
      "actions": [
        {
          "type": "mcp",
          "name": "read_telemetry",
          "args": {}
        },
        {
          "type": "a2a",
          "task": "request_thermal_map",
          "to": "satellite_agent",
          "payload": {
            "region": "polygon",
            "points": [
              [
                800.0,
                800.0
              ],
              [
                2200.0,
                800.0
              ],
              [
                2200.0,
                1800.0
              ],
              [
                800.0,
                1800.0
              ]
            ]
          }
        }
      ],
      "obs": [
        {
          "tool": "read_telemetry",
          "result": {
            "pose": {
              "x": 600.0,
              "y": 600.0,
              "z": 100.0
            },
            "battery_pct": 100.0,
            "speed_mps": 22.0
          }
        },
        {
          "task": "request_thermal_map",
          "from": "satellite_agent",
          "status": "accepted",
          "payload": {
            "estimated_delivery": 3
          }
        }
      ],
      "net": {
        "slice": "eMBB",
        "lat_ms": 18,
        "jitter_ms": 2,
        "loss_pct": 0.1,
        "throughput_mbps": 850,
        "edge_load": 0.35
      }
    },
    {
      "turn": 2,
      "speaker": "user",
      "intent": "approve_survey_plan",
      "actions": [
        {
          "type": "mcp",
          "name": "update_flight_plan",
          "args": {
            "waypoints": [
              {
                "x": 800.0,
                "y": 800.0,
                "z": 150.0
              },
              {
                "x": 2200.0,
                "y": 800.0,
                "z": 150.0
              },
              {
                "x": 2200.0,
                "y": 1800.0,
                "z": 150.0
              },
              {
                "x": 800.0,
                "y": 1800.0,
                "z": 150.0
              }
            ],
            "speed": 20.0
          }
        }
      ],
      "obs": [
        {
          "tool": "update_flight_plan",
          "result": {
            "status": "success",
            "execution_time_s": 0.8
          }
        }
      ],
      "net": {
        "slice": "eMBB",
        "lat_ms": 20,
        "jitter_ms": 3,
        "loss_pct": 0.2,
        "throughput_mbps": 800,
        "edge_load": 0.4
      }
    },
    {
      "turn": 3,
      "speaker": "agent",
      "intent": "proceed_to_first_waypoint",
      "actions": [
        {
          "type": "mcp",
          "name": "execute_maneuver",
          "args": {
            "command": "goto",
            "target": {
              "x": 800.0,
              "y": 800.0,
              "z": 150.0
            }
          }
        }
      ],
      "obs": [
        {
          "tool": "execute_maneuver",
          "result": {
            "status": "in_progress",
            "eta_s": 12.5
          }
        }
      ],
      "net": {
        "slice": "URLLC",
        "lat_ms": 8,
        "jitter_ms": 1,
        "loss_pct": 0.05,
        "throughput_mbps": 120,
        "edge_load": 0.2
      }
    },
    {
      "turn": 4,
      "speaker": "user",
      "intent": "monitor_progress_and_check_sensors",
      "actions": [
        {
          "type": "mcp",
          "name": "read_telemetry",
          "args": {}
        },
        {
          "type": "mcp",
          "name": "diagnose_sensor",
          "args": {
            "sensor": "radar"
          }
        }
      ],
      "obs": [
        {
          "tool": "read_telemetry",
          "result": {
            "pose": {
              "x": 720.0,
              "y": 720.0,
              "z": 145.0
            },
            "battery_pct": 99.8,
            "speed_mps": 20.5
          }
        },
        {
          "tool": "diagnose_sensor",
          "result": {
            "sensor": "radar",
            "status": "faulty_antenna",
            "recommendation": "avoid radar-dependent tasks"
          }
        }
      ],
      "net": {
        "slice": "URLLC",
        "lat_ms": 9,
        "jitter_ms": 1.2,
        "loss_pct": 0.1,
        "throughput_mbps": 110,
        "edge_load": 0.25
      }
    },
    {
      "turn": 5,
      "speaker": "agent",
      "intent": "adapt_to_sensor_failure",
      "actions": [
        {
          "type": "a2a",
          "task": "activate_lidar_fusion",
          "to": "perception_agent",
          "payload": {
            "mode": "obstacle_detection",
            "fallback": true
          }
        }
      ],
      "obs": [
        {
          "task": "activate_lidar_fusion",
          "from": "perception_agent",
          "status": "active",
          "payload": {
            "confidence": 0.92
          }
        }
      ],
      "net": {
        "slice": "URLLC",
        "lat_ms": 7,
        "jitter_ms": 0.8,
        "loss_pct": 0.0,
        "throughput_mbps": 130,
        "edge_load": 0.18
      }
    },
    {
      "turn": 6,
      "speaker": "user",
      "intent": "request_thermal_data_update",
      "actions": [
        {
          "type": "mcp",
          "name": "retrieve_data",
          "args": {
            "source": "satellite_agent",
            "data_type": "thermal_map"
          }
        }
      ],
      "obs": [
        {
          "tool": "retrieve_data",
          "result": {
            "status": "success",
            "data_summary": "thermal anomalies detected at (1500, 1200)",
            "size_mb": 45.2
          }
        }
      ],
      "net": {
        "slice": "eMBB",
        "lat_ms": 25,
        "jitter_ms": 4,
        "loss_pct": 0.3,
        "throughput_mbps": 750,
        "edge_load": 0.5
      }
    },
    {
      "turn": 7,
      "speaker": "agent",
      "intent": "adjust_route_for_anomaly_inspection",
      "actions": [
        {
          "type": "mcp",
          "name": "update_flight_plan",
          "args": {
            "waypoints": [
              {
                "x": 1500.0,
                "y": 1200.0,
                "z": 130.0
              }
            ],
            "speed": 15.0
          }
        }
      ],
      "obs": [
        {
          "tool": "update_flight_plan",
          "result": {
            "status": "success",
            "execution_time_s": 0.7
          }
        }
      ],
      "net": {
        "slice": "URLLC",
        "lat_ms": 10,
        "jitter_ms": 1.5,
        "loss_pct": 0.1,
        "throughput_mbps": 100,
        "edge_load": 0.3
      }
    },
    {
      "turn": 8,
      "speaker": "user",
      "intent": "verify_safety_and_battery",
      "actions": [
        {
          "type": "mcp",
          "name": "read_telemetry",
          "args": {}
        }
      ],
      "obs": [
        {
          "tool": "read_telemetry",
          "result": {
            "pose": {
              "x": 1480.0,
              "y": 1190.0,
              "z": 132.0
            },
            "battery_pct": 98.5,
            "speed_mps": 15.0
          }
        }
      ],
      "net": {
        "slice": "mMTC",
        "lat_ms": 50,
        "jitter_ms": 10,
        "loss_pct": 1.2,
        "throughput_mbps": 1.5,
        "edge_load": 0.75
      }
    },
    {
      "turn": 9,
      "speaker": "agent",
      "intent": "capture_high_res_thermal_image",
      "actions": [
        {
          "type": "mcp",
          "name": "capture_image",
          "args": {
            "sensor": "thermal",
            "resolution": "high",
            "target": {
              "x": 1500.0,
              "y": 1200.0
            }
          }
        }
      ],
      "obs": [
        {
          "tool": "capture_image",
          "result": {
            "status": "success",
            "image_id": "IMG_THERM_001",
            "size_mb": 8.7
          }
        }
      ],
      "net": {
        "slice": "URLLC",
        "lat_ms": 12,
        "jitter_ms": 2,
        "loss_pct": 0.05,
        "throughput_mbps": 140,
        "edge_load": 0.22
      }
    },
    {
      "turn": 10,
      "speaker": "user",
      "intent": "initiate_return_and_data_upload",
      "actions": [
        {
          "type": "mcp",
          "name": "update_flight_plan",
          "args": {
            "waypoints": [
              {
                "x": 600.0,
                "y": 600.0,
                "z": 100.0
              }
            ],
            "speed": 25.0
          }
        },
        {
          "type": "mcp",
          "name": "upload_data",
          "args": {
            "destination": "ground_station",
            "data_ids": [
              "IMG_THERM_001"
            ],
            "priority": "high"
          }
        }
      ],
      "obs": [
        {
          "tool": "update_flight_plan",
          "result": {
            "status": "success",
            "execution_time_s": 0.6
          }
        },
        {
          "tool": "upload_data",
          "result": {
            "status": "queued",
            "estimated_upload_time_s": 18
          }
        }
      ],
      "net": {
        "slice": "eMBB",
        "lat_ms": 30,
        "jitter_ms": 5,
        "loss_pct": 0.4,
        "throughput_mbps": 700,
        "edge_load": 0.6
      }
    },
    {
      "turn": 11,
      "speaker": "agent",
      "intent": "confirm_completion_and_safety",
      "actions": [
        {
          "type": "mcp",
          "name": "read_telemetry",
          "args": {}
        }
      ],
      "obs": [
        {
          "tool": "read_telemetry",
          "result": {
            "pose": {
              "x": 1000.0,
              "y": 900.0,
              "z": 110.0
            },
            "battery_pct": 96.0,
            "speed_mps": 24.0
          }
        }
      ],
      "net": {
        "slice": "URLLC",
        "lat_ms": 11,
        "jitter_ms": 1.8,
        "loss_pct": 0.1,
        "throughput_mbps": 125,
        "edge_load": 0.28
      }
    }
  ],
  "final_state": {
    "domain": "uav",
    "time_s": 120.0,
    "env": {
      "weather": "thermal_updrafts",
      "wind_mps": 8.0,
      "wind_dir_deg": 270.0
    },
    "airspace": {
      "alt_bounds": [
        50.0,
        450.0
      ],
      "geofence": [
        {
          "type": "polygon",
          "points": [
            [
              500.0,
              500.0
            ],
            [
              2500.0,
              500.0
            ],
            [
              2500.0,
              2000.0
            ],
            [
              500.0,
              2000.0
            ]
          ]
        }
      ]
    },
    "uav": {
      "pose": {
        "x": 1000.0,
        "y": 900.0,
        "z": 110.0,
        "yaw": 45.0
      },
      "speed_mps": 24.0,
      "energy": {
        "battery_pct": 96.0
      },
      "sensors": {
        "rgb": "ok",
        "thermal": "ok",
        "lidar": "ok",
        "radar": "offline",
        "gnss": "ok",
        "imu": "ok",
        "magnetometer": "ok",
        "barometer": "ok"
      },
      "payloads": []
    },
    "policy": {
      "alt_bounds": [
        50.0,
        450.0
      ]
    },
    "safety_flags": {
      "nfz_violation": false,
      "separation_breach": false
    }
  },
  "success": true,
  "_meta": {
    "seed": 42,
    "ts": 1764058468,
    "ts_iso": "2025-11-25T08:14:28Z",
    "gen_time_s": 62.92227125167847,
    "attempts_used": 1,
    "generation_failed": false,
    "usage": {
      "prompt_tokens": 1073,
      "completion_tokens": 3906,
      "total_tokens": 4979,
      "cost": 0.00324294,
      "is_byok": false,
      "prompt_tokens_details": {
        "cached_tokens": 1072,
        "audio_tokens": 0,
        "video_tokens": 0
      },
      "cost_details": {
        "upstream_inference_cost": null,
        "upstream_inference_prompt_cost": 0.00011814,
        "upstream_inference_completions_cost": 0.0031248
      },
      "completion_tokens_details": {
        "reasoning_tokens": 0,
        "image_tokens": 0
      }
    }
  }
}