{
  "episode_id": "6gb_prompt_704b80f4b9d9eb30",
  "questions": [
    {
      "task_id": "T1",
      "task_name": "Intent Feasibility Assessment",
      "source_turn": 6,
      "question": "At turn 6, the UAV is en route to target zone with battery at 100%, speed 18 m/s, and current eMBB slice showing latency 25 ms, jitter 12 ms, loss 2.1%, throughput 400 Mbps, edge load 0.75. The mission requires real-time video streaming (min 500 Mbps, max latency 20 ms) and lidar-based obstacle avoidance (max jitter 2 ms, max loss 0.1%). Wind is 8.5 m/s from 270°, and geofence remains intact. If network degradation persists for two more turns, switching to URLLC at turn 7 reduces latency to 7 ms and jitter to 0.8 ms but caps throughput at 90 Mbps. Continuing eMBB risks SLA violation with 80% probability per turn. Which option should be selected?",
      "options": {
        "A": "Continue eMBB with current settings; throughput still exceeds 400 Mbps and battery is full.",
        "B": "Switch to URLLC immediately; latency and jitter meet SLA, though throughput is below video requirement.",
        "C": "Reduce telemetry rate to 1 Hz to free up 150 Mbps; maintain eMBB for video streaming.",
        "D": "Request swarm coordination to offload video processing; keep eMBB active with 20% edge load reduction."
      },
      "correct": "B",
      "reason": "URLLC guarantees latency and jitter within SLA bounds even under worst-case degradation. Continuing eMBB risks mission failure with 80% probability per turn due to latency exceeding 20 ms. Throughput shortfall for video is mitigated by prioritizing safety-critical lidar over video. Future regret is minimized by avoiding SLA violation that would force abort in turn 8.",
      "rationale_tag": "WORST_CASE_SLA_GUARANTEE",
      "difficulty": "very_hard"
    },
    {
      "task_id": "T2",
      "task_name": "Intent Conflict Resolution",
      "source_turn": 6,
      "question": "At turn 6, the UAV is en route to target zone under eMBB slice with latency 25ms, jitter 12ms, loss 2.1%, throughput 400Mbps, and edge load 0.75. The mission intent requires real-time video streaming within 3 turns, but policy mandates SLA compliance: latency < 20ms, loss < 1%, edge load < 0.8. Thermal sensor remains offline, and lidar is active under URLLC. If network degradation persists, video streaming will fail. Switching to URLLC reduces throughput to 90Mbps but guarantees latency 7ms, loss 0.03%, edge load 0.25. However, URLLC cannot support video streaming at required quality. The UAV battery is at 100% but will deplete 5% per turn if streaming. A future turn may see edge load rise to 0.85 under eMBB if traffic continues. Which option should be selected?",
      "options": {
        "A": "Stay on eMBB and attempt video streaming at reduced quality, accepting 2.1% loss and 25ms latency, risking SLA violation and mission failure if degradation persists.",
        "B": "Switch to URLLC immediately, disable video streaming, and prioritize telemetry integrity; accept mission partial failure but guarantee policy compliance and battery conservation.",
        "C": "Delay video streaming for 1 turn, monitor network recovery, and switch to URLLC only if edge load exceeds 0.8; risk mission delay and potential SLA breach if no recovery occurs.",
        "D": "Switch to URLLC and attempt low-bitrate video streaming at 30Mbps, accepting 10% packet loss and 15ms latency; risk video corruption and policy violation if jitter spikes."
      },
      "correct": "B",
      "reason": "Option B minimizes maximum regret by guaranteeing policy compliance under worst-case network degradation. It preserves battery for critical functions and avoids SLA violation even if edge load rises to 0. 85. Other options risk mission failure or policy breach under persistent degradation. Video streaming is not feasible under URLLC’s throughput limit, making B the least-bad choice for intent-policy alignment.",
      "rationale_tag": "WORST_CASE_POLICY_COMPLIANCE",
      "difficulty": "very_hard"
    },
    {
      "task_id": "T3",
      "task_name": "Intent Drift Detection",
      "source_turn": 7,
      "question": "At turn 7, the agent switches to URLLC and reduces telemetry frequency after observing eMBB degradation: latency 25ms, jitter 12ms, loss 2.1%, throughput 400Mbps, edge_load 0.75. The mission requires real-time video feed (minimum 500Mbps, latency <20ms) in the next turn, and battery depletes at 0.8% per minute. URLLC offers 90Mbps throughput and 7ms latency but cannot support video. eMBB may recover to 600Mbps in turn 8 with 18ms latency, but has 30% probability of further degradation to 300Mbps and 35ms latency. The geofence boundary is 100m away, and the UAV must maintain 0.5m/s minimum speed to avoid stall. If the agent chooses eMBB in turn 8, it risks violating video SLA with 30% probability; if it chooses URLLC, it forfeits video but ensures control. Which option should be selected?",
      "options": {
        "A": "Stay on URLLC: guarantees control latency <10ms and edge_load <0.3, but throughput 90Mbps cannot support video feed required next turn.",
        "B": "Switch back to eMBB: projected throughput 600Mbps and latency 18ms meet video SLA, but 30% risk of degradation to 300Mbps and 35ms latency violates SLA.",
        "C": "Request hybrid slice: combine URLLC for control and eMBB for video, but current network does not support concurrent slices and edge_load would exceed 0.8.",
        "D": "Delay video request by 2 turns: allows battery to deplete 1.6% and reduces edge_load to 0.6, but mission timeline requires video in turn 8."
      },
      "correct": "B",
      "reason": "Switching back to eMBB in turn 8 offers the highest expected utility under uncertainty. Although there is a 30% risk of degradation, the 70% chance of meeting video SLA with 600Mbps and 18ms latency outweighs the guaranteed failure of URLLC to support video. The UAV can tolerate a 35ms latency violation for one turn if recovery occurs, but losing video capability entirely incurs irreversible mission regret. Battery depletion and geofence constraints are not binding within the next two turns.",
      "rationale_tag": "EXPECTED_UTILITY_UNDER_UNCERTAINTY",
      "difficulty": "very_hard"
    },
    {
      "task_id": "T4",
      "task_name": "Slice Selection Reasoning",
      "source_turn": 6,
      "question": "At turn 6, the UAV is en route to target zone under eMBB slice with latency 25ms, jitter 12ms, packet loss 2.1%, throughput 400Mbps, and edge load 0.75. The mission requires real-time telemetry for navigation and sensor coordination over the next 3 turns, with SLA requiring latency <20ms and loss <1%. Historical data shows eMBB degrades further under wind gusts above 8m/s, which are forecasted to persist. URLLC offers 7ms latency, 0.8ms jitter, 0.03% loss, 90Mbps throughput, and 0.25 edge load but cannot support video streaming. mMTC has 50ms latency and 1Mbps throughput, suitable only for logging. If the UAV continues on eMBB, projected latency in turn 7 exceeds 30ms with 3% loss; switching to URLLC now incurs 100ms one-time handover delay but stabilizes metrics. Which option should be selected?",
      "options": {
        "A": "Continue on eMBB: current throughput supports navigation, and degradation may reverse in turn 7.",
        "B": "Switch to URLLC immediately: guarantees SLA compliance for next 3 turns despite throughput limitation.",
        "C": "Switch to mMTC: lowest edge load preserves network capacity for swarm coordination.",
        "D": "Wait until turn 7 to switch: if degradation persists, then switch to URLLC to avoid premature handover."
      },
      "correct": "B",
      "reason": "Continuing on eMBB risks violating latency and loss SLAs by turn 7 under persistent wind conditions. URLLC’s worst-case latency of 7ms and loss of 0. 03% remain within SLA even if jitter increases by 50%. The 100ms handover delay is a one-time cost that prevents cumulative mission failure over three turns. mMTC’s 50ms latency violates SLA immediately and cannot support telemetry.",
      "rationale_tag": "WORST_CASE_SLAMINIMIZATION",
      "difficulty": "very_hard"
    },
    {
      "task_id": "T5",
      "task_name": "Slice Switching Decision",
      "source_turn": 6,
      "question": "At turn 6, the UAV is en route to target zone under eMBB slice with latency 25ms, jitter 12ms, loss 2.1%, throughput 400Mbps, and edge load 0.75. Policy requires latency <30ms and loss <3% for mission-critical telemetry. Thermal sensor remains offline, and lidar is active under URLLC. If degradation persists for one more turn, edge load may rise to 0.85, increasing risk of congestion. Switching to URLLC now would reduce latency to 7ms and loss to 0.03% but cap throughput at 90Mbps, insufficient for planned video feed at turn 8. Maintaining eMBB risks SLA violation if jitter exceeds 15ms next turn. Given uncertainty in network recovery and the need to preserve video capability, which option should be selected?",
      "options": {
        "A": "Switch to URLLC immediately to guarantee latency and loss SLA compliance, accepting throughput limitation for video feed.",
        "B": "Maintain eMBB for now, assuming recovery by turn 7, and prepare fallback to URLLC if jitter exceeds 15ms next turn.",
        "C": "Switch to mMTC to reduce edge load to 0.1, accepting 50ms latency and 0.5% loss, which still meets SLA but disables real-time telemetry.",
        "D": "Request network operator to boost eMBB capacity, delaying decision until turn 7, risking SLA violation if no improvement occurs."
      },
      "correct": "B",
      "reason": "Maintaining eMBB is optimal because current metrics are still within SLA bounds and the risk of violation next turn is uncertain. Switching to URLLC now sacrifices future video capability without immediate necessity. mMTC violates latency SLA under worst-case jitter. Delaying decision without contingency incurs higher regret if degradation persists. The margin to SLA allows one-turn tolerance under projected worst-case jitter.",
      "rationale_tag": "WORST_CASE_TOLERANCE",
      "difficulty": "very_hard"
    },
    {
      "task_id": "T6",
      "task_name": "Slice Fairness vs Safety",
      "source_turn": 7,
      "question": "At turn 7, the UAV switches to URLLC with latency 7ms, jitter 0.8ms, loss 0.03%, throughput 90Mbps, and edge load 0.25, after eMBB degraded to 25ms latency, 12ms jitter, 2.1% loss, and 400Mbps throughput at turn 6. The mission requires real-time telemetry at 10Hz and sensor fusion for obstacle avoidance, with a policy SLA of latency ≤15ms and loss ≤0.5%. Wind is 8.5m/s from 270°, and the UAV is at 25m altitude with 100% battery. If the next turn sees a 20% increase in edge load and 15% latency drift under URLLC, while eMBB recovers to 18ms latency but retains 0.4% loss, which option minimizes maximum regret over the next two turns while maintaining safety? A: Stay on URLLC with 10Hz telemetry, accepting 8.05ms latency and 0.31 edge load next turn. B: Switch back to eMBB for higher throughput, accepting 18ms latency and 0.4% loss, risking SLA violation if latency drifts +15%. C: Reduce telemetry to 5Hz on URLLC to lower edge load to 0.15, accepting 7ms latency but risking sensor fusion failure. D: Switch to mMTC for minimal load, accepting 50ms latency and 0.5% loss, violating SLA but preserving battery for return.",
      "options": {
        "A": "Stay on URLLC with 10Hz telemetry, accepting 8.05ms latency and 0.31 edge load next turn.",
        "B": "Switch back to eMBB for higher throughput, accepting 18ms latency and 0.4% loss, risking SLA violation if latency drifts +15%.",
        "C": "Reduce telemetry to 5Hz on URLLC to lower edge load to 0.15, accepting 7ms latency but risking sensor fusion failure.",
        "D": "Switch to mMTC for minimal load, accepting 50ms latency and 0.5% loss, violating SLA but preserving battery for return."
      },
      "correct": "A",
      "reason": "Option A maintains latency under 15ms even with 15% drift and keeps loss below 0. 5%, satisfying SLA. Edge load increases to 0. 31 but remains under 0. 5, avoiding congestion risk.",
      "rationale_tag": "SLA_COMPLIANCE_UNDER_WORST_CASE",
      "difficulty": "very_hard"
    },
    {
      "task_id": "T7",
      "task_name": "Compute Placement Decision",
      "source_turn": 6,
      "question": "At turn 6, the UAV is en route to target zone with eMBB slice showing latency 25ms, jitter 12ms, loss 2.1%, throughput 400Mbps, and edge load 0.75. The SLA requires latency <20ms and loss <1% for inference tasks. If the UAV switches to URLLC at turn 7, latency drops to 7ms, loss to 0.03%, but throughput falls to 90Mbps, insufficient for high-res video inference. The edge load under URLLC is 0.25, leaving 75% headroom. If the UAV continues on eMBB, latency may rise to 35ms next turn with 5% loss under wind gusts, risking SLA violation. The onboard inference engine can process at 15fps with 80% accuracy but consumes 12% battery per minute. The mission requires 3 more turns of inference with 90% accuracy SLA. Which option should be selected?",
      "options": {
        "A": "Switch to URLLC immediately; accept lower throughput but guarantee latency and loss SLA for next 3 turns.",
        "B": "Stay on eMBB; reduce inference frequency to 5fps to fit 400Mbps, risking SLA violation if latency exceeds 35ms next turn.",
        "C": "Run inference onboard at 15fps; consume 36% battery over 3 turns, risking mission failure if battery drops below 20% before return.",
        "D": "Delay inference for 1 turn; wait for network recovery to eMBB with 15ms latency, risking SLA breach if degradation persists."
      },
      "correct": "A",
      "reason": "Switching to URLLC ensures latency and loss remain within SLA bounds for all three remaining turns even under worst-case jitter and loss projections. Staying on eMBB risks SLA violation if latency climbs to 35ms as projected. Onboard inference consumes too much battery and may not meet accuracy SLA under stress. Delaying inference invites cumulative regret if network does not recover. URLLC’s throughput is sufficient for low-res inference needed for mission completion.",
      "rationale_tag": "WORST_CASE_SLAMINIMIZE_REGRET",
      "difficulty": "very_hard"
    },
    {
      "task_id": "T8",
      "task_name": "Graceful Degradation under Edge Overload",
      "source_turn": 6,
      "question": "At turn 6, the UAV is en route with edge_load at 0.75, latency at 25ms, jitter at 12ms, and loss_pct at 2.1, while SLA requires latency ≤20ms and loss_pct ≤1.0. The next turn may see edge_load rise to 0.85 under worst-case wind gusts, and telemetry rate is currently 10Hz. If the UAV continues eMBB, latency may hit 35ms next turn, violating SLA. Switching to URLLC reduces throughput to 90Mbps but guarantees latency ≤10ms and loss_pct ≤0.1. Reducing telemetry to 2Hz on eMBB may lower edge_load to 0.65 but risks 28ms latency if wind persists. Activating lidar would increase edge_load by 0.15 regardless of slice. Which option should be selected to minimize maximum regret over the next two turns while maintaining mission continuity?",
      "options": {
        "A": "Continue eMBB at 10Hz telemetry; accept 25ms latency and 2.1% loss as within acceptable bounds for now.",
        "B": "Switch to URLLC and reduce telemetry to 2Hz; accept 90Mbps throughput but guarantee SLA compliance.",
        "C": "Reduce telemetry to 2Hz on eMBB; hope wind subsides and edge_load drops to 0.65, keeping latency under 28ms.",
        "D": "Activate lidar on eMBB; accept edge_load increase to 0.90 and potential 40ms latency next turn for enhanced sensing."
      },
      "correct": "B",
      "reason": "Switching to URLLC guarantees latency and loss within SLA even under worst-case edge_load of 0. 85. Reducing telemetry to 2Hz on eMBB risks 28ms latency which exceeds SLA if wind persists. Continuing eMBB at 10Hz will likely violate SLA next turn with 35ms latency. Activating lidar increases edge_load beyond safe margin and risks 40ms latency.",
      "rationale_tag": "WORST_CASE_SLAMIN",
      "difficulty": "very_hard"
    },
    {
      "task_id": "T9",
      "task_name": "Trust-Aware Offloading",
      "source_turn": 6,
      "question": "At turn 6, network degradation is detected: latency spikes to 25ms, jitter to 12ms, packet loss to 2.1%, throughput drops to 400Mbps, and edge load reaches 0.75. The mission requires real-time telemetry and sensor fusion, with a policy SLA of latency < 20ms and loss < 1%. The UAV has 100% battery and is within geofence. If degradation persists for two more turns, edge load may exceed 0.9, risking service collapse. Switching to URLLC reduces latency to 7ms and loss to 0.03% but caps throughput at 90Mbps, insufficient for video streaming. Continuing on eMBB risks SLA violation and mission failure. Which option should be selected?",
      "options": {
        "A": "Switch to URLLC immediately to guarantee latency and loss SLA compliance, accepting reduced throughput for non-video tasks.",
        "B": "Stay on eMBB and increase telemetry frequency to compensate for degradation, risking SLA violation if edge load exceeds 0.9.",
        "C": "Offload sensor processing to edge despite high load, assuming recovery in next turn, which may fail under worst-case jitter of 15ms.",
        "D": "Request manual override to bypass policy, using eMBB with throttled video to preserve throughput, ignoring projected edge load growth."
      },
      "correct": "A",
      "reason": "Switching to URLLC ensures latency and loss remain within SLA even under worst-case jitter and persistent degradation. Continuing on eMBB risks SLA violation within two turns as edge load approaches 0. 9. Offloading to edge under high load invites service collapse. Manual override ignores quantified future regret from policy violation.",
      "rationale_tag": "SLA_GUARANTEE_UNDER_WORST_CASE",
      "difficulty": "very_hard"
    },
    {
      "task_id": "T10",
      "task_name": "SLA Violation Prediction",
      "source_turn": 6,
      "question": "At turn 6, network telemetry shows latency at 25ms, jitter at 12ms, packet loss at 2.1%, throughput at 400Mbps, and edge load at 0.75 under eMBB slice, while SLA requires latency ≤20ms and loss ≤1.0% for critical control. Historical trends show latency increased by 10ms over the last two turns and edge load rose by 0.2. If degradation continues at the same rate, latency will hit 35ms and edge load 0.95 by turn 8. Switching to URLLC now reduces latency to 7ms but caps throughput at 90Mbps, insufficient for video streaming requested at turn 8. Continuing on eMBB risks SLA violation by turn 7 under worst-case jitter amplification. Which option should be selected?",
      "options": {
        "A": "Stay on eMBB and accept SLA violation risk; throughput supports video streaming at turn 8.",
        "B": "Switch to URLLC immediately; latency and jitter meet SLA, but video streaming will fail due to throughput cap.",
        "C": "Delay switch until turn 7; monitor if edge load stabilizes below 0.8, risking latency breach by 5ms if trend continues.",
        "D": "Switch to mMTC; latency 50ms exceeds SLA, but edge load drops to 0.1, preserving battery for return."
      },
      "correct": "B",
      "reason": "Switching to URLLC at turn 6 ensures latency and jitter remain within SLA bounds even under worst-case projection. Continuing on eMBB risks violation by turn 7 as latency exceeds 20ms and loss exceeds 1. 0%. Video streaming failure is a known tradeoff but non-critical compared to control integrity. Delaying the switch incurs higher regret if degradation persists, and mMTC violates latency SLA outright.",
      "rationale_tag": "WORST_CASE_SLAVIOLATION_AVOIDANCE",
      "difficulty": "very_hard"
    },
    {
      "task_id": "T11",
      "task_name": "Preemptive Autonomy Downgrade",
      "source_turn": 6,
      "question": "At turn 6, network latency spikes to 25ms with 12ms jitter and 2.1% loss, while edge load reaches 0.75 under eMBB, exceeding the 0.70 threshold for stability. The UAV is en route at 18m/s with 100% battery, but thermal and lidar remain offline, leaving only RGB and GNSS for navigation. Policy mandates altitude between 0 and 120m, and the geofence remains intact. If degradation persists into turn 7, latency may exceed 30ms with 15ms jitter, risking command loss during critical maneuvering. URLLC offers 7ms latency and 0.03% loss but caps throughput at 90Mbps, insufficient for real-time video if requested later. The mission requires return to base by turn 10, and any autonomy failure after turn 7 risks collision or geofence violation. Option A maintains eMBB with reduced telemetry, risking SLA breach by turn 8. Option B switches to URLLC immediately, sacrificing video capability but ensuring control. Option C delays switch until turn 7, gambling on recovery, which historically failed after turn 2. Option D activates lidar again, consuming 15% battery per turn and increasing edge load by 0.1, risking overload. Which option should be selected?",
      "options": {
        "A": "Maintain eMBB with reduced telemetry rate; latency may breach 30ms by turn 8, risking command loss.",
        "B": "Switch to URLLC immediately; ensures control with 7ms latency but forfeits future video streaming capability.",
        "C": "Delay switch until turn 7; assumes recovery, but historical failure rate after turn 2 is 80%.",
        "D": "Reactivate lidar; consumes 15% battery per turn and increases edge load by 0.1, risking overload by turn 8."
      },
      "correct": "B",
      "reason": "Switching to URLLC immediately ensures control stability under worst-case latency and jitter projections. Maintaining eMBB risks SLA violation by turn 8, which could cause autonomy failure during return. Delaying the switch ignores historical failure patterns and increases regret if degradation persists. Reactivating lidar consumes excessive battery and edge resources, accelerating system instability. The correct choice minimizes maximum regret across plausible futures by prioritizing control over optional capabilities.",
      "rationale_tag": "WORST_CASE_CONTROL_PRESERVATION",
      "difficulty": "very_hard"
    },
    {
      "task_id": "T12",
      "task_name": "Conservative Continuation Decision",
      "source_turn": 6,
      "question": "At turn 6, network latency spikes to 25 ms with 12 ms jitter and 2.1% packet loss while edge load reaches 0.75, exceeding the 0.70 threshold for stability. The UAV is 180 meters from target, traveling at 18 m/s with 100% battery, but thermal and lidar remain offline. URLLC offers 7 ms latency and 0.03% loss but only 90 Mbps throughput, insufficient for video streaming. eMBB degrades further if sustained, risking mission abort within 2 turns. If wind increases by 15% next turn, speed may drop to 15 m/s, extending arrival by 4 seconds. Continuing on eMBB risks SLA violation if jitter exceeds 15 ms or loss exceeds 3%. Switching to URLLC sacrifices video but ensures control. Which option should be selected?",
      "options": {
        "A": "Continue on eMBB with current telemetry rate; assume degradation is transient and will recover by turn 8.",
        "B": "Switch immediately to URLLC and reduce telemetry to 1 Hz; accept no video but guarantee control under worst-case jitter of 15 ms.",
        "C": "Request swarm coordination to offload telemetry; assume edge load will drop to 0.60 if 2 other UAVs share the slice.",
        "D": "Abort mission and return to base; battery allows 300 meters of return travel at 18 m/s, but mission success is forfeited."
      },
      "correct": "B",
      "reason": "Switching to URLLC ensures latency remains under 10 ms even under worst-case jitter of 15 ms, which is critical for control stability. Continuing on eMBB risks SLA violation if loss exceeds 3% or jitter exceeds 15 ms, both plausible within 2 turns. The 90 Mbps throughput is sufficient for telemetry but not video, which is non-critical for mission continuation. Returning to base incurs maximum regret by forfeiting a recoverable mission with full battery and geofence compliance.",
      "rationale_tag": "WORST_CASE_CONTROL_PRESERVATION",
      "difficulty": "very_hard"
    },
    {
      "task_id": "T13",
      "task_name": "Swarm-Level Slice Negotiation",
      "source_turn": 7,
      "question": "At turn 7, the UAV switches to URLLC with latency 7ms, jitter 0.8ms, loss 0.03%, throughput 90Mbps, and edge load 0.25, after eMBB degraded to 25ms latency, 12ms jitter, 2.1% loss, and 400Mbps throughput at turn 6. The swarm must maintain at least 95% packet delivery for critical telemetry over the next 3 turns, and edge load must not exceed 0.8. If wind increases by 20% next turn, eMBB latency may spike to 35ms with 5% loss, while URLLC may degrade to 12ms latency and 0.1% loss. mMTC offers 50ms latency and 0.5% loss but only 1Mbps throughput, insufficient for telemetry. Given that the next mission phase requires 150Mbps sustained throughput for 2 turns, which slice should be selected to minimize maximum regret across all plausible futures?",
      "options": {
        "A": "Stick with URLLC: latency 7ms, jitter 0.8ms, loss 0.03%, throughput 90Mbps, edge load 0.25 — sufficient for telemetry but may fail throughput requirement next turn.",
        "B": "Switch to eMBB: latency 18ms, jitter 5ms, loss 0.4%, throughput 600Mbps, edge load 0.65 — meets throughput now but risks 35ms latency and 5% loss under wind increase.",
        "C": "Switch to mMTC: latency 50ms, jitter 10ms, loss 0.5%, throughput 1Mbps, edge load 0.1 — violates throughput requirement immediately and risks telemetry loss.",
        "D": "Negotiate hybrid slice: allocate 50% URLLC and 50% eMBB — projected latency 12ms, loss 0.2%, throughput 345Mbps, edge load 0.45 — balances but may violate SLA under worst-case wind."
      },
      "correct": "D",
      "reason": "The hybrid slice minimizes maximum regret by maintaining throughput above 150Mbps while keeping latency under 15ms and loss under 0. 5% even under worst-case wind. URLLC fails throughput in the next turn. eMBB risks violating latency and loss SLAs under wind increase. mMTC is throughput-incompatible.",
      "rationale_tag": "WORST_CASE_REGRET_MINIMIZATION",
      "difficulty": "very_hard"
    },
    {
      "task_id": "T14",
      "task_name": "Scheduler Reconfiguration Adaptation",
      "source_turn": 7,
      "question": "At turn 7, the UAV is en route to a target zone with battery at 100% and current eMBB slice showing latency 25ms, jitter 12ms, loss 2.1%, throughput 400Mbps, and edge load 0.75. The agent switches to URLLC with latency 7ms, jitter 0.8ms, loss 0.03%, throughput 90Mbps, edge load 0.25, and reduces telemetry rate. The mission requires real-time video streaming within 3 turns, which demands at least 500Mbps throughput and latency under 20ms. Thermal sensor remains offline, and lidar is active but consumes 15% more power. If wind increases to 12m/s next turn, speed may drop to 15m/s, extending travel time by 20%. The geofence remains static. Which option should be selected to minimize maximum regret over the next 3 turns while maintaining mission consistency?",
      "options": {
        "A": "Maintain URLLC slice and reduce telemetry to 1Hz; accept no video streaming but ensure navigation reliability and battery margin above 70% by turn 10.",
        "B": "Switch back to eMBB slice immediately; accept 25ms latency and 2.1% loss to enable video streaming at 600Mbps, risking edge load exceeding 0.8 and potential disconnection if wind worsens.",
        "C": "Hybrid mode: alternate between URLLC and eMBB every 30 seconds; average throughput 250Mbps, latency 16ms, but jitter spikes to 8ms and edge load fluctuates between 0.3 and 0.7, risking sensor desynchronization.",
        "D": "Delay video streaming until turn 10; keep URLLC for navigation, reduce speed to 12m/s to conserve battery, and accept 30% longer travel time, risking mission deadline if wind persists."
      },
      "correct": "A",
      "reason": "Option A ensures navigation reliability under worst-case wind and maintains battery above 70% by turn 10, which is critical for mission consistency. Although it forgoes video streaming, the throughput requirement of 500Mbps cannot be met under URLLC even with eMBB fallback due to edge load constraints. Option B risks disconnection under increased wind and edge load exceeding 0. 8. Option C introduces jitter spikes that could desynchronize lidar and navigation.",
      "rationale_tag": "WORST_CASE_REGRET_MINIMIZATION",
      "difficulty": "very_hard"
    },
    {
      "task_id": "T15",
      "task_name": "Decision Consistency under Replanning",
      "source_turn": 7,
      "question": "At turn 7, the agent switches to URLLC and reduces telemetry frequency after observing eMBB degradation: latency 25ms, jitter 12ms, loss 2.1%, throughput 400Mbps, edge_load 0.75. The policy requires latency < 30ms and loss < 1% for critical control. URLLC offers 7ms latency, 0.8ms jitter, 0.03% loss, 90Mbps throughput, edge_load 0.25. However, the next turn (turn 8) requires streaming 1080p video at 60fps, which consumes 500Mbps. If the agent had instead stayed on eMBB at turn 7, latency might recover to 18ms by turn 8, but jitter could remain at 5ms and loss at 0.4%. The mission must complete within 3 turns, and battery depletes at 2% per turn. Which option should be selected to ensure decision consistency across turns while minimizing worst-case regret?",
      "options": {
        "A": "Stay on eMBB at turn 7, accepting 25ms latency and 2.1% loss, because throughput supports future video streaming and latency may recover to 18ms by turn 8.",
        "B": "Switch to URLLC at turn 7, accepting 90Mbps throughput, because latency and loss are within policy bounds and edge_load is low, even if video streaming fails.",
        "C": "Switch to URLLC at turn 7 but buffer video for turn 9, accepting 90Mbps throughput now and risking 0.2% additional loss if network degrades further.",
        "D": "Delay decision until turn 8, monitoring network recovery, accepting 25ms latency and 2.1% loss for one more turn, then switch if no improvement."
      },
      "correct": "B",
      "reason": "Switching to URLLC at turn 7 ensures latency and loss remain within policy bounds for critical control across all future turns. Staying on eMBB risks violating loss SLA if degradation persists, and video streaming cannot be guaranteed even with 400Mbps. Buffering video delays mission completion and increases battery risk. Delaying decision amplifies uncertainty and may force a worse switch later. URLLC’s low edge_load and stable metrics minimize worst-case regret over the next three turns.",
      "rationale_tag": "WORST_CASE_REGRET_MINIMIZATION",
      "difficulty": "very_hard"
    },
    {
      "task_id": "T16",
      "task_name": "Network-Exposed Compute Marketplace",
      "source_turn": 7,
      "question": "At turn 7, the UAV switches to URLLC with edge_load 0.25, latency 7ms, and throughput 90Mbps after eMBB degraded to 25ms latency and 400Mbps throughput at turn 6. The thermal sensor remains offline, and lidar is active at 10Hz. A third-party request arrives for compute-intensive video analytics requiring 150Mbps sustained throughput and latency under 10ms, with a 30% probability of network recovery to eMBB levels by turn 9. If the UAV accepts, edge_load will rise to 0.65; if rejected, the UAV retains 0.25 edge_load but forgoes $120 revenue. The SLA mandates latency under 15ms and edge_load under 0.8. Under worst-case assumptions including persistent eMBB degradation and no recovery, and projecting edge_load growth to 0.75 by turn 9 if accepted, which option should be selected?",
      "options": {
        "A": "Accept the request; current URLLC latency (7ms) is under SLA, and projected edge_load (0.75) remains under 0.8 even if eMBB does not recover.",
        "B": "Reject the request; accepting would push edge_load to 0.65 now and 0.75 by turn 9, risking SLA violation if any additional load occurs, and the 30% recovery probability is too uncertain to justify risk.",
        "C": "Accept the request but throttle video analytics to 80Mbps to keep edge_load at 0.55; this ensures SLA compliance under worst-case and retains $80 revenue.",
        "D": "Delay the decision until turn 9; if eMBB recovers, accept with full 150Mbps; if not, reject; this avoids immediate risk but forfeits $120 if recovery fails."
      },
      "correct": "B",
      "reason": "Accepting the request increases edge_load to 0. 65 immediately and projects to 0. 75 by turn 9 under worst-case no-recovery. Although 0. 75 is under the 0.",
      "rationale_tag": "WORST_CASE_SLAMARGIN",
      "difficulty": "very_hard"
    },
    {
      "task_id": "T17",
      "task_name": "Network-Knowledge RAG Augmentation",
      "source_turn": 7,
      "question": "At turn 7, the UAV switches to URLLC with latency 7ms, jitter 0.8ms, loss 0.03%, throughput 90Mbps, and edge load 0.25, after eMBB degraded to 25ms latency, 12ms jitter, 2.1% loss, and 400Mbps throughput at turn 6. The mission requires telemetry for RAG augmentation with a policy SLA of 15ms max latency and 1% max loss, and the next 2 turns involve swarm coordination and navigation. If URLLC throughput is insufficient for high-res telemetry but eMBB may further degrade to 30ms latency and 3% loss by turn 8, and edge load must stay below 0.8 to avoid congestion, which option should be selected to minimize maximum regret over turns 7–9 while ensuring SLA compliance under worst-case uncertainty?",
      "options": {
        "A": "Maintain URLLC with reduced telemetry resolution to fit 90Mbps, accepting 10% data loss in RAG context due to compression, ensuring latency and loss SLA compliance under worst-case jitter +0.5ms.",
        "B": "Switch back to eMBB at turn 8, assuming recovery to 18ms latency and 0.4% loss as seen at turn 8, accepting 0.75 edge load and risking SLA violation if degradation persists to 30ms latency.",
        "C": "Hybrid mode: use URLLC for control and eMBB for telemetry, splitting 120Mbps total throughput, accepting 15ms latency for telemetry and 0.5% loss, risking edge load 0.85 if eMBB degrades further.",
        "D": "Use mMTC for telemetry at 1Mbps throughput, accepting 50ms latency and 0.5% loss, ensuring edge load 0.1, but violating latency SLA by 35ms and risking RAG context collapse."
      },
      "correct": "A",
      "reason": "Option A ensures SLA compliance under worst-case jitter and loss by staying within 15ms latency and 1% loss even if jitter increases to 1. 3ms. It avoids the risk of eMBB degradation to 30ms latency and 3% loss which would violate SLA. The 10% data loss from compression is acceptable for RAG augmentation as it preserves critical telemetry. Other options either violate SLA under worst-case or risk higher regret from congestion or latency violation.",
      "rationale_tag": "WORST_CASE_SLA_COMPLIANCE",
      "difficulty": "very_hard"
    },
    {
      "task_id": "T18",
      "task_name": "AI Agent Identity & Onboarding",
      "source_turn": 7,
      "question": "At turn 7, the agent switches to URLLC and reduces telemetry frequency to mitigate network degradation observed at turn 6, where latency spiked to 25 ms, jitter to 12 ms, loss to 2.1%, and edge load to 0.75. The mission requires maintaining geofence compliance and battery above 20% for the next 3 turns, with a projected 15% battery drain per turn under eMBB and 8% under URLLC. URLLC offers 90 Mbps throughput but caps telemetry rate at 1 Hz, while eMBB allows 5 Hz at 600 Mbps but risks violating SLA if latency exceeds 20 ms or loss exceeds 1%. Under worst-case uncertainty, jitter may increase by 20% and loss by 50% over the next turn. If the agent must also prepare for a potential swarm coordination request at turn 9 requiring 100 Mbps and 5 ms latency, which option should be selected to minimize maximum regret across turns 7–9?",
      "options": {
        "A": "Remain on eMBB at 5 Hz telemetry; accept 25 ms latency and 2.1% loss as temporary, assuming recovery by turn 8.",
        "B": "Switch to URLLC at 1 Hz telemetry; accept reduced data fidelity but guarantee latency under 10 ms and loss under 0.1% for next 3 turns.",
        "C": "Switch to URLLC at 1 Hz telemetry but request emergency bandwidth boost to 150 Mbps for turn 9 swarm coordination, risking edge load >0.8.",
        "D": "Stay on eMBB at 2 Hz telemetry to balance data rate and latency, accepting 18 ms latency and 0.8% loss as within SLA bounds."
      },
      "correct": "B",
      "reason": "Option B minimizes maximum regret by guaranteeing SLA compliance under worst-case jitter and loss projections across turns 7–9. It preserves battery at 76% by turn 9, sufficient for mission completion, while URLLC’s 90 Mbps meets the 100 Mbps swarm requirement with margin. Option A risks SLA violation and battery drop to 55% by turn 9. Option C exceeds edge load safety bounds. Option D fails under worst-case loss projection and cannot support swarm coordination.",
      "rationale_tag": "WORST_CASE_REGRET_MINIMIZATION",
      "difficulty": "very_hard"
    },
    {
      "task_id": "T19",
      "task_name": "AI Agent Interoperability & Federation",
      "source_turn": 7,
      "question": "At turn 7, the agent switches to URLLC with latency 7ms, jitter 0.8ms, loss 0.03%, throughput 90Mbps, and edge load 0.25, while reducing telemetry rate to preserve bandwidth. The mission requires thermal imaging (failed at turn 2), lidar (activated at turn 3), and swarm coordination (acknowledged at turn 4). Network degradation at turn 6 showed eMBB latency spiking to 25ms with 2.1% loss and 0.75 edge load. If the next turn requires simultaneous lidar data transmission (minimum 80Mbps), swarm command acknowledgment (latency <10ms), and battery telemetry (loss <0.1%), and edge load must stay below 0.3 to avoid congestion, which option should be selected?",
      "options": {
        "A": "Stay on URLLC: latency 7ms, loss 0.03%, throughput 90Mbps, edge load 0.25 — sufficient for all tasks if telemetry rate is further reduced to 1Hz.",
        "B": "Switch back to eMBB: latency 18ms, loss 0.4%, throughput 600Mbps, edge load 0.65 — supports lidar bandwidth but violates latency and edge load constraints for swarm.",
        "C": "Use hybrid mode: split lidar over eMBB (throughput 600Mbps) and swarm/battery over URLLC (latency 7ms) — edge load 0.45 total, risk of cross-slice jitter exceeding 2ms.",
        "D": "Delay lidar transmission until turn 9: use URLLC for swarm and battery only (throughput 90Mbps, edge load 0.2) — lidar data will be 2 turns stale but avoids overload."
      },
      "correct": "A",
      "reason": "Option A satisfies all constraints under worst-case assumptions: URLLC throughput exceeds lidar’s 80Mbps minimum, latency is under 10ms for swarm, loss is below 0. 1% for battery telemetry, and edge load remains under 0. 3. Option B violates latency and edge load limits. Option C risks jitter exceeding 2ms due to cross-slice interference.",
      "rationale_tag": "WORST_CASE_SAFETY_MARGIN",
      "difficulty": "very_hard"
    },
    {
      "task_id": "T20",
      "task_name": "Agent-to-Agent Communication Management",
      "source_turn": 7,
      "question": "At turn 7, the agent switches to URLLC with latency 7ms, jitter 0.8ms, loss 0.03%, throughput 90Mbps, and edge load 0.25, reducing telemetry rate to conserve resources. The mission requires continuous coordination with a swarm agent over the next 3 turns, where each turn’s coordination packet must arrive within 15ms latency to avoid desynchronization, and the edge load must not exceed 0.8 to prevent congestion. Historical data shows eMBB latency can degrade by up to 40% per turn under wind shear, while URLLC jitter may increase by 0.3ms per turn due to interference. If the agent continues URLLC, projected edge load in turn 10 will be 0.32, but if it reverts to eMBB, latency in turn 8 could spike to 35ms with 3% loss. Given that the swarm coordination protocol fails if any packet exceeds 20ms latency or 1% loss over two consecutive turns, and the agent must also prepare for a potential video stream request in turn 9 requiring 500Mbps throughput, which option should be selected?",
      "options": {
        "A": "Stay on URLLC: latency and loss are within bounds, edge load remains under 0.8, and jitter increase is manageable; video stream can be deferred or downgraded.",
        "B": "Switch back to eMBB: higher throughput supports future video stream, and current latency is acceptable; assume wind shear won’t worsen beyond 25%.",
        "C": "Hybrid mode: use URLLC for coordination and eMBB for telemetry, splitting load; accept 10% risk of jitter-induced desync in turn 9.",
        "D": "Request network upgrade: wait for infrastructure to provision 200Mbps URLLC slice; risk mission delay but guarantee SLA compliance for all turns."
      },
      "correct": "A",
      "reason": "URLLC maintains latency under 15ms and loss under 0. 04% for all three turns even under worst-case jitter growth, while edge load stays below 0. 8. eMBB risks latency exceeding 20ms in turn 8 under 40% degradation, violating the desync threshold. Hybrid mode introduces jitter uncertainty that could break coordination in turn 9.",
      "rationale_tag": "WORST_CASE_LATENCY_MARGIN",
      "difficulty": "very_hard"
    },
    {
      "task_id": "T21",
      "task_name": "Device-Network Task Offload Arbitration",
      "source_turn": 6,
      "question": "At turn 6, the UAV is en route to target zone with battery at 100%, but network metrics show eMBB slice latency spiked to 25ms, jitter to 12ms, loss to 2.1%, throughput dropped to 400Mbps, and edge load at 0.75. The mission requires real-time obstacle avoidance using lidar, which consumes 120Mbps and tolerates max 15ms latency. URLLC slice offers 7ms latency, 0.8ms jitter, 0.03% loss, 90Mbps throughput, and 0.25 edge load. If network degradation persists for two more turns, and edge load increases by 0.1 per turn under eMBB, while URLLC throughput may drop 10% due to congestion, which option should be selected to minimize maximum regret over the next three turns while ensuring obstacle avoidance remains functional?",
      "options": {
        "A": "Stay on eMBB: current throughput 400Mbps exceeds lidar’s 120Mbps, and latency may recover next turn.",
        "B": "Switch to URLLC: latency and jitter are within tolerance, but throughput is 90Mbps, below lidar’s 120Mbps requirement.",
        "C": "Switch to URLLC and reduce lidar resolution: throughput drops to 80Mbps, latency 7ms, but obstacle detection accuracy degrades by 15%.",
        "D": "Delay lidar activation until turn 8: assume eMBB recovers to 15ms latency and 600Mbps throughput by then."
      },
      "correct": "C",
      "reason": "Switching to URLLC with reduced resolution ensures latency and jitter remain within safety bounds even if degradation persists. Throughput drops to 80Mbps, which is below nominal but sufficient for degraded lidar operation. Delaying activation risks collision if recovery fails. Staying on eMBB risks latency violation in turn 7 or 8 as edge load climbs to 0. 95.",
      "rationale_tag": "WORST_CASE_REGRET_MINIMIZATION",
      "difficulty": "very_hard"
    },
    {
      "task_id": "T22",
      "task_name": "Federated / Collaborative Learning Orchestration",
      "source_turn": 7,
      "question": "The UAV is currently operating under URLLC with 7ms latency, 0.8ms jitter, 0.03% loss, 90Mbps throughput, and 0.25 edge load after switching from degraded eMBB. Battery is at 82% and descending at 3% per turn. The swarm requires federated model updates every 3 turns with 150MB payload, but URLLC throughput caps at 100Mbps and edge load must stay below 0.3 to avoid congestion. If network degradation persists for 2 more turns, eMBB may recover to 600Mbps but with 20ms latency and 0.5% loss. Which option should be selected to ensure federated updates complete without violating SLA or battery constraints over the next 3 turns?",
      "options": {
        "A": "Schedule federated update now over URLLC at 90Mbps; accept 1.7 turns to complete and risk edge load exceeding 0.3 if jitter spikes.",
        "B": "Delay update until turn 9, assuming eMBB recovers to 600Mbps; risk 150MB backlog if recovery fails and battery drops below 75%.",
        "C": "Split update into two 75MB chunks over URLLC across turns 7 and 8; ensure edge load stays under 0.3 but incur 20% overhead from fragmentation.",
        "D": "Switch to eMBB immediately for 600Mbps throughput; accept 20ms latency and 0.5% loss, risking SLA violation if latency exceeds 15ms for real-time control."
      },
      "correct": "C",
      "reason": "Option C ensures edge load remains under 0. 3 by splitting the payload and avoids battery depletion below 75% over three turns. It incurs overhead but prevents SLA violation under worst-case jitter and latency. Option A risks edge overload, B risks backlog and battery failure, and D violates latency SLA for real-time control. Only C balances throughput, load, and battery across the multi-turn horizon.",
      "rationale_tag": "MULTI_TURN_REGRET_MINIMIZATION",
      "difficulty": "very_hard"
    },
    {
      "task_id": "T23",
      "task_name": "Network-Assisted Digital Twin Control",
      "source_turn": 7,
      "question": "At turn 7, the UAV is en route to a target zone with battery at 100%, but network degradation has pushed eMBB latency to 25ms, jitter to 12ms, and loss to 2.1%, exceeding SLA thresholds of 20ms latency and 1% loss. The agent switches to URLLC with 7ms latency, 0.8ms jitter, and 0.03% loss, while reducing telemetry rate from 10Hz to 2Hz. However, the mission requires thermal imaging for obstacle avoidance, which failed at turn 2 and remains offline. The next 3 turns may see edge load increase by 0.1 per turn if eMBB is reselected, or remain stable at 0.25 if URLLC persists. If thermal remains offline, the UAV risks collision with a 15% probability per turn under URLLC’s low throughput, versus 5% under eMBB’s higher throughput but degraded latency. Given that the UAV must reach the target in 2 more turns and return in 1, which option should be selected to minimize maximum regret across all plausible futures?",
      "options": {
        "A": "Maintain URLLC with 2Hz telemetry; accept 15% collision risk per turn but guarantee sub-10ms latency for command updates.",
        "B": "Switch back to eMBB with 5Hz telemetry; accept 25ms latency and 2.1% loss but reduce collision risk to 5% per turn.",
        "C": "Attempt thermal sensor reactivation while staying on URLLC; if successful, maintain 2Hz telemetry; if failed, accept 15% collision risk.",
        "D": "Switch to mMTC for minimal edge load; accept 50ms latency and 0.5% loss; reduce telemetry to 1Hz; collision risk rises to 25% per turn."
      },
      "correct": "A",
      "reason": "Maintaining URLLC ensures latency remains under 10ms, which is critical for real-time command updates during navigation. Although collision risk is 15% per turn, it is bounded and does not escalate with edge load. Switching to eMBB risks violating SLA thresholds for latency and loss, which could cause command delays leading to mission failure. mMTC introduces unacceptable latency and higher collision risk. Thermal reactivation is unreliable and does not mitigate the network’s inability to support high-throughput sensors under URLLC.",
      "rationale_tag": "WORST_CASE_CONTROL_STABILITY",
      "difficulty": "very_hard"
    },
    {
      "task_id": "T24",
      "task_name": "Sensing-Enhanced Decisioning (ISAC)",
      "source_turn": 7,
      "question": "At turn 7, the UAV is en route to a target zone with degraded eMBB performance: latency 25ms, jitter 12ms, loss 2.1%, throughput 400Mbps, edge load 0.75. The agent switches to URLLC with latency 7ms, jitter 0.8ms, loss 0.03%, throughput 90Mbps, edge load 0.25, and reduces telemetry rate. The mission requires real-time obstacle avoidance with 99.99% reliability over the next 3 turns, and the UAV must maintain 80% battery by turn 10. Thermal and lidar remain offline; RGB and GNSS are active. Wind is 8.5m/s from 270°, and the UAV speed is 18m/s. If network degradation persists, URLLC throughput may drop to 70Mbps with 0.05% loss, while eMBB may further degrade to 300Mbps with 3% loss. Which option should be selected to minimize maximum regret over the next 3 turns while ensuring geofence compliance and battery margin?",
      "options": {
        "A": "Maintain URLLC with reduced telemetry; accept 90Mbps throughput; project 85% battery at turn 10; worst-case latency 8ms under 0.05% loss.",
        "B": "Switch back to eMBB; use 400Mbps throughput; project 82% battery at turn 10; worst-case latency 30ms under 3% loss.",
        "C": "Hybrid mode: alternate URLLC for control and eMBB for video; average throughput 250Mbps; project 80% battery at turn 10; worst-case jitter 6ms.",
        "D": "Activate lidar via URLLC; consume 15% extra power; throughput drops to 70Mbps; project 78% battery at turn 10; worst-case loss 0.05%."
      },
      "correct": "A",
      "reason": "Option A maintains the lowest worst-case latency and jitter under uncertainty, preserving obstacle avoidance reliability. It projects sufficient battery margin above the 80% threshold even if throughput drops to 70Mbps. Options B and C risk violating latency SLA under degradation, and D sacrifices battery below the safety margin. Only A minimizes maximum regret across all plausible futures while satisfying all constraints.",
      "rationale_tag": "WORST_CASE_REGRET_MINIMIZATION",
      "difficulty": "very_hard"
    },
    {
      "task_id": "T25",
      "task_name": "AI-Agent-based Disaster / Public-Safety Coordination",
      "source_turn": 7,
      "question": "At turn 7, the UAV is en route to a target zone with battery at 85%, wind at 8.5 m/s from 270°, and current eMBB slice showing 25 ms latency, 12 ms jitter, 2.1% loss, 400 Mbps throughput, and 0.75 edge load. The agent switches to URLLC with 7 ms latency, 0.8 ms jitter, 0.03% loss, 90 Mbps throughput, and 0.25 edge load, while reducing telemetry rate from 10 Hz to 2 Hz. If wind increases by 15% next turn and edge load rises by 0.1 per turn, and thermal sensor remains offline, which option minimizes maximum regret over the next 3 turns while ensuring geofence compliance and maintaining at least 20% battery by turn 10? Option A: Maintain URLLC and 2 Hz telemetry. Option B: Revert to eMBB and 10 Hz telemetry. Option C: Switch to mMTC and 1 Hz telemetry. Option D: Maintain URLLC but increase telemetry to 5 Hz.",
      "options": {
        "A": "Maintain URLLC and 2 Hz telemetry",
        "B": "Revert to eMBB and 10 Hz telemetry",
        "C": "Switch to mMTC and 1 Hz telemetry",
        "D": "Maintain URLLC but increase telemetry to 5 Hz"
      },
      "correct": "A",
      "reason": "Maintaining URLLC with 2 Hz telemetry ensures latency and jitter remain under 10 ms and 1 ms respectively even with 15% wind increase, preserving command responsiveness. Edge load stays below 0. 4 over three turns, avoiding congestion-induced failure. Battery consumption is minimized by low telemetry rate, ensuring 20% remains by turn 10. Other options either exceed latency SLA under wind stress or drain battery too fast under projected load.",
      "rationale_tag": "WORST_CASE_REGRET_MINIMIZATION",
      "difficulty": "very_hard"
    },
    {
      "task_id": "T26",
      "task_name": "Trust-Aware Third-Party Agent Exposure",
      "source_turn": 7,
      "question": "At turn 7, the agent switches to URLLC and reduces telemetry frequency to mitigate network degradation observed at turn 6 (latency 25ms, loss 2.1%, edge_load 0.75). The third-party swarm agent, previously granted eMBB access at turn 4, now requests elevated privileges to stream thermal data at 30Hz with 100ms latency tolerance. URLLC currently supports 90Mbps throughput and 7ms latency with 0.03% loss, but edge load is projected to rise to 0.45 if thermal streaming is enabled. Regulatory policy mandates that no third-party agent may exceed 0.3 edge load or 10ms latency. If thermal streaming is denied, the swarm agent will revert to eMBB at 600Mbps but with 18ms latency and 0.4% loss, risking mission coordination failure in the next turn. If granted, URLLC edge load may breach 0.3 by turn 8 under worst-case jitter growth of ±2ms. Which option should be selected?",
      "options": {
        "A": "Grant thermal streaming on URLLC with 30Hz rate, accepting edge load of 0.45 and 7ms latency, assuming jitter remains under 1ms.",
        "B": "Deny thermal streaming and force swarm to eMBB, accepting 18ms latency and 0.4% loss, but preserving edge load under 0.3.",
        "C": "Grant thermal streaming on URLLC at 15Hz instead, projecting edge load 0.32 and latency 8ms, within policy if jitter stays under 1.5ms.",
        "D": "Delay decision until turn 8, allowing current URLLC state to stabilize, risking coordination failure if swarm agent disengages."
      },
      "correct": "C",
      "reason": "Option C minimizes maximum regret by reducing streaming rate to 15Hz, which keeps projected edge load at 0. 32 and latency at 8ms, both within policy bounds under worst-case jitter of 1. 5ms. Option A violates edge load policy under projection. Option B accepts higher latency and loss, risking coordination failure.",
      "rationale_tag": "REGRET_MINIMIZATION_UNDER_WORST_CASE",
      "difficulty": "very_hard"
    },
    {
      "task_id": "T27",
      "task_name": "Agent Lifecycle & Management",
      "source_turn": 7,
      "question": "At turn 7, the agent switches to URLLC with latency 7ms, jitter 0.8ms, loss 0.03%, throughput 90Mbps, and edge load 0.25, while battery is at 88% and speed is 18m/s. The mission requires continuous telemetry at 1Hz, but URLLC throughput may drop to 75Mbps under wind gusts up to 12m/s, and edge load could rise to 0.35 if two more agents join. The SLA mandates latency under 10ms and loss under 0.1% for 3 more turns. If the agent remains on URLLC, projected edge load in turn 9 will be 0.32 with 82% battery, but if it reverts to eMBB, latency jumps to 22ms with 0.5% loss and 0.7 edge load. A third option is to instantiate a backup agent at 50% battery with URLLC, costing 0.15 edge load, but risking 15% telemetry loss if wind exceeds 10m/s. A fourth option is to retire the agent now and log mission, forfeiting 30% of mission value. Which option should be selected?",
      "options": {
        "A": "Remain on URLLC: latency 7ms, loss 0.03%, edge load 0.25, projected edge load 0.32 in turn 9, battery 82%.",
        "B": "Revert to eMBB: latency 22ms, loss 0.5%, edge load 0.7, throughput 400Mbps, battery 85%.",
        "C": "Instantiate backup agent: adds 0.15 edge load, 15% telemetry loss risk if wind >10m/s, battery 50%.",
        "D": "Retire agent now: log mission, forfeit 30% mission value, battery 88%."
      },
      "correct": "A",
      "reason": "Remaining on URLLC maintains latency under 10ms and loss under 0. 1% even under worst-case wind gusts and edge load rise to 0. 35. Reverting to eMBB violates latency and loss SLA immediately. The backup agent introduces 15% telemetry loss risk which exceeds SLA tolerance.",
      "rationale_tag": "SLA_COMPLIANCE_UNDER_WORST_CASE",
      "difficulty": "very_hard"
    },
    {
      "task_id": "T28",
      "task_name": "6G Model Training-as-a-Service Decision",
      "source_turn": 7,
      "question": "The UAV is currently operating under URLLC with 7ms latency, 0.8ms jitter, 0.03% loss, 90Mbps throughput, and 0.25 edge load after switching from degraded eMBB. A customer requests immediate LLM fine-tuning requiring 150Mbps sustained throughput and <1% loss over 300 seconds, with SLA penalty if latency exceeds 20ms. The edge load is projected to rise to 0.85 if training begins now, and wind may increase to 12m/s by turn 9, risking 15% throughput degradation. If training is deferred to turn 10, edge load drops to 0.28 but battery depletes to 65%, risking 20% slower computation. One option reserves 100Mbps for telemetry, another uses eMBB with 600Mbps but 18ms latency, and a third waits for mMTC with 1Mbps but 50ms latency. Which option should be selected?",
      "options": {
        "A": "Initiate training now under URLLC with 90Mbps throughput, accepting 10% SLA violation risk and 0.85 edge load projection.",
        "B": "Switch to eMBB with 600Mbps throughput and 18ms latency, accepting 0.4% loss and 0.65 edge load, ignoring wind degradation risk.",
        "C": "Defer training to turn 10 under URLLC with 95Mbps throughput, accepting 35% battery depletion and 20% slower computation.",
        "D": "Wait for mMTC at turn 11 with 1Mbps throughput and 50ms latency, accepting 100% SLA violation but 0.1 edge load."
      },
      "correct": "C",
      "reason": "Option C minimizes maximum regret by preserving network stability and avoiding SLA violation under worst-case wind degradation. Although battery drops to 65%, computation slowdown is offset by lower edge load and maintained latency. Option A risks SLA breach under projected edge load surge. Option B ignores wind-induced throughput degradation, making 600Mbps unreliable. Option D is infeasible due to throughput and latency constraints.",
      "rationale_tag": "WORST_CASE_REGRET_MINIMIZATION",
      "difficulty": "very_hard"
    },
    {
      "task_id": "T29",
      "task_name": "Immersive/AR Resource Prioritization",
      "source_turn": 7,
      "question": "At turn 7, the UAV is en route to a target zone with battery at 100%, but network degradation has pushed eMBB latency to 25ms with 2.1% loss and edge load at 0.75. The agent switches to URLLC, reducing latency to 7ms and edge load to 0.25, but throughput drops to 90Mbps. The mission requires real-time video streaming (minimum 150Mbps) and lidar telemetry (minimum 50Mbps) for the next 3 turns. URLLC throughput may degrade by ±15% due to wind gusts. eMBB could recover to 600Mbps in 2 turns if wind stabilizes, but edge load may spike to 0.85 if multiple UAVs join. Which option should be selected to ensure mission continuity while minimizing regret over the next 3 turns?",
      "options": {
        "A": "Stay on URLLC; accept 90Mbps throughput with ±15% uncertainty; prioritize lidar over video; edge load remains at 0.25.",
        "B": "Switch back to eMBB; accept 25ms latency and 2.1% loss; throughput may recover to 600Mbps in 2 turns; edge load may rise to 0.85.",
        "C": "Split resources: allocate 50Mbps to lidar on URLLC and 150Mbps to video on eMBB; accept combined latency of 16ms and edge load of 0.5.",
        "D": "Defer video streaming until turn 10; run lidar on URLLC at 90Mbps; accept 0Mbps video for 3 turns; edge load remains at 0.25."
      },
      "correct": "A",
      "reason": "URLLC provides the lowest latency and edge load, which are critical for real-time control under uncertainty. Although throughput is below the video requirement, lidar telemetry can be prioritized without violating mission-critical latency bounds. eMBB recovery is uncertain and may spike edge load beyond safe limits. Splitting resources increases complexity and risk of violating SLA on either slice. Deferring video sacrifices mission value without guaranteeing future recovery.",
      "rationale_tag": "WORST_CASE_LATENCY_MARGIN",
      "difficulty": "very_hard"
    },
    {
      "task_id": "T30",
      "task_name": "Network Security Detection & Response Automation",
      "source_turn": 6,
      "question": "At turn 6, network telemetry shows latency spiked to 25ms, jitter to 12ms, packet loss to 2.1%, throughput dropped to 400Mbps, and edge load reached 0.75 under eMBB slice. Historical data from turn 3 shows URLLC slice maintained 8ms latency, 1ms jitter, 0.05% loss, and 120Mbps throughput with 0.3 edge load. If degradation persists for two more turns, worst-case latency could reach 35ms with 5% loss under eMBB, while URLLC’s edge load may rise to 0.45 if activated. Battery is at 100% but telemetry rate is currently 10Hz. Mission requires real-time sensor coordination over next 3 turns. Which option should be selected to minimize maximum regret under worst-case network evolution while preserving mission continuity?",
      "options": {
        "A": "Remain on eMBB and reduce telemetry rate to 2Hz to lower edge load below 0.6, accepting latency up to 35ms and 5% loss for 3 turns.",
        "B": "Switch immediately to URLLC and maintain 10Hz telemetry, accepting throughput capped at 120Mbps and edge load rising to 0.45, risking sensor coordination failure if load exceeds 0.5.",
        "C": "Switch to URLLC and reduce telemetry to 5Hz, balancing latency under 10ms and edge load under 0.4, but risking insufficient data for swarm coordination if jitter exceeds 2ms.",
        "D": "Delay action for one turn to recheck network; if degradation continues, switch to URLLC at 5Hz telemetry, accepting 10% probability of mission abort if latency exceeds 30ms in turn 7."
      },
      "correct": "C",
      "reason": "Option C minimizes maximum regret by ensuring latency stays under 10ms and edge load under 0. 4, which preserves sensor coordination under worst-case jitter of 2ms. Option A fails because 35ms latency and 5% loss violate real-time coordination SLA. Option B risks edge load exceeding 0. 5, causing potential slice rejection.",
      "rationale_tag": "WORST_CASE_REGRET_MINIMIZATION",
      "difficulty": "very_hard"
    }
  ]
}