{
  "initial_state": {
    "domain": "uav",
    "time_s": 0.0,
    "env": {
      "weather": "dust",
      "wind_mps": 12.0,
      "wind_dir_deg": 240.0
    },
    "airspace": {
      "alt_bounds": [
        50.0,
        300.0
      ],
      "geofence": [
        {
          "type": "polygon",
          "points": [
            [
              0,
              0
            ],
            [
              1000,
              0
            ],
            [
              1000,
              800
            ],
            [
              0,
              800
            ]
          ]
        }
      ]
    },
    "uav": {
      "pose": {
        "x": 100.0,
        "y": 100.0,
        "z": 150.0,
        "yaw": 90.0
      },
      "speed_mps": 25.0,
      "energy": {
        "battery_pct": 100.0
      },
      "sensors": {
        "rgb": "ok",
        "thermal": "offline",
        "lidar": "ok",
        "radar": "offline",
        "gnss": "ok",
        "imu": "ok",
        "magnetometer": "ok",
        "barometer": "ok"
      },
      "payloads": []
    },
    "policy": {
      "alt_bounds": [
        50.0,
        300.0
      ]
    },
    "safety_flags": {
      "nfz_violation": false,
      "separation_breach": false
    }
  },
  "dialogue": [
    {
      "turn": 1,
      "speaker": "agent",
      "intent": "initiate inspection mission under dust conditions",
      "actions": [
        {
          "type": "mcp",
          "name": "read_telemetry",
          "args": {}
        },
        {
          "type": "a2a",
          "task": "request_weather_update",
          "to": "weather_agent",
          "payload": {
            "location": [
              100.0,
              100.0
            ],
            "horizon": 300
          }
        }
      ],
      "obs": [
        {
          "tool": "read_telemetry",
          "result": {
            "pose": {
              "x": 100.0,
              "y": 100.0,
              "z": 150.0
            },
            "battery_pct": 100.0,
            "speed_mps": 25.0
          }
        },
        {
          "task": "request_weather_update",
          "from": "weather_agent",
          "status": "ok",
          "payload": {
            "precipitation": 0.0,
            "visibility_km": 1.2,
            "dust_density": 0.8,
            "wind_gust_mps": 18.0
          }
        }
      ],
      "net": {
        "slice": "eMBB",
        "lat_ms": 12,
        "jitter_ms": 2,
        "loss_pct": 0.1,
        "throughput_mbps": 850,
        "edge_load": 0.35
      }
    },
    {
      "turn": 2,
      "speaker": "user",
      "intent": "approve mission start with caution",
      "actions": [
        {
          "type": "mcp",
          "name": "acknowledge",
          "args": {
            "message_id": "init_001",
            "status": "approved_with_caution"
          }
        }
      ],
      "obs": [
        {
          "tool": "acknowledge",
          "result": {
            "status": "received",
            "timestamp": 1.5
          }
        }
      ],
      "net": {
        "slice": "eMBB",
        "lat_ms": 14,
        "jitter_ms": 3,
        "loss_pct": 0.2,
        "throughput_mbps": 800,
        "edge_load": 0.4
      }
    },
    {
      "turn": 3,
      "speaker": "agent",
      "intent": "navigate to first waypoint near bridge",
      "actions": [
        {
          "type": "mcp",
          "name": "set_waypoint",
          "args": {
            "x": 450.0,
            "y": 200.0,
            "z": 180.0,
            "speed": 20.0
          }
        },
        {
          "type": "mcp",
          "name": "activate_sensor",
          "args": {
            "sensor": "lidar"
          }
        }
      ],
      "obs": [
        {
          "tool": "set_waypoint",
          "result": {
            "status": "accepted",
            "eta_s": 18.5
          }
        },
        {
          "tool": "activate_sensor",
          "result": {
            "sensor": "lidar",
            "status": "active"
          }
        }
      ],
      "net": {
        "slice": "URLLC",
        "lat_ms": 8,
        "jitter_ms": 1,
        "loss_pct": 0.05,
        "throughput_mbps": 120,
        "edge_load": 0.25
      }
    },
    {
      "turn": 4,
      "speaker": "user",
      "intent": "request real-time video feed",
      "actions": [
        {
          "type": "mcp",
          "name": "activate_sensor",
          "args": {
            "sensor": "rgb"
          }
        }
      ],
      "obs": [
        {
          "tool": "activate_sensor",
          "result": {
            "sensor": "rgb",
            "status": "streaming",
            "resolution": "1080p",
            "frame_rate": 30
          }
        }
      ],
      "net": {
        "slice": "eMBB",
        "lat_ms": 25,
        "jitter_ms": 5,
        "loss_pct": 0.3,
        "throughput_mbps": 750,
        "edge_load": 0.6
      }
    },
    {
      "turn": 5,
      "speaker": "agent",
      "intent": "detect network degradation, switch to efficient mode",
      "actions": [
        {
          "type": "mcp",
          "name": "read_telemetry",
          "args": {}
        },
        {
          "type": "a2a",
          "task": "collision_avoidance",
          "to": "uav_swarm_agent",
          "payload": {
            "uav_id": "uav_01",
            "position": [
              450.0,
              200.0,
              180.0
            ],
            "velocity": [
              19.5,
              4.2,
              0.3
            ]
          }
        }
      ],
      "obs": [
        {
          "tool": "read_telemetry",
          "result": {
            "pose": {
              "x": 448.2,
              "y": 199.1,
              "z": 180.0
            },
            "battery_pct": 98.7,
            "speed_mps": 19.8
          }
        },
        {
          "task": "collision_avoidance",
          "from": "uav_swarm_agent",
          "status": "clear",
          "payload": {
            "recommended_action": "proceed",
            "confidence": 0.98
          }
        }
      ],
      "net": {
        "slice": "mMTC",
        "lat_ms": 45,
        "jitter_ms": 12,
        "loss_pct": 2.1,
        "throughput_mbps": 1.2,
        "edge_load": 0.85
      }
    },
    {
      "turn": 6,
      "speaker": "user",
      "intent": "pause mission due to poor visibility",
      "actions": [
        {
          "type": "mcp",
          "name": "hold_position",
          "args": {
            "duration_s": 30
          }
        }
      ],
      "obs": [
        {
          "tool": "hold_position",
          "result": {
            "status": "executing",
            "position": [
              448.2,
              199.1,
              180.0
            ],
            "reason": "operator_pause"
          }
        }
      ],
      "net": {
        "slice": "URLLC",
        "lat_ms": 10,
        "jitter_ms": 2,
        "loss_pct": 0.1,
        "throughput_mbps": 100,
        "edge_load": 0.45
      }
    },
    {
      "turn": 7,
      "speaker": "agent",
      "intent": "assess conditions and plan resumption",
      "actions": [
        {
          "type": "mcp",
          "name": "read_weather",
          "args": {}
        },
        {
          "type": "a2a",
          "task": "request_path_replan",
          "to": "planning_agent",
          "payload": {
            "current_pos": [
              448.2,
              199.1,
              180.0
            ],
            "target": [
              700.0,
              400.0,
              160.0
            ],
            "constraints": {
              "max_wind": 20.0,
              "min_visibility": 1.0
            }
          }
        }
      ],
      "obs": [
        {
          "tool": "read_weather",
          "result": {
            "visibility_km": 0.9,
            "dust_density": 0.95,
            "wind_mps": 14.0
          }
        },
        {
          "task": "request_path_replan",
          "from": "planning_agent",
          "status": "success",
          "payload": {
            "waypoints": [
              [
                500.0,
                250.0,
                170.0
              ],
              [
                600.0,
                350.0,
                160.0
              ],
              [
                700.0,
                400.0,
                160.0
              ]
            ],
            "eta_offset_s": 22.0
          }
        }
      ],
      "net": {
        "slice": "URLLC",
        "lat_ms": 9,
        "jitter_ms": 1,
        "loss_pct": 0.08,
        "throughput_mbps": 95,
        "edge_load": 0.5
      }
    },
    {
      "turn": 8,
      "speaker": "user",
      "intent": "resume mission with new path",
      "actions": [
        {
          "type": "mcp",
          "name": "resume_mission",
          "args": {}
        }
      ],
      "obs": [
        {
          "tool": "resume_mission",
          "result": {
            "status": "resumed",
            "next_waypoint": [
              500.0,
              250.0,
              170.0
            ],
            "speed": 18.0
          }
        }
      ],
      "net": {
        "slice": "mMTC",
        "lat_ms": 50,
        "jitter_ms": 15,
        "loss_pct": 3.0,
        "throughput_mbps": 0.8,
        "edge_load": 0.9
      }
    },
    {
      "turn": 9,
      "speaker": "agent",
      "intent": "reach inspection point, capture data",
      "actions": [
        {
          "type": "mcp",
          "name": "capture_image",
          "args": {
            "sensor": "lidar",
            "mode": "high_res_scan",
            "duration_s": 10
          }
        },
        {
          "type": "mcp",
          "name": "read_telemetry",
          "args": {}
        }
      ],
      "obs": [
        {
          "tool": "capture_image",
          "result": {
            "status": "completed",
            "data_id": "scan_7b3f",
            "size_mb": 45.2
          }
        },
        {
          "tool": "read_telemetry",
          "result": {
            "pose": {
              "x": 700.0,
              "y": 400.0,
              "z": 160.0
            },
            "battery_pct": 95.3,
            "speed_mps": 0.0
          }
        }
      ],
      "net": {
        "slice": "URLLC",
        "lat_ms": 11,
        "jitter_ms": 2,
        "loss_pct": 0.12,
        "throughput_mbps": 110,
        "edge_load": 0.55
      }
    },
    {
      "turn": 10,
      "speaker": "user",
      "intent": "confirm data quality and return",
      "actions": [
        {
          "type": "mcp",
          "name": "request_data_quality",
          "args": {
            "data_id": "scan_7b3f"
          }
        }
      ],
      "obs": [
        {
          "tool": "request_data_quality",
          "result": {
            "data_id": "scan_7b3f",
            "quality_score": 0.91,
            "status": "acceptable"
          }
        }
      ],
      "net": {
        "slice": "eMBB",
        "lat_ms": 20,
        "jitter_ms": 4,
        "loss_pct": 0.25,
        "throughput_mbps": 700,
        "edge_load": 0.65
      }
    },
    {
      "turn": 11,
      "speaker": "agent",
      "intent": "return to home and land",
      "actions": [
        {
          "type": "mcp",
          "name": "set_waypoint",
          "args": {
            "x": 100.0,
            "y": 100.0,
            "z": 80.0,
            "speed": 22.0
          }
        },
        {
          "type": "a2a",
          "task": "notify_landing",
          "to": "tower_agent",
          "payload": {
            "uav_id": "uav_01",
            "eta_minutes": 3
          }
        }
      ],
      "obs": [
        {
          "tool": "set_waypoint",
          "result": {
            "status": "accepted",
            "eta_s": 175
          }
        },
        {
          "task": "notify_landing",
          "from": "tower_agent",
          "status": "acknowledged",
          "payload": {
            "clearance": "granted",
            "runway": "pad_3"
          }
        }
      ],
      "net": {
        "slice": "URLLC",
        "lat_ms": 7,
        "jitter_ms": 1,
        "loss_pct": 0.05,
        "throughput_mbps": 130,
        "edge_load": 0.3
      }
    }
  ],
  "final_state": {
    "domain": "uav",
    "time_s": 300.0,
    "env": {
      "weather": "dust",
      "wind_mps": 11.0,
      "wind_dir_deg": 245.0
    },
    "airspace": {
      "alt_bounds": [
        50.0,
        300.0
      ],
      "geofence": [
        {
          "type": "polygon",
          "points": [
            [
              0,
              0
            ],
            [
              1000,
              0
            ],
            [
              1000,
              800
            ],
            [
              0,
              800
            ]
          ]
        }
      ]
    },
    "uav": {
      "pose": {
        "x": 100.0,
        "y": 100.0,
        "z": 55.0,
        "yaw": 90.0
      },
      "speed_mps": 0.0,
      "energy": {
        "battery_pct": 88.4
      },
      "sensors": {
        "rgb": "standby",
        "thermal": "offline",
        "lidar": "standby",
        "radar": "offline",
        "gnss": "ok",
        "imu": "ok",
        "magnetometer": "ok",
        "barometer": "ok"
      },
      "payloads": [
        {
          "type": "lidar_scan",
          "id": "scan_7b3f",
          "status": "stored"
        }
      ]
    },
    "policy": {
      "alt_bounds": [
        50.0,
        300.0
      ]
    },
    "safety_flags": {
      "nfz_violation": false,
      "separation_breach": false
    }
  },
  "success": true,
  "_meta": {
    "seed": 42,
    "ts": 1764013404,
    "ts_iso": "2025-11-24T19:43:24Z",
    "gen_time_s": 58.05537009239197,
    "attempts_used": 1,
    "generation_failed": false,
    "usage": {
      "prompt_tokens": 1047,
      "completion_tokens": 4015,
      "total_tokens": 5062,
      "cost": 0.0033737,
      "is_byok": false,
      "prompt_tokens_details": {
        "cached_tokens": 624,
        "audio_tokens": 0,
        "video_tokens": 0
      },
      "cost_details": {
        "upstream_inference_cost": null,
        "upstream_inference_prompt_cost": 0.0001617,
        "upstream_inference_completions_cost": 0.003212
      },
      "completion_tokens_details": {
        "reasoning_tokens": 0,
        "image_tokens": 0
      }
    }
  }
}