{
  "initial_state": {
    "domain": "uav",
    "time_s": 0.0,
    "env": {
      "weather": "hail",
      "wind_mps": 8.0,
      "wind_dir_deg": 240.0
    },
    "airspace": {
      "alt_bounds": [
        50.0,
        350.0
      ],
      "geofence": [
        {
          "type": "polygon",
          "points": [
            [
              0,
              0
            ],
            [
              800,
              0
            ],
            [
              800,
              600
            ],
            [
              0,
              600
            ]
          ]
        }
      ]
    },
    "uav": {
      "pose": {
        "x": 0.0,
        "y": 0.0,
        "z": 100.0,
        "yaw": 90.0
      },
      "speed_mps": 35.0,
      "energy": {
        "battery_pct": 100.0
      },
      "sensors": {
        "rgb": "ok",
        "thermal": "ok",
        "lidar": "offline",
        "radar": "offline",
        "gnss": "ok",
        "imu": "ok",
        "magnetometer": "ok",
        "barometer": "ok"
      },
      "payloads": []
    },
    "policy": {
      "alt_bounds": [
        50.0,
        350.0
      ]
    },
    "safety_flags": {
      "nfz_violation": false,
      "separation_breach": false
    }
  },
  "dialogue": [
    {
      "turn": 1,
      "speaker": "agent",
      "intent": "initiate mission under adverse weather",
      "actions": [
        {
          "type": "mcp",
          "name": "read_telemetry",
          "args": {}
        },
        {
          "type": "a2a",
          "task": "request_weather_compensation",
          "to": "weather_adaptation_agent",
          "payload": {
            "current_wind": 8.0,
            "weather": "hail"
          }
        }
      ],
      "obs": [
        {
          "tool": "read_telemetry",
          "result": {
            "pose": {
              "x": 0.0,
              "y": 0.0,
              "z": 100.0
            },
            "battery_pct": 100.0,
            "speed_mps": 35.0
          }
        },
        {
          "task": "request_weather_compensation",
          "from": "weather_adaptation_agent",
          "status": "ok",
          "payload": {
            "thrust_offset": 0.15,
            "yaw_damping": 0.2
          }
        }
      ],
      "net": {
        "slice": "URLLC",
        "lat_ms": 3,
        "jitter_ms": 0.8,
        "loss_pct": 0.1,
        "throughput_mbps": 50,
        "edge_load": 0.45
      }
    },
    {
      "turn": 2,
      "speaker": "user",
      "intent": "confirm mission start and sensor status",
      "actions": [
        {
          "type": "mcp",
          "name": "check_sensors",
          "args": {}
        }
      ],
      "obs": [
        {
          "tool": "check_sensors",
          "result": {
            "status": "partial",
            "offline": [
              "lidar",
              "radar"
            ],
            "online": [
              "rgb",
              "thermal",
              "gnss",
              "imu",
              "magnetometer",
              "barometer"
            ]
          }
        }
      ],
      "net": {
        "slice": "eMBB",
        "lat_ms": 12,
        "jitter_ms": 2.1,
        "loss_pct": 0.3,
        "throughput_mbps": 120,
        "edge_load": 0.68
      }
    },
    {
      "turn": 3,
      "speaker": "agent",
      "intent": "adjust flight plan due to sensor degradation",
      "actions": [
        {
          "type": "mcp",
          "name": "set_speed",
          "args": {
            "speed_mps": 25.0
          }
        },
        {
          "type": "mcp",
          "name": "activate_thermal_imaging",
          "args": {
            "mode": "high_gain"
          }
        }
      ],
      "obs": [
        {
          "tool": "set_speed",
          "result": {
            "achieved": 25.0,
            "status": "adjusted"
          }
        },
        {
          "tool": "activate_thermal_imaging",
          "result": {
            "mode": "high_gain",
            "status": "active"
          }
        }
      ],
      "net": {
        "slice": "URLLC",
        "lat_ms": 4,
        "jitter_ms": 1.0,
        "loss_pct": 0.2,
        "throughput_mbps": 45,
        "edge_load": 0.52
      }
    },
    {
      "turn": 4,
      "speaker": "user",
      "intent": "request reroute to avoid hail zone",
      "actions": [
        {
          "type": "mcp",
          "name": "get_weather_forecast",
          "args": {
            "horizon_s": 300
          }
        }
      ],
      "obs": [
        {
          "tool": "get_weather_forecast",
          "result": {
            "hail_probability": 0.85,
            "affected_area": [
              [
                200,
                100
              ],
              [
                500,
                400
              ]
            ],
            "duration_s": 420
          }
        }
      ],
      "net": {
        "slice": "mMTC",
        "lat_ms": 25,
        "jitter_ms": 5.0,
        "loss_pct": 1.5,
        "throughput_mbps": 1.2,
        "edge_load": 0.3
      }
    },
    {
      "turn": 5,
      "speaker": "agent",
      "intent": "compute safe detour path",
      "actions": [
        {
          "type": "mcp",
          "name": "compute_path",
          "args": {
            "origin": [
              0,
              0
            ],
            "destination": [
              750,
              550
            ],
            "via": [
              [
                100,
                50
              ],
              [
                600,
                500
              ]
            ],
            "constraints": {
              "min_alt": 50,
              "max_alt": 350,
              "avoid_area": [
                [
                  200,
                  100
                ],
                [
                  500,
                  400
                ]
              ]
            }
          }
        }
      ],
      "obs": [
        {
          "tool": "compute_path",
          "result": {
            "path": [
              [
                0,
                0
              ],
              [
                100,
                50
              ],
              [
                600,
                500
              ],
              [
                750,
                550
              ]
            ],
            "total_distance_m": 980,
            "estimated_time_s": 39.2
          }
        }
      ],
      "net": {
        "slice": "URLLC",
        "lat_ms": 5,
        "jitter_ms": 1.2,
        "loss_pct": 0.1,
        "throughput_mbps": 55,
        "edge_load": 0.58
      }
    },
    {
      "turn": 6,
      "speaker": "user",
      "intent": "approve new path and initiate flight",
      "actions": [
        {
          "type": "mcp",
          "name": "execute_path",
          "args": {
            "path": [
              [
                100,
                50
              ],
              [
                600,
                500
              ],
              [
                750,
                550
              ]
            ],
            "speed_mps": 25.0
          }
        }
      ],
      "obs": [
        {
          "tool": "execute_path",
          "result": {
            "status": "in_progress",
            "next_waypoint": [
              100,
              50
            ],
            "eta_s": 4.0
          }
        }
      ],
      "net": {
        "slice": "URLLC",
        "lat_ms": 4,
        "jitter_ms": 0.9,
        "loss_pct": 0.15,
        "throughput_mbps": 52,
        "edge_load": 0.51
      }
    },
    {
      "turn": 7,
      "speaker": "agent",
      "intent": "monitor telemetry and maintain separation",
      "actions": [
        {
          "type": "a2a",
          "task": "broadcast_position",
          "to": "uav_swarm_agent",
          "payload": {
            "pose": {
              "x": 100.0,
              "y": 50.0,
              "z": 100.0
            },
            "id": "uav-7a3f"
          }
        },
        {
          "type": "mcp",
          "name": "read_telemetry",
          "args": {}
        }
      ],
      "obs": [
        {
          "task": "broadcast_position",
          "from": "uav_swarm_agent",
          "status": "acknowledged",
          "payload": {
            "neighbors": [
              {
                "id": "uav-2c8e",
                "distance_m": 180,
                "bearing_deg": 45
              }
            ],
            "separation_ok": true
          }
        },
        {
          "tool": "read_telemetry",
          "result": {
            "pose": {
              "x": 100.0,
              "y": 50.0,
              "z": 100.0
            },
            "battery_pct": 96.2,
            "speed_mps": 25.0
          }
        }
      ],
      "net": {
        "slice": "mMTC",
        "lat_ms": 30,
        "jitter_ms": 6.0,
        "loss_pct": 2.0,
        "throughput_mbps": 0.8,
        "edge_load": 0.75
      }
    },
    {
      "turn": 8,
      "speaker": "user",
      "intent": "request status update and battery check",
      "actions": [
        {
          "type": "mcp",
          "name": "check_battery",
          "args": {}
        }
      ],
      "obs": [
        {
          "tool": "check_battery",
          "result": {
            "battery_pct": 96.2,
            "voltage": 15.8,
            "health": "good"
          }
        }
      ],
      "net": {
        "slice": "URLLC",
        "lat_ms": 3,
        "jitter_ms": 0.7,
        "loss_pct": 0.05,
        "throughput_mbps": 48,
        "edge_load": 0.42
      }
    },
    {
      "turn": 9,
      "speaker": "agent",
      "intent": "proceed to next waypoint with caution",
      "actions": [
        {
          "type": "mcp",
          "name": "adjust_altitude",
          "args": {
            "target_z": 120.0
          }
        },
        {
          "type": "a2a",
          "task": "request_radar_support",
          "to": "uav_swarm_agent",
          "payload": {
            "area": [
              [
                580,
                480
              ],
              [
                620,
                520
              ]
            ]
          }
        }
      ],
      "obs": [
        {
          "tool": "adjust_altitude",
          "result": {
            "target": 120.0,
            "status": "climbing"
          }
        },
        {
          "task": "request_radar_support",
          "from": "uav_swarm_agent",
          "status": "fulfilled",
          "payload": {
            "obstacle_detected": false,
            "confidence": 0.98
          }
        }
      ],
      "net": {
        "slice": "URLLC",
        "lat_ms": 4,
        "jitter_ms": 1.1,
        "loss_pct": 0.1,
        "throughput_mbps": 50,
        "edge_load": 0.49
      }
    },
    {
      "turn": 10,
      "speaker": "user",
      "intent": "confirm mission success criteria",
      "actions": [
        {
          "type": "mcp",
          "name": "verify_geofence_compliance",
          "args": {}
        }
      ],
      "obs": [
        {
          "tool": "verify_geofence_compliance",
          "result": {
            "inside": true,
            "distance_to_boundary_m": 50.0,
            "status": "compliant"
          }
        }
      ],
      "net": {
        "slice": "mMTC",
        "lat_ms": 28,
        "jitter_ms": 5.5,
        "loss_pct": 1.8,
        "throughput_mbps": 1.0,
        "edge_load": 0.72
      }
    },
    {
      "turn": 11,
      "speaker": "agent",
      "intent": "complete mission and return status",
      "actions": [
        {
          "type": "mcp",
          "name": "land_uav",
          "args": {
            "target": [
              750,
              550
            ]
          }
        }
      ],
      "obs": [
        {
          "tool": "land_uav",
          "result": {
            "status": "completed",
            "final_pose": {
              "x": 750.0,
              "y": 550.0,
              "z": 0.0
            },
            "battery_pct": 91.5
          }
        }
      ],
      "net": {
        "slice": "URLLC",
        "lat_ms": 3,
        "jitter_ms": 0.6,
        "loss_pct": 0.05,
        "throughput_mbps": 53,
        "edge_load": 0.44
      }
    }
  ],
  "final_state": {
    "domain": "uav",
    "time_s": 45.0,
    "env": {
      "weather": "hail",
      "wind_mps": 8.0,
      "wind_dir_deg": 240.0
    },
    "airspace": {
      "alt_bounds": [
        50.0,
        350.0
      ],
      "geofence": [
        {
          "type": "polygon",
          "points": [
            [
              0,
              0
            ],
            [
              800,
              0
            ],
            [
              800,
              600
            ],
            [
              0,
              600
            ]
          ]
        }
      ]
    },
    "uav": {
      "pose": {
        "x": 750.0,
        "y": 550.0,
        "z": 0.0,
        "yaw": 90.0
      },
      "speed_mps": 0.0,
      "energy": {
        "battery_pct": 91.5
      },
      "sensors": {
        "rgb": "ok",
        "thermal": "ok",
        "lidar": "offline",
        "radar": "offline",
        "gnss": "ok",
        "imu": "ok",
        "magnetometer": "ok",
        "barometer": "ok"
      },
      "payloads": []
    },
    "policy": {
      "alt_bounds": [
        50.0,
        350.0
      ]
    },
    "safety_flags": {
      "nfz_violation": false,
      "separation_breach": false
    }
  },
  "success": true,
  "_meta": {
    "seed": 42,
    "ts": 1763924053,
    "ts_iso": "2025-11-23T18:54:13Z",
    "gen_time_s": 44.80999517440796,
    "attempts_used": 1,
    "generation_failed": false,
    "usage": {
      "prompt_tokens": 1044,
      "completion_tokens": 3797,
      "total_tokens": 4841,
      "cost": 0.0032004,
      "is_byok": false,
      "prompt_tokens_details": {
        "cached_tokens": 608,
        "audio_tokens": 0,
        "video_tokens": 0
      },
      "cost_details": {
        "upstream_inference_cost": null,
        "upstream_inference_prompt_cost": 0.0001628,
        "upstream_inference_completions_cost": 0.0030376
      },
      "completion_tokens_details": {
        "reasoning_tokens": 0,
        "image_tokens": 0
      }
    }
  }
}