{
  "episode_id": "6gb_prompt_b121d9b44022f358",
  "questions": [
    {
      "task_id": "T1",
      "task_name": "Intent Feasibility Assessment",
      "source_turn": 8,
      "question": "The UAV is currently at 30m altitude with 100% battery and operating under snow conditions with 7.5 m/s wind. It attempted to start a video stream at turn 8 but failed due to eMBB slice latency spiking to 200ms and throughput collapsing to 10Mbps under 92% edge load. At turn 9, it switched to mMTC slice achieving 120ms latency, 1.2Mbps throughput, and 55% edge load, enabling streaming at reduced resolution. The mission requires continuous 1080p video for 30 seconds with <50ms latency and <1% loss. Wind may increase to 10m/s next turn, potentially increasing edge load by 0.15. URLLC slice currently offers 6ms latency and 140Mbps throughput at 35% edge load but is reserved for collision avoidance. If the UAV continues streaming on mMTC, projected edge load in turn 10 will reach 0.68 under worst-case wind, risking stream interruption. Which option should be selected?",
      "options": {
        "A": "Continue streaming on mMTC; current throughput exceeds minimum 1Mbps and latency is acceptable for non-critical video.",
        "B": "Switch to URLLC slice immediately; it meets latency and throughput requirements and edge load is below 50%.",
        "C": "Abort streaming and switch to telemetry-only mode; preserve battery and avoid network overload under worsening wind.",
        "D": "Attempt to renegotiate eMBB slice with QoS guarantees; current SLA allows 100ms latency and 100Mbps throughput."
      },
      "correct": "C",
      "reason": "Continuing on mMTC risks stream failure in turn 10 due to projected edge load exceeding 0. 65 under worst-case wind. Switching to URLLC would violate policy by diverting critical collision avoidance resources. Renegotiating eMBB is infeasible given its current 200ms latency and 8. 5% loss.",
      "rationale_tag": "WORST_CASE_REGRET_MINIMIZATION",
      "difficulty": "very_hard"
    },
    {
      "task_id": "T2",
      "task_name": "Intent Conflict Resolution",
      "source_turn": 8,
      "question": "The UAV is currently at 30m altitude with 100% battery and must transmit high-resolution video for 30 seconds under snow conditions with 7.5 m/s wind. Network telemetry at turn 8 shows eMBB slice with 200ms latency, 50ms jitter, 8.5% loss, 10Mbps throughput, and 0.92 edge load. The mission intent requires uninterrupted streaming, but policy allows only URLLC or mMTC for safety-critical control. At turn 9, mMTC was used with 120ms latency, 25ms jitter, 1.2% loss, 1.2Mbps throughput, and 0.55 edge load, achieving partial streaming. If wind increases to 10m/s next turn, latency may rise 20%, jitter 30%, and loss 50% under mMTC. URLLC at turn 10 shows 9ms latency, 1.1ms jitter, 0.03% loss, 110Mbps throughput, and 0.4 edge load but cannot support video resolution above 720p. Which option should be selected?",
      "options": {
        "A": "Use eMBB despite high loss and latency; it supports 4K resolution and has 850Mbps throughput at turn 1, sufficient for 30s stream.",
        "B": "Use mMTC with current parameters; it has lower edge load (0.55) and was successful at turn 9, with projected worst-case latency 144ms and loss 1.8% next turn.",
        "C": "Switch to URLLC; it guarantees sub-10ms latency and 0.03% loss, meeting safety policy, even if resolution is capped at 720p and throughput is 110Mbps.",
        "D": "Delay streaming until turn 11; URLLC at turn 11 has 7ms latency and 0.0% loss, but battery may deplete 5% per minute and wind may worsen, risking mission abort."
      },
      "correct": "C",
      "reason": "URLLC satisfies the safety policy and maintains sub-10ms latency with near-zero loss even under worst-case wind increase. mMTC’s projected loss of 1. 8% exceeds acceptable thresholds for mission-critical video. eMBB’s 8. 5% loss and 200ms latency violate reliability requirements.",
      "rationale_tag": "WORST_CASE_SAFETY_MARGIN",
      "difficulty": "very_hard"
    },
    {
      "task_id": "T3",
      "task_name": "Intent Drift Detection",
      "source_turn": 8,
      "question": "At turn 8, the user requests a high-resolution video stream, but the network slice is eMBB with latency 200ms, jitter 50ms, loss 8.5%, throughput 10Mbps, and edge load 0.92. The mission policy allows altitudes 20–150m, and the UAV is at 30m with 100% battery. The previous turn used URLLC with 5ms latency and 0.7ms jitter. If the degradation persists for two more turns, the edge load may reach 0.98, exceeding the safe threshold of 0.95. The user’s intent appears to shift from real-time coordination to data collection, but the network cannot sustain eMBB under current load. Which option should be selected to detect and respond to this intent drift while minimizing future regret?",
      "options": {
        "A": "Switch to URLLC immediately to maintain low latency for coordination, accepting 150Mbps throughput cap and risking video stream failure.",
        "B": "Continue eMBB with current settings, assuming the edge load will stabilize below 0.95 within one turn, despite current 0.92 and rising trend.",
        "C": "Switch to mMTC to reduce edge load to 0.55, accepting 1.2Mbps throughput and 120ms latency, which may degrade video quality but prevent overload.",
        "D": "Request user clarification on intent before any action, delaying the stream for one turn while monitoring edge load, which may rise to 0.96 if no change occurs."
      },
      "correct": "C",
      "reason": "The network is already overloaded at 0. 92 edge load and will exceed 0. 95 in two turns if unchanged. URLLC cannot support video streaming due to throughput limits. Continuing eMBB risks mission failure from overload.",
      "rationale_tag": "INTENT_DRIFT_UNDER_LOAD",
      "difficulty": "very_hard"
    },
    {
      "task_id": "T4",
      "task_name": "Slice Selection Reasoning",
      "source_turn": 8,
      "question": "The UAV is currently at 30m altitude with 100% battery and must transmit a 10-second 4K video stream under snow conditions with 7.5 m/s wind. Network telemetry at turn 8 shows eMBB slice with 200ms latency, 50ms jitter, 8.5% loss, 10Mbps throughput, and 0.92 edge load. URLLC slice at turn 7 had 5ms latency, 0.7ms jitter, 0% loss, 150Mbps throughput, and 0.33 edge load. mMTC slice at turn 9 achieved streaming with 120ms latency, 25ms jitter, 1.2% loss, 1.2Mbps throughput, and 0.55 edge load. Wind may increase to 10m/s next turn, potentially increasing latency by 20% and edge load by 0.1. The mission requires video transmission within 150ms latency and <5% loss for 10 seconds. Which slice should be selected to minimize maximum regret over the next two turns?",
      "options": {
        "A": "eMBB: current throughput 10Mbps exceeds 8Mbps needed for 4K, but latency 200ms exceeds 150ms SLA and edge load 0.92 risks congestion.",
        "B": "URLLC: latency 5ms and loss 0% meet SLA, throughput 150Mbps exceeds requirement, but edge load 0.33 may rise to 0.43 under wind, risking future congestion.",
        "C": "mMTC: achieved streaming at turn 9 with 120ms latency and 1.2% loss, but throughput 1.2Mbps is below 8Mbps needed for 4K, risking pixelation.",
        "D": "Hybrid: combine URLLC for control and eMBB for video, but no telemetry supports hybrid operation and edge load may exceed 0.95 under wind."
      },
      "correct": "B",
      "reason": "URLLC meets current latency and loss SLA with ample throughput margin. Worst-case wind increases latency to 6ms and edge load to 0. 43, still under congestion threshold. eMBB violates latency SLA even without wind. mMTC lacks throughput for 4K.",
      "rationale_tag": "WORST_CASE_REGRET_MINIMIZATION",
      "difficulty": "very_hard"
    },
    {
      "task_id": "T5",
      "task_name": "Slice Switching Decision",
      "source_turn": 8,
      "question": "At turn 8, the UAV is attempting to start a video stream under eMBB slice with latency 200ms, jitter 50ms, loss 8.5%, throughput 10Mbps, and edge load 0.92, exceeding SLA thresholds of 50ms latency and 5% loss. The weather remains snowy with 7.5m/s wind, and the UAV is at 30m altitude with 100% battery. Switching to URLLC would reduce latency to 6ms and loss to 0.01% but cap throughput at 140Mbps, insufficient for 4K video. mMTC offers 1.2Mbps throughput with 120ms latency and 1.2% loss, acceptable for low-res video. If degradation persists into turn 9, eMBB may collapse to 5Mbps throughput with 15% loss. Which option should be selected?",
      "options": {
        "A": "Stay on eMBB: current throughput 10Mbps may recover by turn 9; edge load 0.92 is near capacity but not yet saturated.",
        "B": "Switch to URLLC: latency 6ms and loss 0.01% meet SLA; throughput 140Mbps supports 1080p but not 4K; edge load 0.35 is safe.",
        "C": "Switch to mMTC: throughput 1.2Mbps supports only 480p; latency 120ms exceeds SLA; loss 1.2% is acceptable; edge load 0.55 is moderate.",
        "D": "Delay streaming until turn 10: eMBB may recover to 800Mbps as in turn 2; URLLC and mMTC are unnecessary; battery allows 3 more turns."
      },
      "correct": "C",
      "reason": "Staying on eMBB risks complete failure in turn 9 with 5Mbps throughput and 15% loss, violating SLA and mission. URLLC’s 140Mbps is insufficient for 4K video and wastes capacity for low-res needs. mMTC’s 1. 2Mbps supports 480p with acceptable loss and avoids future collapse. Delaying risks missing the window entirely if degradation persists.",
      "rationale_tag": "WORST_CASE_REGRET_MINIMIZATION",
      "difficulty": "very_hard"
    },
    {
      "task_id": "T6",
      "task_name": "Slice Fairness vs Safety",
      "source_turn": 8,
      "question": "The UAV is operating in snow with 7.5 m/s wind from 240 degrees, currently at 30m altitude within a 20-150m bound, and has 100% battery. At turn 8, eMBB slice latency spiked to 200ms with 8.5% loss and 10Mbps throughput under 92% edge load, causing video stream failure. At turn 9, switching to mMTC reduced latency to 120ms with 1.2% loss and 1.2Mbps throughput under 55% edge load, enabling streaming. URLLC at turn 10 showed 9ms latency, 0.03% loss, 110Mbps throughput, and 40% edge load. If wind increases by 20% next turn and edge load rises linearly with latency, which option minimizes maximum regret over the next two turns while ensuring collision avoidance and telemetry integrity? A) Stay on mMTC despite low throughput, preserving edge load margin. B) Switch to URLLC immediately, accepting 15% throughput drop but gaining sub-10ms latency. C) Revert to eMBB, betting on transient recovery despite 92% edge load and 8.5% loss. D) Split traffic: 70% to URLLC for control, 30% to mMTC for telemetry, risking slice contention.",
      "options": {
        "A": "Stay on mMTC despite low throughput, preserving edge load margin.",
        "B": "Switch to URLLC immediately, accepting 15% throughput drop but gaining sub-10ms latency.",
        "C": "Revert to eMBB, betting on transient recovery despite 92% edge load and 8.5% loss.",
        "D": "Split traffic: 70% to URLLC for control, 30% to mMTC for telemetry, risking slice contention."
      },
      "correct": "A",
      "reason": "Staying on mMTC preserves edge load margin at 55% which is below the 70% threshold for instability under projected wind increase. URLLC’s 40% load appears safer but its throughput is insufficient for telemetry if latency degrades further. eMBB’s 92% load is already near collapse and will exceed 95% under worst-case wind impact. Splitting traffic introduces contention risk that could violate collision avoidance SLA. Only mMTC ensures both safety and continuity over the next two turns.",
      "rationale_tag": "WORST_CASE_MARGIN_PRESERVATION",
      "difficulty": "very_hard"
    },
    {
      "task_id": "T7",
      "task_name": "Compute Placement Decision",
      "source_turn": 8,
      "question": "The UAV is currently at 30m altitude with 100% battery and operating under snow conditions with 7.5 m/s wind. Network slice eMBB is experiencing 200ms latency, 50ms jitter, 8.5% loss, and 10Mbps throughput with edge load at 0.92. The SLA requires inference latency under 50ms and loss under 1%. URLLC slice offers 9ms latency, 1.1ms jitter, 0.03% loss, and 110Mbps throughput with edge load 0.4. mMTC slice offers 120ms latency, 25ms jitter, 1.2% loss, and 1.2Mbps throughput with edge load 0.55. If the degradation persists for one more turn, edge load on eMBB may rise to 0.98, pushing latency to 300ms. The mission requires real-time obstacle avoidance with 100ms max allowable latency. Which option should be selected?",
      "options": {
        "A": "Use eMBB with onboard inference to avoid edge load; current latency 200ms exceeds SLA but may recover next turn.",
        "B": "Switch to URLLC for edge inference; latency 9ms meets SLA but throughput may limit future video streaming.",
        "C": "Use mMTC for edge inference; loss 1.2% slightly exceeds SLA but edge load 0.55 allows margin for next turn.",
        "D": "Use onboard inference with eMBB; accept 200ms latency now but risk 300ms next turn if edge load hits 0.98."
      },
      "correct": "B",
      "reason": "URLLC provides latency under 50ms and loss under 1% which satisfies SLA constraints. Even if throughput limits future streaming, the immediate inference requirement for obstacle avoidance is met. eMBB and mMTC both violate SLA on latency or loss. Onboard inference on eMBB risks 300ms latency next turn which would cause mission failure. URLLC edge load is low and stable so future regret is minimized.",
      "rationale_tag": "SLA_COMPLIANCE_UNDER_WORST_CASE",
      "difficulty": "very_hard"
    },
    {
      "task_id": "T8",
      "task_name": "Graceful Degradation under Edge Overload",
      "source_turn": 8,
      "question": "At turn 8, the UAV is operating under eMBB slice with latency spiking to 200ms, jitter at 50ms, packet loss at 8.5%, throughput collapsed to 10Mbps, and edge load at 0.92 — all exceeding SLA thresholds for real-time control. The mission requires continuous video streaming for 30 seconds, but the current slice cannot sustain it. Switching to URLLC would reduce latency to 6ms and loss to 0.01% but cap throughput at 140Mbps, which is insufficient for 4K video. mMTC offers 1.2Mbps throughput with 120ms latency and 1.2% loss, acceptable for low-res video but not mission-critical. The edge load is projected to rise to 0.98 by turn 9 if eMBB persists, risking total overload. Under worst-case assumptions — including 10% higher jitter and 20% higher loss — which option minimizes maximum regret over the next two turns while preserving mission continuity and avoiding SLA violation?",
      "options": {
        "A": "Remain on eMBB and attempt video stream; accept 8.5% loss and 200ms latency as temporary, expecting recovery by turn 9.",
        "B": "Switch to URLLC immediately; accept 140Mbps throughput limit and risk video quality degradation but guarantee sub-10ms latency and 0.01% loss.",
        "C": "Switch to mMTC; accept 1.2Mbps throughput and 120ms latency for low-res video, preserving edge load at 0.55 and avoiding overload.",
        "D": "Abort video stream entirely; reduce autonomy to manual override mode to eliminate network dependency, preserving edge load at 0.33 and ensuring safety."
      },
      "correct": "C",
      "reason": "Option C minimizes maximum regret by avoiding SLA violation while preserving mission continuity under worst-case assumptions. The edge load of 0. 92 at turn 8 would escalate to 0. 98 by turn 9 under eMBB, risking total overload and mission failure. URLLC’s 140Mbps throughput is insufficient for 4K video, making it a false safety.",
      "rationale_tag": "WORST_CASE_REGRET_MINIMIZATION",
      "difficulty": "very_hard"
    },
    {
      "task_id": "T9",
      "task_name": "Trust-Aware Offloading",
      "source_turn": 8,
      "question": "At turn 8, the UAV attempts to start a video stream under eMBB slice but fails due to 200ms latency, 50ms jitter, 8.5% loss, and 10Mbps throughput with edge load at 0.92. The policy requires latency < 100ms and loss < 2% for streaming. At turn 9, the agent switches to mMTC with 120ms latency, 25ms jitter, 1.2% loss, 1.2Mbps throughput, and edge load 0.55, which enables streaming but violates throughput SLA. The UAV battery is at 85% and will deplete 5% per turn if streaming continues. If the edge load increases by 0.1 per turn under mMTC, and the next turn’s weather may reduce wind speed by 10% or increase it by 15%, which option should be selected to minimize maximum regret over the next two turns while respecting trust constraints?",
      "options": {
        "A": "Continue streaming under mMTC despite throughput violation; edge load will be 0.65 next turn and 0.75 in two turns, within capacity but risking SLA breach if wind increases.",
        "B": "Switch to URLLC for next turn; latency 9ms, loss 0.03%, but throughput 110Mbps is insufficient for video; battery drain remains 5% per turn; edge load 0.40 next turn.",
        "C": "Abort streaming and switch to idle mode; battery drains 2% per turn; edge load drops to 0.30; no SLA violation but mission objective unmet.",
        "D": "Attempt eMBB again next turn; projected latency 220ms, loss 9.5%, throughput 8Mbps, edge load 0.95; high risk of failure and battery drain 5% per turn."
      },
      "correct": "C",
      "reason": "Option C avoids SLA violations and reduces edge load to 0. 30, minimizing future regret under worst-case wind increase. Battery drain is lower at 2% per turn, preserving mission longevity. Options A and D risk SLA breaches and higher edge load, while B cannot support video despite low latency. Trust constraints prioritize reliability over throughput when SLAs are violated.",
      "rationale_tag": "TRUST_CONSTRAINTS_OVER_THROUGHPUT",
      "difficulty": "very_hard"
    },
    {
      "task_id": "T10",
      "task_name": "SLA Violation Prediction",
      "source_turn": 8,
      "question": "At turn 8, the UAV is attempting to stream high-resolution video under eMBB slice with latency spiking to 200ms, jitter at 50ms, packet loss at 8.5%, and throughput collapsed to 10Mbps while edge load hits 0.92. The SLA mandates latency < 50ms, loss < 1%, and throughput > 50Mbps for video streaming. Historical data shows eMBB degrades further under snow with wind > 7m/s, and URLLC slice has maintained latency < 10ms and loss < 0.1% over the last 3 turns. If the UAV switches to URLLC now, throughput drops to 130Mbps but latency remains under 10ms; if it stays on eMBB, latency may rise to 300ms next turn with 15% loss. The mission requires 3 more turns of streaming. Which option should be selected?",
      "options": {
        "A": "Stay on eMBB: current throughput is 10Mbps but may recover to 500Mbps if wind subsides in 2 turns, and SLA allows 50ms latency which is still within 200ms.",
        "B": "Switch to URLLC: latency will drop to 7ms and loss to 0.01%, but throughput is capped at 130Mbps, which is below the 500Mbps needed for 4K streaming.",
        "C": "Switch to mMTC: throughput is 1.2Mbps with 1.2% loss and 120ms latency, which violates SLA but may suffice for low-res streaming if no other option is viable.",
        "D": "Delay streaming for 1 turn: wait for weather to improve, risking mission delay but preserving battery and avoiding SLA violation if eMBB recovers."
      },
      "correct": "B",
      "reason": "Switching to URLLC ensures latency and loss remain within SLA bounds for all remaining turns, even under worst-case weather. Staying on eMBB risks exceeding latency and loss SLA by turn 9, with no recovery guarantee. mMTC violates SLA on all metrics and cannot support streaming. Delaying risks mission failure if weather does not improve. URLLC’s throughput of 130Mbps is sufficient for HD streaming, not 4K, but SLA does not specify resolution, only throughput > 50Mbps, which is met.",
      "rationale_tag": "WORST_CASE_SLAVIOLATION_AVOIDANCE",
      "difficulty": "very_hard"
    },
    {
      "task_id": "T11",
      "task_name": "Preemptive Autonomy Downgrade",
      "source_turn": 8,
      "question": "At turn 8, the UAV is operating under eMBB slice with latency spiking to 200ms, jitter at 50ms, packet loss at 8.5%, throughput collapsed to 10Mbps, and edge load at 0.92 — all exceeding SLA thresholds for real-time control. The UAV’s battery is at 100%, but thermal and lidar sensors remain offline, and wind speed is 7.5m/s from 240°. The next three turns project edge load increasing to 0.98 if eMBB persists, while URLLC slice offers 6ms latency and 0.01% loss but only 140Mbps throughput — insufficient for video streaming. mMTC slice provides 1.2Mbps throughput with 1.2% loss and 120ms latency, acceptable for telemetry but not for navigation. If the UAV continues eMBB for one more turn, the probability of command loss rises to 92%, risking altitude deviation beyond 150m. Which option should be selected to preemptively downgrade autonomy while preserving mission integrity over the next three turns?",
      "options": {
        "A": "Remain on eMBB for one more turn to complete video stream, accepting 92% command loss risk and potential altitude violation.",
        "B": "Switch immediately to URLLC slice, accepting 140Mbps throughput limit, disabling video but ensuring sub-10ms latency for navigation and collision avoidance.",
        "C": "Switch to mMTC slice, accepting 120ms latency and 1.2% loss, sufficient for telemetry but risking 30% navigation failure probability over next two turns.",
        "D": "Initiate emergency descent to 20m altitude, disabling all autonomy, relying on manual override with 100% battery reserve and GNSS-only positioning."
      },
      "correct": "B",
      "reason": "URLLC slice ensures latency under 10ms and loss under 0. 03% for the next three turns, preserving collision avoidance and altitude control despite throughput limits. eMBB’s 92% command loss risk at turn 9 would likely cause altitude violation beyond 150m, violating policy. mMTC’s 120ms latency exceeds safe navigation thresholds under wind gusts, risking 30% failure. Emergency descent sacrifices autonomy entirely and ignores the UAV’s intact GNSS and IMU, which URLLC can leverage safely.",
      "rationale_tag": "WORST_CASE_LATENCY_MARGIN",
      "difficulty": "very_hard"
    },
    {
      "task_id": "T12",
      "task_name": "Conservative Continuation Decision",
      "source_turn": 8,
      "question": "The UAV is operating in snow with 7.5 m/s wind from 240 degrees, currently at 30m altitude within 20-150m bounds, battery at 100%, and thermal/lidar/radar sensors offline. Network slice switched to eMBB at turn 8 with 200ms latency, 50ms jitter, 8.5% loss, 10Mbps throughput, and 0.92 edge load. At turn 9, it degraded to mMTC with 120ms latency, 25ms jitter, 1.2% loss, 1.2Mbps throughput, and 0.55 edge load. URLLC slice at turn 10 showed 9ms latency, 1.1ms jitter, 0.03% loss, 110Mbps throughput, and 0.4 edge load. If wind increases by 20% next turn and edge load exceeds 0.95, mission failure is certain. Projecting worst-case latency under 20% wind increase and 0.95 edge load, which option should be selected to minimize maximum regret over the next two turns?",
      "options": {
        "A": "Continue with eMBB slice; current throughput 10Mbps exceeds minimum 5Mbps for telemetry, and edge load 0.92 is below 0.95 failure threshold.",
        "B": "Switch to URLLC slice; latency 9ms and loss 0.03% are optimal, and edge load 0.4 is safe, but throughput 110Mbps may be overkill for current needs.",
        "C": "Switch to mMTC slice; edge load 0.55 is safe, and latency 120ms is acceptable for non-critical data, but throughput 1.2Mbps may not sustain video if reattempted.",
        "D": "Abort mission immediately; wind and network degradation indicate high risk, and battery is 100% so no loss of resources."
      },
      "correct": "B",
      "reason": "URLLC slice at turn 10 has the lowest latency and loss, and edge load is well below the 0. 95 failure threshold. Even under 20% wind increase, URLLC’s stability and low jitter ensure mission continuity. eMBB’s high edge load at 0. 92 is dangerously close to failure, and mMTC’s low throughput risks data loss if video is reattempted.",
      "rationale_tag": "WORST_CASE_STABILITY",
      "difficulty": "very_hard"
    },
    {
      "task_id": "T13",
      "task_name": "Swarm-Level Slice Negotiation",
      "source_turn": 8,
      "question": "The UAV is currently operating under eMBB slice with latency 200ms, jitter 50ms, loss 8.5%, throughput 10Mbps, and edge load 0.92. Weather remains snowy with 7.5m/s wind. The mission requires continuous video streaming for 30 seconds, but the current slice is degrading. Historical data shows URLLC slice has latency 5-9ms, jitter 0.7-1.1ms, loss 0.0-0.03%, throughput 110-150Mbps, edge load 0.33-0.41. mMTC slice has latency 120ms, jitter 25ms, loss 1.2%, throughput 1.2Mbps, edge load 0.55. If the UAV switches to URLLC now, edge load may rise to 0.45 next turn due to swarm coordination, risking SLA violation if it exceeds 0.5. If it stays on eMBB, latency may spike to 300ms next turn with 15% loss, causing stream failure. If it switches to mMTC, throughput is insufficient for HD video. Which option should be selected?",
      "options": {
        "A": "Stay on eMBB: current throughput 10Mbps is sufficient for low-res video, and edge load 0.92 is below SLA limit 1.0.",
        "B": "Switch to URLLC: latency 9ms and throughput 110Mbps meet streaming needs, edge load 0.4 is safe, and worst-case next-turn load 0.45 remains under SLA 0.5.",
        "C": "Switch to mMTC: loss 1.2% is acceptable for non-critical video, and edge load 0.55 is within SLA, though throughput 1.2Mbps may cause buffering.",
        "D": "Wait one turn: eMBB may recover as in turn 5, and switching now risks unnecessary load increase on URLLC."
      },
      "correct": "B",
      "reason": "Switching to URLLC ensures latency and throughput meet streaming requirements while edge load remains under SLA even under worst-case projection. Staying on eMBB risks catastrophic failure next turn with 300ms latency and 15% loss. mMTC throughput is too low for video. Waiting ignores the degradation trend and risks mission failure. URLLC minimizes maximum regret across plausible futures.",
      "rationale_tag": "WORST_CASE_REGRET_MINIMIZATION",
      "difficulty": "very_hard"
    },
    {
      "task_id": "T14",
      "task_name": "Scheduler Reconfiguration Adaptation",
      "source_turn": 8,
      "question": "The UAV is currently at 30m altitude with 100% battery and operating under snow conditions with 7.5m/s wind. Network slice eMBB is experiencing 200ms latency, 50ms jitter, 8.5% loss, and 10Mbps throughput with edge load at 0.92. The mission requires video streaming for 30 seconds, but eMBB is degraded. URLLC offers 6ms latency, 0.8ms jitter, 0.01% loss, and 140Mbps throughput at edge load 0.35, but is reserved for collision avoidance. mMTC provides 120ms latency, 25ms jitter, 1.2% loss, and 1.2Mbps throughput at edge load 0.55. If the degradation persists for two more turns, and battery consumption increases by 15% per turn under snow, which option should be selected to ensure mission completion while preserving safety-critical functions?",
      "options": {
        "A": "Use eMBB immediately despite degradation; it has highest throughput and may recover in next turn.",
        "B": "Switch to URLLC for video streaming; it meets latency and loss SLA and has low edge load.",
        "C": "Use mMTC for video streaming; it is stable and avoids overloading URLLC for safety functions.",
        "D": "Delay video streaming for one turn; reevaluate network state and battery after wind subsides."
      },
      "correct": "C",
      "reason": "mMTC provides sufficient throughput for low-resolution video and avoids risking URLLC’s safety-critical role. eMBB’s degradation is severe and unlikely to recover within two turns given persistent edge load above 0. 9. URLLC’s low latency is unnecessary for video and its edge load would rise dangerously if overloaded. Delaying risks battery depletion under snow, which increases consumption by 15% per turn, making completion uncertain.",
      "rationale_tag": "WORST_CASE_REGRET_MINIMIZATION",
      "difficulty": "very_hard"
    },
    {
      "task_id": "T15",
      "task_name": "Decision Consistency under Replanning",
      "source_turn": 11,
      "question": "At turn 11, the UAV is preparing to return home with a planned route under URLLC slice, latency 7ms, jitter 0.9ms, loss 0.0%, throughput 135Mbps, edge load 0.37. Historical data shows eMBB degraded severely at turn 8 (latency 200ms, loss 8.5%, edge load 0.92), and mMTC was used at turn 9 with 120ms latency and 1.2% loss. Wind remains at 7.5m/s from 240°, and battery is at 100%. The mission policy requires latency under 10ms and loss under 0.1% for critical control. If wind-induced turbulence increases jitter by up to 40% over the next two turns, and edge load may rise by 0.15 due to swarm coordination, which option should be selected to maintain decision consistency with prior adaptations while minimizing maximum regret over the next three turns?",
      "options": {
        "A": "Stay on URLLC: current latency 7ms, jitter 0.9ms, edge load 0.37 — projected worst-case jitter 1.26ms, edge load 0.52, still within SLA.",
        "B": "Switch to eMBB: current latency 15ms, jitter 3ms, edge load 0.62 — projected worst-case jitter 4.2ms, edge load 0.77, exceeds latency SLA.",
        "C": "Switch to mMTC: current latency 120ms, jitter 25ms, edge load 0.55 — projected worst-case jitter 35ms, edge load 0.70, violates latency and jitter SLA.",
        "D": "Request manual override: delay return by 2 turns to wait for network recovery — incurs 0.5% battery loss per turn, risk of wind worsening to 10m/s."
      },
      "correct": "A",
      "reason": "Option A remains within SLA even under worst-case jitter and edge load projections. Option B exceeds latency SLA under projected conditions. Option C violates both latency and jitter SLA. Option D introduces unnecessary risk and battery drain without guarantee of improvement. Decision consistency is preserved by continuing URLLC, which was successfully used in prior turns for critical control.",
      "rationale_tag": "WORST_CASE_CONSISTENCY",
      "difficulty": "very_hard"
    },
    {
      "task_id": "T16",
      "task_name": "Network-Exposed Compute Marketplace",
      "source_turn": 8,
      "question": "At turn 8, the UAV experiences severe network degradation with 200ms latency, 50ms jitter, 8.5% loss, and only 10Mbps throughput under eMBB, while edge load is at 92%. A third-party video analytics service requests compute access for 30 seconds at 50Mbps sustained throughput, with SLA requiring latency under 50ms and loss under 1%. Historical data shows edge load increases 5% per turn under eMBB during snow, and URLLC slice can handle 150Mbps but is currently at 33% load with 5ms latency. If the UAV must also maintain collision avoidance (requires 100ms latency SLA) for the next 2 turns, which option should be selected to minimize maximum regret across plausible futures?",
      "options": {
        "A": "Accept the request on eMBB with throttled resolution; current load is 92% but may rise to 97% next turn, risking SLA violation.",
        "B": "Reject the request; preserve URLLC for collision avoidance, which requires 100ms latency SLA and is critical for next 2 turns.",
        "C": "Accept on URLLC; current load 33% allows headroom, but adding 50Mbps may push load to 66%, risking latency increase to 15ms under worst-case jitter.",
        "D": "Accept on mMTC; throughput 1.2Mbps is insufficient, but latency 120ms and loss 1.2% may meet SLA if analytics tolerates degradation."
      },
      "correct": "B",
      "reason": "The collision avoidance system requires 100ms latency SLA over the next two turns and cannot tolerate degradation. Accepting the request on URLLC risks pushing load to 66%, which may increase latency beyond 10ms under worst-case jitter, violating the safety-critical SLA. eMBB is already overloaded at 92% and will likely exceed 95% next turn, making SLA violation certain. mMTC throughput is too low to support the request. Rejecting preserves the only slice that can guarantee safety-critical performance across the next two turns.",
      "rationale_tag": "WORST_CASE_SAFETY_GUARANTEE",
      "difficulty": "very_hard"
    },
    {
      "task_id": "T17",
      "task_name": "Network-Knowledge RAG Augmentation",
      "source_turn": 8,
      "question": "At turn 8, the UAV is attempting to stream high-resolution video under eMBB slice with 200ms latency, 50ms jitter, 8.5% loss, and 10Mbps throughput while edge load is at 0.92. The policy allows switching to URLLC (max 10ms latency, 1% loss) or mMTC (max 150ms latency, 5% loss) for RAG augmentation. URLLC has 140Mbps throughput but is currently at 0.35 edge load with 6ms latency and 0.01% loss. mMTC has 1.2Mbps throughput, 120ms latency, 25ms jitter, and 1.2% loss at 0.55 edge load. If network degradation persists for two more turns, URLLC may reach 0.45 edge load with 10ms latency and 0.05% loss, while mMTC may reach 0.65 edge load with 150ms latency and 3% loss. Which option should be selected to ensure RAG augmentation remains viable under worst-case projections while minimizing regret over the next three turns?",
      "options": {
        "A": "Stay on eMBB: current 200ms latency is acceptable for RAG if loss is mitigated by retransmission, and throughput may recover to 800Mbps by turn 10.",
        "B": "Switch to URLLC: guaranteed 6ms latency and 0.01% loss now, with projected 10ms latency and 0.05% loss by turn 10, sufficient for RAG under policy.",
        "C": "Switch to mMTC: 120ms latency is within policy limit of 150ms, and 1.2Mbps throughput is enough for text-based RAG augmentation with low edge load impact.",
        "D": "Switch to URLLC but throttle resolution: use 135Mbps throughput at 7ms latency to reduce edge load to 0.33, preserving margin for future RAG queries."
      },
      "correct": "B",
      "reason": "Switching to URLLC now ensures latency and loss remain within policy limits even under worst-case projections. eMBB’s 200ms latency exceeds the 10ms URLLC SLA and risks RAG failure if degradation persists. mMTC’s 120ms latency is within policy but its 1. 2Mbps throughput is insufficient for video-based RAG augmentation. URLLC’s projected 10ms latency and 0.",
      "rationale_tag": "WORST_CASE_SLA_COMPLIANCE",
      "difficulty": "very_hard"
    },
    {
      "task_id": "T18",
      "task_name": "AI Agent Identity & Onboarding",
      "source_turn": 8,
      "question": "At turn 8, the UAV is operating under eMBB slice with latency 200ms, jitter 50ms, loss 8.5%, throughput 10Mbps, and edge load 0.92. The mission requires real-time video streaming for situational awareness, but the current slice cannot sustain it. The agent must choose an identity-mapped network slice for the next 3 turns, knowing that eMBB may degrade further, URLLC has throughput capped at 150Mbps but latency under 10ms, and mMTC has 1.2Mbps throughput with 120ms latency. The UAV’s battery is at 100% but will drain 3% per turn if streaming at high resolution. The mission SLA requires video delivery within 250ms latency and under 5% loss for at least 2 of the next 3 turns. Which option should be selected?",
      "options": {
        "A": "Stay on eMBB: current latency 200ms is under SLA, and throughput may recover next turn based on historical trend.",
        "B": "Switch to URLLC: latency 6ms and loss 0.01% meet SLA, but throughput 140Mbps may not support high-res video if resolution exceeds 1080p.",
        "C": "Switch to mMTC: throughput 1.2Mbps is insufficient for video, but latency 120ms and loss 1.2% are within SLA bounds for low-res streaming.",
        "D": "Request hybrid slice: combine URLLC for control and mMTC for data, accepting 150ms latency and 2% loss, with projected edge load of 0.65 over next 3 turns."
      },
      "correct": "B",
      "reason": "URLLC provides the only slice with latency and loss under SLA across all three future turns even under worst-case jitter and loss drift. eMBB’s edge load of 0. 92 indicates imminent collapse, and mMTC’s throughput cannot sustain video. Hybrid slice introduces untested coordination risk and exceeds projected edge load safety margin. Battery drain is acceptable under URLLC since resolution can be throttled to fit 140Mbps.",
      "rationale_tag": "WORST_CASE_SLICE_STABILITY",
      "difficulty": "very_hard"
    },
    {
      "task_id": "T19",
      "task_name": "AI Agent Interoperability & Federation",
      "source_turn": 8,
      "question": "The UAV is operating under snow conditions with wind at 7.5 m/s and must maintain altitude between 20 and 150 meters. At turn 8, the eMBB slice exhibits 200 ms latency, 50 ms jitter, 8.5% packet loss, and 10 Mbps throughput with 92% edge load. The agent must choose between four interoperability strategies to sustain mission-critical telemetry and video streaming over the next three turns. Strategy A uses eMBB with adaptive bitrate but risks SLA violation if latency exceeds 150 ms. Strategy B switches to URLLC with 150 Mbps cap but may fail video due to 1.2 Mbps minimum requirement. Strategy C federates with a nearby swarm agent using mMTC with 1.2 Mbps throughput but introduces 120 ms latency and 25 ms jitter. Strategy D delays streaming until turn 11 when URLLC is projected to have 135 Mbps throughput and 7 ms latency, but risks losing situational awareness. Which option should be selected?",
      "options": {
        "A": "Use eMBB with adaptive bitrate; current throughput is 10 Mbps but may degrade further under 92% edge load.",
        "B": "Switch to URLLC; latency is 6 ms but throughput is capped at 150 Mbps, which exceeds the 1.2 Mbps minimum but may not sustain high-res video.",
        "C": "Federate with swarm via mMTC; throughput is 1.2 Mbps exactly, but latency is 120 ms and jitter is 25 ms, risking frame drops.",
        "D": "Delay streaming until turn 11; URLLC will have 135 Mbps throughput and 7 ms latency, but no video is available during turns 9–10."
      },
      "correct": "C",
      "reason": "Federating via mMTC ensures minimum throughput of 1. 2 Mbps required for video, even with higher latency. Delaying until turn 11 risks mission failure due to lack of situational awareness during critical turns. URLLC cannot guarantee sustained video under its 150 Mbps cap if resolution demands exceed it. eMBB is already failing with 8.",
      "rationale_tag": "WORST_CASE_FEDERATION_SAFETY",
      "difficulty": "very_hard"
    },
    {
      "task_id": "T20",
      "task_name": "Agent-to-Agent Communication Management",
      "source_turn": 8,
      "question": "At turn 8, the UAV attempts to start a video stream under eMBB slice but fails due to latency of 200 ms, jitter of 50 ms, 8.5% packet loss, and edge load of 0.92. The mission requires streaming at 10 Mbps minimum for 30 seconds. URLLC offers 6 ms latency, 0.8 ms jitter, 0.01% loss, and 140 Mbps throughput but is reserved for collision avoidance. mMTC provides 120 ms latency, 25 ms jitter, 1.2% loss, 1.2 Mbps throughput, and 0.55 edge load. If the UAV must maintain 100% mission success probability over the next 2 turns and edge load may increase by 15% due to weather, which option should be selected?",
      "options": {
        "A": "Use eMBB with current settings; throughput is sufficient and edge load may decrease.",
        "B": "Switch to URLLC immediately; latency and jitter are optimal for real-time streaming.",
        "C": "Use mMTC with adaptive bitrate; throughput is low but loss is acceptable for non-critical data.",
        "D": "Delay streaming until turn 10; network conditions may improve and URLLC will be free."
      },
      "correct": "D",
      "reason": "URLLC is reserved for collision avoidance and cannot be repurposed without risking safety. mMTC throughput is below the 10 Mbps minimum and cannot support the stream. eMBB edge load is near saturation at 0. 92 and may exceed 1. 0 under 15% weather-induced increase, causing failure.",
      "rationale_tag": "WORST_CASE_EDGE_LOAD_REGRET",
      "difficulty": "very_hard"
    },
    {
      "task_id": "T21",
      "task_name": "Device-Network Task Offload Arbitration",
      "source_turn": 8,
      "question": "The UAV is currently at 30m altitude with 100% battery and must offload a high-resolution video stream requiring 500 Mbps throughput and 50ms latency SLA. Network telemetry at turn 8 shows eMBB slice with 200ms latency, 50ms jitter, 8.5% loss, 10 Mbps throughput, and 92% edge load. At turn 9, mMTC slice offers 120ms latency, 25ms jitter, 1.2% loss, 1.2 Mbps throughput, and 55% edge load. URLLC slice at turn 10 provides 9ms latency, 1.1ms jitter, 0.03% loss, 110 Mbps throughput, and 40% edge load. The mission requires continuous streaming for 30 seconds, and battery depletes at 2% per minute under heavy compute load. If network degradation persists, the UAV must abort and return home, consuming 15% battery. Which option should be selected?",
      "options": {
        "A": "Offload via eMBB slice despite high latency and low throughput, assuming transient recovery within 5 seconds.",
        "B": "Use mMTC slice with 1.2 Mbps throughput, accepting 100x under-provisioning, but low edge load and stable jitter.",
        "C": "Wait for URLLC slice at turn 10, accepting 2-second delay, then stream with 110 Mbps throughput and 9ms latency.",
        "D": "Abort mission immediately and return home, preserving 85% battery for future tasks under SLA-compliant conditions."
      },
      "correct": "C",
      "reason": "URLLC at turn 10 meets latency and jitter SLA with 110 Mbps throughput, sufficient for scaled-down stream. eMBB fails throughput by 490 Mbps and risks SLA violation. mMTC throughput is 416x below requirement. Abort incurs 15% battery loss with no data return. URLLC minimizes regret over 3 turns by balancing delay, SLA compliance, and battery preservation.",
      "rationale_tag": "SLA_COMPLIANT_OFFLOAD",
      "difficulty": "very_hard"
    },
    {
      "task_id": "T22",
      "task_name": "Federated / Collaborative Learning Orchestration",
      "source_turn": 8,
      "question": "The UAV is currently at 30m altitude with 100% battery and operating under snow conditions with 7.5 m/s wind. Network slice eMBB is experiencing 200ms latency, 50ms jitter, 8.5% loss, and 10Mbps throughput with edge load at 0.92. The federated learning task requires 50Mbps throughput and <10ms latency for 30 seconds to upload model updates. URLLC slice offers 9ms latency, 1.1ms jitter, 0.03% loss, and 110Mbps throughput with edge load 0.40, but is reserved for collision avoidance. mMTC slice provides 120ms latency, 25ms jitter, 1.2% loss, and 1.2Mbps throughput with edge load 0.55. If the eMBB degradation persists for two more turns, which option should be selected to minimize maximum regret while preserving safety and meeting SLA constraints?",
      "options": {
        "A": "Use eMBB immediately despite degradation; throughput may recover in next turn and edge load is still under 1.0.",
        "B": "Switch to URLLC for federated upload; it meets latency and throughput SLA, and edge load is low at 0.40.",
        "C": "Use mMTC with compressed model; 1.2Mbps is insufficient but may suffice if training is split over 5 turns.",
        "D": "Delay federated upload for 2 turns; eMBB may recover, and URLLC can be freed after collision avoidance completes."
      },
      "correct": "D",
      "reason": "URLLC is reserved for safety-critical collision avoidance and cannot be repurposed without violating policy. eMBB’s current 10Mbps throughput is below the 50Mbps requirement and will likely remain degraded for at least two turns. mMTC’s 1. 2Mbps is too low even with compression and splitting. Delaying for two turns allows eMBB to potentially recover while preserving URLLC for safety, minimizing maximum regret under worst-case degradation.",
      "rationale_tag": "WORST_CASE_REGRET_MINIMIZATION",
      "difficulty": "very_hard"
    },
    {
      "task_id": "T23",
      "task_name": "Network-Assisted Digital Twin Control",
      "source_turn": 8,
      "question": "The UAV is operating under snow with 7.5 m/s wind from 240 degrees, currently at 30m altitude with 100% battery and only RGB and GNSS sensors active. At turn 8, the eMBB slice exhibits 200ms latency, 50ms jitter, 8.5% loss, and 10Mbps throughput under 92% edge load, causing video stream initiation to fail. The policy mandates altitude between 20m and 150m. URLLC offers 6ms latency, 0.8ms jitter, 0.01% loss, and 140Mbps throughput at 35% edge load, while mMTC offers 120ms latency, 25ms jitter, 1.2% loss, and 1.2Mbps throughput at 55% edge load. If the degradation persists for two more turns, the edge load on eMBB may reach 98%, risking command loss. The UAV must maintain telemetry for digital twin synchronization while preparing for return. Which option should be selected to minimize maximum regret over the next three turns?",
      "options": {
        "A": "Switch to URLLC immediately to ensure sub-10ms latency for command telemetry, accepting 140Mbps throughput which is sufficient for sensor sync but not video.",
        "B": "Remain on eMBB and retry video stream at lower resolution, accepting 200ms latency and 8.5% loss, with edge load projected to hit 98% in two turns.",
        "C": "Switch to mMTC to reduce edge load to 55%, accepting 120ms latency and 1.2% loss, which may delay telemetry updates beyond 100ms.",
        "D": "Wait one turn to see if eMBB recovers, risking command loss if edge load exceeds 95% and latency remains above 150ms."
      },
      "correct": "A",
      "reason": "URLLC provides the lowest latency and loss under worst-case edge load, ensuring command telemetry integrity for the digital twin. Although throughput is lower than eMBB, it exceeds the 50Mbps needed for sensor sync. eMBB’s projected 98% edge load creates unacceptable risk of command loss. mMTC’s 120ms latency exceeds the 50ms threshold for real-time twin updates. Waiting one turn risks irreversible mission failure if degradation persists.",
      "rationale_tag": "WORST_CASE_TELEMETRY_INTEGRITY",
      "difficulty": "very_hard"
    },
    {
      "task_id": "T24",
      "task_name": "Sensing-Enhanced Decisioning (ISAC)",
      "source_turn": 8,
      "question": "The UAV is operating in snow with 7.5 m/s wind from 240 degrees, currently at 30m altitude with 100% battery, but thermal, lidar, and radar sensors are offline. At turn 8, the network slice is eMBB with 200ms latency, 50ms jitter, 8.5% loss, and only 10 Mbps throughput under 92% edge load. The mission requires real-time obstacle avoidance and terrain mapping over the next 3 turns, with SLA requiring latency under 50ms and loss under 1%. URLLC offers 6ms latency, 0.8ms jitter, 0.01% loss, and 140 Mbps throughput at 35% edge load, but only supports 2 concurrent sensing streams. mMTC offers 120ms latency, 25ms jitter, 1.2% loss, and 1.2 Mbps throughput at 55% edge load, supporting unlimited streams. eMBB currently fails streaming but may recover to 850 Mbps if edge load drops below 0.7. Which option should be selected?",
      "options": {
        "A": "Switch to URLLC and activate RGB + GNSS for obstacle avoidance and position fusion, accepting no thermal or lidar data for the next 3 turns.",
        "B": "Stay on eMBB and attempt to activate RGB + thermal + lidar, banking on edge load dropping to 0.65 within 2 turns to restore 850 Mbps throughput.",
        "C": "Switch to mMTC and activate all available sensors (RGB, GNSS, IMU, barometer) to maximize data diversity, accepting 120ms latency and 1.2% loss for terrain mapping.",
        "D": "Switch to URLLC and activate only GNSS + IMU for dead reckoning, deferring RGB until edge load on eMBB recovers to 0.6, risking 3 turns of no visual sensing."
      },
      "correct": "A",
      "reason": "URLLC provides sub-50ms latency and sub-1% loss, meeting SLA even under worst-case jitter and loss projections. Activating RGB and GNSS enables fused perception for obstacle avoidance, which is critical for safety in snow with wind. eMBB’s 200ms latency and 8. 5% loss already violate SLA and may not recover within 3 turns. mMTC’s 120ms latency and 1.",
      "rationale_tag": "WORST_CASE_SLAM_FUSION",
      "difficulty": "very_hard"
    },
    {
      "task_id": "T25",
      "task_name": "AI-Agent-based Disaster / Public-Safety Coordination",
      "source_turn": 8,
      "question": "At turn 8, the UAV is operating under eMBB slice with latency 200ms, jitter 50ms, packet loss 8.5%, throughput 10Mbps, and edge load 0.92, while battery is at 100% and altitude is 30m in snow with 7.5m/s wind. The mission requires continuous video streaming for situational awareness, but the current slice cannot sustain it. Switching to URLLC would reduce latency to 6ms and loss to 0.01% but cap throughput at 140Mbps, which may be insufficient for HD video. mMTC offers 1.2Mbps throughput with 1.2% loss and 120ms latency, but lacks real-time guarantees. The edge load under eMBB is near saturation at 0.92 and may spike to 0.98 next turn if traffic persists. If the UAV ascends to 100m, wind increases to 12m/s, reducing battery drain by 15% per minute but increasing sensor noise. Under worst-case network degradation, eMBB may drop to 5Mbps throughput and 15% loss within two turns. Given these constraints and the need to maintain mission continuity over the next three turns, which option should be selected?",
      "options": {
        "A": "Switch to URLLC immediately to ensure low latency and reliability, accepting potential video quality degradation due to 140Mbps cap.",
        "B": "Remain on eMBB and attempt video stream again, relying on temporary network recovery and accepting 8.5% loss and 200ms latency.",
        "C": "Switch to mMTC to reduce edge load to 0.55 and avoid congestion, accepting 120ms latency and 1.2% loss for lower-resolution video.",
        "D": "Ascend to 100m altitude to reduce battery drain, remain on eMBB, and retry video stream with reduced resolution to match 10Mbps throughput."
      },
      "correct": "A",
      "reason": "Switching to URLLC minimizes maximum regret by ensuring reliable command and control under worst-case network degradation. Although throughput is capped at 140Mbps, it exceeds the 10Mbps current limit and supports acceptable video quality. eMBB is near saturation and projected to degrade further, risking mission failure. mMTC lacks real-time guarantees and cannot support continuous streaming. Ascending increases wind exposure and sensor noise, introducing new failure modes without resolving network constraints.",
      "rationale_tag": "WORST_CASE_REGRET_MINIMIZATION",
      "difficulty": "very_hard"
    },
    {
      "task_id": "T26",
      "task_name": "Trust-Aware Third-Party Agent Exposure",
      "source_turn": 8,
      "question": "At turn 8, the UAV is operating under snow with 7.5 m/s wind from 240°, battery at 100%, and altitude at 30m within bounds. The network slice is eMBB with 200ms latency, 50ms jitter, 8.5% loss, 10Mbps throughput, and 92% edge load. A third-party agent requests full telemetry and video stream access for 30 seconds. The policy allows exposure only if latency < 150ms, loss < 5%, and edge load < 80%. The agent has no prior trust score but is registered. If the degradation persists, the next turn may see latency spike to 250ms and edge load to 95%. Which option should be selected?",
      "options": {
        "A": "Grant full access now; current latency is 200ms but jitter is low and loss is 8.5% — acceptable under emergency clause.",
        "B": "Deny access; latency exceeds 150ms, loss exceeds 5%, and edge load exceeds 80% — violates all policy thresholds.",
        "C": "Grant partial access (telemetry only); video stream requires 10Mbps but current throughput is 10Mbps — no headroom for reliability.",
        "D": "Grant access with 15s duration; projected edge load next turn is 95% — reduces exposure window to mitigate future risk."
      },
      "correct": "B",
      "reason": "The current network state violates all three policy thresholds: latency exceeds 150ms, loss exceeds 5%, and edge load exceeds 80%. Even if the agent is registered, no trust score overrides hard policy limits. Projected degradation to 250ms latency and 95% edge load next turn makes any exposure riskier. Option D’s reduced duration does not fix the current violation. Option C ignores that telemetry alone may still fail under 8.",
      "rationale_tag": "POLICY_COMPLIANCE_UNDER_WORST_CASE",
      "difficulty": "very_hard"
    },
    {
      "task_id": "T27",
      "task_name": "Agent Lifecycle & Management",
      "source_turn": 8,
      "question": "At turn 8, the UAV is operating under snow conditions with wind at 7.5 m/s and is at 30m altitude within a 20–150m policy-bound airspace. The network slice is eMBB with 200ms latency, 50ms jitter, 8.5% loss, 10Mbps throughput, and 92% edge load. The UAV’s battery is at 100% and its thermal, lidar, and radar sensors remain offline. A video stream request failed due to network degradation. The operator now must decide whether to instantiate a new agent, scale down the current one, migrate to a different slice, or retire the agent. If the degradation persists for two more turns, the edge load may exceed 95% and latency may rise to 250ms. The SLA requires latency under 100ms and loss under 1% for mission-critical telemetry. Which option should be selected?",
      "options": {
        "A": "Instantiate a new agent on URLLC slice with 6ms latency and 0.8ms jitter, accepting 140Mbps throughput and 35% edge load, but risking battery drain if wind increases.",
        "B": "Scale down current agent to reduce edge load to 75%, accepting 150ms latency and 5% loss, which violates SLA but preserves battery for return.",
        "C": "Migrate to mMTC slice with 120ms latency, 25ms jitter, 1.2% loss, 1.2Mbps throughput, and 55% edge load, accepting degraded video but maintaining telemetry under SLA.",
        "D": "Retire current agent immediately and initiate return protocol, accepting no further data collection but guaranteeing 100% battery for safe landing under current weather."
      },
      "correct": "C",
      "reason": "Migrating to mMTC maintains telemetry within SLA bounds despite degraded video because loss is 1. 2% which is near but not over the 1% threshold under worst-case projection. The edge load of 55% leaves room for two more turns of degradation without exceeding 95%. Instantiating a new agent risks battery under wind uncertainty and does not resolve the current agent’s sensor offline state. Scaling down violates SLA immediately and offers no recovery path.",
      "rationale_tag": "WORST_CASE_TELEMETRY_SLA",
      "difficulty": "very_hard"
    },
    {
      "task_id": "T28",
      "task_name": "6G Model Training-as-a-Service Decision",
      "source_turn": 11,
      "question": "The UAV is returning to base with 100% battery and currently operating on URLLC slice with 7ms latency, 0.9ms jitter, 0% loss, 135Mbps throughput, and 0.37 edge load. A customer requests immediate LLM fine-tuning requiring 500Mbps sustained throughput for 120 seconds, with SLA allowing max 15ms latency and 1% packet loss. The eMBB slice currently has 870Mbps throughput but 11ms latency and 0.05% loss at 0.47 edge load, projected to rise to 0.65 if training begins. The mMTC slice offers 1.2Mbps throughput and 120ms latency, unsuitable for training. If training starts now, edge load on eMBB may exceed 0.7 in 2 turns, risking SLA violation. Which option should be selected?",
      "options": {
        "A": "Accept training on eMBB now; current throughput exceeds requirement and latency is under SLA.",
        "B": "Delay training for 3 turns; projected edge load will drop to 0.42, ensuring SLA compliance with 850Mbps throughput.",
        "C": "Accept training on URLLC; latency and jitter are optimal, and edge load is low at 0.37, though throughput is only 135Mbps.",
        "D": "Reject training; no slice can guarantee 500Mbps throughput without violating SLA within 3 turns under worst-case edge load growth."
      },
      "correct": "D",
      "reason": "The eMBB slice cannot sustain 500Mbps without exceeding edge load 0. 7 in two turns, risking SLA violation. URLLC lacks throughput to meet the 500Mbps requirement. mMTC is irrelevant. Even if eMBB is used now, worst-case edge load growth makes SLA violation inevitable within three turns.",
      "rationale_tag": "WORST_CASE_REGRET_MINIMIZATION",
      "difficulty": "very_hard"
    },
    {
      "task_id": "T29",
      "task_name": "Immersive/AR Resource Prioritization",
      "source_turn": 8,
      "question": "The UAV is operating in snow with 7.5 m/s wind from 240 degrees, currently at 30m altitude with 100% battery and eMBB slice active. At turn 8, network metrics show 200ms latency, 50ms jitter, 8.5% loss, 10Mbps throughput, and 92% edge load. The mission requires streaming 4K video for 30 seconds to support AR overlay, but eMBB is degraded. URLLC offers 6ms latency, 0.8ms jitter, 0.01% loss, 140Mbps throughput, and 35% edge load at turn 6, but may not sustain 4K. mMTC at turn 9 delivered 1.2Mbps with 120ms latency and 1.2% loss under 55% edge load. If wind increases by 20% next turn, edge load may rise 15% under eMBB, while URLLC capacity may drop 10% due to congestion. Which option should be selected to ensure mission success while minimizing regret over the next two turns?",
      "options": {
        "A": "Stick with eMBB: current throughput is 10Mbps, sufficient for 4K at 8Mbps, and edge load may stabilize if wind subsides.",
        "B": "Switch to URLLC: 140Mbps throughput exceeds 4K requirement, latency is sub-10ms, and edge load is low at 35%, though future congestion may reduce capacity by 10%.",
        "C": "Use mMTC: 1.2Mbps is below 4K requirement, but latency is 120ms and loss is 1.2%, acceptable for non-critical AR if eMBB fails completely.",
        "D": "Delay streaming: wait one turn to reassess; if wind increases 20%, eMBB edge load may hit 92% * 1.15 = 105.8%, violating SLA, while URLLC may drop to 126Mbps but still meet 4K."
      },
      "correct": "B",
      "reason": "URLLC provides sufficient throughput to support 4K video even after a 10% capacity drop, maintaining sub-10ms latency critical for AR immersion. eMBB’s 10Mbps is marginally sufficient but risks violation under wind-induced load increase. mMTC’s 1. 2Mbps is inadequate for 4K. Delaying incurs mission failure risk if degradation persists.",
      "rationale_tag": "WORST_CASE_LATENCY_THROUGHPUT_REGRET",
      "difficulty": "very_hard"
    },
    {
      "task_id": "T30",
      "task_name": "Network Security Detection & Response Automation",
      "source_turn": 8,
      "question": "At turn 8, the network slice switched to eMBB with latency spiking to 200ms, jitter at 50ms, packet loss at 8.5%, throughput collapsing to 10Mbps, and edge load at 0.92, triggering a video stream failure. The policy mandates latency under 50ms for real-time control and throughput above 50Mbps for mission-critical data. If the degradation persists into turn 9, worst-case latency could reach 250ms with 12% loss, and edge load may hit 0.98. Switching to URLLC at turn 9 would cap latency at 10ms but limit throughput to 150Mbps, while mMTC offers 1.2Mbps throughput with 120ms latency and 1.2% loss. Over the next two turns, URLLC’s edge load may rise to 0.45 under coordination load, while mMTC’s edge load stabilizes at 0.55. Which option should be selected to minimize maximum regret under worst-case degradation and ensure mission continuity?",
      "options": {
        "A": "Remain on eMBB; throughput may recover to 800Mbps by turn 10 if edge load drops below 0.85.",
        "B": "Switch to URLLC; latency stays under 10ms, but throughput is capped at 150Mbps, risking data starvation if video resumes.",
        "C": "Switch to mMTC; throughput is only 1.2Mbps, but loss is low at 1.2%, and edge load is stable at 0.55, avoiding overload.",
        "D": "Delay decision until turn 10; monitor if edge load drops below 0.90, which would allow eMBB recovery with 50ms latency."
      },
      "correct": "B",
      "reason": "URLLC maintains latency under 10ms even under worst-case conditions, which is critical for real-time control. Although throughput is capped at 150Mbps, it exceeds the 50Mbps policy minimum and supports mission-critical telemetry. mMTC’s 1. 2Mbps throughput fails to meet policy, and eMBB’s 200ms latency violates the 50ms SLA. Delaying risks two turns of violation, increasing regret.",
      "rationale_tag": "WORST_CASE_LATENCY_COMPLIANCE",
      "difficulty": "very_hard"
    }
  ]
}