{
  "initial_state": {
    "domain": "uav",
    "time_s": 0.0,
    "env": {
      "weather": "dust",
      "wind_mps": 8.0,
      "wind_dir_deg": 135.0
    },
    "airspace": {
      "alt_bounds": [
        1.0,
        15.0
      ],
      "geofence": [
        {
          "type": "polygon",
          "points": [
            [
              0.0,
              0.0
            ],
            [
              200.0,
              0.0
            ],
            [
              200.0,
              150.0
            ],
            [
              0.0,
              150.0
            ]
          ]
        }
      ]
    },
    "uav": {
      "pose": {
        "x": 10.0,
        "y": 10.0,
        "z": 2.0,
        "yaw": 90.0
      },
      "speed_mps": 28.0,
      "energy": {
        "battery_pct": 100.0
      },
      "sensors": {
        "rgb": "ok",
        "thermal": "offline",
        "lidar": "ok",
        "radar": "offline",
        "gnss": "offline",
        "imu": "ok",
        "magnetometer": "ok",
        "barometer": "ok"
      },
      "payloads": []
    },
    "policy": {
      "alt_bounds": [
        1.0,
        15.0
      ]
    },
    "safety_flags": {
      "nfz_violation": false,
      "separation_breach": false
    }
  },
  "dialogue": [
    {
      "turn": 1,
      "speaker": "agent",
      "intent": "initiate_inspection_mission",
      "actions": [
        {
          "type": "mcp",
          "name": "read_telemetry",
          "args": {}
        }
      ],
      "obs": [
        {
          "tool": "read_telemetry",
          "result": {
            "pose": {
              "x": 10.0,
              "y": 10.0,
              "z": 2.0
            },
            "battery_pct": 100.0,
            "sensors": {
              "gnss": "offline",
              "imu": "ok"
            }
          }
        }
      ],
      "net": {
        "slice": "URLLC",
        "lat_ms": 3.2,
        "jitter_ms": 0.8,
        "loss_pct": 0.1,
        "throughput_mbps": 50,
        "edge_load": 0.35
      }
    },
    {
      "turn": 2,
      "speaker": "user",
      "intent": "confirm_mission_start",
      "actions": [
        {
          "type": "a2a",
          "task": "handshake",
          "to": "uav_swarm_agent",
          "payload": {
            "uav_id": "uav-7",
            "status": "ready"
          }
        }
      ],
      "obs": [
        {
          "task": "handshake",
          "from": "uav_swarm_agent",
          "status": "ok",
          "payload": {
            "ack": true,
            "swarm_size": 3
          }
        }
      ],
      "net": {
        "slice": "URLLC",
        "lat_ms": 3.5,
        "jitter_ms": 0.9,
        "loss_pct": 0.1,
        "throughput_mbps": 48,
        "edge_load": 0.38
      }
    },
    {
      "turn": 3,
      "speaker": "agent",
      "intent": "request_path_plan",
      "actions": [
        {
          "type": "mcp",
          "name": "plan_path",
          "args": {
            "start": [
              10.0,
              10.0
            ],
            "goal": [
              180.0,
              140.0
            ],
            "obstacles": []
          }
        }
      ],
      "obs": [
        {
          "tool": "plan_path",
          "result": {
            "path": [
              [
                10.0,
                10.0
              ],
              [
                50.0,
                40.0
              ],
              [
                100.0,
                90.0
              ],
              [
                180.0,
                140.0
              ]
            ],
            "estimated_duration_s": 120,
            "battery_impact_pct": 12.0
          }
        }
      ],
      "net": {
        "slice": "eMBB",
        "lat_ms": 12.0,
        "jitter_ms": 2.1,
        "loss_pct": 0.3,
        "throughput_mbps": 120,
        "edge_load": 0.65
      }
    },
    {
      "turn": 4,
      "speaker": "user",
      "intent": "approve_path",
      "actions": [
        {
          "type": "mcp",
          "name": "set_altitude",
          "args": {
            "target_z": 12.0
          }
        }
      ],
      "obs": [
        {
          "tool": "set_altitude",
          "result": {
            "status": "success",
            "actual_z": 12.0,
            "reason": "within policy bounds"
          }
        }
      ],
      "net": {
        "slice": "URLLC",
        "lat_ms": 4.1,
        "jitter_ms": 1.0,
        "loss_pct": 0.2,
        "throughput_mbps": 55,
        "edge_load": 0.41
      }
    },
    {
      "turn": 5,
      "speaker": "agent",
      "intent": "detect_obstacle_ahead",
      "actions": [
        {
          "type": "mcp",
          "name": "lidar_scan",
          "args": {
            "range_m": 30,
            "resolution_deg": 1.0
          }
        }
      ],
      "obs": [
        {
          "tool": "lidar_scan",
          "result": {
            "obstacle_detected": true,
            "distance_m": 22.5,
            "angle_deg": 95.0,
            "type": "rockfall"
          }
        }
      ],
      "net": {
        "slice": "URLLC",
        "lat_ms": 3.8,
        "jitter_ms": 0.7,
        "loss_pct": 0.1,
        "throughput_mbps": 52,
        "edge_load": 0.43
      }
    },
    {
      "turn": 6,
      "speaker": "user",
      "intent": "reroute_around_obstacle",
      "actions": [
        {
          "type": "a2a",
          "task": "collision_avoidance",
          "to": "uav_swarm_agent",
          "payload": {
            "obstacle_pos": [
              32.5,
              31.0
            ],
            "uav_pos": [
              10.0,
              10.0
            ],
            "new_path_hint": [
              [
                60.0,
                50.0
              ],
              [
                180.0,
                140.0
              ]
            ]
          }
        }
      ],
      "obs": [
        {
          "task": "collision_avoidance",
          "from": "uav_swarm_agent",
          "status": "ok",
          "payload": {
            "reroute_approved": true,
            "new_waypoints": [
              [
                60.0,
                50.0
              ],
              [
                180.0,
                140.0
              ]
            ]
          }
        }
      ],
      "net": {
        "slice": "mMTC",
        "lat_ms": 25.0,
        "jitter_ms": 8.0,
        "loss_pct": 1.5,
        "throughput_mbps": 1.2,
        "edge_load": 0.78
      }
    },
    {
      "turn": 7,
      "speaker": "agent",
      "intent": "execute_reroute",
      "actions": [
        {
          "type": "mcp",
          "name": "navigate_to",
          "args": {
            "waypoints": [
              [
                60.0,
                50.0
              ],
              [
                180.0,
                140.0
              ]
            ],
            "speed_mps": 20.0
          }
        }
      ],
      "obs": [
        {
          "tool": "navigate_to",
          "result": {
            "status": "in_progress",
            "current_waypoint": [
              60.0,
              50.0
            ],
            "eta_s": 95
          }
        }
      ],
      "net": {
        "slice": "URLLC",
        "lat_ms": 4.5,
        "jitter_ms": 1.2,
        "loss_pct": 0.3,
        "throughput_mbps": 49,
        "edge_load": 0.46
      }
    },
    {
      "turn": 8,
      "speaker": "user",
      "intent": "monitor_battery_and_environment",
      "actions": [
        {
          "type": "mcp",
          "name": "read_telemetry",
          "args": {}
        }
      ],
      "obs": [
        {
          "tool": "read_telemetry",
          "result": {
            "pose": {
              "x": 45.2,
              "y": 38.7,
              "z": 12.0
            },
            "battery_pct": 88.5,
            "wind_mps": 9.2,
            "dust_density": 0.87
          }
        }
      ],
      "net": {
        "slice": "eMBB",
        "lat_ms": 14.0,
        "jitter_ms": 3.0,
        "loss_pct": 0.5,
        "throughput_mbps": 110,
        "edge_load": 0.72
      }
    },
    {
      "turn": 9,
      "speaker": "agent",
      "intent": "inspect_pipeline_section",
      "actions": [
        {
          "type": "mcp",
          "name": "activate_sensor",
          "args": {
            "sensor": "lidar",
            "mode": "high_res_scan"
          }
        }
      ],
      "obs": [
        {
          "tool": "activate_sensor",
          "result": {
            "sensor": "lidar",
            "status": "active",
            "mode": "high_res_scan",
            "data_rate_mbps": 8.5
          }
        }
      ],
      "net": {
        "slice": "eMBB",
        "lat_ms": 13.5,
        "jitter_ms": 2.8,
        "loss_pct": 0.4,
        "throughput_mbps": 115,
        "edge_load": 0.7
      }
    },
    {
      "turn": 10,
      "speaker": "user",
      "intent": "request_data_summary",
      "actions": [
        {
          "type": "mcp",
          "name": "summarize_inspection_data",
          "args": {
            "include": [
              "cracks",
              "corrosion"
            ]
          }
        }
      ],
      "obs": [
        {
          "tool": "summarize_inspection_data",
          "result": {
            "cracks_found": 3,
            "corrosion_areas": 2,
            "confidence": 0.92
          }
        }
      ],
      "net": {
        "slice": "URLLC",
        "lat_ms": 5.0,
        "jitter_ms": 1.5,
        "loss_pct": 0.2,
        "throughput_mbps": 50,
        "edge_load": 0.49
      }
    },
    {
      "turn": 11,
      "speaker": "agent",
      "intent": "return_to_home",
      "actions": [
        {
          "type": "mcp",
          "name": "navigate_to",
          "args": {
            "waypoints": [
              [
                10.0,
                10.0
              ]
            ],
            "speed_mps": 15.0
          }
        }
      ],
      "obs": [
        {
          "tool": "navigate_to",
          "result": {
            "status": "completed",
            "final_pose": {
              "x": 10.0,
              "y": 10.0,
              "z": 2.0
            },
            "battery_pct": 76.0
          }
        }
      ],
      "net": {
        "slice": "URLLC",
        "lat_ms": 3.9,
        "jitter_ms": 0.9,
        "loss_pct": 0.1,
        "throughput_mbps": 53,
        "edge_load": 0.37
      }
    }
  ],
  "final_state": {
    "domain": "uav",
    "time_s": 180.0,
    "env": {
      "weather": "dust",
      "wind_mps": 8.5,
      "wind_dir_deg": 138.0
    },
    "airspace": {
      "alt_bounds": [
        1.0,
        15.0
      ],
      "geofence": [
        {
          "type": "polygon",
          "points": [
            [
              0.0,
              0.0
            ],
            [
              200.0,
              0.0
            ],
            [
              200.0,
              150.0
            ],
            [
              0.0,
              150.0
            ]
          ]
        }
      ]
    },
    "uav": {
      "pose": {
        "x": 10.0,
        "y": 10.0,
        "z": 2.0,
        "yaw": 90.0
      },
      "speed_mps": 0.0,
      "energy": {
        "battery_pct": 76.0
      },
      "sensors": {
        "rgb": "ok",
        "thermal": "offline",
        "lidar": "ok",
        "radar": "offline",
        "gnss": "offline",
        "imu": "ok",
        "magnetometer": "ok",
        "barometer": "ok"
      },
      "payloads": []
    },
    "policy": {
      "alt_bounds": [
        1.0,
        15.0
      ]
    },
    "safety_flags": {
      "nfz_violation": false,
      "separation_breach": false
    }
  },
  "success": true,
  "_meta": {
    "seed": 42,
    "ts": 1763942232,
    "ts_iso": "2025-11-23T23:57:12Z",
    "gen_time_s": 43.051265239715576,
    "attempts_used": 1,
    "generation_failed": false,
    "usage": {
      "prompt_tokens": 1056,
      "completion_tokens": 3436,
      "total_tokens": 4492,
      "cost": 0.00286672,
      "is_byok": false,
      "prompt_tokens_details": {
        "cached_tokens": 1040,
        "audio_tokens": 0,
        "video_tokens": 0
      },
      "cost_details": {
        "upstream_inference_cost": null,
        "upstream_inference_prompt_cost": 0.00011792,
        "upstream_inference_completions_cost": 0.0027488
      },
      "completion_tokens_details": {
        "reasoning_tokens": 0,
        "image_tokens": 0
      }
    }
  }
}