{
  "initial_state": {
    "domain": "uav",
    "time_s": 0.0,
    "env": {
      "weather": "good",
      "wind_mps": 8.0,
      "wind_dir_deg": 240.0
    },
    "airspace": {
      "alt_bounds": [
        5.0,
        120.0
      ],
      "geofence": [
        {
          "type": "polygon",
          "points": [
            [
              0,
              0
            ],
            [
              200,
              0
            ],
            [
              200,
              150
            ],
            [
              0,
              150
            ]
          ]
        }
      ]
    },
    "uav": {
      "pose": {
        "x": 20.0,
        "y": 20.0,
        "z": 30.0,
        "yaw": 90.0
      },
      "speed_mps": 15.0,
      "energy": {
        "battery_pct": 100.0
      },
      "sensors": {
        "rgb": "ok",
        "thermal": "ok",
        "lidar": "offline",
        "radar": "offline",
        "gnss": "ok",
        "imu": "ok",
        "magnetometer": "ok",
        "barometer": "ok"
      },
      "payloads": []
    },
    "policy": {
      "alt_bounds": [
        5.0,
        120.0
      ]
    },
    "safety_flags": {
      "nfz_violation": false,
      "separation_breach": false
    }
  },
  "dialogue": [
    {
      "turn": 1,
      "speaker": "agent",
      "intent": "initiate_search_mission",
      "actions": [
        {
          "type": "mcp",
          "name": "read_telemetry",
          "args": {}
        },
        {
          "type": "a2a",
          "task": "activate_swarm",
          "to": "uav_swarm_agent",
          "payload": {
            "mission": "search_and_rescue",
            "target_area": "bridge_site"
          }
        }
      ],
      "obs": [
        {
          "tool": "read_telemetry",
          "result": {
            "pose": {
              "x": 20.0,
              "y": 20.0,
              "z": 30.0
            },
            "battery_pct": 100.0,
            "speed_mps": 15.0
          }
        },
        {
          "task": "activate_swarm",
          "from": "uav_swarm_agent",
          "status": "ok",
          "payload": {
            "swarm_size": 4,
            "status": "active"
          }
        }
      ],
      "net": {
        "slice": "eMBB",
        "lat_ms": 12,
        "jitter_ms": 2,
        "loss_pct": 0.1,
        "throughput_mbps": 850,
        "edge_load": 0.35
      }
    },
    {
      "turn": 2,
      "speaker": "user",
      "intent": "confirm_mission_and_adjust_sensors",
      "actions": [
        {
          "type": "mcp",
          "name": "toggle_sensor",
          "args": {
            "sensor": "lidar",
            "state": "on"
          }
        }
      ],
      "obs": [
        {
          "tool": "toggle_sensor",
          "result": {
            "sensor": "lidar",
            "state": "on",
            "status": "activated"
          }
        }
      ],
      "net": {
        "slice": "eMBB",
        "lat_ms": 11,
        "jitter_ms": 1.8,
        "loss_pct": 0.05,
        "throughput_mbps": 900,
        "edge_load": 0.38
      }
    },
    {
      "turn": 3,
      "speaker": "agent",
      "intent": "ascend_and_head_to_target",
      "actions": [
        {
          "type": "mcp",
          "name": "set_waypoint",
          "args": {
            "x": 100.0,
            "y": 100.0,
            "z": 80.0
          }
        },
        {
          "type": "mcp",
          "name": "read_telemetry",
          "args": {}
        }
      ],
      "obs": [
        {
          "tool": "set_waypoint",
          "result": {
            "status": "accepted",
            "eta_s": 32.5
          }
        },
        {
          "tool": "read_telemetry",
          "result": {
            "pose": {
              "x": 25.0,
              "y": 25.0,
              "z": 35.0
            },
            "battery_pct": 99.8,
            "speed_mps": 16.2
          }
        }
      ],
      "net": {
        "slice": "URLLC",
        "lat_ms": 8,
        "jitter_ms": 0.9,
        "loss_pct": 0.02,
        "throughput_mbps": 120,
        "edge_load": 0.4
      }
    },
    {
      "turn": 4,
      "speaker": "user",
      "intent": "request_thermal_scan",
      "actions": [
        {
          "type": "mcp",
          "name": "capture_image",
          "args": {
            "sensor": "thermal",
            "mode": "scan",
            "area": "50x50m_centered"
          }
        }
      ],
      "obs": [
        {
          "tool": "capture_image",
          "result": {
            "sensor": "thermal",
            "status": "completed",
            "targets_detected": 2,
            "thermal_anomalies": [
              {
                "x": 98.2,
                "y": 102.1,
                "temp_c": 36.7
              }
            ]
          }
        }
      ],
      "net": {
        "slice": "eMBB",
        "lat_ms": 14,
        "jitter_ms": 2.1,
        "loss_pct": 0.2,
        "throughput_mbps": 800,
        "edge_load": 0.52
      }
    },
    {
      "turn": 5,
      "speaker": "agent",
      "intent": "coordinate_swarm_for_verification",
      "actions": [
        {
          "type": "a2a",
          "task": "verify_thermal_anomaly",
          "to": "uav_swarm_agent",
          "payload": {
            "coordinates": [
              98.2,
              102.1
            ],
            "priority": "high"
          }
        }
      ],
      "obs": [
        {
          "task": "verify_thermal_anomaly",
          "from": "uav_swarm_agent",
          "status": "acknowledged",
          "payload": {
            "uav_id": "uav_3",
            "eta_s": 18
          }
        }
      ],
      "net": {
        "slice": "URLLC",
        "lat_ms": 7,
        "jitter_ms": 0.8,
        "loss_pct": 0.01,
        "throughput_mbps": 100,
        "edge_load": 0.45
      }
    },
    {
      "turn": 6,
      "speaker": "user",
      "intent": "report_network_degradation",
      "actions": [],
      "obs": [],
      "net": {
        "slice": "mMTC",
        "lat_ms": 200,
        "jitter_ms": 50,
        "loss_pct": 8.5,
        "throughput_mbps": 1.2,
        "edge_load": 0.88
      }
    },
    {
      "turn": 7,
      "speaker": "agent",
      "intent": "adapt_to_poor_network",
      "actions": [
        {
          "type": "mcp",
          "name": "read_telemetry",
          "args": {}
        }
      ],
      "obs": [
        {
          "tool": "read_telemetry",
          "result": {
            "pose": {
              "x": 75.0,
              "y": 75.0,
              "z": 78.0
            },
            "battery_pct": 98.5,
            "speed_mps": 14.0
          }
        }
      ],
      "net": {
        "slice": "mMTC",
        "lat_ms": 195,
        "jitter_ms": 52,
        "loss_pct": 9.1,
        "throughput_mbps": 1.0,
        "edge_load": 0.91
      }
    },
    {
      "turn": 8,
      "speaker": "user",
      "intent": "switch_to_local_control",
      "actions": [
        {
          "type": "mcp",
          "name": "set_local_mode",
          "args": {
            "mode": "manual_override"
          }
        }
      ],
      "obs": [
        {
          "tool": "set_local_mode",
          "result": {
            "mode": "manual_override",
            "status": "activated"
          }
        }
      ],
      "net": {
        "slice": "URLLC",
        "lat_ms": 9,
        "jitter_ms": 1.0,
        "loss_pct": 0.03,
        "throughput_mbps": 110,
        "edge_load": 0.65
      }
    },
    {
      "turn": 9,
      "speaker": "agent",
      "intent": "resume_autonomous_search",
      "actions": [
        {
          "type": "mcp",
          "name": "set_waypoint",
          "args": {
            "x": 150.0,
            "y": 120.0,
            "z": 60.0
          }
        },
        {
          "type": "a2a",
          "task": "report_status",
          "to": "uav_swarm_agent",
          "payload": {
            "mission_progress": 0.75,
            "anomalies_confirmed": 1
          }
        }
      ],
      "obs": [
        {
          "tool": "set_waypoint",
          "result": {
            "status": "accepted",
            "eta_s": 28.0
          }
        },
        {
          "task": "report_status",
          "from": "uav_swarm_agent",
          "status": "received",
          "payload": {
            "ack_id": "status_203"
          }
        }
      ],
      "net": {
        "slice": "URLLC",
        "lat_ms": 8,
        "jitter_ms": 0.9,
        "loss_pct": 0.02,
        "throughput_mbps": 115,
        "edge_load": 0.58
      }
    },
    {
      "turn": 10,
      "speaker": "user",
      "intent": "confirm_completion_and_return",
      "actions": [
        {
          "type": "mcp",
          "name": "set_waypoint",
          "args": {
            "x": 20.0,
            "y": 20.0,
            "z": 30.0
          }
        }
      ],
      "obs": [
        {
          "tool": "set_waypoint",
          "result": {
            "status": "accepted",
            "eta_s": 45.0
          }
        }
      ],
      "net": {
        "slice": "eMBB",
        "lat_ms": 13,
        "jitter_ms": 2.0,
        "loss_pct": 0.1,
        "throughput_mbps": 870,
        "edge_load": 0.42
      }
    }
  ],
  "final_state": {
    "domain": "uav",
    "time_s": 450.0,
    "env": {
      "weather": "good",
      "wind_mps": 8.0,
      "wind_dir_deg": 240.0
    },
    "airspace": {
      "alt_bounds": [
        5.0,
        120.0
      ],
      "geofence": [
        {
          "type": "polygon",
          "points": [
            [
              0,
              0
            ],
            [
              200,
              0
            ],
            [
              200,
              150
            ],
            [
              0,
              150
            ]
          ]
        }
      ]
    },
    "uav": {
      "pose": {
        "x": 20.0,
        "y": 20.0,
        "z": 30.0,
        "yaw": 90.0
      },
      "speed_mps": 0.0,
      "energy": {
        "battery_pct": 88.2
      },
      "sensors": {
        "rgb": "ok",
        "thermal": "ok",
        "lidar": "on",
        "radar": "offline",
        "gnss": "ok",
        "imu": "ok",
        "magnetometer": "ok",
        "barometer": "ok"
      },
      "payloads": []
    },
    "policy": {
      "alt_bounds": [
        5.0,
        120.0
      ]
    },
    "safety_flags": {
      "nfz_violation": false,
      "separation_breach": false
    }
  },
  "success": true,
  "_meta": {
    "seed": 42,
    "ts": 1763962920,
    "ts_iso": "2025-11-24T05:42:00Z",
    "gen_time_s": 47.06446552276611,
    "attempts_used": 1,
    "generation_failed": false,
    "usage": {
      "prompt_tokens": 1044,
      "completion_tokens": 3230,
      "total_tokens": 4274,
      "cost": 0.00274328,
      "is_byok": false,
      "prompt_tokens_details": {
        "cached_tokens": 640,
        "audio_tokens": 0,
        "video_tokens": 0
      },
      "cost_details": {
        "upstream_inference_cost": null,
        "upstream_inference_prompt_cost": 0.00015928,
        "upstream_inference_completions_cost": 0.002584
      },
      "completion_tokens_details": {
        "reasoning_tokens": 0,
        "image_tokens": 0
      }
    }
  }
}