{
  "initial_state": {
    "domain": "uav",
    "time_s": 0.0,
    "env": {
      "weather": "good",
      "wind_mps": 6.0,
      "wind_dir_deg": 180.0
    },
    "airspace": {
      "alt_bounds": [
        10.0,
        120.0
      ],
      "geofence": [
        {
          "type": "polygon",
          "points": [
            [
              0,
              0
            ],
            [
              200,
              0
            ],
            [
              200,
              300
            ],
            [
              0,
              300
            ]
          ]
        }
      ]
    },
    "uav": {
      "pose": {
        "x": 10.0,
        "y": 10.0,
        "z": 15.0,
        "yaw": 90.0
      },
      "speed_mps": 22.0,
      "energy": {
        "battery_pct": 100.0
      },
      "sensors": {
        "rgb": "ok",
        "thermal": "offline",
        "lidar": "ok",
        "radar": "ok",
        "gnss": "ok",
        "imu": "ok",
        "magnetometer": "ok",
        "barometer": "ok"
      },
      "payloads": []
    },
    "policy": {
      "alt_bounds": [
        10.0,
        120.0
      ]
    },
    "safety_flags": {
      "nfz_violation": false,
      "separation_breach": false
    }
  },
  "dialogue": [
    {
      "turn": 1,
      "speaker": "agent",
      "intent": "initiate mission and check telemetry",
      "actions": [
        {
          "type": "mcp",
          "name": "read_telemetry",
          "args": {}
        }
      ],
      "obs": [
        {
          "tool": "read_telemetry",
          "result": {
            "pose": {
              "x": 10.0,
              "y": 10.0,
              "z": 15.0
            },
            "battery_pct": 100.0,
            "speed_mps": 22.0
          }
        }
      ],
      "net": {
        "slice": "eMBB",
        "lat_ms": 12,
        "jitter_ms": 2,
        "loss_pct": 0.1,
        "throughput_mbps": 850,
        "edge_load": 0.35
      }
    },
    {
      "turn": 2,
      "speaker": "user",
      "intent": "confirm mission start and assign target",
      "actions": [
        {
          "type": "mcp",
          "name": "set_waypoint",
          "args": {
            "x": 180.0,
            "y": 280.0,
            "z": 100.0
          }
        }
      ],
      "obs": [
        {
          "tool": "set_waypoint",
          "result": {
            "status": "accepted",
            "target": {
              "x": 180.0,
              "y": 280.0,
              "z": 100.0
            }
          }
        }
      ],
      "net": {
        "slice": "eMBB",
        "lat_ms": 14,
        "jitter_ms": 3,
        "loss_pct": 0.05,
        "throughput_mbps": 820,
        "edge_load": 0.38
      }
    },
    {
      "turn": 3,
      "speaker": "agent",
      "intent": "activate sensors for navigation",
      "actions": [
        {
          "type": "mcp",
          "name": "activate_sensor",
          "args": {
            "sensor": "lidar"
          }
        },
        {
          "type": "mcp",
          "name": "activate_sensor",
          "args": {
            "sensor": "radar"
          }
        }
      ],
      "obs": [
        {
          "tool": "activate_sensor",
          "result": {
            "sensor": "lidar",
            "status": "active"
          }
        },
        {
          "tool": "activate_sensor",
          "result": {
            "sensor": "radar",
            "status": "active"
          }
        }
      ],
      "net": {
        "slice": "URLLC",
        "lat_ms": 8,
        "jitter_ms": 1,
        "loss_pct": 0.02,
        "throughput_mbps": 120,
        "edge_load": 0.42
      }
    },
    {
      "turn": 4,
      "speaker": "user",
      "intent": "request thermal sensor status",
      "actions": [
        {
          "type": "mcp",
          "name": "query_sensor",
          "args": {
            "sensor": "thermal"
          }
        }
      ],
      "obs": [
        {
          "tool": "query_sensor",
          "result": {
            "sensor": "thermal",
            "status": "offline",
            "reason": "hardware_fault"
          }
        }
      ],
      "net": {
        "slice": "mMTC",
        "lat_ms": 18,
        "jitter_ms": 5,
        "loss_pct": 0.5,
        "throughput_mbps": 1.2,
        "edge_load": 0.65
      }
    },
    {
      "turn": 5,
      "speaker": "agent",
      "intent": "compensate for thermal failure with lidar and radar fusion",
      "actions": [
        {
          "type": "a2a",
          "task": "sensor_fusion",
          "to": "perception_agent",
          "payload": {
            "sensors": [
              "lidar",
              "radar"
            ],
            "target_area": {
              "x": 180.0,
              "y": 280.0
            }
          }
        }
      ],
      "obs": [
        {
          "task": "sensor_fusion",
          "from": "perception_agent",
          "status": "ok",
          "payload": {
            "obstacle_map": "cleared",
            "confidence": 0.96
          }
        }
      ],
      "net": {
        "slice": "URLLC",
        "lat_ms": 9,
        "jitter_ms": 1,
        "loss_pct": 0.01,
        "throughput_mbps": 110,
        "edge_load": 0.45
      }
    },
    {
      "turn": 6,
      "speaker": "user",
      "intent": "check for nearby UAVs",
      "actions": [
        {
          "type": "a2a",
          "task": "proximity_check",
          "to": "uav_swarm_agent",
          "payload": {
            "radius_m": 100
          }
        }
      ],
      "obs": [
        {
          "task": "proximity_check",
          "from": "uav_swarm_agent",
          "status": "ok",
          "payload": {
            "nearby_uavs": [
              {
                "id": "uav-7",
                "distance_m": 87,
                "bearing_deg": 210
              }
            ],
            "separation_safe": true
          }
        }
      ],
      "net": {
        "slice": "URLLC",
        "lat_ms": 7,
        "jitter_ms": 1,
        "loss_pct": 0.03,
        "throughput_mbps": 105,
        "edge_load": 0.5
      }
    },
    {
      "turn": 7,
      "speaker": "agent",
      "intent": "adjust altitude due to wind shear warning",
      "actions": [
        {
          "type": "mcp",
          "name": "read_env",
          "args": {}
        },
        {
          "type": "mcp",
          "name": "adjust_altitude",
          "args": {
            "target_z": 80.0
          }
        }
      ],
      "obs": [
        {
          "tool": "read_env",
          "result": {
            "wind_mps": 14.0,
            "gusts": 22.0,
            "turbulence": "high"
          }
        },
        {
          "tool": "adjust_altitude",
          "result": {
            "status": "executing",
            "from_z": 15.0,
            "to_z": 80.0
          }
        }
      ],
      "net": {
        "slice": "URLLC",
        "lat_ms": 6,
        "jitter_ms": 1,
        "loss_pct": 0.0,
        "throughput_mbps": 100,
        "edge_load": 0.52
      }
    },
    {
      "turn": 8,
      "speaker": "user",
      "intent": "verify geofence compliance during climb",
      "actions": [
        {
          "type": "mcp",
          "name": "check_geofence",
          "args": {}
        }
      ],
      "obs": [
        {
          "tool": "check_geofence",
          "result": {
            "status": "within_bounds",
            "distance_to_boundary_m": 20.5
          }
        }
      ],
      "net": {
        "slice": "URLLC",
        "lat_ms": 7,
        "jitter_ms": 2,
        "loss_pct": 0.01,
        "throughput_mbps": 98,
        "edge_load": 0.54
      }
    },
    {
      "turn": 9,
      "speaker": "agent",
      "intent": "detect network degradation and switch to efficient telemetry",
      "actions": [
        {
          "type": "mcp",
          "name": "read_telemetry",
          "args": {}
        }
      ],
      "obs": [
        {
          "tool": "read_telemetry",
          "result": {
            "pose": {
              "x": 95.0,
              "y": 145.0,
              "z": 80.0
            },
            "battery_pct": 88.0,
            "speed_mps": 20.0
          }
        }
      ],
      "net": {
        "slice": "mMTC",
        "lat_ms": 45,
        "jitter_ms": 12,
        "loss_pct": 2.1,
        "throughput_mbps": 0.8,
        "edge_load": 0.88
      }
    },
    {
      "turn": 10,
      "speaker": "user",
      "intent": "request high-res imagery despite poor link",
      "actions": [
        {
          "type": "mcp",
          "name": "capture_image",
          "args": {
            "mode": "high_res",
            "sensor": "rgb"
          }
        }
      ],
      "obs": [
        {
          "tool": "capture_image",
          "result": {
            "status": "rejected",
            "reason": "insufficient_bandwidth",
            "suggestion": "use_low_res"
          }
        }
      ],
      "net": {
        "slice": "mMTC",
        "lat_ms": 52,
        "jitter_ms": 15,
        "loss_pct": 3.5,
        "throughput_mbps": 0.6,
        "edge_load": 0.92
      }
    },
    {
      "turn": 11,
      "speaker": "agent",
      "intent": "capture low-res image and confirm mission completion",
      "actions": [
        {
          "type": "mcp",
          "name": "capture_image",
          "args": {
            "mode": "low_res",
            "sensor": "rgb"
          }
        },
        {
          "type": "mcp",
          "name": "return_to_home",
          "args": {}
        }
      ],
      "obs": [
        {
          "tool": "capture_image",
          "result": {
            "status": "success",
            "image_id": "img_8821",
            "resolution": "640x480"
          }
        },
        {
          "tool": "return_to_home",
          "result": {
            "status": "initiated",
            "home": {
              "x": 10.0,
              "y": 10.0
            }
          }
        }
      ],
      "net": {
        "slice": "URLLC",
        "lat_ms": 10,
        "jitter_ms": 2,
        "loss_pct": 0.1,
        "throughput_mbps": 115,
        "edge_load": 0.6
      }
    }
  ],
  "final_state": {
    "domain": "uav",
    "time_s": 110.0,
    "env": {
      "weather": "good",
      "wind_mps": 14.0,
      "wind_dir_deg": 180.0
    },
    "airspace": {
      "alt_bounds": [
        10.0,
        120.0
      ],
      "geofence": [
        {
          "type": "polygon",
          "points": [
            [
              0,
              0
            ],
            [
              200,
              0
            ],
            [
              200,
              300
            ],
            [
              0,
              300
            ]
          ]
        }
      ]
    },
    "uav": {
      "pose": {
        "x": 110.0,
        "y": 160.0,
        "z": 80.0,
        "yaw": 270.0
      },
      "speed_mps": 18.0,
      "energy": {
        "battery_pct": 85.0
      },
      "sensors": {
        "rgb": "ok",
        "thermal": "offline",
        "lidar": "active",
        "radar": "active",
        "gnss": "ok",
        "imu": "ok",
        "magnetometer": "ok",
        "barometer": "ok"
      },
      "payloads": [
        {
          "type": "image",
          "id": "img_8821",
          "resolution": "640x480"
        }
      ]
    },
    "policy": {
      "alt_bounds": [
        10.0,
        120.0
      ]
    },
    "safety_flags": {
      "nfz_violation": false,
      "separation_breach": false
    }
  },
  "success": true,
  "_meta": {
    "seed": 42,
    "ts": 1763875359,
    "ts_iso": "2025-11-23T05:22:39Z",
    "gen_time_s": 39.77984261512756,
    "attempts_used": 1,
    "generation_failed": false,
    "usage": {
      "prompt_tokens": 1043,
      "completion_tokens": 3454,
      "total_tokens": 4497,
      "cost": 0.00292402,
      "is_byok": false,
      "prompt_tokens_details": {
        "cached_tokens": 624,
        "audio_tokens": 0,
        "video_tokens": 0
      },
      "cost_details": {
        "upstream_inference_cost": null,
        "upstream_inference_prompt_cost": 0.00016082,
        "upstream_inference_completions_cost": 0.0027632
      },
      "completion_tokens_details": {
        "reasoning_tokens": 0,
        "image_tokens": 0
      }
    }
  }
}