{
  "episode_id": "6gb_prompt_e2d6d6adb3b1c45d",
  "questions": [
    {
      "task_id": "T1",
      "task_name": "Intent Feasibility Assessment",
      "source_turn": 7,
      "question": "At turn 7, the UAV is operating under eMBB slice with latency spiking to 200ms, jitter at 50ms, packet loss at 8%, and throughput down to 50Mbps while edge load hits 0.9. The mission requires real-time collision avoidance with a maximum allowable latency of 15ms and packet loss under 1%. The UAV is 3.2km from base, traveling at 22m/s, and battery is at 100%. If network degradation persists for two more turns, the edge load may rise to 0.95, pushing latency beyond 300ms. Switching to URLLC now yields 9ms latency, 0.6ms jitter, 0.03% loss, and 100Mbps throughput, but reduces data rate for sensor fusion. Alternatively, maintaining eMBB risks mission failure if degradation continues, while mMTC offers 50ms latency but violates SLA by 3.3x. Given the UAV must return to base within 150 seconds and maintain at least 20% battery, which option should be selected?",
      "options": {
        "A": "Switch immediately to URLLC slice to meet latency and loss SLAs, accepting reduced throughput for sensor data.",
        "B": "Stay on eMBB for one more turn to monitor if degradation recovers, risking SLA violation if latency exceeds 300ms.",
        "C": "Switch to mMTC slice to reduce edge load to 0.6, accepting 50ms latency which exceeds SLA by 3.3x but preserves battery.",
        "D": "Initiate emergency return to base using current eMBB slice, accepting 200ms latency and 8% loss for 150s duration."
      },
      "correct": "A",
      "reason": "Switching to URLLC immediately ensures latency and loss remain within SLA bounds even under worst-case projections. Maintaining eMBB risks exceeding 300ms latency in two turns, which would violate real-time collision avoidance. mMTC’s 50ms latency is 3. 3x over SLA and unsafe for navigation. Emergency return on eMBB incurs 8% loss and 200ms latency, risking control failure.",
      "rationale_tag": "WORST_CASE_SLAS",
      "difficulty": "very_hard"
    },
    {
      "task_id": "T2",
      "task_name": "Intent Conflict Resolution",
      "source_turn": 7,
      "question": "At turn 7, the UAV is navigating toward a geofenced area with altitude bounds [1.0, 15.0] and is currently at z=5.0. The network slice has degraded to eMBB with latency 200ms, jitter 50ms, loss 8%, throughput 50Mbps, and edge load 0.9. The mission intent requires real-time telemetry for collision avoidance, which demands latency <10ms and loss <0.1%. Switching to URLLC would reduce latency to 9ms and loss to 0.03% but cap throughput at 100Mbps, insufficient for high-res video streaming. The UAV’s battery is at 100% but will deplete at 2% per minute if streaming continues. If degradation persists for two more turns, edge load may exceed 0.95, risking slice collapse. Which option should be selected?",
      "options": {
        "A": "Maintain eMBB to preserve video streaming; accept 200ms latency and 8% loss for one more turn, risking collision detection failure.",
        "B": "Switch to URLLC immediately; sacrifice video streaming to meet latency and loss SLAs, ensuring collision avoidance for next 3 turns.",
        "C": "Switch to mMTC to reduce edge load; accept 50ms latency and 0.5% loss, which may violate mission SLA but prevent network collapse.",
        "D": "Request manual override to bypass SLA; continue eMBB with current metrics, assuming degradation is temporary and will recover by turn 9."
      },
      "correct": "B",
      "reason": "Switching to URLLC ensures latency and loss remain within mission-critical thresholds for collision avoidance over the next three turns. Maintaining eMBB risks mission failure due to unacceptably high latency and loss. mMTC fails to meet latency SLA even under best case. Manual override ignores quantified risk of edge load exceeding 0. 95, which would cause network collapse.",
      "rationale_tag": "SAFETY_OVER_THROUGHPUT",
      "difficulty": "very_hard"
    },
    {
      "task_id": "T3",
      "task_name": "Intent Drift Detection",
      "source_turn": 7,
      "question": "At turn 7, the network slice remains eMBB despite latency spiking to 200ms, jitter to 50ms, and packet loss to 8%, while edge load hits 0.9. The mission requires sub-50ms latency for real-time control, and the SLA allows a maximum 5% loss. Historical data shows URLLC slice maintains latency under 10ms with loss under 0.05% but caps throughput at 125Mbps. If the degradation persists for two more turns, the UAV will miss its next waypoint by 300 meters due to control delay. Switching to URLLC now would reduce throughput from 50Mbps to 100Mbps, but ensure latency stays under 10ms. What if the degradation is temporary and recovers by turn 9? The current eMBB slice may recover to 15ms latency and 0.2% loss by turn 9, but there is a 30% chance it remains degraded. Which option should be selected?",
      "options": {
        "A": "Stay on eMBB, assuming recovery by turn 9; current throughput supports sensor streaming at 50Mbps, which is above minimum 30Mbps requirement.",
        "B": "Switch to URLLC immediately; latency and loss are already violating SLA, and worst-case persistence would cause mission failure by turn 9.",
        "C": "Switch to mMTC to reduce edge load; it has 50ms latency and 0.5% loss, which is within SLA bounds for non-critical telemetry.",
        "D": "Wait one turn and re-evaluate; if latency drops below 100ms by turn 8, stay on eMBB; otherwise, switch to URLLC."
      },
      "correct": "B",
      "reason": "The eMBB slice at turn 7 violates SLA with 200ms latency and 8% loss, exceeding the 50ms and 5% thresholds. Even if recovery is possible, the 30% chance of persistence means a 30% risk of 300m waypoint miss by turn 9. URLLC guarantees sub-10ms latency and 0. 03% loss, ensuring control integrity despite lower throughput. Waiting or staying risks mission failure under worst-case, while URLLC minimizes maximum regret across plausible futures.",
      "rationale_tag": "WORST_CASE_REGRET_MINIMIZATION",
      "difficulty": "very_hard"
    },
    {
      "task_id": "T4",
      "task_name": "Slice Selection Reasoning",
      "source_turn": 7,
      "question": "At turn 7, the UAV experiences severe network degradation: latency spikes to 200 ms, jitter to 50 ms, packet loss to 8%, throughput drops to 50 Mbps, and edge load reaches 0.9. The mission requires real-time telemetry and collision avoidance over the next 3 turns, with SLA thresholds of latency < 20 ms, jitter < 5 ms, loss < 1%, and throughput > 100 Mbps. URLLC offers 8–10 ms latency, 0.3–0.6 ms jitter, 0.01–0.03% loss, and 100–125 Mbps throughput at 0.15–0.2 edge load. eMBB currently violates SLA and is projected to remain overloaded with 0.9 edge load next turn. mMTC has 50 ms latency and 1.2 Mbps throughput, unsuitable for real-time control. If degradation persists for one more turn, eMBB will exceed 0.95 edge load and throughput may drop below 30 Mbps. Which slice should be selected to minimize maximum regret over the next 3 turns?",
      "options": {
        "A": "Switch to URLLC immediately: latency 8 ms, jitter 0.5 ms, loss 0.02%, throughput 115 Mbps, edge load 0.19 — meets all SLA thresholds and has headroom for future load.",
        "B": "Stay on eMBB: latency 200 ms, jitter 50 ms, loss 8%, throughput 50 Mbps, edge load 0.9 — violates SLA now and projected to worsen, risking mission failure.",
        "C": "Switch to mMTC: latency 50 ms, jitter 10 ms, loss 0.5%, throughput 1.2 Mbps, edge load 0.6 — fails throughput and latency SLA, unsuitable for real-time telemetry.",
        "D": "Wait one turn to see if eMBB recovers: if recovery occurs, latency may drop to 15 ms, but if not, throughput may fall below 30 Mbps and edge load exceed 0.95, risking irreversible control loss."
      },
      "correct": "A",
      "reason": "URLLC is the only slice that meets all current SLA thresholds and has sufficient margin to absorb future load increases. eMBB is already violating SLA and projected to degrade further, risking mission failure. mMTC lacks the throughput and latency required for real-time control. Waiting one turn introduces unacceptable risk as recovery is uncertain and worst-case degradation would cause irreversible control loss. The correct choice minimizes maximum regret by ensuring SLA compliance under worst-case projections.",
      "rationale_tag": "WORST_CASE_SLICE_SELECTION",
      "difficulty": "very_hard"
    },
    {
      "task_id": "T5",
      "task_name": "Slice Switching Decision",
      "source_turn": 7,
      "question": "At turn 7, the eMBB slice exhibits latency of 200 ms, jitter of 50 ms, packet loss of 8.0%, throughput of 50 Mbps, and edge load of 0.9, violating SLA thresholds of latency < 50 ms, loss < 1.0%, and throughput > 100 Mbps. The URLLC slice offers 9 ms latency, 0.6 ms jitter, 0.03% loss, 100 Mbps throughput, and 0.2 edge load, but its capacity is projected to increase edge load to 0.35 by turn 9 under current traffic. The mMTC slice has 50 ms latency, 10 ms jitter, 0.5% loss, 1.2 Mbps throughput, and 0.6 edge load, with no capacity headroom. A future turn 8 action will trigger a sensor data burst requiring 150 Mbps throughput for 2 turns. If degradation persists, eMBB will violate SLA by turn 8. Which option should be selected?",
      "options": {
        "A": "Switch to URLLC immediately; its latency and loss are within SLA, and edge load will remain below 0.4 even with projected increase.",
        "B": "Stay on eMBB; degradation may be transient, and switching risks exhausting URLLC capacity during the upcoming sensor burst.",
        "C": "Switch to mMTC; its latency is borderline acceptable at 50 ms, and it has no throughput constraints for low-bandwidth tasks.",
        "D": "Switch to URLLC but throttle sensor burst to 100 Mbps to preserve capacity, accepting partial data loss during turn 8–9."
      },
      "correct": "B",
      "reason": "Staying on eMBB avoids immediate capacity exhaustion in URLLC during the sensor burst. The eMBB degradation may recover as seen in turn 6 to 7 trends. Switching to URLLC would push edge load to 0. 35, nearing its 0. 4 capacity limit, risking SLA violation during the burst.",
      "rationale_tag": "WORST_CASE_REGRET_MINIMIZATION",
      "difficulty": "very_hard"
    },
    {
      "task_id": "T6",
      "task_name": "Slice Fairness vs Safety",
      "source_turn": 7,
      "question": "At turn 7, the eMBB slice experiences severe degradation: latency spikes to 200 ms, jitter to 50 ms, loss to 8%, throughput drops to 50 Mbps, and edge load reaches 0.9. The mission requires continuous telemetry and collision avoidance, which historically consumed 120 Mbps under URLLC with 8 ms latency. A swarm member is approaching within 1.5 km, and wind may increase to 5 m/s next turn. URLLC offers 100 Mbps throughput and 9 ms latency but is already at 0.2 edge load. mMTC has 1.2 Mbps and 50 ms latency but edge load is 0.6. eMBB may recover to 800 Mbps and 15 ms next turn with 50% probability. Which option should be selected to ensure safety and fairness across the swarm over the next two turns?",
      "options": {
        "A": "Stay on eMBB with 50% recovery chance; if recovery fails, switch to URLLC at turn 8 to avoid collision.",
        "B": "Immediately switch to URLLC; accept 100 Mbps throughput but guarantee sub-10 ms latency for collision avoidance.",
        "C": "Switch to mMTC to reduce edge load; accept 50 ms latency and 1.2 Mbps throughput for telemetry.",
        "D": "Wait one turn to observe eMBB recovery; if latency remains above 100 ms, switch to URLLC at turn 8."
      },
      "correct": "B",
      "reason": "Switching to URLLC immediately guarantees sub-10 ms latency required for collision avoidance, which is non-negotiable for safety. eMBB’s 50% recovery probability introduces unacceptable risk if degradation persists. mMTC’s 50 ms latency exceeds the 10 ms safety threshold. Waiting one turn risks collision if eMBB does not recover, and URLLC’s edge load of 0. 2 can absorb the additional load without exceeding 0.",
      "rationale_tag": "SAFETY_CRITICAL_LATENCY_BOUND",
      "difficulty": "very_hard"
    },
    {
      "task_id": "T7",
      "task_name": "Compute Placement Decision",
      "source_turn": 7,
      "question": "At turn 7, the UAV experiences severe network degradation with 200ms latency, 50ms jitter, 8% packet loss, and 50Mbps throughput under eMBB, while edge load is at 0.9. The mission requires inference with SLA of 50ms latency and 1% loss. URLLC offers 9ms latency, 0.6ms jitter, 0.03% loss, and 100Mbps throughput but only 0.2 edge load. Onboard inference consumes 15W and reduces battery by 0.5% per inference, while edge inference consumes 0.1W but risks SLA violation if network degrades further. If degradation persists for two more turns, onboard inference will drain 1% battery but guarantee SLA, while edge inference risks 100% failure if loss exceeds 1%. Which option should be selected?",
      "options": {
        "A": "Use edge inference via URLLC: latency and loss are within SLA, and edge load is low at 0.2.",
        "B": "Use onboard inference: guarantees SLA compliance despite higher power draw, avoiding network risk.",
        "C": "Use edge inference via eMBB: throughput is sufficient for inference, and latency may recover next turn.",
        "D": "Delay inference for one turn: wait for network recovery, risking mission timeout but preserving battery."
      },
      "correct": "B",
      "reason": "Onboard inference guarantees SLA compliance under worst-case network degradation over the next two turns. Edge inference via URLLC appears safe but carries hidden risk if edge load increases or jitter spikes. eMBB is already violating SLA and cannot be trusted. Delaying inference risks mission failure and does not reduce battery drain. The correct choice minimizes maximum regret by ensuring SLA even under persistent degradation.",
      "rationale_tag": "WORST_CASE_SLA_GUARANTEE",
      "difficulty": "very_hard"
    },
    {
      "task_id": "T8",
      "task_name": "Graceful Degradation under Edge Overload",
      "source_turn": 7,
      "question": "At turn 7, the UAV experiences severe network degradation: latency spikes to 200ms, jitter to 50ms, packet loss to 8%, throughput drops to 50Mbps, and edge load reaches 0.9. The SLA requires latency < 50ms and loss < 1% for autonomous navigation. The UAV is 12km from base, traveling at 22m/s, with 100% battery. Switching to URLLC reduces latency to 9ms but caps throughput at 100Mbps, insufficient for real-time lidar streaming. mMTC offers 50ms latency but 10ms jitter and 0.5% loss, risking SLA violation under worst-case jitter. eMBB may recover in 1–2 turns but currently violates SLA. Which option should be selected to minimize maximum regret over the next 3 turns while ensuring mission completion?",
      "options": {
        "A": "Switch to URLLC immediately: latency 9ms, loss 0.03%, edge load 0.2 — sacrifices lidar but meets SLA and stabilizes control.",
        "B": "Stay on eMBB for 1 more turn: hope for recovery; if not, switch to URLLC at turn 8 — risk SLA violation at turn 7 and 8 if degradation persists.",
        "C": "Switch to mMTC: latency 50ms (worst-case 60ms), loss 0.5%, jitter 10ms — meets nominal SLA but violates under worst-case jitter.",
        "D": "Reduce autonomy level to manual override: eliminates network dependency but requires continuous human input — not scalable for 12km return."
      },
      "correct": "A",
      "reason": "URLLC guarantees SLA compliance under worst-case conditions with 9ms latency and 0. 03% loss, while eMBB’s 200ms latency and 8% loss already violate SLA. mMTC’s 10ms jitter could push latency to 60ms, exceeding the 50ms SLA bound. Staying on eMBB risks two consecutive SLA violations if recovery fails. URLLC’s throughput limit sacrifices lidar but preserves core navigation, minimizing regret over the next three turns.",
      "rationale_tag": "WORST_CASE_SLAMIN",
      "difficulty": "very_hard"
    },
    {
      "task_id": "T9",
      "task_name": "Trust-Aware Offloading",
      "source_turn": 7,
      "question": "At turn 7, the UAV experiences severe network degradation with 200ms latency, 50ms jitter, 8% loss, and 50Mbps throughput under eMBB, while edge load is at 0.9. The mission requires real-time telemetry offloading to maintain collision avoidance, which demands latency under 10ms and loss under 0.1%. URLLC slice offers 8ms latency, 0.5ms jitter, 0.01% loss, and 120Mbps throughput but is currently at 0.15 edge load. However, policy prohibits offloading to edge nodes if the projected edge load exceeds 0.85 within the next two turns. Historical edge load growth under URLLC is 0.03 per turn, but under worst-case uncertainty, it could rise by 0.05 per turn. If the UAV continues using eMBB, latency may spike to 500ms next turn with 15% loss, risking mission failure. If it switches to URLLC, edge load may reach 0.25 next turn and 0.30 in two turns, well under the 0.85 threshold. However, if the UAV offloads high-priority telemetry now, the edge node may become overloaded in three turns due to cumulative load from other UAVs, which is not yet observable. Which option should be selected?",
      "options": {
        "A": "Continue using eMBB despite degradation, as URLLC throughput is insufficient for telemetry bursts.",
        "B": "Switch to URLLC immediately, as its latency and loss meet SLA and projected edge load remains under 0.85 for two turns.",
        "C": "Delay offloading for one turn to observe if eMBB recovers, risking telemetry loss if degradation persists.",
        "D": "Switch to URLLC but throttle telemetry rate to 50Mbps to reduce edge load growth, accepting 15ms latency."
      },
      "correct": "B",
      "reason": "URLLC meets the latency and loss SLA with 8ms and 0. 01% loss, which is critical for collision avoidance. Projected edge load under worst-case growth remains 0. 25 next turn and 0. 30 in two turns, both under the 0.",
      "rationale_tag": "POLICY_COMPLIANT_SLA_MEET",
      "difficulty": "very_hard"
    },
    {
      "task_id": "T10",
      "task_name": "SLA Violation Prediction",
      "source_turn": 7,
      "question": "At turn 7, the eMBB slice exhibits latency of 200 ms, jitter of 50 ms, packet loss of 8.0%, and throughput of 50 Mbps with edge load at 0.9. The SLA mandates latency < 50 ms, jitter < 10 ms, loss < 1.0%, and throughput > 100 Mbps. Historical degradation shows latency increased by 189 ms over 1 turn, jitter by 47 ms, loss by 7.8%, and throughput dropped by 750 Mbps. Assuming worst-case continuation of degradation trends for the next 2 turns, and given that switching to URLLC at turn 8 reduces latency to 9 ms but caps throughput at 100 Mbps, which option should be selected to minimize maximum regret over the next 3 turns?",
      "options": {
        "A": "Stay on eMBB: current degradation may reverse; throughput still supports sensor streaming at 50 Mbps for 1 more turn.",
        "B": "Switch to URLLC immediately: meets all SLA bounds now and for next 2 turns, despite throughput cap of 100 Mbps.",
        "C": "Switch to mMTC: latency 50 ms is borderline, but edge load 0.6 allows buffer; throughput 1.2 Mbps is insufficient for payload.",
        "D": "Wait 1 turn: if degradation slows, eMBB may recover; worst-case latency would hit 389 ms by turn 9, violating SLA by 339 ms."
      },
      "correct": "B",
      "reason": "Switching to URLLC at turn 8 ensures all SLA metrics remain within bounds for the next 3 turns under worst-case assumptions. Staying on eMBB risks latency exceeding 389 ms by turn 9, which is 339 ms over SLA. mMTC fails throughput by 98. 8 Mbps and latency by 0 ms at best. Waiting one turn incurs maximum regret if degradation continues, as SLA violation becomes unavoidable.",
      "rationale_tag": "WORST_CASE_REGRET_MINIMIZATION",
      "difficulty": "very_hard"
    },
    {
      "task_id": "T11",
      "task_name": "Preemptive Autonomy Downgrade",
      "source_turn": 7,
      "question": "At turn 7, the UAV experiences severe network degradation: latency spikes to 200ms, jitter to 50ms, packet loss to 8%, throughput drops to 50Mbps, and edge load reaches 0.9. The mission requires maintaining GNSS and IMU telemetry for navigation, which demands latency under 50ms and loss under 1%. The UAV has 100% battery and is flying at 22m/s within geofenced airspace. If degradation persists for two more turns, the UAV may lose position lock. Switching to URLLC now yields latency 9ms, loss 0.03%, throughput 100Mbps, edge load 0.2, but sacrifices sensor fusion bandwidth. Continuing on eMBB risks mission failure if degradation worsens beyond 250ms latency or 10% loss. A third option is to switch to mMTC, which offers 50ms latency and 0.5% loss but only 1.2Mbps throughput, insufficient for real-time telemetry. The fourth option is to initiate immediate descent to 1.0m altitude to reduce wind shear risk, which consumes 5% battery per minute and may trigger geofence violation if not coordinated. Which option should be selected?",
      "options": {
        "A": "Switch to URLLC immediately to ensure latency and loss remain within SLA bounds for the next 3 turns, accepting reduced throughput for sensor fusion.",
        "B": "Continue on eMBB for one more turn to monitor if degradation recovers, as historical recovery occurred within 2 turns in 70% of cases.",
        "C": "Switch to mMTC to meet latency and loss SLAs while conserving edge load, accepting the risk of telemetry starvation due to low throughput.",
        "D": "Initiate immediate descent to 1.0m altitude to mitigate wind shear, accepting battery drain and potential geofence violation if coordination fails."
      },
      "correct": "A",
      "reason": "Switching to URLLC immediately ensures latency and loss remain within SLA bounds for the next three turns, preventing position lock loss. Continuing on eMBB risks exceeding 250ms latency or 10% loss if degradation worsens, which would cause mission failure. mMTC fails to support real-time telemetry due to insufficient throughput, and descent introduces unnecessary battery drain and geofence risk without addressing the network root cause. URLLC minimizes maximum regret across plausible futures by preserving critical navigation telemetry under worst-case degradation.",
      "rationale_tag": "WORST_CASE_NETWORK_SLA_COMPLIANCE",
      "difficulty": "very_hard"
    },
    {
      "task_id": "T12",
      "task_name": "Conservative Continuation Decision",
      "source_turn": 7,
      "question": "At turn 7, the UAV experiences severe network degradation: eMBB slice latency spikes to 200 ms, jitter to 50 ms, packet loss to 8%, throughput drops to 50 Mbps, and edge load reaches 0.9. The mission requires continuous telemetry and GNSS updates with SLA bounds of latency ≤ 50 ms and loss ≤ 1%. The UAV has 100% battery and is at 5.0,20.0,5.0 within geofenced airspace. Wind remains steady at 3.0 m/s. If degradation persists for two more turns, the edge load may exceed 0.95, risking total slice collapse. Switching to URLLC now yields latency 9 ms, loss 0.03%, but throughput drops to 100 Mbps, insufficient for high-res video. Continuing on eMBB risks SLA violation and mission abort. Which option should be selected?",
      "options": {
        "A": "Continue on eMBB for one more turn to monitor if degradation recovers; if not, switch to URLLC at turn 8.",
        "B": "Immediately switch to URLLC to guarantee latency and loss SLA compliance, accepting reduced throughput.",
        "C": "Switch to mMTC for minimal bandwidth usage, accepting 50 ms latency and 0.5% loss, which is within SLA bounds.",
        "D": "Abort mission and return to base immediately to preserve UAV integrity and avoid SLA penalties."
      },
      "correct": "B",
      "reason": "Switching to URLLC immediately ensures latency and loss remain within SLA bounds even under worst-case degradation. Continuing on eMBB risks SLA violation within one turn due to edge load nearing collapse. mMTC appears compliant but its 50 ms latency is at SLA boundary and jitter is unbounded, risking violation under uncertainty. Aborting incurs full mission cost with no data return. URLLC’s throughput is sufficient for telemetry and GNSS, which are the critical mission functions.",
      "rationale_tag": "WORST_CASE_SLAMIN",
      "difficulty": "very_hard"
    },
    {
      "task_id": "T13",
      "task_name": "Swarm-Level Slice Negotiation",
      "source_turn": 7,
      "question": "At turn 7, the UAV experiences severe network degradation with eMBB slice latency spiking to 200 ms, jitter at 50 ms, packet loss at 8.0%, and throughput collapsing to 50 Mbps while edge load hits 0.9. The mission requires continuous telemetry and collision avoidance over the next 3 turns, with SLA thresholds of latency < 50 ms, loss < 1.0%, and throughput > 100 Mbps. URLLC slice offers 9 ms latency, 0.6 ms jitter, 0.03% loss, and 100 Mbps throughput at 0.2 edge load, but may degrade to 15 ms latency and 80 Mbps throughput under worst-case load. mMTC slice has 50 ms latency, 10 ms jitter, 0.5% loss, and 1.2 Mbps throughput at 0.6 edge load, with no degradation margin. eMBB may recover to 15 ms latency and 800 Mbps throughput in 2 turns if edge load drops below 0.5, but current load is 0.9 and rising. Given the mission must complete within 3 turns and no new slices are available, which option should be selected?",
      "options": {
        "A": "Switch to URLLC immediately; it meets SLA under nominal conditions and has sufficient margin to absorb worst-case degradation over 3 turns.",
        "B": "Stay on eMBB and wait for recovery; projected edge load will drop to 0.4 in 2 turns, restoring SLA compliance by turn 9.",
        "C": "Switch to mMTC; its latency is exactly at SLA limit and loss is acceptable, preserving bandwidth for other swarm agents.",
        "D": "Split traffic between URLLC and eMBB; allocate 70% to URLLC for control and 30% to eMBB for telemetry to balance load."
      },
      "correct": "A",
      "reason": "URLLC is the only slice that meets all SLA thresholds under worst-case degradation assumptions across the next three turns. eMBB recovery is uncertain and depends on edge load dropping below 0. 5, which is not guaranteed within the mission window. mMTC throughput is insufficient for telemetry and violates the 100 Mbps minimum. Splitting traffic increases complexity and risks violating latency SLA if eMBB does not recover.",
      "rationale_tag": "WORST_CASE_SLICE_SELECTION",
      "difficulty": "very_hard"
    },
    {
      "task_id": "T14",
      "task_name": "Scheduler Reconfiguration Adaptation",
      "source_turn": 11,
      "question": "The UAV is returning to base under URLLC slice with latency 8.0ms, jitter 0.3ms, loss 0.01%, throughput 125Mbps, and edge load 0.16. Historical data shows eMBB degraded to 200ms latency and 8% loss at turn 7, and mMTC had 50ms latency and 0.5% loss at turn 5. The mission requires maintaining control within 15ms latency and <1% loss for the next 3 turns. Edge load is projected to increase by 0.03 per turn if URLLC is maintained. If eMBB recovers to 15ms latency and 0.2% loss next turn, but with 0.4 edge load, and mMTC remains at 50ms latency with 0.5% loss, which option should be selected to minimize maximum regret over the next 3 turns under worst-case uncertainty?",
      "options": {
        "A": "Stay on URLLC: latency 8.0ms, loss 0.01%, edge load 0.16, projected edge load 0.25 by turn 14",
        "B": "Switch to eMBB: latency 15ms, loss 0.2%, edge load 0.4, risk of re-degradation to 200ms latency",
        "C": "Switch to mMTC: latency 50ms, loss 0.5%, edge load 0.6, violates latency SLA by 35ms",
        "D": "Switch to eMBB but with fallback to URLLC if latency exceeds 20ms: latency 15ms, loss 0.2%, edge load 0.4, adds 1ms switching latency"
      },
      "correct": "A",
      "reason": "URLLC maintains latency under 15ms and loss under 1% for all three turns even with edge load increasing to 0. 25. eMBB risks re-degradation to 200ms latency which violates SLA. mMTC violates latency SLA by 35ms immediately. The fallback option adds switching latency and still risks eMBB degradation.",
      "rationale_tag": "WORST_CASE_REGRET_MINIMIZATION",
      "difficulty": "very_hard"
    },
    {
      "task_id": "T15",
      "task_name": "Decision Consistency under Replanning",
      "source_turn": 11,
      "question": "At turn 11, the UAV is initiating return to base under URLLC with latency 8.0 ms, jitter 0.3 ms, loss 0.01%, throughput 125 Mbps, and edge load 0.16. Historical data shows eMBB degraded from 15 ms latency at turn 6 to 200 ms at turn 7, then recovered to 15 ms at turn 9 before switching to URLLC. URLLC has maintained latency under 9 ms since turn 8. The mission policy allows altitude between 1.0 and 15.0 meters, and the UAV is currently at 5.0 meters with 100% battery. Wind is 3.0 m/s from 180 degrees. If network degradation recurs with 90% probability over the next two turns, and edge load exceeds 0.85 triggers SLA violation, which option should be selected to ensure decision consistency with prior replanning and minimize maximum regret?",
      "options": {
        "A": "Maintain URLLC with current settings; latency is stable under 9 ms and edge load is 0.16, well below 0.85 SLA threshold.",
        "B": "Switch to mMTC to conserve bandwidth; latency is 50 ms but edge load is 0.6, which is below SLA and may avoid future congestion.",
        "C": "Revert to eMBB despite prior degradation; throughput is 800 Mbps and latency was 15 ms at turn 6, suggesting recovery potential.",
        "D": "Initiate emergency descent to 1.0 m altitude to reduce wind impact; this may lower network load by 15% but risks terrain collision if geofence is breached."
      },
      "correct": "A",
      "reason": "Maintaining URLLC is consistent with the prior decision at turn 8 to switch after eMBB degradation. URLLC’s edge load of 0. 16 is far below the 0. 85 SLA violation threshold and has shown stability over three turns. Reverting to eMBB risks repeating the 200 ms latency failure observed at turn 7.",
      "rationale_tag": "CONSISTENCY_UNDER_UNCERTAINTY",
      "difficulty": "very_hard"
    },
    {
      "task_id": "T16",
      "task_name": "Network-Exposed Compute Marketplace",
      "source_turn": 7,
      "question": "At turn 7, the UAV experiences severe network degradation: eMBB slice latency spikes to 200ms, jitter to 50ms, packet loss to 8%, throughput drops to 50Mbps, and edge load reaches 0.9. The mission requires real-time telemetry and collision avoidance, which historically consumed 120Mbps under URLLC with 8ms latency. A third-party compute provider offers to offload processing at 150ms latency with 95% reliability, but charges 3x the standard rate. Alternatively, the operator can switch to URLLC immediately, which has 9ms latency and 100Mbps throughput but may degrade further if edge load exceeds 0.85. The UAV battery is at 75% and will deplete in 12 minutes if no action is taken. If the degradation persists for two more turns, the mission will fail. Which option should be selected?",
      "options": {
        "A": "Switch to URLLC immediately; it has proven reliable under stress and maintains sub-10ms latency with 100Mbps throughput, even if edge load is 0.9.",
        "B": "Offload to third-party compute; despite 150ms latency, it guarantees 95% reliability and avoids edge load pressure, preserving local compute for critical functions.",
        "C": "Stay on eMBB and wait for natural recovery; historical data shows degradation lasted only one turn in 70% of cases, and battery allows 12 minutes of operation.",
        "D": "Switch to mMTC for minimal bandwidth; it has 50ms latency and 1.2Mbps throughput, sufficient for basic telemetry, and edge load is only 0.6, reducing risk of overload."
      },
      "correct": "B",
      "reason": "The third-party offload option minimizes maximum regret by guaranteeing 95% reliability despite higher latency, which is acceptable for non-critical telemetry processing. Switching to URLLC risks further degradation if edge load exceeds 0. 85, which is likely given current load of 0. 9. Staying on eMBB is too risky as degradation has already persisted one turn and may continue.",
      "rationale_tag": "WORST_CASE_RELIABILITY_OPTIMIZATION",
      "difficulty": "very_hard"
    },
    {
      "task_id": "T17",
      "task_name": "Network-Knowledge RAG Augmentation",
      "source_turn": 7,
      "question": "At turn 7, the UAV experiences severe network degradation: latency spikes to 200 ms, jitter to 50 ms, packet loss to 8.0%, throughput drops to 50 Mbps, and edge load reaches 0.9. The mission requires RAG-augmented decision-making with a latency SLA of 50 ms and a minimum throughput of 100 Mbps for critical telemetry. The next three turns will involve collision avoidance, waypoint confirmation, and sensor reactivation, each requiring at least 100 Mbps throughput and latency under 30 ms for safety. URLLC slice offers 9 ms latency, 0.6 ms jitter, 0.03% loss, 100 Mbps throughput, and 0.2 edge load, but switching incurs a 1-turn delay. eMBB slice may recover to 15 ms latency and 800 Mbps throughput in 1 turn with 70% probability, but if it fails, latency remains at 200 ms. mMTC slice has 50 ms latency and 1.2 Mbps throughput, violating both SLAs. Which option should be selected to minimize maximum regret over the next three turns under worst-case assumptions?",
      "options": {
        "A": "Switch to URLLC immediately; accept 1-turn delay but guarantee SLA compliance for turns 8–10 with 100 Mbps throughput and 9 ms latency.",
        "B": "Stay on eMBB and wait 1 turn; if recovery occurs (70% chance), enjoy 800 Mbps throughput and 15 ms latency; if not, violate SLAs for all three turns.",
        "C": "Switch to mMTC for immediate low-latency access; accept 1.2 Mbps throughput and risk mission failure due to insufficient bandwidth for RAG augmentation.",
        "D": "Remain on degraded eMBB for 2 turns; hope for recovery by turn 9, accepting SLA violations in turns 8 and 9 if recovery fails."
      },
      "correct": "A",
      "reason": "Switching to URLLC guarantees SLA compliance for turns 8 through 10 under worst-case assumptions, avoiding catastrophic throughput and latency violations. Staying on eMBB risks three consecutive SLA breaches if recovery fails, which is unacceptable for safety-critical RAG augmentation. mMTC fails throughput requirements outright. The 1-turn delay is offset by guaranteed performance in subsequent turns, minimizing maximum regret across plausible futures.",
      "rationale_tag": "WORST_CASE_REGRET_MINIMIZATION",
      "difficulty": "very_hard"
    },
    {
      "task_id": "T18",
      "task_name": "AI Agent Identity & Onboarding",
      "source_turn": 7,
      "question": "At turn 7, the UAV experiences severe network degradation on eMBB: latency spikes to 200ms, jitter to 50ms, packet loss to 8%, throughput drops to 50Mbps, and edge load reaches 0.9. The mission requires continuous telemetry and collision avoidance, both of which demand sub-10ms latency and under 1% loss. URLLC offers 8ms latency, 0.5ms jitter, 0.01% loss, and 120Mbps throughput but has a maximum edge load capacity of 0.25. mMTC provides 50ms latency, 10ms jitter, 0.5% loss, and 1.2Mbps throughput with edge load tolerance up to 0.8. If degradation persists for two more turns, and edge load increases by 0.05 per turn under URLLC, which option should be selected to ensure mission continuity while preserving agent identity integrity and avoiding SLA violation?",
      "options": {
        "A": "Switch to URLLC immediately; accept 0.19 edge load now and project 0.29 in two turns, which exceeds capacity by 0.04 but maintains latency and loss within bounds.",
        "B": "Remain on eMBB; current edge load is 0.9, which is near saturation, but latency and loss may recover in one turn as observed in turn 2.",
        "C": "Switch to mMTC; it tolerates edge load up to 0.8 and can handle 0.5% loss, which is acceptable for telemetry if collision avoidance is deferred.",
        "D": "Request manual override to prioritize collision avoidance on eMBB; accept 8% loss for one turn, then switch to URLLC if degradation continues."
      },
      "correct": "A",
      "reason": "URLLC maintains latency and loss within mission-critical thresholds even under worst-case edge load projection. eMBB cannot recover within two turns without violating SLA. mMTC fails latency requirements for collision avoidance. Manual override risks irreversible mission failure. The 0.",
      "rationale_tag": "WORST_CASE_LATENCY_SLA",
      "difficulty": "very_hard"
    },
    {
      "task_id": "T19",
      "task_name": "AI Agent Interoperability & Federation",
      "source_turn": 7,
      "question": "At turn 7, the UAV experiences severe network degradation on eMBB: latency spikes to 200ms, jitter to 50ms, packet loss to 8%, throughput drops to 50Mbps, and edge load reaches 0.9. The mission requires real-time telemetry for collision avoidance with a swarm agent, which previously operated under URLLC with 8ms latency and 0.01% loss. The UAV must now decide whether to continue on degraded eMBB, switch to URLLC with 100Mbps throughput, switch to mMTC with 1.2Mbps throughput, or request a temporary edge compute offload with 50ms latency. The swarm agent’s next coordination window is in 2 turns, and battery depletes at 0.5% per turn. If network degradation persists, telemetry updates may fail, risking collision. Which option should be selected?",
      "options": {
        "A": "Continue on degraded eMBB: latency 200ms, loss 8%, throughput 50Mbps, edge load 0.9 — sufficient for telemetry if no further degradation occurs.",
        "B": "Switch to URLLC: latency 9ms, loss 0.03%, throughput 100Mbps, edge load 0.2 — meets real-time requirements but may saturate if swarm coordination increases load.",
        "C": "Switch to mMTC: latency 50ms, loss 0.5%, throughput 1.2Mbps, edge load 0.6 — adequate for low-bandwidth telemetry but risks timeout during swarm sync.",
        "D": "Request edge compute offload: latency 50ms, loss 0.1%, throughput 20Mbps, edge load 0.7 — reduces local processing but adds dependency on edge node stability."
      },
      "correct": "B",
      "reason": "Switching to URLLC minimizes worst-case latency and packet loss, which are critical for collision avoidance. Although throughput is lower than eMBB, it exceeds the telemetry requirement of 5Mbps. The edge load of 0. 2 leaves headroom for swarm coordination in the next turn. Continuing on eMBB risks mission failure due to 8% loss and 200ms latency.",
      "rationale_tag": "WORST_CASE_LATENCY_MINIMIZATION",
      "difficulty": "very_hard"
    },
    {
      "task_id": "T20",
      "task_name": "Agent-to-Agent Communication Management",
      "source_turn": 7,
      "question": "At turn 7, the UAV experiences severe network degradation on eMBB: latency spikes to 200 ms, jitter to 50 ms, packet loss to 8%, throughput drops to 50 Mbps, and edge load reaches 0.9. The mission requires collision avoidance coordination with a swarm agent within 100 ms latency and under 1% loss for the next 3 turns. URLLC offers 9 ms latency, 0.6 ms jitter, 0.03% loss, 100 Mbps throughput, and 0.2 edge load, but may degrade to 15 ms latency and 0.5% loss under worst-case conditions. mMTC provides 50 ms latency, 10 ms jitter, 0.5% loss, 1.2 Mbps throughput, and 0.6 edge load, but throughput may drop to 0.8 Mbps. eMBB may recover to 15 ms latency and 0.2% loss by turn 9, but edge load could rise to 0.95 if traffic persists. Given these constraints and the need to maintain coordination for 3 turns, which option should be selected?",
      "options": {
        "A": "Switch to URLLC immediately; it meets SLA under worst-case and has low edge load, ensuring stability for 3 turns.",
        "B": "Stay on eMBB; recovery is expected by turn 9, and throughput is sufficient for telemetry, minimizing regret if recovery occurs.",
        "C": "Switch to mMTC; it meets latency SLA and has lower edge load than eMBB, suitable for low-bandwidth coordination.",
        "D": "Wait one turn to observe recovery; if eMBB improves, avoid switching; if not, switch to URLLC at turn 8."
      },
      "correct": "A",
      "reason": "URLLC remains within latency and loss SLA even under worst-case degradation, ensuring mission continuity for three turns. eMBB recovery is uncertain and edge load is near saturation, risking further degradation. mMTC throughput is insufficient for coordination payloads, and waiting incurs immediate SLA violation risk. URLLC’s low edge load also minimizes future congestion regret.",
      "rationale_tag": "WORST_CASE_SLA_COMPLIANCE",
      "difficulty": "very_hard"
    },
    {
      "task_id": "T21",
      "task_name": "Device-Network Task Offload Arbitration",
      "source_turn": 7,
      "question": "At turn 7, the UAV detects severe network degradation: eMBB slice latency spikes to 200ms with 50ms jitter, 8% packet loss, and throughput drops to 50Mbps while edge load hits 0.9. The UAV must offload a critical object detection task requiring 100Mbps throughput and 50ms latency SLA. URLLC slice offers 9ms latency, 0.6ms jitter, 0.03% loss, 100Mbps throughput, and 0.2 edge load but is reserved for collision avoidance. mMTC slice has 50ms latency, 10ms jitter, 0.5% loss, 1.2Mbps throughput, and 0.6 edge load. The UAV battery is at 100% but will deplete 5% per minute if local inference runs. If degradation persists for two more turns, local inference will exceed thermal limits. Which option should be selected?",
      "options": {
        "A": "Offload to URLLC despite reservation; it meets SLA with 41ms margin and edge load remains under 0.3 even if it increases by 0.1 next turn.",
        "B": "Run locally; battery allows 20 minutes of inference and thermal limits are not breached until turn 9 under worst-case degradation.",
        "C": "Offload to mMTC; latency is within SLA at 50ms and throughput is sufficient if task is compressed to 1Mbps, which is feasible under current conditions.",
        "D": "Wait one turn; network may recover as it did after turn 3, and local inference can handle the task for 60 seconds without exceeding thermal limits."
      },
      "correct": "A",
      "reason": "URLLC meets the 50ms latency SLA with 41ms margin and maintains throughput above 100Mbps. Even if edge load increases by 0. 1 next turn, it remains under 0. 3, avoiding congestion. Local inference risks thermal failure by turn 9 under persistent degradation.",
      "rationale_tag": "WORST_CASE_MARGIN_AND_REGRET_MINIMIZATION",
      "difficulty": "very_hard"
    },
    {
      "task_id": "T22",
      "task_name": "Federated / Collaborative Learning Orchestration",
      "source_turn": 7,
      "question": "The UAV is currently experiencing severe network degradation with 200ms latency, 50ms jitter, 8% packet loss, and 50Mbps throughput under eMBB slice, while edge load is at 0.9. Federated model updates require at least 100Mbps throughput and latency under 50ms to complete within 2 turns without violating SLA. URLLC slice offers 9ms latency, 0.6ms jitter, 0.03% loss, and 100Mbps throughput with edge load 0.2, but can only sustain 100Mbps for 3 turns before congestion. mMTC slice has 50ms latency, 10ms jitter, 0.5% loss, and 1.2Mbps throughput with edge load 0.6, which is insufficient for model sync. If network degradation persists for one more turn, the UAV must decide whether to delay federated training, switch to URLLC with risk of future congestion, or attempt mMTC with guaranteed failure. Which option should be selected?",
      "options": {
        "A": "Delay federated training for 1 turn to wait for eMBB recovery, assuming 50% chance of improvement to 100ms latency and 100Mbps throughput next turn.",
        "B": "Switch immediately to URLLC slice, accepting 100Mbps throughput and 9ms latency now, but risking edge load exceeding 0.8 in 2 turns if no other devices release bandwidth.",
        "C": "Attempt federated training over mMTC slice, accepting 1.2Mbps throughput and 50ms latency, which will cause 100% model sync failure but preserve battery for critical navigation.",
        "D": "Switch to URLLC and reduce model update frequency by 50%, accepting 50Mbps effective throughput, which may complete training in 4 turns but risks violating SLA if latency exceeds 50ms in turn 9."
      },
      "correct": "B",
      "reason": "URLLC provides the only slice meeting current SLA thresholds for latency and throughput while maintaining edge load below 0. 3. Delaying training risks mission failure if degradation persists beyond one turn. mMTC cannot support the required bandwidth. Reducing update frequency extends training beyond SLA window.",
      "rationale_tag": "WORST_CASE_SLICE_SELECTION",
      "difficulty": "very_hard"
    },
    {
      "task_id": "T23",
      "task_name": "Network-Assisted Digital Twin Control",
      "source_turn": 7,
      "question": "At turn 7, the UAV's eMBB slice exhibits latency of 200 ms, jitter of 50 ms, packet loss of 8.0%, and throughput of 50 Mbps, while edge load is at 0.9. The mission requires continuous telemetry for digital twin synchronization, with a hard SLA of 50 ms latency and 1% loss. The next three turns project edge load increasing by 0.05 per turn if eMBB persists, and URLLC offers 9 ms latency, 0.6 ms jitter, 0.03% loss, and 100 Mbps throughput at 0.2 edge load. If wind speed increases to 5.0 m/s next turn, telemetry update rate must double to maintain control stability. Which option should be selected to minimize maximum regret over the next three turns under worst-case network degradation and environmental uncertainty?",
      "options": {
        "A": "Remain on eMBB; current throughput supports telemetry, and edge load may stabilize at 0.9 without further increase.",
        "B": "Switch to URLLC immediately; latency and loss are within SLA, and edge load is low, but throughput may limit sensor fusion updates.",
        "C": "Switch to mMTC; latency is 50 ms, which meets SLA marginally, and edge load is 0.6, but throughput is only 1.2 Mbps and loss is 0.5%.",
        "D": "Wait one turn to observe if eMBB recovers; if latency drops below 100 ms, stay; otherwise switch to URLLC."
      },
      "correct": "B",
      "reason": "URLLC maintains latency and loss within SLA even under worst-case jitter and edge load growth. eMBB violates SLA by 4x latency and 8x loss, risking digital twin desynchronization. mMTC throughput is insufficient for doubled telemetry rate under increased wind. Waiting one turn risks irreversible control loss if degradation persists. URLLC’s throughput supports minimal telemetry even if sensor fusion is throttled.",
      "rationale_tag": "WORST_CASE_SLAMINIMIZATION",
      "difficulty": "very_hard"
    },
    {
      "task_id": "T24",
      "task_name": "Sensing-Enhanced Decisioning (ISAC)",
      "source_turn": 7,
      "question": "At turn 7, the UAV experiences severe network degradation: latency spikes to 200 ms, jitter to 50 ms, loss to 8%, throughput drops to 50 Mbps, and edge load reaches 0.9. The mission requires real-time collision avoidance with a 100 ms SLA latency bound and 1% loss tolerance. The UAV’s lidar and radar remain offline, leaving only RGB, thermal, GNSS, IMU, and barometer active. The next three turns project edge load to remain above 0.85 with 90% probability, and latency may further degrade by 20% if no action is taken. Switching to URLLC at turn 8 reduces latency to 9 ms but caps throughput at 100 Mbps, insufficient for high-res RGB streaming. Maintaining eMBB risks SLA violation within 2 turns. Activating radar would require 150 Mbps throughput and 50 ms latency, which is currently unattainable. Which option should be selected?",
      "options": {
        "A": "Switch to URLLC immediately to guarantee sub-10 ms latency and 0.03% loss, accepting reduced throughput for sensor fusion using only GNSS, IMU, and thermal data.",
        "B": "Maintain eMBB and attempt to activate radar, projecting that edge load will drop below 0.7 in 2 turns, restoring 150 Mbps throughput and enabling radar fusion.",
        "C": "Switch to mMTC to conserve edge resources, accepting 50 ms latency and 0.5% loss, while relying solely on GNSS and barometer for coarse navigation.",
        "D": "Delay decision for one turn to collect more telemetry, assuming current degradation is transient and may recover to 15 ms latency and 0.2% loss as seen at turn 6."
      },
      "correct": "A",
      "reason": "Switching to URLLC ensures latency remains under 10 ms and loss under 0. 03%, satisfying the 100 ms SLA and 1% loss tolerance even under worst-case projection. Maintaining eMBB risks SLA violation within two turns as edge load remains above 0. 85. mMTC exceeds latency SLA by fivefold and lacks fusion capability.",
      "rationale_tag": "WORST_CASE_COMPLIANCE",
      "difficulty": "very_hard"
    },
    {
      "task_id": "T25",
      "task_name": "AI-Agent-based Disaster / Public-Safety Coordination",
      "source_turn": 7,
      "question": "At turn 7, the UAV experiences severe network degradation: eMBB slice latency spikes to 200ms, jitter to 50ms, packet loss to 8%, throughput drops to 50Mbps, and edge load reaches 0.9. The mission requires continuous telemetry and sensor data transmission for collision avoidance and situational awareness over the next 3 turns. The UAV’s battery is at 100% and speed is 22m/s, but the geofence boundary is 40m away in the y-direction and altitude must remain between 1m and 15m. Switching to URLLC slice reduces latency to 9ms but caps throughput at 100Mbps, while mMTC offers 50ms latency but only 1.2Mbps throughput and 0.6 edge load. If degradation persists for two more turns, which option minimizes maximum regret under worst-case latency and throughput constraints while ensuring mission continuity and safety?",
      "options": {
        "A": "Switch to URLLC immediately; latency drops to 9ms with 0.03% loss and 100Mbps throughput, edge load 0.2 — sufficient for telemetry but may limit sensor data bursts.",
        "B": "Stay on eMBB; latency may recover to 15ms next turn as seen in turn 6, but if degradation persists, throughput may drop below 30Mbps by turn 9, risking telemetry loss.",
        "C": "Switch to mMTC; latency is 50ms with 0.5% loss and 1.2Mbps throughput, edge load 0.6 — acceptable for low-bandwidth telemetry but insufficient for thermal or RGB sensor streams.",
        "D": "Delay decision until turn 8; if network recovers to eMBB metrics from turn 6 (15ms latency, 800Mbps), continue; otherwise switch to URLLC — but risk 200ms latency in turn 8 if no recovery."
      },
      "correct": "A",
      "reason": "URLLC provides the lowest worst-case latency and jitter, critical for collision avoidance over the next three turns. Although throughput is capped at 100Mbps, it exceeds the 50Mbps minimum required for telemetry and partial sensor data. Staying on eMBB risks telemetry failure if degradation persists, and mMTC’s 1. 2Mbps is insufficient for any sensor stream. Delaying decision incurs unacceptable risk of missed control commands under persistent degradation.",
      "rationale_tag": "WORST_CASE_LATENCY_SAFETY",
      "difficulty": "very_hard"
    },
    {
      "task_id": "T26",
      "task_name": "Trust-Aware Third-Party Agent Exposure",
      "source_turn": 7,
      "question": "At turn 7, network degradation is detected: eMBB slice latency spikes to 200ms, jitter to 50ms, loss to 8%, throughput drops to 50Mbps, and edge load reaches 0.9. The UAV is at 5.0,20.0,5.0 with 100% battery, and the mission requires telemetry updates every 2 seconds for collision avoidance. A third-party agent requests full sensor API access for predictive pathing, citing a 95% trust score and compliance with SLA-7. However, the current network state violates SLA-7’s latency cap of 50ms and throughput floor of 100Mbps. If degradation persists for one more turn, edge load may hit 0.95, risking total slice collapse. Under worst-case jitter and loss, even URLLC’s 8ms latency could degrade to 15ms with 0.5% loss, insufficient for real-time control. Option A grants full access assuming recovery by turn 9. Option B grants read-only telemetry with 100ms latency tolerance. Option C denies all access until edge load drops below 0.7. Option D grants partial access with 50% bandwidth cap and 20ms latency SLA. Which option should be selected?",
      "options": {
        "A": "Grant full sensor API access assuming network recovery by turn 9.",
        "B": "Grant read-only telemetry access with 100ms latency tolerance.",
        "C": "Deny all third-party access until edge load drops below 0.7.",
        "D": "Grant partial access with 50% bandwidth cap and 20ms latency SLA."
      },
      "correct": "D",
      "reason": "Option D minimizes maximum regret by enforcing a 20ms latency SLA that remains viable under worst-case URLLC degradation. It caps bandwidth to prevent edge load from exceeding 0. 95, preserving slice stability for critical control. Options A and B risk mission failure if degradation persists, while C incurs unnecessary operational delay. Only D balances trust, regulation, and real-time constraints across the next two turns.",
      "rationale_tag": "WORST_CASE_REGRET_MINIMIZATION",
      "difficulty": "very_hard"
    },
    {
      "task_id": "T27",
      "task_name": "Agent Lifecycle & Management",
      "source_turn": 7,
      "question": "At turn 7, the UAV experiences severe network degradation: latency spikes to 200ms, jitter to 50ms, packet loss to 8%, throughput drops to 50Mbps, and edge load reaches 0.9. The mission requires continuous telemetry and collision avoidance, with SLA thresholds of latency < 50ms, loss < 1%, and edge load < 0.8. The UAV has 100% battery and is at 5m altitude, within geofenced airspace. If degradation persists for one more turn, telemetry may fail, risking collision. URLLC slice offers 9ms latency, 0.6ms jitter, 0.03% loss, 100Mbps throughput, and 0.2 edge load but cannot support high-res video. eMBB slice currently fails SLA but may recover next turn with 80% probability. mMTC slice has 50ms latency but 0.5% loss and 0.6 edge load, insufficient for real-time control. Which option should be selected?",
      "options": {
        "A": "Switch immediately to URLLC slice to guarantee SLA compliance for the next 3 turns, accepting loss of high-res video capability.",
        "B": "Stay on eMBB slice for one more turn, betting on 80% recovery probability, risking SLA violation and collision if degradation persists.",
        "C": "Switch to mMTC slice to reduce edge load to 0.6, accepting 50ms latency and 0.5% loss, which marginally exceeds SLA but may suffice for telemetry.",
        "D": "Initiate emergency landing now to avoid any risk, terminating the mission and incurring full mission failure penalty."
      },
      "correct": "A",
      "reason": "URLLC slice guarantees all SLA metrics for the next three turns under worst-case conditions. eMBB has 20% chance of continued failure, which would violate latency and loss SLAs and risk collision. mMTC exceeds latency SLA by 0ms and loss by 0. 4%, making it non-compliant under strict interpretation. Emergency landing incurs maximum regret by abandoning mission prematurely when a compliant alternative exists.",
      "rationale_tag": "WORST_CASE_SLAMINIMIZATION",
      "difficulty": "very_hard"
    },
    {
      "task_id": "T28",
      "task_name": "6G Model Training-as-a-Service Decision",
      "source_turn": 7,
      "question": "At turn 7, the UAV experiences severe network degradation: eMBB slice latency spikes to 200ms, jitter to 50ms, packet loss to 8%, throughput drops to 50Mbps, and edge load reaches 0.9. A customer requests immediate LLM fine-tuning via 6G Model Training-as-a-Service, requiring 100Mbps sustained throughput and latency under 50ms for 3 turns. The URLLC slice currently offers 100Mbps throughput, 9ms latency, 0.03% loss, and 0.2 edge load but may degrade to 80Mbps and 15ms latency under worst-case load. The mMTC slice offers 1.2Mbps throughput and 50ms latency but is stable. The eMBB slice may recover to 800Mbps and 15ms latency in 2 turns if no new load is added. Which option should be selected to minimize maximum regret over the next 3 turns while preserving mission integrity?",
      "options": {
        "A": "Accept the training task on URLLC slice now, accepting 100Mbps throughput and 9ms latency, with risk of degradation to 80Mbps and 15ms in turn 8.",
        "B": "Reject the task now and wait for eMBB recovery in 2 turns, accepting 0 training progress now but potential 800Mbps throughput and 15ms latency by turn 9.",
        "C": "Accept the task on mMTC slice, accepting 1.2Mbps throughput and 50ms latency, which meets minimum SLA but risks training failure due to low bandwidth.",
        "D": "Split the task: run 50% on URLLC and 50% on mMTC, accepting hybrid performance with 40.6Mbps average throughput and 32.5ms average latency, risking coordination failure."
      },
      "correct": "B",
      "reason": "Option B minimizes maximum regret by avoiding immediate SLA violation and preserving mission-critical URLLC stability. Accepting on URLLC risks throughput dropping below 100Mbps in turn 8, violating SLA. mMTC cannot sustain required throughput. Splitting introduces coordination risk and still fails SLA. Waiting allows eMBB recovery to 800Mbps by turn 9, ensuring SLA compliance with margin and no degradation risk to current mission.",
      "rationale_tag": "WORST_CASE_REGRET_MINIMIZATION",
      "difficulty": "very_hard"
    },
    {
      "task_id": "T29",
      "task_name": "Immersive/AR Resource Prioritization",
      "source_turn": 7,
      "question": "At turn 7, the eMBB slice experiences severe degradation: latency spikes to 200ms, jitter to 50ms, loss to 8%, throughput drops to 50Mbps, and edge load hits 0.9. The mission requires continuous AR overlay with SLA of <30ms latency and >100Mbps throughput. URLLC slice is available with 9ms latency, 0.6ms jitter, 0.03% loss, 100Mbps throughput, and 0.2 edge load. mMTC slice offers 50ms latency, 10ms jitter, 0.5% loss, 1.2Mbps throughput, and 0.6 edge load. If degradation persists for two more turns, eMBB will violate SLA by turn 9. URLLC throughput may drop to 80Mbps under sustained load. mMTC cannot support AR. Which option should be selected to minimize maximum regret over the next three turns while maintaining mission continuity?",
      "options": {
        "A": "Stay on eMBB; throughput may recover to 800Mbps by turn 9, and edge load is already high at 0.9.",
        "B": "Switch to URLLC; latency and jitter meet SLA, but throughput may degrade to 80Mbps under sustained load, risking AR quality.",
        "C": "Switch to mMTC; latency is 50ms which exceeds SLA, but it has low loss and can handle telemetry if AR is paused.",
        "D": "Split traffic: 70% to URLLC for control, 30% to eMBB for AR; assumes eMBB recovers and URLLC can handle partial load."
      },
      "correct": "B",
      "reason": "URLLC provides the only slice meeting latency and jitter SLA with sufficient throughput for AR under worst-case projection. eMBB will violate SLA by turn 9 if degradation persists. mMTC cannot support AR due to throughput and latency limits. Splitting traffic increases complexity and risk if eMBB does not recover. URLLC’s projected 80Mbps throughput is still above minimum AR requirement and avoids SLA violation.",
      "rationale_tag": "WORST_CASE_LATENCY_MARGIN",
      "difficulty": "very_hard"
    },
    {
      "task_id": "T30",
      "task_name": "Network Security Detection & Response Automation",
      "source_turn": 7,
      "question": "At turn 7, the network exhibits severe degradation: latency spikes to 200ms, jitter reaches 50ms, packet loss hits 8%, throughput drops to 50Mbps, and edge load climbs to 0.9. The mission requires continuous telemetry and collision avoidance, both latency-sensitive. URLLC slice offers 8ms latency, 0.5ms jitter, 0.01% loss, 120Mbps throughput, and 0.15 edge load, but its capacity is capped at 150Mbps and may degrade under load. eMBB slice previously supported 870Mbps but is now unstable. mMTC slice has 50ms latency and 1.2Mbps throughput, unsuitable for real-time control. If degradation persists for two more turns, edge load may exceed 0.95, risking total failure. Which option should be selected?",
      "options": {
        "A": "Switch immediately to URLLC slice, accepting 120Mbps throughput as sufficient for telemetry and collision avoidance, and monitor edge load for next 2 turns.",
        "B": "Remain on eMBB slice, assuming transient degradation, and attempt to recover throughput by reducing sensor data rate by 50% to stay under 800Mbps.",
        "C": "Switch to mMTC slice to reduce edge load to 0.6, accepting 50ms latency and 1.2Mbps throughput, and defer collision avoidance until network stabilizes.",
        "D": "Initiate emergency landing, abandoning mission, to prevent loss of UAV due to potential network failure under current eMBB conditions."
      },
      "correct": "A",
      "reason": "URLLC slice provides the lowest latency and jitter, critical for collision avoidance, and its 120Mbps throughput exceeds the 50Mbps telemetry requirement. Edge load of 0. 15 is well below the 0. 95 failure threshold, offering a safety margin even if load increases slightly. eMBB’s instability and high edge load make it risky to remain, while mMTC’s latency and throughput are inadequate for real-time control.",
      "rationale_tag": "WORST_CASE_LATENCY_MARGIN",
      "difficulty": "very_hard"
    }
  ]
}