{
  "episode_id": "6gb_prompt_50fd70dc0c9cc3bf",
  "questions": [
    {
      "task_id": "T5",
      "task_name": "Slice Switching Decision",
      "source_turn": 6,
      "question": "At turn 6 the UAV encounters weather impact while flying at altitude 20.0 m within the policy altitude bounds of 5.0 to 120.0. The network briefly degrades on mMTC with latency 50 ms, jitter 10 ms, loss 1.2 percent, throughput 1.5 Mbps, and edge load 0.75. In prior and subsequent turns the URLLC slice shows latency fluctuating between 7 ms and 9 ms, jitter between 0.8 ms and 1.3 ms, loss between 0.03 percent and 0.07 percent, throughput between 110 and 140 Mbps, and edge load between 0.25 and 0.35. The eMBB slice earlier and later shows latency between 12 ms and 15 ms, jitter between 2 ms and 3 ms, loss between 0.1 percent and 0.2 percent, throughput between 800 and 850 Mbps, and edge load between 0.45 and 0.5. The UAV speed is 18.0 mps and battery is 100.0 percent, so at least two more turns of flight and return are expected. Weather risk is microburst related and may persist for one to two additional turns, creating uncertainty in latency and loss. A slice switch itself is assumed to consume one turn of stabilization with performance equal to the worst observed metrics of the target slice. If degradation similar to turn 6 repeats once, the operator must minimize maximum regret over the next three turns. Considering worst case metrics and future regret rather than immediate quality, which option should be selected?",
      "options": {
        "A": "Switch immediately to mMTC because its latency of 50 ms and loss of 1.2 percent are acceptable for telemetry and avoid edge load above 0.7.",
        "B": "Switch to eMBB because its throughput of 800 to 850 Mbps provides margin if URLLC degrades and its edge load stays near 0.5.",
        "C": "Stay on URLLC despite brief degradation since its worst case latency of 9 ms and edge load of 0.35 remain bounded across turns.",
        "D": "Defer the decision one turn and then switch to the slice with the lowest observed jitter, which is mMTC at 10 ms during turn 6."
      },
      "correct": "C",
      "reason": "URLLC maintains the smallest worst case latency and loss even when its observed variability is considered across multiple turns. Switching incurs a stabilization turn that would expose the mission to the worst metrics of mMTC or eMBB during ongoing weather risk. Over two to three turns this creates higher maximum regret because mMTC fails badly if degradation repeats and eMBB trends upward in latency and edge load. Staying on URLLC minimizes regret while remaining within policy altitude limits and supporting continued navigation and return.",
      "rationale_tag": "MINIMAX_REGRET_UNDER_UNCERTAINTY",
      "difficulty": "very_hard"
    },
    {
      "task_id": "T6",
      "task_name": "Slice Fairness vs Safety",
      "source_turn": 11,
      "question": "At turn 11 the UAV is returning to base after payload drop while relying on swarm coordination for navigation backup. Across prior turns the network alternated among eMBB, URLLC, and mMTC with latencies of 6 to 50 ms, jitter of 0.8 to 10 ms, loss of 0.03 to 1.2 percent, and edge_load between 0.25 and 0.75. The weather context includes microburst risk with altitude constrained to the policy range of 5 to 120 meters, which introduces uncertainty if rapid adjustments are needed. During turn 6 the mMTC slice showed 50 ms latency and 0.75 edge_load, while URLLC in turns 7 to 9 stayed below 9 ms latency and 0.35 edge_load but offered lower throughput near 110 to 140 Mbps. eMBB in turns 1, 2, and 10 provided high throughput near 800 to 850 Mbps but latency rose to 15 ms with jitter up to 3 ms and edge_load around 0.5. Assume the next two turns may repeat the worst observed conditions for any chosen slice. The UAV must share capacity fairly with other swarm members while avoiding loss of navigation safety if another microburst forces altitude change within bounds. A myopic choice would favor immediate throughput, while a safety aligned choice might overload the edge for others. The decision should minimize maximum regret over the next two turns if degradation persists. Which slice should be selected now?",
      "options": {
        "A": "Select eMBB because 800 Mbps throughput and 15 ms latency are acceptable now even if edge_load stays near 0.5 for the next turn.",
        "B": "Select URLLC because latency stayed between 6 and 9 ms and edge_load remained below 0.35, accepting lower throughput of about 120 Mbps.",
        "C": "Select mMTC because fairness is improved when edge_load can reach 0.75 and latency up to 50 ms is tolerable during return.",
        "D": "Alternate between eMBB and URLLC each turn to balance 850 Mbps throughput against 8 ms latency."
      },
      "correct": "B",
      "reason": "The URLLC slice has the lowest worst case latency and jitter among observed values while keeping edge load far from the 0. 75 congestion seen on mMTC. Even if the worst case repeats, its margin relative to the highest observed latency remains positive for safety during altitude changes. eMBB appears acceptable in a single turn but shows higher jitter and edge load that increase regret if weather forces rapid control updates. Over two turns URLLC minimizes maximum regret by protecting navigation while not monopolizing edge capacity.",
      "rationale_tag": "MINIMAX_REGRET",
      "difficulty": "very_hard"
    },
    {
      "task_id": "T12",
      "task_name": "Conservative Continuation Decision",
      "source_turn": 6,
      "question": "At turn 6 the UAV is operating under microburst risk with wind at 12.0 mps and radar offline while flying at 18.0 mps. Network conditions have oscillated across turns from URLLC latency 7 to 9 ms with jitter 0.9 to 1.3 ms to mMTC latency 45 to 50 ms with jitter 9 to 10 ms and loss 1.0 to 1.2 pct. Battery remains at 100.0 pct and altitude is within policy bounds of 5.0 to 120.0 m after an adjustment. The current edge_load has spiked as high as 0.75 on mMTC but later recovered to 0.28 to 0.35 on URLLC. The operator must decide whether to conservatively continue the mission for the next two turns assuming the worst case that the degraded mMTC conditions reappear. Continuing aggressively risks command delay during a microburst while aborting early risks mission failure after payload deployment readiness. Four continuation strategies are proposed that all claim to be safe under current readings. One option prioritizes immediate low latency, one prioritizes battery conservation, one prioritizes network stability under worst case, and one assumes recovery based on the last turn. Considering worst case latency, jitter, and loss over the next one to three turns and minimizing maximum regret rather than current performance, which option should be selected?",
      "options": {
        "A": "Continue at 18.0 mps using URLLC since latency was 7 to 9 ms with loss 0.04 to 0.07 pct and edge_load stayed below 0.35 in recent turns.",
        "B": "Continue but reduce speed to conserve the 100.0 pct battery and accept possible mMTC latency of 45 to 50 ms and loss up to 1.2 pct if conditions revert.",
        "C": "Continue only with adaptive switching that assumes worst case mMTC latency 50 ms and jitter 10 ms while staying within 5.0 to 120.0 m altitude bounds to cap future risk.",
        "D": "Continue normally based on the last observed recovery to URLLC latency 8 ms and edge_load 0.31, assuming degradation does not persist."
      },
      "correct": "C",
      "reason": "Option C remains acceptable even if latency returns to 50 ms and jitter to 10 ms while keeping the vehicle within policy altitude limits. It limits worst case regret because it explicitly plans for the highest observed loss of 1. 2 pct and edge load of 0. 75 rather than assuming recovery. Options A and D rely on recent low latency that could fail over the next turns under microburst risk.",
      "rationale_tag": "MINIMAX_REGRET_UNDER_UNCERTAINTY",
      "difficulty": "very_hard"
    },
    {
      "task_id": "T14",
      "task_name": "Scheduler Reconfiguration Adaptation",
      "source_turn": 11,
      "question": "At turn 11 the AI scheduler has reconfigured traffic to mMTC with latency 45 ms, jitter 9 ms, loss 1.0 percent, throughput 2.0 Mbps, and edge load 0.7 while the UAV is returning to base at speed 18.0 mps with battery at 100 percent. Earlier turns show mMTC degrading to latency 50 ms, jitter 10 ms, loss 1.2 percent, and edge load 0.75 under weather monitoring load. URLLC previously achieved latency between 6 and 9 ms with edge load between 0.25 and 0.35 but lower throughput near 110 to 140 Mbps. The airspace and policy altitude bounds are 5.0 to 120.0 m and the UAV altitude before return was 20.0 m, leaving limited margin to the lower bound if turbulence forces descent. The scheduler must remain consistent for the next two turns even if microburst risk persists and network conditions worsen to the worst observed values. A reconfiguration now risks temporary inconsistency penalties for one turn but may reduce regret if degradation continues. One option optimizes the current turn only, one barely violates bounds in a bad case, and one ignores uncertainty. Considering worst case network degradation, altitude safety margins, and two turn regret, the operator must choose a least bad scheduler adjustment. Which option should be selected?",
      "options": {
        "A": "Keep mMTC unchanged because latency 45 ms and edge load 0.7 are acceptable this turn and battery is 100 percent.",
        "B": "Switch fully to URLLC now accepting throughput near 115 Mbps and edge load near 0.32 to minimize control latency over the next two turns.",
        "C": "Blend eMBB for control and mMTC for telemetry relying on latency near 15 ms and edge load near 0.5 as seen at turn 10.",
        "D": "Defer any change for one more turn assuming edge load stays below 0.7 and loss below 1.0 percent."
      },
      "correct": "B",
      "reason": "Option B minimizes worst case regret because URLLC maintains sub 10 ms latency even if conditions revert to the worst observed mMTC values next turn. The altitude margin to the lower bound is only 15 m, so tighter control under turbulence reduces violation risk over two turns. Options A and D appear safe now but fail if edge load rises to 0. 75 and latency to 50 ms again. Option C ignores uncertainty by assuming eMBB stability despite higher latency under load.",
      "rationale_tag": "MINIMAX_REGRET",
      "difficulty": "very_hard"
    },
    {
      "task_id": "T15",
      "task_name": "Decision Consistency under Replanning",
      "source_turn": 11,
      "question": "At turn 11 the UAV is returning to base after a successful drop while microburst risk persists and the radar remains offline. Across turns 9 to 11 the network slice shifted from URLLC to mMTC, with latency observed at 6 ms, 15 ms, and then 45 ms, jitter rising from 0.8 ms to 9 ms, and edge load increasing from 0.25 to 0.7. The policy altitude bounds remain 5 to 120 m and the UAV altitude earlier was 20 m, with wind at 12 mps from 270 degrees. The battery was 100 percent initially and speed was set to 18 mps, so any delay directly affects margin for contingencies. Assume the recent degradation could persist for the next two turns with latency anywhere in the observed 6 to 50 ms range and loss up to 1.2 percent. Decision consistency requires avoiding a plan that contradicts the earlier choice to conserve battery while returning. One option is to switch back to URLLC immediately to regain low latency, another is to remain on mMTC to avoid replanning churn, another is to slow down to reduce risk, and another is to re-enter eMBB for monitoring. Each option has a downside within the next two turns if conditions worsen. Under worst case assumptions and minimizing maximum regret over the next one to two turns, which option should be selected?",
      "options": {
        "A": "Switch immediately back to URLLC, accepting throughput around 130 Mbps and edge load near 0.3 to minimize current latency even if replanning again next turn.",
        "B": "Remain on mMTC with latency possibly reaching 50 ms and loss up to 1.2 percent to stay consistent with the current return plan and avoid another slice change.",
        "C": "Reduce speed below 18 mps while staying on mMTC to offset higher latency and jitter without changing the network slice.",
        "D": "Move to eMBB with latency around 15 ms and edge load near 0.5 to improve monitoring during return despite higher jitter."
      },
      "correct": "C",
      "reason": "Option C preserves the prior decision to conserve battery while avoiding a contradictory network switch under uncertainty. Slowing down mitigates the worst case 50 ms latency and 9 ms jitter without adding replanning overhead in the next turn. Switching slices again looks good at 6 to 8 ms but risks repeated churn if degradation persists, increasing future regret. Remaining fast on mMTC or moving to eMBB both fail when loss and latency stay at their observed highs for another turn.",
      "rationale_tag": "MINIMAX_REGRET_UNDER_UNCERTAINTY",
      "difficulty": "very_hard"
    },
    {
      "task_id": "T19",
      "task_name": "AI Agent Interoperability & Federation",
      "source_turn": 6,
      "question": "During coordinated return-to-base, the UAV must federate navigation data with a swarm agent and a weather analysis agent over heterogeneous network slices. Observed latencies span from 6 ms on URLLC to 50 ms on mMTC, with jitter ranging from 0.8 ms to 10 ms across recent turns. Packet loss varies between 0.03 pct and 1.2 pct, while throughput ranges from 1.5 mbps to 140 mbps depending on slice. Edge load has fluctuated between 0.25 and 0.75, and the UAV maintains a speed of 18.0 mps within altitude policy bounds of 5.0 to 120.0. Radar remains offline, increasing reliance on shared navigation data for at least the next two turns. One option prioritizes low latency, another prioritizes bandwidth, a third balances load, and a fourth defers federation until conditions stabilize. Worst case conditions must assume the highest observed latency, jitter, loss, and edge load persist simultaneously. The choice must minimize maximum regret if degradation continues for two turns instead of recovering. Which option should be selected?",
      "options": {
        "A": "Federate immediately over URLLC using low latency of 6 to 9 ms despite throughput capped near 110 to 140 mbps and potential future edge load increases from 0.25 toward 0.35.",
        "B": "Federate over eMBB to exploit 800 to 850 mbps throughput with latencies of 12 to 15 ms and edge load around 0.45 to 0.5.",
        "C": "Federate over mMTC accepting 45 to 50 ms latency and 1.0 to 1.2 pct loss because edge load can reach 0.7 to 0.75 without congestion collapse.",
        "D": "Delay federation for two turns to wait for recovery, maintaining solo navigation at 18.0 mps within altitude bounds of 5.0 to 120.0."
      },
      "correct": "B",
      "reason": "Option B provides a stable margin under worst case by keeping latency well below the highest observed 50 ms while avoiding the severe loss seen on mMTC. It sustains sufficient throughput to compensate for radar outage without saturating edge load beyond 0. 5. Over two turns, URLLC risks capacity and future regret if edge load rises, while delay compounds navigation risk. Thus the balanced profile minimizes maximum regret if degradation persists.",
      "rationale_tag": "MINIMAX_REGRET_FEDERATION",
      "difficulty": "very_hard"
    },
    {
      "task_id": "T20",
      "task_name": "Agent-to-Agent Communication Management",
      "source_turn": 3,
      "question": "At turn 3 the agent established agent to agent navigation support while radar was offline and relied on horizontal updates from a swarm peer. Across turns 3 to 9 the URLLC slice showed latency values of 8, 8, 9, 7, 8, and 6 ms with jitter between 0.8 and 1.3 ms and loss between 0.03 and 0.07 percent. Over the same mission window the eMBB slice showed latency of 12, 13, and 15 ms with jitter of 2 to 3 ms and edge load rising from 0.45 to 0.5. The mMTC slice appeared at turns 6 and 11 with latency of 50 and 45 ms, jitter of 10 and 9 ms, loss of 1.2 and 1.0 percent, throughput of 1.5 and 2.0 Mbps, and edge load of 0.75 and 0.7. The UAV speed was 18.0 mps and battery was 100 percent initially, implying continued coordination is needed over the next two turns during return while weather risk persists. Assume worst case means the highest observed latency, jitter, loss, and edge load for a slice over the last three observations. If coordination degrades for two more turns, delayed or lost peer updates increase path correction error under microburst risk. One option is to keep direct URLLC agent to agent routing with current parameters. Another option is to reroute agent to agent traffic via eMBB as a relay to gain higher throughput. A third option is to downgrade coordination to mMTC to minimize edge contention. A fourth option is to use URLLC but accept rising edge load seen earlier in the mission. Which option should be selected?",
      "options": {
        "A": "Keep direct URLLC agent to agent routing because worst case latency is bounded by 9 ms with loss under 0.07 percent despite edge load near 0.32.",
        "B": "Reroute agent to agent traffic over eMBB because throughput of 800 to 850 Mbps offsets latency of 12 to 15 ms and edge load up to 0.5.",
        "C": "Downgrade agent to agent coordination to mMTC since edge load peaks at 0.75 but traffic volume is small and throughput of 1.5 to 2.0 Mbps is sufficient.",
        "D": "Use URLLC now but plan to switch to mMTC next turn if edge load increases from 0.35 to 0.7 as previously observed."
      },
      "correct": "A",
      "reason": "The URLLC slice has the lowest worst case latency and loss across observed turns, which matters when coordination persists for two more turns under weather risk. Even at its highest observed edge load it remains far below the mMTC congestion levels. eMBB appears acceptable in a single turn but its higher latency compounds regret if delays persist. Planning a switch introduces additional future risk because mMTC worst case latency and loss are already much higher.",
      "rationale_tag": "MINIMAX_REGRET_UNDER_UNCERTAINTY",
      "difficulty": "very_hard"
    },
    {
      "task_id": "T25",
      "task_name": "AI-Agent-based Disaster / Public-Safety Coordination",
      "source_turn": 11,
      "question": "At turn 11 the UAV is returning to base with battery at 100 percent initially and speed previously set to 18 mps under microburst risk with wind at 12.0 mps. Across recent turns the network alternated between URLLC with latency 6 to 9 ms jitter 0.8 to 1.3 ms loss 0.03 to 0.07 and mMTC with latency 45 to 50 ms jitter 9 to 10 ms loss 1.0 to 1.2 and edge load up to 0.75. eMBB was also observed with latency 12 to 15 ms jitter 2 to 3 ms loss 0.1 to 0.2 and throughput around 800 to 850 Mbps with edge load near 0.5. Radar is offline so navigation relies on swarm coordination and GNSS while altitude must remain within 5.0 to 120.0 meters. The return leg is expected to last several turns and weather degradation may persist for one more turn. Command escalation can either prioritize low latency control or higher throughput sensing and logging. If worst case network conditions repeat the UAV must avoid loss of coordination that could violate the geofence. Each option below selects a slice and coordination posture for the next two turns with an explicit tradeoff. No option avoids all risk because edge load or loss may rise again. Which option should be selected?",
      "options": {
        "A": "Stay on URLLC for both turns with swarm navigation support, accepting throughput around 120 to 140 Mbps and edge load near 0.3 to minimize latency under possible jitter up to 1.3 ms.",
        "B": "Switch immediately to eMBB for both turns to exploit 800 to 850 Mbps throughput for richer sensing, tolerating latency up to 15 ms and jitter up to 3 ms with edge load near 0.5.",
        "C": "Remain on mMTC for both turns to reduce edge contention, accepting latency up to 50 ms jitter up to 10 ms and loss up to 1.2 percent because return is non urgent.",
        "D": "Use URLLC for the next turn then downgrade to eMBB on the following turn, assuming weather improves and avoiding sustained low throughput below 140 Mbps."
      },
      "correct": "A",
      "reason": "The worst observed latency and jitter on mMTC and eMBB are much higher than URLLC and would amplify coordination error when radar is offline. Over two turns the worst case loss of 1. 2 percent and jitter of 10 ms could compound and increase geofence risk if degradation persists. URLLC has lower throughput but its edge load and loss remain lowest across observed turns which limits maximum regret if conditions worsen again. The two turn horizon penalizes the mixed strategy because it assumes recovery that is not guaranteed under microburst risk.",
      "rationale_tag": "MINIMAX_REGRET_UNDER_UNCERTAINTY",
      "difficulty": "very_hard"
    }
  ]
}