{
  "initial_state": {
    "domain": "uav",
    "time_s": 0.0,
    "env": {
      "weather": "microburst_risk",
      "wind_mps": 8.0,
      "wind_dir_deg": 270.0
    },
    "airspace": {
      "alt_bounds": [
        20.0,
        180.0
      ],
      "geofence": [
        {
          "type": "polygon",
          "points": [
            [
              100.0,
              100.0
            ],
            [
              900.0,
              100.0
            ],
            [
              900.0,
              900.0
            ],
            [
              100.0,
              900.0
            ]
          ]
        }
      ]
    },
    "uav": {
      "pose": {
        "x": 150.0,
        "y": 500.0,
        "z": 30.0,
        "yaw": 90.0
      },
      "speed_mps": 25.0,
      "energy": {
        "battery_pct": 100.0
      },
      "sensors": {
        "rgb": "ok",
        "thermal": "ok",
        "lidar": "offline",
        "radar": "offline",
        "gnss": "ok",
        "imu": "ok",
        "magnetometer": "ok",
        "barometer": "ok"
      },
      "payloads": []
    },
    "policy": {
      "alt_bounds": [
        20.0,
        180.0
      ]
    },
    "safety_flags": {
      "nfz_violation": false,
      "separation_breach": false
    }
  },
  "dialogue": [
    {
      "turn": 1,
      "speaker": "agent",
      "intent": "initiate_survey_mission",
      "actions": [
        {
          "type": "mcp",
          "name": "read_telemetry",
          "args": {}
        },
        {
          "type": "a2a",
          "task": "request_weather_update",
          "to": "weather_agent",
          "payload": {
            "location": [
              500.0,
              500.0
            ],
            "horizon": 300
          }
        }
      ],
      "obs": [
        {
          "tool": "read_telemetry",
          "result": {
            "pose": {
              "x": 150.0,
              "y": 500.0,
              "z": 30.0
            },
            "battery_pct": 100.0,
            "speed_mps": 25.0
          }
        },
        {
          "task": "request_weather_update",
          "from": "weather_agent",
          "status": "ok",
          "payload": {
            "microburst_probability": 0.65,
            "gust_front": true
          }
        }
      ],
      "net": {
        "slice": "eMBB",
        "lat_ms": 12,
        "jitter_ms": 2,
        "loss_pct": 0.1,
        "throughput_mbps": 850,
        "edge_load": 0.35
      }
    },
    {
      "turn": 2,
      "speaker": "user",
      "intent": "approve_altitude_adjustment",
      "actions": [
        {
          "type": "mcp",
          "name": "set_altitude",
          "args": {
            "target_z": 120.0
          }
        }
      ],
      "obs": [
        {
          "tool": "set_altitude",
          "result": {
            "status": "accepted",
            "target_z": 120.0
          }
        }
      ],
      "net": {
        "slice": "eMBB",
        "lat_ms": 14,
        "jitter_ms": 3,
        "loss_pct": 0.2,
        "throughput_mbps": 800,
        "edge_load": 0.4
      }
    },
    {
      "turn": 3,
      "speaker": "agent",
      "intent": "ascend_to_survey_altitude",
      "actions": [
        {
          "type": "mcp",
          "name": "execute_maneuver",
          "args": {
            "maneuver": "climb",
            "target_z": 120.0,
            "rate_mps": 3.0
          }
        }
      ],
      "obs": [
        {
          "tool": "execute_maneuver",
          "result": {
            "status": "in_progress",
            "current_z": 65.0,
            "time_to_completion_s": 18.3
          }
        }
      ],
      "net": {
        "slice": "URLLC",
        "lat_ms": 8,
        "jitter_ms": 1,
        "loss_pct": 0.05,
        "throughput_mbps": 100,
        "edge_load": 0.2
      }
    },
    {
      "turn": 4,
      "speaker": "user",
      "intent": "request_thermal_scan",
      "actions": [
        {
          "type": "mcp",
          "name": "activate_sensor",
          "args": {
            "sensor": "thermal"
          }
        }
      ],
      "obs": [
        {
          "tool": "activate_sensor",
          "result": {
            "sensor": "thermal",
            "status": "active"
          }
        }
      ],
      "net": {
        "slice": "eMBB",
        "lat_ms": 110,
        "jitter_ms": 25,
        "loss_pct": 5.0,
        "throughput_mbps": 200,
        "edge_load": 0.85
      }
    },
    {
      "turn": 5,
      "speaker": "agent",
      "intent": "adapt_to_network_degradation",
      "actions": [
        {
          "type": "mcp",
          "name": "read_telemetry",
          "args": {}
        }
      ],
      "obs": [
        {
          "tool": "read_telemetry",
          "result": {
            "pose": {
              "x": 150.0,
              "y": 500.0,
              "z": 120.0
            },
            "battery_pct": 98.7,
            "speed_mps": 20.0
          }
        }
      ],
      "net": {
        "slice": "mMTC",
        "lat_ms": 200,
        "jitter_ms": 50,
        "loss_pct": 8.0,
        "throughput_mbps": 1,
        "edge_load": 0.95
      }
    },
    {
      "turn": 6,
      "speaker": "user",
      "intent": "switch_to_low_bandwidth_mode",
      "actions": [
        {
          "type": "mcp",
          "name": "set_sensor_mode",
          "args": {
            "mode": "low_bandwidth",
            "sensors": [
              "rgb"
            ]
          }
        }
      ],
      "obs": [
        {
          "tool": "set_sensor_mode",
          "result": {
            "status": "applied",
            "active_sensors": [
              "rgb"
            ]
          }
        }
      ],
      "net": {
        "slice": "URLLC",
        "lat_ms": 10,
        "jitter_ms": 2,
        "loss_pct": 0.1,
        "throughput_mbps": 150,
        "edge_load": 0.3
      }
    },
    {
      "turn": 7,
      "speaker": "agent",
      "intent": "resume_survey_with_reduced_sensors",
      "actions": [
        {
          "type": "mcp",
          "name": "plan_waypoints",
          "args": {
            "waypoints": [
              [
                200.0,
                600.0,
                120.0
              ],
              [
                300.0,
                700.0,
                120.0
              ],
              [
                400.0,
                800.0,
                120.0
              ]
            ]
          }
        }
      ],
      "obs": [
        {
          "tool": "plan_waypoints",
          "result": {
            "status": "planned",
            "estimated_duration_s": 45.0,
            "battery_impact_pct": 3.2
          }
        }
      ],
      "net": {
        "slice": "URLLC",
        "lat_ms": 9,
        "jitter_ms": 1,
        "loss_pct": 0.05,
        "throughput_mbps": 120,
        "edge_load": 0.25
      }
    },
    {
      "turn": 8,
      "speaker": "user",
      "intent": "confirm_waypoints",
      "actions": [
        {
          "type": "mcp",
          "name": "execute_waypoints",
          "args": {}
        }
      ],
      "obs": [
        {
          "tool": "execute_waypoints",
          "result": {
            "status": "started",
            "current_waypoint_idx": 0
          }
        }
      ],
      "net": {
        "slice": "URLLC",
        "lat_ms": 11,
        "jitter_ms": 2,
        "loss_pct": 0.1,
        "throughput_mbps": 130,
        "edge_load": 0.3
      }
    },
    {
      "turn": 9,
      "speaker": "agent",
      "intent": "monitor_execution_and_avoid_risk",
      "actions": [
        {
          "type": "a2a",
          "task": "collision_avoidance",
          "to": "uav_swarm_agent",
          "payload": {
            "current_pose": {
              "x": 200.0,
              "y": 600.0,
              "z": 120.0
            },
            "trajectory": "waypoint_follow"
          }
        }
      ],
      "obs": [
        {
          "task": "collision_avoidance",
          "from": "uav_swarm_agent",
          "status": "ok",
          "payload": {
            "risk_level": "low",
            "recommended_action": "proceed"
          }
        }
      ],
      "net": {
        "slice": "URLLC",
        "lat_ms": 7,
        "jitter_ms": 1,
        "loss_pct": 0.0,
        "throughput_mbps": 110,
        "edge_load": 0.15
      }
    },
    {
      "turn": 10,
      "speaker": "user",
      "intent": "request_return_to_base",
      "actions": [
        {
          "type": "mcp",
          "name": "set_home",
          "args": {
            "x": 150.0,
            "y": 500.0,
            "z": 30.0
          }
        }
      ],
      "obs": [
        {
          "tool": "set_home",
          "result": {
            "status": "updated",
            "home_location": {
              "x": 150.0,
              "y": 500.0,
              "z": 30.0
            }
          }
        }
      ],
      "net": {
        "slice": "eMBB",
        "lat_ms": 15,
        "jitter_ms": 3,
        "loss_pct": 0.2,
        "throughput_mbps": 750,
        "edge_load": 0.45
      }
    },
    {
      "turn": 11,
      "speaker": "agent",
      "intent": "initiate_return_and_land",
      "actions": [
        {
          "type": "mcp",
          "name": "return_to_home",
          "args": {
            "land": true
          }
        }
      ],
      "obs": [
        {
          "tool": "return_to_home",
          "result": {
            "status": "in_progress",
            "destination": "home",
            "landing_initiated": true
          }
        }
      ],
      "net": {
        "slice": "URLLC",
        "lat_ms": 8,
        "jitter_ms": 1,
        "loss_pct": 0.05,
        "throughput_mbps": 100,
        "edge_load": 0.2
      }
    }
  ],
  "final_state": {
    "domain": "uav",
    "time_s": 120.0,
    "env": {
      "weather": "microburst_risk",
      "wind_mps": 8.0,
      "wind_dir_deg": 270.0
    },
    "airspace": {
      "alt_bounds": [
        20.0,
        180.0
      ],
      "geofence": [
        {
          "type": "polygon",
          "points": [
            [
              100.0,
              100.0
            ],
            [
              900.0,
              100.0
            ],
            [
              900.0,
              900.0
            ],
            [
              100.0,
              900.0
            ]
          ]
        }
      ]
    },
    "uav": {
      "pose": {
        "x": 150.0,
        "y": 500.0,
        "z": 30.0,
        "yaw": 90.0
      },
      "speed_mps": 0.0,
      "energy": {
        "battery_pct": 92.5
      },
      "sensors": {
        "rgb": "ok",
        "thermal": "ok",
        "lidar": "offline",
        "radar": "offline",
        "gnss": "ok",
        "imu": "ok",
        "magnetometer": "ok",
        "barometer": "ok"
      },
      "payloads": []
    },
    "policy": {
      "alt_bounds": [
        20.0,
        180.0
      ]
    },
    "safety_flags": {
      "nfz_violation": false,
      "separation_breach": false
    }
  },
  "success": true,
  "_meta": {
    "seed": 42,
    "ts": 1763898874,
    "ts_iso": "2025-11-23T11:54:34Z",
    "gen_time_s": 134.51157784461975,
    "attempts_used": 3,
    "generation_failed": false,
    "usage": {
      "prompt_tokens": 1107,
      "completion_tokens": 3449,
      "total_tokens": 4556,
      "cost": 0.00288482,
      "is_byok": false,
      "prompt_tokens_details": {
        "cached_tokens": 1072,
        "audio_tokens": 0,
        "video_tokens": 0
      },
      "cost_details": {
        "upstream_inference_cost": null,
        "upstream_inference_prompt_cost": 0.00012562,
        "upstream_inference_completions_cost": 0.0027592
      },
      "completion_tokens_details": {
        "reasoning_tokens": 0,
        "image_tokens": 0
      }
    }
  }
}