{
  "episode_id": "6gb_prompt_7f8d2ddd0455af90",
  "questions": [
    {
      "task_id": "T1",
      "task_name": "Intent Feasibility Assessment",
      "source_turn": 8,
      "question": "The UAV is currently executing a survey mission under eMBB slice with latency 85ms, jitter 25ms, packet loss 5.8%, throughput 120Mbps, and edge load 0.88. The mission requires real-time telemetry streaming with SLA of latency <30ms and loss <1%. Thermal sensor remains offline. Wind speed is 8.5m/s with microburst risk. Altitude is 10m within bounds [5,120]. Battery is 100%. If degradation persists, next turn’s edge load may reach 0.95. Switching to URLLC reduces latency to 11ms but caps throughput at 95Mbps, insufficient for full streaming. Store-and-forward introduces 2s delay but avoids real-time SLA violation. Continuing eMBB risks mission failure if edge load exceeds 0.9. Which option should be selected?",
      "options": {
        "A": "Continue eMBB with current settings; edge load is still below 0.9 and may recover next turn.",
        "B": "Switch to URLLC immediately; latency and loss meet SLA, and throughput is sufficient for critical telemetry.",
        "C": "Switch to URLLC and reduce streaming quality to 500kbps; this ensures SLA compliance and leaves 15Mbps headroom.",
        "D": "Enable store-and-forward mode; accept 2s delay to guarantee no SLA violation and preserve battery for return."
      },
      "correct": "D",
      "reason": "Continuing eMBB risks exceeding edge load 0. 9 next turn, causing mission failure. URLLC’s 95Mbps throughput is below the 120Mbps required for full streaming, making B and C infeasible under current payload demands. Store-and-forward avoids real-time SLA violation entirely and preserves system stability despite latency penalty. Battery remains full, so delay does not risk return capability.",
      "rationale_tag": "WORST_CASE_EDGE_LOAD_REGRET",
      "difficulty": "very_hard"
    },
    {
      "task_id": "T2",
      "task_name": "Intent Conflict Resolution",
      "source_turn": 8,
      "question": "The UAV is executing a high-priority area survey under eMBB slice with latency at 85ms, jitter at 25ms, packet loss at 5.8%, and throughput at 120Mbps, while edge load is 0.88. Mission intent requires continuous real-time telemetry streaming, but network policy mandates SLA compliance with latency < 50ms and loss < 2%. Thermal sensor remains offline, reducing situational awareness. If degradation persists for one more turn, edge load may exceed 0.92, risking slice eviction. Switching to URLLC now yields latency 11ms, loss 0.1%, but throughput drops to 95Mbps, insufficient for full HD streaming. Continuing eMBB risks SLA violation and mission abort. Switching to mMTC offers 1.5Mbps throughput but latency 150ms, violating real-time intent. What option should be selected to minimize maximum regret over the next two turns while preserving mission continuity and policy compliance?",
      "options": {
        "A": "Continue eMBB with current settings, accepting 5.8% loss and 85ms latency, assuming degradation is temporary.",
        "B": "Switch immediately to URLLC, accepting 95Mbps throughput and sacrificing HD streaming quality to meet SLA.",
        "C": "Switch to mMTC for minimal edge load, accepting 150ms latency and 1.5Mbps throughput, prioritizing network stability.",
        "D": "Request emergency bandwidth allocation from policy layer, assuming 200Mbps can be provisioned within 2 turns."
      },
      "correct": "B",
      "reason": "Continuing eMBB risks SLA violation and mission abort within one turn as edge load approaches 0. 92. URLLC meets all policy SLAs with 11ms latency and 0. 1% loss while maintaining sufficient throughput for degraded but functional telemetry. mMTC violates real-time intent with 150ms latency.",
      "rationale_tag": "WORST_CASE_POLICY_COMPLIANCE",
      "difficulty": "very_hard"
    },
    {
      "task_id": "T3",
      "task_name": "Intent Drift Detection",
      "source_turn": 8,
      "question": "At turn 8, network latency spikes to 85 ms with 5.8% packet loss and edge load at 0.88, while throughput drops to 120 Mbps under eMBB slice. The UAV is executing a survey with waypoints planned at 18 m/s, and thermal sensor remains offline despite prior restart. Mission policy requires continuous position streaming to swarm, but current slice cannot sustain it. If degradation persists for one more turn, edge load may exceed 0.92, risking SLA violation. Under worst-case jitter of 30 ms and 7% loss, URLLC slice can handle control but not streaming. Which option should be selected to minimize maximum regret over the next two turns while preserving mission intent?",
      "options": {
        "A": "Switch to URLLC immediately and reduce streaming to 50 kbps, accepting 10% data loss for position updates.",
        "B": "Maintain eMBB with adaptive bitrate, risking 0.95 edge load next turn and potential mission abort if latency exceeds 100 ms.",
        "C": "Switch to mMTC for sensor telemetry only, disabling position streaming, which violates swarm coordination policy.",
        "D": "Request emergency bandwidth allocation from edge node, assuming 20% capacity increase is available within 2 turns."
      },
      "correct": "A",
      "reason": "Option A minimizes maximum regret by accepting controlled data loss under URLLC, which maintains control latency under 12 ms even at worst-case jitter. Maintaining eMBB risks edge overload and mission failure within one turn. mMTC violates policy and disables coordination. Emergency allocation is speculative and not guaranteed. Only A ensures intent continuity under worst-case bounds while preserving safety margins.",
      "rationale_tag": "WORST_CASE_REGRET_MINIMIZATION",
      "difficulty": "very_hard"
    },
    {
      "task_id": "T4",
      "task_name": "Slice Selection Reasoning",
      "source_turn": 8,
      "question": "The UAV is currently operating under eMBB slice with latency spiking to 85 ms, jitter at 25 ms, packet loss at 5.8%, and throughput degraded to 120 Mbps while edge load is at 0.88. The mission requires continuous telemetry streaming and GNSS position updates for swarm coordination over the next two turns. URLLC offers 11 ms latency, 2 ms jitter, 0.1% loss, and 95 Mbps throughput at 0.6 edge load, while mMTC provides 150 ms latency, 20 ms jitter, 1.2% loss, and 1.5 Mbps throughput at 0.78 edge load. If wind gusts persist and edge load increases by 0.05 per turn, and telemetry requires at least 80 Mbps throughput with latency under 30 ms to avoid control drift, which slice should be selected to minimize maximum regret over the next two turns?",
      "options": {
        "A": "Maintain eMBB: current throughput is 120 Mbps and latency may recover next turn.",
        "B": "Switch to URLLC: guarantees latency under 15 ms and loss under 0.1% for next two turns.",
        "C": "Switch to mMTC: conserves edge resources and supports low-bandwidth telemetry.",
        "D": "Hybrid mode: allocate 50% bandwidth to URLLC for control and 50% to eMBB for streaming."
      },
      "correct": "B",
      "reason": "URLLC ensures latency remains under 15 ms and loss under 0. 1% even if edge load increases by 0. 05 per turn over two turns. eMBB’s current latency of 85 ms already violates the 30 ms control threshold and may degrade further. mMTC’s 150 ms latency and 1.",
      "rationale_tag": "WORST_CASE_LATENCY_MARGIN",
      "difficulty": "very_hard"
    },
    {
      "task_id": "T5",
      "task_name": "Slice Switching Decision",
      "source_turn": 8,
      "question": "At turn 8, the eMBB slice exhibits latency of 85 ms, jitter of 25 ms, packet loss of 5.8%, and throughput of 120 Mbps under edge load of 0.88, while the URLLC slice offers 11 ms latency, 2 ms jitter, 0.1% loss, and 95 Mbps throughput at 0.6 edge load. The mission requires continuous telemetry streaming with SLA of 50 ms max latency and 90 Mbps min throughput, and the UAV has 100% battery with 3 turns remaining. If wind gusts increase by 15% next turn, edge load may rise to 0.92, and URLLC throughput may drop to 85 Mbps due to congestion. Switching now risks losing 15 Mbps throughput margin, while staying risks violating SLA if degradation worsens. What if the degradation persists for two more turns? What if recovery does not occur as previously observed? Which option should be selected?",
      "options": {
        "A": "Switch to URLLC immediately to guarantee latency and jitter SLA, accepting 95 Mbps throughput which is above current 120 Mbps but below projected 85 Mbps next turn.",
        "B": "Stay on eMBB and reduce streaming quality to 80 Mbps to match projected URLLC throughput, preserving 120 Mbps headroom against future degradation.",
        "C": "Switch to mMTC for reliability, accepting 150 ms latency and 1.5 Mbps throughput, which violates SLA but ensures no data loss under high edge load.",
        "D": "Wait one turn to observe if degradation recovers, risking SLA violation if latency exceeds 50 ms next turn, but preserving current 120 Mbps throughput if conditions improve."
      },
      "correct": "B",
      "reason": "Staying on eMBB with reduced streaming quality preserves throughput headroom against projected URLLC congestion. Switching to URLLC now risks throughput falling below SLA next turn under worst-case edge load. Waiting one turn risks immediate SLA violation if degradation persists. mMTC violates latency and throughput SLA outright. The derived margin to SLA under reduced streaming is 10 Mbps, which exceeds projected URLLC throughput drop.",
      "rationale_tag": "WORST_CASE_THROUGHPUT_MARGIN",
      "difficulty": "very_hard"
    },
    {
      "task_id": "T6",
      "task_name": "Slice Fairness vs Safety",
      "source_turn": 9,
      "question": "At turn 9, the UAV is operating under eMBB slice with latency spiking to 85ms, jitter at 25ms, packet loss at 5.8%, and edge load at 0.88, while the mission requires real-time telemetry for swarm coordination. Switching to URLLC slice reduces latency to 11ms but caps throughput at 95Mbps, which may delay high-res sensor uploads. The thermal sensor remains offline, and wind gusts may persist for 2 more turns. If the UAV continues on eMBB, projected edge load in turn 10 could reach 0.95, risking SLA violation. If it switches to URLLC, the next 3 turns may accumulate 1.2GB of untransmitted data, forcing store-and-forward delays. Option A maintains eMBB with reduced streaming quality, risking latency violation in turn 10. Option B switches to URLLC immediately, accepting data backlog but ensuring control stability. Option C switches to mMTC, which tolerates high latency but cannot support real-time telemetry. Option D waits one turn to see if eMBB recovers, risking mission failure if degradation persists. Which option should be selected?",
      "options": {
        "A": "Maintain eMBB with reduced streaming quality; current latency is 85ms, below 100ms SLA, and edge load may stabilize at 0.88.",
        "B": "Switch to URLLC immediately; latency drops to 11ms, jitter to 2ms, and loss to 0.1%, ensuring control stability despite 95Mbps throughput cap.",
        "C": "Switch to mMTC; latency tolerance up to 200ms allows continued operation, though telemetry may lag by 150ms, risking swarm desynchronization.",
        "D": "Wait one turn; eMBB may recover as in turn 5, and edge load could drop to 0.75 if traffic eases, avoiding premature switch."
      },
      "correct": "B",
      "reason": "Switching to URLLC ensures latency and jitter remain within safety-critical bounds for swarm control across the next three turns. Although throughput is capped, the mission can tolerate delayed sensor uploads via store-and-forward. Waiting or staying on eMBB risks SLA violation as edge load approaches 0. 95. mMTC introduces unacceptable latency for real-time coordination.",
      "rationale_tag": "WORST_CASE_SAFETY_MARGIN",
      "difficulty": "very_hard"
    },
    {
      "task_id": "T7",
      "task_name": "Compute Placement Decision",
      "source_turn": 8,
      "question": "At turn 8, the UAV is executing a survey mission with eMBB slice experiencing 85ms latency, 25ms jitter, 5.8% loss, and 120Mbps throughput under 0.88 edge load. The SLA requires inference latency under 30ms with ≤1% loss for real-time obstacle avoidance. Thermal sensor remains offline, and battery is at 100%. If network degradation persists for two more turns, onboard inference consumes 15ms with 0% loss but reduces payload processing speed by 40%, while edge inference under current conditions risks 85ms latency and 5.8% loss. Projecting edge load to reach 0.95 by turn 10 under continued degradation, which option should be selected to minimize maximum regret across turns 9–10 while maintaining SLA compliance?",
      "options": {
        "A": "Continue edge inference under eMBB with current settings, accepting 85ms latency and 5.8% loss as temporary.",
        "B": "Switch to onboard inference immediately, accepting 40% slower payload processing but guaranteeing 15ms latency and 0% loss.",
        "C": "Switch to URLLC slice for edge inference, accepting 11ms latency and 0.1% loss but risking edge load increase to 0.95 by turn 10.",
        "D": "Delay inference until turn 10, assuming network recovery, while storing data locally with 0% loss but risking 85ms latency if no recovery."
      },
      "correct": "B",
      "reason": "Onboard inference guarantees SLA compliance with 15ms latency and zero loss, avoiding the 85ms latency and 5. 8% loss of degraded eMBB. Projected edge load of 0. 95 by turn 10 under URLLC would risk service collapse, making option C unsafe. Option A violates SLA immediately, and option D risks catastrophic latency if recovery fails.",
      "rationale_tag": "SLA_COMPLIANCE_UNDER_WORST_CASE",
      "difficulty": "very_hard"
    },
    {
      "task_id": "T8",
      "task_name": "Graceful Degradation under Edge Overload",
      "source_turn": 8,
      "question": "At turn 8, the UAV is executing a survey mission under eMBB slice with latency spiking to 85 ms, jitter at 25 ms, packet loss at 5.8%, throughput down to 120 Mbps, and edge load at 0.88, exceeding the SLA threshold of 0.85. The mission requires continuous telemetry streaming with a maximum allowable latency of 50 ms and loss under 2%. The thermal sensor remains offline, and wind remains at 8.5 m/s from 240 degrees. If edge load continues rising at 0.03 per turn, and latency degrades by 15 ms per turn under eMBB, while URLLC offers stable 10 ms latency but only 100 Mbps throughput, which option should be selected to avoid SLA violation within the next two turns while preserving mission integrity?",
      "options": {
        "A": "Switch immediately to URLLC slice to cap latency at 10 ms, accepting reduced throughput and potential data backlog, since edge load will hit 0.94 in two turns under eMBB.",
        "B": "Maintain eMBB but reduce streaming quality to 500 kbps to lower edge load, assuming wind-induced turbulence will stabilize network in one turn.",
        "C": "Switch to mMTC slice for minimal bandwidth, accepting 150 ms latency and 1.2% loss, relying on store-and-forward to recover data post-mission.",
        "D": "Continue eMBB without adjustment, projecting that edge load will plateau at 0.90 and latency will stabilize at 100 ms, within acceptable bounds for mission completion."
      },
      "correct": "A",
      "reason": "Switching to URLLC immediately caps latency at 10 ms, which is under the 50 ms SLA, and reduces edge load from 0. 88 to 0. 6, creating a safety margin. Under eMBB, edge load will reach 0. 94 in two turns, exceeding the 0.",
      "rationale_tag": "WORST_CASE_LATENCY_MARGIN",
      "difficulty": "very_hard"
    },
    {
      "task_id": "T9",
      "task_name": "Trust-Aware Offloading",
      "source_turn": 8,
      "question": "At turn 8, network degradation is detected with latency spiking to 85 ms, jitter at 25 ms, packet loss at 5.8%, and throughput collapsing to 120 Mbps under eMBB slice while edge load reaches 0.88. The UAV is operating at 10m altitude with 100% battery and thermal sensor offline. Policy mandates altitude between 5m and 120m. The next 3 turns require continuous telemetry streaming and position sharing with swarm. URLLC slice offers 11ms latency, 2ms jitter, 0.1% loss, 95Mbps throughput, and 0.6 edge load at turn 9. mMTC slice offers 150ms latency, 20ms jitter, 1.2% loss, 1.5Mbps throughput, and 0.78 edge load. If degradation persists, edge load may rise to 0.95 by turn 10. Which option should be selected to ensure mission continuity while respecting trust constraints and minimizing worst-case regret over the next 3 turns?",
      "options": {
        "A": "Switch to URLLC slice immediately; it meets latency and jitter SLAs under current conditions and edge load is below 0.7, but throughput may constrain high-res streaming if thermal sensor recovers.",
        "B": "Remain on eMBB slice; throughput is still 120Mbps and edge load is 0.88, which is below the 0.95 projected worst-case, but latency and jitter violate real-time control SLAs.",
        "C": "Switch to mMTC slice; it has the lowest cost and edge load is 0.78, which is below projected 0.95, but latency and throughput are insufficient for telemetry streaming.",
        "D": "Delay decision until turn 9; current eMBB metrics may recover as seen in turn 7, and switching now risks unnecessary resource contention under URLLC with only 95Mbps throughput."
      },
      "correct": "A",
      "reason": "URLLC slice maintains latency and jitter within acceptable bounds for real-time control even under worst-case edge load projection. Although throughput is lower, the thermal sensor is offline and no high-res streaming is required. Remaining on eMBB risks mission failure due to SLA violations. mMTC cannot support telemetry streaming. Delaying decision ignores the persistent degradation trend and increases regret if recovery does not occur.",
      "rationale_tag": "WORST_CASE_TRUST_COMPLIANCE",
      "difficulty": "very_hard"
    },
    {
      "task_id": "T10",
      "task_name": "SLA Violation Prediction",
      "source_turn": 8,
      "question": "At turn 8, the UAV is operating under eMBB slice with latency 85ms, jitter 25ms, packet loss 5.8%, throughput 120Mbps, and edge load 0.88, exceeding SLA thresholds of 50ms latency, 10ms jitter, 2% loss, and 0.7 edge load. The weather shows microburst risk with 8.5m/s wind from 240°, and the UAV is at 10m altitude with 100% battery. Historical data from turn 7 shows latency was 16ms and edge load 0.55, indicating rapid degradation. If the degradation continues at the same rate over the next two turns, and the UAV must maintain real-time telemetry streaming for mission safety, which option minimizes maximum regret under worst-case assumptions? Option A: Stay on eMBB and reduce streaming quality to 500kbps. Option B: Switch immediately to URLLC with 11ms latency and 95Mbps throughput. Option C: Switch to mMTC and store-and-forward telemetry, accepting 150ms latency. Option D: Ascend to 50m altitude to reduce wind impact, remaining on eMBB with current settings.",
      "options": {
        "A": "Stay on eMBB and reduce streaming quality to 500kbps.",
        "B": "Switch immediately to URLLC with 11ms latency and 95Mbps throughput.",
        "C": "Switch to mMTC and store-and-forward telemetry, accepting 150ms latency.",
        "D": "Ascend to 50m altitude to reduce wind impact, remaining on eMBB with current settings."
      },
      "correct": "B",
      "reason": "Switching to URLLC at turn 8 ensures latency remains under 50ms and jitter under 10ms for the next two turns even under worst-case degradation trends. The edge load of 0. 6 after switching is below the 0. 7 SLA threshold and projected to decrease further. Staying on eMBB risks exceeding latency and loss SLAs within one turn.",
      "rationale_tag": "WORST_CASE_NETWORK_PROJECTION",
      "difficulty": "very_hard"
    },
    {
      "task_id": "T11",
      "task_name": "Preemptive Autonomy Downgrade",
      "source_turn": 8,
      "question": "At turn 8, network latency spikes to 85 ms with 5.8% packet loss and edge load at 0.88, while the UAV is executing a high-throughput eMBB survey at 720 Mbps. The thermal sensor remains offline, and wind speed is 8.5 m/s with microburst risk. The mission policy allows altitudes between 5 and 120 meters, and the UAV is currently at 10 meters. If the degradation persists for two more turns, the edge load may exceed 0.95, risking total slice collapse. The URLLC slice offers 11 ms latency and 95 Mbps throughput but cannot support real-time video. The mMTC slice has 150 ms latency and 1.5 Mbps throughput, suitable only for telemetry. The UAV battery is at 100%, but sensor redundancy is compromised. Given the risk of losing all connectivity if edge load exceeds 0.95, and the need to preserve at least one sensor stream for safe return, which option should be selected?",
      "options": {
        "A": "Switch immediately to URLLC and reduce streaming to 50 kbps to preserve control and telemetry, accepting loss of video feed.",
        "B": "Maintain eMBB for another turn to complete the survey, banking on network recovery, despite edge load rising to 0.92 next turn.",
        "C": "Switch to mMTC to minimize edge load to 0.65, accepting 150 ms latency and 1.5 Mbps throughput, sufficient only for position updates.",
        "D": "Attempt to restart thermal sensor again while staying on eMBB, hoping sensor recovery will justify the risk of network collapse."
      },
      "correct": "A",
      "reason": "Switching to URLLC immediately reduces edge load from 0. 88 to 0. 6, preventing slice collapse under worst-case projection of 0. 95 load. The 95 Mbps throughput supports telemetry and control, which are critical for safe return.",
      "rationale_tag": "WORST_CASE_PREEMPTION",
      "difficulty": "very_hard"
    },
    {
      "task_id": "T12",
      "task_name": "Conservative Continuation Decision",
      "source_turn": 8,
      "question": "The UAV is currently operating at 10m altitude with 100% battery, but network slice eMBB has degraded to 85ms latency, 25ms jitter, 5.8% loss, and 120Mbps throughput at 88% edge load. The mission requires thermal imaging, which remains offline despite restart attempts, and the weather forecast indicates microburst risk with 8.5m/s wind from 240°. If the UAV continues the survey, it must maintain 100% GNSS availability and avoid exceeding 120m altitude. Over the next two turns, edge load is projected to rise to 0.92 under eMBB, while URLLC offers stable 11ms latency but only 95Mbps throughput. Thermal sensor recovery is uncertain, with 30% probability of restoration in turn 9. Continuing under eMBB risks violating SLA if latency exceeds 100ms or loss exceeds 6%, while switching to URLLC sacrifices real-time streaming but ensures control. What should be selected?",
      "options": {
        "A": "Continue under eMBB with reduced streaming quality, accepting 5.8% loss and 85ms latency, projecting edge load to reach 0.92 in turn 9 and 0.95 in turn 10, risking SLA violation if loss increases by 0.2%.",
        "B": "Switch immediately to URLLC, accepting 95Mbps throughput and 11ms latency, but losing real-time thermal data, with 30% chance thermal recovers in turn 9, and edge load stabilizing at 0.6.",
        "C": "Abort mission and return to home, preserving battery and avoiding any SLA risk, but forfeiting all collected data and incurring mission failure penalty.",
        "D": "Maintain eMBB but reduce speed to 12m/s to lower edge load by 0.05 per turn, projecting edge load to 0.83 in turn 9, with 50% chance of thermal recovery and 10% chance of wind-induced altitude violation."
      },
      "correct": "B",
      "reason": "Switching to URLLC ensures control stability under worst-case network degradation, as its latency and loss remain within SLA bounds even if edge load rises. Continuing under eMBB risks SLA violation within two turns due to projected edge load exceeding 0. 9 and loss nearing 6%. Thermal sensor recovery is uncertain and cannot justify risking mission integrity. URLLC’s throughput is sufficient for telemetry and command, minimizing regret over the next three turns despite losing real-time streaming.",
      "rationale_tag": "WORST_CASE_CONTROL_STABILITY",
      "difficulty": "very_hard"
    },
    {
      "task_id": "T13",
      "task_name": "Swarm-Level Slice Negotiation",
      "source_turn": 9,
      "question": "The UAV is operating under microburst risk with wind at 8.5 m/s and is currently using URLLC slice after network degradation at turn 8, which saw latency spike to 85 ms and edge load reach 0.88. The thermal sensor remains offline despite restart attempts, and the swarm perimeter is active. Projecting forward, if edge load increases by 0.05 per turn under current URLLC usage and latency degrades by 1.5 ms per turn, while eMBB offers 720 Mbps but with 16 ms latency and 0.55 edge load, and mMTC is unusable due to 150 ms latency and 1.2% loss, which slice should be negotiated for the next 2 turns to minimize maximum regret? The mission requires continuous position streaming to the swarm and must avoid violating SLA latency of 20 ms. Consider that battery is at 100% but sensor diagnostics consume 5% per attempt. Which option should be selected?",
      "options": {
        "A": "Stick with URLLC: current latency 11 ms, jitter 2 ms, edge load 0.6 — projected to hit 14 ms latency and 0.7 edge load in 2 turns, within SLA.",
        "B": "Switch to eMBB: offers 720 Mbps throughput but 16 ms latency and 0.55 edge load — risk of latency exceeding 20 ms if degradation continues at 2 ms/turn.",
        "C": "Revert to mMTC: latency 150 ms, loss 1.2% — violates SLA by 130 ms and risks mission failure, but edge load is 0.78 which may stabilize network.",
        "D": "Negotiate hybrid slice: allocate 60% URLLC and 40% eMBB — projected latency 13.5 ms, edge load 0.62, but requires swarm consensus and adds 3% battery drain per turn."
      },
      "correct": "A",
      "reason": "URLLC remains within SLA latency bound even under worst-case projection of 14 ms in two turns. eMBB’s latency would exceed 20 ms if degradation continues at 2 ms per turn. mMTC is unusable due to extreme latency. Hybrid slice introduces unnecessary battery drain and coordination overhead without sufficient margin. URLLC’s edge load projection of 0.",
      "rationale_tag": "WORST_CASE_LATENCY_MARGIN",
      "difficulty": "very_hard"
    },
    {
      "task_id": "T14",
      "task_name": "Scheduler Reconfiguration Adaptation",
      "source_turn": 9,
      "question": "The UAV is operating under microburst risk with wind at 8.5 m/s from 240 degrees, currently at 10m altitude with 100% battery. After network degradation at turn 8 (latency 85ms, loss 5.8%, throughput 120Mbps, edge load 0.88), the agent switched to URLLC at turn 9 with latency 11ms, loss 0.1%, throughput 95Mbps, and edge load 0.6. The mission requires thermal imaging, which remains offline despite restart attempts. The next 3 turns must complete the survey while avoiding SLA violations: latency must stay under 20ms, throughput must exceed 80Mbps, and edge load must not exceed 0.7. If wind increases by 15% next turn, altitude must be raised by 5m to maintain stability, consuming 3% battery per 5m. Thermal sensor repair has 60% success probability next turn, but requires 15Mbps throughput. Which option should be selected?",
      "options": {
        "A": "Maintain URLLC slice; reduce streaming to 500kbps; defer thermal repair; accept 3% battery loss for altitude adjustment if wind increases.",
        "B": "Switch back to eMBB; increase streaming to 1Gbps; attempt thermal repair; accept 10% edge load violation risk if wind increases.",
        "C": "Switch to mMTC; disable all streaming; prioritize thermal repair; accept 200ms latency and 1.5Mbps throughput for next 3 turns.",
        "D": "Maintain URLLC; allocate 15Mbps for thermal repair; reduce streaming to 800kbps; accept 5% battery loss if wind increases and altitude must be raised."
      },
      "correct": "D",
      "reason": "Option D maintains latency under 20ms and edge load under 0. 7 while allocating sufficient throughput for thermal repair. It accepts a 5% battery penalty only if wind increases, which is a worst-case contingency. Other options either violate SLA limits or neglect the multi-turn regret of delaying thermal repair. The 60% repair success probability justifies allocating 15Mbps despite the throughput constraint.",
      "rationale_tag": "WORST_CASE_REGRET_MINIMIZATION",
      "difficulty": "very_hard"
    },
    {
      "task_id": "T15",
      "task_name": "Decision Consistency under Replanning",
      "source_turn": 9,
      "question": "At turn 9, the UAV is executing a survey under eMBB with latency spiking to 85ms, jitter at 25ms, and throughput collapsing to 120Mbps while edge load hits 0.88. The agent switches to URLLC with 11ms latency, 2ms jitter, 95Mbps throughput, and 0.6 edge load. However, the mission requires thermal imagery, which was offline at turn 4 and only restarted at turn 5 with no confirmation of full functionality. The policy mandates continuous sensor telemetry streaming, and the next 3 turns may see wind gusts increasing to 12m/s with 30% probability of microburst. If the thermal sensor fails again, URLLC cannot support high-res streaming, and eMBB may degrade further. Given that the UAV must complete the survey within 2 more turns or abort, which option should be selected to maintain decision consistency with prior safety adjustments while minimizing regret under worst-case sensor and network conditions?",
      "options": {
        "A": "Revert to eMBB immediately to maximize throughput for thermal streaming, accepting 85ms latency and 5.8% loss, assuming sensor stability.",
        "B": "Stay on URLLC but reduce thermal resolution to 360p, accepting 95Mbps throughput and 11ms latency, with no fallback if sensor fails again.",
        "C": "Switch to mMTC for sensor telemetry only, accepting 150ms latency and 1.5Mbps throughput, while caching survey data locally for later upload.",
        "D": "Initiate emergency descent to 10m altitude, disable all sensors except GNSS and IMU, and switch to URLLC for position-only telemetry until wind stabilizes."
      },
      "correct": "D",
      "reason": "Option D maintains consistency with prior safety decisions by prioritizing platform integrity over data collection. It minimizes regret under worst-case sensor failure and network degradation by reducing dependency on unreliable systems. The 10m altitude avoids microburst risk while preserving GNSS and IMU functionality. All other options risk mission failure or safety violation under projected wind and sensor uncertainty.",
      "rationale_tag": "WORST_CASE_SAFETY_CONSISTENCY",
      "difficulty": "very_hard"
    },
    {
      "task_id": "T16",
      "task_name": "Network-Exposed Compute Marketplace",
      "source_turn": 9,
      "question": "The UAV is operating under microburst risk with wind at 8.5 m/s and is currently using URLLC slice with 11 ms latency, 2 ms jitter, 0.1% loss, 95 Mbps throughput, and 0.6 edge load after adapting to prior eMBB degradation. The thermal sensor remains offline despite restart, and the swarm perimeter is active. A third-party analytics firm requests real-time thermal data streaming at 50 Mbps with SLA guarantee of <15 ms latency and <0.5% loss over the next 3 turns. The edge load is projected to increase by 0.15 per turn if streaming is enabled, and worst-case jitter could rise to 5 ms under wind gusts. URLLC capacity is capped at 120 Mbps, and eMBB is currently degraded with 85 ms latency and 5.8% loss. Which option should be selected to minimize maximum regret across plausible futures while respecting safety and SLA constraints?",
      "options": {
        "A": "Accept the request and allocate 50 Mbps on URLLC, accepting edge load will reach 0.75 next turn and jitter may hit 5 ms, risking SLA violation if wind gusts persist.",
        "B": "Reject the request and maintain current URLLC allocation, preserving 0.6 edge load and 11 ms latency, but forgoing revenue and third-party collaboration.",
        "C": "Switch to eMBB for the streaming, accepting 85 ms latency and 5.8% loss, which violates SLA but may recover in 2 turns if degradation ends.",
        "D": "Allocate 25 Mbps on URLLC and 25 Mbps on eMBB in hybrid mode, balancing load but risking 40 ms average latency and 3% loss, exceeding SLA thresholds."
      },
      "correct": "B",
      "reason": "Option B avoids SLA violation by not accepting the request, preserving current latency and jitter within bounds. Option A risks SLA breach under worst-case jitter and edge load growth. Option C violates SLA immediately with high latency and loss. Option D exceeds SLA thresholds on average and introduces instability. The correct choice minimizes maximum regret by avoiding future SLA penalties and maintaining system stability under uncertain wind conditions.",
      "rationale_tag": "WORST_CASE_REGRET_MINIMIZATION",
      "difficulty": "very_hard"
    },
    {
      "task_id": "T17",
      "task_name": "Network-Knowledge RAG Augmentation",
      "source_turn": 8,
      "question": "At turn 8, network telemetry shows eMBB slice latency spiked to 85ms, jitter to 25ms, loss to 5.8%, throughput dropped to 120Mbps, and edge load reached 0.88. The UAV is at 10m altitude with 100% battery, and thermal sensor remains offline. Policy allows altitudes 5–120m. Wind is 8.5m/s from 240°. Mission requires real-time position streaming to swarm, but current slice violates SLA thresholds: latency >50ms, loss >1%, throughput <200Mbps. URLLC slice offers 11ms latency, 0.1% loss, 95Mbps throughput, edge load 0.6 at turn 9. mMTC slice has 150ms latency, 1.2% loss, 1.5Mbps throughput, edge load 0.78. If degradation persists for two more turns, eMBB edge load may hit 0.95, risking total collapse. Which option should be selected to augment RAG prompts with telemetry while minimizing future regret under worst-case bounds?",
      "options": {
        "A": "Augment with full eMBB telemetry including latency 85ms, loss 5.8%, throughput 120Mbps, edge load 0.88 — assume recovery in next turn.",
        "B": "Augment with URLLC telemetry: latency 11ms, loss 0.1%, throughput 95Mbps, edge load 0.6 — switch immediately despite lower throughput.",
        "C": "Augment with mMTC telemetry: latency 150ms, loss 1.2%, throughput 1.5Mbps, edge load 0.78 — prioritize availability over latency.",
        "D": "Augment with projected eMBB telemetry: latency 100ms, loss 7%, throughput 80Mbps, edge load 0.95 — prepare for worst-case degradation."
      },
      "correct": "B",
      "reason": "URLLC telemetry provides the only slice meeting SLA thresholds under current and projected conditions. Although throughput is lower than eMBB, it avoids violating latency and loss constraints that would break real-time streaming. Projected eMBB degradation would exceed edge load capacity and cause mission failure. mMTC fails latency and throughput SLAs even under nominal conditions. The correct choice minimizes maximum regret by ensuring continuity under worst-case persistence of degradation.",
      "rationale_tag": "WORST_CASE_SLICE_SELECTION",
      "difficulty": "very_hard"
    },
    {
      "task_id": "T18",
      "task_name": "AI Agent Identity & Onboarding",
      "source_turn": 9,
      "question": "At turn 9, the UAV agent detects severe network degradation on eMBB with 85ms latency, 25ms jitter, 5.8% loss, and 120Mbps throughput, while edge load is at 0.88. The agent must decide whether to onboard a new swarm node under current conditions or defer until recovery. Option A proposes immediate onboarding using URLLC with 11ms latency, 2ms jitter, 0.1% loss, and 95Mbps throughput, but edge load would rise to 0.72. Option B delays onboarding for 2 turns, projecting edge load to drop to 0.65 and latency to 20ms under eMBB recovery. Option C attempts onboarding via mMTC with 150ms latency, 20ms jitter, 1.2% loss, and 1.5Mbps throughput, risking sensor data loss. Option D uses URLLC but caps bandwidth at 50Mbps to preserve edge load under 0.6, risking incomplete identity handshake. Given the UAV’s battery is at 100% and thermal sensor remains offline, and assuming worst-case jitter and loss persist for 3 turns, which option should be selected?",
      "options": {
        "A": "Onboard immediately via URLLC with full 95Mbps, accepting edge load of 0.72.",
        "B": "Delay onboarding 2 turns, assuming eMBB recovers to 20ms latency and 0.65 edge load.",
        "C": "Onboard via mMTC despite 150ms latency and 1.5Mbps throughput, prioritizing availability.",
        "D": "Onboard via URLLC but throttle to 50Mbps to keep edge load under 0.6, risking handshake failure."
      },
      "correct": "D",
      "reason": "Option D minimizes maximum regret by preserving edge load under 0. 6, which is critical for maintaining control stability under worst-case jitter and loss over the next three turns. Although it risks handshake failure due to bandwidth throttling, the alternative of exceeding edge load 0. 72 in Option A risks network collapse under sustained degradation. Option B assumes recovery that may not occur, and Option C’s mMTC parameters are insufficient for identity handshake integrity.",
      "rationale_tag": "WORST_CASE_EDGE_LOAD_CONSTRAINT",
      "difficulty": "very_hard"
    },
    {
      "task_id": "T19",
      "task_name": "AI Agent Interoperability & Federation",
      "source_turn": 9,
      "question": "The UAV is operating under microburst risk with wind at 8.5 m/s and must maintain real-time position sharing with the swarm while adapting to network degradation. At turn 8, eMBB slice latency spiked to 85 ms with 5.8% loss and 120 Mbps throughput, forcing a switch to URLLC at turn 9 with 11 ms latency, 0.1% loss, and 95 Mbps throughput. The swarm requires at least 80 Mbps for continuous streaming, but URLLC capacity may drop to 85 Mbps under edge load >0.65. The thermal sensor remains offline, and battery is at 100%. If the edge load increases to 0.7 in the next turn, URLLC throughput may fall below 80 Mbps, risking swarm desynchronization. The mission control agent expects position updates every 2 seconds, and failure to deliver for 3 consecutive updates triggers abort. Which option should be selected to minimize maximum regret over the next two turns while ensuring swarm cohesion and mission continuity?",
      "options": {
        "A": "Maintain URLLC with current settings; throughput is 95 Mbps and edge load is 0.6, which is below the 0.65 threshold for capacity drop.",
        "B": "Switch back to eMBB; despite high latency, throughput is 120 Mbps and may recover if wind stabilizes, reducing risk of throughput collapse.",
        "C": "Switch to mMTC for store-and-forward; latency is 150 ms but guarantees delivery, avoiding real-time failure even if updates are delayed by up to 5 seconds.",
        "D": "Reduce streaming quality to 60 kbps and remain on URLLC; this ensures bandwidth headroom but risks swarm agents losing situational awareness due to low fidelity."
      },
      "correct": "A",
      "reason": "Option A maintains URLLC with 95 Mbps throughput and 0. 6 edge load, which is below the 0. 65 threshold where capacity drops to 85 Mbps. Even if edge load rises to 0. 7 next turn, throughput remains above 80 Mbps required by swarm, preserving real-time updates.",
      "rationale_tag": "WORST_CASE_THROUGHPUT_MARGIN",
      "difficulty": "very_hard"
    },
    {
      "task_id": "T20",
      "task_name": "Agent-to-Agent Communication Management",
      "source_turn": 9,
      "question": "At turn 9, the UAV agent detects severe network degradation on eMBB with latency spiking to 85ms, jitter at 25ms, packet loss at 5.8%, and throughput collapsing to 120Mbps under edge load of 0.88. The agent must choose a communication strategy for the next 3 turns to maintain mission-critical telemetry and position streaming while avoiding SLA violations. Option A routes all traffic through URLLC with 11ms latency, 2ms jitter, 0.1% loss, and 95Mbps throughput under 0.6 edge load, but risks saturation if thermal sensor restarts trigger burst traffic. Option B maintains eMBB with adaptive bitrate reduction, projecting 70ms latency and 150Mbps throughput next turn if degradation persists, but may violate latency SLA of 50ms if jitter exceeds 30ms. Option C switches to mMTC for store-and-forward, accepting 150ms latency and 1.5Mbps throughput, which guarantees delivery but breaks real-time coordination with swarm agents. Option D uses hybrid routing: URLLC for control commands and mMTC for bulk data, projecting 12ms latency for control and 140ms for data, with edge load at 0.55, but introduces 3ms synchronization jitter between slices. Given the microburst risk and UAV’s current altitude of 10m, which option should be selected?",
      "options": {
        "A": "Route all traffic through URLLC with 11ms latency, 2ms jitter, 0.1% loss, 95Mbps throughput, edge load 0.6 — prioritizes low latency but risks saturation if thermal sensor restarts trigger burst traffic.",
        "B": "Maintain eMBB with adaptive bitrate reduction, projecting 70ms latency and 150Mbps throughput next turn — may violate 50ms latency SLA if jitter exceeds 30ms.",
        "C": "Switch to mMTC for store-and-forward, accepting 150ms latency and 1.5Mbps throughput — guarantees delivery but breaks real-time coordination with swarm agents.",
        "D": "Use hybrid routing: URLLC for control commands (12ms latency) and mMTC for bulk data (140ms latency), edge load 0.55 — introduces 3ms synchronization jitter between slices."
      },
      "correct": "D",
      "reason": "Hybrid routing minimizes maximum regret by preserving real-time control via URLLC while offloading bulk data to mMTC, avoiding saturation. URLLC alone risks violating throughput SLA if thermal sensor bursts occur, while eMBB risks latency SLA violation under persistent degradation. mMTC alone breaks coordination, which is critical under microburst risk. Hybrid maintains control responsiveness and data integrity with acceptable synchronization jitter.",
      "rationale_tag": "HYBRID_MINIMIZES_REGRET",
      "difficulty": "very_hard"
    },
    {
      "task_id": "T21",
      "task_name": "Device-Network Task Offload Arbitration",
      "source_turn": 8,
      "question": "At turn 8, the UAV is executing a survey mission with thermal sensor offline, relying on edge network slice eMBB which now shows latency 85ms, jitter 25ms, loss 5.8%, throughput 120Mbps, and edge load 0.88. The mission requires real-time object detection with SLA latency cap of 50ms and minimum throughput 200Mbps. Thermal sensor restart at turn 5 succeeded but remains offline due to hardware fault. Battery is at 85% and descending at 2% per turn. Wind speed is 8.5m/s with microburst risk. If network degradation persists for two more turns, edge load may rise to 0.95. Option A offloads detection to edge with current slice, risking SLA violation. Option B switches to URLLC slice with 11ms latency but 95Mbps throughput, insufficient for high-res detection. Option C stores data locally and offloads later, risking battery depletion before return. Option D aborts mission and returns home immediately, forfeiting 70% of collected data. Which option should be selected?",
      "options": {
        "A": "Offload detection to edge using current eMBB slice despite latency 85ms and throughput 120Mbps, assuming recovery in next turn.",
        "B": "Switch to URLLC slice with 11ms latency and 95Mbps throughput, accepting reduced detection resolution.",
        "C": "Store detection data locally and offload after mission completion, risking battery drop below 20% before return.",
        "D": "Abort mission and return to home immediately, preserving battery and avoiding SLA violation."
      },
      "correct": "C",
      "reason": "Option C minimizes maximum regret by avoiding immediate SLA violation while preserving mission data. Battery at 85% with 2% per turn depletion allows 30 turns before critical level, sufficient for local storage and delayed offload. URLLC throughput of 95Mbps fails minimum 200Mbps requirement even under best case. eMBB slice at 85ms latency violates SLA and edge load 0. 88 may rise to 0.",
      "rationale_tag": "WORST_CASE_REGRET_MINIMIZATION",
      "difficulty": "very_hard"
    },
    {
      "task_id": "T22",
      "task_name": "Federated / Collaborative Learning Orchestration",
      "source_turn": 9,
      "question": "The UAV is currently operating under network degradation with eMBB slice latency spiking to 85ms and edge load at 0.88, while URLLC slice maintains 11ms latency and 0.6 edge load. Thermal sensor remains offline despite restart, and battery is at 100%. The mission requires federated model updates every 3 turns to maintain swarm coordination, but the next update window is in 2 turns. If the degradation persists, eMBB throughput will drop below 80Mbps, violating the 100Mbps minimum for federated sync. URLLC can handle sync but only if edge load stays below 0.7, which may be exceeded if two more UAVs join the swarm next turn. The thermal sensor’s offline state reduces environmental awareness, increasing collision risk by 15% per turn. Which option should be selected to minimize maximum regret over the next 3 turns while preserving federated learning integrity?",
      "options": {
        "A": "Proceed with federated sync over eMBB now, accepting 5.8% packet loss and risking throughput collapse next turn if degradation persists.",
        "B": "Switch to URLLC for federated sync, accepting 15% higher collision risk due to thermal sensor offline, but ensuring sync completes before edge load exceeds 0.7.",
        "C": "Delay federated sync by one turn to allow thermal sensor recovery, risking model staleness and 20% coordination drift if no recovery occurs.",
        "D": "Initiate local model caching on UAV and defer sync until next eMBB recovery window, accepting 30% accuracy degradation in swarm decisions over next 3 turns."
      },
      "correct": "B",
      "reason": "URLLC maintains sufficient throughput and latency for federated sync under current load and projected edge load of 0. 65 next turn. The 15% collision risk is acceptable because it is bounded and mitigated by GNSS and IMU redundancy. Delaying sync risks coordination drift exceeding 20%, which is worse than the collision risk. eMBB is unreliable due to projected throughput collapse below 80Mbps.",
      "rationale_tag": "WORST_CASE_REGRET_MINIMIZATION",
      "difficulty": "very_hard"
    },
    {
      "task_id": "T23",
      "task_name": "Network-Assisted Digital Twin Control",
      "source_turn": 9,
      "question": "The UAV is executing a survey mission under microburst risk with wind at 8.5 m/s from 240 degrees, currently at 10m altitude with 100% battery, and thermal sensor offline. Network slice eMBB degraded at turn 8 to 85ms latency, 25ms jitter, 5.8% loss, and 120Mbps throughput under 0.88 edge load. At turn 9, agent switched to URLLC with 11ms latency, 2ms jitter, 0.1% loss, 95Mbps throughput, and 0.6 edge load, while reducing streaming quality and enabling store-and-forward. Projecting forward, if wind increases to 12m/s and edge load rises to 0.92 next turn, URLLC may hit 15ms latency and 0.3% loss. eMBB recovery is uncertain but could return to 20ms latency and 700Mbps if edge load drops below 0.7. Given the digital twin requires sub-20ms latency for real-time control and 50Mbps for sensor fusion, which option should be selected?",
      "options": {
        "A": "Remain on URLLC with current settings; latency and loss are within SLA, and edge load is manageable at 0.6.",
        "B": "Switch back to eMBB immediately; projected recovery offers higher throughput for sensor fusion despite higher jitter.",
        "C": "Switch to mMTC for store-and-forward only; accept 150ms latency to preserve edge resources for critical control channels.",
        "D": "Hybrid mode: use URLLC for control and mMTC for bulk data; accept 15ms latency on control and 150ms on data with 0.1% loss."
      },
      "correct": "D",
      "reason": "URLLC alone cannot sustain projected edge load increases without violating latency SLA. eMBB recovery is uncertain and may not occur within the next turn. mMTC alone fails real-time control requirements. Hybrid mode minimizes maximum regret by preserving control latency under worst-case edge load while offloading data to a non-realtime slice, ensuring digital twin integrity over the next two turns.",
      "rationale_tag": "WORST_CASE_HYBRID_OPTIMIZATION",
      "difficulty": "very_hard"
    },
    {
      "task_id": "T24",
      "task_name": "Sensing-Enhanced Decisioning (ISAC)",
      "source_turn": 9,
      "question": "The UAV is operating under microburst risk with wind at 8.5 m/s from 240 degrees, currently at 10m altitude with 100% battery. Thermal and radar sensors are offline; only RGB, LiDAR, GNSS, IMU, magnetometer, and barometer are functional. Network slice is URLLC with 11ms latency, 2ms jitter, 0.1% loss, 95Mbps throughput, and 0.6 edge load. The mission requires real-time obstacle avoidance and position sharing with swarm, but network degradation is imminent as edge load is rising and throughput has dropped from 720Mbps to 95Mbps over the last two turns. If edge load exceeds 0.75 in the next turn, latency will spike to 50ms+ and loss to 3%, violating SLA for real-time control. Thermal sensor restart failed previously, and radar remains offline. Which option should be selected to ensure mission continuity and safety over the next three turns while minimizing regret under worst-case network degradation?",
      "options": {
        "A": "Maintain current URLLC slice and prioritize LiDAR + GNSS fusion for obstacle avoidance; accept 10% risk of latency spike if edge load hits 0.75 next turn.",
        "B": "Switch to mMTC slice to reduce edge load to 0.35, accepting 150ms latency and 1.2% loss, but enabling store-and-forward for sensor data until network recovers.",
        "C": "Reallocate bandwidth to activate thermal sensor via eMBB slice (780Mbps throughput), accepting 14ms latency and 0.2% loss, but risking edge load increase to 0.65 and potential future violation.",
        "D": "Fuse RGB + IMU + barometer for altitude and motion estimation, disable LiDAR streaming, and switch to store-and-forward via URLLC; maintain 11ms latency but reduce throughput demand by 40% to buffer against edge load rise."
      },
      "correct": "D",
      "reason": "Option D minimizes maximum regret by reducing throughput demand to buffer against edge load rise while preserving real-time control via URLLC. It avoids the SLA violation risk in Option A and the latency penalty in Option B. Option C increases edge load risk without guaranteeing thermal sensor recovery. Only D maintains safety margins under worst-case edge load projection while preserving critical fusion streams for the next three turns.",
      "rationale_tag": "WORST_CASE_REGRET_MINIMIZATION",
      "difficulty": "very_hard"
    },
    {
      "task_id": "T25",
      "task_name": "AI-Agent-based Disaster / Public-Safety Coordination",
      "source_turn": 9,
      "question": "The UAV is operating under microburst risk with wind at 8.5 m/s and is currently executing a survey mission using eMBB slice, but network degradation has caused latency to spike to 85 ms, jitter to 25 ms, and loss to 5.8%, reducing throughput to 120 Mbps while edge load is at 0.88. The agent has just switched to URLLC slice, reducing latency to 11 ms, jitter to 2 ms, loss to 0.1%, and throughput to 95 Mbps with edge load at 0.6. The thermal sensor remains offline despite restart attempts, and the UAV’s battery is at 100%. If the degradation persists for one more turn, the edge load may rise to 0.92, and if the thermal sensor fails to recover, the mission’s situational awareness will be degraded by 40%. Given that the next turn requires either continuing the survey with reduced quality, aborting to home, switching to mMTC for sensor diagnostics, or escalating to swarm coordination with 3 additional UAVs, which option should be selected?",
      "options": {
        "A": "Continue survey with reduced streaming quality; current URLLC latency (11 ms) is under SLA of 20 ms, and edge load (0.6) is below critical threshold of 0.85.",
        "B": "Abort to home immediately; battery is full, and network degradation may worsen, risking mission failure if edge load exceeds 0.9.",
        "C": "Switch to mMTC for thermal sensor diagnostics; mMTC latency (150 ms) exceeds SLA but allows sensor repair, which could restore 40% situational awareness.",
        "D": "Escalate to swarm coordination with 3 additional UAVs; this increases edge load by 0.15 per UAV, but distributes risk and may recover thermal data via cross-UAV fusion."
      },
      "correct": "D",
      "reason": "The correct option minimizes maximum regret by distributing risk across multiple agents while maintaining mission continuity. Although edge load would rise to 0. 93 under worst-case swarm addition, it remains below the 0. 95 failure threshold and allows thermal data recovery through cross-fusion. Continuing with URLLC ignores the 40% situational awareness loss, and aborting forfeits all progress despite full battery.",
      "rationale_tag": "WORST_CASE_RISK_DISTRIBUTION",
      "difficulty": "very_hard"
    },
    {
      "task_id": "T26",
      "task_name": "Trust-Aware Third-Party Agent Exposure",
      "source_turn": 9,
      "question": "At turn 9, the UAV experiences severe network degradation on eMBB with 85ms latency, 25ms jitter, 5.8% loss, and 120Mbps throughput, while edge load is at 0.88. The agent switches to URLLC with 11ms latency, 2ms jitter, 0.1% loss, and 95Mbps throughput, reducing streaming quality and enabling store-and-forward via data_relay_agent. The thermal sensor remains offline, and wind remains at 8.5m/s from 240°. The mission requires real-time position sharing with swarm agents, but URLLC throughput is insufficient for full telemetry streaming. If the degradation persists for two more turns, edge load may exceed 0.95, risking slice collapse. Which option should be selected to minimize maximum regret across plausible futures while maintaining trust and regulatory compliance?",
      "options": {
        "A": "Maintain URLLC with reduced streaming and store-and-forward; accept 95Mbps throughput and 0.1% loss; project edge load to reach 0.92 in two turns; defer thermal sensor reactivation until return.",
        "B": "Revert to eMBB with full streaming; accept 85ms latency and 5.8% loss; project edge load to reach 0.97 in two turns; risk mission failure if slice collapses.",
        "C": "Switch to mMTC for sensor diagnostics; accept 150ms latency and 1.2% loss; project edge load to remain at 0.78; sacrifice real-time position sharing for diagnostic priority.",
        "D": "Request emergency bandwidth allocation from network orchestrator; assume 50% chance of success; if successful, maintain eMBB with 700Mbps throughput; if failed, fall back to URLLC with 95Mbps."
      },
      "correct": "A",
      "reason": "Option A minimizes maximum regret by maintaining URLLC’s low latency and loss under worst-case edge load projection of 0. 92, which remains below collapse threshold. It preserves real-time position sharing via store-and-forward, satisfying swarm coordination requirements. Options B and C risk mission failure or regulatory non-compliance under persistent degradation. Option D introduces uncertainty with no guaranteed improvement and higher regret if allocation fails.",
      "rationale_tag": "WORST_CASE_REGRET_MINIMIZATION",
      "difficulty": "very_hard"
    },
    {
      "task_id": "T27",
      "task_name": "Agent Lifecycle & Management",
      "source_turn": 9,
      "question": "At turn 9, the UAV agent detects severe network degradation on eMBB with latency spiking to 85 ms, jitter at 25 ms, loss at 5.8%, and throughput collapsing to 120 Mbps while edge load hits 0.88. The agent switches to URLLC with latency 11 ms, jitter 2 ms, loss 0.1%, throughput 95 Mbps, and edge load 0.6. The mission requires continuous position streaming to the swarm agent, which demands at least 80 Mbps throughput and latency under 20 ms. Thermal sensor remains offline, and battery is at 78%. If the degradation persists for two more turns, the edge load on URLLC will rise to 0.72 due to additional swarm coordination traffic. Which option should be selected to ensure mission continuity while minimizing risk of SLA violation and agent failure over the next three turns?",
      "options": {
        "A": "Maintain URLLC slice and reduce streaming resolution to 720p, accepting 90 Mbps throughput and 12 ms latency, with projected edge load of 0.65 in turn 10.",
        "B": "Switch back to eMBB and increase transmission power to compensate, risking latency above 30 ms and edge load exceeding 0.95 in turn 10, but preserving 750 Mbps throughput.",
        "C": "Initiate agent migration to a nearby edge node with 0.35 load and 150 Mbps URLLC capacity, accepting 300 ms migration latency and 5% battery drain, with no guarantee of sustained SLA.",
        "D": "Retire the current agent and instantiate a new one with thermal sensor pre-validated, accepting 1200 ms instantiation delay and 15% battery cost, with guaranteed 100 Mbps URLLC throughput and 0.4 edge load."
      },
      "correct": "A",
      "reason": "Option A maintains SLA compliance by staying under 20 ms latency and exceeding 80 Mbps throughput while keeping edge load below 0. 7. Option B risks SLA violation due to high latency and edge overload. Option C introduces unquantified risk during migration and may not sustain SLA. Option D incurs excessive delay and battery cost without improving immediate SLA margins.",
      "rationale_tag": "SLA_CONSISTENCY_UNDER_PROJECTION",
      "difficulty": "very_hard"
    },
    {
      "task_id": "T28",
      "task_name": "6G Model Training-as-a-Service Decision",
      "source_turn": 9,
      "question": "The UAV is currently operating under URLLC slice with 95 Mbps throughput, 11 ms latency, 2 ms jitter, 0.1% loss, and 0.6 edge load after adapting to prior eMBB degradation. A customer requests immediate LLM fine-tuning requiring 150 Mbps sustained throughput, 20 ms max latency, and 0.5% max loss over 3 turns. The edge load is projected to rise 0.08 per turn if training begins, and wind gusts may increase jitter by ±1.5 ms. If training is deferred, the UAV will complete its return-to-home in 2 turns with 0.48 edge load and 105 Mbps throughput. Under worst-case jitter and edge load growth, which option minimizes maximum regret over the next 3 turns while preserving mission integrity?",
      "options": {
        "A": "Accept training now: current URLLC slice meets latency and loss SLAs, and edge load remains under 0.7 for 2 turns.",
        "B": "Defer training: return-to-home completes in 2 turns with stable 105 Mbps and 0.48 edge load, avoiding risk of SLA breach.",
        "C": "Accept training with reduced batch size: throughput requirement drops to 100 Mbps, but latency tolerance increases to 30 ms, risking mission delay.",
        "D": "Switch to eMBB for training: 120 Mbps throughput available now, but latency may spike to 85 ms and loss to 5.8% if degradation recurs."
      },
      "correct": "B",
      "reason": "Accepting training now risks edge load exceeding 0. 7 in turn 11 under worst-case growth, violating capacity margins. Deferring ensures mission completion with stable QoS and avoids SLA breach under jitter uncertainty. Switching to eMBB reintroduces high latency and loss risk from prior degradation. Reduced batch size still incurs regret from delayed mission return and uncertain latency tolerance.",
      "rationale_tag": "WORST_CASE_REGRET_MINIMIZATION",
      "difficulty": "very_hard"
    },
    {
      "task_id": "T29",
      "task_name": "Immersive/AR Resource Prioritization",
      "source_turn": 8,
      "question": "At turn 8, the UAV is conducting an area survey under eMBB slice with latency spiking to 85ms, jitter at 25ms, packet loss at 5.8%, throughput down to 120Mbps, and edge load at 0.88. The mission requires real-time thermal overlay for hazard detection, but thermal sensor is offline and scheduled for restart at turn 9. The next 3 turns involve survey continuation, sensor restart, and return-to-home. Under microburst risk, worst-case wind gusts may increase latency by 15ms per turn. URLLC slice offers 11ms latency, 2ms jitter, 0.1% loss, 95Mbps throughput, and 0.6 edge load at turn 9, but cannot sustain thermal streaming above 80Mbps. mMTC slice has 150ms latency and 1.5Mbps throughput, unsuitable for real-time AR. Which option should be selected to minimize maximum regret over turns 9–11 while preserving mission integrity?",
      "options": {
        "A": "Switch to URLLC immediately at turn 8; accept 95Mbps throughput cap; prioritize sensor restart and low-latency telemetry over thermal streaming until turn 10.",
        "B": "Remain on eMBB until turn 9; hope for natural recovery; restart thermal sensor and stream at reduced quality; risk latency exceeding 100ms by turn 10.",
        "C": "Switch to mMTC at turn 8 to offload edge load; buffer thermal data; accept 150ms latency and 1.5Mbps throughput; resume streaming only after return-to-home.",
        "D": "Request emergency bandwidth allocation from edge cluster; maintain eMBB; project edge load will exceed 0.95 by turn 10; risk complete network collapse."
      },
      "correct": "A",
      "reason": "Option A minimizes maximum regret by accepting a throughput cap to guarantee latency and jitter within safety bounds for the next three turns. The thermal sensor restart at turn 9 will not immediately restore streaming, so prioritizing telemetry integrity is optimal. Worst-case wind-induced latency growth would push eMBB beyond 100ms by turn 10, violating AR latency SLA. mMTC and emergency allocation introduce unacceptable risk or delay, while URLLC’s 95Mbps is sufficient for critical telemetry and partial sensor data.",
      "rationale_tag": "WORST_CASE_LATENCY_REGRET",
      "difficulty": "very_hard"
    },
    {
      "task_id": "T30",
      "task_name": "Network Security Detection & Response Automation",
      "source_turn": 8,
      "question": "At turn 8, network telemetry reveals eMBB slice latency spiked to 85ms with 5.8% packet loss and edge load at 0.88, while jitter reached 25ms and throughput dropped to 120Mbps. Historical data shows URLLC slice maintains latency under 12ms with loss under 0.1% but throughput capped at 120Mbps. The mission requires continuous position streaming at 150kbps minimum and must avoid SLA violations for 3 more turns. A recovery window of 2 turns is projected if no action is taken, but edge load may rise to 0.95 under worst-case wind gusts. Option A switches to URLLC immediately with 95Mbps throughput and 0.6 edge load. Option B maintains eMBB with adaptive compression targeting 80kbps, risking 10% packet loss next turn. Option C initiates store-and-forward with 1.5Mbps mMTC, introducing 150ms latency but zero loss. Option D delays action for one turn to gather more telemetry, risking SLA breach if degradation persists. Which option should be selected?",
      "options": {
        "A": "Switch to URLLC slice immediately: latency 11ms, throughput 95Mbps, edge load 0.6, loss 0.1%",
        "B": "Maintain eMBB with adaptive compression: projected throughput 80kbps, loss 10%, edge load 0.92 next turn",
        "C": "Initiate store-and-forward via mMTC: latency 150ms, throughput 1.5Mbps, loss 0%, edge load 0.78",
        "D": "Delay action for one turn: monitor for recovery, risk SLA breach if degradation continues"
      },
      "correct": "A",
      "reason": "Switching to URLLC immediately preserves latency and loss within SLA bounds while maintaining sufficient throughput for position streaming. Maintaining eMBB risks exceeding loss thresholds in the next turn under projected edge load increase. Store-and-forward introduces unacceptable latency for real-time control. Delaying action risks immediate SLA violation if degradation persists, which is likely under worst-case wind conditions. URLLC’s edge load of 0.",
      "rationale_tag": "WORST_CASE_REGRET_MINIMIZATION",
      "difficulty": "very_hard"
    }
  ]
}