{
  "initial_state": {
    "domain": "uav",
    "time_s": 0.0,
    "env": {
      "weather": "fog",
      "wind_mps": 8.5,
      "wind_dir_deg": 240.0
    },
    "airspace": {
      "alt_bounds": [
        10.0,
        120.0
      ],
      "geofence": [
        {
          "type": "polygon",
          "points": [
            [
              0,
              0
            ],
            [
              200,
              0
            ],
            [
              200,
              200
            ],
            [
              0,
              200
            ]
          ]
        }
      ]
    },
    "uav": {
      "pose": {
        "x": 20.0,
        "y": 20.0,
        "z": 30.0,
        "yaw": 90.0
      },
      "speed_mps": 18.0,
      "energy": {
        "battery_pct": 100.0
      },
      "sensors": {
        "rgb": "ok",
        "thermal": "offline",
        "lidar": "ok",
        "radar": "offline",
        "gnss": "ok",
        "imu": "ok",
        "magnetometer": "ok",
        "barometer": "ok"
      },
      "payloads": []
    },
    "policy": {
      "alt_bounds": [
        10.0,
        120.0
      ]
    },
    "safety_flags": {
      "nfz_violation": false,
      "separation_breach": false
    }
  },
  "dialogue": [
    {
      "turn": 1,
      "speaker": "agent",
      "intent": "initiate mission and check telemetry",
      "actions": [
        {
          "type": "mcp",
          "name": "read_telemetry",
          "args": {}
        }
      ],
      "obs": [
        {
          "tool": "read_telemetry",
          "result": {
            "pose": {
              "x": 20.0,
              "y": 20.0,
              "z": 30.0,
              "yaw": 90.0
            },
            "speed_mps": 18.0,
            "battery_pct": 100.0,
            "sensors": [
              "rgb",
              "lidar",
              "gnss",
              "imu",
              "magnetometer",
              "barometer"
            ]
          }
        }
      ],
      "net": {
        "slice": "eMBB",
        "lat_ms": 12,
        "jitter_ms": 2,
        "loss_pct": 0.1,
        "throughput_mbps": 850,
        "edge_load": 0.45
      }
    },
    {
      "turn": 2,
      "speaker": "user",
      "intent": "confirm mission start and request route plan",
      "actions": [
        {
          "type": "mcp",
          "name": "request_route_plan",
          "args": {
            "destination": {
              "x": 180.0,
              "y": 180.0,
              "z": 50.0
            }
          }
        }
      ],
      "obs": [
        {
          "tool": "request_route_plan",
          "result": {
            "route": [
              {
                "x": 20.0,
                "y": 20.0,
                "z": 30.0
              },
              {
                "x": 60.0,
                "y": 60.0,
                "z": 40.0
              },
              {
                "x": 120.0,
                "y": 120.0,
                "z": 50.0
              },
              {
                "x": 180.0,
                "y": 180.0,
                "z": 50.0
              }
            ],
            "eta_s": 120,
            "energy_required_pct": 45.0
          }
        }
      ],
      "net": {
        "slice": "eMBB",
        "lat_ms": 14,
        "jitter_ms": 3,
        "loss_pct": 0.2,
        "throughput_mbps": 800,
        "edge_load": 0.5
      }
    },
    {
      "turn": 3,
      "speaker": "agent",
      "intent": "coordinate swarm for collision avoidance",
      "actions": [
        {
          "type": "a2a",
          "task": "collision_avoidance",
          "to": "uav_swarm_agent",
          "payload": {
            "current_pose": {
              "x": 20.0,
              "y": 20.0,
              "z": 30.0
            },
            "route": [
              {
                "x": 60.0,
                "y": 60.0,
                "z": 40.0
              },
              {
                "x": 120.0,
                "y": 120.0,
                "z": 50.0
              }
            ]
          }
        }
      ],
      "obs": [
        {
          "task": "collision_avoidance",
          "from": "uav_swarm_agent",
          "status": "ok",
          "payload": {
            "safe": true,
            "recommended_alt_offset": 0
          }
        }
      ],
      "net": {
        "slice": "URLLC",
        "lat_ms": 8,
        "jitter_ms": 1,
        "loss_pct": 0.05,
        "throughput_mbps": 100,
        "edge_load": 0.3
      }
    },
    {
      "turn": 4,
      "speaker": "user",
      "intent": "approve route and command takeoff",
      "actions": [
        {
          "type": "mcp",
          "name": "execute_maneuver",
          "args": {
            "maneuver": "takeoff",
            "target_alt": 30.0
          }
        }
      ],
      "obs": [
        {
          "tool": "execute_maneuver",
          "result": {
            "status": "completed",
            "final_pose": {
              "x": 20.0,
              "y": 20.0,
              "z": 30.0
            },
            "battery_pct": 99.8
          }
        }
      ],
      "net": {
        "slice": "URLLC",
        "lat_ms": 9,
        "jitter_ms": 1.2,
        "loss_pct": 0.1,
        "throughput_mbps": 95,
        "edge_load": 0.35
      }
    },
    {
      "turn": 5,
      "speaker": "agent",
      "intent": "initiate forward flight toward first waypoint",
      "actions": [
        {
          "type": "mcp",
          "name": "execute_maneuver",
          "args": {
            "maneuver": "waypoint_nav",
            "target": {
              "x": 60.0,
              "y": 60.0,
              "z": 40.0
            },
            "speed_mps": 18.0
          }
        }
      ],
      "obs": [
        {
          "tool": "execute_maneuver",
          "result": {
            "status": "in_progress",
            "current_pose": {
              "x": 40.0,
              "y": 40.0,
              "z": 38.0
            },
            "battery_pct": 98.5
          }
        }
      ],
      "net": {
        "slice": "eMBB",
        "lat_ms": 15,
        "jitter_ms": 4,
        "loss_pct": 0.3,
        "throughput_mbps": 750,
        "edge_load": 0.55
      }
    },
    {
      "turn": 6,
      "speaker": "user",
      "intent": "request thermal sensor activation",
      "actions": [
        {
          "type": "mcp",
          "name": "activate_sensor",
          "args": {
            "sensor": "thermal"
          }
        }
      ],
      "obs": [
        {
          "tool": "activate_sensor",
          "result": {
            "sensor": "thermal",
            "status": "failed",
            "reason": "hardware offline"
          }
        }
      ],
      "net": {
        "slice": "mMTC",
        "lat_ms": 50,
        "jitter_ms": 10,
        "loss_pct": 2.5,
        "throughput_mbps": 1.2,
        "edge_load": 0.8
      }
    },
    {
      "turn": 7,
      "speaker": "agent",
      "intent": "adapt to network degradation and verify position",
      "actions": [
        {
          "type": "mcp",
          "name": "read_telemetry",
          "args": {}
        }
      ],
      "obs": [
        {
          "tool": "read_telemetry",
          "result": {
            "pose": {
              "x": 58.0,
              "y": 58.0,
              "z": 39.5
            },
            "speed_mps": 17.5,
            "battery_pct": 97.8,
            "sensors": [
              "rgb",
              "lidar",
              "gnss",
              "imu"
            ]
          }
        }
      ],
      "net": {
        "slice": "URLLC",
        "lat_ms": 10,
        "jitter_ms": 1.5,
        "loss_pct": 0.1,
        "throughput_mbps": 90,
        "edge_load": 0.4
      }
    },
    {
      "turn": 8,
      "speaker": "user",
      "intent": "request emergency hover due to fog",
      "actions": [
        {
          "type": "mcp",
          "name": "execute_maneuver",
          "args": {
            "maneuver": "hover",
            "duration_s": 30
          }
        }
      ],
      "obs": [
        {
          "tool": "execute_maneuver",
          "result": {
            "status": "completed",
            "final_pose": {
              "x": 58.0,
              "y": 58.0,
              "z": 39.5
            },
            "battery_pct": 97.2
          }
        }
      ],
      "net": {
        "slice": "URLLC",
        "lat_ms": 7,
        "jitter_ms": 0.8,
        "loss_pct": 0.05,
        "throughput_mbps": 110,
        "edge_load": 0.25
      }
    },
    {
      "turn": 9,
      "speaker": "agent",
      "intent": "resume navigation with updated path",
      "actions": [
        {
          "type": "mcp",
          "name": "execute_maneuver",
          "args": {
            "maneuver": "waypoint_nav",
            "target": {
              "x": 120.0,
              "y": 120.0,
              "z": 50.0
            },
            "speed_mps": 15.0
          }
        }
      ],
      "obs": [
        {
          "tool": "execute_maneuver",
          "result": {
            "status": "completed",
            "final_pose": {
              "x": 120.0,
              "y": 120.0,
              "z": 50.0
            },
            "battery_pct": 95.0
          }
        }
      ],
      "net": {
        "slice": "URLLC",
        "lat_ms": 9,
        "jitter_ms": 1.1,
        "loss_pct": 0.08,
        "throughput_mbps": 105,
        "edge_load": 0.32
      }
    },
    {
      "turn": 10,
      "speaker": "user",
      "intent": "confirm arrival and prepare for landing",
      "actions": [
        {
          "type": "mcp",
          "name": "request_landing_checklist",
          "args": {}
        }
      ],
      "obs": [
        {
          "tool": "request_landing_checklist",
          "result": {
            "checks": {
              "altitude_clear": true,
              "geofence_ok": true,
              "battery_sufficient": true,
              "wind_acceptable": false,
              "recommend_delay": true
            }
          }
        }
      ],
      "net": {
        "slice": "mMTC",
        "lat_ms": 60,
        "jitter_ms": 15,
        "loss_pct": 3.0,
        "throughput_mbps": 0.8,
        "edge_load": 0.85
      }
    },
    {
      "turn": 11,
      "speaker": "agent",
      "intent": "delay landing and monitor conditions",
      "actions": [
        {
          "type": "mcp",
          "name": "monitor_weather",
          "args": {
            "duration_s": 60
          }
        }
      ],
      "obs": [
        {
          "tool": "monitor_weather",
          "result": {
            "wind_mps": 6.2,
            "wind_dir_deg": 250.0,
            "visibility_improved": true
          }
        }
      ],
      "net": {
        "slice": "URLLC",
        "lat_ms": 11,
        "jitter_ms": 2.0,
        "loss_pct": 0.12,
        "throughput_mbps": 98,
        "edge_load": 0.38
      }
    },
    {
      "turn": 12,
      "speaker": "user",
      "intent": "authorize landing at destination",
      "actions": [
        {
          "type": "mcp",
          "name": "execute_maneuver",
          "args": {
            "maneuver": "land",
            "target": {
              "x": 180.0,
              "y": 180.0,
              "z": 0.0
            }
          }
        }
      ],
      "obs": [
        {
          "tool": "execute_maneuver",
          "result": {
            "status": "completed",
            "final_pose": {
              "x": 180.0,
              "y": 180.0,
              "z": 0.0
            },
            "battery_pct": 90.0
          }
        }
      ],
      "net": {
        "slice": "URLLC",
        "lat_ms": 8,
        "jitter_ms": 0.9,
        "loss_pct": 0.04,
        "throughput_mbps": 115,
        "edge_load": 0.2
      }
    }
  ],
  "final_state": {
    "domain": "uav",
    "time_s": 180.0,
    "env": {
      "weather": "fog",
      "wind_mps": 6.2,
      "wind_dir_deg": 250.0
    },
    "airspace": {
      "alt_bounds": [
        10.0,
        120.0
      ],
      "geofence": [
        {
          "type": "polygon",
          "points": [
            [
              0,
              0
            ],
            [
              200,
              0
            ],
            [
              200,
              200
            ],
            [
              0,
              200
            ]
          ]
        }
      ]
    },
    "uav": {
      "pose": {
        "x": 180.0,
        "y": 180.0,
        "z": 0.0,
        "yaw": 90.0
      },
      "speed_mps": 0.0,
      "energy": {
        "battery_pct": 90.0
      },
      "sensors": {
        "rgb": "ok",
        "thermal": "offline",
        "lidar": "ok",
        "radar": "offline",
        "gnss": "ok",
        "imu": "ok",
        "magnetometer": "ok",
        "barometer": "ok"
      },
      "payloads": []
    },
    "policy": {
      "alt_bounds": [
        10.0,
        120.0
      ]
    },
    "safety_flags": {
      "nfz_violation": false,
      "separation_breach": false
    }
  },
  "success": true,
  "_meta": {
    "seed": 42,
    "ts": 1764004425,
    "ts_iso": "2025-11-24T17:13:45Z",
    "gen_time_s": 123.13955283164978,
    "attempts_used": 2,
    "generation_failed": false,
    "usage": {
      "prompt_tokens": 1086,
      "completion_tokens": 3778,
      "total_tokens": 4864,
      "cost": 0.00319444,
      "is_byok": false,
      "prompt_tokens_details": {
        "cached_tokens": 608,
        "audio_tokens": 0,
        "video_tokens": 0
      },
      "cost_details": {
        "upstream_inference_cost": null,
        "upstream_inference_prompt_cost": 0.00017204,
        "upstream_inference_completions_cost": 0.0030224
      },
      "completion_tokens_details": {
        "reasoning_tokens": 0,
        "image_tokens": 0
      }
    }
  }
}