{
  "initial_state": {
    "domain": "uav",
    "time_s": 0.0,
    "env": {
      "weather": "dust",
      "wind_mps": 8.0,
      "wind_dir_deg": 240.0
    },
    "airspace": {
      "alt_bounds": [
        100.0,
        600.0
      ],
      "geofence": [
        {
          "type": "polygon",
          "points": [
            [
              100.0,
              100.0
            ],
            [
              500.0,
              100.0
            ],
            [
              500.0,
              400.0
            ],
            [
              100.0,
              400.0
            ]
          ]
        }
      ]
    },
    "uav": {
      "pose": {
        "x": 150.0,
        "y": 150.0,
        "z": 300.0,
        "yaw": 90.0
      },
      "speed_mps": 35.0,
      "energy": {
        "battery_pct": 100.0
      },
      "sensors": {
        "rgb": "ok",
        "thermal": "ok",
        "lidar": "offline",
        "radar": "ok",
        "gnss": "ok",
        "imu": "ok",
        "magnetometer": "ok",
        "barometer": "ok"
      },
      "payloads": []
    },
    "policy": {
      "alt_bounds": [
        100.0,
        600.0
      ]
    },
    "safety_flags": {
      "nfz_violation": false,
      "separation_breach": false
    }
  },
  "dialogue": [
    {
      "turn": 1,
      "speaker": "agent",
      "intent": "initiate inspection mission",
      "actions": [
        {
          "type": "mcp",
          "name": "read_telemetry",
          "args": {}
        },
        {
          "type": "a2a",
          "task": "swarm_formation",
          "to": "uav_swarm_agent",
          "payload": {
            "formation": "line_abreast",
            "members": 5
          }
        }
      ],
      "obs": [
        {
          "tool": "read_telemetry",
          "result": {
            "pose": {
              "x": 150.0,
              "y": 150.0,
              "z": 300.0
            },
            "battery_pct": 100.0,
            "speed_mps": 35.0
          }
        },
        {
          "task": "swarm_formation",
          "from": "uav_swarm_agent",
          "status": "ok",
          "payload": {
            "ack": true
          }
        }
      ],
      "net": {
        "slice": "eMBB",
        "lat_ms": 12,
        "jitter_ms": 2,
        "loss_pct": 0.1,
        "throughput_mbps": 850,
        "edge_load": 0.45
      }
    },
    {
      "turn": 2,
      "speaker": "user",
      "intent": "confirm mission start and check sensor status",
      "actions": [
        {
          "type": "mcp",
          "name": "check_sensors",
          "args": {}
        }
      ],
      "obs": [
        {
          "tool": "check_sensors",
          "result": {
            "lidar": "offline",
            "status": "warning"
          }
        }
      ],
      "net": {
        "slice": "eMBB",
        "lat_ms": 11,
        "jitter_ms": 1.8,
        "loss_pct": 0.05,
        "throughput_mbps": 870,
        "edge_load": 0.48
      }
    },
    {
      "turn": 3,
      "speaker": "agent",
      "intent": "report sensor issue and propose workaround",
      "actions": [
        {
          "type": "mcp",
          "name": "activate_sensor",
          "args": {
            "sensor": "lidar",
            "force": false
          }
        }
      ],
      "obs": [
        {
          "tool": "activate_sensor",
          "result": {
            "sensor": "lidar",
            "status": "failed",
            "reason": "dust_interference"
          }
        }
      ],
      "net": {
        "slice": "URLLC",
        "lat_ms": 8,
        "jitter_ms": 0.9,
        "loss_pct": 0.02,
        "throughput_mbps": 50,
        "edge_load": 0.3
      }
    },
    {
      "turn": 4,
      "speaker": "user",
      "intent": "authorize use of radar and thermal for navigation",
      "actions": [
        {
          "type": "mcp",
          "name": "set_sensor_priority",
          "args": {
            "priority_list": [
              "radar",
              "thermal",
              "rgb"
            ]
          }
        }
      ],
      "obs": [
        {
          "tool": "set_sensor_priority",
          "result": {
            "status": "success",
            "active_sensors": [
              "radar",
              "thermal"
            ]
          }
        }
      ],
      "net": {
        "slice": "URLLC",
        "lat_ms": 7,
        "jitter_ms": 0.7,
        "loss_pct": 0.01,
        "throughput_mbps": 55,
        "edge_load": 0.32
      }
    },
    {
      "turn": 5,
      "speaker": "agent",
      "intent": "proceed to first waypoint",
      "actions": [
        {
          "type": "mcp",
          "name": "navigate_to",
          "args": {
            "waypoint": {
              "x": 300.0,
              "y": 150.0,
              "z": 350.0
            },
            "speed": 30.0
          }
        }
      ],
      "obs": [
        {
          "tool": "navigate_to",
          "result": {
            "status": "en_route",
            "eta_s": 5.2
          }
        }
      ],
      "net": {
        "slice": "eMBB",
        "lat_ms": 14,
        "jitter_ms": 2.5,
        "loss_pct": 0.2,
        "throughput_mbps": 800,
        "edge_load": 0.52
      }
    },
    {
      "turn": 6,
      "speaker": "user",
      "intent": "request real-time video feed",
      "actions": [
        {
          "type": "mcp",
          "name": "stream_video",
          "args": {
            "camera": "rgb",
            "quality": "1080p"
          }
        }
      ],
      "obs": [
        {
          "tool": "stream_video",
          "result": {
            "status": "throttled",
            "actual_quality": "720p",
            "reason": "edge_congestion"
          }
        }
      ],
      "net": {
        "slice": "eMBB",
        "lat_ms": 22,
        "jitter_ms": 8.0,
        "loss_pct": 1.5,
        "throughput_mbps": 320,
        "edge_load": 0.88
      }
    },
    {
      "turn": 7,
      "speaker": "agent",
      "intent": "switch to URLLC for critical control",
      "actions": [
        {
          "type": "a2a",
          "task": "collision_avoidance",
          "to": "uav_swarm_agent",
          "payload": {
            "mode": "active",
            "range_m": 100
          }
        }
      ],
      "obs": [
        {
          "task": "collision_avoidance",
          "from": "uav_swarm_agent",
          "status": "active",
          "payload": {
            "last_scan": 0.5,
            "obstacles": 0
          }
        }
      ],
      "net": {
        "slice": "URLLC",
        "lat_ms": 6,
        "jitter_ms": 0.5,
        "loss_pct": 0.01,
        "throughput_mbps": 40,
        "edge_load": 0.25
      }
    },
    {
      "turn": 8,
      "speaker": "user",
      "intent": "confirm arrival and initiate inspection",
      "actions": [
        {
          "type": "mcp",
          "name": "capture_image",
          "args": {
            "sensor": "thermal",
            "target": "industrial_tank_3"
          }
        }
      ],
      "obs": [
        {
          "tool": "capture_image",
          "result": {
            "status": "success",
            "image_id": "IMG_THERM_001",
            "anomaly_detected": true,
            "confidence": 0.92
          }
        }
      ],
      "net": {
        "slice": "URLLC",
        "lat_ms": 5,
        "jitter_ms": 0.4,
        "loss_pct": 0.0,
        "throughput_mbps": 45,
        "edge_load": 0.22
      }
    },
    {
      "turn": 9,
      "speaker": "agent",
      "intent": "report anomaly and request decision",
      "actions": [
        {
          "type": "mcp",
          "name": "read_telemetry",
          "args": {}
        }
      ],
      "obs": [
        {
          "tool": "read_telemetry",
          "result": {
            "pose": {
              "x": 298.7,
              "y": 150.3,
              "z": 349.1
            },
            "battery_pct": 94.3,
            "speed_mps": 0.0
          }
        }
      ],
      "net": {
        "slice": "mMTC",
        "lat_ms": 18,
        "jitter_ms": 5.0,
        "loss_pct": 0.8,
        "throughput_mbps": 1.2,
        "edge_load": 0.18
      }
    },
    {
      "turn": 10,
      "speaker": "user",
      "intent": "order return to base",
      "actions": [
        {
          "type": "mcp",
          "name": "return_to_base",
          "args": {
            "emergency": false
          }
        }
      ],
      "obs": [
        {
          "tool": "return_to_base",
          "result": {
            "status": "initiated",
            "route": "direct",
            "eta_s": 120
          }
        }
      ],
      "net": {
        "slice": "URLLC",
        "lat_ms": 7,
        "jitter_ms": 0.6,
        "loss_pct": 0.02,
        "throughput_mbps": 50,
        "edge_load": 0.31
      }
    },
    {
      "turn": 11,
      "speaker": "agent",
      "intent": "acknowledge return and monitor systems",
      "actions": [
        {
          "type": "mcp",
          "name": "monitor_systems",
          "args": {
            "duration": 30
          }
        }
      ],
      "obs": [
        {
          "tool": "monitor_systems",
          "result": {
            "status": "stable",
            "battery_pct": 88.5,
            "thermal_load": "normal"
          }
        }
      ],
      "net": {
        "slice": "URLLC",
        "lat_ms": 6,
        "jitter_ms": 0.5,
        "loss_pct": 0.01,
        "throughput_mbps": 48,
        "edge_load": 0.29
      }
    }
  ],
  "final_state": {
    "domain": "uav",
    "time_s": 135.0,
    "env": {
      "weather": "dust",
      "wind_mps": 8.0,
      "wind_dir_deg": 240.0
    },
    "airspace": {
      "alt_bounds": [
        100.0,
        600.0
      ],
      "geofence": [
        {
          "type": "polygon",
          "points": [
            [
              100.0,
              100.0
            ],
            [
              500.0,
              100.0
            ],
            [
              500.0,
              400.0
            ],
            [
              100.0,
              400.0
            ]
          ]
        }
      ]
    },
    "uav": {
      "pose": {
        "x": 160.0,
        "y": 155.0,
        "z": 200.0,
        "yaw": 270.0
      },
      "speed_mps": 25.0,
      "energy": {
        "battery_pct": 88.5
      },
      "sensors": {
        "rgb": "ok",
        "thermal": "ok",
        "lidar": "offline",
        "radar": "ok",
        "gnss": "ok",
        "imu": "ok",
        "magnetometer": "ok",
        "barometer": "ok"
      },
      "payloads": []
    },
    "policy": {
      "alt_bounds": [
        100.0,
        600.0
      ]
    },
    "safety_flags": {
      "nfz_violation": false,
      "separation_breach": false
    }
  },
  "success": true,
  "_meta": {
    "seed": 42,
    "ts": 1763937332,
    "ts_iso": "2025-11-23T22:35:32Z",
    "gen_time_s": 94.1658627986908,
    "attempts_used": 2,
    "generation_failed": false,
    "usage": {
      "prompt_tokens": 1116,
      "completion_tokens": 3329,
      "total_tokens": 4445,
      "cost": 0.00279256,
      "is_byok": false,
      "prompt_tokens_details": {
        "cached_tokens": 1056,
        "audio_tokens": 0,
        "video_tokens": 0
      },
      "cost_details": {
        "upstream_inference_cost": null,
        "upstream_inference_prompt_cost": 0.00012936,
        "upstream_inference_completions_cost": 0.0026632
      },
      "completion_tokens_details": {
        "reasoning_tokens": 0,
        "image_tokens": 0
      }
    }
  }
}