{
  "initial_state": {
    "domain": "uav",
    "time_s": 0.0,
    "env": {
      "weather": "microburst_risk",
      "wind_mps": 12.0,
      "wind_dir_deg": 240.0
    },
    "airspace": {
      "alt_bounds": [
        5.0,
        300.0
      ],
      "geofence": [
        {
          "type": "polygon",
          "points": [
            [
              0,
              0
            ],
            [
              2000,
              0
            ],
            [
              2000,
              1500
            ],
            [
              0,
              1500
            ]
          ]
        }
      ]
    },
    "uav": {
      "pose": {
        "x": 100.0,
        "y": 100.0,
        "z": 10.0,
        "yaw": 90.0
      },
      "speed_mps": 35.0,
      "energy": {
        "battery_pct": 100.0
      },
      "sensors": {
        "rgb": "ok",
        "thermal": "ok",
        "lidar": "ok",
        "radar": "offline",
        "gnss": "ok",
        "imu": "ok",
        "magnetometer": "ok",
        "barometer": "ok"
      },
      "payloads": []
    },
    "policy": {
      "alt_bounds": [
        5.0,
        300.0
      ]
    },
    "safety_flags": {
      "nfz_violation": false,
      "separation_breach": false
    }
  },
  "dialogue": [
    {
      "turn": 1,
      "speaker": "agent",
      "intent": "initiate_search_mission",
      "actions": [
        {
          "type": "mcp",
          "name": "read_telemetry",
          "args": {}
        },
        {
          "type": "a2a",
          "task": "request_swarm_coverage",
          "to": "uav_swarm_agent",
          "payload": {
            "area": "forest_north",
            "priority": "high"
          }
        }
      ],
      "obs": [
        {
          "tool": "read_telemetry",
          "result": {
            "pose": {
              "x": 100.0,
              "y": 100.0,
              "z": 10.0
            },
            "battery_pct": 100.0,
            "speed_mps": 35.0
          }
        },
        {
          "task": "request_swarm_coverage",
          "from": "uav_swarm_agent",
          "status": "ok",
          "payload": {
            "assigned_area": "forest_north",
            "uav_count": 3
          }
        }
      ],
      "net": {
        "slice": "eMBB",
        "lat_ms": 12,
        "jitter_ms": 2,
        "loss_pct": 0.1,
        "throughput_mbps": 850,
        "edge_load": 0.35
      }
    },
    {
      "turn": 2,
      "speaker": "user",
      "intent": "confirm_mission_and_monitor",
      "actions": [
        {
          "type": "mcp",
          "name": "get_weather_update",
          "args": {}
        }
      ],
      "obs": [
        {
          "tool": "get_weather_update",
          "result": {
            "condition": "microburst_risk",
            "wind_gust_peak": 18.0,
            "trend": "increasing"
          }
        }
      ],
      "net": {
        "slice": "URLLC",
        "lat_ms": 8,
        "jitter_ms": 1,
        "loss_pct": 0.05,
        "throughput_mbps": 120,
        "edge_load": 0.2
      }
    },
    {
      "turn": 3,
      "speaker": "agent",
      "intent": "adjust_flight_plan_for_weather",
      "actions": [
        {
          "type": "mcp",
          "name": "set_altitude",
          "args": {
            "target_z": 25.0
          }
        },
        {
          "type": "a2a",
          "task": "activate_microburst_protocol",
          "to": "weather_monitor_agent",
          "payload": {
            "uav_id": "uav-7",
            "current_wind": 12.0
          }
        }
      ],
      "obs": [
        {
          "tool": "set_altitude",
          "result": {
            "status": "executing",
            "target": 25.0,
            "current": 18.3
          }
        },
        {
          "task": "activate_microburst_protocol",
          "from": "weather_monitor_agent",
          "status": "acknowledged",
          "payload": {
            "advice": "maintain separation, avoid sharp turns"
          }
        }
      ],
      "net": {
        "slice": "URLLC",
        "lat_ms": 9,
        "jitter_ms": 1.5,
        "loss_pct": 0.08,
        "throughput_mbps": 100,
        "edge_load": 0.25
      }
    },
    {
      "turn": 4,
      "speaker": "user",
      "intent": "request_thermal_scan",
      "actions": [
        {
          "type": "mcp",
          "name": "activate_sensor",
          "args": {
            "sensor": "thermal"
          }
        }
      ],
      "obs": [
        {
          "tool": "activate_sensor",
          "result": {
            "sensor": "thermal",
            "status": "active",
            "mode": "search"
          }
        }
      ],
      "net": {
        "slice": "eMBB",
        "lat_ms": 15,
        "jitter_ms": 3,
        "loss_pct": 0.2,
        "throughput_mbps": 700,
        "edge_load": 0.5
      }
    },
    {
      "turn": 5,
      "speaker": "agent",
      "intent": "detect_anomaly_and_alert",
      "actions": [
        {
          "type": "mcp",
          "name": "analyze_thermal_feed",
          "args": {
            "threshold_c": 38.0
          }
        }
      ],
      "obs": [
        {
          "tool": "analyze_thermal_feed",
          "result": {
            "anomaly_count": 1,
            "location": {
              "x": 890.2,
              "y": 620.1,
              "z": 12.0
            },
            "temperature_c": 41.3
          }
        }
      ],
      "net": {
        "slice": "eMBB",
        "lat_ms": 200,
        "jitter_ms": 50,
        "loss_pct": 5.0,
        "throughput_mbps": 200,
        "edge_load": 0.85
      }
    },
    {
      "turn": 6,
      "speaker": "user",
      "intent": "investigate_anomaly",
      "actions": [
        {
          "type": "mcp",
          "name": "navigate_to",
          "args": {
            "x": 890.2,
            "y": 620.1,
            "z": 15.0
          }
        }
      ],
      "obs": [
        {
          "tool": "navigate_to",
          "result": {
            "status": "in_progress",
            "eta_s": 42,
            "path_valid": true
          }
        }
      ],
      "net": {
        "slice": "URLLC",
        "lat_ms": 10,
        "jitter_ms": 1.2,
        "loss_pct": 0.1,
        "throughput_mbps": 150,
        "edge_load": 0.3
      }
    },
    {
      "turn": 7,
      "speaker": "agent",
      "intent": "perform_close_inspection",
      "actions": [
        {
          "type": "mcp",
          "name": "capture_rgb_image",
          "args": {
            "focus_point": [
              890.2,
              620.1
            ],
            "resolution": "4k"
          }
        },
        {
          "type": "a2a",
          "task": "request_radar_diagnostic",
          "to": "maintenance_agent",
          "payload": {
            "uav_id": "uav-7",
            "issue": "radar_offline"
          }
        }
      ],
      "obs": [
        {
          "tool": "capture_rgb_image",
          "result": {
            "image_id": "img_7a8b9c",
            "status": "captured",
            "object_detected": "vehicle"
          }
        },
        {
          "task": "request_radar_diagnostic",
          "from": "maintenance_agent",
          "status": "diagnosing",
          "payload": {
            "estimated_fix_time_s": 120
          }
        }
      ],
      "net": {
        "slice": "eMBB",
        "lat_ms": 18,
        "jitter_ms": 2.5,
        "loss_pct": 0.15,
        "throughput_mbps": 780,
        "edge_load": 0.4
      }
    },
    {
      "turn": 8,
      "speaker": "user",
      "intent": "verify_detection_and_plan_recovery",
      "actions": [
        {
          "type": "mcp",
          "name": "read_telemetry",
          "args": {}
        }
      ],
      "obs": [
        {
          "tool": "read_telemetry",
          "result": {
            "pose": {
              "x": 887.4,
              "y": 618.9,
              "z": 14.8
            },
            "battery_pct": 88.2,
            "speed_mps": 12.0
          }
        }
      ],
      "net": {
        "slice": "mMTC",
        "lat_ms": 50,
        "jitter_ms": 10,
        "loss_pct": 1.0,
        "throughput_mbps": 10,
        "edge_load": 0.15
      }
    },
    {
      "turn": 9,
      "speaker": "agent",
      "intent": "update_mission_summary",
      "actions": [
        {
          "type": "mcp",
          "name": "log_event",
          "args": {
            "event": "thermal_anomaly_confirmed",
            "details": "vehicle_detected_via_rgb"
          }
        },
        {
          "type": "a2a",
          "task": "report_incident",
          "to": "command_center",
          "payload": {
            "type": "search_find",
            "location": {
              "x": 890.2,
              "y": 620.1
            },
            "confidence": 0.94
          }
        }
      ],
      "obs": [
        {
          "tool": "log_event",
          "result": {
            "status": "logged",
            "entry_id": "evt_2025_0017"
          }
        },
        {
          "task": "report_incident",
          "from": "command_center",
          "status": "received",
          "payload": {
            "ack_id": "ack_8892"
          }
        }
      ],
      "net": {
        "slice": "URLLC",
        "lat_ms": 11,
        "jitter_ms": 1.8,
        "loss_pct": 0.07,
        "throughput_mbps": 130,
        "edge_load": 0.28
      }
    },
    {
      "turn": 10,
      "speaker": "user",
      "intent": "return_to_base",
      "actions": [
        {
          "type": "mcp",
          "name": "set_home_waypoint",
          "args": {
            "x": 100.0,
            "y": 100.0
          }
        }
      ],
      "obs": [
        {
          "tool": "set_home_waypoint",
          "result": {
            "waypoint_id": "wp_home",
            "status": "set",
            "eta_s": 156
          }
        }
      ],
      "net": {
        "slice": "URLLC",
        "lat_ms": 9,
        "jitter_ms": 1.0,
        "loss_pct": 0.05,
        "throughput_mbps": 110,
        "edge_load": 0.18
      }
    },
    {
      "turn": 11,
      "speaker": "agent",
      "intent": "monitor_return_and_conserve_power",
      "actions": [
        {
          "type": "mcp",
          "name": "reduce_speed",
          "args": {
            "target_mps": 20.0
          }
        },
        {
          "type": "mcp",
          "name": "deactivate_sensor",
          "args": {
            "sensor": "thermal"
          }
        }
      ],
      "obs": [
        {
          "tool": "reduce_speed",
          "result": {
            "status": "adjusted",
            "current": 20.0
          }
        },
        {
          "tool": "deactivate_sensor",
          "result": {
            "sensor": "thermal",
            "status": "off",
            "power_saved_pct": 3.2
          }
        }
      ],
      "net": {
        "slice": "mMTC",
        "lat_ms": 60,
        "jitter_ms": 12,
        "loss_pct": 1.2,
        "throughput_mbps": 8,
        "edge_load": 0.12
      }
    }
  ],
  "final_state": {
    "domain": "uav",
    "time_s": 660.0,
    "env": {
      "weather": "microburst_risk",
      "wind_mps": 14.0,
      "wind_dir_deg": 250.0
    },
    "airspace": {
      "alt_bounds": [
        5.0,
        300.0
      ],
      "geofence": [
        {
          "type": "polygon",
          "points": [
            [
              0,
              0
            ],
            [
              2000,
              0
            ],
            [
              2000,
              1500
            ],
            [
              0,
              1500
            ]
          ]
        }
      ]
    },
    "uav": {
      "pose": {
        "x": 420.5,
        "y": 310.2,
        "z": 12.0,
        "yaw": 270.0
      },
      "speed_mps": 20.0,
      "energy": {
        "battery_pct": 84.6
      },
      "sensors": {
        "rgb": "ok",
        "thermal": "standby",
        "lidar": "ok",
        "radar": "offline",
        "gnss": "ok",
        "imu": "ok",
        "magnetometer": "ok",
        "barometer": "ok"
      },
      "payloads": []
    },
    "policy": {
      "alt_bounds": [
        5.0,
        300.0
      ]
    },
    "safety_flags": {
      "nfz_violation": false,
      "separation_breach": false
    }
  },
  "success": true,
  "_meta": {
    "seed": 42,
    "ts": 1763920979,
    "ts_iso": "2025-11-23T18:02:59Z",
    "gen_time_s": 49.71055746078491,
    "attempts_used": 1,
    "generation_failed": false,
    "usage": {
      "prompt_tokens": 1054,
      "completion_tokens": 3738,
      "total_tokens": 4792,
      "cost": 0.0031554,
      "is_byok": false,
      "prompt_tokens_details": {
        "cached_tokens": 608,
        "audio_tokens": 0,
        "video_tokens": 0
      },
      "cost_details": {
        "upstream_inference_cost": null,
        "upstream_inference_prompt_cost": 0.000165,
        "upstream_inference_completions_cost": 0.0029904
      },
      "completion_tokens_details": {
        "reasoning_tokens": 0,
        "image_tokens": 0
      }
    }
  }
}