{
  "initial_state": {
    "domain": "uav",
    "time_s": 0.0,
    "env": {
      "weather": "icing",
      "wind_mps": 6.0,
      "wind_dir_deg": 240.0
    },
    "airspace": {
      "alt_bounds": [
        10.0,
        60.0
      ],
      "geofence": [
        {
          "type": "polygon",
          "points": [
            [
              0.0,
              0.0
            ],
            [
              100.0,
              0.0
            ],
            [
              100.0,
              80.0
            ],
            [
              0.0,
              80.0
            ]
          ]
        }
      ]
    },
    "uav": {
      "pose": {
        "x": 10.0,
        "y": 10.0,
        "z": 20.0,
        "yaw": 90.0
      },
      "speed_mps": 15.0,
      "energy": {
        "battery_pct": 100.0
      },
      "sensors": {
        "rgb": "ok",
        "thermal": "offline",
        "lidar": "ok",
        "radar": "offline",
        "gnss": "ok",
        "imu": "ok",
        "magnetometer": "ok",
        "barometer": "ok"
      },
      "payloads": []
    },
    "policy": {
      "alt_bounds": [
        10.0,
        60.0
      ]
    },
    "safety_flags": {
      "nfz_violation": false,
      "separation_breach": false
    }
  },
  "dialogue": [
    {
      "turn": 1,
      "speaker": "agent",
      "intent": "initiate mission and check telemetry",
      "actions": [
        {
          "type": "mcp",
          "name": "read_telemetry",
          "args": {}
        }
      ],
      "obs": [
        {
          "tool": "read_telemetry",
          "result": {
            "pose": {
              "x": 10.0,
              "y": 10.0,
              "z": 20.0,
              "yaw": 90.0
            },
            "battery_pct": 100.0,
            "speed_mps": 15.0,
            "sensors": {
              "gnss": "ok",
              "imu": "ok"
            }
          }
        }
      ],
      "net": {
        "slice": "URLLC",
        "lat_ms": 5,
        "jitter_ms": 1,
        "loss_pct": 0.01,
        "throughput_mbps": 50,
        "edge_load": 0.3
      }
    },
    {
      "turn": 2,
      "speaker": "user",
      "intent": "confirm mission start and request route plan",
      "actions": [
        {
          "type": "mcp",
          "name": "plan_route",
          "args": {
            "start": [
              10.0,
              10.0
            ],
            "goal": [
              90.0,
              70.0
            ]
          }
        }
      ],
      "obs": [
        {
          "tool": "plan_route",
          "result": {
            "waypoints": [
              [
                30.0,
                25.0
              ],
              [
                60.0,
                50.0
              ],
              [
                90.0,
                70.0
              ]
            ],
            "estimated_time_s": 120.0,
            "battery_impact_pct": 15.0
          }
        }
      ],
      "net": {
        "slice": "eMBB",
        "lat_ms": 12,
        "jitter_ms": 3,
        "loss_pct": 0.1,
        "throughput_mbps": 100,
        "edge_load": 0.5
      }
    },
    {
      "turn": 3,
      "speaker": "agent",
      "intent": "request swarm coordination for collision check",
      "actions": [
        {
          "type": "a2a",
          "task": "collision_avoidance",
          "to": "uav_swarm_agent",
          "payload": {
            "uav_id": "uav_01",
            "route": [
              [
                30.0,
                25.0
              ],
              [
                60.0,
                50.0
              ],
              [
                90.0,
                70.0
              ]
            ]
          }
        }
      ],
      "obs": [
        {
          "task": "collision_avoidance",
          "from": "uav_swarm_agent",
          "status": "ok",
          "payload": {
            "clearance": true,
            "conflicts": []
          }
        }
      ],
      "net": {
        "slice": "URLLC",
        "lat_ms": 6,
        "jitter_ms": 1.5,
        "loss_pct": 0.02,
        "throughput_mbps": 45,
        "edge_load": 0.4
      }
    },
    {
      "turn": 4,
      "speaker": "user",
      "intent": "approve takeoff and initiate flight",
      "actions": [
        {
          "type": "mcp",
          "name": "takeoff",
          "args": {
            "target_alt": 40.0
          }
        }
      ],
      "obs": [
        {
          "tool": "takeoff",
          "result": {
            "status": "success",
            "final_alt": 40.0,
            "battery_pct": 98.5
          }
        }
      ],
      "net": {
        "slice": "URLLC",
        "lat_ms": 5,
        "jitter_ms": 1,
        "loss_pct": 0.01,
        "throughput_mbps": 50,
        "edge_load": 0.35
      }
    },
    {
      "turn": 5,
      "speaker": "agent",
      "intent": "navigate to first waypoint",
      "actions": [
        {
          "type": "mcp",
          "name": "navigate_to",
          "args": {
            "waypoint": [
              30.0,
              25.0
            ],
            "speed": 15.0
          }
        }
      ],
      "obs": [
        {
          "tool": "navigate_to",
          "result": {
            "status": "reached",
            "waypoint": [
              30.0,
              25.0
            ],
            "battery_pct": 96.0,
            "time_s": 30.0
          }
        }
      ],
      "net": {
        "slice": "URLLC",
        "lat_ms": 6,
        "jitter_ms": 2,
        "loss_pct": 0.05,
        "throughput_mbps": 40,
        "edge_load": 0.45
      }
    },
    {
      "turn": 6,
      "speaker": "user",
      "intent": "check sensor status due to icing",
      "actions": [
        {
          "type": "mcp",
          "name": "diagnose_sensor",
          "args": {
            "sensor": "thermal"
          }
        }
      ],
      "obs": [
        {
          "tool": "diagnose_sensor",
          "result": {
            "sensor": "thermal",
            "status": "fault",
            "reason": "icing_on_lens"
          }
        }
      ],
      "net": {
        "slice": "mMTC",
        "lat_ms": 50,
        "jitter_ms": 10,
        "loss_pct": 1.5,
        "throughput_mbps": 1,
        "edge_load": 0.8
      }
    },
    {
      "turn": 7,
      "speaker": "agent",
      "intent": "adapt mission due to sensor fault and poor link",
      "actions": [
        {
          "type": "mcp",
          "name": "activate_deice",
          "args": {
            "target": "thermal_camera"
          }
        }
      ],
      "obs": [
        {
          "tool": "activate_deice",
          "result": {
            "status": "success",
            "component": "thermal_camera",
            "battery_impact_pct": 1.0
          }
        }
      ],
      "net": {
        "slice": "URLLC",
        "lat_ms": 7,
        "jitter_ms": 2.5,
        "loss_pct": 0.03,
        "throughput_mbps": 35,
        "edge_load": 0.5
      }
    },
    {
      "turn": 8,
      "speaker": "user",
      "intent": "proceed to final destination",
      "actions": [
        {
          "type": "mcp",
          "name": "navigate_to",
          "args": {
            "waypoint": [
              90.0,
              70.0
            ],
            "speed": 12.0
          }
        }
      ],
      "obs": [
        {
          "tool": "navigate_to",
          "result": {
            "status": "reached",
            "waypoint": [
              90.0,
              70.0
            ],
            "battery_pct": 85.0,
            "time_s": 110.0
          }
        }
      ],
      "net": {
        "slice": "URLLC",
        "lat_ms": 6,
        "jitter_ms": 1.8,
        "loss_pct": 0.02,
        "throughput_mbps": 48,
        "edge_load": 0.4
      }
    },
    {
      "turn": 9,
      "speaker": "agent",
      "intent": "deliver payload and confirm completion",
      "actions": [
        {
          "type": "mcp",
          "name": "deliver_payload",
          "args": {
            "delivery_id": "meds_001"
          }
        }
      ],
      "obs": [
        {
          "tool": "deliver_payload",
          "result": {
            "status": "success",
            "delivery_id": "meds_001",
            "battery_pct": 83.0
          }
        }
      ],
      "net": {
        "slice": "URLLC",
        "lat_ms": 5,
        "jitter_ms": 1,
        "loss_pct": 0.01,
        "throughput_mbps": 50,
        "edge_load": 0.3
      }
    },
    {
      "turn": 10,
      "speaker": "user",
      "intent": "initiate return and landing",
      "actions": [
        {
          "type": "mcp",
          "name": "return_to_base",
          "args": {}
        }
      ],
      "obs": [
        {
          "tool": "return_to_base",
          "result": {
            "status": "en_route",
            "estimated_arrival_s": 60.0,
            "battery_pct": 70.0
          }
        }
      ],
      "net": {
        "slice": "URLLC",
        "lat_ms": 6,
        "jitter_ms": 2,
        "loss_pct": 0.04,
        "throughput_mbps": 42,
        "edge_load": 0.48
      }
    },
    {
      "turn": 11,
      "speaker": "agent",
      "intent": "land safely at base",
      "actions": [
        {
          "type": "mcp",
          "name": "land",
          "args": {}
        }
      ],
      "obs": [
        {
          "tool": "land",
          "result": {
            "status": "success",
            "final_pose": {
              "x": 10.0,
              "y": 10.0,
              "z": 0.0
            },
            "battery_pct": 65.0
          }
        }
      ],
      "net": {
        "slice": "URLLC",
        "lat_ms": 5,
        "jitter_ms": 1,
        "loss_pct": 0.01,
        "throughput_mbps": 50,
        "edge_load": 0.3
      }
    }
  ],
  "final_state": {
    "domain": "uav",
    "time_s": 170.0,
    "env": {
      "weather": "icing",
      "wind_mps": 6.0,
      "wind_dir_deg": 240.0
    },
    "airspace": {
      "alt_bounds": [
        10.0,
        60.0
      ],
      "geofence": [
        {
          "type": "polygon",
          "points": [
            [
              0.0,
              0.0
            ],
            [
              100.0,
              0.0
            ],
            [
              100.0,
              80.0
            ],
            [
              0.0,
              80.0
            ]
          ]
        }
      ]
    },
    "uav": {
      "pose": {
        "x": 10.0,
        "y": 10.0,
        "z": 0.0,
        "yaw": 90.0
      },
      "speed_mps": 0.0,
      "energy": {
        "battery_pct": 65.0
      },
      "sensors": {
        "rgb": "ok",
        "thermal": "ok",
        "lidar": "ok",
        "radar": "offline",
        "gnss": "ok",
        "imu": "ok",
        "magnetometer": "ok",
        "barometer": "ok"
      },
      "payloads": []
    },
    "policy": {
      "alt_bounds": [
        10.0,
        60.0
      ]
    },
    "safety_flags": {
      "nfz_violation": false,
      "separation_breach": false
    }
  },
  "success": true,
  "_meta": {
    "seed": 42,
    "ts": 1763665212,
    "ts_iso": "2025-11-20T19:00:12Z",
    "gen_time_s": 77.17462658882141,
    "attempts_used": 1,
    "generation_failed": false,
    "usage": {
      "prompt_tokens": 1048,
      "completion_tokens": 3357,
      "total_tokens": 4405,
      "cost": 0.00284928,
      "is_byok": false,
      "prompt_tokens_details": {
        "cached_tokens": 608,
        "audio_tokens": 0,
        "video_tokens": 0
      },
      "cost_details": {
        "upstream_inference_cost": null,
        "upstream_inference_prompt_cost": 0.00016368,
        "upstream_inference_completions_cost": 0.0026856
      },
      "completion_tokens_details": {
        "reasoning_tokens": 0,
        "image_tokens": 0
      }
    }
  }
}