{
  "initial_state": {
    "domain": "uav",
    "time_s": 0.0,
    "env": {
      "weather": "dust",
      "wind_mps": 8.0,
      "wind_dir_deg": 140.0
    },
    "airspace": {
      "alt_bounds": [
        10.0,
        120.0
      ],
      "geofence": [
        {
          "type": "polygon",
          "points": [
            [
              0.0,
              0.0
            ],
            [
              200.0,
              0.0
            ],
            [
              200.0,
              300.0
            ],
            [
              0.0,
              300.0
            ]
          ]
        }
      ]
    },
    "uav": {
      "pose": {
        "x": 10.0,
        "y": 10.0,
        "z": 30.0,
        "yaw": 90.0
      },
      "speed_mps": 22.0,
      "energy": {
        "battery_pct": 100.0
      },
      "sensors": {
        "rgb": "ok",
        "thermal": "offline",
        "lidar": "offline",
        "radar": "ok",
        "gnss": "ok",
        "imu": "ok",
        "magnetometer": "ok",
        "barometer": "ok"
      },
      "payloads": []
    },
    "policy": {
      "alt_bounds": [
        10.0,
        120.0
      ]
    },
    "safety_flags": {
      "nfz_violation": false,
      "separation_breach": false
    }
  },
  "dialogue": [
    {
      "turn": 1,
      "speaker": "agent",
      "intent": "initiate mission and check telemetry",
      "actions": [
        {
          "type": "mcp",
          "name": "read_telemetry",
          "args": {}
        }
      ],
      "obs": [
        {
          "tool": "read_telemetry",
          "result": {
            "pose": {
              "x": 10.0,
              "y": 10.0,
              "z": 30.0
            },
            "battery_pct": 100.0,
            "speed_mps": 22.0,
            "sensors": {
              "thermal": "offline",
              "lidar": "offline"
            }
          }
        }
      ],
      "net": {
        "slice": "eMBB",
        "lat_ms": 12,
        "jitter_ms": 2,
        "loss_pct": 0.1,
        "throughput_mbps": 850,
        "edge_load": 0.45
      }
    },
    {
      "turn": 2,
      "speaker": "user",
      "intent": "authorize corridor follow",
      "actions": [
        {
          "type": "mcp",
          "name": "set_mission",
          "args": {
            "mission_type": "corridor_follow",
            "target_path": [
              [
                10,
                10
              ],
              [
                100,
                150
              ],
              [
                180,
                280
              ]
            ]
          }
        }
      ],
      "obs": [
        {
          "tool": "set_mission",
          "result": {
            "status": "accepted",
            "waypoints": [
              [
                10,
                10
              ],
              [
                100,
                150
              ],
              [
                180,
                280
              ]
            ]
          }
        }
      ],
      "net": {
        "slice": "eMBB",
        "lat_ms": 14,
        "jitter_ms": 3,
        "loss_pct": 0.2,
        "throughput_mbps": 800,
        "edge_load": 0.5
      }
    },
    {
      "turn": 3,
      "speaker": "agent",
      "intent": "activate swarm coordination for path planning",
      "actions": [
        {
          "type": "a2a",
          "task": "path_optimization",
          "to": "uav_swarm_agent",
          "payload": {
            "current_pose": [
              10,
              10,
              30
            ],
            "waypoints": [
              [
                100,
                150
              ],
              [
                180,
                280
              ]
            ],
            "obstacles": [
              {
                "type": "moving",
                "pos": [
                  90,
                  130
                ],
                "vel": 5,
                "dir": 45
              }
            ]
          }
        }
      ],
      "obs": [
        {
          "task": "path_optimization",
          "from": "uav_swarm_agent",
          "status": "ok",
          "payload": {
            "revised_waypoints": [
              [
                105,
                145
              ],
              [
                175,
                275
              ]
            ],
            "suggested_alt": 45
          }
        }
      ],
      "net": {
        "slice": "URLLC",
        "lat_ms": 8,
        "jitter_ms": 1,
        "loss_pct": 0.05,
        "throughput_mbps": 100,
        "edge_load": 0.3
      }
    },
    {
      "turn": 4,
      "speaker": "user",
      "intent": "request sensor reactivation under degraded conditions",
      "actions": [
        {
          "type": "mcp",
          "name": "activate_sensor",
          "args": {
            "sensor": "thermal"
          }
        }
      ],
      "obs": [
        {
          "tool": "activate_sensor",
          "result": {
            "sensor": "thermal",
            "status": "failed",
            "reason": "dust interference"
          }
        }
      ],
      "net": {
        "slice": "mMTC",
        "lat_ms": 200,
        "jitter_ms": 50,
        "loss_pct": 5.0,
        "throughput_mbps": 1,
        "edge_load": 0.8
      }
    },
    {
      "turn": 5,
      "speaker": "agent",
      "intent": "adapt to poor link by reducing non-critical tasks",
      "actions": [
        {
          "type": "mcp",
          "name": "read_telemetry",
          "args": {}
        }
      ],
      "obs": [
        {
          "tool": "read_telemetry",
          "result": {
            "pose": {
              "x": 55.0,
              "y": 80.0,
              "z": 45.0
            },
            "battery_pct": 96.0,
            "speed_mps": 20.0
          }
        }
      ],
      "net": {
        "slice": "URLLC",
        "lat_ms": 10,
        "jitter_ms": 2,
        "loss_pct": 0.1,
        "throughput_mbps": 120,
        "edge_load": 0.35
      }
    },
    {
      "turn": 6,
      "speaker": "user",
      "intent": "verify no-fly zone compliance",
      "actions": [
        {
          "type": "mcp",
          "name": "check_geofence",
          "args": {
            "current_pose": [
              55.0,
              80.0,
              45.0
            ]
          }
        }
      ],
      "obs": [
        {
          "tool": "check_geofence",
          "result": {
            "inside": true,
            "distance_to_boundary": 55.0
          }
        }
      ],
      "net": {
        "slice": "URLLC",
        "lat_ms": 9,
        "jitter_ms": 1,
        "loss_pct": 0.08,
        "throughput_mbps": 110,
        "edge_load": 0.32
      }
    },
    {
      "turn": 7,
      "speaker": "agent",
      "intent": "initiate collision avoidance due to moving obstacle",
      "actions": [
        {
          "type": "a2a",
          "task": "collision_avoidance",
          "to": "uav_swarm_agent",
          "payload": {
            "own_pose": [
              55,
              80,
              45
            ],
            "obstacle_pos": [
              90,
              130
            ],
            "obstacle_vel": 5,
            "obstacle_dir": 45
          }
        }
      ],
      "obs": [
        {
          "task": "collision_avoidance",
          "from": "uav_swarm_agent",
          "status": "ok",
          "payload": {
            "evasive_action": "climb",
            "new_alt": 60,
            "lateral_offset": 15
          }
        }
      ],
      "net": {
        "slice": "URLLC",
        "lat_ms": 7,
        "jitter_ms": 1,
        "loss_pct": 0.04,
        "throughput_mbps": 130,
        "edge_load": 0.28
      }
    },
    {
      "turn": 8,
      "speaker": "user",
      "intent": "approve altitude change",
      "actions": [
        {
          "type": "mcp",
          "name": "adjust_altitude",
          "args": {
            "target_alt": 60
          }
        }
      ],
      "obs": [
        {
          "tool": "adjust_altitude",
          "result": {
            "status": "executing",
            "target": 60,
            "current": 48
          }
        }
      ],
      "net": {
        "slice": "URLLC",
        "lat_ms": 8,
        "jitter_ms": 1.5,
        "loss_pct": 0.1,
        "throughput_mbps": 125,
        "edge_load": 0.31
      }
    },
    {
      "turn": 9,
      "speaker": "agent",
      "intent": "confirm mission progress and battery status",
      "actions": [
        {
          "type": "mcp",
          "name": "read_telemetry",
          "args": {}
        }
      ],
      "obs": [
        {
          "tool": "read_telemetry",
          "result": {
            "pose": {
              "x": 88.0,
              "y": 125.0,
              "z": 60.0
            },
            "battery_pct": 91.0,
            "speed_mps": 18.0
          }
        }
      ],
      "net": {
        "slice": "mMTC",
        "lat_ms": 180,
        "jitter_ms": 40,
        "loss_pct": 6.0,
        "throughput_mbps": 0.8,
        "edge_load": 0.85
      }
    },
    {
      "turn": 10,
      "speaker": "user",
      "intent": "request final approach confirmation",
      "actions": [
        {
          "type": "mcp",
          "name": "check_approach_clear",
          "args": {
            "target": [
              175,
              275
            ]
          }
        }
      ],
      "obs": [
        {
          "tool": "check_approach_clear",
          "result": {
            "status": "clear",
            "obstacles_ahead": 0,
            "wind_impact": "moderate"
          }
        }
      ],
      "net": {
        "slice": "URLLC",
        "lat_ms": 9,
        "jitter_ms": 1.2,
        "loss_pct": 0.07,
        "throughput_mbps": 115,
        "edge_load": 0.33
      }
    },
    {
      "turn": 11,
      "speaker": "agent",
      "intent": "complete mission and land safely",
      "actions": [
        {
          "type": "mcp",
          "name": "execute_landing",
          "args": {
            "target_location": [
              175,
              275,
              10
            ]
          }
        }
      ],
      "obs": [
        {
          "tool": "execute_landing",
          "result": {
            "status": "completed",
            "final_pose": [
              175,
              275,
              10
            ],
            "battery_pct": 85.0
          }
        }
      ],
      "net": {
        "slice": "URLLC",
        "lat_ms": 11,
        "jitter_ms": 2,
        "loss_pct": 0.12,
        "throughput_mbps": 105,
        "edge_load": 0.36
      }
    }
  ],
  "final_state": {
    "domain": "uav",
    "time_s": 120.0,
    "env": {
      "weather": "dust",
      "wind_mps": 8.0,
      "wind_dir_deg": 140.0
    },
    "airspace": {
      "alt_bounds": [
        10.0,
        120.0
      ],
      "geofence": [
        {
          "type": "polygon",
          "points": [
            [
              0.0,
              0.0
            ],
            [
              200.0,
              0.0
            ],
            [
              200.0,
              300.0
            ],
            [
              0.0,
              300.0
            ]
          ]
        }
      ]
    },
    "uav": {
      "pose": {
        "x": 175.0,
        "y": 275.0,
        "z": 10.0,
        "yaw": 90.0
      },
      "speed_mps": 0.0,
      "energy": {
        "battery_pct": 85.0
      },
      "sensors": {
        "rgb": "ok",
        "thermal": "offline",
        "lidar": "offline",
        "radar": "ok",
        "gnss": "ok",
        "imu": "ok",
        "magnetometer": "ok",
        "barometer": "ok"
      },
      "payloads": []
    },
    "policy": {
      "alt_bounds": [
        10.0,
        120.0
      ]
    },
    "safety_flags": {
      "nfz_violation": false,
      "separation_breach": false
    }
  },
  "success": true,
  "_meta": {
    "seed": 42,
    "ts": 1763679322,
    "ts_iso": "2025-11-20T22:55:22Z",
    "gen_time_s": 55.37844395637512,
    "attempts_used": 1,
    "generation_failed": false,
    "usage": {
      "prompt_tokens": 1061,
      "completion_tokens": 3452,
      "total_tokens": 4513,
      "cost": 0.00292814,
      "is_byok": false,
      "prompt_tokens_details": {
        "cached_tokens": 608,
        "audio_tokens": 0,
        "video_tokens": 0
      },
      "cost_details": {
        "upstream_inference_cost": null,
        "upstream_inference_prompt_cost": 0.00016654,
        "upstream_inference_completions_cost": 0.0027616
      },
      "completion_tokens_details": {
        "reasoning_tokens": 0,
        "image_tokens": 0
      }
    }
  }
}