{
  "initial_state": {
    "domain": "uav",
    "time_s": 0.0,
    "env": {
      "weather": "rain",
      "wind_mps": 8.0,
      "wind_dir_deg": 270.0
    },
    "airspace": {
      "alt_bounds": [
        10.0,
        300.0
      ],
      "geofence": [
        {
          "type": "polygon",
          "points": [
            [
              100,
              100
            ],
            [
              900,
              100
            ],
            [
              900,
              700
            ],
            [
              100,
              700
            ]
          ]
        }
      ]
    },
    "uav": {
      "pose": {
        "x": 150.0,
        "y": 150.0,
        "z": 30.0,
        "yaw": 90.0
      },
      "speed_mps": 35.0,
      "energy": {
        "battery_pct": 100.0
      },
      "sensors": {
        "rgb": "ok",
        "thermal": "ok",
        "lidar": "ok",
        "radar": "offline",
        "gnss": "ok",
        "imu": "ok",
        "magnetometer": "ok",
        "barometer": "ok"
      },
      "payloads": []
    },
    "policy": {
      "alt_bounds": [
        10.0,
        300.0
      ]
    },
    "safety_flags": {
      "nfz_violation": false,
      "separation_breach": false
    }
  },
  "dialogue": [
    {
      "turn": 1,
      "speaker": "agent",
      "intent": "initiate mission and check telemetry",
      "actions": [
        {
          "type": "mcp",
          "name": "read_telemetry",
          "args": {}
        }
      ],
      "obs": [
        {
          "tool": "read_telemetry",
          "result": {
            "pose": {
              "x": 150.0,
              "y": 150.0,
              "z": 30.0,
              "yaw": 90.0
            },
            "speed_mps": 35.0,
            "battery_pct": 100.0,
            "sensors": {
              "radar": "offline"
            }
          }
        }
      ],
      "net": {
        "slice": "eMBB",
        "lat_ms": 12,
        "jitter_ms": 2,
        "loss_pct": 0.1,
        "throughput_mbps": 850,
        "edge_load": 0.45
      }
    },
    {
      "turn": 2,
      "speaker": "user",
      "intent": "request radar restart and confirm mission start",
      "actions": [
        {
          "type": "mcp",
          "name": "restart_sensor",
          "args": {
            "sensor": "radar"
          }
        }
      ],
      "obs": [
        {
          "tool": "restart_sensor",
          "result": {
            "sensor": "radar",
            "status": "success",
            "message": "radar reinitialized"
          }
        }
      ],
      "net": {
        "slice": "eMBB",
        "lat_ms": 14,
        "jitter_ms": 3,
        "loss_pct": 0.2,
        "throughput_mbps": 800,
        "edge_load": 0.5
      }
    },
    {
      "turn": 3,
      "speaker": "agent",
      "intent": "verify sensor status and plan route to search zone",
      "actions": [
        {
          "type": "mcp",
          "name": "read_telemetry",
          "args": {}
        },
        {
          "type": "mcp",
          "name": "plan_route",
          "args": {
            "start": [
              150.0,
              150.0
            ],
            "end": [
              800.0,
              600.0
            ],
            "altitude": 250.0
          }
        }
      ],
      "obs": [
        {
          "tool": "read_telemetry",
          "result": {
            "sensors": {
              "radar": "ok"
            }
          }
        },
        {
          "tool": "plan_route",
          "result": {
            "route": [
              [
                150.0,
                150.0
              ],
              [
                400.0,
                300.0
              ],
              [
                800.0,
                600.0
              ]
            ],
            "eta_s": 180,
            "fuel_required_pct": 18.5
          }
        }
      ],
      "net": {
        "slice": "eMBB",
        "lat_ms": 11,
        "jitter_ms": 1,
        "loss_pct": 0.05,
        "throughput_mbps": 900,
        "edge_load": 0.4
      }
    },
    {
      "turn": 4,
      "speaker": "user",
      "intent": "approve route and request swarm coordination",
      "actions": [
        {
          "type": "a2a",
          "task": "collision_avoidance",
          "to": "uav_swarm_agent",
          "payload": {
            "current_pose": {
              "x": 150.0,
              "y": 150.0,
              "z": 30.0
            },
            "route": [
              [
                150.0,
                150.0
              ],
              [
                400.0,
                300.0
              ],
              [
                800.0,
                600.0
              ]
            ]
          }
        }
      ],
      "obs": [
        {
          "task": "collision_avoidance",
          "from": "uav_swarm_agent",
          "status": "ok",
          "payload": {
            "conflicts": [],
            "advisory": "proceed"
          }
        }
      ],
      "net": {
        "slice": "URLLC",
        "lat_ms": 5,
        "jitter_ms": 0.5,
        "loss_pct": 0.01,
        "throughput_mbps": 100,
        "edge_load": 0.3
      }
    },
    {
      "turn": 5,
      "speaker": "agent",
      "intent": "execute takeoff and climb to cruise altitude",
      "actions": [
        {
          "type": "mcp",
          "name": "execute_maneuver",
          "args": {
            "maneuver": "climb",
            "target_altitude": 250.0
          }
        }
      ],
      "obs": [
        {
          "tool": "execute_maneuver",
          "result": {
            "status": "in_progress",
            "current_altitude": 120.0,
            "target": 250.0
          }
        }
      ],
      "net": {
        "slice": "URLLC",
        "lat_ms": 6,
        "jitter_ms": 0.8,
        "loss_pct": 0.02,
        "throughput_mbps": 95,
        "edge_load": 0.35
      }
    },
    {
      "turn": 6,
      "speaker": "user",
      "intent": "monitor progress and request weather update",
      "actions": [
        {
          "type": "mcp",
          "name": "get_weather",
          "args": {
            "location": [
              800.0,
              600.0
            ]
          }
        }
      ],
      "obs": [
        {
          "tool": "get_weather",
          "result": {
            "precipitation": "snow",
            "wind_mps": 14.0,
            "visibility_m": 800
          }
        }
      ],
      "net": {
        "slice": "mMTC",
        "lat_ms": 50,
        "jitter_ms": 10,
        "loss_pct": 1.5,
        "throughput_mbps": 1,
        "edge_load": 0.8
      }
    },
    {
      "turn": 7,
      "speaker": "agent",
      "intent": "adjust route due to weather and conserve bandwidth",
      "actions": [
        {
          "type": "mcp",
          "name": "plan_route",
          "args": {
            "start": [
              150.0,
              150.0
            ],
            "end": [
              800.0,
              600.0
            ],
            "altitude": 280.0,
            "avoid_area": [
              [
                500.0,
                400.0
              ],
              100.0
            ]
          }
        }
      ],
      "obs": [
        {
          "tool": "plan_route",
          "result": {
            "route": [
              [
                150.0,
                150.0
              ],
              [
                350.0,
                250.0
              ],
              [
                750.0,
                550.0
              ],
              [
                800.0,
                600.0
              ]
            ],
            "eta_s": 210,
            "fuel_required_pct": 22.0
          }
        }
      ],
      "net": {
        "slice": "URLLC",
        "lat_ms": 7,
        "jitter_ms": 1.0,
        "loss_pct": 0.03,
        "throughput_mbps": 90,
        "edge_load": 0.4
      }
    },
    {
      "turn": 8,
      "speaker": "user",
      "intent": "approve updated route and enable thermal imaging",
      "actions": [
        {
          "type": "mcp",
          "name": "activate_sensor",
          "args": {
            "sensor": "thermal",
            "mode": "search"
          }
        }
      ],
      "obs": [
        {
          "tool": "activate_sensor",
          "result": {
            "sensor": "thermal",
            "mode": "search",
            "status": "active"
          }
        }
      ],
      "net": {
        "slice": "eMBB",
        "lat_ms": 13,
        "jitter_ms": 2,
        "loss_pct": 0.1,
        "throughput_mbps": 870,
        "edge_load": 0.48
      }
    },
    {
      "turn": 9,
      "speaker": "agent",
      "intent": "detect heat signature and report",
      "actions": [
        {
          "type": "mcp",
          "name": "detect_target",
          "args": {
            "sensor": "thermal",
            "threshold_c": 30.0
          }
        }
      ],
      "obs": [
        {
          "tool": "detect_target",
          "result": {
            "detection": true,
            "location": [
              785.0,
              590.0
            ],
            "temperature_c": 36.5,
            "confidence": 0.94
          }
        }
      ],
      "net": {
        "slice": "eMBB",
        "lat_ms": 10,
        "jitter_ms": 1.5,
        "loss_pct": 0.08,
        "throughput_mbps": 910,
        "edge_load": 0.42
      }
    },
    {
      "turn": 10,
      "speaker": "user",
      "intent": "request confirmation and prepare for hover",
      "actions": [
        {
          "type": "mcp",
          "name": "verify_detection",
          "args": {
            "location": [
              785.0,
              590.0
            ],
            "sensor": "rgb"
          }
        }
      ],
      "obs": [
        {
          "tool": "verify_detection",
          "result": {
            "confirmed": true,
            "visual_class": "human",
            "pose": {
              "x": 785.0,
              "y": 590.0,
              "z": 2.0
            }
          }
        }
      ],
      "net": {
        "slice": "URLLC",
        "lat_ms": 4,
        "jitter_ms": 0.4,
        "loss_pct": 0.01,
        "throughput_mbps": 110,
        "edge_load": 0.3
      }
    },
    {
      "turn": 11,
      "speaker": "agent",
      "intent": "initiate hover and relay rescue coordinates",
      "actions": [
        {
          "type": "mcp",
          "name": "execute_maneuver",
          "args": {
            "maneuver": "hover",
            "target_location": [
              785.0,
              590.0
            ],
            "altitude": 40.0
          }
        },
        {
          "type": "a2a",
          "task": "relay_coordinates",
          "to": "rescue_command",
          "payload": {
            "target_location": [
              785.0,
              590.0
            ],
            "confidence": 0.94,
            "timestamp": 215.7
          }
        }
      ],
      "obs": [
        {
          "tool": "execute_maneuver",
          "result": {
            "status": "completed",
            "pose": {
              "x": 785.0,
              "y": 590.0,
              "z": 40.0
            }
          }
        },
        {
          "task": "relay_coordinates",
          "from": "rescue_command",
          "status": "acknowledged",
          "payload": {
            "eta_rescue": 300,
            "units_deployed": 1
          }
        }
      ],
      "net": {
        "slice": "URLLC",
        "lat_ms": 5,
        "jitter_ms": 0.6,
        "loss_pct": 0.02,
        "throughput_mbps": 105,
        "edge_load": 0.32
      }
    }
  ],
  "final_state": {
    "domain": "uav",
    "time_s": 215.7,
    "env": {
      "weather": "rain",
      "wind_mps": 8.0,
      "wind_dir_deg": 270.0
    },
    "airspace": {
      "alt_bounds": [
        10.0,
        300.0
      ],
      "geofence": [
        {
          "type": "polygon",
          "points": [
            [
              100,
              100
            ],
            [
              900,
              100
            ],
            [
              900,
              700
            ],
            [
              100,
              700
            ]
          ]
        }
      ]
    },
    "uav": {
      "pose": {
        "x": 785.0,
        "y": 590.0,
        "z": 40.0,
        "yaw": 90.0
      },
      "speed_mps": 0.0,
      "energy": {
        "battery_pct": 76.0
      },
      "sensors": {
        "rgb": "ok",
        "thermal": "active",
        "lidar": "ok",
        "radar": "ok",
        "gnss": "ok",
        "imu": "ok",
        "magnetometer": "ok",
        "barometer": "ok"
      },
      "payloads": []
    },
    "policy": {
      "alt_bounds": [
        10.0,
        300.0
      ]
    },
    "safety_flags": {
      "nfz_violation": false,
      "separation_breach": false
    }
  },
  "success": true,
  "_meta": {
    "seed": 42,
    "ts": 1763663977,
    "ts_iso": "2025-11-20T18:39:37Z",
    "gen_time_s": 70.79377031326294,
    "attempts_used": 1,
    "generation_failed": false,
    "usage": {
      "prompt_tokens": 1052,
      "completion_tokens": 3873,
      "total_tokens": 4925,
      "cost": 0.00332984,
      "is_byok": false,
      "prompt_tokens_details": {
        "cached_tokens": 0,
        "audio_tokens": 0,
        "video_tokens": 0
      },
      "cost_details": {
        "upstream_inference_cost": null,
        "upstream_inference_prompt_cost": 0.00023144,
        "upstream_inference_completions_cost": 0.0030984
      },
      "completion_tokens_details": {
        "reasoning_tokens": 0,
        "image_tokens": 0
      }
    }
  }
}