{
  "initial_state": {
    "domain": "uav",
    "time_s": 0.0,
    "env": {
      "weather": "microburst_risk",
      "wind_mps": 8.5,
      "wind_dir_deg": 210.0
    },
    "airspace": {
      "alt_bounds": [
        10.0,
        120.0
      ],
      "geofence": [
        {
          "type": "polygon",
          "points": [
            [
              100,
              100
            ],
            [
              500,
              100
            ],
            [
              500,
              400
            ],
            [
              100,
              400
            ]
          ]
        }
      ]
    },
    "uav": {
      "pose": {
        "x": 150.0,
        "y": 150.0,
        "z": 15.0,
        "yaw": 210.0
      },
      "speed_mps": 18.0,
      "energy": {
        "battery_pct": 100.0
      },
      "sensors": {
        "rgb": "ok",
        "thermal": "ok",
        "lidar": "ok",
        "radar": "offline",
        "gnss": "ok",
        "imu": "ok",
        "magnetometer": "ok",
        "barometer": "ok"
      },
      "payloads": []
    },
    "policy": {
      "alt_bounds": [
        10.0,
        120.0
      ]
    },
    "safety_flags": {
      "nfz_violation": false,
      "separation_breach": false
    }
  },
  "dialogue": [
    {
      "turn": 1,
      "speaker": "agent",
      "intent": "initiate_survey_mission",
      "actions": [
        {
          "type": "mcp",
          "name": "read_telemetry",
          "args": {}
        },
        {
          "type": "a2a",
          "task": "request_weather_risk_assessment",
          "to": "weather_agent",
          "payload": {
            "location": {
              "x": 150.0,
              "y": 150.0
            },
            "risk_type": "microburst"
          }
        }
      ],
      "obs": [
        {
          "tool": "read_telemetry",
          "result": {
            "pose": {
              "x": 150.0,
              "y": 150.0,
              "z": 15.0
            },
            "battery_pct": 100.0,
            "speed_mps": 18.0
          }
        },
        {
          "task": "request_weather_risk_assessment",
          "from": "weather_agent",
          "status": "ok",
          "payload": {
            "risk_level": "high",
            "advice": "avoid thermal updraft zones"
          }
        }
      ],
      "net": {
        "slice": "URLLC",
        "lat_ms": 3.2,
        "jitter_ms": 0.8,
        "loss_pct": 0.01,
        "throughput_mbps": 95,
        "edge_load": 0.35
      }
    },
    {
      "turn": 2,
      "speaker": "user",
      "intent": "approve_altitude_adjustment",
      "actions": [
        {
          "type": "mcp",
          "name": "set_altitude",
          "args": {
            "target_z": 45.0
          }
        }
      ],
      "obs": [
        {
          "tool": "set_altitude",
          "result": {
            "status": "accepted",
            "target_z": 45.0
          }
        }
      ],
      "net": {
        "slice": "eMBB",
        "lat_ms": 12.5,
        "jitter_ms": 2.1,
        "loss_pct": 0.05,
        "throughput_mbps": 180,
        "edge_load": 0.68
      }
    },
    {
      "turn": 3,
      "speaker": "agent",
      "intent": "ascend_and_monitor_environment",
      "actions": [
        {
          "type": "mcp",
          "name": "read_telemetry",
          "args": {}
        },
        {
          "type": "mcp",
          "name": "activate_sensor",
          "args": {
            "sensor": "thermal"
          }
        }
      ],
      "obs": [
        {
          "tool": "read_telemetry",
          "result": {
            "pose": {
              "x": 150.0,
              "y": 150.0,
              "z": 32.4
            },
            "battery_pct": 99.8,
            "speed_mps": 16.2
          }
        },
        {
          "tool": "activate_sensor",
          "result": {
            "sensor": "thermal",
            "status": "active"
          }
        }
      ],
      "net": {
        "slice": "URLLC",
        "lat_ms": 4.1,
        "jitter_ms": 1.0,
        "loss_pct": 0.02,
        "throughput_mbps": 100,
        "edge_load": 0.41
      }
    },
    {
      "turn": 4,
      "speaker": "user",
      "intent": "request_swarm_coordination",
      "actions": [
        {
          "type": "a2a",
          "task": "initiate_swarm_formation",
          "to": "uav_swarm_agent",
          "payload": {
            "formation": "delta",
            "leader": "uav_01",
            "members": [
              "uav_02",
              "uav_03"
            ]
          }
        }
      ],
      "obs": [
        {
          "task": "initiate_swarm_formation",
          "from": "uav_swarm_agent",
          "status": "acknowledged",
          "payload": {
            "formation_status": "pending",
            "expected_completion_s": 8.0
          }
        }
      ],
      "net": {
        "slice": "mMTC",
        "lat_ms": 25.0,
        "jitter_ms": 8.0,
        "loss_pct": 0.5,
        "throughput_mbps": 1.2,
        "edge_load": 0.85
      }
    },
    {
      "turn": 5,
      "speaker": "agent",
      "intent": "detect_anomaly_and_adapt",
      "actions": [
        {
          "type": "mcp",
          "name": "read_telemetry",
          "args": {}
        },
        {
          "type": "mcp",
          "name": "analyze_thermal_feed",
          "args": {
            "duration_s": 5
          }
        }
      ],
      "obs": [
        {
          "tool": "read_telemetry",
          "result": {
            "pose": {
              "x": 152.1,
              "y": 153.7,
              "z": 45.0
            },
            "battery_pct": 99.5,
            "speed_mps": 15.8
          }
        },
        {
          "tool": "analyze_thermal_feed",
          "result": {
            "anomaly_detected": true,
            "type": "thermal_updraft",
            "location_offset": {
              "x": 80,
              "y": 60
            },
            "intensity": 7.3
          }
        }
      ],
      "net": {
        "slice": "URLLC",
        "lat_ms": 3.8,
        "jitter_ms": 0.9,
        "loss_pct": 0.01,
        "throughput_mbps": 98,
        "edge_load": 0.39
      }
    },
    {
      "turn": 6,
      "speaker": "user",
      "intent": "reroute_around_anomaly",
      "actions": [
        {
          "type": "mcp",
          "name": "set_waypoint",
          "args": {
            "x": 240.0,
            "y": 220.0,
            "z": 50.0
          }
        }
      ],
      "obs": [
        {
          "tool": "set_waypoint",
          "result": {
            "status": "confirmed",
            "eta_s": 14.2
          }
        }
      ],
      "net": {
        "slice": "eMBB",
        "lat_ms": 15.0,
        "jitter_ms": 3.0,
        "loss_pct": 0.1,
        "throughput_mbps": 160,
        "edge_load": 0.72
      }
    },
    {
      "turn": 7,
      "speaker": "agent",
      "intent": "verify_geofence_compliance",
      "actions": [
        {
          "type": "mcp",
          "name": "check_geofence",
          "args": {
            "path": [
              {
                "x": 152.1,
                "y": 153.7
              },
              {
                "x": 240.0,
                "y": 220.0
              }
            ]
          }
        }
      ],
      "obs": [
        {
          "tool": "check_geofence",
          "result": {
            "status": "clear",
            "within_bounds": true
          }
        }
      ],
      "net": {
        "slice": "URLLC",
        "lat_ms": 2.9,
        "jitter_ms": 0.7,
        "loss_pct": 0.0,
        "throughput_mbps": 105,
        "edge_load": 0.31
      }
    },
    {
      "turn": 8,
      "speaker": "user",
      "intent": "enable_high_res_imaging",
      "actions": [
        {
          "type": "mcp",
          "name": "activate_sensor",
          "args": {
            "sensor": "rgb",
            "mode": "high_res"
          }
        }
      ],
      "obs": [
        {
          "tool": "activate_sensor",
          "result": {
            "sensor": "rgb",
            "mode": "high_res",
            "status": "active"
          }
        }
      ],
      "net": {
        "slice": "eMBB",
        "lat_ms": 18.0,
        "jitter_ms": 4.5,
        "loss_pct": 0.2,
        "throughput_mbps": 140,
        "edge_load": 0.78
      }
    },
    {
      "turn": 9,
      "speaker": "agent",
      "intent": "capture_survey_data",
      "actions": [
        {
          "type": "mcp",
          "name": "capture_image",
          "args": {
            "sensor": "rgb",
            "target": {
              "x": 240.0,
              "y": 220.0
            }
          }
        },
        {
          "type": "mcp",
          "name": "capture_image",
          "args": {
            "sensor": "thermal",
            "target": {
              "x": 240.0,
              "y": 220.0
            }
          }
        }
      ],
      "obs": [
        {
          "tool": "capture_image",
          "result": {
            "sensor": "rgb",
            "status": "success",
            "file": "img_001_rgb_hr.png"
          }
        },
        {
          "tool": "capture_image",
          "result": {
            "sensor": "thermal",
            "status": "success",
            "file": "img_001_thermal.png"
          }
        }
      ],
      "net": {
        "slice": "URLLC",
        "lat_ms": 4.0,
        "jitter_ms": 1.1,
        "loss_pct": 0.01,
        "throughput_mbps": 97,
        "edge_load": 0.4
      }
    },
    {
      "turn": 10,
      "speaker": "user",
      "intent": "prepare_return_and_conserve",
      "actions": [
        {
          "type": "mcp",
          "name": "set_power_saving_mode",
          "args": {
            "sensors_off": [
              "lidar",
              "thermal"
            ],
            "video_stream": false
          }
        }
      ],
      "obs": [
        {
          "tool": "set_power_saving_mode",
          "result": {
            "status": "applied",
            "sensors_active": [
              "rgb",
              "gnss",
              "imu"
            ]
          }
        }
      ],
      "net": {
        "slice": "mMTC",
        "lat_ms": 30.0,
        "jitter_ms": 10.0,
        "loss_pct": 0.8,
        "throughput_mbps": 0.8,
        "edge_load": 0.91
      }
    },
    {
      "turn": 11,
      "speaker": "agent",
      "intent": "return_to_home",
      "actions": [
        {
          "type": "mcp",
          "name": "set_waypoint",
          "args": {
            "x": 150.0,
            "y": 150.0,
            "z": 15.0
          }
        },
        {
          "type": "mcp",
          "name": "read_telemetry",
          "args": {}
        }
      ],
      "obs": [
        {
          "tool": "set_waypoint",
          "result": {
            "status": "confirmed",
            "eta_s": 16.5
          }
        },
        {
          "tool": "read_telemetry",
          "result": {
            "pose": {
              "x": 238.7,
              "y": 217.3,
              "z": 49.1
            },
            "battery_pct": 98.2,
            "speed_mps": 14.5
          }
        }
      ],
      "net": {
        "slice": "URLLC",
        "lat_ms": 3.5,
        "jitter_ms": 0.9,
        "loss_pct": 0.0,
        "throughput_mbps": 102,
        "edge_load": 0.33
      }
    }
  ],
  "final_state": {
    "domain": "uav",
    "time_s": 120.0,
    "env": {
      "weather": "microburst_risk",
      "wind_mps": 8.5,
      "wind_dir_deg": 210.0
    },
    "airspace": {
      "alt_bounds": [
        10.0,
        120.0
      ],
      "geofence": [
        {
          "type": "polygon",
          "points": [
            [
              100,
              100
            ],
            [
              500,
              100
            ],
            [
              500,
              400
            ],
            [
              100,
              400
            ]
          ]
        }
      ]
    },
    "uav": {
      "pose": {
        "x": 150.0,
        "y": 150.0,
        "z": 15.0,
        "yaw": 210.0
      },
      "speed_mps": 0.0,
      "energy": {
        "battery_pct": 96.5
      },
      "sensors": {
        "rgb": "active",
        "thermal": "off",
        "lidar": "off",
        "radar": "offline",
        "gnss": "ok",
        "imu": "ok",
        "magnetometer": "ok",
        "barometer": "ok"
      },
      "payloads": []
    },
    "policy": {
      "alt_bounds": [
        10.0,
        120.0
      ]
    },
    "safety_flags": {
      "nfz_violation": false,
      "separation_breach": false
    }
  },
  "success": true,
  "_meta": {
    "seed": 42,
    "ts": 1763872459,
    "ts_iso": "2025-11-23T04:34:19Z",
    "gen_time_s": 42.26085805892944,
    "attempts_used": 1,
    "generation_failed": false,
    "usage": {
      "prompt_tokens": 1058,
      "completion_tokens": 3870,
      "total_tokens": 4928,
      "cost": 0.00326012,
      "is_byok": false,
      "prompt_tokens_details": {
        "cached_tokens": 624,
        "audio_tokens": 0,
        "video_tokens": 0
      },
      "cost_details": {
        "upstream_inference_cost": null,
        "upstream_inference_prompt_cost": 0.00016412,
        "upstream_inference_completions_cost": 0.003096
      },
      "completion_tokens_details": {
        "reasoning_tokens": 0,
        "image_tokens": 0
      }
    }
  }
}