{
  "initial_state": {
    "domain": "uav",
    "time_s": 0.0,
    "env": {
      "weather": "thermal_updrafts",
      "wind_mps": 6.5,
      "wind_dir_deg": 240.0
    },
    "airspace": {
      "alt_bounds": [
        5.0,
        120.0
      ],
      "geofence": [
        {
          "type": "polygon",
          "points": [
            [
              0.0,
              0.0
            ],
            [
              400.0,
              0.0
            ],
            [
              400.0,
              300.0
            ],
            [
              0.0,
              300.0
            ]
          ]
        }
      ]
    },
    "uav": {
      "pose": {
        "x": 20.0,
        "y": 150.0,
        "z": 10.0,
        "yaw": 90.0
      },
      "speed_mps": 35.0,
      "energy": {
        "battery_pct": 100.0
      },
      "sensors": {
        "rgb": "ok",
        "thermal": "ok",
        "lidar": "ok",
        "radar": "offline",
        "gnss": "ok",
        "imu": "ok",
        "magnetometer": "ok",
        "barometer": "ok"
      },
      "payloads": []
    },
    "policy": {
      "alt_bounds": [
        5.0,
        120.0
      ]
    },
    "safety_flags": {
      "nfz_violation": false,
      "separation_breach": false
    }
  },
  "dialogue": [
    {
      "turn": 1,
      "speaker": "agent",
      "intent": "initiate_mission_and_check_status",
      "actions": [
        {
          "type": "mcp",
          "name": "read_telemetry",
          "args": {}
        },
        {
          "type": "mcp",
          "name": "check_sensors",
          "args": {}
        }
      ],
      "obs": [
        {
          "tool": "read_telemetry",
          "result": {
            "pose": {
              "x": 20.0,
              "y": 150.0,
              "z": 10.0
            },
            "speed_mps": 35.0,
            "battery_pct": 100.0
          }
        },
        {
          "tool": "check_sensors",
          "result": {
            "status": "partial",
            "issues": [
              "radar_offline"
            ]
          }
        }
      ],
      "net": {
        "slice": "eMBB",
        "lat_ms": 12,
        "jitter_ms": 2,
        "loss_pct": 0.1,
        "throughput_mbps": 850,
        "edge_load": 0.35
      }
    },
    {
      "turn": 2,
      "speaker": "user",
      "intent": "confirm_mission_start",
      "actions": [
        {
          "type": "mcp",
          "name": "set_mission_plan",
          "args": {
            "waypoints": [
              {
                "x": 380.0,
                "y": 150.0,
                "z": 50.0
              },
              {
                "x": 200.0,
                "y": 280.0,
                "z": 40.0
              }
            ],
            "task": "thermal_mapping"
          }
        }
      ],
      "obs": [
        {
          "tool": "set_mission_plan",
          "result": {
            "status": "accepted",
            "plan_id": "plan_7a3f2e"
          }
        }
      ],
      "net": {
        "slice": "eMBB",
        "lat_ms": 10,
        "jitter_ms": 1.5,
        "loss_pct": 0.05,
        "throughput_mbps": 900,
        "edge_load": 0.4
      }
    },
    {
      "turn": 3,
      "speaker": "agent",
      "intent": "request_swarm_coordination_for_path_optimization",
      "actions": [
        {
          "type": "a2a",
          "task": "path_optimization",
          "to": "uav_swarm_agent",
          "payload": {
            "current_pose": {
              "x": 20.0,
              "y": 150.0,
              "z": 10.0
            },
            "waypoints": [
              {
                "x": 380.0,
                "y": 150.0,
                "z": 50.0
              },
              {
                "x": 200.0,
                "y": 280.0,
                "z": 40.0
              }
            ],
            "constraints": {
              "max_alt": 120.0,
              "min_alt": 5.0,
              "wind_dir": 240.0
            }
          }
        }
      ],
      "obs": [
        {
          "task": "path_optimization",
          "from": "uav_swarm_agent",
          "status": "ok",
          "payload": {
            "optimized_waypoints": [
              {
                "x": 380.0,
                "y": 150.0,
                "z": 60.0,
                "t_thermal_gain": true
              },
              {
                "x": 200.0,
                "y": 280.0,
                "z": 45.0
              }
            ],
            "eta_s": 142.5
          }
        }
      ],
      "net": {
        "slice": "URLLC",
        "lat_ms": 8,
        "jitter_ms": 0.8,
        "loss_pct": 0.02,
        "throughput_mbps": 120,
        "edge_load": 0.2
      }
    },
    {
      "turn": 4,
      "speaker": "user",
      "intent": "approve_optimized_path",
      "actions": [
        {
          "type": "mcp",
          "name": "activate_waypoints",
          "args": {
            "waypoints": [
              {
                "x": 380.0,
                "y": 150.0,
                "z": 60.0
              },
              {
                "x": 200.0,
                "y": 280.0,
                "z": 45.0
              }
            ]
          }
        }
      ],
      "obs": [
        {
          "tool": "activate_waypoints",
          "result": {
            "status": "active",
            "tracking_mode": "loiter_on_last"
          }
        }
      ],
      "net": {
        "slice": "eMBB",
        "lat_ms": 14,
        "jitter_ms": 3,
        "loss_pct": 0.2,
        "throughput_mbps": 800,
        "edge_load": 0.5
      }
    },
    {
      "turn": 5,
      "speaker": "agent",
      "intent": "detect_network_degradation_and_adapt",
      "actions": [
        {
          "type": "mcp",
          "name": "read_telemetry",
          "args": {}
        }
      ],
      "obs": [
        {
          "tool": "read_telemetry",
          "result": {
            "pose": {
              "x": 120.0,
              "y": 150.0,
              "z": 60.0
            },
            "speed_mps": 32.0,
            "battery_pct": 96.0
          }
        }
      ],
      "net": {
        "slice": "mMTC",
        "lat_ms": 120,
        "jitter_ms": 25,
        "loss_pct": 5.0,
        "throughput_mbps": 1.5,
        "edge_load": 0.85
      }
    },
    {
      "turn": 6,
      "speaker": "user",
      "intent": "request_status_update_under_poor_link",
      "actions": [
        {
          "type": "mcp",
          "name": "get_status_summary",
          "args": {
            "minimal": true
          }
        }
      ],
      "obs": [
        {
          "tool": "get_status_summary",
          "result": {
            "status": "nominal",
            "battery_pct": 96.0,
            "next_waypoint": {
              "x": 380.0,
              "y": 150.0
            },
            "warnings": [
              "radar_offline",
              "high_network_latency"
            ]
          }
        }
      ],
      "net": {
        "slice": "mMTC",
        "lat_ms": 110,
        "jitter_ms": 30,
        "loss_pct": 6.5,
        "throughput_mbps": 1.2,
        "edge_load": 0.9
      }
    },
    {
      "turn": 7,
      "speaker": "agent",
      "intent": "initiate_thermal_soaring_maneuver",
      "actions": [
        {
          "type": "mcp",
          "name": "execute_maneuver",
          "args": {
            "maneuver": "thermal_circle",
            "params": {
              "radius_m": 25.0,
              "duration_s": 30.0,
              "target_alt": 75.0
            }
          }
        }
      ],
      "obs": [
        {
          "tool": "execute_maneuver",
          "result": {
            "status": "completed",
            "final_alt": 74.8,
            "battery_used_pct": 1.2,
            "energy_gain": "thermal_lift_utilized"
          }
        }
      ],
      "net": {
        "slice": "URLLC",
        "lat_ms": 9,
        "jitter_ms": 1.0,
        "loss_pct": 0.03,
        "throughput_mbps": 110,
        "edge_load": 0.25
      }
    },
    {
      "turn": 8,
      "speaker": "user",
      "intent": "request_high_res_imagery",
      "actions": [
        {
          "type": "mcp",
          "name": "capture_image",
          "args": {
            "sensor": "rgb",
            "resolution": "high",
            "target": {
              "x": 380.0,
              "y": 150.0
            }
          }
        }
      ],
      "obs": [
        {
          "tool": "capture_image",
          "result": {
            "status": "success",
            "image_id": "img_9b3c4d",
            "size_kb": 4096
          }
        }
      ],
      "net": {
        "slice": "eMBB",
        "lat_ms": 15,
        "jitter_ms": 2.5,
        "loss_pct": 0.3,
        "throughput_mbps": 880,
        "edge_load": 0.45
      }
    },
    {
      "turn": 9,
      "speaker": "agent",
      "intent": "detect_anomaly_and_report",
      "actions": [
        {
          "type": "mcp",
          "name": "run_diagnostics",
          "args": {
            "components": [
              "radar",
              "gnss"
            ]
          }
        }
      ],
      "obs": [
        {
          "tool": "run_diagnostics",
          "result": {
            "radar": {
              "status": "failed",
              "error": "hardware_fault"
            },
            "gnss": {
              "status": "ok",
              "hdop": 1.2
            }
          }
        }
      ],
      "net": {
        "slice": "URLLC",
        "lat_ms": 7,
        "jitter_ms": 0.9,
        "loss_pct": 0.01,
        "throughput_mbps": 130,
        "edge_load": 0.18
      }
    },
    {
      "turn": 10,
      "speaker": "user",
      "intent": "request_return_to_home",
      "actions": [
        {
          "type": "mcp",
          "name": "set_return_to_home",
          "args": {
            "rtl_alt": 50.0,
            "land_speed": 2.0
          }
        }
      ],
      "obs": [
        {
          "tool": "set_return_to_home",
          "result": {
            "status": "initiated",
            "home_pose": {
              "x": 20.0,
              "y": 150.0,
              "z": 50.0
            },
            "eta_s": 98.0
          }
        }
      ],
      "net": {
        "slice": "URLLC",
        "lat_ms": 6,
        "jitter_ms": 0.7,
        "loss_pct": 0.0,
        "throughput_mbps": 140,
        "edge_load": 0.15
      }
    }
  ],
  "final_state": {
    "domain": "uav",
    "time_s": 240.0,
    "env": {
      "weather": "thermal_updrafts",
      "wind_mps": 6.5,
      "wind_dir_deg": 240.0
    },
    "airspace": {
      "alt_bounds": [
        5.0,
        120.0
      ],
      "geofence": [
        {
          "type": "polygon",
          "points": [
            [
              0.0,
              0.0
            ],
            [
              400.0,
              0.0
            ],
            [
              400.0,
              300.0
            ],
            [
              0.0,
              300.0
            ]
          ]
        }
      ]
    },
    "uav": {
      "pose": {
        "x": 20.0,
        "y": 150.0,
        "z": 50.0,
        "yaw": 270.0
      },
      "speed_mps": 0.0,
      "energy": {
        "battery_pct": 88.0
      },
      "sensors": {
        "rgb": "ok",
        "thermal": "ok",
        "lidar": "ok",
        "radar": "failed",
        "gnss": "ok",
        "imu": "ok",
        "magnetometer": "ok",
        "barometer": "ok"
      },
      "payloads": []
    },
    "policy": {
      "alt_bounds": [
        5.0,
        120.0
      ]
    },
    "safety_flags": {
      "nfz_violation": false,
      "separation_breach": false
    }
  },
  "success": true,
  "_meta": {
    "seed": 42,
    "ts": 1764055905,
    "ts_iso": "2025-11-25T07:31:45Z",
    "gen_time_s": 55.3376362323761,
    "attempts_used": 1,
    "generation_failed": false,
    "usage": {
      "prompt_tokens": 1060,
      "completion_tokens": 3608,
      "total_tokens": 4668,
      "cost": 0.00305272,
      "is_byok": false,
      "prompt_tokens_details": {
        "cached_tokens": 608,
        "audio_tokens": 0,
        "video_tokens": 0
      },
      "cost_details": {
        "upstream_inference_cost": null,
        "upstream_inference_prompt_cost": 0.00016632,
        "upstream_inference_completions_cost": 0.0028864
      },
      "completion_tokens_details": {
        "reasoning_tokens": 0,
        "image_tokens": 0
      }
    }
  }
}