{
  "initial_state": {
    "domain": "uav",
    "time_s": 0.0,
    "env": {
      "weather": "ash_cloud,lightning_risk,temperature_extremes_hot",
      "wind_mps": 7.5,
      "wind_dir_deg": 210.0
    },
    "airspace": {
      "alt_bounds": [
        10.0,
        150.0
      ],
      "geofence": [
        {
          "type": "polygon",
          "points": [
            [
              0,
              0
            ],
            [
              0,
              300
            ],
            [
              400,
              300
            ],
            [
              400,
              0
            ]
          ]
        }
      ]
    },
    "uav": {
      "pose": {
        "x": 20.0,
        "y": 20.0,
        "z": 25.0,
        "yaw": 90.0
      },
      "speed_mps": 18.0,
      "energy": {
        "battery_pct": 100.0
      },
      "sensors": {
        "rgb": "unknown",
        "thermal": "ok",
        "lidar": "offline",
        "radar": "unknown",
        "gnss": "ok",
        "imu": "ok",
        "magnetometer": "ok",
        "barometer": "ok"
      },
      "payloads": []
    },
    "policy": {
      "alt_bounds": [
        10.0,
        150.0
      ]
    },
    "safety_flags": {
      "nfz_violation": false,
      "separation_breach": false
    }
  },
  "dialogue": [
    {
      "turn": 1,
      "speaker": "agent",
      "intent": "initiate mission and assess initial telemetry",
      "actions": [
        {
          "type": "mcp",
          "name": "read_telemetry",
          "args": {}
        }
      ],
      "obs": [
        {
          "tool": "read_telemetry",
          "result": {
            "pose": {
              "x": 20.0,
              "y": 20.0,
              "z": 25.0
            },
            "battery_pct": 100.0,
            "sensors": {
              "lidar": "offline"
            }
          }
        }
      ],
      "net": {
        "slice": "eMBB",
        "lat_ms": 12,
        "jitter_ms": 2,
        "loss_pct": 0.1,
        "throughput_mbps": 850,
        "edge_load": 0.45
      }
    },
    {
      "turn": 2,
      "speaker": "user",
      "intent": "request sensor diagnostics and mission approval",
      "actions": [
        {
          "type": "mcp",
          "name": "diagnose_sensor",
          "args": {
            "sensor": "lidar"
          }
        }
      ],
      "obs": [
        {
          "tool": "diagnose_sensor",
          "result": {
            "sensor": "lidar",
            "status": "faulty",
            "error_code": 402,
            "suggested_action": "restart_interface"
          }
        }
      ],
      "net": {
        "slice": "URLLC",
        "lat_ms": 8,
        "jitter_ms": 1,
        "loss_pct": 0.05,
        "throughput_mbps": 120,
        "edge_load": 0.3
      }
    },
    {
      "turn": 3,
      "speaker": "agent",
      "intent": "attempt to restore lidar sensor",
      "actions": [
        {
          "type": "mcp",
          "name": "restart_interface",
          "args": {
            "interface": "lidar"
          }
        }
      ],
      "obs": [
        {
          "tool": "restart_interface",
          "result": {
            "interface": "lidar",
            "success": true,
            "new_status": "ok"
          }
        }
      ],
      "net": {
        "slice": "URLLC",
        "lat_ms": 9,
        "jitter_ms": 1.2,
        "loss_pct": 0.08,
        "throughput_mbps": 110,
        "edge_load": 0.32
      }
    },
    {
      "turn": 4,
      "speaker": "user",
      "intent": "authorize flight to hotspot",
      "actions": [
        {
          "type": "mcp",
          "name": "set_waypoint",
          "args": {
            "x": 350.0,
            "y": 250.0,
            "z": 120.0
          }
        }
      ],
      "obs": [
        {
          "tool": "set_waypoint",
          "result": {
            "waypoint": {
              "x": 350.0,
              "y": 250.0,
              "z": 120.0
            },
            "accepted": true,
            "eta_s": 42
          }
        }
      ],
      "net": {
        "slice": "eMBB",
        "lat_ms": 14,
        "jitter_ms": 3,
        "loss_pct": 0.2,
        "throughput_mbps": 800,
        "edge_load": 0.5
      }
    },
    {
      "turn": 5,
      "speaker": "agent",
      "intent": "initiate swarm coordination for fire mapping",
      "actions": [
        {
          "type": "a2a",
          "task": "fire_map_request",
          "to": "uav_swarm_agent",
          "payload": {
            "target_area": [
              [
                300,
                200
              ],
              [
                400,
                300
              ]
            ],
            "priority": "high"
          }
        }
      ],
      "obs": [
        {
          "task": "fire_map_request",
          "from": "uav_swarm_agent",
          "status": "ok",
          "payload": {
            "estimated_completion": 35,
            "uav_count": 3
          }
        }
      ],
      "net": {
        "slice": "mMTC",
        "lat_ms": 100,
        "jitter_ms": 15,
        "loss_pct": 1.5,
        "throughput_mbps": 1.2,
        "edge_load": 0.75
      }
    },
    {
      "turn": 6,
      "speaker": "user",
      "intent": "request real-time thermal feed",
      "actions": [
        {
          "type": "mcp",
          "name": "stream_thermal",
          "args": {
            "duration_s": 20
          }
        }
      ],
      "obs": [
        {
          "tool": "stream_thermal",
          "result": {
            "status": "started",
            "bitrate_kbps": 512,
            "estimated_battery_impact": 8
          }
        }
      ],
      "net": {
        "slice": "eMBB",
        "lat_ms": 16,
        "jitter_ms": 4,
        "loss_pct": 0.3,
        "throughput_mbps": 780,
        "edge_load": 0.6
      }
    },
    {
      "turn": 7,
      "speaker": "agent",
      "intent": "detect network degradation and adapt",
      "actions": [
        {
          "type": "mcp",
          "name": "read_telemetry",
          "args": {}
        }
      ],
      "obs": [
        {
          "tool": "read_telemetry",
          "result": {
            "pose": {
              "x": 280.0,
              "y": 220.0,
              "z": 118.0
            },
            "battery_pct": 88.0,
            "speed_mps": 16.5
          }
        }
      ],
      "net": {
        "slice": "eMBB",
        "lat_ms": 210,
        "jitter_ms": 45,
        "loss_pct": 8.0,
        "throughput_mbps": 120,
        "edge_load": 0.92
      }
    },
    {
      "turn": 8,
      "speaker": "user",
      "intent": "abort stream and switch to low-bandwidth mode",
      "actions": [
        {
          "type": "mcp",
          "name": "stop_stream",
          "args": {
            "stream": "thermal"
          }
        },
        {
          "type": "mcp",
          "name": "set_network_profile",
          "args": {
            "profile": "low_bandwidth"
          }
        }
      ],
      "obs": [
        {
          "tool": "stop_stream",
          "result": {
            "stream": "thermal",
            "stopped": true
          }
        },
        {
          "tool": "set_network_profile",
          "result": {
            "profile": "low_bandwidth",
            "applied": true
          }
        }
      ],
      "net": {
        "slice": "URLLC",
        "lat_ms": 10,
        "jitter_ms": 1.5,
        "loss_pct": 0.1,
        "throughput_mbps": 100,
        "edge_load": 0.4
      }
    },
    {
      "turn": 9,
      "speaker": "agent",
      "intent": "perform emergency drop of fire retardant",
      "actions": [
        {
          "type": "mcp",
          "name": "deploy_payload",
          "args": {
            "payload_type": "fire_retardant",
            "amount_kg": 15.0
          }
        }
      ],
      "obs": [
        {
          "tool": "deploy_payload",
          "result": {
            "payload_type": "fire_retardant",
            "amount_kg": 15.0,
            "success": true,
            "timestamp_s": 98.3
          }
        }
      ],
      "net": {
        "slice": "URLLC",
        "lat_ms": 9,
        "jitter_ms": 1.1,
        "loss_pct": 0.07,
        "throughput_mbps": 115,
        "edge_load": 0.38
      }
    },
    {
      "turn": 10,
      "speaker": "user",
      "intent": "request return to base",
      "actions": [
        {
          "type": "mcp",
          "name": "set_waypoint",
          "args": {
            "x": 20.0,
            "y": 20.0,
            "z": 30.0
          }
        }
      ],
      "obs": [
        {
          "tool": "set_waypoint",
          "result": {
            "waypoint": {
              "x": 20.0,
              "y": 20.0,
              "z": 30.0
            },
            "accepted": true,
            "eta_s": 58
          }
        }
      ],
      "net": {
        "slice": "URLLC",
        "lat_ms": 11,
        "jitter_ms": 1.3,
        "loss_pct": 0.09,
        "throughput_mbps": 105,
        "edge_load": 0.42
      }
    }
  ],
  "final_state": {
    "domain": "uav",
    "time_s": 156.0,
    "env": {
      "weather": "ash_cloud,lightning_risk,temperature_extremes_hot",
      "wind_mps": 7.5,
      "wind_dir_deg": 210.0
    },
    "airspace": {
      "alt_bounds": [
        10.0,
        150.0
      ],
      "geofence": [
        {
          "type": "polygon",
          "points": [
            [
              0,
              0
            ],
            [
              0,
              300
            ],
            [
              400,
              300
            ],
            [
              400,
              0
            ]
          ]
        }
      ]
    },
    "uav": {
      "pose": {
        "x": 120.0,
        "y": 80.0,
        "z": 32.0,
        "yaw": 270.0
      },
      "speed_mps": 15.0,
      "energy": {
        "battery_pct": 76.0
      },
      "sensors": {
        "rgb": "ok",
        "thermal": "ok",
        "lidar": "ok",
        "radar": "ok",
        "gnss": "ok",
        "imu": "ok",
        "magnetometer": "ok",
        "barometer": "ok"
      },
      "payloads": []
    },
    "policy": {
      "alt_bounds": [
        10.0,
        150.0
      ]
    },
    "safety_flags": {
      "nfz_violation": false,
      "separation_breach": false
    }
  },
  "success": true,
  "_meta": {
    "seed": 42,
    "ts": 1763826281,
    "ts_iso": "2025-11-22T15:44:41Z",
    "gen_time_s": 48.173766136169434,
    "attempts_used": 1,
    "generation_failed": false,
    "usage": {
      "prompt_tokens": 1054,
      "completion_tokens": 3168,
      "total_tokens": 4222,
      "cost": 0.00265188,
      "is_byok": false,
      "prompt_tokens_details": {
        "cached_tokens": 1040,
        "audio_tokens": 0,
        "video_tokens": 0
      },
      "cost_details": {
        "upstream_inference_cost": null,
        "upstream_inference_prompt_cost": 0.00011748,
        "upstream_inference_completions_cost": 0.0025344
      },
      "completion_tokens_details": {
        "reasoning_tokens": 0,
        "image_tokens": 0
      }
    }
  }
}