{
  "initial_state": {
    "domain": "uav",
    "time_s": 0.0,
    "env": {
      "weather": "dust",
      "wind_mps": 9.0,
      "wind_dir_deg": 240.0
    },
    "airspace": {
      "alt_bounds": [
        10.0,
        120.0
      ],
      "geofence": [
        {
          "type": "polygon",
          "points": [
            [
              0,
              0
            ],
            [
              200,
              0
            ],
            [
              200,
              200
            ],
            [
              0,
              200
            ]
          ]
        }
      ]
    },
    "uav": {
      "pose": {
        "x": 20.0,
        "y": 20.0,
        "z": 15.0,
        "yaw": 80.0
      },
      "speed_mps": 35.0,
      "energy": {
        "battery_pct": 100.0
      },
      "sensors": {
        "rgb": "ok",
        "thermal": "ok",
        "lidar": "ok",
        "radar": "offline",
        "gnss": "ok",
        "imu": "ok",
        "magnetometer": "ok",
        "barometer": "ok"
      },
      "payloads": []
    },
    "policy": {
      "alt_bounds": [
        10.0,
        120.0
      ]
    },
    "safety_flags": {
      "nfz_violation": false,
      "separation_breach": false
    }
  },
  "dialogue": [
    {
      "turn": 1,
      "speaker": "agent",
      "intent": "initiate inspection mission under dust conditions",
      "actions": [
        {
          "type": "mcp",
          "name": "read_telemetry",
          "args": {}
        },
        {
          "type": "a2a",
          "task": "request_weather_update",
          "to": "weather_agent",
          "payload": {
            "location": [
              20.0,
              20.0
            ],
            "horizon": 300
          }
        }
      ],
      "obs": [
        {
          "tool": "read_telemetry",
          "result": {
            "pose": {
              "x": 20.0,
              "y": 20.0,
              "z": 15.0
            },
            "battery_pct": 100.0,
            "speed_mps": 35.0
          }
        },
        {
          "task": "request_weather_update",
          "from": "weather_agent",
          "status": "ok",
          "payload": {
            "condition": "dust",
            "visibility_km": 1.2,
            "wind_gusts_mps": 14.0
          }
        }
      ],
      "net": {
        "slice": "eMBB",
        "lat_ms": 18,
        "jitter_ms": 3,
        "loss_pct": 0.1,
        "throughput_mbps": 120,
        "edge_load": 0.45
      }
    },
    {
      "turn": 2,
      "speaker": "user",
      "intent": "approve ascent and request sensor check",
      "actions": [
        {
          "type": "mcp",
          "name": "check_sensors",
          "args": {}
        }
      ],
      "obs": [
        {
          "tool": "check_sensors",
          "result": {
            "status": "partial",
            "issues": [
              "radar: offline"
            ],
            "redundancy_active": true
          }
        }
      ],
      "net": {
        "slice": "eMBB",
        "lat_ms": 20,
        "jitter_ms": 4,
        "loss_pct": 0.2,
        "throughput_mbps": 110,
        "edge_load": 0.5
      }
    },
    {
      "turn": 3,
      "speaker": "agent",
      "intent": "ascend to inspection altitude with caution",
      "actions": [
        {
          "type": "mcp",
          "name": "set_altitude",
          "args": {
            "target_z": 100.0
          }
        },
        {
          "type": "a2a",
          "task": "collision_avoidance",
          "to": "uav_swarm_agent",
          "payload": {
            "current_pose": [
              20.0,
              20.0,
              15.0
            ],
            "trajectory": "climb_spiral"
          }
        }
      ],
      "obs": [
        {
          "tool": "set_altitude",
          "result": {
            "status": "executing",
            "target": 100.0,
            "rate_mps": 5.0
          }
        },
        {
          "task": "collision_avoidance",
          "from": "uav_swarm_agent",
          "status": "ok",
          "payload": {
            "clearance": "safe",
            "advisory": "proceed"
          }
        }
      ],
      "net": {
        "slice": "URLLC",
        "lat_ms": 8,
        "jitter_ms": 1,
        "loss_pct": 0.05,
        "throughput_mbps": 50,
        "edge_load": 0.3
      }
    },
    {
      "turn": 4,
      "speaker": "user",
      "intent": "monitor climb and request telemetry snapshot",
      "actions": [
        {
          "type": "mcp",
          "name": "read_telemetry",
          "args": {}
        }
      ],
      "obs": [
        {
          "tool": "read_telemetry",
          "result": {
            "pose": {
              "x": 22.1,
              "y": 23.4,
              "z": 58.7
            },
            "battery_pct": 98.7,
            "speed_mps": 32.1
          }
        }
      ],
      "net": {
        "slice": "URLLC",
        "lat_ms": 9,
        "jitter_ms": 1.2,
        "loss_pct": 0.08,
        "throughput_mbps": 45,
        "edge_load": 0.35
      }
    },
    {
      "turn": 5,
      "speaker": "agent",
      "intent": "initiate tower inspection spiral",
      "actions": [
        {
          "type": "mcp",
          "name": "start_spiral_inspection",
          "args": {
            "center": [
              100.0,
              100.0
            ],
            "radius_start": 10.0,
            "radius_end": 30.0,
            "rate_deg_s": 15
          }
        }
      ],
      "obs": [
        {
          "tool": "start_spiral_inspection",
          "result": {
            "status": "started",
            "center": [
              100.0,
              100.0
            ],
            "altitude": 100.0
          }
        }
      ],
      "net": {
        "slice": "eMBB",
        "lat_ms": 25,
        "jitter_ms": 5,
        "loss_pct": 0.3,
        "throughput_mbps": 100,
        "edge_load": 0.6
      }
    },
    {
      "turn": 6,
      "speaker": "user",
      "intent": "report network degradation and request fallback",
      "actions": [],
      "obs": [],
      "net": {
        "slice": "eMBB",
        "lat_ms": 120,
        "jitter_ms": 25,
        "loss_pct": 5.0,
        "throughput_mbps": 20,
        "edge_load": 0.9
      }
    },
    {
      "turn": 7,
      "speaker": "agent",
      "intent": "switch to URLLC and reduce data load",
      "actions": [
        {
          "type": "mcp",
          "name": "switch_network_slice",
          "args": {
            "target": "URLLC"
          }
        },
        {
          "type": "mcp",
          "name": "reduce_sensor_sampling",
          "args": {
            "sensors": [
              "rgb",
              "thermal"
            ],
            "rate_hz": 2
          }
        }
      ],
      "obs": [
        {
          "tool": "switch_network_slice",
          "result": {
            "status": "success",
            "current": "URLLC"
          }
        },
        {
          "tool": "reduce_sensor_sampling",
          "result": {
            "rgb": "rate set to 2Hz",
            "thermal": "rate set to 2Hz"
          }
        }
      ],
      "net": {
        "slice": "URLLC",
        "lat_ms": 10,
        "jitter_ms": 2,
        "loss_pct": 0.1,
        "throughput_mbps": 40,
        "edge_load": 0.4
      }
    },
    {
      "turn": 8,
      "speaker": "user",
      "intent": "confirm safety and request status",
      "actions": [
        {
          "type": "mcp",
          "name": "check_safety_bounds",
          "args": {}
        }
      ],
      "obs": [
        {
          "tool": "check_safety_bounds",
          "result": {
            "within_alt_bounds": true,
            "within_geofence": true,
            "separation_ok": true
          }
        }
      ],
      "net": {
        "slice": "URLLC",
        "lat_ms": 9,
        "jitter_ms": 1.5,
        "loss_pct": 0.07,
        "throughput_mbps": 48,
        "edge_load": 0.38
      }
    },
    {
      "turn": 9,
      "speaker": "agent",
      "intent": "complete inspection and prepare return",
      "actions": [
        {
          "type": "mcp",
          "name": "end_spiral_inspection",
          "args": {}
        },
        {
          "type": "a2a",
          "task": "request_path_to_base",
          "to": "navigation_agent",
          "payload": {
            "destination": [
              20.0,
              20.0
            ]
          }
        }
      ],
      "obs": [
        {
          "tool": "end_spiral_inspection",
          "result": {
            "status": "completed",
            "images_captured": 142
          }
        },
        {
          "task": "request_path_to_base",
          "from": "navigation_agent",
          "status": "ok",
          "payload": {
            "path": [
              [
                100.0,
                100.0,
                100.0
              ],
              [
                60.0,
                60.0,
                80.0
              ],
              [
                20.0,
                20.0,
                30.0
              ]
            ]
          }
        }
      ],
      "net": {
        "slice": "URLLC",
        "lat_ms": 11,
        "jitter_ms": 2,
        "loss_pct": 0.12,
        "throughput_mbps": 42,
        "edge_load": 0.41
      }
    },
    {
      "turn": 10,
      "speaker": "user",
      "intent": "authorize descent and return",
      "actions": [
        {
          "type": "mcp",
          "name": "set_waypoint",
          "args": {
            "waypoint": [
              20.0,
              20.0,
              30.0
            ]
          }
        }
      ],
      "obs": [
        {
          "tool": "set_waypoint",
          "result": {
            "status": "accepted",
            "eta_s": 45
          }
        }
      ],
      "net": {
        "slice": "URLLC",
        "lat_ms": 10,
        "jitter_ms": 1.8,
        "loss_pct": 0.09,
        "throughput_mbps": 46,
        "edge_load": 0.39
      }
    },
    {
      "turn": 11,
      "speaker": "agent",
      "intent": "land safely at origin",
      "actions": [
        {
          "type": "mcp",
          "name": "land",
          "args": {
            "target": [
              20.0,
              20.0,
              0.0
            ]
          }
        }
      ],
      "obs": [
        {
          "tool": "land",
          "result": {
            "status": "completed",
            "final_pose": [
              20.0,
              20.0,
              0.0
            ],
            "battery_pct": 88.3
          }
        }
      ],
      "net": {
        "slice": "URLLC",
        "lat_ms": 7,
        "jitter_ms": 1,
        "loss_pct": 0.05,
        "throughput_mbps": 50,
        "edge_load": 0.3
      }
    }
  ],
  "final_state": {
    "domain": "uav",
    "time_s": 320.0,
    "env": {
      "weather": "dust",
      "wind_mps": 9.0,
      "wind_dir_deg": 240.0
    },
    "airspace": {
      "alt_bounds": [
        10.0,
        120.0
      ],
      "geofence": [
        {
          "type": "polygon",
          "points": [
            [
              0,
              0
            ],
            [
              200,
              0
            ],
            [
              200,
              200
            ],
            [
              0,
              200
            ]
          ]
        }
      ]
    },
    "uav": {
      "pose": {
        "x": 20.0,
        "y": 20.0,
        "z": 0.0,
        "yaw": 80.0
      },
      "speed_mps": 0.0,
      "energy": {
        "battery_pct": 88.3
      },
      "sensors": {
        "rgb": "ok",
        "thermal": "ok",
        "lidar": "ok",
        "radar": "offline",
        "gnss": "ok",
        "imu": "ok",
        "magnetometer": "ok",
        "barometer": "ok"
      },
      "payloads": []
    },
    "policy": {
      "alt_bounds": [
        10.0,
        120.0
      ]
    },
    "safety_flags": {
      "nfz_violation": false,
      "separation_breach": false
    }
  },
  "success": true,
  "_meta": {
    "seed": 42,
    "ts": 1763856457,
    "ts_iso": "2025-11-23T00:07:37Z",
    "gen_time_s": 39.16928720474243,
    "attempts_used": 1,
    "generation_failed": false,
    "usage": {
      "prompt_tokens": 1043,
      "completion_tokens": 3500,
      "total_tokens": 4543,
      "cost": 0.00296082,
      "is_byok": false,
      "prompt_tokens_details": {
        "cached_tokens": 624,
        "audio_tokens": 0,
        "video_tokens": 0
      },
      "cost_details": {
        "upstream_inference_cost": null,
        "upstream_inference_prompt_cost": 0.00016082,
        "upstream_inference_completions_cost": 0.0028
      },
      "completion_tokens_details": {
        "reasoning_tokens": 0,
        "image_tokens": 0
      }
    }
  }
}