{
  "initial_state": {
    "domain": "uav",
    "time_s": 0.0,
    "env": {
      "weather": "dust",
      "wind_mps": 9.5,
      "wind_dir_deg": 240.0
    },
    "airspace": {
      "alt_bounds": [
        10.0,
        120.0
      ],
      "geofence": [
        {
          "type": "polygon",
          "points": [
            [
              0,
              0
            ],
            [
              200,
              0
            ],
            [
              200,
              300
            ],
            [
              0,
              300
            ]
          ]
        }
      ]
    },
    "uav": {
      "pose": {
        "x": 20.0,
        "y": 20.0,
        "z": 25.0,
        "yaw": 240.0
      },
      "speed_mps": 22.0,
      "energy": {
        "battery_pct": 100.0
      },
      "sensors": {
        "rgb": "ok",
        "thermal": "offline",
        "lidar": "ok",
        "radar": "offline",
        "gnss": "ok",
        "imu": "ok",
        "magnetometer": "ok",
        "barometer": "ok"
      },
      "payloads": []
    },
    "policy": {
      "alt_bounds": [
        10.0,
        120.0
      ]
    },
    "safety_flags": {
      "nfz_violation": false,
      "separation_breach": false
    }
  },
  "dialogue": [
    {
      "turn": 1,
      "speaker": "agent",
      "intent": "initiate_mission",
      "actions": [
        {
          "type": "mcp",
          "name": "read_telemetry",
          "args": {}
        }
      ],
      "obs": [
        {
          "tool": "read_telemetry",
          "result": {
            "pose": {
              "x": 20.0,
              "y": 20.0,
              "z": 25.0
            },
            "battery_pct": 100.0,
            "speed_mps": 22.0
          }
        }
      ],
      "net": {
        "slice": "eMBB",
        "lat_ms": 12,
        "jitter_ms": 2,
        "loss_pct": 0.1,
        "throughput_mbps": 850,
        "edge_load": 0.35
      }
    },
    {
      "turn": 2,
      "speaker": "user",
      "intent": "confirm_mission_start",
      "actions": [],
      "obs": [],
      "net": {
        "slice": "eMBB",
        "lat_ms": 11,
        "jitter_ms": 1.8,
        "loss_pct": 0.05,
        "throughput_mbps": 870,
        "edge_load": 0.33
      }
    },
    {
      "turn": 3,
      "speaker": "agent",
      "intent": "request_swarm_coordination",
      "actions": [
        {
          "type": "a2a",
          "task": "collision_avoidance",
          "to": "uav_swarm_agent",
          "payload": {
            "current_pose": {
              "x": 20.0,
              "y": 20.0,
              "z": 25.0
            },
            "waypoints": [
              {
                "x": 180.0,
                "y": 280.0,
                "z": 100.0
              }
            ]
          }
        }
      ],
      "obs": [
        {
          "task": "collision_avoidance",
          "from": "uav_swarm_agent",
          "status": "ok",
          "payload": {
            "clearance": true,
            "recommended_alt": 100.0
          }
        }
      ],
      "net": {
        "slice": "URLLC",
        "lat_ms": 8,
        "jitter_ms": 0.9,
        "loss_pct": 0.02,
        "throughput_mbps": 120,
        "edge_load": 0.28
      }
    },
    {
      "turn": 4,
      "speaker": "user",
      "intent": "approve_waypoint",
      "actions": [
        {
          "type": "mcp",
          "name": "set_waypoint",
          "args": {
            "x": 180.0,
            "y": 280.0,
            "z": 100.0
          }
        }
      ],
      "obs": [
        {
          "tool": "set_waypoint",
          "result": {
            "status": "accepted",
            "eta_s": 45.6
          }
        }
      ],
      "net": {
        "slice": "URLLC",
        "lat_ms": 7,
        "jitter_ms": 0.8,
        "loss_pct": 0.01,
        "throughput_mbps": 130,
        "edge_load": 0.27
      }
    },
    {
      "turn": 5,
      "speaker": "agent",
      "intent": "monitor_weather_impact",
      "actions": [
        {
          "type": "mcp",
          "name": "read_weather",
          "args": {}
        }
      ],
      "obs": [
        {
          "tool": "read_weather",
          "result": {
            "weather": "dust",
            "wind_mps": 11.2,
            "gusts_mps": 16.0,
            "visibility_m": 800
          }
        }
      ],
      "net": {
        "slice": "mMTC",
        "lat_ms": 100,
        "jitter_ms": 15,
        "loss_pct": 0.5,
        "throughput_mbps": 1.2,
        "edge_load": 0.65
      }
    },
    {
      "turn": 6,
      "speaker": "user",
      "intent": "adjust_speed_due_to_wind",
      "actions": [
        {
          "type": "mcp",
          "name": "adjust_speed",
          "args": {
            "target_speed": 18.0
          }
        }
      ],
      "obs": [
        {
          "tool": "adjust_speed",
          "result": {
            "status": "applied",
            "actual_speed": 18.2
          }
        }
      ],
      "net": {
        "slice": "URLLC",
        "lat_ms": 9,
        "jitter_ms": 1.1,
        "loss_pct": 0.03,
        "throughput_mbps": 110,
        "edge_load": 0.31
      }
    },
    {
      "turn": 7,
      "speaker": "agent",
      "intent": "check_sensor_status",
      "actions": [
        {
          "type": "mcp",
          "name": "diagnose_sensor",
          "args": {
            "sensor": "thermal"
          }
        }
      ],
      "obs": [
        {
          "tool": "diagnose_sensor",
          "result": {
            "sensor": "thermal",
            "status": "faulty",
            "error_code": 402,
            "suggestion": "restart_power"
          }
        }
      ],
      "net": {
        "slice": "mMTC",
        "lat_ms": 210,
        "jitter_ms": 45,
        "loss_pct": 2.1,
        "throughput_mbps": 0.8,
        "edge_load": 0.88
      }
    },
    {
      "turn": 8,
      "speaker": "user",
      "intent": "restart_sensor",
      "actions": [
        {
          "type": "mcp",
          "name": "restart_sensor",
          "args": {
            "sensor": "thermal"
          }
        }
      ],
      "obs": [
        {
          "tool": "restart_sensor",
          "result": {
            "sensor": "thermal",
            "status": "ok"
          }
        }
      ],
      "net": {
        "slice": "URLLC",
        "lat_ms": 10,
        "jitter_ms": 1.3,
        "loss_pct": 0.04,
        "throughput_mbps": 105,
        "edge_load": 0.34
      }
    },
    {
      "turn": 9,
      "speaker": "agent",
      "intent": "resume_navigation",
      "actions": [
        {
          "type": "mcp",
          "name": "read_telemetry",
          "args": {}
        }
      ],
      "obs": [
        {
          "tool": "read_telemetry",
          "result": {
            "pose": {
              "x": 110.5,
              "y": 165.3,
              "z": 98.7
            },
            "battery_pct": 88.4,
            "speed_mps": 18.1
          }
        }
      ],
      "net": {
        "slice": "URLLC",
        "lat_ms": 8,
        "jitter_ms": 0.7,
        "loss_pct": 0.01,
        "throughput_mbps": 125,
        "edge_load": 0.29
      }
    },
    {
      "turn": 10,
      "speaker": "user",
      "intent": "confirm_final_approach",
      "actions": [],
      "obs": [],
      "net": {
        "slice": "eMBB",
        "lat_ms": 14,
        "jitter_ms": 3.2,
        "loss_pct": 0.2,
        "throughput_mbps": 800,
        "edge_load": 0.41
      }
    },
    {
      "turn": 11,
      "speaker": "agent",
      "intent": "complete_mission",
      "actions": [
        {
          "type": "mcp",
          "name": "land_uav",
          "args": {
            "auto": true
          }
        }
      ],
      "obs": [
        {
          "tool": "land_uav",
          "result": {
            "status": "success",
            "final_pose": {
              "x": 178.2,
              "y": 278.6,
              "z": 10.0
            },
            "landing_time_s": 52.3
          }
        }
      ],
      "net": {
        "slice": "URLLC",
        "lat_ms": 6,
        "jitter_ms": 0.5,
        "loss_pct": 0.01,
        "throughput_mbps": 140,
        "edge_load": 0.25
      }
    }
  ],
  "final_state": {
    "domain": "uav",
    "time_s": 52.3,
    "env": {
      "weather": "dust",
      "wind_mps": 11.2,
      "wind_dir_deg": 240.0
    },
    "airspace": {
      "alt_bounds": [
        10.0,
        120.0
      ],
      "geofence": [
        {
          "type": "polygon",
          "points": [
            [
              0,
              0
            ],
            [
              200,
              0
            ],
            [
              200,
              300
            ],
            [
              0,
              300
            ]
          ]
        }
      ]
    },
    "uav": {
      "pose": {
        "x": 178.2,
        "y": 278.6,
        "z": 10.0,
        "yaw": 240.0
      },
      "speed_mps": 0.0,
      "energy": {
        "battery_pct": 88.4
      },
      "sensors": {
        "rgb": "ok",
        "thermal": "ok",
        "lidar": "ok",
        "radar": "offline",
        "gnss": "ok",
        "imu": "ok",
        "magnetometer": "ok",
        "barometer": "ok"
      },
      "payloads": []
    },
    "policy": {
      "alt_bounds": [
        10.0,
        120.0
      ]
    },
    "safety_flags": {
      "nfz_violation": false,
      "separation_breach": false
    }
  },
  "success": true,
  "_meta": {
    "seed": 42,
    "ts": 1763818424,
    "ts_iso": "2025-11-22T13:33:44Z",
    "gen_time_s": 169.69918608665466,
    "attempts_used": 2,
    "generation_failed": false,
    "usage": {
      "prompt_tokens": 1090,
      "completion_tokens": 3034,
      "total_tokens": 4124,
      "cost": 0.00260012,
      "is_byok": false,
      "prompt_tokens_details": {
        "cached_tokens": 608,
        "audio_tokens": 0,
        "video_tokens": 0
      },
      "cost_details": {
        "upstream_inference_cost": null,
        "upstream_inference_prompt_cost": 0.00017292,
        "upstream_inference_completions_cost": 0.0024272
      },
      "completion_tokens_details": {
        "reasoning_tokens": 0,
        "image_tokens": 0
      }
    }
  }
}