{
  "initial_state": {
    "domain": "uav",
    "time_s": 0.0,
    "env": {
      "weather": "dust",
      "wind_mps": 8.0,
      "wind_dir_deg": 270.0
    },
    "airspace": {
      "alt_bounds": [
        10.0,
        120.0
      ],
      "geofence": [
        {
          "type": "polygon",
          "points": [
            [
              0,
              0
            ],
            [
              0,
              200
            ],
            [
              150,
              200
            ],
            [
              150,
              0
            ]
          ]
        }
      ]
    },
    "uav": {
      "pose": {
        "x": 20.0,
        "y": 20.0,
        "z": 30.0,
        "yaw": 90.0
      },
      "speed_mps": 18.0,
      "energy": {
        "battery_pct": 100.0
      },
      "sensors": {
        "rgb": "ok",
        "thermal": "offline",
        "lidar": "ok",
        "radar": "offline",
        "gnss": "ok",
        "imu": "ok",
        "magnetometer": "ok",
        "barometer": "ok"
      },
      "payloads": []
    },
    "policy": {
      "alt_bounds": [
        10.0,
        120.0
      ]
    },
    "safety_flags": {
      "nfz_violation": false,
      "separation_breach": false
    }
  },
  "dialogue": [
    {
      "turn": 1,
      "speaker": "agent",
      "intent": "initiate_inspection_mission",
      "actions": [
        {
          "type": "mcp",
          "name": "read_telemetry",
          "args": {}
        },
        {
          "type": "a2a",
          "task": "swarm_formation",
          "to": "uav_swarm_agent",
          "payload": {
            "leader": "uav_main",
            "formation": "delta"
          }
        }
      ],
      "obs": [
        {
          "tool": "read_telemetry",
          "result": {
            "pose": {
              "x": 20.0,
              "y": 20.0,
              "z": 30.0
            },
            "battery_pct": 100.0,
            "speed_mps": 18.0
          }
        },
        {
          "task": "swarm_formation",
          "from": "uav_swarm_agent",
          "status": "ok",
          "payload": {
            "ack": true
          }
        }
      ],
      "net": {
        "slice": "eMBB",
        "lat_ms": 12,
        "jitter_ms": 2,
        "loss_pct": 0.1,
        "throughput_mbps": 850,
        "edge_load": 0.45
      }
    },
    {
      "turn": 2,
      "speaker": "user",
      "intent": "confirm_mission_start",
      "actions": [],
      "obs": [],
      "net": {
        "slice": "eMBB",
        "lat_ms": 11,
        "jitter_ms": 1.8,
        "loss_pct": 0.05,
        "throughput_mbps": 870,
        "edge_load": 0.43
      }
    },
    {
      "turn": 3,
      "speaker": "agent",
      "intent": "adjust_flight_plan_for_dust",
      "actions": [
        {
          "type": "mcp",
          "name": "set_altitude",
          "args": {
            "target_z": 50.0
          }
        },
        {
          "type": "mcp",
          "name": "activate_sensor",
          "args": {
            "sensor": "lidar"
          }
        }
      ],
      "obs": [
        {
          "tool": "set_altitude",
          "result": {
            "status": "success",
            "current_z": 50.0
          }
        },
        {
          "tool": "activate_sensor",
          "result": {
            "sensor": "lidar",
            "status": "active"
          }
        }
      ],
      "net": {
        "slice": "URLLC",
        "lat_ms": 8,
        "jitter_ms": 1,
        "loss_pct": 0.02,
        "throughput_mbps": 120,
        "edge_load": 0.38
      }
    },
    {
      "turn": 4,
      "speaker": "user",
      "intent": "request_thermal_diagnostic",
      "actions": [
        {
          "type": "mcp",
          "name": "diagnose_sensor",
          "args": {
            "sensor": "thermal"
          }
        }
      ],
      "obs": [
        {
          "tool": "diagnose_sensor",
          "result": {
            "sensor": "thermal",
            "status": "faulty",
            "reason": "dust_intrusion"
          }
        }
      ],
      "net": {
        "slice": "URLLC",
        "lat_ms": 7,
        "jitter_ms": 0.9,
        "loss_pct": 0.01,
        "throughput_mbps": 110,
        "edge_load": 0.41
      }
    },
    {
      "turn": 5,
      "speaker": "agent",
      "intent": "compensate_sensor_failure",
      "actions": [
        {
          "type": "mcp",
          "name": "activate_sensor",
          "args": {
            "sensor": "rgb"
          }
        },
        {
          "type": "a2a",
          "task": "request_thermal_coverage",
          "to": "uav_support_02",
          "payload": {
            "target_area": [
              100,
              150
            ],
            "priority": "high"
          }
        }
      ],
      "obs": [
        {
          "tool": "activate_sensor",
          "result": {
            "sensor": "rgb",
            "status": "active"
          }
        },
        {
          "task": "request_thermal_coverage",
          "from": "uav_support_02",
          "status": "accepted",
          "payload": {
            "eta_s": 45
          }
        }
      ],
      "net": {
        "slice": "mMTC",
        "lat_ms": 150,
        "jitter_ms": 20,
        "loss_pct": 1.2,
        "throughput_mbps": 1.5,
        "edge_load": 0.65
      }
    },
    {
      "turn": 6,
      "speaker": "user",
      "intent": "instruct_approach_target",
      "actions": [
        {
          "type": "mcp",
          "name": "set_waypoint",
          "args": {
            "x": 100.0,
            "y": 150.0,
            "z": 60.0
          }
        }
      ],
      "obs": [
        {
          "tool": "set_waypoint",
          "result": {
            "status": "queued",
            "waypoint_id": "wp_001"
          }
        }
      ],
      "net": {
        "slice": "URLLC",
        "lat_ms": 9,
        "jitter_ms": 1.2,
        "loss_pct": 0.03,
        "throughput_mbps": 100,
        "edge_load": 0.52
      }
    },
    {
      "turn": 7,
      "speaker": "agent",
      "intent": "execute_waypoint_with_monitoring",
      "actions": [
        {
          "type": "mcp",
          "name": "execute_waypoint",
          "args": {
            "waypoint_id": "wp_001"
          }
        },
        {
          "type": "mcp",
          "name": "read_telemetry",
          "args": {}
        }
      ],
      "obs": [
        {
          "tool": "execute_waypoint",
          "result": {
            "status": "in_progress",
            "current_speed": 16.0
          }
        },
        {
          "tool": "read_telemetry",
          "result": {
            "pose": {
              "x": 60.0,
              "y": 85.0,
              "z": 58.0
            },
            "battery_pct": 92.0
          }
        }
      ],
      "net": {
        "slice": "URLLC",
        "lat_ms": 10,
        "jitter_ms": 1.5,
        "loss_pct": 0.04,
        "throughput_mbps": 95,
        "edge_load": 0.58
      }
    },
    {
      "turn": 8,
      "speaker": "user",
      "intent": "report_network_degradation",
      "actions": [],
      "obs": [],
      "net": {
        "slice": "mMTC",
        "lat_ms": 200,
        "jitter_ms": 35,
        "loss_pct": 2.5,
        "throughput_mbps": 0.8,
        "edge_load": 0.78
      }
    },
    {
      "turn": 9,
      "speaker": "agent",
      "intent": "adapt_to_network_loss",
      "actions": [
        {
          "type": "mcp",
          "name": "cache_local_plan",
          "args": {
            "duration_s": 60
          }
        },
        {
          "type": "a2a",
          "task": "heartbeat",
          "to": "uav_swarm_agent",
          "payload": {
            "mode": "low_bandwidth"
          }
        }
      ],
      "obs": [
        {
          "tool": "cache_local_plan",
          "result": {
            "status": "cached",
            "valid_until_s": 60
          }
        },
        {
          "task": "heartbeat",
          "from": "uav_swarm_agent",
          "status": "ack",
          "payload": {
            "mode": "low_bandwidth"
          }
        }
      ],
      "net": {
        "slice": "mMTC",
        "lat_ms": 210,
        "jitter_ms": 40,
        "loss_pct": 3.0,
        "throughput_mbps": 0.6,
        "edge_load": 0.82
      }
    },
    {
      "turn": 10,
      "speaker": "user",
      "intent": "approve_return_sequence",
      "actions": [
        {
          "type": "mcp",
          "name": "set_waypoint",
          "args": {
            "x": 20.0,
            "y": 20.0,
            "z": 30.0
          }
        }
      ],
      "obs": [
        {
          "tool": "set_waypoint",
          "result": {
            "status": "queued",
            "waypoint_id": "wp_return"
          }
        }
      ],
      "net": {
        "slice": "URLLC",
        "lat_ms": 11,
        "jitter_ms": 1.3,
        "loss_pct": 0.02,
        "throughput_mbps": 115,
        "edge_load": 0.5
      }
    },
    {
      "turn": 11,
      "speaker": "agent",
      "intent": "execute_return_and_report",
      "actions": [
        {
          "type": "mcp",
          "name": "execute_waypoint",
          "args": {
            "waypoint_id": "wp_return"
          }
        },
        {
          "type": "mcp",
          "name": "read_telemetry",
          "args": {}
        }
      ],
      "obs": [
        {
          "tool": "execute_waypoint",
          "result": {
            "status": "completed",
            "final_pose": {
              "x": 20.0,
              "y": 20.0,
              "z": 30.0
            }
          }
        },
        {
          "tool": "read_telemetry",
          "result": {
            "pose": {
              "x": 20.0,
              "y": 20.0,
              "z": 30.0
            },
            "battery_pct": 85.0
          }
        }
      ],
      "net": {
        "slice": "URLLC",
        "lat_ms": 9,
        "jitter_ms": 1.0,
        "loss_pct": 0.01,
        "throughput_mbps": 130,
        "edge_load": 0.4
      }
    }
  ],
  "final_state": {
    "domain": "uav",
    "time_s": 120.0,
    "env": {
      "weather": "dust",
      "wind_mps": 8.0,
      "wind_dir_deg": 270.0
    },
    "airspace": {
      "alt_bounds": [
        10.0,
        120.0
      ],
      "geofence": [
        {
          "type": "polygon",
          "points": [
            [
              0,
              0
            ],
            [
              0,
              200
            ],
            [
              150,
              200
            ],
            [
              150,
              0
            ]
          ]
        }
      ]
    },
    "uav": {
      "pose": {
        "x": 20.0,
        "y": 20.0,
        "z": 30.0,
        "yaw": 90.0
      },
      "speed_mps": 0.0,
      "energy": {
        "battery_pct": 85.0
      },
      "sensors": {
        "rgb": "active",
        "thermal": "offline",
        "lidar": "active",
        "radar": "offline",
        "gnss": "ok",
        "imu": "ok",
        "magnetometer": "ok",
        "barometer": "ok"
      },
      "payloads": []
    },
    "policy": {
      "alt_bounds": [
        10.0,
        120.0
      ]
    },
    "safety_flags": {
      "nfz_violation": false,
      "separation_breach": false
    }
  },
  "success": true,
  "_meta": {
    "seed": 42,
    "ts": 1764011853,
    "ts_iso": "2025-11-24T19:17:33Z",
    "gen_time_s": 94.20115160942078,
    "attempts_used": 2,
    "generation_failed": false,
    "usage": {
      "prompt_tokens": 1092,
      "completion_tokens": 3432,
      "total_tokens": 4524,
      "cost": 0.00287144,
      "is_byok": false,
      "prompt_tokens_details": {
        "cached_tokens": 1040,
        "audio_tokens": 0,
        "video_tokens": 0
      },
      "cost_details": {
        "upstream_inference_cost": null,
        "upstream_inference_prompt_cost": 0.00012584,
        "upstream_inference_completions_cost": 0.0027456
      },
      "completion_tokens_details": {
        "reasoning_tokens": 0,
        "image_tokens": 0
      }
    }
  }
}