{
  "initial_state": {
    "domain": "uav",
    "time_s": 0.0,
    "env": {
      "weather": "good",
      "wind_mps": 8.5,
      "wind_dir_deg": 240.0
    },
    "airspace": {
      "alt_bounds": [
        20.0,
        120.0
      ],
      "geofence": [
        {
          "type": "polygon",
          "points": [
            [
              0,
              0
            ],
            [
              400,
              0
            ],
            [
              400,
              300
            ],
            [
              0,
              300
            ]
          ]
        }
      ]
    },
    "uav": {
      "pose": {
        "x": 50.0,
        "y": 50.0,
        "z": 50.0,
        "yaw": 90.0
      },
      "speed_mps": 15.0,
      "energy": {
        "battery_pct": 100.0
      },
      "sensors": {
        "rgb": "ok",
        "thermal": "offline",
        "lidar": "offline",
        "radar": "offline",
        "gnss": "ok",
        "imu": "ok",
        "magnetometer": "ok",
        "barometer": "ok"
      },
      "payloads": []
    },
    "policy": {
      "alt_bounds": [
        20.0,
        120.0
      ]
    },
    "safety_flags": {
      "nfz_violation": false,
      "separation_breach": false
    }
  },
  "dialogue": [
    {
      "turn": 1,
      "speaker": "agent",
      "intent": "initiate_mission",
      "actions": [
        {
          "type": "mcp",
          "name": "read_telemetry",
          "args": {}
        },
        {
          "type": "a2a",
          "task": "swarm_sync",
          "to": "uav_swarm_agent",
          "payload": {
            "pose": {
              "x": 50.0,
              "y": 50.0,
              "z": 50.0
            },
            "mission_phase": "startup"
          }
        }
      ],
      "obs": [
        {
          "tool": "read_telemetry",
          "result": {
            "pose": {
              "x": 50.0,
              "y": 50.0,
              "z": 50.0
            },
            "battery_pct": 100.0,
            "speed_mps": 15.0
          }
        },
        {
          "task": "swarm_sync",
          "from": "uav_swarm_agent",
          "status": "ok",
          "payload": {
            "swarm_size": 5,
            "sync_time_s": 0.12
          }
        }
      ],
      "net": {
        "slice": "URLLC",
        "lat_ms": 3.2,
        "jitter_ms": 0.8,
        "loss_pct": 0.01,
        "throughput_mbps": 50,
        "edge_load": 0.3
      }
    },
    {
      "turn": 2,
      "speaker": "user",
      "intent": "confirm_startup",
      "actions": [
        {
          "type": "mcp",
          "name": "check_sensors",
          "args": {}
        }
      ],
      "obs": [
        {
          "tool": "check_sensors",
          "result": {
            "status": "partial",
            "offline": [
              "thermal",
              "lidar",
              "radar"
            ],
            "online": [
              "rgb",
              "gnss",
              "imu",
              "magnetometer",
              "barometer"
            ]
          }
        }
      ],
      "net": {
        "slice": "eMBB",
        "lat_ms": 12.5,
        "jitter_ms": 2.1,
        "loss_pct": 0.05,
        "throughput_mbps": 120,
        "edge_load": 0.65
      }
    },
    {
      "turn": 3,
      "speaker": "agent",
      "intent": "assess_readiness",
      "actions": [
        {
          "type": "mcp",
          "name": "activate_sensor",
          "args": {
            "sensor": "lidar"
          }
        }
      ],
      "obs": [
        {
          "tool": "activate_sensor",
          "result": {
            "sensor": "lidar",
            "status": "failed",
            "reason": "high_wind_interference"
          }
        }
      ],
      "net": {
        "slice": "eMBB",
        "lat_ms": 14.0,
        "jitter_ms": 3.5,
        "loss_pct": 0.1,
        "throughput_mbps": 110,
        "edge_load": 0.7
      }
    },
    {
      "turn": 4,
      "speaker": "user",
      "intent": "request_altitude_adjustment",
      "actions": [
        {
          "type": "mcp",
          "name": "set_altitude",
          "args": {
            "target_z": 80.0
          }
        }
      ],
      "obs": [
        {
          "tool": "set_altitude",
          "result": {
            "status": "executing",
            "target_z": 80.0,
            "current_z": 62.3
          }
        }
      ],
      "net": {
        "slice": "URLLC",
        "lat_ms": 4.1,
        "jitter_ms": 1.0,
        "loss_pct": 0.02,
        "throughput_mbps": 45,
        "edge_load": 0.4
      }
    },
    {
      "turn": 5,
      "speaker": "agent",
      "intent": "monitor_climb",
      "actions": [
        {
          "type": "mcp",
          "name": "read_telemetry",
          "args": {}
        }
      ],
      "obs": [
        {
          "tool": "read_telemetry",
          "result": {
            "pose": {
              "x": 51.2,
              "y": 52.1,
              "z": 78.4
            },
            "battery_pct": 98.7,
            "speed_mps": 14.2
          }
        }
      ],
      "net": {
        "slice": "URLLC",
        "lat_ms": 3.8,
        "jitter_ms": 0.9,
        "loss_pct": 0.01,
        "throughput_mbps": 48,
        "edge_load": 0.35
      }
    },
    {
      "turn": 6,
      "speaker": "user",
      "intent": "initiate_inspection",
      "actions": [
        {
          "type": "a2a",
          "task": "collision_avoidance",
          "to": "uav_swarm_agent",
          "payload": {
            "current_pose": {
              "x": 51.2,
              "y": 52.1,
              "z": 78.4
            },
            "next_waypoint": {
              "x": 350.0,
              "y": 250.0,
              "z": 80.0
            }
          }
        }
      ],
      "obs": [
        {
          "task": "collision_avoidance",
          "from": "uav_swarm_agent",
          "status": "clear",
          "payload": {
            "recommended_heading": 68.5,
            "obstacles": []
          }
        }
      ],
      "net": {
        "slice": "URLLC",
        "lat_ms": 4.5,
        "jitter_ms": 1.2,
        "loss_pct": 0.03,
        "throughput_mbps": 42,
        "edge_load": 0.5
      }
    },
    {
      "turn": 7,
      "speaker": "agent",
      "intent": "navigate_to_waypoint",
      "actions": [
        {
          "type": "mcp",
          "name": "set_waypoint",
          "args": {
            "x": 350.0,
            "y": 250.0,
            "z": 80.0
          }
        }
      ],
      "obs": [
        {
          "tool": "set_waypoint",
          "result": {
            "status": "reached",
            "time_to_waypoint_s": 22.4,
            "battery_used_pct": 1.8
          }
        }
      ],
      "net": {
        "slice": "mMTC",
        "lat_ms": 25.0,
        "jitter_ms": 8.0,
        "loss_pct": 0.8,
        "throughput_mbps": 1.2,
        "edge_load": 0.9
      }
    },
    {
      "turn": 8,
      "speaker": "user",
      "intent": "request_image_capture",
      "actions": [
        {
          "type": "mcp",
          "name": "capture_image",
          "args": {
            "mode": "rgb",
            "resolution": "1080p"
          }
        }
      ],
      "obs": [
        {
          "tool": "capture_image",
          "result": {
            "status": "success",
            "image_id": "IMG_8821",
            "size_kb": 1024,
            "stored": true
          }
        }
      ],
      "net": {
        "slice": "eMBB",
        "lat_ms": 11.0,
        "jitter_ms": 2.0,
        "loss_pct": 0.04,
        "throughput_mbps": 130,
        "edge_load": 0.6
      }
    },
    {
      "turn": 9,
      "speaker": "agent",
      "intent": "verify_position_and_battery",
      "actions": [
        {
          "type": "mcp",
          "name": "read_telemetry",
          "args": {}
        }
      ],
      "obs": [
        {
          "tool": "read_telemetry",
          "result": {
            "pose": {
              "x": 350.0,
              "y": 250.0,
              "z": 80.0
            },
            "battery_pct": 96.9,
            "speed_mps": 0.0
          }
        }
      ],
      "net": {
        "slice": "URLLC",
        "lat_ms": 3.5,
        "jitter_ms": 0.7,
        "loss_pct": 0.01,
        "throughput_mbps": 52,
        "edge_load": 0.25
      }
    },
    {
      "turn": 10,
      "speaker": "user",
      "intent": "begin_return",
      "actions": [
        {
          "type": "mcp",
          "name": "set_waypoint",
          "args": {
            "x": 50.0,
            "y": 50.0,
            "z": 50.0
          }
        }
      ],
      "obs": [
        {
          "tool": "set_waypoint",
          "result": {
            "status": "en_route",
            "estimated_arrival_s": 28.7,
            "battery_projected_pct": 92.1
          }
        }
      ],
      "net": {
        "slice": "URLLC",
        "lat_ms": 4.0,
        "jitter_ms": 1.1,
        "loss_pct": 0.02,
        "throughput_mbps": 46,
        "edge_load": 0.45
      }
    },
    {
      "turn": 11,
      "speaker": "agent",
      "intent": "confirm_return_and_safety",
      "actions": [
        {
          "type": "mcp",
          "name": "read_telemetry",
          "args": {}
        }
      ],
      "obs": [
        {
          "tool": "read_telemetry",
          "result": {
            "pose": {
              "x": 200.1,
              "y": 150.3,
              "z": 65.2
            },
            "battery_pct": 94.8,
            "speed_mps": 13.8
          }
        }
      ],
      "net": {
        "slice": "URLLC",
        "lat_ms": 3.7,
        "jitter_ms": 0.9,
        "loss_pct": 0.01,
        "throughput_mbps": 49,
        "edge_load": 0.38
      }
    }
  ],
  "final_state": {
    "domain": "uav",
    "time_s": 65.0,
    "env": {
      "weather": "good",
      "wind_mps": 8.5,
      "wind_dir_deg": 240.0
    },
    "airspace": {
      "alt_bounds": [
        20.0,
        120.0
      ],
      "geofence": [
        {
          "type": "polygon",
          "points": [
            [
              0,
              0
            ],
            [
              400,
              0
            ],
            [
              400,
              300
            ],
            [
              0,
              300
            ]
          ]
        }
      ]
    },
    "uav": {
      "pose": {
        "x": 200.1,
        "y": 150.3,
        "z": 65.2,
        "yaw": 90.0
      },
      "speed_mps": 13.8,
      "energy": {
        "battery_pct": 94.8
      },
      "sensors": {
        "rgb": "ok",
        "thermal": "offline",
        "lidar": "offline",
        "radar": "offline",
        "gnss": "ok",
        "imu": "ok",
        "magnetometer": "ok",
        "barometer": "ok"
      },
      "payloads": [
        {
          "type": "image",
          "id": "IMG_8821",
          "status": "captured"
        }
      ]
    },
    "policy": {
      "alt_bounds": [
        20.0,
        120.0
      ]
    },
    "safety_flags": {
      "nfz_violation": false,
      "separation_breach": false
    }
  },
  "success": true,
  "_meta": {
    "seed": 42,
    "ts": 1764027555,
    "ts_iso": "2025-11-24T23:39:15Z",
    "gen_time_s": 42.9943745136261,
    "attempts_used": 1,
    "generation_failed": false,
    "usage": {
      "prompt_tokens": 1047,
      "completion_tokens": 3470,
      "total_tokens": 4517,
      "cost": 0.0029377,
      "is_byok": false,
      "prompt_tokens_details": {
        "cached_tokens": 624,
        "audio_tokens": 0,
        "video_tokens": 0
      },
      "cost_details": {
        "upstream_inference_cost": null,
        "upstream_inference_prompt_cost": 0.0001617,
        "upstream_inference_completions_cost": 0.002776
      },
      "completion_tokens_details": {
        "reasoning_tokens": 0,
        "image_tokens": 0
      }
    }
  }
}