{
  "initial_state": {
    "domain": "uav",
    "time_s": 0.0,
    "env": {
      "weather": "dust",
      "wind_mps": 8.5,
      "wind_dir_deg": 240.0
    },
    "airspace": {
      "alt_bounds": [
        30.0,
        120.0
      ],
      "geofence": [
        {
          "type": "polygon",
          "points": [
            [
              0,
              0
            ],
            [
              1000,
              0
            ],
            [
              1000,
              800
            ],
            [
              0,
              800
            ]
          ]
        }
      ]
    },
    "uav": {
      "pose": {
        "x": 100.0,
        "y": 50.0,
        "z": 40.0,
        "yaw": 250.0
      },
      "speed_mps": 32.0,
      "energy": {
        "battery_pct": 100.0
      },
      "sensors": {
        "rgb": "ok",
        "thermal": "offline",
        "lidar": "ok",
        "radar": "offline",
        "gnss": "ok",
        "imu": "ok",
        "magnetometer": "ok",
        "barometer": "ok"
      },
      "payloads": []
    },
    "policy": {
      "alt_bounds": [
        30.0,
        120.0
      ]
    },
    "safety_flags": {
      "nfz_violation": false,
      "separation_breach": false
    }
  },
  "dialogue": [
    {
      "turn": 1,
      "speaker": "agent",
      "intent": "initiate_mission",
      "actions": [
        {
          "type": "mcp",
          "name": "read_telemetry",
          "args": {}
        }
      ],
      "obs": [
        {
          "tool": "read_telemetry",
          "result": {
            "pose": {
              "x": 100.0,
              "y": 50.0,
              "z": 40.0,
              "yaw": 250.0
            },
            "speed_mps": 32.0,
            "battery_pct": 100.0
          }
        }
      ],
      "net": {
        "slice": "URLLC",
        "lat_ms": 3.2,
        "jitter_ms": 0.8,
        "loss_pct": 0.01,
        "throughput_mbps": 50,
        "edge_load": 0.35
      }
    },
    {
      "turn": 2,
      "speaker": "user",
      "intent": "confirm_mission",
      "actions": [
        {
          "type": "mcp",
          "name": "set_waypoint",
          "args": {
            "x": 900.0,
            "y": 700.0,
            "z": 100.0
          }
        }
      ],
      "obs": [
        {
          "tool": "set_waypoint",
          "result": {
            "status": "accepted",
            "target": {
              "x": 900.0,
              "y": 700.0,
              "z": 100.0
            }
          }
        }
      ],
      "net": {
        "slice": "eMBB",
        "lat_ms": 12.5,
        "jitter_ms": 3.0,
        "loss_pct": 0.1,
        "throughput_mbps": 120,
        "edge_load": 0.65
      }
    },
    {
      "turn": 3,
      "speaker": "agent",
      "intent": "adjust_for_wind",
      "actions": [
        {
          "type": "mcp",
          "name": "compute_wind_correction",
          "args": {
            "current_yaw": 250.0,
            "wind_dir_deg": 240.0,
            "wind_mps": 8.5
          }
        }
      ],
      "obs": [
        {
          "tool": "compute_wind_correction",
          "result": {
            "recommended_yaw": 255.0,
            "drift_compensation": 5.0
          }
        }
      ],
      "net": {
        "slice": "URLLC",
        "lat_ms": 4.1,
        "jitter_ms": 1.0,
        "loss_pct": 0.02,
        "throughput_mbps": 45,
        "edge_load": 0.4
      }
    },
    {
      "turn": 4,
      "speaker": "user",
      "intent": "request_sensor_status",
      "actions": [
        {
          "type": "mcp",
          "name": "diagnose_sensors",
          "args": {}
        }
      ],
      "obs": [
        {
          "tool": "diagnose_sensors",
          "result": {
            "status": "partial",
            "offline": [
              "thermal",
              "radar"
            ]
          }
        }
      ],
      "net": {
        "slice": "mMTC",
        "lat_ms": 20.0,
        "jitter_ms": 8.0,
        "loss_pct": 0.5,
        "throughput_mbps": 1.5,
        "edge_load": 0.8
      }
    },
    {
      "turn": 5,
      "speaker": "agent",
      "intent": "compensate_sensor_loss",
      "actions": [
        {
          "type": "a2a",
          "task": "request_thermal_data",
          "to": "uav_swarm_agent",
          "payload": {
            "target_area": [
              850,
              680,
              1000,
              750
            ]
          }
        }
      ],
      "obs": [
        {
          "task": "request_thermal_data",
          "from": "uav_swarm_agent",
          "status": "ok",
          "payload": {
            "thermal_data_received": true,
            "coverage": 0.92
          }
        }
      ],
      "net": {
        "slice": "URLLC",
        "lat_ms": 5.0,
        "jitter_ms": 1.2,
        "loss_pct": 0.03,
        "throughput_mbps": 40,
        "edge_load": 0.45
      }
    },
    {
      "turn": 6,
      "speaker": "user",
      "intent": "check_separation",
      "actions": [
        {
          "type": "a2a",
          "task": "check_separation",
          "to": "uav_swarm_agent",
          "payload": {
            "own_id": "uav_01"
          }
        }
      ],
      "obs": [
        {
          "task": "check_separation",
          "from": "uav_swarm_agent",
          "status": "ok",
          "payload": {
            "min_distance_m": 45.2,
            "breach": false
          }
        }
      ],
      "net": {
        "slice": "URLLC",
        "lat_ms": 4.8,
        "jitter_ms": 1.1,
        "loss_pct": 0.02,
        "throughput_mbps": 42,
        "edge_load": 0.43
      }
    },
    {
      "turn": 7,
      "speaker": "agent",
      "intent": "navigate_to_waypoint",
      "actions": [
        {
          "type": "mcp",
          "name": "execute_maneuver",
          "args": {
            "maneuver": "heading_change",
            "target_yaw": 255.0
          }
        }
      ],
      "obs": [
        {
          "tool": "execute_maneuver",
          "result": {
            "status": "completed",
            "final_yaw": 255.0
          }
        }
      ],
      "net": {
        "slice": "URLLC",
        "lat_ms": 3.8,
        "jitter_ms": 0.9,
        "loss_pct": 0.01,
        "throughput_mbps": 48,
        "edge_load": 0.38
      }
    },
    {
      "turn": 8,
      "speaker": "user",
      "intent": "monitor_battery",
      "actions": [
        {
          "type": "mcp",
          "name": "read_telemetry",
          "args": {}
        }
      ],
      "obs": [
        {
          "tool": "read_telemetry",
          "result": {
            "pose": {
              "x": 500.0,
              "y": 375.0,
              "z": 98.0,
              "yaw": 255.0
            },
            "speed_mps": 30.0,
            "battery_pct": 88.5
          }
        }
      ],
      "net": {
        "slice": "eMBB",
        "lat_ms": 15.0,
        "jitter_ms": 4.0,
        "loss_pct": 0.2,
        "throughput_mbps": 100,
        "edge_load": 0.7
      }
    },
    {
      "turn": 9,
      "speaker": "agent",
      "intent": "detect_network_degradation",
      "actions": [
        {
          "type": "mcp",
          "name": "assess_network",
          "args": {}
        }
      ],
      "obs": [
        {
          "tool": "assess_network",
          "result": {
            "current_slice": "eMBB",
            "recommendation": "switch_to_URLLC",
            "edge_load": 0.85
          }
        }
      ],
      "net": {
        "slice": "eMBB",
        "lat_ms": 25.0,
        "jitter_ms": 12.0,
        "loss_pct": 1.5,
        "throughput_mbps": 60,
        "edge_load": 0.85
      }
    },
    {
      "turn": 10,
      "speaker": "user",
      "intent": "adapt_to_network",
      "actions": [
        {
          "type": "mcp",
          "name": "switch_network_slice",
          "args": {
            "target": "URLLC"
          }
        }
      ],
      "obs": [
        {
          "tool": "switch_network_slice",
          "result": {
            "status": "success",
            "new_slice": "URLLC"
          }
        }
      ],
      "net": {
        "slice": "URLLC",
        "lat_ms": 4.0,
        "jitter_ms": 1.0,
        "loss_pct": 0.02,
        "throughput_mbps": 46,
        "edge_load": 0.41
      }
    },
    {
      "turn": 11,
      "speaker": "agent",
      "intent": "confirm_arrival",
      "actions": [
        {
          "type": "mcp",
          "name": "read_telemetry",
          "args": {}
        }
      ],
      "obs": [
        {
          "tool": "read_telemetry",
          "result": {
            "pose": {
              "x": 898.0,
              "y": 698.0,
              "z": 100.0,
              "yaw": 255.0
            },
            "speed_mps": 0.0,
            "battery_pct": 76.0
          }
        }
      ],
      "net": {
        "slice": "URLLC",
        "lat_ms": 3.5,
        "jitter_ms": 0.8,
        "loss_pct": 0.01,
        "throughput_mbps": 49,
        "edge_load": 0.36
      }
    },
    {
      "turn": 12,
      "speaker": "user",
      "intent": "mission_complete",
      "actions": [
        {
          "type": "mcp",
          "name": "land_uav",
          "args": {
            "auto": true
          }
        }
      ],
      "obs": [
        {
          "tool": "land_uav",
          "result": {
            "status": "initiated",
            "final_pose": {
              "x": 898.0,
              "y": 698.0,
              "z": 30.0,
              "yaw": 255.0
            }
          }
        }
      ],
      "net": {
        "slice": "URLLC",
        "lat_ms": 3.0,
        "jitter_ms": 0.7,
        "loss_pct": 0.01,
        "throughput_mbps": 51,
        "edge_load": 0.34
      }
    }
  ],
  "final_state": {
    "domain": "uav",
    "time_s": 120.0,
    "env": {
      "weather": "dust",
      "wind_mps": 8.5,
      "wind_dir_deg": 240.0
    },
    "airspace": {
      "alt_bounds": [
        30.0,
        120.0
      ],
      "geofence": [
        {
          "type": "polygon",
          "points": [
            [
              0,
              0
            ],
            [
              1000,
              0
            ],
            [
              1000,
              800
            ],
            [
              0,
              800
            ]
          ]
        }
      ]
    },
    "uav": {
      "pose": {
        "x": 898.0,
        "y": 698.0,
        "z": 30.0,
        "yaw": 255.0
      },
      "speed_mps": 0.0,
      "energy": {
        "battery_pct": 76.0
      },
      "sensors": {
        "rgb": "ok",
        "thermal": "offline",
        "lidar": "ok",
        "radar": "offline",
        "gnss": "ok",
        "imu": "ok",
        "magnetometer": "ok",
        "barometer": "ok"
      },
      "payloads": []
    },
    "policy": {
      "alt_bounds": [
        30.0,
        120.0
      ]
    },
    "safety_flags": {
      "nfz_violation": false,
      "separation_breach": false
    }
  },
  "success": true,
  "_meta": {
    "seed": 42,
    "ts": 1763802240,
    "ts_iso": "2025-11-22T09:04:00Z",
    "gen_time_s": 183.45126867294312,
    "attempts_used": 3,
    "generation_failed": false,
    "usage": {
      "prompt_tokens": 1072,
      "completion_tokens": 3405,
      "total_tokens": 4477,
      "cost": 0.0028912,
      "is_byok": false,
      "prompt_tokens_details": {
        "cached_tokens": 624,
        "audio_tokens": 0,
        "video_tokens": 0
      },
      "cost_details": {
        "upstream_inference_cost": null,
        "upstream_inference_prompt_cost": 0.0001672,
        "upstream_inference_completions_cost": 0.002724
      },
      "completion_tokens_details": {
        "reasoning_tokens": 0,
        "image_tokens": 0
      }
    }
  }
}