{
  "initial_state": {
    "domain": "uav",
    "time_s": 0.0,
    "env": {
      "weather": "dust",
      "wind_mps": 2.0,
      "wind_dir_deg": 135.0
    },
    "airspace": {
      "alt_bounds": [
        0.5,
        12.0
      ],
      "geofence": [
        {
          "type": "polygon",
          "points": [
            [
              0.0,
              0.0
            ],
            [
              50.0,
              0.0
            ],
            [
              50.0,
              40.0
            ],
            [
              0.0,
              40.0
            ]
          ]
        }
      ]
    },
    "uav": {
      "pose": {
        "x": 5.0,
        "y": 5.0,
        "z": 1.5,
        "yaw": 90.0
      },
      "speed_mps": 15.0,
      "energy": {
        "battery_pct": 100.0
      },
      "sensors": {
        "rgb": "ok",
        "thermal": "offline",
        "lidar": "ok",
        "radar": "offline",
        "gnss": "ok",
        "imu": "ok",
        "magnetometer": "ok",
        "barometer": "ok"
      },
      "payloads": []
    },
    "policy": {
      "alt_bounds": [
        0.5,
        12.0
      ]
    },
    "safety_flags": {
      "nfz_violation": false,
      "separation_breach": false
    }
  },
  "dialogue": [
    {
      "turn": 1,
      "speaker": "agent",
      "intent": "initiate mission and check telemetry",
      "actions": [
        {
          "type": "mcp",
          "name": "read_telemetry",
          "args": {}
        }
      ],
      "obs": [
        {
          "tool": "read_telemetry",
          "result": {
            "pose": {
              "x": 5.0,
              "y": 5.0,
              "z": 1.5,
              "yaw": 90.0
            },
            "battery_pct": 100.0,
            "sensors": {
              "rgb": "ok",
              "thermal": "offline",
              "lidar": "ok",
              "radar": "offline"
            }
          }
        }
      ],
      "net": {
        "slice": "eMBB",
        "lat_ms": 12,
        "jitter_ms": 2,
        "loss_pct": 0.1,
        "throughput_mbps": 850,
        "edge_load": 0.3
      }
    },
    {
      "turn": 2,
      "speaker": "user",
      "intent": "approve takeoff and request route plan",
      "actions": [
        {
          "type": "mcp",
          "name": "request_route_plan",
          "args": {
            "waypoints": [
              {
                "x": 45.0,
                "y": 35.0,
                "z": 10.0
              }
            ]
          }
        }
      ],
      "obs": [
        {
          "tool": "request_route_plan",
          "result": {
            "route_id": "r_001",
            "waypoints": [
              {
                "x": 45.0,
                "y": 35.0,
                "z": 10.0,
                "action": "capture_rgb"
              }
            ],
            "estimated_duration_s": 120,
            "energy_cost_pct": 15
          }
        }
      ],
      "net": {
        "slice": "eMBB",
        "lat_ms": 14,
        "jitter_ms": 3,
        "loss_pct": 0.2,
        "throughput_mbps": 800,
        "edge_load": 0.35
      }
    },
    {
      "turn": 3,
      "speaker": "agent",
      "intent": "execute takeoff and ascend to mission altitude",
      "actions": [
        {
          "type": "mcp",
          "name": "set_altitude",
          "args": {
            "target_z": 10.0
          }
        }
      ],
      "obs": [
        {
          "tool": "set_altitude",
          "result": {
            "status": "executing",
            "target_z": 10.0,
            "current_z": 5.2
          }
        }
      ],
      "net": {
        "slice": "URLLC",
        "lat_ms": 8,
        "jitter_ms": 1,
        "loss_pct": 0.05,
        "throughput_mbps": 100,
        "edge_load": 0.2
      }
    },
    {
      "turn": 4,
      "speaker": "user",
      "intent": "monitor progress and check swarm coordination",
      "actions": [
        {
          "type": "a2a",
          "task": "collision_avoidance",
          "to": "uav_swarm_agent",
          "payload": {
            "current_pose": {
              "x": 10.3,
              "y": 12.1,
              "z": 8.7
            },
            "velocity": 14.5,
            "route_id": "r_001"
          }
        }
      ],
      "obs": [
        {
          "task": "collision_avoidance",
          "from": "uav_swarm_agent",
          "status": "ok",
          "payload": {
            "clearance": "safe",
            "recommended_alt_offset": 0.0
          }
        }
      ],
      "net": {
        "slice": "URLLC",
        "lat_ms": 7,
        "jitter_ms": 0.8,
        "loss_pct": 0.02,
        "throughput_mbps": 95,
        "edge_load": 0.18
      }
    },
    {
      "turn": 5,
      "speaker": "agent",
      "intent": "proceed to first waypoint and capture visual data",
      "actions": [
        {
          "type": "mcp",
          "name": "move_to",
          "args": {
            "x": 45.0,
            "y": 35.0,
            "z": 10.0
          }
        }
      ],
      "obs": [
        {
          "tool": "move_to",
          "result": {
            "status": "reached",
            "timestamp_s": 65.3,
            "battery_pct": 88.0
          }
        }
      ],
      "net": {
        "slice": "eMBB",
        "lat_ms": 15,
        "jitter_ms": 4,
        "loss_pct": 0.3,
        "throughput_mbps": 750,
        "edge_load": 0.4
      }
    },
    {
      "turn": 6,
      "speaker": "user",
      "intent": "request thermal sensor diagnostic due to offline status",
      "actions": [
        {
          "type": "mcp",
          "name": "diagnose_sensor",
          "args": {
            "sensor": "thermal"
          }
        }
      ],
      "obs": [
        {
          "tool": "diagnose_sensor",
          "result": {
            "sensor": "thermal",
            "status": "faulty",
            "error_code": "THERM_ERR_404",
            "recommendation": "manual inspection required"
          }
        }
      ],
      "net": {
        "slice": "mMTC",
        "lat_ms": 50,
        "jitter_ms": 10,
        "loss_pct": 1.5,
        "throughput_mbps": 1.2,
        "edge_load": 0.6
      }
    },
    {
      "turn": 7,
      "speaker": "agent",
      "intent": "compensate for thermal failure using lidar and rgb",
      "actions": [
        {
          "type": "mcp",
          "name": "capture_rgb",
          "args": {
            "resolution": "4k"
          }
        },
        {
          "type": "mcp",
          "name": "scan_lidar",
          "args": {
            "fov": 360,
            "range_m": 20
          }
        }
      ],
      "obs": [
        {
          "tool": "capture_rgb",
          "result": {
            "status": "success",
            "image_id": "img_001",
            "storage": "local"
          }
        },
        {
          "tool": "scan_lidar",
          "result": {
            "status": "success",
            "point_cloud_size_mb": 45,
            "anomalies_detected": [
              "structural_gap_west_wall"
            ]
          }
        }
      ],
      "net": {
        "slice": "eMBB",
        "lat_ms": 18,
        "jitter_ms": 5,
        "loss_pct": 0.4,
        "throughput_mbps": 700,
        "edge_load": 0.45
      }
    },
    {
      "turn": 8,
      "speaker": "user",
      "intent": "initiate return and request battery-efficient path",
      "actions": [
        {
          "type": "mcp",
          "name": "request_route_plan",
          "args": {
            "waypoints": [
              {
                "x": 5.0,
                "y": 5.0,
                "z": 1.5
              }
            ],
            "optimize": "energy"
          }
        }
      ],
      "obs": [
        {
          "tool": "request_route_plan",
          "result": {
            "route_id": "r_002",
            "waypoints": [
              {
                "x": 40.0,
                "y": 30.0,
                "z": 8.0
              },
              {
                "x": 20.0,
                "y": 15.0,
                "z": 5.0
              },
              {
                "x": 5.0,
                "y": 5.0,
                "z": 1.5
              }
            ],
            "estimated_duration_s": 150,
            "energy_cost_pct": 10
          }
        }
      ],
      "net": {
        "slice": "URLLC",
        "lat_ms": 9,
        "jitter_ms": 1.2,
        "loss_pct": 0.1,
        "throughput_mbps": 110,
        "edge_load": 0.22
      }
    },
    {
      "turn": 9,
      "speaker": "agent",
      "intent": "execute return path with periodic telemetry updates",
      "actions": [
        {
          "type": "mcp",
          "name": "move_to",
          "args": {
            "x": 40.0,
            "y": 30.0,
            "z": 8.0
          }
        },
        {
          "type": "mcp",
          "name": "read_telemetry",
          "args": {}
        }
      ],
      "obs": [
        {
          "tool": "move_to",
          "result": {
            "status": "reached",
            "timestamp_s": 125.7,
            "battery_pct": 82.0
          }
        },
        {
          "tool": "read_telemetry",
          "result": {
            "battery_pct": 82.0,
            "pose": {
              "x": 40.0,
              "y": 30.0,
              "z": 8.0
            },
            "speed_mps": 13.0
          }
        }
      ],
      "net": {
        "slice": "URLLC",
        "lat_ms": 7,
        "jitter_ms": 0.9,
        "loss_pct": 0.08,
        "throughput_mbps": 105,
        "edge_load": 0.2
      }
    },
    {
      "turn": 10,
      "speaker": "user",
      "intent": "verify safe separation and geofence compliance",
      "actions": [
        {
          "type": "a2a",
          "task": "verify_separation",
          "to": "uav_swarm_agent",
          "payload": {
            "current_pose": {
              "x": 30.0,
              "y": 22.0,
              "z": 6.0
            }
          }
        }
      ],
      "obs": [
        {
          "task": "verify_separation",
          "from": "uav_swarm_agent",
          "status": "ok",
          "payload": {
            "min_distance_to_others_m": 25.3,
            "status": "safe"
          }
        }
      ],
      "net": {
        "slice": "URLLC",
        "lat_ms": 6,
        "jitter_ms": 0.7,
        "loss_pct": 0.05,
        "throughput_mbps": 100,
        "edge_load": 0.19
      }
    },
    {
      "turn": 11,
      "speaker": "agent",
      "intent": "land safely and report mission completion",
      "actions": [
        {
          "type": "mcp",
          "name": "land",
          "args": {}
        }
      ],
      "obs": [
        {
          "tool": "land",
          "result": {
            "status": "completed",
            "timestamp_s": 200.1,
            "final_battery_pct": 75.0,
            "touchdown_smooth": true
          }
        }
      ],
      "net": {
        "slice": "URLLC",
        "lat_ms": 5,
        "jitter_ms": 0.5,
        "loss_pct": 0.02,
        "throughput_mbps": 90,
        "edge_load": 0.15
      }
    }
  ],
  "final_state": {
    "domain": "uav",
    "time_s": 200.1,
    "env": {
      "weather": "dust",
      "wind_mps": 2.0,
      "wind_dir_deg": 135.0
    },
    "airspace": {
      "alt_bounds": [
        0.5,
        12.0
      ],
      "geofence": [
        {
          "type": "polygon",
          "points": [
            [
              0.0,
              0.0
            ],
            [
              50.0,
              0.0
            ],
            [
              50.0,
              40.0
            ],
            [
              0.0,
              40.0
            ]
          ]
        }
      ]
    },
    "uav": {
      "pose": {
        "x": 5.0,
        "y": 5.0,
        "z": 1.5,
        "yaw": 90.0
      },
      "speed_mps": 0.0,
      "energy": {
        "battery_pct": 75.0
      },
      "sensors": {
        "rgb": "ok",
        "thermal": "offline",
        "lidar": "ok",
        "radar": "offline",
        "gnss": "ok",
        "imu": "ok",
        "magnetometer": "ok",
        "barometer": "ok"
      },
      "payloads": []
    },
    "policy": {
      "alt_bounds": [
        0.5,
        12.0
      ]
    },
    "safety_flags": {
      "nfz_violation": false,
      "separation_breach": false
    }
  },
  "success": true,
  "_meta": {
    "seed": 42,
    "ts": 1763949781,
    "ts_iso": "2025-11-24T02:03:01Z",
    "gen_time_s": 49.77260184288025,
    "attempts_used": 1,
    "generation_failed": false,
    "usage": {
      "prompt_tokens": 1051,
      "completion_tokens": 3752,
      "total_tokens": 4803,
      "cost": 0.00311842,
      "is_byok": false,
      "prompt_tokens_details": {
        "cached_tokens": 1040,
        "audio_tokens": 0,
        "video_tokens": 0
      },
      "cost_details": {
        "upstream_inference_cost": null,
        "upstream_inference_prompt_cost": 0.00011682,
        "upstream_inference_completions_cost": 0.0030016
      },
      "completion_tokens_details": {
        "reasoning_tokens": 0,
        "image_tokens": 0
      }
    }
  }
}