{
  "initial_state": {
    "domain": "uav",
    "time_s": 0.0,
    "env": {
      "weather": "good",
      "wind_mps": 8.0,
      "wind_dir_deg": 270.0
    },
    "airspace": {
      "alt_bounds": [
        10.0,
        120.0
      ],
      "geofence": [
        {
          "type": "polygon",
          "points": [
            [
              0.0,
              0.0
            ],
            [
              200.0,
              0.0
            ],
            [
              200.0,
              150.0
            ],
            [
              0.0,
              150.0
            ]
          ]
        }
      ]
    },
    "uav": {
      "pose": {
        "x": 10.0,
        "y": 10.0,
        "z": 20.0,
        "yaw": 90.0
      },
      "speed_mps": 18.0,
      "energy": {
        "battery_pct": 100.0
      },
      "sensors": {
        "rgb": "ok",
        "thermal": "ok",
        "lidar": "ok",
        "radar": "offline",
        "gnss": "ok",
        "imu": "ok",
        "magnetometer": "ok",
        "barometer": "ok"
      },
      "payloads": []
    },
    "policy": {
      "alt_bounds": [
        10.0,
        120.0
      ]
    },
    "safety_flags": {
      "nfz_violation": false,
      "separation_breach": false
    }
  },
  "dialogue": [
    {
      "turn": 1,
      "speaker": "agent",
      "intent": "initiate mission and check telemetry",
      "actions": [
        {
          "type": "mcp",
          "name": "read_telemetry",
          "args": {}
        }
      ],
      "obs": [
        {
          "tool": "read_telemetry",
          "result": {
            "pose": {
              "x": 10.0,
              "y": 10.0,
              "z": 20.0,
              "yaw": 90.0
            },
            "speed_mps": 18.0,
            "battery_pct": 100.0,
            "sensors": {
              "radar": "offline"
            }
          }
        }
      ],
      "net": {
        "slice": "eMBB",
        "lat_ms": 12,
        "jitter_ms": 2,
        "loss_pct": 0.1,
        "throughput_mbps": 850,
        "edge_load": 0.3
      }
    },
    {
      "turn": 2,
      "speaker": "user",
      "intent": "confirm radar issue and authorize repair",
      "actions": [
        {
          "type": "mcp",
          "name": "repair_sensor",
          "args": {
            "sensor": "radar"
          }
        }
      ],
      "obs": [
        {
          "tool": "repair_sensor",
          "result": {
            "sensor": "radar",
            "status": "repaired",
            "battery_pct": 99.8
          }
        }
      ],
      "net": {
        "slice": "URLLC",
        "lat_ms": 8,
        "jitter_ms": 1,
        "loss_pct": 0.05,
        "throughput_mbps": 120,
        "edge_load": 0.4
      }
    },
    {
      "turn": 3,
      "speaker": "agent",
      "intent": "verify sensor status and request swarm coordination",
      "actions": [
        {
          "type": "mcp",
          "name": "read_telemetry",
          "args": {}
        },
        {
          "type": "a2a",
          "task": "collision_avoidance",
          "to": "uav_swarm_agent",
          "payload": {
            "current_pose": {
              "x": 10.0,
              "y": 10.0,
              "z": 20.0
            },
            "waypoints": [
              [
                50.0,
                50.0,
                40.0
              ],
              [
                100.0,
                100.0,
                60.0
              ]
            ]
          }
        }
      ],
      "obs": [
        {
          "tool": "read_telemetry",
          "result": {
            "sensors": {
              "radar": "ok"
            }
          }
        },
        {
          "task": "collision_avoidance",
          "from": "uav_swarm_agent",
          "status": "ok",
          "payload": {
            "clearance": true,
            "recommended_alt": 45.0
          }
        }
      ],
      "net": {
        "slice": "URLLC",
        "lat_ms": 9,
        "jitter_ms": 1.5,
        "loss_pct": 0.08,
        "throughput_mbps": 110,
        "edge_load": 0.5
      }
    },
    {
      "turn": 4,
      "speaker": "user",
      "intent": "approve flight path and initiate inspection",
      "actions": [
        {
          "type": "mcp",
          "name": "set_waypoint",
          "args": {
            "x": 50.0,
            "y": 50.0,
            "z": 45.0
          }
        }
      ],
      "obs": [
        {
          "tool": "set_waypoint",
          "result": {
            "status": "accepted",
            "eta_s": 2.3,
            "battery_pct": 98.5
          }
        }
      ],
      "net": {
        "slice": "eMBB",
        "lat_ms": 15,
        "jitter_ms": 3,
        "loss_pct": 0.2,
        "throughput_mbps": 780,
        "edge_load": 0.6
      }
    },
    {
      "turn": 5,
      "speaker": "agent",
      "intent": "monitor approach and activate sensors",
      "actions": [
        {
          "type": "mcp",
          "name": "activate_sensor_suite",
          "args": {
            "mode": "inspection"
          }
        }
      ],
      "obs": [
        {
          "tool": "activate_sensor_suite",
          "result": {
            "status": "active",
            "sensors": [
              "rgb",
              "thermal",
              "lidar"
            ],
            "battery_pct": 97.8
          }
        }
      ],
      "net": {
        "slice": "eMBB",
        "lat_ms": 14,
        "jitter_ms": 2.5,
        "loss_pct": 0.15,
        "throughput_mbps": 800,
        "edge_load": 0.7
      }
    },
    {
      "turn": 6,
      "speaker": "user",
      "intent": "request real-time video feed",
      "actions": [
        {
          "type": "mcp",
          "name": "stream_video",
          "args": {
            "resolution": "4K",
            "duration_s": 30
          }
        }
      ],
      "obs": [
        {
          "tool": "stream_video",
          "result": {
            "status": "started",
            "bitrate_mbps": 50,
            "estimated_battery_impact": 2.1
          }
        }
      ],
      "net": {
        "slice": "eMBB",
        "lat_ms": 25,
        "jitter_ms": 10,
        "loss_pct": 1.2,
        "throughput_mbps": 400,
        "edge_load": 0.9
      }
    },
    {
      "turn": 7,
      "speaker": "agent",
      "intent": "detect network degradation and adapt",
      "actions": [
        {
          "type": "mcp",
          "name": "adjust_streaming_quality",
          "args": {
            "resolution": "720p"
          }
        },
        {
          "type": "mcp",
          "name": "read_telemetry",
          "args": {}
        }
      ],
      "obs": [
        {
          "tool": "adjust_streaming_quality",
          "result": {
            "resolution": "720p",
            "bitrate_mbps": 5,
            "status": "optimized"
          }
        },
        {
          "tool": "read_telemetry",
          "result": {
            "pose": {
              "x": 48.2,
              "y": 49.1,
              "z": 44.8
            },
            "battery_pct": 95.6
          }
        }
      ],
      "net": {
        "slice": "mMTC",
        "lat_ms": 50,
        "jitter_ms": 20,
        "loss_pct": 3.5,
        "throughput_mbps": 1,
        "edge_load": 0.95
      }
    },
    {
      "turn": 8,
      "speaker": "user",
      "intent": "abort stream and prepare for gust",
      "actions": [
        {
          "type": "mcp",
          "name": "stop_stream",
          "args": {}
        },
        {
          "type": "mcp",
          "name": "set_speed",
          "args": {
            "speed_mps": 12.0
          }
        }
      ],
      "obs": [
        {
          "tool": "stop_stream",
          "result": {
            "status": "stopped",
            "bandwidth_saved_mbps": 5
          }
        },
        {
          "tool": "set_speed",
          "result": {
            "speed_mps": 12.0,
            "battery_pct": 95.4
          }
        }
      ],
      "net": {
        "slice": "URLLC",
        "lat_ms": 6,
        "jitter_ms": 1,
        "loss_pct": 0.05,
        "throughput_mbps": 100,
        "edge_load": 0.5
      }
    },
    {
      "turn": 9,
      "speaker": "agent",
      "intent": "perform inspection scan",
      "actions": [
        {
          "type": "mcp",
          "name": "capture_inspection_data",
          "args": {
            "target": "powerline_support_7"
          }
        }
      ],
      "obs": [
        {
          "tool": "capture_inspection_data",
          "result": {
            "status": "completed",
            "defects_found": 1,
            "defect_type": "cracked_insulator",
            "battery_pct": 94.2
          }
        }
      ],
      "net": {
        "slice": "URLLC",
        "lat_ms": 7,
        "jitter_ms": 1.2,
        "loss_pct": 0.07,
        "throughput_mbps": 105,
        "edge_load": 0.55
      }
    },
    {
      "turn": 10,
      "speaker": "user",
      "intent": "log defect and return to base",
      "actions": [
        {
          "type": "mcp",
          "name": "log_defect",
          "args": {
            "defect_id": "INS-2691",
            "description": "Cracked insulator detected on support 7",
            "image_ref": "IMG_2691468dfe33_007.jpg"
          }
        },
        {
          "type": "mcp",
          "name": "return_to_base",
          "args": {}
        }
      ],
      "obs": [
        {
          "tool": "log_defect",
          "result": {
            "status": "recorded",
            "entry_id": "LOG-INS-2691"
          }
        },
        {
          "tool": "return_to_base",
          "result": {
            "status": "initiated",
            "route": [
              [
                45.0,
                45.0,
                40.0
              ],
              [
                20.0,
                20.0,
                30.0
              ],
              [
                10.0,
                10.0,
                20.0
              ]
            ],
            "battery_pct": 93.8
          }
        }
      ],
      "net": {
        "slice": "URLLC",
        "lat_ms": 8,
        "jitter_ms": 1.1,
        "loss_pct": 0.06,
        "throughput_mbps": 115,
        "edge_load": 0.45
      }
    }
  ],
  "final_state": {
    "domain": "uav",
    "time_s": 120.0,
    "env": {
      "weather": "gusty",
      "wind_mps": 14.0,
      "wind_dir_deg": 270.0
    },
    "airspace": {
      "alt_bounds": [
        10.0,
        120.0
      ],
      "geofence": [
        {
          "type": "polygon",
          "points": [
            [
              0.0,
              0.0
            ],
            [
              200.0,
              0.0
            ],
            [
              200.0,
              150.0
            ],
            [
              0.0,
              150.0
            ]
          ]
        }
      ]
    },
    "uav": {
      "pose": {
        "x": 15.3,
        "y": 16.1,
        "z": 25.4,
        "yaw": 270.0
      },
      "speed_mps": 12.0,
      "energy": {
        "battery_pct": 93.8
      },
      "sensors": {
        "rgb": "ok",
        "thermal": "ok",
        "lidar": "ok",
        "radar": "ok",
        "gnss": "ok",
        "imu": "ok",
        "magnetometer": "ok",
        "barometer": "ok"
      },
      "payloads": []
    },
    "policy": {
      "alt_bounds": [
        10.0,
        120.0
      ]
    },
    "safety_flags": {
      "nfz_violation": false,
      "separation_breach": false
    }
  },
  "success": true,
  "_meta": {
    "seed": 42,
    "ts": 1763841218,
    "ts_iso": "2025-11-22T19:53:38Z",
    "gen_time_s": 56.86193585395813,
    "attempts_used": 1,
    "generation_failed": false,
    "usage": {
      "prompt_tokens": 1062,
      "completion_tokens": 3432,
      "total_tokens": 4494,
      "cost": 0.00291236,
      "is_byok": false,
      "prompt_tokens_details": {
        "cached_tokens": 608,
        "audio_tokens": 0,
        "video_tokens": 0
      },
      "cost_details": {
        "upstream_inference_cost": null,
        "upstream_inference_prompt_cost": 0.00016676,
        "upstream_inference_completions_cost": 0.0027456
      },
      "completion_tokens_details": {
        "reasoning_tokens": 0,
        "image_tokens": 0
      }
    }
  }
}