{
  "initial_state": {
    "domain": "uav",
    "time_s": 0.0,
    "env": {
      "weather": "gusts",
      "wind_mps": 8.5,
      "wind_dir_deg": 240.0
    },
    "airspace": {
      "alt_bounds": [
        50.0,
        600.0
      ],
      "geofence": [
        {
          "type": "polygon",
          "points": [
            [
              0,
              0
            ],
            [
              1000,
              0
            ],
            [
              1000,
              800
            ],
            [
              200,
              800
            ],
            [
              0,
              600
            ]
          ]
        }
      ]
    },
    "uav": {
      "pose": {
        "x": 100.0,
        "y": 100.0,
        "z": 120.0,
        "yaw": 80.0
      },
      "speed_mps": 28.0,
      "energy": {
        "battery_pct": 100.0
      },
      "sensors": {
        "rgb": "ok",
        "thermal": "offline",
        "lidar": "ok",
        "radar": "offline",
        "gnss": "ok",
        "imu": "ok",
        "magnetometer": "ok",
        "barometer": "ok"
      },
      "payloads": []
    },
    "policy": {
      "alt_bounds": [
        50.0,
        600.0
      ]
    },
    "safety_flags": {
      "nfz_violation": false,
      "separation_breach": false
    }
  },
  "dialogue": [
    {
      "turn": 1,
      "speaker": "agent",
      "intent": "initiate mission and check telemetry",
      "actions": [
        {
          "type": "mcp",
          "name": "read_telemetry",
          "args": {}
        }
      ],
      "obs": [
        {
          "tool": "read_telemetry",
          "result": {
            "pose": {
              "x": 100.0,
              "y": 100.0,
              "z": 120.0,
              "yaw": 80.0
            },
            "speed_mps": 28.0,
            "battery_pct": 100.0,
            "sensors": {
              "gnss": "ok",
              "imu": "ok"
            }
          }
        }
      ],
      "net": {
        "slice": "eMBB",
        "lat_ms": 12,
        "jitter_ms": 2,
        "loss_pct": 0.1,
        "throughput_mbps": 850,
        "edge_load": 0.35
      }
    },
    {
      "turn": 2,
      "speaker": "user",
      "intent": "authorize route to waypoint Alpha",
      "actions": [
        {
          "type": "mcp",
          "name": "set_waypoint",
          "args": {
            "x": 700,
            "y": 300,
            "z": 200
          }
        }
      ],
      "obs": [
        {
          "tool": "set_waypoint",
          "result": {
            "status": "accepted",
            "target": {
              "x": 700,
              "y": 300,
              "z": 200
            }
          }
        }
      ],
      "net": {
        "slice": "eMBB",
        "lat_ms": 11,
        "jitter_ms": 1.8,
        "loss_pct": 0.05,
        "throughput_mbps": 900,
        "edge_load": 0.38
      }
    },
    {
      "turn": 3,
      "speaker": "agent",
      "intent": "execute flight to Alpha and monitor sensor health",
      "actions": [
        {
          "type": "mcp",
          "name": "fly_to",
          "args": {
            "x": 700,
            "y": 300,
            "z": 200
          }
        },
        {
          "type": "mcp",
          "name": "diagnose_sensor",
          "args": {
            "sensor": "thermal"
          }
        }
      ],
      "obs": [
        {
          "tool": "fly_to",
          "result": {
            "status": "in_progress",
            "eta_s": 42
          }
        },
        {
          "tool": "diagnose_sensor",
          "result": {
            "sensor": "thermal",
            "status": "faulty",
            "recommendation": "bypass and log"
          }
        }
      ],
      "net": {
        "slice": "URLLC",
        "lat_ms": 8,
        "jitter_ms": 0.9,
        "loss_pct": 0.02,
        "throughput_mbps": 120,
        "edge_load": 0.42
      }
    },
    {
      "turn": 4,
      "speaker": "user",
      "intent": "request swarm coordination for collision check",
      "actions": [
        {
          "type": "a2a",
          "task": "collision_avoidance",
          "to": "uav_swarm_agent",
          "payload": {
            "uav_id": "uav-7",
            "route": [
              {
                "x": 700,
                "y": 300,
                "z": 200
              }
            ],
            "eta": 42
          }
        }
      ],
      "obs": [
        {
          "task": "collision_avoidance",
          "from": "uav_swarm_agent",
          "status": "ok",
          "payload": {
            "conflict": false,
            "risk_level": "low"
          }
        }
      ],
      "net": {
        "slice": "URLLC",
        "lat_ms": 7,
        "jitter_ms": 0.7,
        "loss_pct": 0.01,
        "throughput_mbps": 110,
        "edge_load": 0.45
      }
    },
    {
      "turn": 5,
      "speaker": "agent",
      "intent": "activate lidar for terrain mapping in gusts",
      "actions": [
        {
          "type": "mcp",
          "name": "activate_sensor",
          "args": {
            "sensor": "lidar"
          }
        },
        {
          "type": "mcp",
          "name": "map_terrain",
          "args": {
            "resolution": "high"
          }
        }
      ],
      "obs": [
        {
          "tool": "activate_sensor",
          "result": {
            "sensor": "lidar",
            "status": "activated"
          }
        },
        {
          "tool": "map_terrain",
          "result": {
            "area_covered_m2": 185000,
            "obstacles_detected": 3,
            "elevation_var": 45
          }
        }
      ],
      "net": {
        "slice": "eMBB",
        "lat_ms": 15,
        "jitter_ms": 3,
        "loss_pct": 0.2,
        "throughput_mbps": 780,
        "edge_load": 0.51
      }
    },
    {
      "turn": 6,
      "speaker": "user",
      "intent": "report network degradation and request fallback",
      "actions": [
        {
          "type": "mcp",
          "name": "check_network",
          "args": {}
        }
      ],
      "obs": [
        {
          "tool": "check_network",
          "result": {
            "current_slice": "eMBB",
            "signal_strength": "degraded",
            "recommended_slice": "URLLC"
          }
        }
      ],
      "net": {
        "slice": "eMBB",
        "lat_ms": 98,
        "jitter_ms": 22,
        "loss_pct": 8.5,
        "throughput_mbps": 110,
        "edge_load": 0.88
      }
    },
    {
      "turn": 7,
      "speaker": "agent",
      "intent": "switch to URLLC and reduce telemetry frequency",
      "actions": [
        {
          "type": "mcp",
          "name": "switch_network_slice",
          "args": {
            "target_slice": "URLLC"
          }
        },
        {
          "type": "mcp",
          "name": "throttle_telemetry",
          "args": {
            "interval_s": 5.0
          }
        }
      ],
      "obs": [
        {
          "tool": "switch_network_slice",
          "result": {
            "status": "success",
            "new_slice": "URLLC"
          }
        },
        {
          "tool": "throttle_telemetry",
          "result": {
            "interval_s": 5.0,
            "bandwidth_saved_mbps": 6.2
          }
        }
      ],
      "net": {
        "slice": "URLLC",
        "lat_ms": 9,
        "jitter_ms": 1.1,
        "loss_pct": 0.03,
        "throughput_mbps": 130,
        "edge_load": 0.47
      }
    },
    {
      "turn": 8,
      "speaker": "user",
      "intent": "authorize emergency descent due to wind shear",
      "actions": [
        {
          "type": "mcp",
          "name": "read_weather",
          "args": {}
        }
      ],
      "obs": [
        {
          "tool": "read_weather",
          "result": {
            "wind_mps": 14.2,
            "gust_peak": 22.0,
            "turbulence": "high"
          }
        }
      ],
      "net": {
        "slice": "URLLC",
        "lat_ms": 8,
        "jitter_ms": 0.8,
        "loss_pct": 0.01,
        "throughput_mbps": 125,
        "edge_load": 0.5
      }
    },
    {
      "turn": 9,
      "speaker": "agent",
      "intent": "execute descent to safer altitude",
      "actions": [
        {
          "type": "mcp",
          "name": "fly_to",
          "args": {
            "x": 700,
            "y": 300,
            "z": 150
          }
        }
      ],
      "obs": [
        {
          "tool": "fly_to",
          "result": {
            "status": "completed",
            "final_pose": {
              "x": 700,
              "y": 300,
              "z": 150
            }
          }
        }
      ],
      "net": {
        "slice": "URLLC",
        "lat_ms": 7,
        "jitter_ms": 0.6,
        "loss_pct": 0.0,
        "throughput_mbps": 135,
        "edge_load": 0.44
      }
    },
    {
      "turn": 10,
      "speaker": "user",
      "intent": "confirm mission success and prepare return",
      "actions": [
        {
          "type": "a2a",
          "task": "request_return_path",
          "to": "planning_agent",
          "payload": {
            "origin": {
              "x": 700,
              "y": 300,
              "z": 150
            },
            "home": {
              "x": 100,
              "y": 100,
              "z": 120
            }
          }
        }
      ],
      "obs": [
        {
          "task": "request_return_path",
          "from": "planning_agent",
          "status": "ok",
          "payload": {
            "path": [
              {
                "x": 500,
                "y": 200,
                "z": 140
              },
              {
                "x": 300,
                "y": 150,
                "z": 130
              },
              {
                "x": 100,
                "y": 100,
                "z": 120
              }
            ],
            "risk": "low"
          }
        }
      ],
      "net": {
        "slice": "mMTC",
        "lat_ms": 25,
        "jitter_ms": 5,
        "loss_pct": 0.5,
        "throughput_mbps": 1.2,
        "edge_load": 0.3
      }
    },
    {
      "turn": 11,
      "speaker": "agent",
      "intent": "log mission and prepare for return",
      "actions": [
        {
          "type": "mcp",
          "name": "log_event",
          "args": {
            "event": "waypoint_reached",
            "data": {
              "waypoint": "Alpha",
              "battery_at_arrival": 92.3
            }
          }
        }
      ],
      "obs": [
        {
          "tool": "log_event",
          "result": {
            "status": "logged",
            "entry_id": "evt-88712"
          }
        }
      ],
      "net": {
        "slice": "mMTC",
        "lat_ms": 24,
        "jitter_ms": 4.8,
        "loss_pct": 0.4,
        "throughput_mbps": 1.3,
        "edge_load": 0.28
      }
    }
  ],
  "final_state": {
    "domain": "uav",
    "time_s": 110.0,
    "env": {
      "weather": "gusts",
      "wind_mps": 14.2,
      "wind_dir_deg": 240.0
    },
    "airspace": {
      "alt_bounds": [
        50.0,
        600.0
      ],
      "geofence": [
        {
          "type": "polygon",
          "points": [
            [
              0,
              0
            ],
            [
              1000,
              0
            ],
            [
              1000,
              800
            ],
            [
              200,
              800
            ],
            [
              0,
              600
            ]
          ]
        }
      ]
    },
    "uav": {
      "pose": {
        "x": 700.0,
        "y": 300.0,
        "z": 150.0,
        "yaw": 80.0
      },
      "speed_mps": 18.0,
      "energy": {
        "battery_pct": 92.3
      },
      "sensors": {
        "rgb": "ok",
        "thermal": "offline",
        "lidar": "active",
        "radar": "offline",
        "gnss": "ok",
        "imu": "ok",
        "magnetometer": "ok",
        "barometer": "ok"
      },
      "payloads": []
    },
    "policy": {
      "alt_bounds": [
        50.0,
        600.0
      ]
    },
    "safety_flags": {
      "nfz_violation": false,
      "separation_breach": false
    }
  },
  "success": true,
  "_meta": {
    "seed": 42,
    "ts": 1763774866,
    "ts_iso": "2025-11-22T01:27:46Z",
    "gen_time_s": 58.238357067108154,
    "attempts_used": 1,
    "generation_failed": false,
    "usage": {
      "prompt_tokens": 1073,
      "completion_tokens": 3661,
      "total_tokens": 4734,
      "cost": 0.00309798,
      "is_byok": false,
      "prompt_tokens_details": {
        "cached_tokens": 608,
        "audio_tokens": 0,
        "video_tokens": 0
      },
      "cost_details": {
        "upstream_inference_cost": null,
        "upstream_inference_prompt_cost": 0.00016918,
        "upstream_inference_completions_cost": 0.0029288
      },
      "completion_tokens_details": {
        "reasoning_tokens": 0,
        "image_tokens": 0
      }
    }
  }
}