{
  "episode_id": "6gb_prompt_bed2a636c43180d0",
  "questions": [
    {
      "task_id": "T13",
      "task_name": "Swarm-Level Slice Negotiation",
      "source_turn": 7,
      "question": "At turn 7 the swarm resumes inspection after a handover while the network alternates slices across turns. Recent telemetry shows URLLC latency of 7 to 11 ms with jitter 1 to 2 ms and edge load between 0.25 and 0.4, while eMBB shows latency of 22 to 28 ms with jitter 5 to 7 ms and edge load between 0.55 and 0.6. Throughput differs sharply with URLLC at 100 to 130 Mbps and eMBB at 680 to 750 Mbps, and mMTC previously spiked to 120 ms latency with 2.5 percent loss at edge load 0.85. The close inspection requires image capture on the next two turns and a return to base on the third turn, so slices must be negotiated across three turns for two agents sharing the edge. Assume dust conditions persist and uncertainty means each metric can realize its worst observed value in any upcoming turn. If both agents choose the same slice the edge load increases by the higher observed edge load for that slice. The swarm must minimize maximum regret defined as the worst excess latency or loss that would force mission slowdown within the next three turns. Option A assigns both agents to eMBB for two turns then URLLC on return citing high throughput of 700 Mbps and accepting edge load up to 0.6. Option B assigns one agent to URLLC and one to eMBB for all three turns citing balanced loads of 0.4 and 0.6 and mixed latency. Option C assigns both agents to URLLC for all three turns citing latency under 11 ms and edge load up to 0.4. Option D assigns one agent to URLLC and one to mMTC for the first turn then both to URLLC citing recovery from 120 ms latency. Which option should be selected?",
      "options": {
        "A": "Both agents use eMBB for two turns at 22 to 28 ms latency and 0.55 to 0.6 edge load then switch to URLLC at 7 to 11 ms.",
        "B": "One agent stays on URLLC at 7 to 11 ms and 0.25 to 0.4 load while the other stays on eMBB at 22 to 28 ms and 0.55 to 0.6 load for all three turns.",
        "C": "Both agents stay on URLLC for all three turns with latency under 11 ms, jitter 1 to 2 ms, throughput 100 to 130 Mbps, and edge load up to 0.4.",
        "D": "One agent uses mMTC for one turn at 120 ms latency and 2.5 percent loss then both use URLLC for the remaining turns."
      },
      "correct": "B",
      "reason": "Option B limits worst case edge load by avoiding stacking both agents on the same slice while keeping one agent under the lowest latency. In the worst case eMBB reaches 28 ms and 0. 6 load but only for one agent, while URLLC remains below 11 ms and 0. 4 load for the other across all turns. Options A and C double the slice load which would push eMBB or URLLC beyond observed safe margins under worst case uncertainty.",
      "rationale_tag": "MINIMAX_REGRET",
      "difficulty": "very_hard"
    },
    {
      "task_id": "T23",
      "task_name": "Network-Assisted Digital Twin Control",
      "source_turn": 9,
      "question": "At turn 9 the digital twin requires synchronized telemetry and command channels to maintain a close inspection while the UAV flies at 35.0 mps with battery_pct still near 100.0. Recent network history shows URLLC latency between 7 and 11 ms with jitter between 1 and 2 ms and throughput between 105 and 130 Mbps, while eMBB latency has ranged from 18 to 28 ms with jitter between 3 and 7 ms and throughput between 680 and 850 Mbps. An earlier degradation at turn 5 showed mMTC latency of 120 ms, jitter of 25 ms, throughput of 1.2 Mbps, and edge_load of 0.85, suggesting possible recurrence under dust and wind_mps of 8.0. The digital twin needs image telemetry and command updates over the next two turns, and losing either causes model divergence that takes one full turn to recover. Assume worst case that latency and jitter revert to the highest previously observed values for any selected slice and that edge_load increases by 0.1 next turn. Altitude must remain within the policy bound of 0.0 to 300.0, so flight profile cannot be changed to compensate. Option choices differ in how they split sensing and command traffic across slices for the next two turns. Considering worst case latency, throughput sufficiency, edge_load pressure, and regret if degradation persists for two more turns, which option should be selected?",
      "options": {
        "A": "Keep both telemetry and commands on eMBB with latency up to 28 ms, jitter up to 7 ms, throughput around 680 Mbps, and edge_load near 0.6 to maximize image quality this turn.",
        "B": "Move both telemetry and commands to URLLC with latency up to 11 ms, jitter up to 2 ms, throughput around 105 Mbps, and edge_load near 0.4 to minimize control delay.",
        "C": "Send commands over URLLC at up to 11 ms latency and 105 Mbps while keeping image telemetry on eMBB at up to 28 ms latency and 680 Mbps, accepting dual-slice overhead as edge_load rises.",
        "D": "Shift telemetry to mMTC at 1.2 Mbps and 120 ms latency while keeping commands on URLLC at 11 ms latency to reduce edge_load below 0.85."
      },
      "correct": "C",
      "reason": "Splitting traffic limits worst case command latency while preserving sufficient telemetry throughput even if latency rises. Keeping commands on URLLC maintains low delay under the highest observed jitter and latency, which protects the twin over multiple turns. Telemetry on eMBB still meets bandwidth needs despite higher latency, whereas mMTC would fail under worst case throughput. This choice minimizes maximum regret if degradation like turn 5 partially returns in the next two turns.",
      "rationale_tag": "MINIMAX_REGRET_UNDER_NETWORK_UNCERTAINTY",
      "difficulty": "very_hard"
    },
    {
      "task_id": "T24",
      "task_name": "Sensing-Enhanced Decisioning (ISAC)",
      "source_turn": 9,
      "question": "At turn 9 the UAV performs close inspection in dust with wind at 8.0 mps while flying at 35.0 mps and battery at 100 percent. The eMBB slice shows latency 25 ms, jitter 6 ms, loss 0.4 percent, throughput 700 Mbps, and edge load 0.55 at this turn. One turn later the same slice degrades to latency 28 ms, jitter 7 ms, loss 0.5 percent, throughput 680 Mbps, and edge load 0.6. Earlier URLLC operation delivered latency between 7 and 11 ms, jitter between 1 and 2 ms, throughput between 100 and 130 Mbps, and edge load between 0.25 and 0.4. The radar sensor is offline, while RGB, thermal, and lidar are available, and dust reduces RGB reliability compared to thermal and lidar. The next two turns may continue the eMBB degradation trend or force a fallback to URLLC with similar limits as previously observed. A fusion choice must ensure time sensitive perception while minimizing worst case regret if degradation persists for two more turns. High bandwidth fusion improves detail now but risks overload if edge load rises further. Low bandwidth fusion sacrifices detail but maintains stability under uncertainty. Which sensing stream and fusion strategy should be selected?",
      "options": {
        "A": "Select RGB plus lidar dense fusion over eMBB at 700 Mbps, accepting 25 to 28 ms latency and 0.4 to 0.5 percent loss to maximize immediate detail.",
        "B": "Select thermal plus lidar sparse fusion over URLLC at 100 to 130 Mbps, accepting lower resolution but stable 7 to 11 ms latency under rising edge load.",
        "C": "Select RGB only with aggressive compression over eMBB at 680 to 700 Mbps, assuming loss remains near 0.4 percent and edge load stays below 0.6.",
        "D": "Select full RGB, thermal, and lidar fusion over URLLC at 130 Mbps, relying on low latency despite edge load potentially returning to 0.4."
      },
      "correct": "B",
      "reason": "The thermal plus lidar sparse fusion fits within the observed URLLC throughput while keeping latency in the single digit to low double digit range. It remains valid if eMBB edge load continues from 0. 55 to 0. 6 and loss increases from 0. 4 to 0.",
      "rationale_tag": "MINIMAX_REGRET_UNDER_UNCERTAINTY",
      "difficulty": "very_hard"
    },
    {
      "task_id": "T25",
      "task_name": "AI-Agent-based Disaster / Public-Safety Coordination",
      "source_turn": 10,
      "question": "At turn 10 the UAV is completing close inspection inside the geofence with altitude allowed from 0 to 300 and battery still at 100 while flying at 35. Network history shows eMBB latency rising from 25 to 28 with jitter increasing from 6 to 7 and loss from 0.4 to 0.5 while edge load sits near 0.6. Earlier at turn 5 the system experienced severe degradation with latency 120, jitter 25, loss 2.5 and edge load 0.85 under mMTC. URLLC periods at turns 7 and 8 showed latency between 7 and 9 with jitter 1 and loss below 0.1 while throughput stayed near 110 and edge load fell to 0.25 to 0.35. Wind is 8 and dust conditions persist, increasing the chance that sensing retries raise load again. Assume worst case latency equals latency plus jitter and that degradation like turn 5 can recur in the next two turns. The operator must choose a coordination and slice policy that minimizes maximum regret over the next two turns rather than optimizing the current snapshot. One option favors continuing rich sensing now, another favors immediate return, another favors constrained sensing under URLLC, and another favors waiting one more turn on eMBB. Each option risks either missed data, safety margin erosion, or future network collapse. Which option should be selected?",
      "options": {
        "A": "Continue close inspection on eMBB at latency 28 and jitter 7 to finish data capture this turn, accepting edge load 0.6 and loss 0.5.",
        "B": "Immediately return to base under URLLC with latency near 11 and jitter 2 to avoid any chance of repeating the 120 latency episode.",
        "C": "Switch to URLLC with minimal sensing like at turn 7 with latency 9, jitter 1, loss 0.08 and edge load 0.35, and defer rich capture for one turn.",
        "D": "Hold position one more turn on eMBB since current latency 28 is far below the 120 seen previously and battery is 100."
      },
      "correct": "C",
      "reason": "The worst case latency on current eMBB is already elevated when jitter is added and past data show collapse to much higher delay. Immediate return avoids network risk but sacrifices mission value with full battery and no geofence pressure, creating high regret if conditions stabilize. Minimal sensing on URLLC preserves low worst case latency and edge load while keeping the mission viable if degradation recurs in the next turns. This choice balances network risk and mission loss under the worst case projection.",
      "rationale_tag": "MINIMAX_REGRET_UNDER_NETWORK_UNCERTAINTY",
      "difficulty": "very_hard"
    },
    {
      "task_id": "T27",
      "task_name": "Agent Lifecycle & Management",
      "source_turn": 7,
      "question": "At turn 7 the system has just handed over inspection to a subagent while the UAV is flying at 35.0 mps with battery at 100.0 percent and altitude 5.0 within the 0.0 to 300.0 policy band. Across recent turns the network latency has fluctuated between 7 ms and 28 ms and edge load has varied from 0.25 to a peak of 0.85. Throughput has ranged from 1.2 Mbps during degradation to 130 Mbps under recovery, while loss ranged from 0.05 percent to 2.5 percent. The operator expects two more turns of inspection or return behavior with no guarantee that recovery persists. If degradation returns, edge load near 0.85 previously coincided with mMTC slicing and minimal sensing. Migrating or scaling agents can shift load but adds coordination overhead in the next turn. Retiring agents reduces load but risks capability gaps if conditions worsen. Instantiating new agents increases load immediately but may reduce future handover cost. Considering worst case network conditions recurring for one more turn and the need to minimize maximum regret over the next three turns, which lifecycle action should be selected?",
      "options": {
        "A": "Instantiate an additional inspection agent now, accepting higher edge load above 0.55 to hedge against future handover delays under 28 ms latency.",
        "B": "Keep the current agents unchanged, relying on recent URLLC latency of 7 to 9 ms and edge load around 0.35 to finish in the next turn.",
        "C": "Migrate the inspection subagent to a lighter footprint, aiming to keep edge load below the observed 0.85 even if latency returns to 28 ms.",
        "D": "Retire the inspection subagent immediately to minimize edge load toward the observed 0.25, accepting reduced inspection capability if throughput drops to 1.2 Mbps."
      },
      "correct": "C",
      "reason": "Migration reduces worst case edge load without adding new load when latency and loss revert to their highest observed values. It preserves inspection capability across two more turns unlike retirement which risks mission failure under low throughput. Instantiation raises immediate load and can push the system toward the previously observed 0. 85 peak under uncertainty. Holding steady is only safe in a single turn view and has higher regret if degradation persists.",
      "rationale_tag": "MINIMAX_REGRET_UNDER_UNCERTAINTY",
      "difficulty": "very_hard"
    }
  ]
}