{
  "initial_state": {
    "domain": "uav",
    "time_s": 0.0,
    "env": {
      "weather": "good",
      "wind_mps": 14.0,
      "wind_dir_deg": 260.0
    },
    "airspace": {
      "alt_bounds": [
        10.0,
        120.0
      ],
      "geofence": [
        {
          "type": "polygon",
          "points": [
            [
              0.0,
              0.0
            ],
            [
              200.0,
              0.0
            ],
            [
              200.0,
              150.0
            ],
            [
              0.0,
              150.0
            ]
          ]
        }
      ]
    },
    "uav": {
      "pose": {
        "x": 20.0,
        "y": 20.0,
        "z": 25.0,
        "yaw": 90.0
      },
      "speed_mps": 28.0,
      "energy": {
        "battery_pct": 100.0
      },
      "sensors": {
        "rgb": "ok",
        "thermal": "ok",
        "lidar": "ok",
        "radar": "offline",
        "gnss": "ok",
        "imu": "ok",
        "magnetometer": "ok",
        "barometer": "ok"
      },
      "payloads": []
    },
    "policy": {
      "alt_bounds": [
        10.0,
        120.0
      ]
    },
    "safety_flags": {
      "nfz_violation": false,
      "separation_breach": false
    }
  },
  "dialogue": [
    {
      "turn": 1,
      "speaker": "agent",
      "intent": "initiate inspection mission under crosswind",
      "actions": [
        {
          "type": "mcp",
          "name": "read_telemetry",
          "args": {}
        },
        {
          "type": "mcp",
          "name": "activate_sensor",
          "args": {
            "sensor": "rgb"
          }
        }
      ],
      "obs": [
        {
          "tool": "read_telemetry",
          "result": {
            "pose": {
              "x": 20.0,
              "y": 20.0,
              "z": 25.0,
              "yaw": 90.0
            },
            "speed_mps": 28.0,
            "battery_pct": 100.0
          }
        },
        {
          "tool": "activate_sensor",
          "result": {
            "sensor": "rgb",
            "status": "activated"
          }
        }
      ],
      "net": {
        "slice": "eMBB",
        "lat_ms": 12,
        "jitter_ms": 2,
        "loss_pct": 0.1,
        "throughput_mbps": 850,
        "edge_load": 0.35
      }
    },
    {
      "turn": 2,
      "speaker": "user",
      "intent": "request status and confirm mission start",
      "actions": [
        {
          "type": "mcp",
          "name": "get_mission_status",
          "args": {}
        }
      ],
      "obs": [
        {
          "tool": "get_mission_status",
          "result": {
            "status": "initialized",
            "waypoints_remaining": 6,
            "battery_estimate_at_end": 78.5
          }
        }
      ],
      "net": {
        "slice": "eMBB",
        "lat_ms": 11,
        "jitter_ms": 1.8,
        "loss_pct": 0.05,
        "throughput_mbps": 870,
        "edge_load": 0.37
      }
    },
    {
      "turn": 3,
      "speaker": "agent",
      "intent": "navigate to first waypoint near bridge",
      "actions": [
        {
          "type": "mcp",
          "name": "set_waypoint",
          "args": {
            "x": 85.0,
            "y": 40.0,
            "z": 30.0
          }
        },
        {
          "type": "a2a",
          "task": "collision_avoidance",
          "to": "uav_swarm_agent",
          "payload": {
            "current_pose": {
              "x": 20.0,
              "y": 20.0,
              "z": 25.0
            },
            "target_waypoint": {
              "x": 85.0,
              "y": 40.0,
              "z": 30.0
            }
          }
        }
      ],
      "obs": [
        {
          "tool": "set_waypoint",
          "result": {
            "status": "accepted",
            "eta_s": 120
          }
        },
        {
          "task": "collision_avoidance",
          "from": "uav_swarm_agent",
          "status": "ok",
          "payload": {
            "path_clear": true,
            "risk_score": 0.08
          }
        }
      ],
      "net": {
        "slice": "URLLC",
        "lat_ms": 8,
        "jitter_ms": 0.9,
        "loss_pct": 0.02,
        "throughput_mbps": 120,
        "edge_load": 0.41
      }
    },
    {
      "turn": 4,
      "speaker": "user",
      "intent": "check sensor redundancy due to radar offline",
      "actions": [
        {
          "type": "mcp",
          "name": "diagnose_sensor",
          "args": {
            "sensor": "radar"
          }
        }
      ],
      "obs": [
        {
          "tool": "diagnose_sensor",
          "result": {
            "sensor": "radar",
            "status": "offline",
            "reason": "hardware_fault",
            "recommendation": "rely_on_lidar_and_gnss"
          }
        }
      ],
      "net": {
        "slice": "mMTC",
        "lat_ms": 45,
        "jitter_ms": 15,
        "loss_pct": 1.8,
        "throughput_mbps": 1.2,
        "edge_load": 0.68
      }
    },
    {
      "turn": 5,
      "speaker": "agent",
      "intent": "adapt to degraded network and sensor loss",
      "actions": [
        {
          "type": "mcp",
          "name": "activate_sensor",
          "args": {
            "sensor": "lidar"
          }
        },
        {
          "type": "mcp",
          "name": "adjust_flight_mode",
          "args": {
            "mode": "precision_hover"
          }
        }
      ],
      "obs": [
        {
          "tool": "activate_sensor",
          "result": {
            "sensor": "lidar",
            "status": "activated"
          }
        },
        {
          "tool": "adjust_flight_mode",
          "result": {
            "mode": "precision_hover",
            "thrust_distribution": "balanced",
            "stability": "enhanced"
          }
        }
      ],
      "net": {
        "slice": "URLLC",
        "lat_ms": 6,
        "jitter_ms": 0.7,
        "loss_pct": 0.01,
        "throughput_mbps": 95,
        "edge_load": 0.52
      }
    },
    {
      "turn": 6,
      "speaker": "user",
      "intent": "request thermal imaging at next waypoint",
      "actions": [
        {
          "type": "mcp",
          "name": "plan_sensor_task",
          "args": {
            "sensor": "thermal",
            "at_waypoint": 2,
            "mode": "high_res"
          }
        }
      ],
      "obs": [
        {
          "tool": "plan_sensor_task",
          "result": {
            "task_id": "THERM-001",
            "scheduled": true,
            "estimated_power_cost_pct": 3.2
          }
        }
      ],
      "net": {
        "slice": "eMBB",
        "lat_ms": 14,
        "jitter_ms": 2.1,
        "loss_pct": 0.12,
        "throughput_mbps": 800,
        "edge_load": 0.44
      }
    },
    {
      "turn": 7,
      "speaker": "agent",
      "intent": "execute thermal imaging task",
      "actions": [
        {
          "type": "mcp",
          "name": "set_waypoint",
          "args": {
            "x": 130.0,
            "y": 60.0,
            "z": 35.0
          }
        },
        {
          "type": "mcp",
          "name": "capture_image",
          "args": {
            "sensor": "thermal",
            "mode": "high_res"
          }
        }
      ],
      "obs": [
        {
          "tool": "set_waypoint",
          "result": {
            "status": "reached",
            "timestamp_s": 185.3
          }
        },
        {
          "tool": "capture_image",
          "result": {
            "status": "success",
            "image_id": "THM_130x60_185",
            "anomaly_detected": true,
            "anomaly_type": "overheating_joint"
          }
        }
      ],
      "net": {
        "slice": "URLLC",
        "lat_ms": 7,
        "jitter_ms": 0.8,
        "loss_pct": 0.03,
        "throughput_mbps": 110,
        "edge_load": 0.58
      }
    },
    {
      "turn": 8,
      "speaker": "user",
      "intent": "request immediate return due to high wind shear warning",
      "actions": [
        {
          "type": "mcp",
          "name": "get_weather_alert",
          "args": {}
        }
      ],
      "obs": [
        {
          "tool": "get_weather_alert",
          "result": {
            "alert": "high_wind_shear",
            "severity": "warning",
            "affected_zone": "bridge_corridor",
            "recommended_action": "abort_or_repath"
          }
        }
      ],
      "net": {
        "slice": "URLLC",
        "lat_ms": 5,
        "jitter_ms": 0.6,
        "loss_pct": 0.01,
        "throughput_mbps": 100,
        "edge_load": 0.71
      }
    },
    {
      "turn": 9,
      "speaker": "agent",
      "intent": "initiate safe return trajectory",
      "actions": [
        {
          "type": "mcp",
          "name": "compute_return_path",
          "args": {
            "via_safe_corridor": true
          }
        },
        {
          "type": "a2a",
          "task": "update_swarm_position",
          "to": "uav_swarm_agent",
          "payload": {
            "current_pose": {
              "x": 130.0,
              "y": 60.0,
              "z": 35.0
            },
            "next_action": "return_to_base"
          }
        }
      ],
      "obs": [
        {
          "tool": "compute_return_path",
          "result": {
            "path": [
              {
                "x": 110.0,
                "y": 50.0,
                "z": 40.0
              },
              {
                "x": 60.0,
                "y": 30.0,
                "z": 30.0
              },
              {
                "x": 20.0,
                "y": 20.0,
                "z": 25.0
              }
            ],
            "clearance": "safe"
          }
        },
        {
          "task": "update_swarm_position",
          "from": "uav_swarm_agent",
          "status": "acknowledged",
          "payload": {
            "swarm_response": "trajectory_updated",
            "sync_time_ms": 4
          }
        }
      ],
      "net": {
        "slice": "URLLC",
        "lat_ms": 6,
        "jitter_ms": 0.7,
        "loss_pct": 0.02,
        "throughput_mbps": 105,
        "edge_load": 0.63
      }
    },
    {
      "turn": 10,
      "speaker": "user",
      "intent": "confirm return and data upload",
      "actions": [
        {
          "type": "mcp",
          "name": "request_data_summary",
          "args": {}
        }
      ],
      "obs": [
        {
          "tool": "request_data_summary",
          "result": {
            "images_captured": 4,
            "anomalies_reported": 1,
            "data_size_mb": 1850,
            "estimated_upload_time_s": 15
          }
        }
      ],
      "net": {
        "slice": "eMBB",
        "lat_ms": 13,
        "jitter_ms": 2.0,
        "loss_pct": 0.08,
        "throughput_mbps": 820,
        "edge_load": 0.55
      }
    },
    {
      "turn": 11,
      "speaker": "agent",
      "intent": "land and upload data",
      "actions": [
        {
          "type": "mcp",
          "name": "land",
          "args": {
            "precision": true
          }
        },
        {
          "type": "mcp",
          "name": "upload_data",
          "args": {
            "destination": "edge_cloud_inspection_db"
          }
        }
      ],
      "obs": [
        {
          "tool": "land",
          "result": {
            "status": "completed",
            "touchdown_time_s": 310.2,
            "vertical_speed_mps": -0.3
          }
        },
        {
          "tool": "upload_data",
          "result": {
            "status": "initiated",
            "throughput_avg_mbps": 780,
            "estimated_completion_s": 16
          }
        }
      ],
      "net": {
        "slice": "eMBB",
        "lat_ms": 11,
        "jitter_ms": 1.9,
        "loss_pct": 0.06,
        "throughput_mbps": 840,
        "edge_load": 0.49
      }
    }
  ],
  "final_state": {
    "domain": "uav",
    "time_s": 310.2,
    "env": {
      "weather": "good",
      "wind_mps": 14.0,
      "wind_dir_deg": 260.0
    },
    "airspace": {
      "alt_bounds": [
        10.0,
        120.0
      ],
      "geofence": [
        {
          "type": "polygon",
          "points": [
            [
              0.0,
              0.0
            ],
            [
              200.0,
              0.0
            ],
            [
              200.0,
              150.0
            ],
            [
              0.0,
              150.0
            ]
          ]
        }
      ]
    },
    "uav": {
      "pose": {
        "x": 20.0,
        "y": 20.0,
        "z": 0.0,
        "yaw": 90.0
      },
      "speed_mps": 0.0,
      "energy": {
        "battery_pct": 76.3
      },
      "sensors": {
        "rgb": "standby",
        "thermal": "standby",
        "lidar": "standby",
        "radar": "offline",
        "gnss": "ok",
        "imu": "ok",
        "magnetometer": "ok",
        "barometer": "ok"
      },
      "payloads": []
    },
    "policy": {
      "alt_bounds": [
        10.0,
        120.0
      ]
    },
    "safety_flags": {
      "nfz_violation": false,
      "separation_breach": false
    }
  },
  "success": true,
  "_meta": {
    "seed": 42,
    "ts": 1763912827,
    "ts_iso": "2025-11-23T15:47:07Z",
    "gen_time_s": 47.05243110656738,
    "attempts_used": 1,
    "generation_failed": false,
    "usage": {
      "prompt_tokens": 1062,
      "completion_tokens": 3875,
      "total_tokens": 4937,
      "cost": 0.003265,
      "is_byok": false,
      "prompt_tokens_details": {
        "cached_tokens": 624,
        "audio_tokens": 0,
        "video_tokens": 0
      },
      "cost_details": {
        "upstream_inference_cost": null,
        "upstream_inference_prompt_cost": 0.000165,
        "upstream_inference_completions_cost": 0.0031
      },
      "completion_tokens_details": {
        "reasoning_tokens": 0,
        "image_tokens": 0
      }
    }
  }
}