{
  "initial_state": {
    "domain": "uav",
    "time_s": 0.0,
    "env": {
      "weather": "clear",
      "wind_mps": 0.0,
      "wind_dir_deg": 0.0
    },
    "airspace": {
      "alt_bounds": [
        0.0,
        120.0
      ],
      "geofence": [
        {
          "type": "polygon",
          "points": [
            [
              -1000.0,
              -1000.0
            ],
            [
              1000.0,
              -1000.0
            ],
            [
              1000.0,
              1000.0
            ],
            [
              -1000.0,
              1000.0
            ]
          ]
        }
      ]
    },
    "uav": {
      "pose": {
        "x": 0.0,
        "y": 0.0,
        "z": 30.0,
        "yaw": 0.0
      },
      "speed_mps": 15.0,
      "energy": {
        "battery_pct": 100.0
      },
      "sensors": {
        "rgb": "unknown",
        "thermal": "unknown",
        "lidar": "unknown",
        "radar": "unknown",
        "gnss": "unknown",
        "imu": "unknown",
        "magnetometer": "unknown",
        "barometer": "unknown"
      },
      "payloads": []
    },
    "policy": {
      "alt_bounds": [
        0.0,
        120.0
      ]
    },
    "safety_flags": {
      "nfz_violation": false,
      "separation_breach": false
    }
  },
  "dialogue": [
    {
      "turn": 1,
      "speaker": "agent",
      "intent": "initialize_mission",
      "actions": [
        {
          "type": "mcp",
          "name": "read_telemetry",
          "args": {}
        },
        {
          "type": "a2a",
          "task": "swarm_sync",
          "to": "uav_swarm_agent",
          "payload": {
            "pose": {
              "x": 0.0,
              "y": 0.0,
              "z": 30.0
            },
            "mission_phase": "startup"
          }
        }
      ],
      "obs": [
        {
          "tool": "read_telemetry",
          "result": {
            "pose": {
              "x": 0.0,
              "y": 0.0,
              "z": 30.0
            },
            "battery_pct": 100.0,
            "sensors": {
              "gnss": "locked",
              "imu": "calibrated"
            }
          }
        },
        {
          "task": "swarm_sync",
          "from": "uav_swarm_agent",
          "status": "ok",
          "payload": {
            "ack": true,
            "swarm_size": 3
          }
        }
      ],
      "net": {
        "slice": "URLLC",
        "lat_ms": 3.2,
        "jitter_ms": 0.8,
        "loss_pct": 0.01,
        "throughput_mbps": 50,
        "edge_load": 0.3
      }
    },
    {
      "turn": 2,
      "speaker": "user",
      "intent": "confirm_takeoff",
      "actions": [
        {
          "type": "mcp",
          "name": "set_waypoint",
          "args": {
            "x": 200.0,
            "y": 200.0,
            "z": 60.0
          }
        }
      ],
      "obs": [
        {
          "tool": "set_waypoint",
          "result": {
            "status": "accepted",
            "eta_s": 25.0
          }
        }
      ],
      "net": {
        "slice": "URLLC",
        "lat_ms": 3.5,
        "jitter_ms": 0.9,
        "loss_pct": 0.02,
        "throughput_mbps": 48,
        "edge_load": 0.35
      }
    },
    {
      "turn": 3,
      "speaker": "agent",
      "intent": "execute_waypoint",
      "actions": [
        {
          "type": "mcp",
          "name": "navigate_to",
          "args": {
            "waypoint": {
              "x": 200.0,
              "y": 200.0,
              "z": 60.0
            }
          }
        },
        {
          "type": "a2a",
          "task": "collision_avoidance",
          "to": "uav_swarm_agent",
          "payload": {
            "current_pose": {
              "x": 0.0,
              "y": 0.0,
              "z": 30.0
            },
            "target": {
              "x": 200.0,
              "y": 200.0,
              "z": 60.0
            }
          }
        }
      ],
      "obs": [
        {
          "tool": "navigate_to",
          "result": {
            "status": "in_progress",
            "speed_mps": 15.0
          }
        },
        {
          "task": "collision_avoidance",
          "from": "uav_swarm_agent",
          "status": "ok",
          "payload": {
            "safe_path": true,
            "risk_score": 0.05
          }
        }
      ],
      "net": {
        "slice": "eMBB",
        "lat_ms": 12.0,
        "jitter_ms": 3.0,
        "loss_pct": 0.1,
        "throughput_mbps": 120,
        "edge_load": 0.6
      }
    },
    {
      "turn": 4,
      "speaker": "user",
      "intent": "request_sensor_status",
      "actions": [
        {
          "type": "mcp",
          "name": "diagnose_sensors",
          "args": {}
        }
      ],
      "obs": [
        {
          "tool": "diagnose_sensors",
          "result": {
            "status": "nominal",
            "sensors": {
              "rgb": "active",
              "thermal": "active",
              "lidar": "active",
              "radar": "active"
            }
          }
        }
      ],
      "net": {
        "slice": "eMBB",
        "lat_ms": 14.0,
        "jitter_ms": 4.0,
        "loss_pct": 0.2,
        "throughput_mbps": 110,
        "edge_load": 0.65
      }
    },
    {
      "turn": 5,
      "speaker": "agent",
      "intent": "detect_anomaly",
      "actions": [
        {
          "type": "mcp",
          "name": "activate_sensor",
          "args": {
            "sensor": "thermal",
            "mode": "scan"
          }
        }
      ],
      "obs": [
        {
          "tool": "activate_sensor",
          "result": {
            "status": "scanning",
            "target_area": "sector_2",
            "detection": "heat_signature_detected"
          }
        }
      ],
      "net": {
        "slice": "URLLC",
        "lat_ms": 4.0,
        "jitter_ms": 1.0,
        "loss_pct": 0.05,
        "throughput_mbps": 45,
        "edge_load": 0.4
      }
    },
    {
      "turn": 6,
      "speaker": "user",
      "intent": "investigate_thermal_alert",
      "actions": [
        {
          "type": "mcp",
          "name": "set_waypoint",
          "args": {
            "x": 220.0,
            "y": 230.0,
            "z": 50.0
          }
        }
      ],
      "obs": [
        {
          "tool": "set_waypoint",
          "result": {
            "status": "accepted",
            "eta_s": 10.0
          }
        }
      ],
      "net": {
        "slice": "URLLC",
        "lat_ms": 3.8,
        "jitter_ms": 0.9,
        "loss_pct": 0.03,
        "throughput_mbps": 47,
        "edge_load": 0.38
      }
    },
    {
      "turn": 7,
      "speaker": "agent",
      "intent": "adjust_flight_for_inspection",
      "actions": [
        {
          "type": "mcp",
          "name": "navigate_to",
          "args": {
            "waypoint": {
              "x": 220.0,
              "y": 230.0,
              "z": 50.0
            }
          }
        },
        {
          "type": "a2a",
          "task": "request_support_drone",
          "to": "uav_swarm_agent",
          "payload": {
            "reason": "thermal_anomaly",
            "location": {
              "x": 220.0,
              "y": 230.0,
              "z": 50.0
            }
          }
        }
      ],
      "obs": [
        {
          "tool": "navigate_to",
          "result": {
            "status": "reached",
            "time_on_target": 1.2
          }
        },
        {
          "task": "request_support_drone",
          "from": "uav_swarm_agent",
          "status": "acknowledged",
          "payload": {
            "drone_assigned": "uav-7",
            "eta_s": 18.0
          }
        }
      ],
      "net": {
        "slice": "mMTC",
        "lat_ms": 25.0,
        "jitter_ms": 10.0,
        "loss_pct": 1.5,
        "throughput_mbps": 1.2,
        "edge_load": 0.8
      }
    },
    {
      "turn": 8,
      "speaker": "user",
      "intent": "capture_highres_image",
      "actions": [
        {
          "type": "mcp",
          "name": "capture_image",
          "args": {
            "sensor": "rgb",
            "resolution": "high"
          }
        }
      ],
      "obs": [
        {
          "tool": "capture_image",
          "result": {
            "status": "success",
            "image_id": "IMG_2205",
            "analysis": "human_figure_confirmed"
          }
        }
      ],
      "net": {
        "slice": "eMBB",
        "lat_ms": 15.0,
        "jitter_ms": 4.5,
        "loss_pct": 0.3,
        "throughput_mbps": 100,
        "edge_load": 0.7
      }
    },
    {
      "turn": 9,
      "speaker": "agent",
      "intent": "assess_situation_and_plan_return",
      "actions": [
        {
          "type": "mcp",
          "name": "read_telemetry",
          "args": {}
        },
        {
          "type": "a2a",
          "task": "report_incident",
          "to": "command_center_agent",
          "payload": {
            "event": "human_detected",
            "location": {
              "x": 220.0,
              "y": 230.0,
              "z": 50.0
            },
            "confidence": 0.98
          }
        }
      ],
      "obs": [
        {
          "tool": "read_telemetry",
          "result": {
            "pose": {
              "x": 220.0,
              "y": 230.0,
              "z": 50.0
            },
            "battery_pct": 88.5,
            "speed_mps": 0.0
          }
        },
        {
          "task": "report_incident",
          "from": "command_center_agent",
          "status": "logged",
          "payload": {
            "incident_id": "INC-8891",
            "response_team": "dispatched"
          }
        }
      ],
      "net": {
        "slice": "URLLC",
        "lat_ms": 3.0,
        "jitter_ms": 0.7,
        "loss_pct": 0.01,
        "throughput_mbps": 55,
        "edge_load": 0.25
      }
    },
    {
      "turn": 10,
      "speaker": "user",
      "intent": "return_to_base",
      "actions": [
        {
          "type": "mcp",
          "name": "set_waypoint",
          "args": {
            "x": 0.0,
            "y": 0.0,
            "z": 30.0
          }
        }
      ],
      "obs": [
        {
          "tool": "set_waypoint",
          "result": {
            "status": "accepted",
            "eta_s": 32.0
          }
        }
      ],
      "net": {
        "slice": "URLLC",
        "lat_ms": 3.3,
        "jitter_ms": 0.8,
        "loss_pct": 0.02,
        "throughput_mbps": 52,
        "edge_load": 0.32
      }
    },
    {
      "turn": 11,
      "speaker": "agent",
      "intent": "execute_return_and_land",
      "actions": [
        {
          "type": "mcp",
          "name": "navigate_to",
          "args": {
            "waypoint": {
              "x": 0.0,
              "y": 0.0,
              "z": 30.0
            }
          }
        },
        {
          "type": "mcp",
          "name": "land",
          "args": {}
        }
      ],
      "obs": [
        {
          "tool": "navigate_to",
          "result": {
            "status": "reached",
            "final_speed": 0.0
          }
        },
        {
          "tool": "land",
          "result": {
            "status": "completed",
            "settlement_time_s": 4.2
          }
        }
      ],
      "net": {
        "slice": "URLLC",
        "lat_ms": 2.8,
        "jitter_ms": 0.6,
        "loss_pct": 0.0,
        "throughput_mbps": 60,
        "edge_load": 0.2
      }
    }
  ],
  "final_state": {
    "domain": "uav",
    "time_s": 125.0,
    "env": {
      "weather": "clear",
      "wind_mps": 0.0,
      "wind_dir_deg": 0.0
    },
    "airspace": {
      "alt_bounds": [
        0.0,
        120.0
      ],
      "geofence": [
        {
          "type": "polygon",
          "points": [
            [
              -1000.0,
              -1000.0
            ],
            [
              1000.0,
              -1000.0
            ],
            [
              1000.0,
              1000.0
            ],
            [
              -1000.0,
              1000.0
            ]
          ]
        }
      ]
    },
    "uav": {
      "pose": {
        "x": 0.0,
        "y": 0.0,
        "z": 0.0,
        "yaw": 0.0
      },
      "speed_mps": 0.0,
      "energy": {
        "battery_pct": 76.0
      },
      "sensors": {
        "rgb": "active",
        "thermal": "active",
        "lidar": "active",
        "radar": "active",
        "gnss": "locked",
        "imu": "calibrated",
        "magnetometer": "calibrated",
        "barometer": "stable"
      },
      "payloads": []
    },
    "policy": {
      "alt_bounds": [
        0.0,
        120.0
      ]
    },
    "safety_flags": {
      "nfz_violation": false,
      "separation_breach": false
    }
  },
  "success": true,
  "_meta": {
    "seed": 42,
    "ts": 1763947043,
    "ts_iso": "2025-11-24T01:17:23Z",
    "gen_time_s": 84.57920527458191,
    "attempts_used": 2,
    "generation_failed": false,
    "usage": {
      "prompt_tokens": 1102,
      "completion_tokens": 3922,
      "total_tokens": 5024,
      "cost": 0.00326564,
      "is_byok": false,
      "prompt_tokens_details": {
        "cached_tokens": 1040,
        "audio_tokens": 0,
        "video_tokens": 0
      },
      "cost_details": {
        "upstream_inference_cost": null,
        "upstream_inference_prompt_cost": 0.00012804,
        "upstream_inference_completions_cost": 0.0031376
      },
      "completion_tokens_details": {
        "reasoning_tokens": 0,
        "image_tokens": 0
      }
    }
  }
}