{
  "initial_state": {
    "domain": "uav",
    "time_s": 0.0,
    "env": {
      "weather": "icing",
      "wind_mps": 8.0,
      "wind_dir_deg": 270.0
    },
    "airspace": {
      "alt_bounds": [
        10.0,
        120.0
      ],
      "geofence": [
        {
          "type": "polygon",
          "points": [
            [
              0,
              0
            ],
            [
              2000,
              0
            ],
            [
              2000,
              1500
            ],
            [
              0,
              1500
            ]
          ]
        }
      ]
    },
    "uav": {
      "pose": {
        "x": 100.0,
        "y": 100.0,
        "z": 20.0,
        "yaw": 90.0
      },
      "speed_mps": 15.0,
      "energy": {
        "battery_pct": 100.0
      },
      "sensors": {
        "rgb": "ok",
        "thermal": "offline",
        "lidar": "ok",
        "radar": "offline",
        "gnss": "ok",
        "imu": "ok",
        "magnetometer": "ok",
        "barometer": "ok"
      },
      "payloads": []
    },
    "policy": {
      "alt_bounds": [
        10.0,
        120.0
      ]
    },
    "safety_flags": {
      "nfz_violation": false,
      "separation_breach": false
    }
  },
  "dialogue": [
    {
      "turn": 1,
      "speaker": "agent",
      "intent": "initiate inspection mission under adverse conditions",
      "actions": [
        {
          "type": "mcp",
          "name": "read_telemetry",
          "args": {}
        },
        {
          "type": "a2a",
          "task": "swarm_formation",
          "to": "uav_swarm_agent",
          "payload": {
            "leader": "uav_01",
            "formation": "diamond",
            "waypoints": [
              [
                500,
                300,
                50
              ],
              [
                800,
                600,
                70
              ]
            ]
          }
        }
      ],
      "obs": [
        {
          "tool": "read_telemetry",
          "result": {
            "pose": {
              "x": 100.0,
              "y": 100.0,
              "z": 20.0
            },
            "battery_pct": 100.0,
            "speed_mps": 15.0
          }
        },
        {
          "task": "swarm_formation",
          "from": "uav_swarm_agent",
          "status": "ok",
          "payload": {
            "ack": true,
            "assigned": [
              "uav_02",
              "uav_03"
            ]
          }
        }
      ],
      "net": {
        "slice": "eMBB",
        "lat_ms": 12,
        "jitter_ms": 2,
        "loss_pct": 0.1,
        "throughput_mbps": 850,
        "edge_load": 0.4
      }
    },
    {
      "turn": 2,
      "speaker": "user",
      "intent": "confirm swarm readiness and thermal sensor issue",
      "actions": [
        {
          "type": "mcp",
          "name": "query_sensor_status",
          "args": {
            "sensor": "thermal"
          }
        }
      ],
      "obs": [
        {
          "tool": "query_sensor_status",
          "result": {
            "sensor": "thermal",
            "status": "offline",
            "reason": "icing on lens"
          }
        }
      ],
      "net": {
        "slice": "URLLC",
        "lat_ms": 8,
        "jitter_ms": 1,
        "loss_pct": 0.05,
        "throughput_mbps": 120,
        "edge_load": 0.3
      }
    },
    {
      "turn": 3,
      "speaker": "agent",
      "intent": "adjust sensor reliance and proceed to first waypoint",
      "actions": [
        {
          "type": "mcp",
          "name": "set_waypoint",
          "args": {
            "x": 500,
            "y": 300,
            "z": 50
          }
        },
        {
          "type": "mcp",
          "name": "activate_sensor",
          "args": {
            "sensor": "lidar"
          }
        }
      ],
      "obs": [
        {
          "tool": "set_waypoint",
          "result": {
            "status": "accepted",
            "eta_s": 32.5
          }
        },
        {
          "tool": "activate_sensor",
          "result": {
            "sensor": "lidar",
            "status": "active"
          }
        }
      ],
      "net": {
        "slice": "URLLC",
        "lat_ms": 9,
        "jitter_ms": 1.5,
        "loss_pct": 0.08,
        "throughput_mbps": 110,
        "edge_load": 0.35
      }
    },
    {
      "turn": 4,
      "speaker": "user",
      "intent": "request real-time video feed for visual confirmation",
      "actions": [
        {
          "type": "mcp",
          "name": "stream_video",
          "args": {
            "resolution": "1080p",
            "duration_s": 30
          }
        }
      ],
      "obs": [
        {
          "tool": "stream_video",
          "result": {
            "status": "rejected",
            "reason": "high bandwidth demand under current weather and network priority"
          }
        }
      ],
      "net": {
        "slice": "eMBB",
        "lat_ms": 110,
        "jitter_ms": 15,
        "loss_pct": 8.5,
        "throughput_mbps": 200,
        "edge_load": 0.85
      }
    },
    {
      "turn": 5,
      "speaker": "agent",
      "intent": "downgrade video stream to maintain URLLC for control",
      "actions": [
        {
          "type": "mcp",
          "name": "stream_video",
          "args": {
            "resolution": "480p",
            "duration_s": 15
          }
        },
        {
          "type": "a2a",
          "task": "collision_avoidance",
          "to": "uav_swarm_agent",
          "payload": {
            "current_pose": {
              "x": 320,
              "y": 210,
              "z": 48
            },
            "waypoint": [
              500,
              300,
              50
            ]
          }
        }
      ],
      "obs": [
        {
          "tool": "stream_video",
          "result": {
            "status": "streaming",
            "resolution": "480p",
            "bitrate_kbps": 800
          }
        },
        {
          "task": "collision_avoidance",
          "from": "uav_swarm_agent",
          "status": "clear",
          "payload": {
            "obstacles": []
          }
        }
      ],
      "net": {
        "slice": "URLLC",
        "lat_ms": 10,
        "jitter_ms": 2,
        "loss_pct": 0.12,
        "throughput_mbps": 95,
        "edge_load": 0.42
      }
    },
    {
      "turn": 6,
      "speaker": "user",
      "intent": "instruct UAV to inspect offshore platform structure",
      "actions": [
        {
          "type": "mcp",
          "name": "set_inspection_pattern",
          "args": {
            "target": "platform_alpha",
            "pattern": "spiral",
            "altitude_range": [
              30,
              60
            ],
            "sensor": "lidar"
          }
        }
      ],
      "obs": [
        {
          "tool": "set_inspection_pattern",
          "result": {
            "status": "started",
            "target": "platform_alpha",
            "estimated_duration_s": 45
          }
        }
      ],
      "net": {
        "slice": "URLLC",
        "lat_ms": 9,
        "jitter_ms": 1.8,
        "loss_pct": 0.07,
        "throughput_mbps": 105,
        "edge_load": 0.38
      }
    },
    {
      "turn": 7,
      "speaker": "agent",
      "intent": "report progress and battery status",
      "actions": [
        {
          "type": "mcp",
          "name": "read_telemetry",
          "args": {}
        }
      ],
      "obs": [
        {
          "tool": "read_telemetry",
          "result": {
            "pose": {
              "x": 510,
              "y": 305,
              "z": 52
            },
            "battery_pct": 88.5,
            "speed_mps": 12.0
          }
        }
      ],
      "net": {
        "slice": "mMTC",
        "lat_ms": 200,
        "jitter_ms": 50,
        "loss_pct": 15.0,
        "throughput_mbps": 1.2,
        "edge_load": 0.9
      }
    },
    {
      "turn": 8,
      "speaker": "user",
      "intent": "abort inspection due to weather deterioration",
      "actions": [
        {
          "type": "mcp",
          "name": "abort_mission",
          "args": {
            "reason": "icing severity increase"
          }
        }
      ],
      "obs": [
        {
          "tool": "abort_mission",
          "result": {
            "status": "acknowledged",
            "next_action": "return_to_base"
          }
        }
      ],
      "net": {
        "slice": "URLLC",
        "lat_ms": 7,
        "jitter_ms": 1,
        "loss_pct": 0.05,
        "throughput_mbps": 130,
        "edge_load": 0.3
      }
    },
    {
      "turn": 9,
      "speaker": "agent",
      "intent": "initiate return to base with energy-efficient profile",
      "actions": [
        {
          "type": "mcp",
          "name": "set_waypoint",
          "args": {
            "x": 100,
            "y": 100,
            "z": 30
          }
        },
        {
          "type": "mcp",
          "name": "optimize_energy",
          "args": {
            "mode": "eco"
          }
        }
      ],
      "obs": [
        {
          "tool": "set_waypoint",
          "result": {
            "status": "accepted",
            "eta_s": 41.2
          }
        },
        {
          "tool": "optimize_energy",
          "result": {
            "mode": "eco",
            "throttle_reduction_pct": 18
          }
        }
      ],
      "net": {
        "slice": "URLLC",
        "lat_ms": 8,
        "jitter_ms": 1.2,
        "loss_pct": 0.06,
        "throughput_mbps": 115,
        "edge_load": 0.33
      }
    },
    {
      "turn": 10,
      "speaker": "user",
      "intent": "confirm safe return and log incident",
      "actions": [
        {
          "type": "mcp",
          "name": "log_event",
          "args": {
            "event": "mission_aborted",
            "details": "icing on thermal sensor and increased wind shear"
          }
        }
      ],
      "obs": [
        {
          "tool": "log_event",
          "result": {
            "status": "logged",
            "timestamp": 1729384776
          }
        }
      ],
      "net": {
        "slice": "mMTC",
        "lat_ms": 180,
        "jitter_ms": 40,
        "loss_pct": 12.0,
        "throughput_mbps": 1.5,
        "edge_load": 0.88
      }
    }
  ],
  "final_state": {
    "domain": "uav",
    "time_s": 412.0,
    "env": {
      "weather": "icing",
      "wind_mps": 10.5,
      "wind_dir_deg": 275.0
    },
    "airspace": {
      "alt_bounds": [
        10.0,
        120.0
      ],
      "geofence": [
        {
          "type": "polygon",
          "points": [
            [
              0,
              0
            ],
            [
              2000,
              0
            ],
            [
              2000,
              1500
            ],
            [
              0,
              1500
            ]
          ]
        }
      ]
    },
    "uav": {
      "pose": {
        "x": 105.0,
        "y": 103.0,
        "z": 29.5,
        "yaw": 270.0
      },
      "speed_mps": 8.0,
      "energy": {
        "battery_pct": 76.3
      },
      "sensors": {
        "rgb": "ok",
        "thermal": "offline",
        "lidar": "active",
        "radar": "offline",
        "gnss": "ok",
        "imu": "ok",
        "magnetometer": "ok",
        "barometer": "ok"
      },
      "payloads": []
    },
    "policy": {
      "alt_bounds": [
        10.0,
        120.0
      ]
    },
    "safety_flags": {
      "nfz_violation": false,
      "separation_breach": false
    }
  },
  "success": false,
  "_meta": {
    "seed": 42,
    "ts": 1763956464,
    "ts_iso": "2025-11-24T03:54:24Z",
    "gen_time_s": 54.367690324783325,
    "attempts_used": 1,
    "generation_failed": false,
    "usage": {
      "prompt_tokens": 1051,
      "completion_tokens": 3381,
      "total_tokens": 4432,
      "cost": 0.00286386,
      "is_byok": false,
      "prompt_tokens_details": {
        "cached_tokens": 656,
        "audio_tokens": 0,
        "video_tokens": 0
      },
      "cost_details": {
        "upstream_inference_cost": null,
        "upstream_inference_prompt_cost": 0.00015906,
        "upstream_inference_completions_cost": 0.0027048
      },
      "completion_tokens_details": {
        "reasoning_tokens": 0,
        "image_tokens": 0
      }
    }
  }
}