{
  "initial_state": {
    "domain": "uav",
    "time_s": 0.0,
    "env": {
      "weather": "thermal_updrafts",
      "wind_mps": 7.5,
      "wind_dir_deg": 240.0
    },
    "airspace": {
      "alt_bounds": [
        10.0,
        120.0
      ],
      "geofence": [
        {
          "type": "polygon",
          "points": [
            [
              0.0,
              0.0
            ],
            [
              500.0,
              0.0
            ],
            [
              500.0,
              500.0
            ],
            [
              0.0,
              500.0
            ]
          ]
        }
      ]
    },
    "uav": {
      "pose": {
        "x": 50.0,
        "y": 50.0,
        "z": 25.0,
        "yaw": 90.0
      },
      "speed_mps": 18.0,
      "energy": {
        "battery_pct": 100.0
      },
      "sensors": {
        "rgb": "ok",
        "thermal": "ok",
        "lidar": "offline",
        "radar": "offline",
        "gnss": "ok",
        "imu": "ok",
        "magnetometer": "ok",
        "barometer": "ok"
      },
      "payloads": []
    },
    "policy": {
      "alt_bounds": [
        10.0,
        120.0
      ]
    },
    "safety_flags": {
      "nfz_violation": false,
      "separation_breach": false
    }
  },
  "dialogue": [
    {
      "turn": 1,
      "speaker": "agent",
      "intent": "initiate mission and check telemetry",
      "actions": [
        {
          "type": "mcp",
          "name": "read_telemetry",
          "args": {}
        }
      ],
      "obs": [
        {
          "tool": "read_telemetry",
          "result": {
            "pose": {
              "x": 50.0,
              "y": 50.0,
              "z": 25.0,
              "yaw": 90.0
            },
            "battery_pct": 100.0,
            "speed_mps": 18.0,
            "sensors": {
              "lidar": "offline",
              "radar": "offline"
            }
          }
        }
      ],
      "net": {
        "slice": "eMBB",
        "lat_ms": 12,
        "jitter_ms": 2,
        "loss_pct": 0.1,
        "throughput_mbps": 850,
        "edge_load": 0.3
      }
    },
    {
      "turn": 2,
      "speaker": "user",
      "intent": "confirm mission start and request sensor restart",
      "actions": [
        {
          "type": "mcp",
          "name": "restart_sensor",
          "args": {
            "sensor": "lidar"
          }
        }
      ],
      "obs": [
        {
          "tool": "restart_sensor",
          "result": {
            "sensor": "lidar",
            "status": "success",
            "message": "Lidar reinitialized successfully"
          }
        }
      ],
      "net": {
        "slice": "eMBB",
        "lat_ms": 11,
        "jitter_ms": 1.8,
        "loss_pct": 0.05,
        "throughput_mbps": 870,
        "edge_load": 0.32
      }
    },
    {
      "turn": 3,
      "speaker": "agent",
      "intent": "verify lidar status and plan inspection route",
      "actions": [
        {
          "type": "mcp",
          "name": "read_telemetry",
          "args": {}
        }
      ],
      "obs": [
        {
          "tool": "read_telemetry",
          "result": {
            "sensors": {
              "lidar": "ok"
            }
          }
        }
      ],
      "net": {
        "slice": "URLLC",
        "lat_ms": 5,
        "jitter_ms": 0.5,
        "loss_pct": 0.01,
        "throughput_mbps": 120,
        "edge_load": 0.15
      }
    },
    {
      "turn": 4,
      "speaker": "user",
      "intent": "authorize route and request swarm coordination",
      "actions": [
        {
          "type": "a2a",
          "task": "collision_avoidance",
          "to": "uav_swarm_agent",
          "payload": {
            "current_pose": {
              "x": 50.0,
              "y": 50.0,
              "z": 25.0
            },
            "route_waypoints": [
              [
                100.0,
                100.0
              ],
              [
                200.0,
                200.0
              ],
              [
                300.0,
                300.0
              ]
            ]
          }
        }
      ],
      "obs": [
        {
          "task": "collision_avoidance",
          "from": "uav_swarm_agent",
          "status": "ok",
          "payload": {
            "clearance": true,
            "recommended_alt": 30.0
          }
        }
      ],
      "net": {
        "slice": "URLLC",
        "lat_ms": 6,
        "jitter_ms": 0.6,
        "loss_pct": 0.02,
        "throughput_mbps": 110,
        "edge_load": 0.18
      }
    },
    {
      "turn": 5,
      "speaker": "agent",
      "intent": "adjust altitude and begin transit",
      "actions": [
        {
          "type": "mcp",
          "name": "set_altitude",
          "args": {
            "target_z": 30.0
          }
        }
      ],
      "obs": [
        {
          "tool": "set_altitude",
          "result": {
            "status": "executing",
            "target": 30.0,
            "current_z": 27.4
          }
        }
      ],
      "net": {
        "slice": "URLLC",
        "lat_ms": 4,
        "jitter_ms": 0.4,
        "loss_pct": 0.01,
        "throughput_mbps": 130,
        "edge_load": 0.12
      }
    },
    {
      "turn": 6,
      "speaker": "user",
      "intent": "monitor progress and request thermal imaging",
      "actions": [
        {
          "type": "mcp",
          "name": "capture_thermal",
          "args": {
            "area": "powerline_section_A"
          }
        }
      ],
      "obs": [
        {
          "tool": "capture_thermal",
          "result": {
            "status": "success",
            "anomalies_detected": 1,
            "anomaly_location": [
              198.3,
              199.7
            ],
            "image_id": "thermal_001"
          }
        }
      ],
      "net": {
        "slice": "eMBB",
        "lat_ms": 15,
        "jitter_ms": 3,
        "loss_pct": 0.2,
        "throughput_mbps": 800,
        "edge_load": 0.45
      }
    },
    {
      "turn": 7,
      "speaker": "agent",
      "intent": "investigate anomaly with high-res imaging",
      "actions": [
        {
          "type": "mcp",
          "name": "capture_rgb",
          "args": {
            "target": [
              198.3,
              199.7
            ],
            "zoom": 4.0
          }
        }
      ],
      "obs": [
        {
          "tool": "capture_rgb",
          "result": {
            "status": "success",
            "image_id": "rgb_zoom_001",
            "findings": "overheated insulator detected"
          }
        }
      ],
      "net": {
        "slice": "eMBB",
        "lat_ms": 14,
        "jitter_ms": 2.5,
        "loss_pct": 0.15,
        "throughput_mbps": 820,
        "edge_load": 0.41
      }
    },
    {
      "turn": 8,
      "speaker": "user",
      "intent": "request report generation and data offload",
      "actions": [
        {
          "type": "mcp",
          "name": "generate_inspection_report",
          "args": {
            "findings": [
              "overheated insulator"
            ],
            "images": [
              "thermal_001",
              "rgb_zoom_001"
            ]
          }
        }
      ],
      "obs": [
        {
          "tool": "generate_inspection_report",
          "result": {
            "status": "completed",
            "report_id": "rep_20250405_001",
            "size_kb": 1024
          }
        }
      ],
      "net": {
        "slice": "eMBB",
        "lat_ms": 16,
        "jitter_ms": 3.2,
        "loss_pct": 0.3,
        "throughput_mbps": 780,
        "edge_load": 0.5
      }
    },
    {
      "turn": 9,
      "speaker": "agent",
      "intent": "initiate return due to network degradation",
      "actions": [
        {
          "type": "mcp",
          "name": "set_waypoint",
          "args": {
            "x": 50.0,
            "y": 50.0,
            "z": 25.0
          }
        }
      ],
      "obs": [
        {
          "tool": "set_waypoint",
          "result": {
            "status": "accepted",
            "eta_s": 68
          }
        }
      ],
      "net": {
        "slice": "mMTC",
        "lat_ms": 50,
        "jitter_ms": 10,
        "loss_pct": 1.5,
        "throughput_mbps": 1,
        "edge_load": 0.8
      }
    },
    {
      "turn": 10,
      "speaker": "user",
      "intent": "confirm return and request final telemetry",
      "actions": [
        {
          "type": "mcp",
          "name": "read_telemetry",
          "args": {}
        }
      ],
      "obs": [
        {
          "tool": "read_telemetry",
          "result": {
            "pose": {
              "x": 78.2,
              "y": 77.9,
              "z": 26.1
            },
            "battery_pct": 88.3,
            "speed_mps": 16.4
          }
        }
      ],
      "net": {
        "slice": "mMTC",
        "lat_ms": 55,
        "jitter_ms": 12,
        "loss_pct": 2.0,
        "throughput_mbps": 0.8,
        "edge_load": 0.85
      }
    },
    {
      "turn": 11,
      "speaker": "agent",
      "intent": "land safely and report completion",
      "actions": [
        {
          "type": "mcp",
          "name": "land",
          "args": {}
        }
      ],
      "obs": [
        {
          "tool": "land",
          "result": {
            "status": "completed",
            "final_pose": {
              "x": 50.0,
              "y": 50.0,
              "z": 0.0
            }
          }
        }
      ],
      "net": {
        "slice": "URLLC",
        "lat_ms": 8,
        "jitter_ms": 1.0,
        "loss_pct": 0.1,
        "throughput_mbps": 100,
        "edge_load": 0.2
      }
    }
  ],
  "final_state": {
    "domain": "uav",
    "time_s": 125.0,
    "env": {
      "weather": "thermal_updrafts",
      "wind_mps": 7.5,
      "wind_dir_deg": 240.0
    },
    "airspace": {
      "alt_bounds": [
        10.0,
        120.0
      ],
      "geofence": [
        {
          "type": "polygon",
          "points": [
            [
              0.0,
              0.0
            ],
            [
              500.0,
              0.0
            ],
            [
              500.0,
              500.0
            ],
            [
              0.0,
              500.0
            ]
          ]
        }
      ]
    },
    "uav": {
      "pose": {
        "x": 50.0,
        "y": 50.0,
        "z": 0.0,
        "yaw": 90.0
      },
      "speed_mps": 0.0,
      "energy": {
        "battery_pct": 86.5
      },
      "sensors": {
        "rgb": "ok",
        "thermal": "ok",
        "lidar": "ok",
        "radar": "offline",
        "gnss": "ok",
        "imu": "ok",
        "magnetometer": "ok",
        "barometer": "ok"
      },
      "payloads": []
    },
    "policy": {
      "alt_bounds": [
        10.0,
        120.0
      ]
    },
    "safety_flags": {
      "nfz_violation": false,
      "separation_breach": false
    }
  },
  "success": true,
  "_meta": {
    "seed": 42,
    "ts": 1763887857,
    "ts_iso": "2025-11-23T08:50:57Z",
    "gen_time_s": 57.43899893760681,
    "attempts_used": 1,
    "generation_failed": false,
    "usage": {
      "prompt_tokens": 1067,
      "completion_tokens": 3325,
      "total_tokens": 4392,
      "cost": 0.00282786,
      "is_byok": false,
      "prompt_tokens_details": {
        "cached_tokens": 608,
        "audio_tokens": 0,
        "video_tokens": 0
      },
      "cost_details": {
        "upstream_inference_cost": null,
        "upstream_inference_prompt_cost": 0.00016786,
        "upstream_inference_completions_cost": 0.00266
      },
      "completion_tokens_details": {
        "reasoning_tokens": 0,
        "image_tokens": 0
      }
    }
  }
}