{
  "initial_state": {
    "domain": "uav",
    "time_s": 0.0,
    "env": {
      "weather": "microburst_risk",
      "wind_mps": 8.5,
      "wind_dir_deg": 240.0
    },
    "airspace": {
      "alt_bounds": [
        10.0,
        120.0
      ],
      "geofence": [
        {
          "type": "polygon",
          "points": [
            [
              0,
              0
            ],
            [
              500,
              0
            ],
            [
              500,
              400
            ],
            [
              0,
              400
            ]
          ]
        }
      ]
    },
    "uav": {
      "pose": {
        "x": 50.0,
        "y": 50.0,
        "z": 30.0,
        "yaw": 90.0
      },
      "speed_mps": 18.0,
      "energy": {
        "battery_pct": 100.0
      },
      "sensors": {
        "rgb": "ok",
        "thermal": "offline",
        "lidar": "offline",
        "radar": "offline",
        "gnss": "ok",
        "imu": "ok",
        "magnetometer": "ok",
        "barometer": "ok"
      },
      "payloads": []
    },
    "policy": {
      "alt_bounds": [
        10.0,
        120.0
      ]
    },
    "safety_flags": {
      "nfz_violation": false,
      "separation_breach": false
    }
  },
  "dialogue": [
    {
      "turn": 1,
      "speaker": "agent",
      "intent": "initiate_survey_mission",
      "actions": [
        {
          "type": "mcp",
          "name": "read_telemetry",
          "args": {}
        },
        {
          "type": "mcp",
          "name": "activate_sensor",
          "args": {
            "sensor": "thermal"
          }
        }
      ],
      "obs": [
        {
          "tool": "read_telemetry",
          "result": {
            "pose": {
              "x": 50.0,
              "y": 50.0,
              "z": 30.0
            },
            "battery_pct": 100.0,
            "speed_mps": 18.0
          }
        },
        {
          "tool": "activate_sensor",
          "result": {
            "sensor": "thermal",
            "status": "failed",
            "reason": "sensor_fault"
          }
        }
      ],
      "net": {
        "slice": "eMBB",
        "lat_ms": 12,
        "jitter_ms": 2,
        "loss_pct": 0.1,
        "throughput_mbps": 850,
        "edge_load": 0.45
      }
    },
    {
      "turn": 2,
      "speaker": "user",
      "intent": "request_status",
      "actions": [
        {
          "type": "mcp",
          "name": "get_system_health",
          "args": {}
        }
      ],
      "obs": [
        {
          "tool": "get_system_health",
          "result": {
            "status": "nominal",
            "warnings": [
              "thermal_sensor_offline"
            ],
            "battery_pct": 99.8
          }
        }
      ],
      "net": {
        "slice": "eMBB",
        "lat_ms": 11,
        "jitter_ms": 1.8,
        "loss_pct": 0.05,
        "throughput_mbps": 870,
        "edge_load": 0.47
      }
    },
    {
      "turn": 3,
      "speaker": "agent",
      "intent": "adjust_flight_plan_for_weather",
      "actions": [
        {
          "type": "mcp",
          "name": "update_flight_plan",
          "args": {
            "waypoints": [
              {
                "x": 150.0,
                "y": 100.0,
                "z": 45.0
              },
              {
                "x": 250.0,
                "y": 150.0,
                "z": 60.0
              }
            ],
            "speed_mps": 15.0
          }
        }
      ],
      "obs": [
        {
          "tool": "update_flight_plan",
          "result": {
            "status": "success",
            "execution_time_s": 0.8
          }
        }
      ],
      "net": {
        "slice": "URLLC",
        "lat_ms": 8,
        "jitter_ms": 1.2,
        "loss_pct": 0.02,
        "throughput_mbps": 120,
        "edge_load": 0.3
      }
    },
    {
      "turn": 4,
      "speaker": "user",
      "intent": "initiate_swarm_coordination",
      "actions": [
        {
          "type": "a2a",
          "task": "collision_avoidance",
          "to": "uav_swarm_agent",
          "payload": {
            "current_pose": {
              "x": 50.0,
              "y": 50.0,
              "z": 30.0
            },
            "next_waypoint": {
              "x": 150.0,
              "y": 100.0,
              "z": 45.0
            }
          }
        }
      ],
      "obs": [
        {
          "task": "collision_avoidance",
          "from": "uav_swarm_agent",
          "status": "ok",
          "payload": {
            "safe": true,
            "recommended_alt": 45.0
          }
        }
      ],
      "net": {
        "slice": "URLLC",
        "lat_ms": 9,
        "jitter_ms": 1.5,
        "loss_pct": 0.01,
        "throughput_mbps": 110,
        "edge_load": 0.32
      }
    },
    {
      "turn": 5,
      "speaker": "agent",
      "intent": "monitor_environmental_risk",
      "actions": [
        {
          "type": "mcp",
          "name": "read_weather",
          "args": {}
        }
      ],
      "obs": [
        {
          "tool": "read_weather",
          "result": {
            "condition": "microburst_risk_high",
            "wind_gust_peak_mps": 18.2,
            "turbulence_index": 0.78
          }
        }
      ],
      "net": {
        "slice": "mMTC",
        "lat_ms": 200,
        "jitter_ms": 25,
        "loss_pct": 1.2,
        "throughput_mbps": 1.5,
        "edge_load": 0.85
      }
    },
    {
      "turn": 6,
      "speaker": "user",
      "intent": "request_emergency_procedure",
      "actions": [
        {
          "type": "mcp",
          "name": "activate_emergency_protocol",
          "args": {
            "level": 2,
            "reason": "microburst_warning"
          }
        }
      ],
      "obs": [
        {
          "tool": "activate_emergency_protocol",
          "result": {
            "status": "activated",
            "actions_taken": [
              "reduced_speed",
              "increased_altitude",
              "halted_noncritical_sensors"
            ]
          }
        }
      ],
      "net": {
        "slice": "URLLC",
        "lat_ms": 7,
        "jitter_ms": 1.0,
        "loss_pct": 0.01,
        "throughput_mbps": 100,
        "edge_load": 0.28
      }
    },
    {
      "turn": 7,
      "speaker": "agent",
      "intent": "reassess_sensor_status",
      "actions": [
        {
          "type": "mcp",
          "name": "diagnose_sensor",
          "args": {
            "sensor": "thermal"
          }
        }
      ],
      "obs": [
        {
          "tool": "diagnose_sensor",
          "result": {
            "sensor": "thermal",
            "diagnosis": "connection_issue",
            "fixable": true
          }
        }
      ],
      "net": {
        "slice": "mMTC",
        "lat_ms": 180,
        "jitter_ms": 30,
        "loss_pct": 2.1,
        "throughput_mbps": 0.9,
        "edge_load": 0.91
      }
    },
    {
      "turn": 8,
      "speaker": "user",
      "intent": "authorize_repair_attempt",
      "actions": [
        {
          "type": "mcp",
          "name": "repair_sensor",
          "args": {
            "sensor": "thermal",
            "method": "reset_power"
          }
        }
      ],
      "obs": [
        {
          "tool": "repair_sensor",
          "result": {
            "sensor": "thermal",
            "status": "ok",
            "after_repair": true
          }
        }
      ],
      "net": {
        "slice": "URLLC",
        "lat_ms": 6,
        "jitter_ms": 0.9,
        "loss_pct": 0.0,
        "throughput_mbps": 95,
        "edge_load": 0.25
      }
    },
    {
      "turn": 9,
      "speaker": "agent",
      "intent": "resume_survey_with_enhanced_sensing",
      "actions": [
        {
          "type": "mcp",
          "name": "activate_sensor",
          "args": {
            "sensor": "thermal"
          }
        },
        {
          "type": "mcp",
          "name": "capture_image",
          "args": {
            "mode": "thermal",
            "target": {
              "x": 250.0,
              "y": 150.0
            }
          }
        }
      ],
      "obs": [
        {
          "tool": "activate_sensor",
          "result": {
            "sensor": "thermal",
            "status": "ok"
          }
        },
        {
          "tool": "capture_image",
          "result": {
            "status": "success",
            "image_id": "IMG_THERM_001",
            "data_size_kb": 1240
          }
        }
      ],
      "net": {
        "slice": "eMBB",
        "lat_ms": 15,
        "jitter_ms": 3,
        "loss_pct": 0.2,
        "throughput_mbps": 800,
        "edge_load": 0.5
      }
    },
    {
      "turn": 10,
      "speaker": "user",
      "intent": "verify_geofence_compliance",
      "actions": [
        {
          "type": "mcp",
          "name": "check_geofence",
          "args": {}
        }
      ],
      "obs": [
        {
          "tool": "check_geofence",
          "result": {
            "status": "within_bounds",
            "distance_to_boundary_m": 120.5
          }
        }
      ],
      "net": {
        "slice": "URLLC",
        "lat_ms": 5,
        "jitter_ms": 0.8,
        "loss_pct": 0.0,
        "throughput_mbps": 105,
        "edge_load": 0.22
      }
    },
    {
      "turn": 11,
      "speaker": "agent",
      "intent": "prepare_for_return",
      "actions": [
        {
          "type": "mcp",
          "name": "compute_return_path",
          "args": {
            "home": {
              "x": 50.0,
              "y": 50.0,
              "z": 30.0
            }
          }
        }
      ],
      "obs": [
        {
          "tool": "compute_return_path",
          "result": {
            "path_valid": true,
            "estimated_time_s": 65.3,
            "battery_required_pct": 12.1
          }
        }
      ],
      "net": {
        "slice": "URLLC",
        "lat_ms": 7,
        "jitter_ms": 1.1,
        "loss_pct": 0.01,
        "throughput_mbps": 115,
        "edge_load": 0.26
      }
    }
  ],
  "final_state": {
    "domain": "uav",
    "time_s": 120.0,
    "env": {
      "weather": "microburst_risk",
      "wind_mps": 9.1,
      "wind_dir_deg": 245.0
    },
    "airspace": {
      "alt_bounds": [
        10.0,
        120.0
      ],
      "geofence": [
        {
          "type": "polygon",
          "points": [
            [
              0,
              0
            ],
            [
              500,
              0
            ],
            [
              500,
              400
            ],
            [
              0,
              400
            ]
          ]
        }
      ]
    },
    "uav": {
      "pose": {
        "x": 245.0,
        "y": 148.0,
        "z": 58.0,
        "yaw": 85.0
      },
      "speed_mps": 12.0,
      "energy": {
        "battery_pct": 87.9
      },
      "sensors": {
        "rgb": "ok",
        "thermal": "ok",
        "lidar": "offline",
        "radar": "offline",
        "gnss": "ok",
        "imu": "ok",
        "magnetometer": "ok",
        "barometer": "ok"
      },
      "payloads": []
    },
    "policy": {
      "alt_bounds": [
        10.0,
        120.0
      ]
    },
    "safety_flags": {
      "nfz_violation": false,
      "separation_breach": false
    }
  },
  "success": true,
  "_meta": {
    "seed": 42,
    "ts": 1763910421,
    "ts_iso": "2025-11-23T15:07:01Z",
    "gen_time_s": 48.62362265586853,
    "attempts_used": 1,
    "generation_failed": false,
    "usage": {
      "prompt_tokens": 1051,
      "completion_tokens": 3402,
      "total_tokens": 4453,
      "cost": 0.00283842,
      "is_byok": false,
      "prompt_tokens_details": {
        "cached_tokens": 1040,
        "audio_tokens": 0,
        "video_tokens": 0
      },
      "cost_details": {
        "upstream_inference_cost": null,
        "upstream_inference_prompt_cost": 0.00011682,
        "upstream_inference_completions_cost": 0.0027216
      },
      "completion_tokens_details": {
        "reasoning_tokens": 0,
        "image_tokens": 0
      }
    }
  }
}