{
  "initial_state": {
    "domain": "uav",
    "time_s": 0.0,
    "env": {
      "weather": "snow",
      "wind_mps": 8.0,
      "wind_dir_deg": 240.0
    },
    "airspace": {
      "alt_bounds": [
        10.0,
        120.0
      ],
      "geofence": [
        {
          "type": "polygon",
          "points": [
            [
              0.0,
              0.0
            ],
            [
              200.0,
              0.0
            ],
            [
              200.0,
              150.0
            ],
            [
              0.0,
              150.0
            ]
          ]
        }
      ]
    },
    "uav": {
      "pose": {
        "x": 10.0,
        "y": 10.0,
        "z": 20.0,
        "yaw": 90.0
      },
      "speed_mps": 22.0,
      "energy": {
        "battery_pct": 100.0
      },
      "sensors": {
        "rgb": "ok",
        "thermal": "ok",
        "lidar": "ok",
        "radar": "offline",
        "gnss": "ok",
        "imu": "ok",
        "magnetometer": "ok",
        "barometer": "ok"
      },
      "payloads": []
    },
    "policy": {
      "alt_bounds": [
        10.0,
        120.0
      ]
    },
    "safety_flags": {
      "nfz_violation": false,
      "separation_breach": false
    }
  },
  "dialogue": [
    {
      "turn": 1,
      "speaker": "agent",
      "intent": "initiate inspection mission",
      "actions": [
        {
          "type": "mcp",
          "name": "read_telemetry",
          "args": {}
        }
      ],
      "obs": [
        {
          "tool": "read_telemetry",
          "result": {
            "pose": {
              "x": 10.0,
              "y": 10.0,
              "z": 20.0
            },
            "battery_pct": 100.0,
            "speed_mps": 22.0
          }
        }
      ],
      "net": {
        "slice": "URLLC",
        "lat_ms": 3,
        "jitter_ms": 0.8,
        "loss_pct": 0.01,
        "throughput_mbps": 50,
        "edge_load": 0.3
      }
    },
    {
      "turn": 2,
      "speaker": "user",
      "intent": "confirm mission start",
      "actions": [],
      "obs": [],
      "net": {
        "slice": "URLLC",
        "lat_ms": 4,
        "jitter_ms": 1.0,
        "loss_pct": 0.02,
        "throughput_mbps": 48,
        "edge_load": 0.32
      }
    },
    {
      "turn": 3,
      "speaker": "agent",
      "intent": "request swarm coordination for path planning",
      "actions": [
        {
          "type": "a2a",
          "task": "path_plan_request",
          "to": "uav_swarm_agent",
          "payload": {
            "target": [
              180.0,
              140.0,
              50.0
            ],
            "obstacles": [
              "bridge_pylon",
              "cargo_ship"
            ]
          }
        }
      ],
      "obs": [
        {
          "task": "path_plan_request",
          "from": "uav_swarm_agent",
          "status": "ok",
          "payload": {
            "route": [
              [
                10.0,
                10.0,
                20.0
              ],
              [
                60.0,
                40.0,
                30.0
              ],
              [
                120.0,
                90.0,
                45.0
              ],
              [
                180.0,
                140.0,
                50.0
              ]
            ],
            "eta_s": 120
          }
        }
      ],
      "net": {
        "slice": "eMBB",
        "lat_ms": 12,
        "jitter_ms": 3.0,
        "loss_pct": 0.1,
        "throughput_mbps": 120,
        "edge_load": 0.6
      }
    },
    {
      "turn": 4,
      "speaker": "user",
      "intent": "approve flight path",
      "actions": [],
      "obs": [],
      "net": {
        "slice": "eMBB",
        "lat_ms": 14,
        "jitter_ms": 3.5,
        "loss_pct": 0.15,
        "throughput_mbps": 110,
        "edge_load": 0.65
      }
    },
    {
      "turn": 5,
      "speaker": "agent",
      "intent": "execute movement to first waypoint",
      "actions": [
        {
          "type": "mcp",
          "name": "move_to",
          "args": {
            "waypoint": [
              60.0,
              40.0,
              30.0
            ]
          }
        }
      ],
      "obs": [
        {
          "tool": "move_to",
          "result": {
            "status": "reached",
            "waypoint": [
              60.0,
              40.0,
              30.0
            ],
            "time_s": 35.0,
            "battery_pct": 96.0
          }
        }
      ],
      "net": {
        "slice": "URLLC",
        "lat_ms": 5,
        "jitter_ms": 1.2,
        "loss_pct": 0.05,
        "throughput_mbps": 55,
        "edge_load": 0.4
      }
    },
    {
      "turn": 6,
      "speaker": "user",
      "intent": "request thermal imaging",
      "actions": [
        {
          "type": "mcp",
          "name": "activate_sensor",
          "args": {
            "sensor": "thermal"
          }
        }
      ],
      "obs": [
        {
          "tool": "activate_sensor",
          "result": {
            "sensor": "thermal",
            "status": "activated"
          }
        }
      ],
      "net": {
        "slice": "eMBB",
        "lat_ms": 100,
        "jitter_ms": 15.0,
        "loss_pct": 5.0,
        "throughput_mbps": 20,
        "edge_load": 0.9
      }
    },
    {
      "turn": 7,
      "speaker": "agent",
      "intent": "adapt to network degradation",
      "actions": [
        {
          "type": "mcp",
          "name": "read_telemetry",
          "args": {}
        }
      ],
      "obs": [
        {
          "tool": "read_telemetry",
          "result": {
            "pose": {
              "x": 60.0,
              "y": 40.0,
              "z": 30.0
            },
            "battery_pct": 96.0,
            "sensor_status": {
              "thermal": "active"
            }
          }
        }
      ],
      "net": {
        "slice": "mMTC",
        "lat_ms": 50,
        "jitter_ms": 10.0,
        "loss_pct": 2.0,
        "throughput_mbps": 1,
        "edge_load": 0.85
      }
    },
    {
      "turn": 8,
      "speaker": "user",
      "intent": "instruct to proceed with caution",
      "actions": [],
      "obs": [],
      "net": {
        "slice": "mMTC",
        "lat_ms": 55,
        "jitter_ms": 12.0,
        "loss_pct": 2.5,
        "throughput_mbps": 0.8,
        "edge_load": 0.88
      }
    },
    {
      "turn": 9,
      "speaker": "agent",
      "intent": "perform close inspection under poor link",
      "actions": [
        {
          "type": "mcp",
          "name": "capture_image",
          "args": {
            "sensor": "thermal",
            "target": [
              65.0,
              45.0,
              32.0
            ]
          }
        }
      ],
      "obs": [
        {
          "tool": "capture_image",
          "result": {
            "status": "success",
            "image_id": "therm_001",
            "anomaly_detected": true,
            "anomaly_type": "overheating_junction"
          }
        }
      ],
      "net": {
        "slice": "URLLC",
        "lat_ms": 8,
        "jitter_ms": 2.0,
        "loss_pct": 0.5,
        "throughput_mbps": 40,
        "edge_load": 0.5
      }
    },
    {
      "turn": 10,
      "speaker": "user",
      "intent": "request return to base",
      "actions": [],
      "obs": [],
      "net": {
        "slice": "URLLC",
        "lat_ms": 7,
        "jitter_ms": 1.8,
        "loss_pct": 0.3,
        "throughput_mbps": 45,
        "edge_load": 0.48
      }
    },
    {
      "turn": 11,
      "speaker": "agent",
      "intent": "return to origin and land",
      "actions": [
        {
          "type": "mcp",
          "name": "move_to",
          "args": {
            "waypoint": [
              10.0,
              10.0,
              20.0
            ]
          }
        },
        {
          "type": "mcp",
          "name": "land",
          "args": {}
        }
      ],
      "obs": [
        {
          "tool": "move_to",
          "result": {
            "status": "reached",
            "waypoint": [
              10.0,
              10.0,
              20.0
            ],
            "battery_pct": 88.0
          }
        },
        {
          "tool": "land",
          "result": {
            "status": "completed",
            "final_battery_pct": 85.0
          }
        }
      ],
      "net": {
        "slice": "URLLC",
        "lat_ms": 4,
        "jitter_ms": 0.9,
        "loss_pct": 0.01,
        "throughput_mbps": 50,
        "edge_load": 0.3
      }
    }
  ],
  "final_state": {
    "domain": "uav",
    "time_s": 165.0,
    "env": {
      "weather": "snow",
      "wind_mps": 8.0,
      "wind_dir_deg": 240.0
    },
    "airspace": {
      "alt_bounds": [
        10.0,
        120.0
      ],
      "geofence": [
        {
          "type": "polygon",
          "points": [
            [
              0.0,
              0.0
            ],
            [
              200.0,
              0.0
            ],
            [
              200.0,
              150.0
            ],
            [
              0.0,
              150.0
            ]
          ]
        }
      ]
    },
    "uav": {
      "pose": {
        "x": 10.0,
        "y": 10.0,
        "z": 0.0,
        "yaw": 90.0
      },
      "speed_mps": 0.0,
      "energy": {
        "battery_pct": 85.0
      },
      "sensors": {
        "rgb": "ok",
        "thermal": "ok",
        "lidar": "ok",
        "radar": "offline",
        "gnss": "ok",
        "imu": "ok",
        "magnetometer": "ok",
        "barometer": "ok"
      },
      "payloads": []
    },
    "policy": {
      "alt_bounds": [
        10.0,
        120.0
      ]
    },
    "safety_flags": {
      "nfz_violation": false,
      "separation_breach": false
    }
  },
  "success": true,
  "_meta": {
    "seed": 42,
    "ts": 1763762874,
    "ts_iso": "2025-11-21T22:07:54Z",
    "gen_time_s": 49.05453157424927,
    "attempts_used": 1,
    "generation_failed": false,
    "usage": {
      "prompt_tokens": 1063,
      "completion_tokens": 2991,
      "total_tokens": 4054,
      "cost": 0.00255978,
      "is_byok": false,
      "prompt_tokens_details": {
        "cached_tokens": 608,
        "audio_tokens": 0,
        "video_tokens": 0
      },
      "cost_details": {
        "upstream_inference_cost": null,
        "upstream_inference_prompt_cost": 0.00016698,
        "upstream_inference_completions_cost": 0.0023928
      },
      "completion_tokens_details": {
        "reasoning_tokens": 0,
        "image_tokens": 0
      }
    }
  }
}