{
  "initial_state": {
    "domain": "uav",
    "time_s": 0.0,
    "env": {
      "weather": "temperature_extremes_hot",
      "wind_mps": 7.5,
      "wind_dir_deg": 240.0
    },
    "airspace": {
      "alt_bounds": [
        15.0,
        180.0
      ],
      "geofence": [
        {
          "type": "polygon",
          "points": [
            [
              500,
              400
            ],
            [
              1500,
              400
            ],
            [
              1500,
              1200
            ],
            [
              500,
              1200
            ]
          ]
        }
      ]
    },
    "uav": {
      "pose": {
        "x": 600.0,
        "y": 500.0,
        "z": 30.0,
        "yaw": 90.0
      },
      "speed_mps": 28.0,
      "energy": {
        "battery_pct": 100.0
      },
      "sensors": {
        "rgb": "ok",
        "thermal": "ok",
        "lidar": "offline",
        "radar": "offline",
        "gnss": "ok",
        "imu": "ok",
        "magnetometer": "ok",
        "barometer": "ok"
      },
      "payloads": []
    },
    "policy": {
      "alt_bounds": [
        15.0,
        180.0
      ]
    },
    "safety_flags": {
      "nfz_violation": false,
      "separation_breach": false
    }
  },
  "dialogue": [
    {
      "turn": 1,
      "speaker": "agent",
      "intent": "initiate_mission",
      "actions": [
        {
          "type": "mcp",
          "name": "read_telemetry",
          "args": {}
        },
        {
          "type": "a2a",
          "task": "request_swarm_status",
          "to": "uav_swarm_agent",
          "payload": {
            "uav_id": "uav_01",
            "mission": "convoy_escort"
          }
        }
      ],
      "obs": [
        {
          "tool": "read_telemetry",
          "result": {
            "pose": {
              "x": 600.0,
              "y": 500.0,
              "z": 30.0
            },
            "battery_pct": 100.0,
            "speed_mps": 28.0
          }
        },
        {
          "task": "request_swarm_status",
          "from": "uav_swarm_agent",
          "status": "ok",
          "payload": {
            "swarm_size": 3,
            "active_uavs": 3,
            "leader": "uav_01"
          }
        }
      ],
      "net": {
        "slice": "eMBB",
        "lat_ms": 12,
        "jitter_ms": 2,
        "loss_pct": 0.1,
        "throughput_mbps": 850,
        "edge_load": 0.3
      }
    },
    {
      "turn": 2,
      "speaker": "user",
      "intent": "confirm_mission_start",
      "actions": [],
      "obs": [],
      "net": {
        "slice": "eMBB",
        "lat_ms": 11,
        "jitter_ms": 1.8,
        "loss_pct": 0.05,
        "throughput_mbps": 870,
        "edge_load": 0.32
      }
    },
    {
      "turn": 3,
      "speaker": "agent",
      "intent": "ascend_to_patrol_altitude",
      "actions": [
        {
          "type": "mcp",
          "name": "set_altitude",
          "args": {
            "target_z": 120.0
          }
        },
        {
          "type": "mcp",
          "name": "activate_sensor",
          "args": {
            "sensor": "thermal"
          }
        }
      ],
      "obs": [
        {
          "tool": "set_altitude",
          "result": {
            "target_z": 120.0,
            "status": "executing"
          }
        },
        {
          "tool": "activate_sensor",
          "result": {
            "sensor": "thermal",
            "status": "active"
          }
        }
      ],
      "net": {
        "slice": "URLLC",
        "lat_ms": 8,
        "jitter_ms": 1,
        "loss_pct": 0.02,
        "throughput_mbps": 120,
        "edge_load": 0.4
      }
    },
    {
      "turn": 4,
      "speaker": "user",
      "intent": "request_thermal_feed",
      "actions": [
        {
          "type": "mcp",
          "name": "stream_sensor_data",
          "args": {
            "sensor": "thermal",
            "duration_s": 30
          }
        }
      ],
      "obs": [
        {
          "tool": "stream_sensor_data",
          "result": {
            "sensor": "thermal",
            "status": "streaming",
            "bitrate_kbps": 512
          }
        }
      ],
      "net": {
        "slice": "eMBB",
        "lat_ms": 15,
        "jitter_ms": 3,
        "loss_pct": 0.2,
        "throughput_mbps": 780,
        "edge_load": 0.65
      }
    },
    {
      "turn": 5,
      "speaker": "agent",
      "intent": "detect_convoy",
      "actions": [
        {
          "type": "mcp",
          "name": "run_object_detection",
          "args": {
            "sensor": "rgb",
            "class": "vehicle",
            "confidence": 0.7
          }
        }
      ],
      "obs": [
        {
          "tool": "run_object_detection",
          "result": {
            "detections": [
              {
                "class": "vehicle",
                "x": 950,
                "y": 700,
                "confidence": 0.85
              }
            ],
            "status": "complete"
          }
        }
      ],
      "net": {
        "slice": "eMBB",
        "lat_ms": 14,
        "jitter_ms": 2.5,
        "loss_pct": 0.15,
        "throughput_mbps": 800,
        "edge_load": 0.6
      }
    },
    {
      "turn": 6,
      "speaker": "user",
      "intent": "adjust_formation",
      "actions": [
        {
          "type": "a2a",
          "task": "update_formation",
          "to": "uav_swarm_agent",
          "payload": {
            "pattern": "echelon_right",
            "offset_m": 50
          }
        }
      ],
      "obs": [
        {
          "task": "update_formation",
          "from": "uav_swarm_agent",
          "status": "applied",
          "payload": {
            "pattern": "echelon_right",
            "uavs": [
              "uav_01",
              "uav_02",
              "uav_03"
            ]
          }
        }
      ],
      "net": {
        "slice": "URLLC",
        "lat_ms": 9,
        "jitter_ms": 1.2,
        "loss_pct": 0.03,
        "throughput_mbps": 110,
        "edge_load": 0.5
      }
    },
    {
      "turn": 7,
      "speaker": "agent",
      "intent": "handle_network_degradation",
      "actions": [
        {
          "type": "mcp",
          "name": "reduce_stream_quality",
          "args": {
            "stream": "thermal",
            "bitrate_kbps": 256
          }
        }
      ],
      "obs": [
        {
          "tool": "reduce_stream_quality",
          "result": {
            "stream": "thermal",
            "bitrate_kbps": 256,
            "status": "adjusted"
          }
        }
      ],
      "net": {
        "slice": "mMTC",
        "lat_ms": 45,
        "jitter_ms": 12,
        "loss_pct": 2.1,
        "throughput_mbps": 1.2,
        "edge_load": 0.85
      }
    },
    {
      "turn": 8,
      "speaker": "user",
      "intent": "abort_mission_check",
      "actions": [],
      "obs": [],
      "net": {
        "slice": "mMTC",
        "lat_ms": 47,
        "jitter_ms": 13,
        "loss_pct": 2.3,
        "throughput_mbps": 1.0,
        "edge_load": 0.88
      }
    },
    {
      "turn": 9,
      "speaker": "agent",
      "intent": "resume_normal_operations",
      "actions": [
        {
          "type": "mcp",
          "name": "read_telemetry",
          "args": {}
        }
      ],
      "obs": [
        {
          "tool": "read_telemetry",
          "result": {
            "pose": {
              "x": 960.0,
              "y": 710.0,
              "z": 120.0
            },
            "battery_pct": 88.5,
            "speed_mps": 25.0
          }
        }
      ],
      "net": {
        "slice": "URLLC",
        "lat_ms": 7,
        "jitter_ms": 0.9,
        "loss_pct": 0.01,
        "throughput_mbps": 130,
        "edge_load": 0.42
      }
    },
    {
      "turn": 10,
      "speaker": "user",
      "intent": "return_to_base",
      "actions": [
        {
          "type": "mcp",
          "name": "set_waypoint",
          "args": {
            "x": 600,
            "y": 500,
            "z": 30
          }
        }
      ],
      "obs": [
        {
          "tool": "set_waypoint",
          "result": {
            "waypoint": {
              "x": 600,
              "y": 500,
              "z": 30
            },
            "status": "accepted"
          }
        }
      ],
      "net": {
        "slice": "URLLC",
        "lat_ms": 8,
        "jitter_ms": 1.1,
        "loss_pct": 0.02,
        "throughput_mbps": 125,
        "edge_load": 0.45
      }
    }
  ],
  "final_state": {
    "domain": "uav",
    "time_s": 320.0,
    "env": {
      "weather": "temperature_extremes_hot",
      "wind_mps": 7.5,
      "wind_dir_deg": 240.0
    },
    "airspace": {
      "alt_bounds": [
        15.0,
        180.0
      ],
      "geofence": [
        {
          "type": "polygon",
          "points": [
            [
              500,
              400
            ],
            [
              1500,
              400
            ],
            [
              1500,
              1200
            ],
            [
              500,
              1200
            ]
          ]
        }
      ]
    },
    "uav": {
      "pose": {
        "x": 605.0,
        "y": 505.0,
        "z": 30.0,
        "yaw": 270.0
      },
      "speed_mps": 15.0,
      "energy": {
        "battery_pct": 78.0
      },
      "sensors": {
        "rgb": "ok",
        "thermal": "active",
        "lidar": "offline",
        "radar": "offline",
        "gnss": "ok",
        "imu": "ok",
        "magnetometer": "ok",
        "barometer": "ok"
      },
      "payloads": []
    },
    "policy": {
      "alt_bounds": [
        15.0,
        180.0
      ]
    },
    "safety_flags": {
      "nfz_violation": false,
      "separation_breach": false
    }
  },
  "success": true,
  "_meta": {
    "seed": 42,
    "ts": 1763749641,
    "ts_iso": "2025-11-21T18:27:21Z",
    "gen_time_s": 53.62922215461731,
    "attempts_used": 1,
    "generation_failed": false,
    "usage": {
      "prompt_tokens": 1070,
      "completion_tokens": 3096,
      "total_tokens": 4166,
      "cost": 0.0027122,
      "is_byok": false,
      "prompt_tokens_details": {
        "cached_tokens": 0,
        "audio_tokens": 0,
        "video_tokens": 0
      },
      "cost_details": {
        "upstream_inference_cost": null,
        "upstream_inference_prompt_cost": 0.0002354,
        "upstream_inference_completions_cost": 0.0024768
      },
      "completion_tokens_details": {
        "reasoning_tokens": 0,
        "image_tokens": 0
      }
    }
  }
}