{
  "initial_state": {
    "domain": "uav",
    "time_s": 0.0,
    "env": {
      "weather": "fog",
      "wind_mps": 6.0,
      "wind_dir_deg": 240.0
    },
    "airspace": {
      "alt_bounds": [
        5.0,
        120.0
      ],
      "geofence": [
        {
          "type": "polygon",
          "points": [
            [
              0.0,
              0.0
            ],
            [
              300.0,
              0.0
            ],
            [
              300.0,
              250.0
            ],
            [
              0.0,
              250.0
            ]
          ]
        }
      ]
    },
    "uav": {
      "pose": {
        "x": 50.0,
        "y": 50.0,
        "z": 10.0,
        "yaw": 90.0
      },
      "speed_mps": 22.0,
      "energy": {
        "battery_pct": 100.0
      },
      "sensors": {
        "rgb": "ok",
        "thermal": "ok",
        "lidar": "ok",
        "radar": "offline",
        "gnss": "ok",
        "imu": "ok",
        "magnetometer": "ok",
        "barometer": "ok"
      },
      "payloads": []
    },
    "policy": {
      "alt_bounds": [
        5.0,
        120.0
      ]
    },
    "safety_flags": {
      "nfz_violation": false,
      "separation_breach": false
    }
  },
  "dialogue": [
    {
      "turn": 1,
      "speaker": "agent",
      "intent": "initiate_recon_mission",
      "actions": [
        {
          "type": "mcp",
          "name": "read_telemetry",
          "args": {}
        },
        {
          "type": "a2a",
          "task": "request_weather_update",
          "to": "weather_forecast_agent",
          "payload": {
            "location": {
              "x": 50.0,
              "y": 50.0
            }
          }
        }
      ],
      "obs": [
        {
          "tool": "read_telemetry",
          "result": {
            "pose": {
              "x": 50.0,
              "y": 50.0,
              "z": 10.0
            },
            "battery_pct": 100.0,
            "speed_mps": 22.0
          }
        },
        {
          "task": "request_weather_update",
          "from": "weather_forecast_agent",
          "status": "ok",
          "payload": {
            "weather": "fog",
            "visibility_m": 80
          }
        }
      ],
      "net": {
        "slice": "eMBB",
        "lat_ms": 12,
        "jitter_ms": 2,
        "loss_pct": 0.1,
        "throughput_mbps": 850,
        "edge_load": 0.35
      }
    },
    {
      "turn": 2,
      "speaker": "user",
      "intent": "confirm_mission_start",
      "actions": [],
      "obs": [],
      "net": {
        "slice": "eMBB",
        "lat_ms": 14,
        "jitter_ms": 3,
        "loss_pct": 0.1,
        "throughput_mbps": 820,
        "edge_load": 0.38
      }
    },
    {
      "turn": 3,
      "speaker": "agent",
      "intent": "adjust_flight_plan_for_weather",
      "actions": [
        {
          "type": "mcp",
          "name": "set_altitude",
          "args": {
            "target_z": 25.0
          }
        },
        {
          "type": "mcp",
          "name": "activate_sensor",
          "args": {
            "sensor": "thermal"
          }
        }
      ],
      "obs": [
        {
          "tool": "set_altitude",
          "result": {
            "status": "success",
            "target_z": 25.0,
            "achieved_z": 25.0,
            "time_s": 8.2
          }
        },
        {
          "tool": "activate_sensor",
          "result": {
            "sensor": "thermal",
            "status": "active"
          }
        }
      ],
      "net": {
        "slice": "URLLC",
        "lat_ms": 8,
        "jitter_ms": 1,
        "loss_pct": 0.05,
        "throughput_mbps": 120,
        "edge_load": 0.42
      }
    },
    {
      "turn": 4,
      "speaker": "user",
      "intent": "request_target_area",
      "actions": [
        {
          "type": "mcp",
          "name": "set_target",
          "args": {
            "x": 200.0,
            "y": 200.0
          }
        }
      ],
      "obs": [
        {
          "tool": "set_target",
          "result": {
            "target": {
              "x": 200.0,
              "y": 200.0
            },
            "status": "accepted"
          }
        }
      ],
      "net": {
        "slice": "URLLC",
        "lat_ms": 7,
        "jitter_ms": 1,
        "loss_pct": 0.04,
        "throughput_mbps": 110,
        "edge_load": 0.45
      }
    },
    {
      "turn": 5,
      "speaker": "agent",
      "intent": "navigate_to_target",
      "actions": [
        {
          "type": "mcp",
          "name": "fly_to",
          "args": {
            "x": 200.0,
            "y": 200.0,
            "z": 30.0
          }
        }
      ],
      "obs": [
        {
          "tool": "fly_to",
          "result": {
            "status": "in_progress",
            "eta_s": 42,
            "path_clear": true
          }
        }
      ],
      "net": {
        "slice": "eMBB",
        "lat_ms": 15,
        "jitter_ms": 4,
        "loss_pct": 0.2,
        "throughput_mbps": 780,
        "edge_load": 0.5
      }
    },
    {
      "turn": 6,
      "speaker": "user",
      "intent": "report_network_degradation",
      "actions": [],
      "obs": [],
      "net": {
        "slice": "eMBB",
        "lat_ms": 98,
        "jitter_ms": 25,
        "loss_pct": 8.5,
        "throughput_mbps": 10,
        "edge_load": 0.88
      }
    },
    {
      "turn": 7,
      "speaker": "agent",
      "intent": "adapt_to_network_degradation",
      "actions": [
        {
          "type": "mcp",
          "name": "reduce_sensor_streaming",
          "args": {
            "exclude": [
              "rgb"
            ]
          }
        },
        {
          "type": "a2a",
          "task": "request_relay",
          "to": "uav_swarm_agent",
          "payload": {
            "priority": "high",
            "data_type": "telemetry"
          }
        }
      ],
      "obs": [
        {
          "tool": "reduce_sensor_streaming",
          "result": {
            "status": "applied",
            "streaming": [
              "thermal",
              "lidar"
            ]
          }
        },
        {
          "task": "request_relay",
          "from": "uav_swarm_agent",
          "status": "acknowledged",
          "payload": {
            "relay_uav_id": "uav-7",
            "expected_latency": 22
          }
        }
      ],
      "net": {
        "slice": "mMTC",
        "lat_ms": 45,
        "jitter_ms": 8,
        "loss_pct": 1.2,
        "throughput_mbps": 1.5,
        "edge_load": 0.62
      }
    },
    {
      "turn": 8,
      "speaker": "user",
      "intent": "approve_contingency",
      "actions": [],
      "obs": [],
      "net": {
        "slice": "mMTC",
        "lat_ms": 48,
        "jitter_ms": 9,
        "loss_pct": 1.0,
        "throughput_mbps": 1.8,
        "edge_load": 0.6
      }
    },
    {
      "turn": 9,
      "speaker": "agent",
      "intent": "resume_navigation_and_monitor",
      "actions": [
        {
          "type": "mcp",
          "name": "read_telemetry",
          "args": {}
        },
        {
          "type": "a2a",
          "task": "collision_avoidance_scan",
          "to": "uav_swarm_agent",
          "payload": {
            "current_pose": {
              "x": 145.0,
              "y": 140.0,
              "z": 30.0
            }
          }
        }
      ],
      "obs": [
        {
          "tool": "read_telemetry",
          "result": {
            "pose": {
              "x": 145.0,
              "y": 140.0,
              "z": 30.0
            },
            "battery_pct": 88.0,
            "speed_mps": 20.0
          }
        },
        {
          "task": "collision_avoidance_scan",
          "from": "uav_swarm_agent",
          "status": "clear",
          "payload": {
            "obstacles": [],
            "recommended_heading": 45.0
          }
        }
      ],
      "net": {
        "slice": "URLLC",
        "lat_ms": 9,
        "jitter_ms": 2,
        "loss_pct": 0.08,
        "throughput_mbps": 100,
        "edge_load": 0.55
      }
    },
    {
      "turn": 10,
      "speaker": "user",
      "intent": "request_data_snapshot",
      "actions": [
        {
          "type": "mcp",
          "name": "capture_image",
          "args": {
            "sensor": "thermal",
            "tag": "midpoint_recon"
          }
        }
      ],
      "obs": [
        {
          "tool": "capture_image",
          "result": {
            "sensor": "thermal",
            "tag": "midpoint_recon",
            "image_id": "img-9a3f2e",
            "status": "saved"
          }
        }
      ],
      "net": {
        "slice": "URLLC",
        "lat_ms": 10,
        "jitter_ms": 1,
        "loss_pct": 0.06,
        "throughput_mbps": 95,
        "edge_load": 0.58
      }
    },
    {
      "turn": 11,
      "speaker": "agent",
      "intent": "complete_mission_and_return",
      "actions": [
        {
          "type": "mcp",
          "name": "fly_to",
          "args": {
            "x": 50.0,
            "y": 50.0,
            "z": 10.0
          }
        },
        {
          "type": "mcp",
          "name": "deactivate_sensor",
          "args": {
            "sensor": "thermal"
          }
        }
      ],
      "obs": [
        {
          "tool": "fly_to",
          "result": {
            "status": "complete",
            "final_pose": {
              "x": 50.0,
              "y": 50.0,
              "z": 10.0
            }
          }
        },
        {
          "tool": "deactivate_sensor",
          "result": {
            "sensor": "thermal",
            "status": "deactivated"
          }
        }
      ],
      "net": {
        "slice": "URLLC",
        "lat_ms": 8,
        "jitter_ms": 1,
        "loss_pct": 0.03,
        "throughput_mbps": 115,
        "edge_load": 0.4
      }
    }
  ],
  "final_state": {
    "domain": "uav",
    "time_s": 125.0,
    "env": {
      "weather": "fog",
      "wind_mps": 6.0,
      "wind_dir_deg": 240.0
    },
    "airspace": {
      "alt_bounds": [
        5.0,
        120.0
      ],
      "geofence": [
        {
          "type": "polygon",
          "points": [
            [
              0.0,
              0.0
            ],
            [
              300.0,
              0.0
            ],
            [
              300.0,
              250.0
            ],
            [
              0.0,
              250.0
            ]
          ]
        }
      ]
    },
    "uav": {
      "pose": {
        "x": 50.0,
        "y": 50.0,
        "z": 10.0,
        "yaw": 90.0
      },
      "speed_mps": 0.0,
      "energy": {
        "battery_pct": 76.0
      },
      "sensors": {
        "rgb": "ok",
        "thermal": "standby",
        "lidar": "ok",
        "radar": "offline",
        "gnss": "ok",
        "imu": "ok",
        "magnetometer": "ok",
        "barometer": "ok"
      },
      "payloads": [
        {
          "type": "image",
          "id": "img-9a3f2e",
          "tag": "midpoint_recon",
          "sensor": "thermal"
        }
      ]
    },
    "policy": {
      "alt_bounds": [
        5.0,
        120.0
      ]
    },
    "safety_flags": {
      "nfz_violation": false,
      "separation_breach": false
    }
  },
  "success": true,
  "_meta": {
    "seed": 42,
    "ts": 1764008049,
    "ts_iso": "2025-11-24T18:14:09Z",
    "gen_time_s": 47.05100989341736,
    "attempts_used": 1,
    "generation_failed": false,
    "usage": {
      "prompt_tokens": 1062,
      "completion_tokens": 3502,
      "total_tokens": 4564,
      "cost": 0.0029666,
      "is_byok": false,
      "prompt_tokens_details": {
        "cached_tokens": 624,
        "audio_tokens": 0,
        "video_tokens": 0
      },
      "cost_details": {
        "upstream_inference_cost": null,
        "upstream_inference_prompt_cost": 0.000165,
        "upstream_inference_completions_cost": 0.0028016
      },
      "completion_tokens_details": {
        "reasoning_tokens": 0,
        "image_tokens": 0
      }
    }
  }
}