{
  "episode_id": "6gb_prompt_d19090e22a372de7",
  "questions": [
    {
      "task_id": "T7",
      "task_name": "Compute Placement Decision",
      "source_turn": 7,
      "question": "The UAV is currently operating under mMTC slice with latency 130ms, jitter 18ms, loss 3.0%, throughput 0.8Mbps, and edge load 0.72. The mission requires inference for obstacle avoidance with SLA latency bound of 50ms and minimum throughput of 5Mbps. Onboard inference consumes 12W and reduces battery by 0.8% per minute; edge inference requires 150ms round-trip under current conditions. If network degrades further by 20% next turn, onboard inference will delay mission by 8 seconds per waypoint but preserves SLA. Edge inference may fail SLA if latency exceeds 150ms. Which option should be selected?",
      "options": {
        "A": "Use edge inference now; current latency 130ms is under 150ms threshold and edge load 0.72 is below 0.80 max.",
        "B": "Switch to onboard inference immediately; onboard latency is 10ms fixed and avoids SLA violation risk.",
        "C": "Wait one turn to see if network recovers; current edge load 0.72 may drop to 0.65 if traffic eases.",
        "D": "Use edge inference with 20% redundancy; throughput 0.8Mbps is insufficient but may suffice for compressed inference."
      },
      "correct": "B",
      "reason": "Onboard inference guarantees sub-10ms latency which satisfies the 50ms SLA even under worst-case network degradation. Edge inference currently at 130ms risks exceeding 150ms next turn if latency increases by 20% to 156ms. Battery cost of onboard inference is acceptable over the remaining mission duration. Waiting or relying on edge under degraded conditions incurs unacceptable SLA violation risk.",
      "rationale_tag": "SLA_GUARANTEE_UNDER_WORST_CASE",
      "difficulty": "very_hard"
    },
    {
      "task_id": "T8",
      "task_name": "Graceful Degradation under Edge Overload",
      "source_turn": 7,
      "question": "At turn 7, the UAV is operating under mMTC slice with edge_load at 0.72, latency at 130ms, jitter at 18ms, and loss_pct at 3.0, while the SLA requires latency under 100ms and edge_load under 0.75. The UAV must choose one of four degradation paths: A) deactivate thermal sensor and throttle heartbeat to 5s, reducing edge_load to 0.68 but increasing latency to 140ms; B) switch to URLLC slice immediately, which has 10ms latency but only 130Mbps throughput, risking sensor data loss if edge_load exceeds 0.75 in next turn; C) maintain current mMTC configuration, accepting 0.72 edge_load but risking SLA violation if edge_load rises to 0.76 next turn; D) reduce speed to 15mps, lowering edge_load to 0.65 but increasing mission time by 40%, with latency still at 130ms. The mission must complete within 3 turns and cannot exceed 0.75 edge_load or 100ms latency. What if the edge_load increases by 0.03 per turn under current conditions? Which option should be selected?",
      "options": {
        "A": "Deactivate thermal sensor and throttle heartbeat to 5s, accepting 140ms latency but edge_load 0.68.",
        "B": "Switch to URLLC slice immediately, accepting 10ms latency but risking edge_load 0.76 next turn.",
        "C": "Maintain current mMTC configuration, accepting edge_load 0.72 and latency 130ms.",
        "D": "Reduce speed to 15mps, lowering edge_load to 0.65 but increasing mission time by 40% with latency 130ms."
      },
      "correct": "D",
      "reason": "Option D reduces edge_load to 0. 65, which is safely below the 0. 75 SLA limit even if it increases by 0. 03 per turn over the next two turns. Latency remains at 130ms, which violates SLA, but the mission can tolerate this for two turns if no further degradation occurs.",
      "rationale_tag": "WORST_CASE_MARGIN_SAFETY",
      "difficulty": "very_hard"
    },
    {
      "task_id": "T9",
      "task_name": "Trust-Aware Offloading",
      "source_turn": 7,
      "question": "At turn 7, the UAV is operating under degraded mMTC slice conditions with 3.0% packet loss and 130ms latency, while edge load is at 0.72 and battery remains at 100%. The mission requires continuous sensor telemetry for terrain mapping, but the current slice cannot guarantee SLA compliance for real-time control. If the UAV continues offloading under these conditions for one more turn, the edge load may rise to 0.78, exceeding the trust threshold of 0.75 for safety-critical operations. Alternatively, switching to URLLC now would reduce latency to 10ms and loss to 0.04%, but would consume 15% more power per minute and risk exceeding the 85% battery threshold by turn 9 if weather worsens. A third option is to cache data locally and delay offloading until turn 9, but this risks data loss if the UAV experiences a crash due to unmonitored sensor drift. The final option is to abort the mission and return to base immediately, forfeiting 70% of collected data but preserving full battery and avoiding any trust violation. Which option should be selected?",
      "options": {
        "A": "Continue offloading under mMTC for one more turn, accepting edge load may reach 0.78, since current loss is still below 5% and battery is full.",
        "B": "Switch to URLLC immediately, accepting 15% higher power draw, because latency and loss meet SLA and edge load will drop to 0.55 by turn 8.",
        "C": "Cache data locally and delay offloading until turn 9, accepting risk of sensor drift, because edge load will naturally decrease to 0.65 if no new sensors are activated.",
        "D": "Abort mission and return to base immediately, accepting 70% data loss, because trust threshold of 0.75 is already exceeded and future edge load may hit 0.80."
      },
      "correct": "D",
      "reason": "The edge load of 0. 72 at turn 7 is already near the trust threshold of 0. 75, and projecting one turn forward shows it may reach 0. 78, which violates safety policy. Switching to URLLC reduces edge load but increases power consumption, risking battery depletion below 85% by turn 9 under adverse weather.",
      "rationale_tag": "TRUST_VIOLATION_AVOIDANCE",
      "difficulty": "very_hard"
    },
    {
      "task_id": "T10",
      "task_name": "SLA Violation Prediction",
      "source_turn": 7,
      "question": "At turn 7, the UAV is operating under mMTC slice with latency 130ms, jitter 18ms, loss 3.0%, throughput 0.8Mbps, and edge load 0.72. The SLA requires latency <100ms, loss <2.0%, and throughput >1.0Mbps. Historical trends show latency increases by 10ms per turn under mMTC, jitter by 3ms, loss by 0.5%, and throughput decreases by 0.1Mbps. Edge load is projected to reach 0.80 by turn 9. If the UAV continues current operations, SLA violation is certain by turn 9. Switching to URLLC at turn 8 would restore latency to 10ms, loss to 0.04%, throughput to 130Mbps, and edge load to 0.55, but requires 2 turns to stabilize and risks temporary disconnection during handover. Continuing mMTC risks immediate SLA breach by turn 8. Switching to eMBB at turn 8 would yield latency 12ms, loss 0.1%, throughput 850Mbps, edge load 0.35, but consumes 15% more battery per turn and may not support real-time control. Which option should be selected?",
      "options": {
        "A": "Continue mMTC: latency and loss are still within SLA at turn 7, and throughput may recover by turn 8.",
        "B": "Switch to URLLC at turn 8: restores all metrics to SLA-compliant levels after stabilization, despite handover risk.",
        "C": "Switch to eMBB at turn 8: provides superior throughput and low latency, with acceptable battery cost over 2 turns.",
        "D": "Deactivate all sensors and throttle heartbeat further: reduces edge load to 0.65, but throughput drops to 0.5Mbps and latency rises to 150ms."
      },
      "correct": "B",
      "reason": "Continuing mMTC will breach SLA by turn 8 as latency exceeds 100ms and loss exceeds 2. 0%. Switching to eMBB improves metrics but consumes excessive battery and may not support real-time control. Deactivating sensors worsens throughput and latency. Switching to URLLC at turn 8 restores all metrics to SLA compliance after stabilization and minimizes maximum regret across turns 8–10 despite handover risk.",
      "rationale_tag": "WORST_CASE_REGRET_MINIMIZATION",
      "difficulty": "very_hard"
    },
    {
      "task_id": "T16",
      "task_name": "Network-Exposed Compute Marketplace",
      "source_turn": 7,
      "question": "The UAV is currently operating under mMTC slice with latency 130ms, jitter 18ms, loss 3.0%, throughput 0.8Mbps, and edge_load 0.72. The mission requires real-time collision avoidance with a SLA of latency ≤15ms and loss ≤0.1%. A third-party compute provider offers to offload sensor fusion to their edge node at 120ms latency with 95% reliability, but charges 1.5 credits per second. The onboard compute can handle fusion at 140ms with 100% reliability but consumes 0.8 credits per second. If the network degrades further by 10% next turn, which option minimizes maximum regret over the next two turns while maintaining SLA compliance? A) Use onboard compute with throttled heartbeat to reduce load. B) Offload to third-party with 120ms latency and 95% reliability. C) Switch to URLLC slice immediately despite current edge_load of 0.55. D) Wait one turn to see if network recovers before deciding.",
      "options": {
        "A": "Use onboard compute with throttled heartbeat to reduce load.",
        "B": "Offload to third-party with 120ms latency and 95% reliability.",
        "C": "Switch to URLLC slice immediately despite current edge_load of 0.55.",
        "D": "Wait one turn to see if network recovers before deciding."
      },
      "correct": "C",
      "reason": "Switching to URLLC slice immediately ensures latency under 15ms and loss under 0. 1% as observed in turn 8. Onboard compute at 140ms violates SLA even if reliable. Third-party offload at 120ms is still above SLA and has reliability risk. Waiting risks further degradation and SLA violation.",
      "rationale_tag": "SLA_COMPLIANCE_UNDER_WORST_CASE",
      "difficulty": "very_hard"
    },
    {
      "task_id": "T17",
      "task_name": "Network-Knowledge RAG Augmentation",
      "source_turn": 7,
      "question": "At turn 7, the UAV is operating under mMTC slice with latency 130ms, jitter 18ms, loss 3.0%, throughput 0.8Mbps, and edge load 0.72. The mission requires RAG-augmented decision-making for sensor reactivation within 2 turns, but policy mandates latency under 100ms for safety-critical cognition. Historical data shows URLLC slice degrades to 12ms latency under edge load >0.65, and eMBB slice maintains 15ms latency but with 0.5% packet loss. If sensor reactivation increases edge load by 0.08 per sensor and the UAV must retain at least 20% battery for landing, which network slice and sensor configuration should be selected to minimize regret over the next 3 turns while ensuring RAG latency compliance?",
      "options": {
        "A": "Switch to URLLC slice and reactivate 1 sensor; projected edge load 0.80, worst-case latency 14ms, battery drop 5% per sensor.",
        "B": "Stay on mMTC slice and reactivate 2 sensors; projected edge load 0.88, worst-case latency 150ms, battery drop 3% per sensor.",
        "C": "Switch to eMBB slice and reactivate 1 sensor; projected edge load 0.80, worst-case latency 18ms, battery drop 4% per sensor.",
        "D": "Switch to URLLC slice and reactivate 2 sensors; projected edge load 0.88, worst-case latency 16ms, battery drop 5% per sensor."
      },
      "correct": "A",
      "reason": "Option A maintains latency under 100ms even under worst-case degradation and keeps edge load below 0. 85 where URLLC remains stable. Reactivating only one sensor preserves battery margin for landing while enabling RAG augmentation. Option D exceeds safe edge load and risks latency violation. Option C’s eMBB slice has higher jitter and loss, degrading RAG reliability.",
      "rationale_tag": "WORST_CASE_LATENCY_MARGIN",
      "difficulty": "very_hard"
    },
    {
      "task_id": "T18",
      "task_name": "AI Agent Identity & Onboarding",
      "source_turn": 8,
      "question": "At turn 8, the UAV is authorized to return to home with a waypoint set under URLLC slice, latency 10ms, jitter 1.2ms, loss 0.04%, throughput 130Mbps, edge_load 0.55. Historical data shows edge_load increased from 0.41 at turn 3 to 0.72 at turn 7 under mMTC, then dropped to 0.55 at turn 8. Wind remains at 8.5m/s from 240°, and battery is at 100%. If edge_load grows linearly at 0.03 per turn under URLLC and wind-induced drift could increase latency by up to 20% next turn, which identity policy should be enforced to ensure mission continuity without violating SLA latency bounds of 15ms? Option A: Maintain current URLLC identity with no throttling. Option B: Revert to eMBB identity with 12ms baseline latency but 0.35 edge_load. Option C: Switch to mMTC identity with 120ms latency but 0.68 edge_load, accepting SLA violation. Option D: Enforce hybrid identity with 8ms latency cap and 0.45 edge_load target, requiring sensor deactivation.",
      "options": {
        "A": "Maintain current URLLC identity with no throttling.",
        "B": "Revert to eMBB identity with 12ms baseline latency but 0.35 edge_load.",
        "C": "Switch to mMTC identity with 120ms latency but 0.68 edge_load, accepting SLA violation.",
        "D": "Enforce hybrid identity with 8ms latency cap and 0.45 edge_load target, requiring sensor deactivation."
      },
      "correct": "D",
      "reason": "The worst-case latency under URLLC next turn could reach 12ms due to 20% wind-induced drift, plus edge_load growth pushes it toward SLA violation. eMBB has lower edge_load but higher baseline latency and no margin for drift. mMTC violates SLA by design. Hybrid identity enforces a 8ms cap and 0. 45 edge_load target, which requires sensor deactivation but ensures SLA compliance over the next two turns even under worst-case drift and load growth.",
      "rationale_tag": "WORST_CASE_LATENCY_MARGIN",
      "difficulty": "very_hard"
    },
    {
      "task_id": "T22",
      "task_name": "Federated / Collaborative Learning Orchestration",
      "source_turn": 7,
      "question": "The UAV is currently operating under mMTC slice with latency 130ms, jitter 18ms, loss 3.0%, throughput 0.8Mbps, and edge load 0.72. Battery is at 85% and decreasing at 3% per turn. The mission requires federated model updates every 3 turns with minimum 1.5Mbps throughput and latency under 100ms. If network degradation persists, edge load will rise to 0.85 by turn 9. URLLC slice offers 130Mbps throughput but only 10% battery efficiency for computation. eMBB slice offers 900Mbps throughput but latency 12ms and edge load 0.38. Which option should be selected to ensure federated updates complete before battery drops below 20% while minimizing risk of SLA violation?",
      "options": {
        "A": "Switch to URLLC slice immediately; accept 10% battery efficiency to guarantee latency under 100ms and throughput above 1.5Mbps for next update.",
        "B": "Stay on mMTC slice; throttle heartbeat to 5s interval and deactivate non-critical sensors to reduce edge load to 0.65, hoping for recovery by turn 9.",
        "C": "Switch to eMBB slice; accept 12ms latency and 0.38 edge load to gain 900Mbps throughput, enabling faster model sync despite higher power draw.",
        "D": "Delay federated update until turn 10; conserve battery now and hope network recovers to eMBB levels by then, accepting risk of missed update window."
      },
      "correct": "C",
      "reason": "Switching to eMBB ensures throughput exceeds 1. 5Mbps and latency remains under 100ms for the next update. Battery will drop to 79% by turn 10, still above 20% threshold. mMTC cannot meet throughput or latency SLA even with throttling. URLLC’s 10% efficiency would drain battery to 15% by turn 10, risking mission failure.",
      "rationale_tag": "SLA_COMPLIANCE_UNDER_WORST_CASE",
      "difficulty": "very_hard"
    },
    {
      "task_id": "T26",
      "task_name": "Trust-Aware Third-Party Agent Exposure",
      "source_turn": 7,
      "question": "At turn 7, the UAV’s network slice degraded to mMTC with latency 130ms, jitter 18ms, loss 3.0%, throughput 0.8Mbps, and edge load 0.72. The agent deactivated one sensor and throttled heartbeat to reduce load. A third-party mapping agent requests full sensor API access and 50ms latency SLA for the next 3 turns. The UAV’s battery is at 85% and will drop 5% per turn if sensors remain active. The policy allows exposure only if edge load remains below 0.8 and latency stays under 100ms with 95% confidence. Wind gusts may increase loss by 1.5% next turn. Which option should be selected to minimize maximum regret over the next 3 turns while maintaining safety and compliance?",
      "options": {
        "A": "Grant full access with 50ms SLA; current edge load 0.72 is below 0.8 and latency 130ms is temporary.",
        "B": "Grant read-only telemetry access with 100ms SLA; disable all non-essential sensors to keep edge load under 0.75.",
        "C": "Deny all access; current network cannot meet SLA and wind may push loss to 4.5%, violating policy.",
        "D": "Grant partial access with 75ms SLA; activate one sensor and accept 0.78 edge load as acceptable risk."
      },
      "correct": "B",
      "reason": "Option B minimizes maximum regret by ensuring edge load stays under 0. 75 and latency under 100ms with high confidence. It avoids the risk of SLA violation from wind-induced loss increase. Battery degradation is slowed by sensor deactivation. Other options either exceed edge load limits or fail under worst-case loss projection.",
      "rationale_tag": "WORST_CASE_REGRET_MINIMIZATION",
      "difficulty": "very_hard"
    },
    {
      "task_id": "T30",
      "task_name": "Network Security Detection & Response Automation",
      "source_turn": 7,
      "question": "At turn 7, the network slice has degraded to mMTC with latency 130ms, jitter 18ms, packet loss 3.0%, throughput 0.8Mbps, and edge load 0.72. The UAV’s thermal and radar sensors remain offline, and battery is at 100%. The policy mandates SLA compliance: latency < 100ms, loss < 2.0%, and edge load < 0.75. If degradation persists for one more turn, edge load will exceed 0.75, violating SLA. A recovery to URLLC is possible but uncertain, with 60% probability of success and 40% chance of further degradation to 150ms latency. Option A reverts to eMBB with 120ms latency and 0.5% loss but risks 0.8 edge load next turn. Option B maintains mMTC and throttles heartbeat to 5s, projecting edge load to 0.75 next turn. Option C switches to URLLC immediately, accepting 10ms latency but risking 0.78 edge load if recovery fails. Option D initiates emergency return with 100ms latency and 1.0% loss, consuming 15% battery per turn. Which option should be selected?",
      "options": {
        "A": "Revert to eMBB slice with 120ms latency and 0.5% loss, accepting 0.8 edge load next turn.",
        "B": "Maintain mMTC slice and throttle heartbeat to 5s, projecting edge load to 0.75 next turn.",
        "C": "Switch to URLLC slice immediately, accepting 10ms latency but risking 0.78 edge load if recovery fails.",
        "D": "Initiate emergency return with 100ms latency and 1.0% loss, consuming 15% battery per turn."
      },
      "correct": "C",
      "reason": "Switching to URLLC minimizes maximum regret under worst-case uncertainty. Even if recovery fails, edge load reaches 0. 78, which exceeds SLA by 0. 03, but latency remains at 10ms, preserving control. Maintaining mMTC risks SLA violation with 0.",
      "rationale_tag": "WORST_CASE_REGRET_MINIMIZATION",
      "difficulty": "very_hard"
    }
  ]
}