{
  "initial_state": {
    "domain": "uav",
    "time_s": 0.0,
    "env": {
      "weather": "good",
      "wind_mps": 6.5,
      "wind_dir_deg": 240.0
    },
    "airspace": {
      "alt_bounds": [
        20.0,
        150.0
      ],
      "geofence": [
        {
          "type": "polygon",
          "points": [
            [
              100,
              100
            ],
            [
              100,
              900
            ],
            [
              900,
              900
            ],
            [
              900,
              100
            ]
          ]
        }
      ]
    },
    "uav": {
      "pose": {
        "x": 150.0,
        "y": 150.0,
        "z": 30.0,
        "yaw": 80.0
      },
      "speed_mps": 22.0,
      "energy": {
        "battery_pct": 100.0
      },
      "sensors": {
        "rgb": "ok",
        "thermal": "ok",
        "lidar": "ok",
        "radar": "offline",
        "gnss": "ok",
        "imu": "ok",
        "magnetometer": "ok",
        "barometer": "ok"
      },
      "payloads": []
    },
    "policy": {
      "alt_bounds": [
        20.0,
        150.0
      ]
    },
    "safety_flags": {
      "nfz_violation": false,
      "separation_breach": false
    }
  },
  "dialogue": [
    {
      "turn": 1,
      "speaker": "agent",
      "intent": "initiate_survey_mission",
      "actions": [
        {
          "type": "mcp",
          "name": "read_telemetry",
          "args": {}
        },
        {
          "type": "a2a",
          "task": "request_swarm_coverage",
          "to": "uav_swarm_agent",
          "payload": {
            "target_area": [
              [
                200,
                200
              ],
              [
                200,
                800
              ],
              [
                800,
                800
              ],
              [
                800,
                200
              ]
            ],
            "priority": "high"
          }
        }
      ],
      "obs": [
        {
          "tool": "read_telemetry",
          "result": {
            "pose": {
              "x": 150.0,
              "y": 150.0,
              "z": 30.0
            },
            "battery_pct": 100.0,
            "speed_mps": 22.0
          }
        },
        {
          "task": "request_swarm_coverage",
          "from": "uav_swarm_agent",
          "status": "acknowledged",
          "payload": {
            "expected_completion": "t+120s"
          }
        }
      ],
      "net": {
        "slice": "eMBB",
        "lat_ms": 12,
        "jitter_ms": 2,
        "loss_pct": 0.1,
        "throughput_mbps": 850,
        "edge_load": 0.35
      }
    },
    {
      "turn": 2,
      "speaker": "user",
      "intent": "approve_mission_and_request_update_rate",
      "actions": [
        {
          "type": "mcp",
          "name": "set_update_rate",
          "args": {
            "rate_hz": 5
          }
        }
      ],
      "obs": [
        {
          "tool": "set_update_rate",
          "result": {
            "achieved_rate_hz": 5,
            "latency_impact": "low"
          }
        }
      ],
      "net": {
        "slice": "eMBB",
        "lat_ms": 11,
        "jitter_ms": 1.8,
        "loss_pct": 0.05,
        "throughput_mbps": 870,
        "edge_load": 0.37
      }
    },
    {
      "turn": 3,
      "speaker": "agent",
      "intent": "adjust_flight_path_for_coverage",
      "actions": [
        {
          "type": "mcp",
          "name": "navigate_to_waypoint",
          "args": {
            "waypoint": {
              "x": 250.0,
              "y": 250.0,
              "z": 50.0
            }
          }
        }
      ],
      "obs": [
        {
          "tool": "navigate_to_waypoint",
          "result": {
            "status": "en_route",
            "eta_s": 18,
            "fuel_consumption_rate": 0.8
          }
        }
      ],
      "net": {
        "slice": "URLLC",
        "lat_ms": 8,
        "jitter_ms": 0.9,
        "loss_pct": 0.02,
        "throughput_mbps": 120,
        "edge_load": 0.4
      }
    },
    {
      "turn": 4,
      "speaker": "user",
      "intent": "request_thermal_scan",
      "actions": [
        {
          "type": "mcp",
          "name": "activate_sensor",
          "args": {
            "sensor": "thermal",
            "mode": "high_res"
          }
        }
      ],
      "obs": [
        {
          "tool": "activate_sensor",
          "result": {
            "sensor": "thermal",
            "status": "active",
            "power_draw_pct": 3.2
          }
        }
      ],
      "net": {
        "slice": "eMBB",
        "lat_ms": 14,
        "jitter_ms": 2.1,
        "loss_pct": 0.12,
        "throughput_mbps": 800,
        "edge_load": 0.45
      }
    },
    {
      "turn": 5,
      "speaker": "agent",
      "intent": "detect_network_degradation_and_adapt",
      "actions": [
        {
          "type": "mcp",
          "name": "read_network_status",
          "args": {}
        }
      ],
      "obs": [
        {
          "tool": "read_network_status",
          "result": {
            "current_slice": "eMBB",
            "predicted_jitter_spike": true,
            "recommended_action": "switch_to_URLLC"
          }
        }
      ],
      "net": {
        "slice": "eMBB",
        "lat_ms": 25,
        "jitter_ms": 12.5,
        "loss_pct": 1.8,
        "throughput_mbps": 320,
        "edge_load": 0.78
      }
    },
    {
      "turn": 6,
      "speaker": "user",
      "intent": "switch_to_reliable_slice_for_safety",
      "actions": [
        {
          "type": "mcp",
          "name": "switch_network_slice",
          "args": {
            "target_slice": "URLLC"
          }
        },
        {
          "type": "a2a",
          "task": "report_link_degradation",
          "to": "uav_swarm_agent",
          "payload": {
            "severity": "medium",
            "duration_estimate": 30
          }
        }
      ],
      "obs": [
        {
          "tool": "switch_network_slice",
          "result": {
            "status": "success",
            "new_slice": "URLLC",
            "latency": 9
          }
        },
        {
          "task": "report_link_degradation",
          "from": "uav_swarm_agent",
          "status": "logged",
          "payload": {
            "mitigation_started": true
          }
        }
      ],
      "net": {
        "slice": "URLLC",
        "lat_ms": 9,
        "jitter_ms": 1.1,
        "loss_pct": 0.03,
        "throughput_mbps": 110,
        "edge_load": 0.52
      }
    },
    {
      "turn": 7,
      "speaker": "agent",
      "intent": "instruct_return_if_unstable",
      "actions": [],
      "obs": [],
      "net": {
        "slice": "URLLC",
        "lat_ms": 10,
        "jitter_ms": 1.3,
        "loss_pct": 0.04,
        "throughput_mbps": 105,
        "edge_load": 0.54
      }
    },
    {
      "turn": 8,
      "speaker": "user",
      "intent": "resume_navigation_with_caution",
      "actions": [
        {
          "type": "mcp",
          "name": "navigate_to_waypoint",
          "args": {
            "waypoint": {
              "x": 400.0,
              "y": 600.0,
              "z": 70.0
            }
          }
        }
      ],
      "obs": [
        {
          "tool": "navigate_to_waypoint",
          "result": {
            "status": "en_route",
            "eta_s": 28,
            "battery_after": 92.3
          }
        }
      ],
      "net": {
        "slice": "URLLC",
        "lat_ms": 9.5,
        "jitter_ms": 1.0,
        "loss_pct": 0.02,
        "throughput_mbps": 115,
        "edge_load": 0.51
      }
    },
    {
      "turn": 9,
      "speaker": "agent",
      "intent": "confirm_completion_criteria",
      "actions": [
        {
          "type": "mcp",
          "name": "check_mission_progress",
          "args": {}
        }
      ],
      "obs": [
        {
          "tool": "check_mission_progress",
          "result": {
            "coverage_pct": 78,
            "targets_detected": 12,
            "anomalies": [
              "heat_signature_07"
            ]
          }
        }
      ],
      "net": {
        "slice": "mMTC",
        "lat_ms": 18,
        "jitter_ms": 5,
        "loss_pct": 0.2,
        "throughput_mbps": 1.2,
        "edge_load": 0.3
      }
    },
    {
      "turn": 10,
      "speaker": "user",
      "intent": "perform_final_survey_sweep",
      "actions": [
        {
          "type": "mcp",
          "name": "activate_sensor",
          "args": {
            "sensor": "lidar",
            "mode": "obstacle_mapping"
          }
        },
        {
          "type": "mcp",
          "name": "navigate_to_waypoint",
          "args": {
            "waypoint": {
              "x": 150.0,
              "y": 150.0,
              "z": 30.0
            }
          }
        }
      ],
      "obs": [
        {
          "tool": "activate_sensor",
          "result": {
            "sensor": "lidar",
            "status": "active",
            "power_draw_pct": 2.8
          }
        },
        {
          "tool": "navigate_to_waypoint",
          "result": {
            "status": "en_route",
            "eta_s": 35,
            "battery_after": 85.1
          }
        }
      ],
      "net": {
        "slice": "URLLC",
        "lat_ms": 8.7,
        "jitter_ms": 0.8,
        "loss_pct": 0.01,
        "throughput_mbps": 130,
        "edge_load": 0.48
      }
    }
  ],
  "final_state": {
    "domain": "uav",
    "time_s": 120.0,
    "env": {
      "weather": "good",
      "wind_mps": 6.5,
      "wind_dir_deg": 240.0
    },
    "airspace": {
      "alt_bounds": [
        20.0,
        150.0
      ],
      "geofence": [
        {
          "type": "polygon",
          "points": [
            [
              100,
              100
            ],
            [
              100,
              900
            ],
            [
              900,
              900
            ],
            [
              900,
              100
            ]
          ]
        }
      ]
    },
    "uav": {
      "pose": {
        "x": 150.0,
        "y": 150.0,
        "z": 30.0,
        "yaw": 80.0
      },
      "speed_mps": 0.0,
      "energy": {
        "battery_pct": 85.1
      },
      "sensors": {
        "rgb": "ok",
        "thermal": "active",
        "lidar": "active",
        "radar": "offline",
        "gnss": "ok",
        "imu": "ok",
        "magnetometer": "ok",
        "barometer": "ok"
      },
      "payloads": []
    },
    "policy": {
      "alt_bounds": [
        20.0,
        150.0
      ]
    },
    "safety_flags": {
      "nfz_violation": false,
      "separation_breach": false
    }
  },
  "success": true,
  "_meta": {
    "seed": 42,
    "ts": 1764067387,
    "ts_iso": "2025-11-25T10:43:07Z",
    "gen_time_s": 125.87513470649719,
    "attempts_used": 3,
    "generation_failed": false,
    "usage": {
      "prompt_tokens": 1084,
      "completion_tokens": 3133,
      "total_tokens": 4217,
      "cost": 0.002678,
      "is_byok": false,
      "prompt_tokens_details": {
        "cached_tokens": 608,
        "audio_tokens": 0,
        "video_tokens": 0
      },
      "cost_details": {
        "upstream_inference_cost": null,
        "upstream_inference_prompt_cost": 0.0001716,
        "upstream_inference_completions_cost": 0.0025064
      },
      "completion_tokens_details": {
        "reasoning_tokens": 0,
        "image_tokens": 0
      }
    }
  }
}