{
  "initial_state": {
    "domain": "uav",
    "time_s": 0.0,
    "env": {
      "weather": "thermal_updrafts",
      "wind_mps": 6.0,
      "wind_dir_deg": 180.0
    },
    "airspace": {
      "alt_bounds": [
        30.0,
        120.0
      ],
      "geofence": [
        {
          "type": "polygon",
          "points": [
            [
              100.0,
              100.0
            ],
            [
              900.0,
              100.0
            ],
            [
              900.0,
              800.0
            ],
            [
              100.0,
              800.0
            ]
          ]
        }
      ]
    },
    "uav": {
      "pose": {
        "x": 150.0,
        "y": 150.0,
        "z": 50.0,
        "yaw": 0.0
      },
      "speed_mps": 22.0,
      "energy": {
        "battery_pct": 100.0
      },
      "sensors": {
        "rgb": "ok",
        "thermal": "offline",
        "lidar": "offline",
        "radar": "offline",
        "gnss": "ok",
        "imu": "ok",
        "magnetometer": "ok",
        "barometer": "ok"
      },
      "payloads": []
    },
    "policy": {
      "alt_bounds": [
        30.0,
        120.0
      ]
    },
    "safety_flags": {
      "nfz_violation": false,
      "separation_breach": false
    }
  },
  "dialogue": [
    {
      "turn": 1,
      "speaker": "agent",
      "intent": "initiate_survey_mission",
      "actions": [
        {
          "type": "mcp",
          "name": "read_telemetry",
          "args": {}
        },
        {
          "type": "mcp",
          "name": "activate_sensor",
          "args": {
            "sensor": "thermal"
          }
        }
      ],
      "obs": [
        {
          "tool": "read_telemetry",
          "result": {
            "pose": {
              "x": 150.0,
              "y": 150.0,
              "z": 50.0
            },
            "battery_pct": 100.0,
            "speed_mps": 22.0
          }
        },
        {
          "tool": "activate_sensor",
          "result": {
            "sensor": "thermal",
            "status": "activated"
          }
        }
      ],
      "net": {
        "slice": "eMBB",
        "lat_ms": 12,
        "jitter_ms": 2,
        "loss_pct": 0.1,
        "throughput_mbps": 850,
        "edge_load": 0.35
      }
    },
    {
      "turn": 2,
      "speaker": "user",
      "intent": "confirm_mission_and_monitor",
      "actions": [
        {
          "type": "mcp",
          "name": "get_mission_plan",
          "args": {}
        }
      ],
      "obs": [
        {
          "tool": "get_mission_plan",
          "result": {
            "waypoints": [
              {
                "x": 200.0,
                "y": 200.0,
                "z": 60.0
              },
              {
                "x": 400.0,
                "y": 400.0,
                "z": 80.0
              },
              {
                "x": 700.0,
                "y": 700.0,
                "z": 100.0
              }
            ],
            "task": "thermal_survey"
          }
        }
      ],
      "net": {
        "slice": "eMBB",
        "lat_ms": 11,
        "jitter_ms": 1.8,
        "loss_pct": 0.05,
        "throughput_mbps": 900,
        "edge_load": 0.3
      }
    },
    {
      "turn": 3,
      "speaker": "agent",
      "intent": "adjust_route_for_thermal_efficiency",
      "actions": [
        {
          "type": "mcp",
          "name": "compute_optimal_path",
          "args": {
            "strategy": "glide_assist",
            "wind_dir_deg": 180.0
          }
        }
      ],
      "obs": [
        {
          "tool": "compute_optimal_path",
          "result": {
            "waypoints": [
              {
                "x": 180.0,
                "y": 180.0,
                "z": 55.0
              },
              {
                "x": 380.0,
                "y": 380.0,
                "z": 75.0
              },
              {
                "x": 680.0,
                "y": 680.0,
                "z": 95.0
              }
            ],
            "energy_savings_pct": 12.4
          }
        }
      ],
      "net": {
        "slice": "URLLC",
        "lat_ms": 8,
        "jitter_ms": 1,
        "loss_pct": 0.02,
        "throughput_mbps": 120,
        "edge_load": 0.2
      }
    },
    {
      "turn": 4,
      "speaker": "user",
      "intent": "request_swarm_coordination",
      "actions": [
        {
          "type": "a2a",
          "task": "collision_avoidance",
          "to": "uav_swarm_agent",
          "payload": {
            "current_pose": {
              "x": 180.0,
              "y": 180.0,
              "z": 55.0
            },
            "next_waypoint": {
              "x": 380.0,
              "y": 380.0,
              "z": 75.0
            }
          }
        }
      ],
      "obs": [
        {
          "task": "collision_avoidance",
          "from": "uav_swarm_agent",
          "status": "ok",
          "payload": {
            "clearance": "safe",
            "recommended_alt_adjust": 0
          }
        }
      ],
      "net": {
        "slice": "URLLC",
        "lat_ms": 7,
        "jitter_ms": 0.9,
        "loss_pct": 0.01,
        "throughput_mbps": 110,
        "edge_load": 0.18
      }
    },
    {
      "turn": 5,
      "speaker": "agent",
      "intent": "execute_waypoint_transition",
      "actions": [
        {
          "type": "mcp",
          "name": "move_to_waypoint",
          "args": {
            "target": {
              "x": 380.0,
              "y": 380.0,
              "z": 75.0
            },
            "speed": 20.0
          }
        }
      ],
      "obs": [
        {
          "tool": "move_to_waypoint",
          "result": {
            "status": "in_progress",
            "eta_s": 14.2,
            "energy_consumed_pct": 1.8
          }
        }
      ],
      "net": {
        "slice": "eMBB",
        "lat_ms": 13,
        "jitter_ms": 2.1,
        "loss_pct": 0.2,
        "throughput_mbps": 800,
        "edge_load": 0.4
      }
    },
    {
      "turn": 6,
      "speaker": "user",
      "intent": "check_sensor_data_quality",
      "actions": [
        {
          "type": "mcp",
          "name": "capture_image",
          "args": {
            "sensor": "thermal",
            "resolution": "high"
          }
        }
      ],
      "obs": [
        {
          "tool": "capture_image",
          "result": {
            "sensor": "thermal",
            "status": "success",
            "data_size_mb": 4.2,
            "quality": "high"
          }
        }
      ],
      "net": {
        "slice": "eMBB",
        "lat_ms": 15,
        "jitter_ms": 3,
        "loss_pct": 0.5,
        "throughput_mbps": 750,
        "edge_load": 0.45
      }
    },
    {
      "turn": 7,
      "speaker": "agent",
      "intent": "detect_network_degradation",
      "actions": [
        {
          "type": "mcp",
          "name": "diagnose_link",
          "args": {}
        }
      ],
      "obs": [
        {
          "tool": "diagnose_link",
          "result": {
            "current_slice": "eMBB",
            "recommended_slice": "URLLC",
            "reason": "increased_jitter"
          }
        }
      ],
      "net": {
        "slice": "eMBB",
        "lat_ms": 25,
        "jitter_ms": 12,
        "loss_pct": 2.1,
        "throughput_mbps": 300,
        "edge_load": 0.75
      }
    },
    {
      "turn": 8,
      "speaker": "user",
      "intent": "initiate_adaptive_response",
      "actions": [
        {
          "type": "mcp",
          "name": "switch_network_slice",
          "args": {
            "target_slice": "URLLC"
          }
        }
      ],
      "obs": [
        {
          "tool": "switch_network_slice",
          "result": {
            "status": "success",
            "old_slice": "eMBB",
            "new_slice": "URLLC"
          }
        }
      ],
      "net": {
        "slice": "URLLC",
        "lat_ms": 9,
        "jitter_ms": 1.2,
        "loss_pct": 0.03,
        "throughput_mbps": 100,
        "edge_load": 0.22
      }
    },
    {
      "turn": 9,
      "speaker": "agent",
      "intent": "resume_survey_with_adaptation",
      "actions": [
        {
          "type": "mcp",
          "name": "move_to_waypoint",
          "args": {
            "target": {
              "x": 680.0,
              "y": 680.0,
              "z": 95.0
            },
            "speed": 18.0
          }
        },
        {
          "type": "a2a",
          "task": "data_sync",
          "to": "ground_station_agent",
          "payload": {
            "transmission_mode": "compressed",
            "priority": "high"
          }
        }
      ],
      "obs": [
        {
          "tool": "move_to_waypoint",
          "result": {
            "status": "in_progress",
            "eta_s": 18.5,
            "energy_consumed_pct": 2.1
          }
        },
        {
          "task": "data_sync",
          "from": "ground_station_agent",
          "status": "acknowledged",
          "payload": {
            "mode": "compressed",
            "bandwidth_allocated_mbps": 95
          }
        }
      ],
      "net": {
        "slice": "URLLC",
        "lat_ms": 8.5,
        "jitter_ms": 1.0,
        "loss_pct": 0.02,
        "throughput_mbps": 95,
        "edge_load": 0.25
      }
    },
    {
      "turn": 10,
      "speaker": "user",
      "intent": "verify_completion_and_safety",
      "actions": [
        {
          "type": "mcp",
          "name": "read_telemetry",
          "args": {}
        }
      ],
      "obs": [
        {
          "tool": "read_telemetry",
          "result": {
            "pose": {
              "x": 680.0,
              "y": 680.0,
              "z": 95.0
            },
            "battery_pct": 95.1,
            "speed_mps": 0.0,
            "status": "waypoint_reached"
          }
        }
      ],
      "net": {
        "slice": "URLLC",
        "lat_ms": 8,
        "jitter_ms": 0.9,
        "loss_pct": 0.01,
        "throughput_mbps": 105,
        "edge_load": 0.19
      }
    }
  ],
  "final_state": {
    "domain": "uav",
    "time_s": 180.0,
    "env": {
      "weather": "thermal_updrafts",
      "wind_mps": 6.0,
      "wind_dir_deg": 180.0
    },
    "airspace": {
      "alt_bounds": [
        30.0,
        120.0
      ],
      "geofence": [
        {
          "type": "polygon",
          "points": [
            [
              100.0,
              100.0
            ],
            [
              900.0,
              100.0
            ],
            [
              900.0,
              800.0
            ],
            [
              100.0,
              800.0
            ]
          ]
        }
      ]
    },
    "uav": {
      "pose": {
        "x": 680.0,
        "y": 680.0,
        "z": 95.0,
        "yaw": 0.0
      },
      "speed_mps": 0.0,
      "energy": {
        "battery_pct": 95.1
      },
      "sensors": {
        "rgb": "ok",
        "thermal": "ok",
        "lidar": "offline",
        "radar": "offline",
        "gnss": "ok",
        "imu": "ok",
        "magnetometer": "ok",
        "barometer": "ok"
      },
      "payloads": []
    },
    "policy": {
      "alt_bounds": [
        30.0,
        120.0
      ]
    },
    "safety_flags": {
      "nfz_violation": false,
      "separation_breach": false
    }
  },
  "success": true,
  "_meta": {
    "seed": 42,
    "ts": 1763784583,
    "ts_iso": "2025-11-22T04:09:43Z",
    "gen_time_s": 62.12573957443237,
    "attempts_used": 1,
    "generation_failed": false,
    "usage": {
      "prompt_tokens": 1075,
      "completion_tokens": 3532,
      "total_tokens": 4607,
      "cost": 0.00299522,
      "is_byok": false,
      "prompt_tokens_details": {
        "cached_tokens": 608,
        "audio_tokens": 0,
        "video_tokens": 0
      },
      "cost_details": {
        "upstream_inference_cost": null,
        "upstream_inference_prompt_cost": 0.00016962,
        "upstream_inference_completions_cost": 0.0028256
      },
      "completion_tokens_details": {
        "reasoning_tokens": 0,
        "image_tokens": 0
      }
    }
  }
}