{
  "initial_state": {
    "domain": "uav",
    "time_s": 0.0,
    "env": {
      "weather": "good",
      "wind_mps": 3.5,
      "wind_dir_deg": 180.0
    },
    "airspace": {
      "alt_bounds": [
        0.5,
        10.0
      ],
      "geofence": [
        {
          "type": "polygon",
          "points": [
            [
              0.0,
              0.0
            ],
            [
              20.0,
              0.0
            ],
            [
              20.0,
              15.0
            ],
            [
              0.0,
              15.0
            ]
          ]
        }
      ]
    },
    "uav": {
      "pose": {
        "x": 2.0,
        "y": 2.0,
        "z": 2.0,
        "yaw": 90.0
      },
      "speed_mps": 12.0,
      "energy": {
        "battery_pct": 100.0
      },
      "sensors": {
        "rgb": "ok",
        "thermal": "offline",
        "lidar": "ok",
        "radar": "offline",
        "gnss": "ok",
        "imu": "ok",
        "magnetometer": "ok",
        "barometer": "ok"
      },
      "payloads": []
    },
    "policy": {
      "alt_bounds": [
        0.5,
        10.0
      ]
    },
    "safety_flags": {
      "nfz_violation": false,
      "separation_breach": false
    }
  },
  "dialogue": [
    {
      "turn": 1,
      "speaker": "agent",
      "intent": "initiate_mission",
      "actions": [
        {
          "type": "mcp",
          "name": "read_telemetry",
          "args": {}
        },
        {
          "type": "a2a",
          "task": "swarm_status_check",
          "to": "uav_swarm_agent",
          "payload": {
            "uav_id": "uav_01",
            "status": "standby"
          }
        }
      ],
      "obs": [
        {
          "tool": "read_telemetry",
          "result": {
            "pose": {
              "x": 2.0,
              "y": 2.0,
              "z": 2.0
            },
            "battery_pct": 100.0,
            "speed_mps": 12.0
          }
        },
        {
          "task": "swarm_status_check",
          "from": "uav_swarm_agent",
          "status": "ok",
          "payload": {
            "swarm_in_flight": false,
            "leader_uav": "uav_01"
          }
        }
      ],
      "net": {
        "slice": "eMBB",
        "lat_ms": 12,
        "jitter_ms": 2,
        "loss_pct": 0.1,
        "throughput_mbps": 850,
        "edge_load": 0.3
      }
    },
    {
      "turn": 2,
      "speaker": "user",
      "intent": "confirm_takeoff",
      "actions": [
        {
          "type": "mcp",
          "name": "set_waypoint",
          "args": {
            "x": 10.0,
            "y": 10.0,
            "z": 8.0
          }
        }
      ],
      "obs": [
        {
          "tool": "set_waypoint",
          "result": {
            "status": "accepted",
            "eta_s": 45
          }
        }
      ],
      "net": {
        "slice": "eMBB",
        "lat_ms": 10,
        "jitter_ms": 1.5,
        "loss_pct": 0.05,
        "throughput_mbps": 900,
        "edge_load": 0.25
      }
    },
    {
      "turn": 3,
      "speaker": "agent",
      "intent": "execute_waypoint",
      "actions": [
        {
          "type": "mcp",
          "name": "navigate_to",
          "args": {
            "waypoint": {
              "x": 10.0,
              "y": 10.0,
              "z": 8.0
            },
            "speed": 12.0
          }
        }
      ],
      "obs": [
        {
          "tool": "navigate_to",
          "result": {
            "status": "in_progress",
            "current_speed": 12.0,
            "estimated_arrival": 45
          }
        }
      ],
      "net": {
        "slice": "URLLC",
        "lat_ms": 8,
        "jitter_ms": 0.8,
        "loss_pct": 0.02,
        "throughput_mbps": 100,
        "edge_load": 0.4
      }
    },
    {
      "turn": 4,
      "speaker": "user",
      "intent": "request_sensor_update",
      "actions": [
        {
          "type": "mcp",
          "name": "activate_sensor",
          "args": {
            "sensor": "thermal"
          }
        }
      ],
      "obs": [
        {
          "tool": "activate_sensor",
          "result": {
            "sensor": "thermal",
            "status": "failed",
            "reason": "hardware_offline"
          }
        }
      ],
      "net": {
        "slice": "mMTC",
        "lat_ms": 50,
        "jitter_ms": 10,
        "loss_pct": 0.5,
        "throughput_mbps": 1,
        "edge_load": 0.6
      }
    },
    {
      "turn": 5,
      "speaker": "agent",
      "intent": "diagnose_sensor",
      "actions": [
        {
          "type": "mcp",
          "name": "run_diagnostic",
          "args": {
            "target": "thermal_sensor"
          }
        }
      ],
      "obs": [
        {
          "tool": "run_diagnostic",
          "result": {
            "target": "thermal_sensor",
            "status": "failed",
            "error_code": "E404",
            "recommendation": "manual_repair_required"
          }
        }
      ],
      "net": {
        "slice": "URLLC",
        "lat_ms": 9,
        "jitter_ms": 1.0,
        "loss_pct": 0.01,
        "throughput_mbps": 120,
        "edge_load": 0.35
      }
    },
    {
      "turn": 6,
      "speaker": "user",
      "intent": "adjust_altitude_for_obstacle",
      "actions": [
        {
          "type": "mcp",
          "name": "set_waypoint",
          "args": {
            "x": 10.0,
            "y": 10.0,
            "z": 9.5
          }
        }
      ],
      "obs": [
        {
          "tool": "set_waypoint",
          "result": {
            "status": "accepted",
            "eta_s": 10
          }
        }
      ],
      "net": {
        "slice": "eMBB",
        "lat_ms": 15,
        "jitter_ms": 3,
        "loss_pct": 0.2,
        "throughput_mbps": 800,
        "edge_load": 0.5
      }
    },
    {
      "turn": 7,
      "speaker": "agent",
      "intent": "avoid_obstacle",
      "actions": [
        {
          "type": "a2a",
          "task": "collision_avoidance",
          "to": "uav_swarm_agent",
          "payload": {
            "obstacle_detected": true,
            "position": {
              "x": 10.2,
              "y": 10.1,
              "z": 8.2
            },
            "type": "static"
          }
        }
      ],
      "obs": [
        {
          "task": "collision_avoidance",
          "from": "uav_swarm_agent",
          "status": "ok",
          "payload": {
            "action_taken": "altitude_adjusted",
            "new_z": 9.5
          }
        }
      ],
      "net": {
        "slice": "URLLC",
        "lat_ms": 7,
        "jitter_ms": 0.5,
        "loss_pct": 0.0,
        "throughput_mbps": 150,
        "edge_load": 0.3
      }
    },
    {
      "turn": 8,
      "speaker": "user",
      "intent": "initiate_return",
      "actions": [
        {
          "type": "mcp",
          "name": "set_waypoint",
          "args": {
            "x": 2.0,
            "y": 2.0,
            "z": 2.0
          }
        }
      ],
      "obs": [
        {
          "tool": "set_waypoint",
          "result": {
            "status": "accepted",
            "eta_s": 50
          }
        }
      ],
      "net": {
        "slice": "mMTC",
        "lat_ms": 60,
        "jitter_ms": 15,
        "loss_pct": 1.0,
        "throughput_mbps": 0.8,
        "edge_load": 0.7
      }
    },
    {
      "turn": 9,
      "speaker": "agent",
      "intent": "monitor_return",
      "actions": [
        {
          "type": "mcp",
          "name": "read_telemetry",
          "args": {}
        }
      ],
      "obs": [
        {
          "tool": "read_telemetry",
          "result": {
            "pose": {
              "x": 8.0,
              "y": 8.0,
              "z": 9.5
            },
            "battery_pct": 78.0,
            "speed_mps": 12.0
          }
        }
      ],
      "net": {
        "slice": "URLLC",
        "lat_ms": 8,
        "jitter_ms": 1.2,
        "loss_pct": 0.03,
        "throughput_mbps": 110,
        "edge_load": 0.4
      }
    },
    {
      "turn": 10,
      "speaker": "user",
      "intent": "confirm_landing",
      "actions": [
        {
          "type": "mcp",
          "name": "land",
          "args": {
            "precision": true
          }
        }
      ],
      "obs": [
        {
          "tool": "land",
          "result": {
            "status": "initiated",
            "final_pose": {
              "x": 2.0,
              "y": 2.0,
              "z": 0.5
            }
          }
        }
      ],
      "net": {
        "slice": "URLLC",
        "lat_ms": 6,
        "jitter_ms": 0.7,
        "loss_pct": 0.0,
        "throughput_mbps": 130,
        "edge_load": 0.2
      }
    }
  ],
  "final_state": {
    "domain": "uav",
    "time_s": 150.0,
    "env": {
      "weather": "good",
      "wind_mps": 3.5,
      "wind_dir_deg": 180.0
    },
    "airspace": {
      "alt_bounds": [
        0.5,
        10.0
      ],
      "geofence": [
        {
          "type": "polygon",
          "points": [
            [
              0.0,
              0.0
            ],
            [
              20.0,
              0.0
            ],
            [
              20.0,
              15.0
            ],
            [
              0.0,
              15.0
            ]
          ]
        }
      ]
    },
    "uav": {
      "pose": {
        "x": 2.0,
        "y": 2.0,
        "z": 0.5,
        "yaw": 90.0
      },
      "speed_mps": 0.0,
      "energy": {
        "battery_pct": 65.0
      },
      "sensors": {
        "rgb": "ok",
        "thermal": "offline",
        "lidar": "ok",
        "radar": "offline",
        "gnss": "ok",
        "imu": "ok",
        "magnetometer": "ok",
        "barometer": "ok"
      },
      "payloads": []
    },
    "policy": {
      "alt_bounds": [
        0.5,
        10.0
      ]
    },
    "safety_flags": {
      "nfz_violation": false,
      "separation_breach": false
    }
  },
  "success": true,
  "_meta": {
    "seed": 42,
    "ts": 1763711461,
    "ts_iso": "2025-11-21T07:51:01Z",
    "gen_time_s": 44.51687788963318,
    "attempts_used": 1,
    "generation_failed": false,
    "usage": {
      "prompt_tokens": 1047,
      "completion_tokens": 3126,
      "total_tokens": 4173,
      "cost": 0.0026625,
      "is_byok": false,
      "prompt_tokens_details": {
        "cached_tokens": 624,
        "audio_tokens": 0,
        "video_tokens": 0
      },
      "cost_details": {
        "upstream_inference_cost": null,
        "upstream_inference_prompt_cost": 0.0001617,
        "upstream_inference_completions_cost": 0.0025008
      },
      "completion_tokens_details": {
        "reasoning_tokens": 0,
        "image_tokens": 0
      }
    }
  }
}