{
  "initial_state": {
    "domain": "uav",
    "time_s": 0.0,
    "env": {
      "weather": "good",
      "wind_mps": 8.0,
      "wind_dir_deg": 270.0
    },
    "airspace": {
      "alt_bounds": [
        10.0,
        120.0
      ],
      "geofence": [
        {
          "type": "polygon",
          "points": [
            [
              0.0,
              0.0
            ],
            [
              200.0,
              0.0
            ],
            [
              200.0,
              300.0
            ],
            [
              0.0,
              300.0
            ]
          ]
        }
      ]
    },
    "uav": {
      "pose": {
        "x": 10.0,
        "y": 10.0,
        "z": 20.0,
        "yaw": 90.0
      },
      "speed_mps": 22.0,
      "energy": {
        "battery_pct": 100.0
      },
      "sensors": {
        "rgb": "ok",
        "thermal": "offline",
        "lidar": "offline",
        "radar": "offline",
        "gnss": "ok",
        "imu": "ok",
        "magnetometer": "ok",
        "barometer": "ok"
      },
      "payloads": []
    },
    "policy": {
      "alt_bounds": [
        10.0,
        120.0
      ]
    },
    "safety_flags": {
      "nfz_violation": false,
      "separation_breach": false
    }
  },
  "dialogue": [
    {
      "turn": 1,
      "speaker": "agent",
      "intent": "initiate inspection mission",
      "actions": [
        {
          "type": "mcp",
          "name": "read_telemetry",
          "args": {}
        },
        {
          "type": "mcp",
          "name": "activate_sensor",
          "args": {
            "sensor": "thermal"
          }
        }
      ],
      "obs": [
        {
          "tool": "read_telemetry",
          "result": {
            "pose": {
              "x": 10.0,
              "y": 10.0,
              "z": 20.0
            },
            "battery_pct": 100.0
          }
        },
        {
          "tool": "activate_sensor",
          "result": {
            "sensor": "thermal",
            "status": "activated"
          }
        }
      ],
      "net": {
        "slice": "eMBB",
        "lat_ms": 12,
        "jitter_ms": 2,
        "loss_pct": 0.1,
        "throughput_mbps": 850,
        "edge_load": 0.35
      }
    },
    {
      "turn": 2,
      "speaker": "user",
      "intent": "confirm sensor activation and approve route",
      "actions": [
        {
          "type": "mcp",
          "name": "set_waypoint",
          "args": {
            "x": 180.0,
            "y": 280.0,
            "z": 50.0
          }
        }
      ],
      "obs": [
        {
          "tool": "set_waypoint",
          "result": {
            "status": "accepted",
            "eta_s": 14.2
          }
        }
      ],
      "net": {
        "slice": "eMBB",
        "lat_ms": 11,
        "jitter_ms": 1.8,
        "loss_pct": 0.05,
        "throughput_mbps": 900,
        "edge_load": 0.38
      }
    },
    {
      "turn": 3,
      "speaker": "agent",
      "intent": "execute route and monitor telemetry",
      "actions": [
        {
          "type": "mcp",
          "name": "navigate_to",
          "args": {
            "waypoint": {
              "x": 180.0,
              "y": 280.0,
              "z": 50.0
            }
          }
        },
        {
          "type": "mcp",
          "name": "read_telemetry",
          "args": {}
        }
      ],
      "obs": [
        {
          "tool": "navigate_to",
          "result": {
            "status": "in_progress",
            "target": {
              "x": 180.0,
              "y": 280.0,
              "z": 50.0
            }
          }
        },
        {
          "tool": "read_telemetry",
          "result": {
            "speed_mps": 24.1,
            "battery_pct": 98.7,
            "wind_mps": 9.2
          }
        }
      ],
      "net": {
        "slice": "URLLC",
        "lat_ms": 8,
        "jitter_ms": 0.9,
        "loss_pct": 0.02,
        "throughput_mbps": 120,
        "edge_load": 0.41
      }
    },
    {
      "turn": 4,
      "speaker": "user",
      "intent": "request swarm coordination for area coverage",
      "actions": [
        {
          "type": "a2a",
          "task": "area_partition",
          "to": "uav_swarm_agent",
          "payload": {
            "area": [
              [
                160.0,
                260.0
              ],
              [
                200.0,
                260.0
              ],
              [
                200.0,
                300.0
              ],
              [
                160.0,
                300.0
              ]
            ],
            "uav_id": "uav_7752"
          }
        }
      ],
      "obs": [
        {
          "task": "area_partition",
          "from": "uav_swarm_agent",
          "status": "ok",
          "payload": {
            "sub_area": [
              [
                180.0,
                280.0
              ],
              [
                200.0,
                280.0
              ],
              [
                200.0,
                300.0
              ],
              [
                180.0,
                300.0
              ]
            ]
          }
        }
      ],
      "net": {
        "slice": "mMTC",
        "lat_ms": 25,
        "jitter_ms": 5,
        "loss_pct": 0.8,
        "throughput_mbps": 1.2,
        "edge_load": 0.67
      }
    },
    {
      "turn": 5,
      "speaker": "agent",
      "intent": "adjust flight path based on swarm assignment",
      "actions": [
        {
          "type": "mcp",
          "name": "set_waypoint",
          "args": {
            "x": 190.0,
            "y": 290.0,
            "z": 45.0
          }
        },
        {
          "type": "mcp",
          "name": "read_telemetry",
          "args": {}
        }
      ],
      "obs": [
        {
          "tool": "set_waypoint",
          "result": {
            "status": "updated",
            "eta_s": 6.1
          }
        },
        {
          "tool": "read_telemetry",
          "result": {
            "pose": {
              "x": 150.2,
              "y": 240.1,
              "z": 48.3
            },
            "battery_pct": 97.5
          }
        }
      ],
      "net": {
        "slice": "URLLC",
        "lat_ms": 7,
        "jitter_ms": 0.7,
        "loss_pct": 0.01,
        "throughput_mbps": 110,
        "edge_load": 0.43
      }
    },
    {
      "turn": 6,
      "speaker": "user",
      "intent": "initiate high-res imaging despite network fluctuation",
      "actions": [
        {
          "type": "mcp",
          "name": "activate_sensor",
          "args": {
            "sensor": "lidar"
          }
        }
      ],
      "obs": [
        {
          "tool": "activate_sensor",
          "result": {
            "sensor": "lidar",
            "status": "activated"
          }
        }
      ],
      "net": {
        "slice": "eMBB",
        "lat_ms": 150,
        "jitter_ms": 40,
        "loss_pct": 5.2,
        "throughput_mbps": 200,
        "edge_load": 0.89
      }
    },
    {
      "turn": 7,
      "speaker": "agent",
      "intent": "adapt to degraded eMBB by reducing data rate",
      "actions": [
        {
          "type": "mcp",
          "name": "configure_sensor",
          "args": {
            "sensor": "lidar",
            "mode": "low_res"
          }
        },
        {
          "type": "mcp",
          "name": "capture_image",
          "args": {
            "sensor": "lidar",
            "area": [
              [
                185.0,
                285.0
              ],
              [
                195.0,
                285.0
              ],
              [
                195.0,
                295.0
              ],
              [
                185.0,
                295.0
              ]
            ]
          }
        }
      ],
      "obs": [
        {
          "tool": "configure_sensor",
          "result": {
            "sensor": "lidar",
            "mode": "low_res"
          }
        },
        {
          "tool": "capture_image",
          "result": {
            "status": "success",
            "data_size_mb": 4.2
          }
        }
      ],
      "net": {
        "slice": "URLLC",
        "lat_ms": 9,
        "jitter_ms": 1.1,
        "loss_pct": 0.03,
        "throughput_mbps": 95,
        "edge_load": 0.51
      }
    },
    {
      "turn": 8,
      "speaker": "user",
      "intent": "abort mission due to approaching storm",
      "actions": [
        {
          "type": "mcp",
          "name": "abort_mission",
          "args": {
            "reason": "weather_deterioration"
          }
        }
      ],
      "obs": [
        {
          "tool": "abort_mission",
          "result": {
            "status": "acknowledged",
            "return_path": [
              {
                "x": 10.0,
                "y": 10.0,
                "z": 30.0
              }
            ]
          }
        }
      ],
      "net": {
        "slice": "URLLC",
        "lat_ms": 6,
        "jitter_ms": 0.5,
        "loss_pct": 0.01,
        "throughput_mbps": 105,
        "edge_load": 0.33
      }
    },
    {
      "turn": 9,
      "speaker": "agent",
      "intent": "execute safe return",
      "actions": [
        {
          "type": "mcp",
          "name": "navigate_to",
          "args": {
            "waypoint": {
              "x": 10.0,
              "y": 10.0,
              "z": 30.0
            }
          }
        },
        {
          "type": "mcp",
          "name": "read_telemetry",
          "args": {}
        }
      ],
      "obs": [
        {
          "tool": "navigate_to",
          "result": {
            "status": "in_progress",
            "target": {
              "x": 10.0,
              "y": 10.0,
              "z": 30.0
            }
          }
        },
        {
          "tool": "read_telemetry",
          "result": {
            "pose": {
              "x": 170.0,
              "y": 270.0,
              "z": 47.0
            },
            "battery_pct": 95.2
          }
        }
      ],
      "net": {
        "slice": "URLLC",
        "lat_ms": 7,
        "jitter_ms": 0.8,
        "loss_pct": 0.02,
        "throughput_mbps": 100,
        "edge_load": 0.39
      }
    },
    {
      "turn": 10,
      "speaker": "user",
      "intent": "confirm safe return and log data",
      "actions": [
        {
          "type": "mcp",
          "name": "log_session",
          "args": {
            "session_id": "sess_7752_uav_inspect_20250405"
          }
        }
      ],
      "obs": [
        {
          "tool": "log_session",
          "result": {
            "status": "completed",
            "data_saved_mb": 12.7
          }
        }
      ],
      "net": {
        "slice": "mMTC",
        "lat_ms": 30,
        "jitter_ms": 6,
        "loss_pct": 1.0,
        "throughput_mbps": 0.9,
        "edge_load": 0.72
      }
    }
  ],
  "final_state": {
    "domain": "uav",
    "time_s": 120.0,
    "env": {
      "weather": "storm_approaching",
      "wind_mps": 18.0,
      "wind_dir_deg": 280.0
    },
    "airspace": {
      "alt_bounds": [
        10.0,
        120.0
      ],
      "geofence": [
        {
          "type": "polygon",
          "points": [
            [
              0.0,
              0.0
            ],
            [
              200.0,
              0.0
            ],
            [
              200.0,
              300.0
            ],
            [
              0.0,
              300.0
            ]
          ]
        }
      ]
    },
    "uav": {
      "pose": {
        "x": 10.0,
        "y": 10.0,
        "z": 30.0,
        "yaw": 90.0
      },
      "speed_mps": 0.0,
      "energy": {
        "battery_pct": 94.8
      },
      "sensors": {
        "rgb": "ok",
        "thermal": "active",
        "lidar": "standby",
        "radar": "offline",
        "gnss": "ok",
        "imu": "ok",
        "magnetometer": "ok",
        "barometer": "ok"
      },
      "payloads": []
    },
    "policy": {
      "alt_bounds": [
        10.0,
        120.0
      ]
    },
    "safety_flags": {
      "nfz_violation": false,
      "separation_breach": false
    }
  },
  "success": false,
  "_meta": {
    "seed": 42,
    "ts": 1763881015,
    "ts_iso": "2025-11-23T06:56:55Z",
    "gen_time_s": 84.17173647880554,
    "attempts_used": 2,
    "generation_failed": false,
    "usage": {
      "prompt_tokens": 1109,
      "completion_tokens": 3629,
      "total_tokens": 4738,
      "cost": 0.00303102,
      "is_byok": false,
      "prompt_tokens_details": {
        "cached_tokens": 1056,
        "audio_tokens": 0,
        "video_tokens": 0
      },
      "cost_details": {
        "upstream_inference_cost": null,
        "upstream_inference_prompt_cost": 0.00012782,
        "upstream_inference_completions_cost": 0.0029032
      },
      "completion_tokens_details": {
        "reasoning_tokens": 0,
        "image_tokens": 0
      }
    }
  }
}