{
  "initial_state": {
    "domain": "uav",
    "time_s": 0.0,
    "env": {
      "weather": "hail",
      "wind_mps": 8.5,
      "wind_dir_deg": 240.0
    },
    "airspace": {
      "alt_bounds": [
        5.0,
        120.0
      ],
      "geofence": [
        {
          "type": "polygon",
          "points": [
            [
              0,
              0
            ],
            [
              0,
              500
            ],
            [
              500,
              500
            ],
            [
              500,
              0
            ]
          ]
        }
      ]
    },
    "uav": {
      "pose": {
        "x": 50.0,
        "y": 50.0,
        "z": 10.0,
        "yaw": 90.0
      },
      "speed_mps": 35.0,
      "energy": {
        "battery_pct": 100.0
      },
      "sensors": {
        "rgb": "ok",
        "thermal": "ok",
        "lidar": "ok",
        "radar": "offline",
        "gnss": "ok",
        "imu": "ok",
        "magnetometer": "ok",
        "barometer": "ok"
      },
      "payloads": []
    },
    "policy": {
      "alt_bounds": [
        5.0,
        120.0
      ]
    },
    "safety_flags": {
      "nfz_violation": false,
      "separation_breach": false
    }
  },
  "dialogue": [
    {
      "turn": 1,
      "speaker": "agent",
      "intent": "initiate mission under adverse weather",
      "actions": [
        {
          "type": "mcp",
          "name": "read_telemetry",
          "args": {}
        },
        {
          "type": "a2a",
          "task": "request_weather_update",
          "to": "met_agent",
          "payload": {
            "location": [
              50,
              50
            ],
            "duration": 300
          }
        }
      ],
      "obs": [
        {
          "tool": "read_telemetry",
          "result": {
            "pose": {
              "x": 50.0,
              "y": 50.0,
              "z": 10.0
            },
            "battery_pct": 100.0,
            "speed_mps": 35.0
          }
        },
        {
          "task": "request_weather_update",
          "from": "met_agent",
          "status": "ok",
          "payload": {
            "precip_type": "hail",
            "intensity_mmh": 12.3,
            "wind_gust_mps": 14.2
          }
        }
      ],
      "net": {
        "slice": "eMBB",
        "lat_ms": 18,
        "jitter_ms": 3,
        "loss_pct": 0.1,
        "throughput_mbps": 850,
        "edge_load": 0.45
      }
    },
    {
      "turn": 2,
      "speaker": "user",
      "intent": "approve ascent and route adjustment",
      "actions": [
        {
          "type": "mcp",
          "name": "set_waypoint",
          "args": {
            "x": 120.0,
            "y": 120.0,
            "z": 60.0
          }
        }
      ],
      "obs": [
        {
          "tool": "set_waypoint",
          "result": {
            "status": "accepted",
            "eta_s": 120,
            "path_valid": true
          }
        }
      ],
      "net": {
        "slice": "eMBB",
        "lat_ms": 20,
        "jitter_ms": 4,
        "loss_pct": 0.2,
        "throughput_mbps": 800,
        "edge_load": 0.5
      }
    },
    {
      "turn": 3,
      "speaker": "agent",
      "intent": "ascend and stabilize in hail",
      "actions": [
        {
          "type": "mcp",
          "name": "adjust_altitude",
          "args": {
            "target_z": 60.0,
            "rate_mps": 2.0
          }
        },
        {
          "type": "mcp",
          "name": "activate_thermal_camera",
          "args": {}
        }
      ],
      "obs": [
        {
          "tool": "adjust_altitude",
          "result": {
            "status": "in_progress",
            "current_z": 35.0,
            "target_z": 60.0
          }
        },
        {
          "tool": "activate_thermal_camera",
          "result": {
            "status": "active",
            "stream_id": "thermal_001"
          }
        }
      ],
      "net": {
        "slice": "URLLC",
        "lat_ms": 8,
        "jitter_ms": 1,
        "loss_pct": 0.05,
        "throughput_mbps": 120,
        "edge_load": 0.3
      }
    },
    {
      "turn": 4,
      "speaker": "user",
      "intent": "request real-time video feed",
      "actions": [
        {
          "type": "mcp",
          "name": "stream_video",
          "args": {
            "camera": "rgb",
            "resolution": "1080p",
            "duration": 60
          }
        }
      ],
      "obs": [
        {
          "tool": "stream_video",
          "result": {
            "status": "failed",
            "reason": "bandwidth_exceeded",
            "suggestion": "use lower resolution or switch to eMBB"
          }
        }
      ],
      "net": {
        "slice": "URLLC",
        "lat_ms": 9,
        "jitter_ms": 1.2,
        "loss_pct": 0.08,
        "throughput_mbps": 110,
        "edge_load": 0.65
      }
    },
    {
      "turn": 5,
      "speaker": "agent",
      "intent": "adapt to network constraint for video",
      "actions": [
        {
          "type": "mcp",
          "name": "stream_video",
          "args": {
            "camera": "rgb",
            "resolution": "480p",
            "duration": 30
          }
        },
        {
          "type": "a2a",
          "task": "collision_avoidance_scan",
          "to": "uav_swarm_agent",
          "payload": {
            "current_pose": [
              50,
              50,
              60
            ],
            "velocity": [
              15,
              15,
              0
            ]
          }
        }
      ],
      "obs": [
        {
          "tool": "stream_video",
          "result": {
            "status": "streaming",
            "bitrate_kbps": 800,
            "stream_id": "video_low_002"
          }
        },
        {
          "task": "collision_avoidance_scan",
          "from": "uav_swarm_agent",
          "status": "clear",
          "payload": {
            "obstacles": [],
            "recommended_heading": 135.0
          }
        }
      ],
      "net": {
        "slice": "mMTC",
        "lat_ms": 50,
        "jitter_ms": 10,
        "loss_pct": 1.5,
        "throughput_mbps": 10,
        "edge_load": 0.2
      }
    },
    {
      "turn": 6,
      "speaker": "user",
      "intent": "confirm route to turbine",
      "actions": [
        {
          "type": "mcp",
          "name": "get_path_plan",
          "args": {
            "destination": [
              200,
              200,
              60
            ]
          }
        }
      ],
      "obs": [
        {
          "tool": "get_path_plan",
          "result": {
            "waypoints": [
              [
                120,
                120,
                60
              ],
              [
                160,
                160,
                60
              ],
              [
                200,
                200,
                60
              ]
            ],
            "total_distance_m": 282.8,
            "estimated_time_s": 140
          }
        }
      ],
      "net": {
        "slice": "eMBB",
        "lat_ms": 22,
        "jitter_ms": 5,
        "loss_pct": 0.3,
        "throughput_mbps": 750,
        "edge_load": 0.7
      }
    },
    {
      "turn": 7,
      "speaker": "agent",
      "intent": "proceed to inspection point",
      "actions": [
        {
          "type": "mcp",
          "name": "navigate_to",
          "args": {
            "x": 200.0,
            "y": 200.0,
            "z": 60.0
          }
        },
        {
          "type": "mcp",
          "name": "activate_lidar",
          "args": {}
        }
      ],
      "obs": [
        {
          "tool": "navigate_to",
          "result": {
            "status": "en_route",
            "current_speed": 30.0,
            "obstacle_detection": "active"
          }
        },
        {
          "tool": "activate_lidar",
          "result": {
            "status": "active",
            "range_m": 100,
            "resolution_cm": 10
          }
        }
      ],
      "net": {
        "slice": "URLLC",
        "lat_ms": 7,
        "jitter_ms": 0.8,
        "loss_pct": 0.04,
        "throughput_mbps": 150,
        "edge_load": 0.35
      }
    },
    {
      "turn": 8,
      "speaker": "user",
      "intent": "monitor battery and weather",
      "actions": [
        {
          "type": "mcp",
          "name": "read_telemetry",
          "args": {}
        },
        {
          "type": "a2a",
          "task": "request_weather_trend",
          "to": "met_agent",
          "payload": {
            "forecast_window": 600
          }
        }
      ],
      "obs": [
        {
          "tool": "read_telemetry",
          "result": {
            "pose": {
              "x": 180.0,
              "y": 180.0,
              "z": 60.0
            },
            "battery_pct": 88.5,
            "speed_mps": 30.0
          }
        },
        {
          "task": "request_weather_trend",
          "from": "met_agent",
          "status": "ok",
          "payload": {
            "trend": "improving",
            "hail_ends_s": 420,
            "wind_decreasing": true
          }
        }
      ],
      "net": {
        "slice": "URLLC",
        "lat_ms": 6,
        "jitter_ms": 0.9,
        "loss_pct": 0.03,
        "throughput_mbps": 140,
        "edge_load": 0.4
      }
    },
    {
      "turn": 9,
      "speaker": "agent",
      "intent": "prepare for close inspection",
      "actions": [
        {
          "type": "mcp",
          "name": "adjust_speed",
          "args": {
            "target_mps": 5.0
          }
        },
        {
          "type": "mcp",
          "name": "capture_image",
          "args": {
            "camera": "thermal",
            "target": "turbine_hub"
          }
        }
      ],
      "obs": [
        {
          "tool": "adjust_speed",
          "result": {
            "status": "adjusted",
            "current_speed": 5.0
          }
        },
        {
          "tool": "capture_image",
          "result": {
            "status": "success",
            "image_id": "thermal_turbine_001",
            "anomaly_detected": true,
            "anomaly_type": "overheating_bearing"
          }
        }
      ],
      "net": {
        "slice": "URLLC",
        "lat_ms": 5,
        "jitter_ms": 0.5,
        "loss_pct": 0.02,
        "throughput_mbps": 160,
        "edge_load": 0.25
      }
    },
    {
      "turn": 10,
      "speaker": "user",
      "intent": "request return and data upload",
      "actions": [
        {
          "type": "mcp",
          "name": "return_to_base",
          "args": {
            "safe_altitude": 30.0
          }
        },
        {
          "type": "mcp",
          "name": "upload_data",
          "args": {
            "files": [
              "thermal_turbine_001"
            ],
            "priority": "high"
          }
        }
      ],
      "obs": [
        {
          "tool": "return_to_base",
          "result": {
            "status": "en_route",
            "destination": [
              50,
              50,
              30
            ],
            "estimated_arrival_s": 95
          }
        },
        {
          "tool": "upload_data",
          "result": {
            "status": "queued",
            "reason": "network_congestion",
            "scheduled_after": 120
          }
        }
      ],
      "net": {
        "slice": "mMTC",
        "lat_ms": 60,
        "jitter_ms": 15,
        "loss_pct": 2.0,
        "throughput_mbps": 5,
        "edge_load": 0.85
      }
    },
    {
      "turn": 11,
      "speaker": "agent",
      "intent": "complete mission and cache data",
      "actions": [
        {
          "type": "mcp",
          "name": "cache_data_locally",
          "args": {
            "files": [
              "thermal_turbine_001"
            ]
          }
        },
        {
          "type": "mcp",
          "name": "land_safely",
          "args": {
            "precision": true
          }
        }
      ],
      "obs": [
        {
          "tool": "cache_data_locally",
          "result": {
            "status": "saved",
            "location": "/data/cache/mission_001",
            "size_mb": 4.2
          }
        },
        {
          "tool": "land_safely",
          "result": {
            "status": "completed",
            "final_pose": {
              "x": 50.0,
              "y": 50.0,
              "z": 0.0
            },
            "landing_time_s": 10.5
          }
        }
      ],
      "net": {
        "slice": "URLLC",
        "lat_ms": 10,
        "jitter_ms": 2,
        "loss_pct": 0.1,
        "throughput_mbps": 100,
        "edge_load": 0.3
      }
    }
  ],
  "final_state": {
    "domain": "uav",
    "time_s": 650.0,
    "env": {
      "weather": "hail",
      "wind_mps": 8.5,
      "wind_dir_deg": 240.0
    },
    "airspace": {
      "alt_bounds": [
        5.0,
        120.0
      ],
      "geofence": [
        {
          "type": "polygon",
          "points": [
            [
              0,
              0
            ],
            [
              0,
              500
            ],
            [
              500,
              500
            ],
            [
              500,
              0
            ]
          ]
        }
      ]
    },
    "uav": {
      "pose": {
        "x": 50.0,
        "y": 50.0,
        "z": 0.0,
        "yaw": 90.0
      },
      "speed_mps": 0.0,
      "energy": {
        "battery_pct": 76.0
      },
      "sensors": {
        "rgb": "ok",
        "thermal": "standby",
        "lidar": "standby",
        "radar": "offline",
        "gnss": "ok",
        "imu": "ok",
        "magnetometer": "ok",
        "barometer": "ok"
      },
      "payloads": []
    },
    "policy": {
      "alt_bounds": [
        5.0,
        120.0
      ]
    },
    "safety_flags": {
      "nfz_violation": false,
      "separation_breach": false
    }
  },
  "success": true,
  "_meta": {
    "seed": 42,
    "ts": 1764057044,
    "ts_iso": "2025-11-25T07:50:44Z",
    "gen_time_s": 67.7771143913269,
    "attempts_used": 1,
    "generation_failed": false,
    "usage": {
      "prompt_tokens": 1040,
      "completion_tokens": 4031,
      "total_tokens": 5071,
      "cost": 0.00338672,
      "is_byok": false,
      "prompt_tokens_details": {
        "cached_tokens": 608,
        "audio_tokens": 0,
        "video_tokens": 0
      },
      "cost_details": {
        "upstream_inference_cost": null,
        "upstream_inference_prompt_cost": 0.00016192,
        "upstream_inference_completions_cost": 0.0032248
      },
      "completion_tokens_details": {
        "reasoning_tokens": 0,
        "image_tokens": 0
      }
    }
  }
}