{
  "initial_state": {
    "domain": "uav",
    "time_s": 0.0,
    "env": {
      "weather": "lightning_risk",
      "wind_mps": 6.5,
      "wind_dir_deg": 240.0
    },
    "airspace": {
      "alt_bounds": [
        5.0,
        120.0
      ],
      "geofence": [
        {
          "type": "polygon",
          "points": [
            [
              0,
              0
            ],
            [
              800,
              0
            ],
            [
              800,
              600
            ],
            [
              0,
              600
            ]
          ]
        }
      ]
    },
    "uav": {
      "pose": {
        "x": 100.0,
        "y": 100.0,
        "z": 10.0,
        "yaw": 90.0
      },
      "speed_mps": 22.0,
      "energy": {
        "battery_pct": 100.0
      },
      "sensors": {
        "rgb": "ok",
        "thermal": "offline",
        "lidar": "offline",
        "radar": "offline",
        "gnss": "ok",
        "imu": "ok",
        "magnetometer": "ok",
        "barometer": "ok"
      },
      "payloads": []
    },
    "policy": {
      "alt_bounds": [
        5.0,
        120.0
      ]
    },
    "safety_flags": {
      "nfz_violation": false,
      "separation_breach": false
    }
  },
  "dialogue": [
    {
      "turn": 1,
      "speaker": "agent",
      "intent": "initiate_mission_and_assess_environment",
      "actions": [
        {
          "type": "mcp",
          "name": "read_telemetry",
          "args": {}
        },
        {
          "type": "mcp",
          "name": "assess_weather_risk",
          "args": {}
        }
      ],
      "obs": [
        {
          "tool": "read_telemetry",
          "result": {
            "pose": {
              "x": 100.0,
              "y": 100.0,
              "z": 10.0
            },
            "battery_pct": 100.0,
            "speed_mps": 22.0
          }
        },
        {
          "tool": "assess_weather_risk",
          "result": {
            "lightning_risk": "high",
            "wind_mps": 6.5,
            "recommendation": "delay ascent"
          }
        }
      ],
      "net": {
        "slice": "URLLC",
        "lat_ms": 3,
        "jitter_ms": 0.8,
        "loss_pct": 0.01,
        "throughput_mbps": 50,
        "edge_load": 0.3
      }
    },
    {
      "turn": 2,
      "speaker": "user",
      "intent": "authorize_low_altitude_survey",
      "actions": [
        {
          "type": "mcp",
          "name": "set_waypoint",
          "args": {
            "x": 400,
            "y": 300,
            "z": 25
          }
        }
      ],
      "obs": [
        {
          "tool": "set_waypoint",
          "result": {
            "status": "accepted",
            "eta_s": 45,
            "path_valid": true
          }
        }
      ],
      "net": {
        "slice": "eMBB",
        "lat_ms": 12,
        "jitter_ms": 2.1,
        "loss_pct": 0.05,
        "throughput_mbps": 120,
        "edge_load": 0.6
      }
    },
    {
      "turn": 3,
      "speaker": "agent",
      "intent": "execute_waypoint_with_safety_check",
      "actions": [
        {
          "type": "mcp",
          "name": "validate_geofence",
          "args": {
            "waypoint": [
              400,
              300,
              25
            ]
          }
        },
        {
          "type": "mcp",
          "name": "activate_rgb_camera",
          "args": {}
        }
      ],
      "obs": [
        {
          "tool": "validate_geofence",
          "result": {
            "inside": true,
            "safe": true
          }
        },
        {
          "tool": "activate_rgb_camera",
          "result": {
            "status": "streaming",
            "resolution": "1080p"
          }
        }
      ],
      "net": {
        "slice": "URLLC",
        "lat_ms": 4,
        "jitter_ms": 1.0,
        "loss_pct": 0.02,
        "throughput_mbps": 45,
        "edge_load": 0.4
      }
    },
    {
      "turn": 4,
      "speaker": "user",
      "intent": "request_swarm_coordination_for_coverage",
      "actions": [
        {
          "type": "a2a",
          "task": "coordinate_survey_pattern",
          "to": "uav_swarm_agent",
          "payload": {
            "uav_id": "uav_01",
            "waypoint": [
              400,
              300,
              25
            ],
            "pattern": "lawnmower",
            "area": [
              350,
              250,
              450,
              350
            ]
          }
        }
      ],
      "obs": [
        {
          "task": "coordinate_survey_pattern",
          "from": "uav_swarm_agent",
          "status": "ok",
          "payload": {
            "assigned_track": 3,
            "next_uav": "uav_02",
            "timing_offset_s": 12
          }
        }
      ],
      "net": {
        "slice": "mMTC",
        "lat_ms": 8,
        "jitter_ms": 3.5,
        "loss_pct": 0.5,
        "throughput_mbps": 1,
        "edge_load": 0.2
      }
    },
    {
      "turn": 5,
      "speaker": "agent",
      "intent": "monitor_progress_and_detect_anomaly",
      "actions": [
        {
          "type": "mcp",
          "name": "analyze_rgb_stream",
          "args": {
            "detect": [
              "vehicle",
              "heat_signature"
            ]
          }
        }
      ],
      "obs": [
        {
          "tool": "analyze_rgb_stream",
          "result": {
            "detections": [
              {
                "type": "vehicle",
                "confidence": 0.92,
                "position": [
                  395,
                  305
                ]
              }
            ],
            "thermal_required": true
          }
        }
      ],
      "net": {
        "slice": "eMBB",
        "lat_ms": 15,
        "jitter_ms": 4.0,
        "loss_pct": 0.8,
        "throughput_mbps": 80,
        "edge_load": 0.75
      }
    },
    {
      "turn": 6,
      "speaker": "user",
      "intent": "request_thermal_sensor_activation",
      "actions": [
        {
          "type": "mcp",
          "name": "restart_sensor",
          "args": {
            "sensor": "thermal"
          }
        }
      ],
      "obs": [
        {
          "tool": "restart_sensor",
          "result": {
            "sensor": "thermal",
            "status": "online",
            "calibration": "complete"
          }
        }
      ],
      "net": {
        "slice": "URLLC",
        "lat_ms": 5,
        "jitter_ms": 1.2,
        "loss_pct": 0.03,
        "throughput_mbps": 55,
        "edge_load": 0.35
      }
    },
    {
      "turn": 7,
      "speaker": "agent",
      "intent": "perform_thermal_scan_of_target",
      "actions": [
        {
          "type": "mcp",
          "name": "capture_thermal_image",
          "args": {
            "target": [
              395,
              305
            ],
            "zoom": 2.0
          }
        }
      ],
      "obs": [
        {
          "tool": "capture_thermal_image",
          "result": {
            "temperature_c": 38.5,
            "motion": true,
            "classification": "occupied_vehicle"
          }
        }
      ],
      "net": {
        "slice": "URLLC",
        "lat_ms": 6,
        "jitter_ms": 1.5,
        "loss_pct": 0.04,
        "throughput_mbps": 50,
        "edge_load": 0.4
      }
    },
    {
      "turn": 8,
      "speaker": "user",
      "intent": "report_target_and_prepare_return",
      "actions": [
        {
          "type": "a2a",
          "task": "transmit_intel",
          "to": "command_center_agent",
          "payload": {
            "target_pos": [
              395,
              305
            ],
            "classification": "occupied_vehicle",
            "confidence": 0.88,
            "urgency": "medium"
          }
        }
      ],
      "obs": [
        {
          "task": "transmit_intel",
          "from": "command_center_agent",
          "status": "received",
          "payload": {
            "ack_id": "intel_7721",
            "response_eta": 60
          }
        }
      ],
      "net": {
        "slice": "mMTC",
        "lat_ms": 10,
        "jitter_ms": 5.0,
        "loss_pct": 1.2,
        "throughput_mbps": 0.8,
        "edge_load": 0.8
      }
    },
    {
      "turn": 9,
      "speaker": "agent",
      "intent": "initiate_return_with_battery_conservation",
      "actions": [
        {
          "type": "mcp",
          "name": "compute_return_path",
          "args": {
            "origin": [
              395,
              305,
              25
            ],
            "home": [
              100,
              100,
              10
            ]
          }
        }
      ],
      "obs": [
        {
          "tool": "compute_return_path",
          "result": {
            "path": [
              [
                395,
                305,
                25
              ],
              [
                300,
                200,
                20
              ],
              [
                200,
                150,
                15
              ],
              [
                100,
                100,
                10
              ]
            ],
            "distance_m": 420,
            "estimated_battery_usage": 8.5
          }
        }
      ],
      "net": {
        "slice": "URLLC",
        "lat_ms": 4,
        "jitter_ms": 0.9,
        "loss_pct": 0.01,
        "throughput_mbps": 48,
        "edge_load": 0.3
      }
    },
    {
      "turn": 10,
      "speaker": "user",
      "intent": "approve_return_and_land",
      "actions": [
        {
          "type": "mcp",
          "name": "execute_landing",
          "args": {
            "auto_descent": true
          }
        }
      ],
      "obs": [
        {
          "tool": "execute_landing",
          "result": {
            "status": "in_progress",
            "descent_rate_mps": 1.0,
            "touchdown_eta_s": 10
          }
        }
      ],
      "net": {
        "slice": "URLLC",
        "lat_ms": 3,
        "jitter_ms": 0.7,
        "loss_pct": 0.0,
        "throughput_mbps": 52,
        "edge_load": 0.25
      }
    }
  ],
  "final_state": {
    "domain": "uav",
    "time_s": 125.0,
    "env": {
      "weather": "lightning_risk",
      "wind_mps": 7.0,
      "wind_dir_deg": 245.0
    },
    "airspace": {
      "alt_bounds": [
        5.0,
        120.0
      ],
      "geofence": [
        {
          "type": "polygon",
          "points": [
            [
              0,
              0
            ],
            [
              800,
              0
            ],
            [
              800,
              600
            ],
            [
              0,
              600
            ]
          ]
        }
      ]
    },
    "uav": {
      "pose": {
        "x": 100.0,
        "y": 100.0,
        "z": 0.0,
        "yaw": 90.0
      },
      "speed_mps": 0.0,
      "energy": {
        "battery_pct": 87.2
      },
      "sensors": {
        "rgb": "standby",
        "thermal": "online",
        "lidar": "offline",
        "radar": "offline",
        "gnss": "ok",
        "imu": "ok",
        "magnetometer": "ok",
        "barometer": "ok"
      },
      "payloads": []
    },
    "policy": {
      "alt_bounds": [
        5.0,
        120.0
      ]
    },
    "safety_flags": {
      "nfz_violation": false,
      "separation_breach": false
    }
  },
  "success": true,
  "_meta": {
    "seed": 42,
    "ts": 1764052651,
    "ts_iso": "2025-11-25T06:37:31Z",
    "gen_time_s": 52.72829723358154,
    "attempts_used": 1,
    "generation_failed": false,
    "usage": {
      "prompt_tokens": 1044,
      "completion_tokens": 3254,
      "total_tokens": 4298,
      "cost": 0.00271848,
      "is_byok": false,
      "prompt_tokens_details": {
        "cached_tokens": 1040,
        "audio_tokens": 0,
        "video_tokens": 0
      },
      "cost_details": {
        "upstream_inference_cost": null,
        "upstream_inference_prompt_cost": 0.00011528,
        "upstream_inference_completions_cost": 0.0026032
      },
      "completion_tokens_details": {
        "reasoning_tokens": 0,
        "image_tokens": 0
      }
    }
  }
}