{
  "initial_state": {
    "domain": "uav",
    "time_s": 0.0,
    "env": {
      "weather": "good",
      "wind_mps": 2.5,
      "wind_dir_deg": 135.0
    },
    "airspace": {
      "alt_bounds": [
        0.5,
        15.0
      ],
      "geofence": [
        {
          "type": "polygon",
          "points": [
            [
              0.0,
              0.0
            ],
            [
              0.0,
              50.0
            ],
            [
              30.0,
              50.0
            ],
            [
              30.0,
              0.0
            ]
          ]
        }
      ]
    },
    "uav": {
      "pose": {
        "x": 2.0,
        "y": 2.0,
        "z": 1.0,
        "yaw": 90.0
      },
      "speed_mps": 28.0,
      "energy": {
        "battery_pct": 100.0
      },
      "sensors": {
        "rgb": "ok",
        "thermal": "offline",
        "lidar": "ok",
        "radar": "offline",
        "gnss": "ok",
        "imu": "ok",
        "magnetometer": "ok",
        "barometer": "ok"
      },
      "payloads": []
    },
    "policy": {
      "alt_bounds": [
        0.5,
        15.0
      ]
    },
    "safety_flags": {
      "nfz_violation": false,
      "separation_breach": false
    }
  },
  "dialogue": [
    {
      "turn": 1,
      "speaker": "agent",
      "intent": "initiate mission and check telemetry",
      "actions": [
        {
          "type": "mcp",
          "name": "read_telemetry",
          "args": {}
        }
      ],
      "obs": [
        {
          "tool": "read_telemetry",
          "result": {
            "pose": {
              "x": 2.0,
              "y": 2.0,
              "z": 1.0
            },
            "battery_pct": 100.0,
            "sensors": {
              "gnss": "ok",
              "imu": "ok"
            }
          }
        }
      ],
      "net": {
        "slice": "eMBB",
        "lat_ms": 12,
        "jitter_ms": 2,
        "loss_pct": 0.1,
        "throughput_mbps": 850,
        "edge_load": 0.3
      }
    },
    {
      "turn": 2,
      "speaker": "user",
      "intent": "confirm mission start and request route plan",
      "actions": [
        {
          "type": "mcp",
          "name": "plan_route",
          "args": {
            "start": [
              2.0,
              2.0
            ],
            "goal": [
              28.0,
              48.0
            ],
            "obstacles": []
          }
        }
      ],
      "obs": [
        {
          "tool": "plan_route",
          "result": {
            "waypoints": [
              [
                5.0,
                5.0
              ],
              [
                15.0,
                25.0
              ],
              [
                28.0,
                48.0
              ]
            ],
            "estimated_duration_s": 45.2,
            "battery_usage_pct": 8.5
          }
        }
      ],
      "net": {
        "slice": "eMBB",
        "lat_ms": 14,
        "jitter_ms": 3,
        "loss_pct": 0.2,
        "throughput_mbps": 800,
        "edge_load": 0.4
      }
    },
    {
      "turn": 3,
      "speaker": "agent",
      "intent": "execute takeoff and transition to cruise",
      "actions": [
        {
          "type": "mcp",
          "name": "takeoff",
          "args": {
            "target_alt": 12.0
          }
        }
      ],
      "obs": [
        {
          "tool": "takeoff",
          "result": {
            "status": "completed",
            "final_alt": 12.0,
            "battery_pct": 98.7
          }
        }
      ],
      "net": {
        "slice": "URLLC",
        "lat_ms": 8,
        "jitter_ms": 1,
        "loss_pct": 0.05,
        "throughput_mbps": 100,
        "edge_load": 0.2
      }
    },
    {
      "turn": 4,
      "speaker": "user",
      "intent": "request thermal sensor activation for inspection",
      "actions": [
        {
          "type": "mcp",
          "name": "activate_sensor",
          "args": {
            "sensor": "thermal"
          }
        }
      ],
      "obs": [
        {
          "tool": "activate_sensor",
          "result": {
            "sensor": "thermal",
            "status": "failed",
            "reason": "hardware offline"
          }
        }
      ],
      "net": {
        "slice": "mMTC",
        "lat_ms": 200,
        "jitter_ms": 50,
        "loss_pct": 5.0,
        "throughput_mbps": 1,
        "edge_load": 0.8
      }
    },
    {
      "turn": 5,
      "speaker": "agent",
      "intent": "compensate for sensor failure with lidar and adapt network",
      "actions": [
        {
          "type": "mcp",
          "name": "activate_sensor",
          "args": {
            "sensor": "lidar"
          }
        },
        {
          "type": "a2a",
          "task": "request_lidar_analysis",
          "to": "perception_agent",
          "payload": {
            "scan_fov": 120,
            "resolution": "high"
          }
        }
      ],
      "obs": [
        {
          "tool": "activate_sensor",
          "result": {
            "sensor": "lidar",
            "status": "active"
          }
        },
        {
          "task": "request_lidar_analysis",
          "from": "perception_agent",
          "status": "ok",
          "payload": {
            "obstacle_count": 3,
            "nearest_obstacle_m": 15.3,
            "classification": [
              "crate",
              "pallet",
              "conveyor"
            ]
          }
        }
      ],
      "net": {
        "slice": "URLLC",
        "lat_ms": 10,
        "jitter_ms": 1.5,
        "loss_pct": 0.1,
        "throughput_mbps": 120,
        "edge_load": 0.3
      }
    },
    {
      "turn": 6,
      "speaker": "user",
      "intent": "adjust route due to dynamic obstacle",
      "actions": [
        {
          "type": "mcp",
          "name": "update_route",
          "args": {
            "waypoints": [
              [
                5.0,
                5.0
              ],
              [
                10.0,
                30.0
              ],
              [
                28.0,
                48.0
              ]
            ]
          }
        }
      ],
      "obs": [
        {
          "tool": "update_route",
          "result": {
            "status": "updated",
            "new_waypoints": [
              [
                5.0,
                5.0
              ],
              [
                10.0,
                30.0
              ],
              [
                28.0,
                48.0
              ]
            ]
          }
        }
      ],
      "net": {
        "slice": "eMBB",
        "lat_ms": 16,
        "jitter_ms": 4,
        "loss_pct": 0.3,
        "throughput_mbps": 750,
        "edge_load": 0.5
      }
    },
    {
      "turn": 7,
      "speaker": "agent",
      "intent": "perform mid-mission telemetry check under interference",
      "actions": [
        {
          "type": "mcp",
          "name": "read_telemetry",
          "args": {}
        }
      ],
      "obs": [
        {
          "tool": "read_telemetry",
          "result": {
            "pose": {
              "x": 10.2,
              "y": 29.8,
              "z": 11.9
            },
            "battery_pct": 92.1,
            "speed_mps": 26.5
          }
        }
      ],
      "net": {
        "slice": "mMTC",
        "lat_ms": 300,
        "jitter_ms": 100,
        "loss_pct": 8.0,
        "throughput_mbps": 0.5,
        "edge_load": 0.9
      }
    },
    {
      "turn": 8,
      "speaker": "user",
      "intent": "trigger emergency hover due to network degradation",
      "actions": [
        {
          "type": "mcp",
          "name": "hover",
          "args": {
            "duration_s": 10
          }
        }
      ],
      "obs": [
        {
          "tool": "hover",
          "result": {
            "status": "executing",
            "duration_s": 10,
            "battery_pct": 91.9
          }
        }
      ],
      "net": {
        "slice": "URLLC",
        "lat_ms": 6,
        "jitter_ms": 0.8,
        "loss_pct": 0.02,
        "throughput_mbps": 200,
        "edge_load": 0.1
      }
    },
    {
      "turn": 9,
      "speaker": "agent",
      "intent": "resume mission with reduced sensor usage",
      "actions": [
        {
          "type": "mcp",
          "name": "resume_route",
          "args": {}
        }
      ],
      "obs": [
        {
          "tool": "resume_route",
          "result": {
            "status": "resumed",
            "next_waypoint": [
              28.0,
              48.0
            ]
          }
        }
      ],
      "net": {
        "slice": "URLLC",
        "lat_ms": 7,
        "jitter_ms": 1,
        "loss_pct": 0.08,
        "throughput_mbps": 180,
        "edge_load": 0.2
      }
    },
    {
      "turn": 10,
      "speaker": "user",
      "intent": "request landing at destination",
      "actions": [
        {
          "type": "mcp",
          "name": "land",
          "args": {
            "target_pos": [
              28.0,
              48.0
            ],
            "safe_alt": 0.5
          }
        }
      ],
      "obs": [
        {
          "tool": "land",
          "result": {
            "status": "completed",
            "final_pose": {
              "x": 28.0,
              "y": 48.0,
              "z": 0.5
            },
            "battery_pct": 88.3
          }
        }
      ],
      "net": {
        "slice": "URLLC",
        "lat_ms": 9,
        "jitter_ms": 1.2,
        "loss_pct": 0.1,
        "throughput_mbps": 150,
        "edge_load": 0.25
      }
    }
  ],
  "final_state": {
    "domain": "uav",
    "time_s": 68.4,
    "env": {
      "weather": "good",
      "wind_mps": 2.5,
      "wind_dir_deg": 135.0
    },
    "airspace": {
      "alt_bounds": [
        0.5,
        15.0
      ],
      "geofence": [
        {
          "type": "polygon",
          "points": [
            [
              0.0,
              0.0
            ],
            [
              0.0,
              50.0
            ],
            [
              30.0,
              50.0
            ],
            [
              30.0,
              0.0
            ]
          ]
        }
      ]
    },
    "uav": {
      "pose": {
        "x": 28.0,
        "y": 48.0,
        "z": 0.5,
        "yaw": 90.0
      },
      "speed_mps": 0.0,
      "energy": {
        "battery_pct": 88.3
      },
      "sensors": {
        "rgb": "ok",
        "thermal": "offline",
        "lidar": "active",
        "radar": "offline",
        "gnss": "ok",
        "imu": "ok",
        "magnetometer": "ok",
        "barometer": "ok"
      },
      "payloads": []
    },
    "policy": {
      "alt_bounds": [
        0.5,
        15.0
      ]
    },
    "safety_flags": {
      "nfz_violation": false,
      "separation_breach": false
    }
  },
  "success": true,
  "_meta": {
    "seed": 42,
    "ts": 1763860962,
    "ts_iso": "2025-11-23T01:22:42Z",
    "gen_time_s": 43.3001229763031,
    "attempts_used": 1,
    "generation_failed": false,
    "usage": {
      "prompt_tokens": 1045,
      "completion_tokens": 3236,
      "total_tokens": 4281,
      "cost": 0.0027043,
      "is_byok": false,
      "prompt_tokens_details": {
        "cached_tokens": 1040,
        "audio_tokens": 0,
        "video_tokens": 0
      },
      "cost_details": {
        "upstream_inference_cost": null,
        "upstream_inference_prompt_cost": 0.0001155,
        "upstream_inference_completions_cost": 0.0025888
      },
      "completion_tokens_details": {
        "reasoning_tokens": 0,
        "image_tokens": 0
      }
    }
  }
}