{
  "initial_state": {
    "domain": "uav",
    "time_s": 0.0,
    "env": {
      "weather": "microburst_risk",
      "wind_mps": 8.0,
      "wind_dir_deg": 270.0
    },
    "airspace": {
      "alt_bounds": [
        10.0,
        150.0
      ],
      "geofence": [
        {
          "type": "polygon",
          "points": [
            [
              0.0,
              0.0
            ],
            [
              0.0,
              500.0
            ],
            [
              500.0,
              500.0
            ],
            [
              500.0,
              0.0
            ]
          ]
        }
      ]
    },
    "uav": {
      "pose": {
        "x": 50.0,
        "y": 50.0,
        "z": 30.0,
        "yaw": 90.0
      },
      "speed_mps": 35.0,
      "energy": {
        "battery_pct": 100.0
      },
      "sensors": {
        "rgb": "ok",
        "thermal": "offline",
        "lidar": "ok",
        "radar": "offline",
        "gnss": "ok",
        "imu": "ok",
        "magnetometer": "ok",
        "barometer": "ok"
      },
      "payloads": []
    },
    "policy": {
      "alt_bounds": [
        10.0,
        150.0
      ]
    },
    "safety_flags": {
      "nfz_violation": false,
      "separation_breach": false
    }
  },
  "dialogue": [
    {
      "turn": 1,
      "speaker": "agent",
      "intent": "initiate_mission_and_check_telemetry",
      "actions": [
        {
          "type": "mcp",
          "name": "read_telemetry",
          "args": {}
        }
      ],
      "obs": [
        {
          "tool": "read_telemetry",
          "result": {
            "pose": {
              "x": 50.0,
              "y": 50.0,
              "z": 30.0,
              "yaw": 90.0
            },
            "speed_mps": 35.0,
            "battery_pct": 100.0,
            "sensors": {
              "rgb": "ok",
              "thermal": "offline",
              "lidar": "ok",
              "radar": "offline"
            }
          }
        }
      ],
      "net": {
        "slice": "eMBB",
        "lat_ms": 12,
        "jitter_ms": 2,
        "loss_pct": 0.1,
        "throughput_mbps": 850,
        "edge_load": 0.45
      }
    },
    {
      "turn": 2,
      "speaker": "user",
      "intent": "confirm_mission_start",
      "actions": [],
      "obs": [],
      "net": {
        "slice": "eMBB",
        "lat_ms": 11,
        "jitter_ms": 1.8,
        "loss_pct": 0.05,
        "throughput_mbps": 870,
        "edge_load": 0.47
      }
    },
    {
      "turn": 3,
      "speaker": "agent",
      "intent": "request_swarm_coordination_for_perimeter_sweep",
      "actions": [
        {
          "type": "a2a",
          "task": "collision_avoidance",
          "to": "uav_swarm_agent",
          "payload": {
            "route": [
              [
                100.0,
                100.0
              ],
              [
                400.0,
                400.0
              ]
            ],
            "altitude": 120.0,
            "speed": 30.0
          }
        }
      ],
      "obs": [
        {
          "task": "collision_avoidance",
          "from": "uav_swarm_agent",
          "status": "ok",
          "payload": {
            "clearance": true,
            "suggested_alt": 120.0
          }
        }
      ],
      "net": {
        "slice": "URLLC",
        "lat_ms": 8,
        "jitter_ms": 0.5,
        "loss_pct": 0.01,
        "throughput_mbps": 120,
        "edge_load": 0.3
      }
    },
    {
      "turn": 4,
      "speaker": "user",
      "intent": "approve_route_and_enable_thermal",
      "actions": [
        {
          "type": "mcp",
          "name": "toggle_sensor",
          "args": {
            "sensor": "thermal",
            "state": "on"
          }
        }
      ],
      "obs": [
        {
          "tool": "toggle_sensor",
          "result": {
            "sensor": "thermal",
            "status": "ok",
            "state": "on"
          }
        }
      ],
      "net": {
        "slice": "eMBB",
        "lat_ms": 15,
        "jitter_ms": 3,
        "loss_pct": 0.2,
        "throughput_mbps": 800,
        "edge_load": 0.55
      }
    },
    {
      "turn": 5,
      "speaker": "agent",
      "intent": "begin_perimeter_sweep_with_telemetry_monitoring",
      "actions": [
        {
          "type": "mcp",
          "name": "set_waypoint",
          "args": {
            "x": 100.0,
            "y": 100.0,
            "z": 120.0,
            "speed": 30.0
          }
        },
        {
          "type": "mcp",
          "name": "read_telemetry",
          "args": {}
        }
      ],
      "obs": [
        {
          "tool": "set_waypoint",
          "result": {
            "status": "accepted",
            "eta_s": 18.3
          }
        },
        {
          "tool": "read_telemetry",
          "result": {
            "pose": {
              "x": 65.2,
              "y": 65.2,
              "z": 45.0,
              "yaw": 90.0
            },
            "speed_mps": 32.1,
            "battery_pct": 98.7,
            "thermal": "ok"
          }
        }
      ],
      "net": {
        "slice": "eMBB",
        "lat_ms": 14,
        "jitter_ms": 2.5,
        "loss_pct": 0.15,
        "throughput_mbps": 820,
        "edge_load": 0.58
      }
    },
    {
      "turn": 6,
      "speaker": "user",
      "intent": "report_wind_gust_and_request_caution",
      "actions": [],
      "obs": [],
      "net": {
        "slice": "URLLC",
        "lat_ms": 6,
        "jitter_ms": 0.3,
        "loss_pct": 0.01,
        "throughput_mbps": 100,
        "edge_load": 0.25
      }
    },
    {
      "turn": 7,
      "speaker": "agent",
      "intent": "adapt_to_weather_and_reduce_speed",
      "actions": [
        {
          "type": "mcp",
          "name": "adjust_flight_params",
          "args": {
            "speed": 22.0,
            "altitude": 110.0
          }
        }
      ],
      "obs": [
        {
          "tool": "adjust_flight_params",
          "result": {
            "status": "applied",
            "new_speed": 22.0,
            "new_altitude": 110.0
          }
        }
      ],
      "net": {
        "slice": "URLLC",
        "lat_ms": 7,
        "jitter_ms": 0.4,
        "loss_pct": 0.02,
        "throughput_mbps": 110,
        "edge_load": 0.28
      }
    },
    {
      "turn": 8,
      "speaker": "user",
      "intent": "instruct_return_if_battery_below_30",
      "actions": [],
      "obs": [],
      "net": {
        "slice": "mMTC",
        "lat_ms": 50,
        "jitter_ms": 10,
        "loss_pct": 1.5,
        "throughput_mbps": 1.2,
        "edge_load": 0.85
      }
    },
    {
      "turn": 9,
      "speaker": "agent",
      "intent": "monitor_battery_and_continue_with_caution",
      "actions": [
        {
          "type": "mcp",
          "name": "read_telemetry",
          "args": {}
        }
      ],
      "obs": [
        {
          "tool": "read_telemetry",
          "result": {
            "pose": {
              "x": 210.0,
              "y": 210.0,
              "z": 110.0,
              "yaw": 90.0
            },
            "speed_mps": 22.0,
            "battery_pct": 88.4,
            "thermal": "ok"
          }
        }
      ],
      "net": {
        "slice": "mMTC",
        "lat_ms": 55,
        "jitter_ms": 12,
        "loss_pct": 1.8,
        "throughput_mbps": 1.0,
        "edge_load": 0.88
      }
    },
    {
      "turn": 10,
      "speaker": "user",
      "intent": "request_thermal_image_at_waypoint",
      "actions": [
        {
          "type": "mcp",
          "name": "capture_image",
          "args": {
            "sensor": "thermal",
            "resolution": "640x480"
          }
        }
      ],
      "obs": [
        {
          "tool": "capture_image",
          "result": {
            "status": "success",
            "image_id": "thermal_20250405_121022",
            "size_kb": 124
          }
        }
      ],
      "net": {
        "slice": "eMBB",
        "lat_ms": 16,
        "jitter_ms": 3.2,
        "loss_pct": 0.3,
        "throughput_mbps": 780,
        "edge_load": 0.62
      }
    },
    {
      "turn": 11,
      "speaker": "agent",
      "intent": "complete_mission_and_return_to_base",
      "actions": [
        {
          "type": "mcp",
          "name": "set_waypoint",
          "args": {
            "x": 50.0,
            "y": 50.0,
            "z": 30.0,
            "speed": 25.0
          }
        }
      ],
      "obs": [
        {
          "tool": "set_waypoint",
          "result": {
            "status": "accepted",
            "eta_s": 32.1
          }
        }
      ],
      "net": {
        "slice": "URLLC",
        "lat_ms": 9,
        "jitter_ms": 0.6,
        "loss_pct": 0.03,
        "throughput_mbps": 130,
        "edge_load": 0.32
      }
    }
  ],
  "final_state": {
    "domain": "uav",
    "time_s": 120.0,
    "env": {
      "weather": "microburst_risk",
      "wind_mps": 8.0,
      "wind_dir_deg": 270.0
    },
    "airspace": {
      "alt_bounds": [
        10.0,
        150.0
      ],
      "geofence": [
        {
          "type": "polygon",
          "points": [
            [
              0.0,
              0.0
            ],
            [
              0.0,
              500.0
            ],
            [
              500.0,
              500.0
            ],
            [
              500.0,
              0.0
            ]
          ]
        }
      ]
    },
    "uav": {
      "pose": {
        "x": 85.0,
        "y": 85.0,
        "z": 40.0,
        "yaw": 90.0
      },
      "speed_mps": 25.0,
      "energy": {
        "battery_pct": 82.3
      },
      "sensors": {
        "rgb": "ok",
        "thermal": "ok",
        "lidar": "ok",
        "radar": "offline",
        "gnss": "ok",
        "imu": "ok",
        "magnetometer": "ok",
        "barometer": "ok"
      },
      "payloads": []
    },
    "policy": {
      "alt_bounds": [
        10.0,
        150.0
      ]
    },
    "safety_flags": {
      "nfz_violation": false,
      "separation_breach": false
    }
  },
  "success": true,
  "_meta": {
    "seed": 42,
    "ts": 1763882256,
    "ts_iso": "2025-11-23T07:17:36Z",
    "gen_time_s": 56.20161151885986,
    "attempts_used": 1,
    "generation_failed": false,
    "usage": {
      "prompt_tokens": 1063,
      "completion_tokens": 3254,
      "total_tokens": 4317,
      "cost": 0.00277018,
      "is_byok": false,
      "prompt_tokens_details": {
        "cached_tokens": 608,
        "audio_tokens": 0,
        "video_tokens": 0
      },
      "cost_details": {
        "upstream_inference_cost": null,
        "upstream_inference_prompt_cost": 0.00016698,
        "upstream_inference_completions_cost": 0.0026032
      },
      "completion_tokens_details": {
        "reasoning_tokens": 0,
        "image_tokens": 0
      }
    }
  }
}