{
  "initial_state": {
    "domain": "uav",
    "time_s": 0.0,
    "env": {
      "weather": "dust",
      "wind_mps": 7.0,
      "wind_dir_deg": 240.0
    },
    "airspace": {
      "alt_bounds": [
        5.0,
        120.0
      ],
      "geofence": [
        {
          "type": "polygon",
          "points": [
            [
              100,
              100
            ],
            [
              500,
              100
            ],
            [
              500,
              400
            ],
            [
              100,
              400
            ]
          ]
        }
      ]
    },
    "uav": {
      "pose": {
        "x": 120.0,
        "y": 120.0,
        "z": 25.0,
        "yaw": 90.0
      },
      "speed_mps": 18.0,
      "energy": {
        "battery_pct": 100.0
      },
      "sensors": {
        "rgb": "ok",
        "thermal": "offline",
        "lidar": "ok",
        "radar": "offline",
        "gnss": "ok",
        "imu": "ok",
        "magnetometer": "ok",
        "barometer": "ok"
      },
      "payloads": []
    },
    "policy": {
      "alt_bounds": [
        5.0,
        120.0
      ]
    },
    "safety_flags": {
      "nfz_violation": false,
      "separation_breach": false
    }
  },
  "dialogue": [
    {
      "turn": 1,
      "speaker": "agent",
      "intent": "initiate mission and check telemetry",
      "actions": [
        {
          "type": "mcp",
          "name": "read_telemetry",
          "args": {}
        }
      ],
      "obs": [
        {
          "tool": "read_telemetry",
          "result": {
            "pose": {
              "x": 120.0,
              "y": 120.0,
              "z": 25.0
            },
            "battery_pct": 100.0,
            "speed_mps": 18.0,
            "sensors": {
              "thermal": "offline",
              "radar": "offline"
            }
          }
        }
      ],
      "net": {
        "slice": "eMBB",
        "lat_ms": 12,
        "jitter_ms": 2,
        "loss_pct": 0.1,
        "throughput_mbps": 850,
        "edge_load": 0.35
      }
    },
    {
      "turn": 2,
      "speaker": "user",
      "intent": "confirm mission start and request thermal sensor restart",
      "actions": [
        {
          "type": "mcp",
          "name": "restart_sensor",
          "args": {
            "sensor": "thermal"
          }
        }
      ],
      "obs": [
        {
          "tool": "restart_sensor",
          "result": {
            "sensor": "thermal",
            "status": "failed",
            "reason": "dust interference"
          }
        }
      ],
      "net": {
        "slice": "eMBB",
        "lat_ms": 11,
        "jitter_ms": 1.8,
        "loss_pct": 0.05,
        "throughput_mbps": 870,
        "edge_load": 0.38
      }
    },
    {
      "turn": 3,
      "speaker": "agent",
      "intent": "assess sensor failure and plan alternate route",
      "actions": [
        {
          "type": "mcp",
          "name": "plan_route",
          "args": {
            "start": [
              120,
              120
            ],
            "goal": [
              480,
              380
            ],
            "use_lidar_only": true
          }
        }
      ],
      "obs": [
        {
          "tool": "plan_route",
          "result": {
            "route": [
              [
                120,
                120
              ],
              [
                200,
                180
              ],
              [
                300,
                280
              ],
              [
                480,
                380
              ]
            ],
            "estimated_time_s": 68.5,
            "battery_impact_pct": 12.3
          }
        }
      ],
      "net": {
        "slice": "URLLC",
        "lat_ms": 8,
        "jitter_ms": 0.9,
        "loss_pct": 0.02,
        "throughput_mbps": 120,
        "edge_load": 0.42
      }
    },
    {
      "turn": 4,
      "speaker": "user",
      "intent": "approve route and request swarm coordination for delivery",
      "actions": [
        {
          "type": "a2a",
          "task": "coordinate_delivery",
          "to": "uav_swarm_agent",
          "payload": {
            "delivery_point": [
              480,
              380
            ],
            "payload_weight_kg": 2.5
          }
        }
      ],
      "obs": [
        {
          "task": "coordinate_delivery",
          "from": "uav_swarm_agent",
          "status": "ok",
          "payload": {
            "assigned_uav_id": "uav-7",
            "eta_offset_s": 5.2
          }
        }
      ],
      "net": {
        "slice": "URLLC",
        "lat_ms": 7.5,
        "jitter_ms": 0.8,
        "loss_pct": 0.01,
        "throughput_mbps": 130,
        "edge_load": 0.45
      }
    },
    {
      "turn": 5,
      "speaker": "agent",
      "intent": "execute takeoff and begin transit",
      "actions": [
        {
          "type": "mcp",
          "name": "takeoff",
          "args": {
            "target_alt": 35.0
          }
        }
      ],
      "obs": [
        {
          "tool": "takeoff",
          "result": {
            "status": "completed",
            "final_alt": 35.0,
            "battery_pct": 98.7
          }
        }
      ],
      "net": {
        "slice": "URLLC",
        "lat_ms": 9,
        "jitter_ms": 1.1,
        "loss_pct": 0.03,
        "throughput_mbps": 110,
        "edge_load": 0.51
      }
    },
    {
      "turn": 6,
      "speaker": "user",
      "intent": "monitor progress and check for interference",
      "actions": [
        {
          "type": "mcp",
          "name": "scan_interference",
          "args": {}
        }
      ],
      "obs": [
        {
          "tool": "scan_interference",
          "result": {
            "source": "industrial_rfi",
            "severity": "moderate",
            "affected_sensors": [
              "gnss"
            ]
          }
        }
      ],
      "net": {
        "slice": "mMTC",
        "lat_ms": 120,
        "jitter_ms": 25,
        "loss_pct": 1.8,
        "throughput_mbps": 1.2,
        "edge_load": 0.78
      }
    },
    {
      "turn": 7,
      "speaker": "agent",
      "intent": "switch to dead reckoning due to GNSS interference",
      "actions": [
        {
          "type": "mcp",
          "name": "enable_dead_reckoning",
          "args": {
            "source": "imu",
            "timeout_s": 45
          }
        }
      ],
      "obs": [
        {
          "tool": "enable_dead_reckoning",
          "result": {
            "status": "active",
            "fallback_used": "imu",
            "estimated_drift_m": 3.2
          }
        }
      ],
      "net": {
        "slice": "URLLC",
        "lat_ms": 10,
        "jitter_ms": 1.3,
        "loss_pct": 0.04,
        "throughput_mbps": 100,
        "edge_load": 0.62
      }
    },
    {
      "turn": 8,
      "speaker": "user",
      "intent": "request status update and battery check",
      "actions": [
        {
          "type": "mcp",
          "name": "read_telemetry",
          "args": {}
        }
      ],
      "obs": [
        {
          "tool": "read_telemetry",
          "result": {
            "pose": {
              "x": 295.3,
              "y": 276.1,
              "z": 34.8
            },
            "battery_pct": 89.4,
            "speed_mps": 17.2,
            "mode": "dead_reckoning"
          }
        }
      ],
      "net": {
        "slice": "mMTC",
        "lat_ms": 110,
        "jitter_ms": 20,
        "loss_pct": 2.1,
        "throughput_mbps": 0.9,
        "edge_load": 0.85
      }
    },
    {
      "turn": 9,
      "speaker": "agent",
      "intent": "resume GNSS and proceed to delivery",
      "actions": [
        {
          "type": "mcp",
          "name": "resume_gnss_navigation",
          "args": {}
        }
      ],
      "obs": [
        {
          "tool": "resume_gnss_navigation",
          "result": {
            "status": "success",
            "signal_quality": "good",
            "position_locked": true
          }
        }
      ],
      "net": {
        "slice": "URLLC",
        "lat_ms": 8.5,
        "jitter_ms": 1.0,
        "loss_pct": 0.02,
        "throughput_mbps": 115,
        "edge_load": 0.54
      }
    },
    {
      "turn": 10,
      "speaker": "user",
      "intent": "authorize final descent and drop-off",
      "actions": [
        {
          "type": "mcp",
          "name": "authorize_delivery",
          "args": {
            "drop_point": [
              480,
              380
            ]
          }
        }
      ],
      "obs": [
        {
          "tool": "authorize_delivery",
          "result": {
            "status": "authorized",
            "timestamp": 78.3
          }
        }
      ],
      "net": {
        "slice": "URLLC",
        "lat_ms": 7.8,
        "jitter_ms": 0.9,
        "loss_pct": 0.01,
        "throughput_mbps": 125,
        "edge_load": 0.48
      }
    },
    {
      "turn": 11,
      "speaker": "agent",
      "intent": "perform delivery and return to base",
      "actions": [
        {
          "type": "mcp",
          "name": "deliver_payload",
          "args": {
            "location": [
              480,
              380
            ]
          }
        }
      ],
      "obs": [
        {
          "tool": "deliver_payload",
          "result": {
            "status": "success",
            "delivery_time_s": 82.1,
            "battery_pct": 78.6
          }
        }
      ],
      "net": {
        "slice": "URLLC",
        "lat_ms": 8.2,
        "jitter_ms": 1.1,
        "loss_pct": 0.03,
        "throughput_mbps": 122,
        "edge_load": 0.5
      }
    }
  ],
  "final_state": {
    "domain": "uav",
    "time_s": 82.1,
    "env": {
      "weather": "dust",
      "wind_mps": 7.0,
      "wind_dir_deg": 240.0
    },
    "airspace": {
      "alt_bounds": [
        5.0,
        120.0
      ],
      "geofence": [
        {
          "type": "polygon",
          "points": [
            [
              100,
              100
            ],
            [
              500,
              100
            ],
            [
              500,
              400
            ],
            [
              100,
              400
            ]
          ]
        }
      ]
    },
    "uav": {
      "pose": {
        "x": 480.0,
        "y": 380.0,
        "z": 5.0,
        "yaw": 90.0
      },
      "speed_mps": 0.0,
      "energy": {
        "battery_pct": 78.6
      },
      "sensors": {
        "rgb": "ok",
        "thermal": "offline",
        "lidar": "ok",
        "radar": "offline",
        "gnss": "ok",
        "imu": "ok",
        "magnetometer": "ok",
        "barometer": "ok"
      },
      "payloads": []
    },
    "policy": {
      "alt_bounds": [
        5.0,
        120.0
      ]
    },
    "safety_flags": {
      "nfz_violation": false,
      "separation_breach": false
    }
  },
  "success": true,
  "_meta": {
    "seed": 42,
    "ts": 1763772950,
    "ts_iso": "2025-11-22T00:55:50Z",
    "gen_time_s": 58.54179406166077,
    "attempts_used": 1,
    "generation_failed": false,
    "usage": {
      "prompt_tokens": 1052,
      "completion_tokens": 3322,
      "total_tokens": 4374,
      "cost": 0.00282216,
      "is_byok": false,
      "prompt_tokens_details": {
        "cached_tokens": 608,
        "audio_tokens": 0,
        "video_tokens": 0
      },
      "cost_details": {
        "upstream_inference_cost": null,
        "upstream_inference_prompt_cost": 0.00016456,
        "upstream_inference_completions_cost": 0.0026576
      },
      "completion_tokens_details": {
        "reasoning_tokens": 0,
        "image_tokens": 0
      }
    }
  }
}