{
  "initial_state": {
    "domain": "uav",
    "time_s": 0.0,
    "env": {
      "weather": "crosswind_strong",
      "wind_mps": 12.0,
      "wind_dir_deg": 270.0
    },
    "airspace": {
      "alt_bounds": [
        50.0,
        300.0
      ],
      "geofence": [
        {
          "type": "polygon",
          "points": [
            [
              0.0,
              0.0
            ],
            [
              1000.0,
              0.0
            ],
            [
              1000.0,
              800.0
            ],
            [
              0.0,
              800.0
            ]
          ]
        }
      ]
    },
    "uav": {
      "pose": {
        "x": 100.0,
        "y": 100.0,
        "z": 150.0,
        "yaw": 90.0
      },
      "speed_mps": 35.0,
      "energy": {
        "battery_pct": 100.0
      },
      "sensors": {
        "rgb": "ok",
        "thermal": "offline",
        "lidar": "offline",
        "radar": "ok",
        "gnss": "ok",
        "imu": "ok",
        "magnetometer": "ok",
        "barometer": "ok"
      },
      "payloads": []
    },
    "policy": {
      "alt_bounds": [
        50.0,
        300.0
      ]
    },
    "safety_flags": {
      "nfz_violation": false,
      "separation_breach": false
    }
  },
  "dialogue": [
    {
      "turn": 1,
      "speaker": "agent",
      "intent": "initiate_mission",
      "actions": [
        {
          "type": "mcp",
          "name": "read_telemetry",
          "args": {}
        },
        {
          "type": "a2a",
          "task": "request_weather_update",
          "to": "weather_agent",
          "payload": {
            "location": [
              100.0,
              100.0
            ]
          }
        }
      ],
      "obs": [
        {
          "tool": "read_telemetry",
          "result": {
            "pose": {
              "x": 100.0,
              "y": 100.0,
              "z": 150.0,
              "yaw": 90.0
            },
            "speed_mps": 35.0,
            "battery_pct": 100.0
          }
        },
        {
          "task": "request_weather_update",
          "from": "weather_agent",
          "status": "ok",
          "payload": {
            "wind_mps": 12.0,
            "gusts_mps": 18.0,
            "turbulence": "high"
          }
        }
      ],
      "net": {
        "slice": "eMBB",
        "lat_ms": 12,
        "jitter_ms": 2,
        "loss_pct": 0.1,
        "throughput_mbps": 850,
        "edge_load": 0.35
      }
    },
    {
      "turn": 2,
      "speaker": "user",
      "intent": "confirm_mission",
      "actions": [
        {
          "type": "mcp",
          "name": "check_geofence",
          "args": {}
        }
      ],
      "obs": [
        {
          "tool": "check_geofence",
          "result": {
            "inside": true,
            "distance_to_boundary_m": 100.0
          }
        }
      ],
      "net": {
        "slice": "eMBB",
        "lat_ms": 11,
        "jitter_ms": 1.8,
        "loss_pct": 0.05,
        "throughput_mbps": 870,
        "edge_load": 0.33
      }
    },
    {
      "turn": 3,
      "speaker": "agent",
      "intent": "adjust_for_wind",
      "actions": [
        {
          "type": "mcp",
          "name": "set_heading",
          "args": {
            "target_heading": 85.0
          }
        },
        {
          "type": "a2a",
          "task": "collision_avoidance",
          "to": "uav_swarm_agent",
          "payload": {
            "current_pose": {
              "x": 100.0,
              "y": 100.0,
              "z": 150.0
            },
            "velocity": 35.0
          }
        }
      ],
      "obs": [
        {
          "tool": "set_heading",
          "result": {
            "achieved": true,
            "final_heading": 85.0
          }
        },
        {
          "task": "collision_avoidance",
          "from": "uav_swarm_agent",
          "status": "ok",
          "payload": {
            "recommended_alt": 160.0,
            "safe": true
          }
        }
      ],
      "net": {
        "slice": "URLLC",
        "lat_ms": 5,
        "jitter_ms": 0.8,
        "loss_pct": 0.01,
        "throughput_mbps": 120,
        "edge_load": 0.2
      }
    },
    {
      "turn": 4,
      "speaker": "user",
      "intent": "request_sensor_restart",
      "actions": [
        {
          "type": "mcp",
          "name": "restart_sensor",
          "args": {
            "sensor": "thermal"
          }
        }
      ],
      "obs": [
        {
          "tool": "restart_sensor",
          "result": {
            "sensor": "thermal",
            "status": "failed",
            "reason": "hardware_fault"
          }
        }
      ],
      "net": {
        "slice": "URLLC",
        "lat_ms": 6,
        "jitter_ms": 1.0,
        "loss_pct": 0.02,
        "throughput_mbps": 110,
        "edge_load": 0.22
      }
    },
    {
      "turn": 5,
      "speaker": "agent",
      "intent": "compensate_sensor_loss",
      "actions": [
        {
          "type": "mcp",
          "name": "activate_sensor_fusion",
          "args": {
            "primary": "radar",
            "fallback": "rgb"
          }
        }
      ],
      "obs": [
        {
          "tool": "activate_sensor_fusion",
          "result": {
            "status": "active",
            "primary": "radar",
            "fallback": "rgb"
          }
        }
      ],
      "net": {
        "slice": "mMTC",
        "lat_ms": 50,
        "jitter_ms": 10,
        "loss_pct": 0.5,
        "throughput_mbps": 1.2,
        "edge_load": 0.85
      }
    },
    {
      "turn": 6,
      "speaker": "user",
      "intent": "request_waypoint_update",
      "actions": [
        {
          "type": "mcp",
          "name": "set_waypoint",
          "args": {
            "x": 900.0,
            "y": 700.0,
            "z": 200.0
          }
        }
      ],
      "obs": [
        {
          "tool": "set_waypoint",
          "result": {
            "accepted": true,
            "eta_s": 42.5,
            "route_valid": true
          }
        }
      ],
      "net": {
        "slice": "URLLC",
        "lat_ms": 7,
        "jitter_ms": 1.2,
        "loss_pct": 0.03,
        "throughput_mbps": 100,
        "edge_load": 0.25
      }
    },
    {
      "turn": 7,
      "speaker": "agent",
      "intent": "monitor_battery_and_network",
      "actions": [
        {
          "type": "mcp",
          "name": "read_telemetry",
          "args": {}
        },
        {
          "type": "a2a",
          "task": "handover_request",
          "to": "edge_gateway_2",
          "payload": {
            "target_slice": "URLLC",
            "priority": "high"
          }
        }
      ],
      "obs": [
        {
          "tool": "read_telemetry",
          "result": {
            "pose": {
              "x": 500.0,
              "y": 400.0,
              "z": 195.0,
              "yaw": 87.0
            },
            "speed_mps": 34.0,
            "battery_pct": 88.2
          }
        },
        {
          "task": "handover_request",
          "from": "edge_gateway_2",
          "status": "granted",
          "payload": {
            "assigned_slice": "URLLC",
            "latency_budget_ms": 8
          }
        }
      ],
      "net": {
        "slice": "URLLC",
        "lat_ms": 6,
        "jitter_ms": 0.9,
        "loss_pct": 0.01,
        "throughput_mbps": 130,
        "edge_load": 0.18
      }
    },
    {
      "turn": 8,
      "speaker": "user",
      "intent": "verify_safety",
      "actions": [
        {
          "type": "mcp",
          "name": "check_safety_constraints",
          "args": {}
        }
      ],
      "obs": [
        {
          "tool": "check_safety_constraints",
          "result": {
            "altitude_ok": true,
            "geofence_ok": true,
            "separation_ok": true,
            "battery_ok": true
          }
        }
      ],
      "net": {
        "slice": "URLLC",
        "lat_ms": 5,
        "jitter_ms": 0.7,
        "loss_pct": 0.0,
        "throughput_mbps": 140,
        "edge_load": 0.15
      }
    },
    {
      "turn": 9,
      "speaker": "agent",
      "intent": "prepare_for_landing",
      "actions": [
        {
          "type": "mcp",
          "name": "descend",
          "args": {
            "target_alt": 60.0
          }
        },
        {
          "type": "a2a",
          "task": "request_clearance",
          "to": "tower_agent",
          "payload": {
            "intent": "land",
            "location": [
              950.0,
              750.0
            ]
          }
        }
      ],
      "obs": [
        {
          "tool": "descend",
          "result": {
            "achieved": true,
            "final_alt": 60.0
          }
        },
        {
          "task": "request_clearance",
          "from": "tower_agent",
          "status": "granted",
          "payload": {
            "landing_slot": 12,
            "wind_correction": 5.0
          }
        }
      ],
      "net": {
        "slice": "URLLC",
        "lat_ms": 4,
        "jitter_ms": 0.6,
        "loss_pct": 0.0,
        "throughput_mbps": 150,
        "edge_load": 0.12
      }
    },
    {
      "turn": 10,
      "speaker": "user",
      "intent": "approve_landing",
      "actions": [
        {
          "type": "mcp",
          "name": "confirm_landing_sequence",
          "args": {}
        }
      ],
      "obs": [
        {
          "tool": "confirm_landing_sequence",
          "result": {
            "status": "confirmed",
            "sequence_id": "LS-9876"
          }
        }
      ],
      "net": {
        "slice": "URLLC",
        "lat_ms": 5,
        "jitter_ms": 0.8,
        "loss_pct": 0.01,
        "throughput_mbps": 145,
        "edge_load": 0.14
      }
    },
    {
      "turn": 11,
      "speaker": "agent",
      "intent": "complete_landing",
      "actions": [
        {
          "type": "mcp",
          "name": "execute_landing",
          "args": {}
        }
      ],
      "obs": [
        {
          "tool": "execute_landing",
          "result": {
            "status": "success",
            "touchdown_time_s": 125.3,
            "final_pose": {
              "x": 950.0,
              "y": 750.0,
              "z": 50.0,
              "yaw": 85.0
            }
          }
        }
      ],
      "net": {
        "slice": "URLLC",
        "lat_ms": 3,
        "jitter_ms": 0.5,
        "loss_pct": 0.0,
        "throughput_mbps": 160,
        "edge_load": 0.1
      }
    }
  ],
  "final_state": {
    "domain": "uav",
    "time_s": 125.3,
    "env": {
      "weather": "crosswind_strong",
      "wind_mps": 12.0,
      "wind_dir_deg": 270.0
    },
    "airspace": {
      "alt_bounds": [
        50.0,
        300.0
      ],
      "geofence": [
        {
          "type": "polygon",
          "points": [
            [
              0.0,
              0.0
            ],
            [
              1000.0,
              0.0
            ],
            [
              1000.0,
              800.0
            ],
            [
              0.0,
              800.0
            ]
          ]
        }
      ]
    },
    "uav": {
      "pose": {
        "x": 950.0,
        "y": 750.0,
        "z": 50.0,
        "yaw": 85.0
      },
      "speed_mps": 0.0,
      "energy": {
        "battery_pct": 82.5
      },
      "sensors": {
        "rgb": "ok",
        "thermal": "offline",
        "lidar": "offline",
        "radar": "ok",
        "gnss": "ok",
        "imu": "ok",
        "magnetometer": "ok",
        "barometer": "ok"
      },
      "payloads": []
    },
    "policy": {
      "alt_bounds": [
        50.0,
        300.0
      ]
    },
    "safety_flags": {
      "nfz_violation": false,
      "separation_breach": false
    }
  },
  "success": true,
  "_meta": {
    "seed": 42,
    "ts": 1763899836,
    "ts_iso": "2025-11-23T12:10:36Z",
    "gen_time_s": 95.46442890167236,
    "attempts_used": 2,
    "generation_failed": false,
    "usage": {
      "prompt_tokens": 1117,
      "completion_tokens": 3654,
      "total_tokens": 4771,
      "cost": 0.00305278,
      "is_byok": false,
      "prompt_tokens_details": {
        "cached_tokens": 1056,
        "audio_tokens": 0,
        "video_tokens": 0
      },
      "cost_details": {
        "upstream_inference_cost": null,
        "upstream_inference_prompt_cost": 0.00012958,
        "upstream_inference_completions_cost": 0.0029232
      },
      "completion_tokens_details": {
        "reasoning_tokens": 0,
        "image_tokens": 0
      }
    }
  }
}