{
  "initial_state": {
    "domain": "uav",
    "time_s": 0.0,
    "env": {
      "weather": "snow",
      "wind_mps": 8.5,
      "wind_dir_deg": 240.0
    },
    "airspace": {
      "alt_bounds": [
        50.0,
        600.0
      ],
      "geofence": [
        {
          "type": "polygon",
          "points": [
            [
              0,
              0
            ],
            [
              2000,
              0
            ],
            [
              2000,
              1500
            ],
            [
              0,
              1500
            ]
          ]
        }
      ]
    },
    "uav": {
      "pose": {
        "x": 100.0,
        "y": 100.0,
        "z": 150.0,
        "yaw": 90.0
      },
      "speed_mps": 25.0,
      "energy": {
        "battery_pct": 100.0
      },
      "sensors": {
        "rgb": "ok",
        "thermal": "offline",
        "lidar": "offline",
        "radar": "offline",
        "gnss": "ok",
        "imu": "ok",
        "magnetometer": "ok",
        "barometer": "ok"
      },
      "payloads": []
    },
    "policy": {
      "alt_bounds": [
        50.0,
        600.0
      ]
    },
    "safety_flags": {
      "nfz_violation": false,
      "separation_breach": false
    }
  },
  "dialogue": [
    {
      "turn": 1,
      "speaker": "agent",
      "intent": "initiate mission and check telemetry",
      "actions": [
        {
          "type": "mcp",
          "name": "read_telemetry",
          "args": {}
        }
      ],
      "obs": [
        {
          "tool": "read_telemetry",
          "result": {
            "pose": {
              "x": 100.0,
              "y": 100.0,
              "z": 150.0,
              "yaw": 90.0
            },
            "speed_mps": 25.0,
            "battery_pct": 100.0,
            "sensors": {
              "rgb": "ok",
              "thermal": "offline",
              "lidar": "offline",
              "radar": "offline"
            }
          }
        }
      ],
      "net": {
        "slice": "eMBB",
        "lat_ms": 12,
        "jitter_ms": 3,
        "loss_pct": 0.1,
        "throughput_mbps": 850,
        "edge_load": 0.45
      }
    },
    {
      "turn": 2,
      "speaker": "user",
      "intent": "request sensor activation and route plan",
      "actions": [
        {
          "type": "mcp",
          "name": "activate_sensor",
          "args": {
            "sensor": "thermal"
          }
        },
        {
          "type": "mcp",
          "name": "plan_route",
          "args": {
            "waypoints": [
              {
                "x": 500,
                "y": 300,
                "z": 200
              },
              {
                "x": 1200,
                "y": 800,
                "z": 400
              }
            ]
          }
        }
      ],
      "obs": [
        {
          "tool": "activate_sensor",
          "result": {
            "sensor": "thermal",
            "status": "activated"
          }
        },
        {
          "tool": "plan_route",
          "result": {
            "route_id": "r_001",
            "waypoints": [
              {
                "x": 500,
                "y": 300,
                "z": 200
              },
              {
                "x": 1200,
                "y": 800,
                "z": 400
              }
            ],
            "estimated_duration_s": 180,
            "energy_cost_pct": 12.5
          }
        }
      ],
      "net": {
        "slice": "eMBB",
        "lat_ms": 14,
        "jitter_ms": 4,
        "loss_pct": 0.2,
        "throughput_mbps": 800,
        "edge_load": 0.52
      }
    },
    {
      "turn": 3,
      "speaker": "agent",
      "intent": "execute route and monitor thermal feed",
      "actions": [
        {
          "type": "mcp",
          "name": "execute_route",
          "args": {
            "route_id": "r_001"
          }
        },
        {
          "type": "mcp",
          "name": "stream_sensor",
          "args": {
            "sensor": "thermal",
            "duration": 60
          }
        }
      ],
      "obs": [
        {
          "tool": "execute_route",
          "result": {
            "status": "in_progress",
            "current_waypoint_index": 0
          }
        },
        {
          "tool": "stream_sensor",
          "result": {
            "sensor": "thermal",
            "status": "streaming",
            "bitrate_kbps": 1200
          }
        }
      ],
      "net": {
        "slice": "eMBB",
        "lat_ms": 16,
        "jitter_ms": 5,
        "loss_pct": 0.3,
        "throughput_mbps": 750,
        "edge_load": 0.61
      }
    },
    {
      "turn": 4,
      "speaker": "user",
      "intent": "detect network degradation and request swarm coordination",
      "actions": [
        {
          "type": "a2a",
          "task": "collision_avoidance",
          "to": "uav_swarm_agent",
          "payload": {
            "uav_id": "uav_01",
            "current_pose": {
              "x": 480,
              "y": 290,
              "z": 195
            },
            "velocity": 25,
            "heading": 95
          }
        }
      ],
      "obs": [
        {
          "task": "collision_avoidance",
          "from": "uav_swarm_agent",
          "status": "ok",
          "payload": {
            "recommended_heading": 90,
            "safety_margin": 15.3,
            "conflict_uav": null
          }
        }
      ],
      "net": {
        "slice": "URLLC",
        "lat_ms": 8,
        "jitter_ms": 1,
        "loss_pct": 0.05,
        "throughput_mbps": 100,
        "edge_load": 0.3
      }
    },
    {
      "turn": 5,
      "speaker": "agent",
      "intent": "adjust heading based on swarm input",
      "actions": [
        {
          "type": "mcp",
          "name": "adjust_heading",
          "args": {
            "delta_deg": -5
          }
        }
      ],
      "obs": [
        {
          "tool": "adjust_heading",
          "result": {
            "previous_yaw": 95,
            "current_yaw": 90,
            "status": "applied"
          }
        }
      ],
      "net": {
        "slice": "URLLC",
        "lat_ms": 7,
        "jitter_ms": 1,
        "loss_pct": 0.02,
        "throughput_mbps": 110,
        "edge_load": 0.28
      }
    },
    {
      "turn": 6,
      "speaker": "user",
      "intent": "report snow interference and request sensor fallback",
      "actions": [
        {
          "type": "mcp",
          "name": "activate_sensor",
          "args": {
            "sensor": "radar"
          }
        }
      ],
      "obs": [
        {
          "tool": "activate_sensor",
          "result": {
            "sensor": "radar",
            "status": "activated"
          }
        }
      ],
      "net": {
        "slice": "mMTC",
        "lat_ms": 50,
        "jitter_ms": 10,
        "loss_pct": 1.5,
        "throughput_mbps": 1,
        "edge_load": 0.75
      }
    },
    {
      "turn": 7,
      "speaker": "agent",
      "intent": "switch to radar due to snow impairing thermal",
      "actions": [
        {
          "type": "mcp",
          "name": "switch_sensor_feed",
          "args": {
            "from": "thermal",
            "to": "radar"
          }
        }
      ],
      "obs": [
        {
          "tool": "switch_sensor_feed",
          "result": {
            "status": "completed",
            "active_sensor": "radar"
          }
        }
      ],
      "net": {
        "slice": "mMTC",
        "lat_ms": 55,
        "jitter_ms": 12,
        "loss_pct": 2.0,
        "throughput_mbps": 0.8,
        "edge_load": 0.82
      }
    },
    {
      "turn": 8,
      "speaker": "user",
      "intent": "request return to base due to worsening conditions",
      "actions": [
        {
          "type": "mcp",
          "name": "plan_route",
          "args": {
            "waypoints": [
              {
                "x": 100,
                "y": 100,
                "z": 120
              }
            ]
          }
        }
      ],
      "obs": [
        {
          "tool": "plan_route",
          "result": {
            "route_id": "r_002",
            "waypoints": [
              {
                "x": 100,
                "y": 100,
                "z": 120
              }
            ],
            "estimated_duration_s": 90,
            "energy_cost_pct": 7.2
          }
        }
      ],
      "net": {
        "slice": "URLLC",
        "lat_ms": 9,
        "jitter_ms": 2,
        "loss_pct": 0.1,
        "throughput_mbps": 95,
        "edge_load": 0.35
      }
    },
    {
      "turn": 9,
      "speaker": "agent",
      "intent": "execute return route with safety checks",
      "actions": [
        {
          "type": "mcp",
          "name": "execute_route",
          "args": {
            "route_id": "r_002"
          }
        },
        {
          "type": "mcp",
          "name": "check_safety_constraints",
          "args": {}
        }
      ],
      "obs": [
        {
          "tool": "execute_route",
          "result": {
            "status": "in_progress",
            "current_waypoint_index": 0
          }
        },
        {
          "tool": "check_safety_constraints",
          "result": {
            "within_alt_bounds": true,
            "inside_geofence": true,
            "battery_sufficient": true,
            "no_conflicts": true
          }
        }
      ],
      "net": {
        "slice": "URLLC",
        "lat_ms": 10,
        "jitter_ms": 1,
        "loss_pct": 0.08,
        "throughput_mbps": 105,
        "edge_load": 0.31
      }
    },
    {
      "turn": 10,
      "speaker": "user",
      "intent": "confirm safe landing and mission end",
      "actions": [
        {
          "type": "mcp",
          "name": "land_uav",
          "args": {
            "auto_confirm": true
          }
        }
      ],
      "obs": [
        {
          "tool": "land_uav",
          "result": {
            "status": "completed",
            "final_pose": {
              "x": 100,
              "y": 100,
              "z": 50
            },
            "landing_time_s": 88.5,
            "battery_remaining_pct": 80.3
          }
        }
      ],
      "net": {
        "slice": "URLLC",
        "lat_ms": 6,
        "jitter_ms": 0.5,
        "loss_pct": 0.01,
        "throughput_mbps": 120,
        "edge_load": 0.25
      }
    }
  ],
  "final_state": {
    "domain": "uav",
    "time_s": 278.5,
    "env": {
      "weather": "snow",
      "wind_mps": 8.5,
      "wind_dir_deg": 240.0
    },
    "airspace": {
      "alt_bounds": [
        50.0,
        600.0
      ],
      "geofence": [
        {
          "type": "polygon",
          "points": [
            [
              0,
              0
            ],
            [
              2000,
              0
            ],
            [
              2000,
              1500
            ],
            [
              0,
              1500
            ]
          ]
        }
      ]
    },
    "uav": {
      "pose": {
        "x": 100,
        "y": 100,
        "z": 50,
        "yaw": 90.0
      },
      "speed_mps": 0.0,
      "energy": {
        "battery_pct": 80.3
      },
      "sensors": {
        "rgb": "ok",
        "thermal": "standby",
        "lidar": "offline",
        "radar": "standby",
        "gnss": "ok",
        "imu": "ok",
        "magnetometer": "ok",
        "barometer": "ok"
      },
      "payloads": []
    },
    "policy": {
      "alt_bounds": [
        50.0,
        600.0
      ]
    },
    "safety_flags": {
      "nfz_violation": false,
      "separation_breach": false
    }
  },
  "success": true,
  "_meta": {
    "seed": 42,
    "ts": 1763733637,
    "ts_iso": "2025-11-21T14:00:37Z",
    "gen_time_s": 64.72877025604248,
    "attempts_used": 1,
    "generation_failed": false,
    "usage": {
      "prompt_tokens": 1048,
      "completion_tokens": 3458,
      "total_tokens": 4506,
      "cost": 0.00292656,
      "is_byok": false,
      "prompt_tokens_details": {
        "cached_tokens": 640,
        "audio_tokens": 0,
        "video_tokens": 0
      },
      "cost_details": {
        "upstream_inference_cost": null,
        "upstream_inference_prompt_cost": 0.00016016,
        "upstream_inference_completions_cost": 0.0027664
      },
      "completion_tokens_details": {
        "reasoning_tokens": 0,
        "image_tokens": 0
      }
    }
  }
}