{
  "episode_id": "6gb_prompt_b4ae2348db27e2ba",
  "questions": [
    {
      "task_id": "T5",
      "task_name": "Slice Switching Decision",
      "source_turn": 7,
      "question": "At turn 7, the UAV is operating under mMTC slice with latency 110ms, jitter 30ms, packet loss 10.0%, throughput 0.8Mbps, and edge load 0.95. The mission requires continuous sensor activation and data offload, which historically consumed 1.2Mbps under eMBB and 150ms latency tolerance. The next turn may see edge load rise to 0.98 or drop to 0.92 depending on wind shear. Switching to eMBB now would incur 14ms latency and 820Mbps throughput but risk 0.35 edge load and potential reversion to mMTC if load exceeds 0.97. URLCC offers 7ms latency and 150Mbps throughput but cannot sustain sensor data bursts. Given the uncertainty in edge load and the need to avoid SLA violation within two turns, which option should be selected?",
      "options": {
        "A": "Switch to eMBB immediately to restore throughput, accepting edge load of 0.35 and potential reversion risk if load exceeds 0.97.",
        "B": "Remain on mMTC, accepting degraded performance, because edge load may drop to 0.92 next turn and avoid switching overhead.",
        "C": "Switch to URLLC for latency-critical control, accepting throughput limit of 150Mbps, which may fail sensor data offload.",
        "D": "Delay decision until turn 8, monitoring edge load trend, risking SLA violation if load rises to 0.98 and no recovery occurs."
      },
      "correct": "B",
      "reason": "Remaining on mMTC minimizes maximum regret under worst-case edge load projection. Switching to eMBB risks reversion if load exceeds 0. 97, which is plausible under wind shear uncertainty. URLLC cannot sustain required throughput for sensor data. Delaying decision risks SLA violation if load rises to 0.",
      "rationale_tag": "WORST_CASE_REGRET_MINIMIZATION",
      "difficulty": "very_hard"
    },
    {
      "task_id": "T13",
      "task_name": "Swarm-Level Slice Negotiation",
      "source_turn": 7,
      "question": "At turn 7, the network has degraded to mMTC with 110ms latency, 30ms jitter, 10% loss, and 0.8Mbps throughput under 95% edge load. The UAV must transmit thermal imagery requiring 500MB within 3 turns while maintaining collision avoidance with 10ms latency SLA. eMBB offers 820Mbps throughput but 14ms latency; URLLC offers 150Mbps with 7ms latency. If wind persists at 6.5m/s and battery depletes 3% per turn, which slice should be negotiated for the next 3 turns to minimize maximum regret? Option A: Stick with mMTC to preserve edge load margin. Option B: Switch to eMBB for throughput despite latency risk. Option C: Switch to URLLC for latency compliance despite throughput constraint. Option D: Negotiate hybrid slice with 50% eMBB and 50% URLLC allocation. Which option should be selected?",
      "options": {
        "A": "Stick with mMTC to preserve edge load margin.",
        "B": "Switch to eMBB for throughput despite latency risk.",
        "C": "Switch to URLLC for latency compliance despite throughput constraint.",
        "D": "Negotiate hybrid slice with 50% eMBB and 50% URLLC allocation."
      },
      "correct": "C",
      "reason": "URLLC guarantees latency under 10ms for collision avoidance across all three turns even under worst-case jitter. eMBB’s 14ms latency risks SLA violation in turn 8 or 9. mMTC cannot transmit 500MB in three turns at 0. 8Mbps. Hybrid allocation fails because URLLC’s 150Mbps is insufficient for 500MB in 3 turns and eMBB’s latency violates safety.",
      "rationale_tag": "WORST_CASE_LATENCY_COMPLIANCE",
      "difficulty": "very_hard"
    },
    {
      "task_id": "T21",
      "task_name": "Device-Network Task Offload Arbitration",
      "source_turn": 7,
      "question": "At turn 7, the UAV is operating under mMTC slice with 110ms latency, 30ms jitter, 10% loss, 0.8Mbps throughput, and 95% edge load. The mission requires real-time object detection with 50ms SLA latency and 99.9% reliability. The onboard AI can process at 80ms with 100% reliability but consumes 5% battery per inference. Offloading to edge AI under current conditions risks 110ms latency and 10% loss, while switching to URLLC slice would reduce latency to 9ms but limit throughput to 110Mbps, insufficient for raw sensor stream offload. If network degradation persists for two more turns, edge load may exceed 98%, increasing latency by 20ms per turn. Which option should be selected?",
      "options": {
        "A": "Offload to edge AI under current mMTC slice, accepting 10% loss and 110ms latency, as edge load may recover by turn 9.",
        "B": "Switch to URLLC slice and offload compressed feature vectors only, accepting 9ms latency but risking 15% inference accuracy drop due to compression.",
        "C": "Run inference onboard despite 80ms latency, preserving 100% reliability and avoiding network dependency, accepting 5% battery cost per inference.",
        "D": "Delay inference until turn 9 when eMBB slice is projected to return, accepting 200ms cumulative delay but preserving 99.9% reliability and 0% battery cost."
      },
      "correct": "C",
      "reason": "Running inference onboard avoids network uncertainty and guarantees 100% reliability within the 50ms SLA margin when accounting for worst-case jitter. Offloading under mMTC violates latency and reliability SLAs even under mean conditions. Switching to URLLC sacrifices accuracy and cannot handle raw data, risking mission failure. Delaying inference incurs unacceptable cumulative delay exceeding SLA by 150ms. Onboard execution minimizes maximum regret across all plausible futures.",
      "rationale_tag": "WORST_CASE_REGRET_MINIMIZATION",
      "difficulty": "very_hard"
    },
    {
      "task_id": "T27",
      "task_name": "Agent Lifecycle & Management",
      "source_turn": 7,
      "question": "The UAV is currently operating under mMTC slice with latency 110ms, jitter 30ms, packet loss 10%, throughput 0.8Mbps, and edge load 0.95. Policy mandates SLA latency < 50ms and throughput > 5Mbps for critical control. The next three turns will involve telemetry read, sensor activation, and route computation. If network degradation persists, the UAV must decide whether to scale down sensors, migrate to edge cluster B (which has 20% higher latency but 40% lower edge load), retire the agent, or wait for recovery. Sensor activation requires 2Mbps throughput and increases edge load by 0.15. Route computation requires 5Mbps throughput and increases edge load by 0.25. Recovery is uncertain but historically occurs within 2 turns with 60% probability. Which option should be selected?",
      "options": {
        "A": "Scale down sensors to reduce edge load to 0.8 and wait for recovery, accepting 10% packet loss for 2 turns.",
        "B": "Migrate to edge cluster B, accepting 132ms latency but reducing edge load to 0.75, then activate sensors and compute route.",
        "C": "Retire the agent immediately to avoid SLA violation, preserving system integrity under worst-case degradation.",
        "D": "Wait for recovery without scaling or migrating, assuming 60% chance of restoration within 2 turns and risking SLA breach."
      },
      "correct": "B",
      "reason": "Migrating to edge cluster B reduces edge load below critical threshold while accepting higher latency that remains within operational tolerance. Scaling down sensors does not resolve the throughput deficit for route computation. Waiting risks SLA violation with no mitigation. Retirement is premature given the agent’s mission-critical role and the availability of a viable migration path. The worst-case latency under migration still allows safe operation over the next three turns.",
      "rationale_tag": "WORST_CASE_MIGRATION_SAFETY",
      "difficulty": "very_hard"
    }
  ]
}