{
  "initial_state": {
    "domain": "uav",
    "time_s": 0.0,
    "env": {
      "weather": "icing",
      "wind_mps": 8.5,
      "wind_dir_deg": 240.0
    },
    "airspace": {
      "alt_bounds": [
        100.0,
        1200.0
      ],
      "geofence": [
        {
          "type": "polygon",
          "points": [
            [
              0,
              0
            ],
            [
              2500,
              0
            ],
            [
              2500,
              2000
            ],
            [
              0,
              2000
            ]
          ]
        }
      ]
    },
    "uav": {
      "pose": {
        "x": 100.0,
        "y": 100.0,
        "z": 300.0,
        "yaw": 90.0
      },
      "speed_mps": 28.0,
      "energy": {
        "battery_pct": 100.0
      },
      "sensors": {
        "rgb": "ok",
        "thermal": "offline",
        "lidar": "offline",
        "radar": "offline",
        "gnss": "ok",
        "imu": "ok",
        "magnetometer": "ok",
        "barometer": "ok"
      },
      "payloads": []
    },
    "policy": {
      "alt_bounds": [
        100.0,
        1200.0
      ]
    },
    "safety_flags": {
      "nfz_violation": false,
      "separation_breach": false
    }
  },
  "dialogue": [
    {
      "turn": 1,
      "speaker": "agent",
      "intent": "initiate_mission",
      "actions": [
        {
          "type": "mcp",
          "name": "read_telemetry",
          "args": {}
        }
      ],
      "obs": [
        {
          "tool": "read_telemetry",
          "result": {
            "pose": {
              "x": 100.0,
              "y": 100.0,
              "z": 300.0,
              "yaw": 90.0
            },
            "speed_mps": 28.0,
            "battery_pct": 100.0
          }
        }
      ],
      "net": {
        "slice": "eMBB",
        "lat_ms": 12,
        "jitter_ms": 2,
        "loss_pct": 0.1,
        "throughput_mbps": 850,
        "edge_load": 0.35
      }
    },
    {
      "turn": 2,
      "speaker": "user",
      "intent": "confirm_mission_start",
      "actions": [],
      "obs": [],
      "net": {
        "slice": "eMBB",
        "lat_ms": 11,
        "jitter_ms": 1.8,
        "loss_pct": 0.05,
        "throughput_mbps": 870,
        "edge_load": 0.33
      }
    },
    {
      "turn": 3,
      "speaker": "agent",
      "intent": "check_sensor_status",
      "actions": [
        {
          "type": "mcp",
          "name": "diagnose_sensors",
          "args": {}
        }
      ],
      "obs": [
        {
          "tool": "diagnose_sensors",
          "result": {
            "status": "partial",
            "offline": [
              "thermal",
              "lidar",
              "radar"
            ],
            "reason": "icing_detected"
          }
        }
      ],
      "net": {
        "slice": "URLLC",
        "lat_ms": 8,
        "jitter_ms": 1,
        "loss_pct": 0.02,
        "throughput_mbps": 120,
        "edge_load": 0.4
      }
    },
    {
      "turn": 4,
      "speaker": "user",
      "intent": "request_sensor_repair",
      "actions": [
        {
          "type": "mcp",
          "name": "activate_de_icing",
          "args": {}
        }
      ],
      "obs": [
        {
          "tool": "activate_de_icing",
          "result": {
            "status": "initiated",
            "expected_duration_s": 60
          }
        }
      ],
      "net": {
        "slice": "URLLC",
        "lat_ms": 7,
        "jitter_ms": 0.9,
        "loss_pct": 0.01,
        "throughput_mbps": 110,
        "edge_load": 0.42
      }
    },
    {
      "turn": 5,
      "speaker": "agent",
      "intent": "coordinate_swarm",
      "actions": [
        {
          "type": "a2a",
          "task": "collision_avoidance",
          "to": "uav_swarm_agent",
          "payload": {
            "current_pose": {
              "x": 100.0,
              "y": 100.0,
              "z": 300.0
            },
            "waypoints": [
              {
                "x": 1200,
                "y": 800,
                "z": 500
              }
            ]
          }
        }
      ],
      "obs": [
        {
          "task": "collision_avoidance",
          "from": "uav_swarm_agent",
          "status": "ok",
          "payload": {
            "safe": true,
            "suggested_alt": 520
          }
        }
      ],
      "net": {
        "slice": "URLLC",
        "lat_ms": 9,
        "jitter_ms": 1.2,
        "loss_pct": 0.03,
        "throughput_mbps": 100,
        "edge_load": 0.45
      }
    },
    {
      "turn": 6,
      "speaker": "user",
      "intent": "adjust_altitude",
      "actions": [
        {
          "type": "mcp",
          "name": "set_altitude",
          "args": {
            "target_z": 520.0
          }
        }
      ],
      "obs": [
        {
          "tool": "set_altitude",
          "result": {
            "status": "executing",
            "target": 520.0
          }
        }
      ],
      "net": {
        "slice": "URLLC",
        "lat_ms": 8,
        "jitter_ms": 1.1,
        "loss_pct": 0.02,
        "throughput_mbps": 105,
        "edge_load": 0.43
      }
    },
    {
      "turn": 7,
      "speaker": "agent",
      "intent": "monitor_network_degradation",
      "actions": [
        {
          "type": "mcp",
          "name": "read_telemetry",
          "args": {}
        }
      ],
      "obs": [
        {
          "tool": "read_telemetry",
          "result": {
            "pose": {
              "x": 450.0,
              "y": 320.0,
              "z": 518.5,
              "yaw": 92.0
            },
            "speed_mps": 26.0,
            "battery_pct": 96.5
          }
        }
      ],
      "net": {
        "slice": "mMTC",
        "lat_ms": 120,
        "jitter_ms": 25,
        "loss_pct": 2.5,
        "throughput_mbps": 1.2,
        "edge_load": 0.78
      }
    },
    {
      "turn": 8,
      "speaker": "user",
      "intent": "request_data_offload",
      "actions": [
        {
          "type": "mcp",
          "name": "offload_data",
          "args": {
            "priority": "high",
            "slice_hint": "eMBB"
          }
        }
      ],
      "obs": [
        {
          "tool": "offload_data",
          "result": {
            "status": "queued",
            "reason": "network_congestion",
            "retry_in_s": 45
          }
        }
      ],
      "net": {
        "slice": "mMTC",
        "lat_ms": 130,
        "jitter_ms": 30,
        "loss_pct": 3.0,
        "throughput_mbps": 0.9,
        "edge_load": 0.82
      }
    },
    {
      "turn": 9,
      "speaker": "agent",
      "intent": "adapt_to_network",
      "actions": [
        {
          "type": "mcp",
          "name": "compress_sensor_data",
          "args": {
            "target_size_kb": 512
          }
        }
      ],
      "obs": [
        {
          "tool": "compress_sensor_data",
          "result": {
            "status": "success",
            "reduction_ratio": 0.85
          }
        }
      ],
      "net": {
        "slice": "URLLC",
        "lat_ms": 10,
        "jitter_ms": 1.5,
        "loss_pct": 0.05,
        "throughput_mbps": 150,
        "edge_load": 0.65
      }
    },
    {
      "turn": 10,
      "speaker": "user",
      "intent": "confirm_compression_and_retry",
      "actions": [
        {
          "type": "mcp",
          "name": "offload_data",
          "args": {
            "priority": "high",
            "slice_hint": "eMBB"
          }
        }
      ],
      "obs": [
        {
          "tool": "offload_data",
          "result": {
            "status": "success",
            "bytes_sent": 2048000,
            "latency_s": 1.8
          }
        }
      ],
      "net": {
        "slice": "eMBB",
        "lat_ms": 14,
        "jitter_ms": 2.1,
        "loss_pct": 0.08,
        "throughput_mbps": 800,
        "edge_load": 0.5
      }
    },
    {
      "turn": 11,
      "speaker": "agent",
      "intent": "return_to_base",
      "actions": [
        {
          "type": "mcp",
          "name": "set_waypoint",
          "args": {
            "x": 100.0,
            "y": 100.0,
            "z": 300.0
          }
        }
      ],
      "obs": [
        {
          "tool": "set_waypoint",
          "result": {
            "status": "accepted",
            "eta_s": 180
          }
        }
      ],
      "net": {
        "slice": "URLLC",
        "lat_ms": 9,
        "jitter_ms": 1.0,
        "loss_pct": 0.01,
        "throughput_mbps": 130,
        "edge_load": 0.41
      }
    }
  ],
  "final_state": {
    "domain": "uav",
    "time_s": 660.0,
    "env": {
      "weather": "icing",
      "wind_mps": 8.5,
      "wind_dir_deg": 240.0
    },
    "airspace": {
      "alt_bounds": [
        100.0,
        1200.0
      ],
      "geofence": [
        {
          "type": "polygon",
          "points": [
            [
              0,
              0
            ],
            [
              2500,
              0
            ],
            [
              2500,
              2000
            ],
            [
              0,
              2000
            ]
          ]
        }
      ]
    },
    "uav": {
      "pose": {
        "x": 100.0,
        "y": 100.0,
        "z": 300.0,
        "yaw": 90.0
      },
      "speed_mps": 0.0,
      "energy": {
        "battery_pct": 88.0
      },
      "sensors": {
        "rgb": "ok",
        "thermal": "ok",
        "lidar": "ok",
        "radar": "ok",
        "gnss": "ok",
        "imu": "ok",
        "magnetometer": "ok",
        "barometer": "ok"
      },
      "payloads": []
    },
    "policy": {
      "alt_bounds": [
        100.0,
        1200.0
      ]
    },
    "safety_flags": {
      "nfz_violation": false,
      "separation_breach": false
    }
  },
  "success": true,
  "_meta": {
    "seed": 42,
    "ts": 1763667165,
    "ts_iso": "2025-11-20T19:32:45Z",
    "gen_time_s": 56.80355930328369,
    "attempts_used": 1,
    "generation_failed": false,
    "usage": {
      "prompt_tokens": 1053,
      "completion_tokens": 3092,
      "total_tokens": 4145,
      "cost": 0.00259086,
      "is_byok": false,
      "prompt_tokens_details": {
        "cached_tokens": 1040,
        "audio_tokens": 0,
        "video_tokens": 0
      },
      "cost_details": {
        "upstream_inference_cost": null,
        "upstream_inference_prompt_cost": 0.00011726,
        "upstream_inference_completions_cost": 0.0024736
      },
      "completion_tokens_details": {
        "reasoning_tokens": 0,
        "image_tokens": 0
      }
    }
  }
}