{
  "initial_state": {
    "domain": "uav",
    "time_s": 0.0,
    "env": {
      "weather": "dust",
      "wind_mps": 8.5,
      "wind_dir_deg": 240.0
    },
    "airspace": {
      "alt_bounds": [
        10.0,
        120.0
      ],
      "geofence": [
        {
          "type": "polygon",
          "points": [
            [
              0,
              0
            ],
            [
              0,
              300
            ],
            [
              300,
              300
            ],
            [
              300,
              0
            ]
          ]
        }
      ]
    },
    "uav": {
      "pose": {
        "x": 50.0,
        "y": 50.0,
        "z": 25.0,
        "yaw": 90.0
      },
      "speed_mps": 18.0,
      "energy": {
        "battery_pct": 100.0
      },
      "sensors": {
        "rgb": "ok",
        "thermal": "offline",
        "lidar": "ok",
        "radar": "offline",
        "gnss": "ok",
        "imu": "ok",
        "magnetometer": "ok",
        "barometer": "ok"
      },
      "payloads": []
    },
    "policy": {
      "alt_bounds": [
        10.0,
        120.0
      ]
    },
    "safety_flags": {
      "nfz_violation": false,
      "separation_breach": false
    }
  },
  "dialogue": [
    {
      "turn": 1,
      "speaker": "agent",
      "intent": "initiate_mission",
      "actions": [
        {
          "type": "mcp",
          "name": "read_telemetry",
          "args": {}
        },
        {
          "type": "a2a",
          "task": "swarm_sync",
          "to": "uav_swarm_agent",
          "payload": {
            "pose": {
              "x": 50.0,
              "y": 50.0,
              "z": 25.0
            },
            "battery": 100.0
          }
        }
      ],
      "obs": [
        {
          "tool": "read_telemetry",
          "result": {
            "pose": {
              "x": 50.0,
              "y": 50.0,
              "z": 25.0
            },
            "battery_pct": 100.0,
            "speed_mps": 18.0
          }
        },
        {
          "task": "swarm_sync",
          "from": "uav_swarm_agent",
          "status": "ok",
          "payload": {
            "sync_time": 0.012,
            "neighbors": 3
          }
        }
      ],
      "net": {
        "slice": "URLLC",
        "lat_ms": 3.2,
        "jitter_ms": 0.8,
        "loss_pct": 0.01,
        "throughput_mbps": 50,
        "edge_load": 0.35
      }
    },
    {
      "turn": 2,
      "speaker": "user",
      "intent": "confirm_mission_start",
      "actions": [],
      "obs": [],
      "net": {
        "slice": "URLLC",
        "lat_ms": 3.5,
        "jitter_ms": 0.9,
        "loss_pct": 0.02,
        "throughput_mbps": 48,
        "edge_load": 0.37
      }
    },
    {
      "turn": 3,
      "speaker": "agent",
      "intent": "adjust_for_wind",
      "actions": [
        {
          "type": "mcp",
          "name": "set_heading",
          "args": {
            "target_heading": 240
          }
        },
        {
          "type": "mcp",
          "name": "read_weather",
          "args": {}
        }
      ],
      "obs": [
        {
          "tool": "set_heading",
          "result": {
            "success": true,
            "new_yaw": 240.0
          }
        },
        {
          "tool": "read_weather",
          "result": {
            "wind_mps": 8.5,
            "gusts_mps": 12.0,
            "turbulence": "moderate"
          }
        }
      ],
      "net": {
        "slice": "URLLC",
        "lat_ms": 4.1,
        "jitter_ms": 1.1,
        "loss_pct": 0.03,
        "throughput_mbps": 45,
        "edge_load": 0.42
      }
    },
    {
      "turn": 4,
      "speaker": "user",
      "intent": "request_thermal_check",
      "actions": [
        {
          "type": "mcp",
          "name": "check_sensor",
          "args": {
            "sensor": "thermal"
          }
        }
      ],
      "obs": [
        {
          "tool": "check_sensor",
          "result": {
            "status": "offline",
            "reason": "dust_contamination"
          }
        }
      ],
      "net": {
        "slice": "eMBB",
        "lat_ms": 18.0,
        "jitter_ms": 5.0,
        "loss_pct": 0.5,
        "throughput_mbps": 120,
        "edge_load": 0.78
      }
    },
    {
      "turn": 5,
      "speaker": "agent",
      "intent": "compensate_sensor_failure",
      "actions": [
        {
          "type": "mcp",
          "name": "activate_sensor",
          "args": {
            "sensor": "lidar"
          }
        },
        {
          "type": "a2a",
          "task": "request_thermal_data",
          "to": "uav_swarm_agent",
          "payload": {
            "target_area": {
              "x": 150,
              "y": 150
            }
          }
        }
      ],
      "obs": [
        {
          "tool": "activate_sensor",
          "result": {
            "sensor": "lidar",
            "status": "active"
          }
        },
        {
          "task": "request_thermal_data",
          "from": "uav_swarm_agent",
          "status": "pending",
          "payload": {
            "eta": 12
          }
        }
      ],
      "net": {
        "slice": "URLLC",
        "lat_ms": 5.0,
        "jitter_ms": 1.3,
        "loss_pct": 0.04,
        "throughput_mbps": 40,
        "edge_load": 0.55
      }
    },
    {
      "turn": 6,
      "speaker": "user",
      "intent": "redirect_to_waypoint",
      "actions": [
        {
          "type": "mcp",
          "name": "set_waypoint",
          "args": {
            "x": 200,
            "y": 200,
            "z": 80
          }
        }
      ],
      "obs": [
        {
          "tool": "set_waypoint",
          "result": {
            "accepted": true,
            "eta": 22
          }
        }
      ],
      "net": {
        "slice": "eMBB",
        "lat_ms": 25.0,
        "jitter_ms": 8.0,
        "loss_pct": 1.2,
        "throughput_mbps": 80,
        "edge_load": 0.85
      }
    },
    {
      "turn": 7,
      "speaker": "agent",
      "intent": "adapt_to_network_degradation",
      "actions": [
        {
          "type": "mcp",
          "name": "read_telemetry",
          "args": {}
        }
      ],
      "obs": [
        {
          "tool": "read_telemetry",
          "result": {
            "pose": {
              "x": 120.0,
              "y": 120.0,
              "z": 78.0
            },
            "battery_pct": 88.0,
            "speed_mps": 16.5
          }
        }
      ],
      "net": {
        "slice": "mMTC",
        "lat_ms": 120.0,
        "jitter_ms": 20.0,
        "loss_pct": 3.0,
        "throughput_mbps": 1,
        "edge_load": 0.92
      }
    },
    {
      "turn": 8,
      "speaker": "user",
      "intent": "abort_high_latency_tasks",
      "actions": [
        {
          "type": "mcp",
          "name": "cancel_high_bandwidth_tasks",
          "args": {}
        }
      ],
      "obs": [
        {
          "tool": "cancel_high_bandwidth_tasks",
          "result": {
            "cancelled": [
              "stream_rgb_video"
            ],
            "retained": [
              "telemetry"
            ]
          }
        }
      ],
      "net": {
        "slice": "URLLC",
        "lat_ms": 6.5,
        "jitter_ms": 1.8,
        "loss_pct": 0.06,
        "throughput_mbps": 35,
        "edge_load": 0.6
      }
    },
    {
      "turn": 9,
      "speaker": "agent",
      "intent": "resume_navigation",
      "actions": [
        {
          "type": "mcp",
          "name": "set_speed",
          "args": {
            "speed_mps": 14.0
          }
        },
        {
          "type": "a2a",
          "task": "collision_avoidance",
          "to": "uav_swarm_agent",
          "payload": {
            "current_pose": {
              "x": 120.0,
              "y": 120.0,
              "z": 78.0
            }
          }
        }
      ],
      "obs": [
        {
          "tool": "set_speed",
          "result": {
            "speed_mps": 14.0
          }
        },
        {
          "task": "collision_avoidance",
          "from": "uav_swarm_agent",
          "status": "ok",
          "payload": {
            "safe": true,
            "recommended_alt": 82.0
          }
        }
      ],
      "net": {
        "slice": "URLLC",
        "lat_ms": 4.8,
        "jitter_ms": 1.0,
        "loss_pct": 0.02,
        "throughput_mbps": 42,
        "edge_load": 0.5
      }
    },
    {
      "turn": 10,
      "speaker": "user",
      "intent": "confirm_final_approach",
      "actions": [],
      "obs": [],
      "net": {
        "slice": "URLLC",
        "lat_ms": 4.5,
        "jitter_ms": 0.9,
        "loss_pct": 0.01,
        "throughput_mbps": 46,
        "edge_load": 0.45
      }
    },
    {
      "turn": 11,
      "speaker": "agent",
      "intent": "complete_mission",
      "actions": [
        {
          "type": "mcp",
          "name": "hover",
          "args": {}
        },
        {
          "type": "mcp",
          "name": "read_telemetry",
          "args": {}
        }
      ],
      "obs": [
        {
          "tool": "hover",
          "result": {
            "success": true,
            "status": "stable"
          }
        },
        {
          "tool": "read_telemetry",
          "result": {
            "pose": {
              "x": 198.0,
              "y": 198.0,
              "z": 80.0
            },
            "battery_pct": 76.0,
            "speed_mps": 0.0
          }
        }
      ],
      "net": {
        "slice": "URLLC",
        "lat_ms": 3.8,
        "jitter_ms": 0.7,
        "loss_pct": 0.01,
        "throughput_mbps": 49,
        "edge_load": 0.38
      }
    }
  ],
  "final_state": {
    "domain": "uav",
    "time_s": 120.0,
    "env": {
      "weather": "dust",
      "wind_mps": 8.5,
      "wind_dir_deg": 240.0
    },
    "airspace": {
      "alt_bounds": [
        10.0,
        120.0
      ],
      "geofence": [
        {
          "type": "polygon",
          "points": [
            [
              0,
              0
            ],
            [
              0,
              300
            ],
            [
              300,
              300
            ],
            [
              300,
              0
            ]
          ]
        }
      ]
    },
    "uav": {
      "pose": {
        "x": 198.0,
        "y": 198.0,
        "z": 80.0,
        "yaw": 240.0
      },
      "speed_mps": 0.0,
      "energy": {
        "battery_pct": 76.0
      },
      "sensors": {
        "rgb": "ok",
        "thermal": "offline",
        "lidar": "active",
        "radar": "offline",
        "gnss": "ok",
        "imu": "ok",
        "magnetometer": "ok",
        "barometer": "ok"
      },
      "payloads": []
    },
    "policy": {
      "alt_bounds": [
        10.0,
        120.0
      ]
    },
    "safety_flags": {
      "nfz_violation": false,
      "separation_breach": false
    }
  },
  "success": true,
  "_meta": {
    "seed": 42,
    "ts": 1763832656,
    "ts_iso": "2025-11-22T17:30:56Z",
    "gen_time_s": 59.27091431617737,
    "attempts_used": 1,
    "generation_failed": false,
    "usage": {
      "prompt_tokens": 1050,
      "completion_tokens": 3387,
      "total_tokens": 4437,
      "cost": 0.00287196,
      "is_byok": false,
      "prompt_tokens_details": {
        "cached_tokens": 624,
        "audio_tokens": 0,
        "video_tokens": 0
      },
      "cost_details": {
        "upstream_inference_cost": null,
        "upstream_inference_prompt_cost": 0.00016236,
        "upstream_inference_completions_cost": 0.0027096
      },
      "completion_tokens_details": {
        "reasoning_tokens": 0,
        "image_tokens": 0
      }
    }
  }
}