{
  "episode_id": "6gb_prompt_d181c84ac672629f",
  "questions": [
    {
      "task_id": "T2",
      "task_name": "Intent Conflict Resolution",
      "source_turn": 8,
      "question": "At turn 8 the user requests a reroute to avoid a tower and a descent to 50 m while maintaining safe coordination. Recent telemetry shows URLLC latency values of 3 ms, 4 ms, 5 ms, and 6 ms on prior turns, but mMTC latency has reached 25 ms and later 30 ms under high edge load. Edge load has fluctuated between 0.3, 0.75, 0.8, and 0.9 across recent turns, creating uncertainty about the next two turns. Packet loss has ranged from 0.01 pct on URLLC to 2.0 pct on mMTC. Throughput has varied from 55 Mbps down to 0.8 Mbps depending on slice. The aircraft is currently above 50 m and must remain within policy altitude bounds of 10 m to 300 m. The mission intent favors immediate descent and coordination, but network policy discourages actions that may fail under congestion. If congestion persists for two more turns, coordination messages may face worst case delays. Each option below satisfies some safety goals but incurs different future risks. Which option should be selected?",
      "options": {
        "A": "Remain on URLLC and execute immediate descent to 50 m now, accepting edge load near 0.75 to keep latency near 6 ms this turn.",
        "B": "Switch to mMTC to conserve bandwidth during descent, tolerating latency up to 30 ms and loss up to 2.0 pct under edge load 0.9.",
        "C": "Delay descent for one turn while staying on URLLC, projecting edge load growth toward 0.9 and reassessing before descending.",
        "D": "Maintain current altitude and reroute later on eMBB with latency around 15 ms and throughput near 110 Mbps despite edge load 0.6."
      },
      "correct": "C",
      "reason": "Option C minimizes maximum regret by keeping latency and loss within the lower URLLC range while avoiding immediate exposure to worst case congestion. The derived worst case latency of 30 ms on mMTC would compound over two turns and threaten coordination during descent. Immediate descent under rising edge load could violate safety margins if loss approaches 2. 0 pct. Delaying one turn preserves compliance with altitude policy and reduces the risk of multi turn communication failure.",
      "rationale_tag": "MINIMAX_REGRET",
      "difficulty": "very_hard"
    },
    {
      "task_id": "T3",
      "task_name": "Intent Drift Detection",
      "source_turn": 10,
      "question": "The mission began as waypoint navigation with obstacle scanning under stable URLLC conditions of 3 to 4 ms latency and 0.8 to 1.0 ms jitter. Midway, the network switched to eMBB and mMTC with latency rising to 12 ms then 25 ms and edge load increasing from 0.5 to 0.8. The user then requested a reroute and a descent to 50 m, which stayed within the 10 to 300 m altitude policy but changed operational emphasis. After coordination succeeded at 3 ms latency and 0.7 ms jitter, the user issued a return to base request when latency reached 30 ms, jitter 12.0 ms, loss 2.0 percent, throughput 0.8 Mbps, and edge load 0.9. Across turns, observed jitter spans 0.8 to 12.0 ms and edge load spans 0.3 to 0.9, implying uncertainty that degradation may persist. Battery remains at 100 percent and speed at 35.0 mps, so the return request is not energy driven. If the degraded slice persists for one more turn, command reliability may worsen despite URLLC recovery previously observed. The original intent emphasized forward mission completion with sensing, while the latest request emphasizes termination and bandwidth conservation. The agent must decide whether this constitutes a detectable intent drift rather than a transient safety maneuver. Considering worst case network conditions over the next two turns and policy bounds, which option should be selected?",
      "options": {
        "A": "Treat the return to base as a temporary safety action because altitude 50 m is within 10 to 300 m and latency may recover from 30 ms to 4 ms as before, so no intent drift is flagged.",
        "B": "Flag intent drift because the shift from sensing to termination coincides with sustained edge load rising from 0.75 to 0.9 and throughput dropping to 0.8 Mbps, which would likely persist another turn.",
        "C": "Ignore intent drift since battery is 100 percent and speed 35.0 mps, implying no operational pressure despite jitter varying between 0.8 and 12.0 ms.",
        "D": "Delay intent assessment for one turn because URLLC previously handled 0.08 percent loss at 6 ms latency, suggesting current mMTC conditions are an anomaly."
      },
      "correct": "B",
      "reason": "The request changes mission intent from completion to termination while network degradation worsens across turns. Worst case jitter and edge load remain high, making continued sensing unreliable even if latency briefly recovers. The altitude request stays within policy, so safety alone does not explain the shift. Option B minimizes future regret by recognizing a sustained intent change under worst case network conditions.",
      "rationale_tag": "INTENT_DRIFT_UNDER_DEGRADATION",
      "difficulty": "very_hard"
    },
    {
      "task_id": "T4",
      "task_name": "Slice Selection Reasoning",
      "source_turn": 8,
      "question": "At turn 8 the UAV is descending to 50 m while coordinating reroute commands under URLLC with latency 6 ms, jitter 1.5 ms, loss 0.08 pct, throughput 40 Mbps and edge load 0.75. Earlier URLLC turns showed latency as low as 3 to 5 ms with edge load 0.3 to 0.7, but mMTC later spiked to 30 ms latency with 0.9 edge load. eMBB previously delivered 110 to 120 Mbps throughput at 12 to 15 ms latency with edge load rising from 0.5 to 0.6. The UAV speed is 35 mps, battery is 100 pct, and dust with wind 7.0 mps increases control sensitivity during descent. Over the next one to three turns the edge load could plausibly fluctuate within the observed 0.75 to 0.9 range rather than immediately recover. A hybrid slice could split control and lidar on low latency while offloading map data to higher throughput paths. A pure URLLC choice minimizes current latency but risks congestion if edge load worsens as seen at turn 10. A pure eMBB choice improves throughput for lidar reporting but raises latency relative to recent URLLC values. Considering worst case persistence of high edge load for two more turns, which slice option should be selected?",
      "options": {
        "A": "Stay on URLLC with 6 ms latency and accept edge load up to 0.75 despite the risk it trends toward the 0.9 seen later.",
        "B": "Switch fully to eMBB to exploit 110 to 120 Mbps throughput even though latency may rise to 15 ms at edge load 0.6.",
        "C": "Adopt a hybrid slice keeping URLLC control while routing lidar data through eMBB to hedge against edge load 0.75 to 0.9.",
        "D": "Defer changes and tolerate mMTC-like conditions similar to 30 ms latency and 0.9 edge load to conserve capacity."
      },
      "correct": "C",
      "reason": "The hybrid option preserves low latency control comparable to the 3 to 6 ms range while avoiding the full congestion risk seen when edge load reached 0. 9. It also captures higher throughput similar to 110 Mbps without accepting the full 12 to 15 ms latency on control paths. Under worst case persistence of high edge load for multiple turns, pure URLLC risks regret if latency spikes, while pure eMBB risks control degradation during descent. Hybrid minimizes maximum regret across the next turns by balancing both trends.",
      "rationale_tag": "MINIMAX_REGRET",
      "difficulty": "very_hard"
    },
    {
      "task_id": "T5",
      "task_name": "Slice Switching Decision",
      "source_turn": 8,
      "question": "At the current turn the UAV is operating on URLLC with latency observed between 3 and 6 ms across recent turns, jitter between 0.7 and 1.5 ms, loss between 0.01 and 0.08 percent, throughput between 40 and 55 Mbps, and edge load rising as high as 0.75. Two turns ago the system briefly fell to mMTC with 25 ms latency, 10.0 ms jitter, 1.5 percent loss, 1 Mbps throughput, and edge load 0.8 before recovering. One turn later URLLC recovered to 3 ms latency and edge load 0.3, showing volatility rather than monotonic degradation. The UAV is descending to 50 m and coordinating with a swarm, so control traffic remains latency sensitive while payload traffic is light because thermal and radar are offline. Battery remains at 100 percent, so energy is not the limiting factor over the next three turns. If dust conditions persist, edge load could stay near 0.75 or rebound toward 0.9 as seen previously. A slice switch now would incur at least one full turn of adaptation during which performance matches the target slice rather than the current one. Over a three turn horizon the decision should minimize worst case regret if the network oscillates as before. A purely myopic choice that optimizes the next single turn may fail if conditions worsen or rebound. The operator must choose whether to keep or switch slices under this uncertainty. Which option should be selected?",
      "options": {
        "A": "Switch immediately to eMBB because it previously provided 110 to 120 Mbps throughput even though latency was 12 to 15 ms and edge load was 0.5 to 0.6.",
        "B": "Switch immediately to mMTC because it tolerates high edge load near 0.8 to 0.9 despite 25 to 30 ms latency and 1.5 to 2.0 percent loss.",
        "C": "Remain on URLLC despite edge load near 0.75, accepting 3 to 6 ms latency and 0.7 to 1.5 ms jitter over the next turns.",
        "D": "Defer the decision for one turn and plan a switch if latency exceeds the previously observed 6 ms on URLLC."
      },
      "correct": "C",
      "reason": "URLLC maintains the lowest latency and jitter even at the worst observed edge load and supports swarm coordination. Switching to eMBB or mMTC would guarantee higher latency for at least one adaptation turn, creating higher worst case regret if conditions rebound as they did from edge load 0. 75 to 0. 3. Deferring the decision ignores that a rebound can occur within one turn and risks oscillation costs without benefit.",
      "rationale_tag": "MINIMAX_REGRET_UNDER_VOLATILITY",
      "difficulty": "very_hard"
    },
    {
      "task_id": "T6",
      "task_name": "Slice Fairness vs Safety",
      "source_turn": 8,
      "question": "At turn 8 the operator orders a reroute and descent to 50 m while multiple swarm members share the same edge. Recent telemetry shows URLLC latency values of 3 ms, 4 ms, 5 ms, and 6 ms across turns with jitter between 0.7 ms and 1.5 ms. Edge load has fluctuated from 0.3 to 0.75 and reached 0.9 in a later turn under contention. The UAV is descending within policy altitude bounds of 10 m to 300 m and is traveling at 35.0 mps with battery at 100.0 pct. Collision avoidance traffic already occurred at low latency but fairness requires reserving capacity for other swarm members in the next two turns. If degradation persists for two more turns, worst case conditions align with 6 ms latency, 1.5 ms jitter, and 0.9 edge load. A myopic choice could keep the safest slice now but starve peers and trigger congestion collapse. Another choice could free capacity but risks delayed control during descent. You must select the slice strategy that minimizes maximum regret across the next three turns under worst case load. Which option should be selected?",
      "options": {
        "A": "Keep URLLC exclusively for this UAV with observed latency of 3–6 ms and edge load up to 0.75, accepting that other swarm members will contend when load approaches 0.9.",
        "B": "Switch entirely to eMBB using observed latency of 12–15 ms and edge load of 0.5–0.6 to improve fairness even during the 50 m descent.",
        "C": "Switch to mMTC with latency of 25–30 ms and edge load of 0.8–0.9 to maximize fairness and accept reduced control responsiveness.",
        "D": "Time-split URLLC for control bursts and release capacity to others between turns, assuming latency may rise to 6 ms and edge load to 0.9 but staying within altitude bounds."
      },
      "correct": "D",
      "reason": "The time split option balances control safety with fairness when edge load peaks at 0. 9. Worst case latency and jitter remain within the previously observed URLLC envelope while avoiding sustained starvation of peers. Pure URLLC risks future congestion regret, and eMBB or mMTC risk delayed control during descent. Over the next two turns this option minimizes the largest downside across plausible futures.",
      "rationale_tag": "MINIMAX_REGRET",
      "difficulty": "very_hard"
    },
    {
      "task_id": "T7",
      "task_name": "Compute Placement Decision",
      "source_turn": 8,
      "question": "During the reroute and descent request, the UAV must decide where to run obstacle inference while returning to base over the next two turns. Recent telemetry shows URLLC latency values of 3 ms, 4 ms, 5 ms, and 6 ms with jitter between 0.7 ms and 1.5 ms and edge_load between 0.3 and 0.75. eMBB earlier showed latency of 12 ms to 15 ms with jitter of 3.0 ms to 4.0 ms and edge_load of 0.5 to 0.6, while mMTC spiked to 25 ms and 30 ms with jitter of 10.0 ms to 12.0 ms and edge_load of 0.8 to 0.9. Throughput ranged from 40 to 55 Mbps on URLLC, 110 to 120 Mbps on eMBB, and 0.8 to 1 Mbps on mMTC. The UAV is flying at 35.0 mps, descending to 50.0 m altitude, and battery_pct remains at 100. Assume the next turn could repeat the worst observed network conditions rather than the mean. Onboard inference avoids network latency but increases local load and cannot use edge coordination used in prior turns. Edge inference over URLLC benefits from low latency but risks congestion as edge_load reached 0.75 during the reroute. eMBB provides higher throughput but had higher latency and jitter during navigation. mMTC conserves bandwidth but showed severe latency and loss during return coordination. Considering worst case persistence for one more turn and minimizing maximum regret across compute choices, which option should be selected?",
      "options": {
        "A": "Run inference onboard now because battery_pct is 100.0 and speed is 35.0 mps, accepting loss of edge coordination but eliminating the 3 ms to 6 ms URLLC latency risk.",
        "B": "Run inference on the edge using URLLC because latency stayed between 3 ms and 6 ms with jitter under 1.5 ms, even if edge_load rises again toward 0.75 next turn.",
        "C": "Switch to eMBB edge inference because throughput of 110 to 120 Mbps exceeds URLLC and edge_load was only 0.5 to 0.6 during navigation.",
        "D": "Defer inference to mMTC to conserve bandwidth since throughput of 0.8 to 1 Mbps is sufficient for sparse lidar while accepting 25 ms to 30 ms latency."
      },
      "correct": "B",
      "reason": "Option B minimizes worst case regret because even at the highest observed edge_load of 0. 75 the URLLC latency plus jitter remains below the worst mMTC and eMBB delays. Onboard inference removes network delay but loses coordination that was explicitly used in prior turns, creating higher future risk if congestion persists. eMBB and mMTC appear acceptable in a single turn view but their worst observed latencies of 15 ms and 30 ms would compound over the next turn at 35. 0 mps.",
      "rationale_tag": "MINIMAX_REGRET",
      "difficulty": "very_hard"
    },
    {
      "task_id": "T12",
      "task_name": "Conservative Continuation Decision",
      "source_turn": 10,
      "question": "At turn 10 the operator confirms safe operation and requests return to base while the network slice shifts to mMTC with latency 30 ms, jitter 12.0 ms, loss 2.0 pct, throughput 0.8 mbps, and edge load 0.9. Earlier URLLC turns showed latency between 3 and 6 ms, jitter between 0.7 and 1.5 ms, loss at or below 0.08 pct, and edge load as high as 0.75. The UAV speed is 35.0 mps, battery is 100.0 pct, and the current altitude must remain within the 10.0 to 300.0 m bounds. Dust and wind at 7.0 mps persist, and thermal and radar remain offline so lidar is the primary sensor. Over the next two turns the mMTC degradation may persist or recover to URLLC, but recovery is uncertain. If degradation persists one more turn, command acknowledgements risk delay while collision avoidance remains necessary due to prior rerouting. If recovery occurs, higher throughput is available but edge load has previously spiked to 0.9. A conservative continuation means minimizing worst case regret across both futures rather than optimizing the current turn. All options incur some downside within two turns due to bandwidth, sensing, or policy constraints. Which option should be selected?",
      "options": {
        "A": "Continue return to base immediately under mMTC despite 30 ms latency and 2.0 pct loss, relying on 100.0 pct battery to absorb delays.",
        "B": "Pause movement for one turn at current altitude within the 10.0 to 300.0 m bounds and wait for possible URLLC recovery given earlier 3 to 6 ms latency.",
        "C": "Proceed return using URLLC-only commands assuming recovery next turn, ignoring the current 0.9 edge load and 12.0 ms jitter.",
        "D": "Continue return but reduce command frequency to match 0.8 mbps throughput, accepting slower progress at 35.0 mps to limit worst case control risk."
      },
      "correct": "D",
      "reason": "This option limits worst case regret because it remains feasible under persistent 30 ms latency and 2. 0 pct loss while still making progress. It accounts for the high 0. 9 edge load and low 0. 8 mbps throughput without assuming recovery.",
      "rationale_tag": "MINIMAX_REGRET",
      "difficulty": "very_hard"
    },
    {
      "task_id": "T13",
      "task_name": "Swarm-Level Slice Negotiation",
      "source_turn": 9,
      "question": "At turn 9 the swarm must renegotiate network slices for the next three turns while returning to base under dust and wind of 7.0 mps. Recent telemetry shows URLLC latency of 3 to 6 ms with jitter between 0.7 and 1.5 ms and edge_load observed at 0.3, 0.75, and 0.9 across turns. The mMTC slice previously reached 30 ms latency with 2.0 percent loss and throughput of 0.8 Mbps at edge_load 0.9. The eMBB slice delivered 110 to 120 Mbps throughput but latency rose from 12 to 15 ms as edge_load increased from 0.5 to 0.6. Policy requires collision avoidance commands to stay below 10 ms worst case latency over the next two turns. Battery is still 100 percent but descent to 50 m and swarm coordination continue for at least two more turns. Assume edge_load may stay at its worst observed value for one additional turn before easing. The swarm must choose a slice allocation strategy that minimizes maximum regret if congestion persists. Each option trades latency margin against throughput loss for the group. Which option should be selected?",
      "options": {
        "A": "Keep all agents on URLLC since recent latency was as low as 3 ms even though edge_load reached 0.75.",
        "B": "Shift non-lead agents to eMBB because 12 to 15 ms latency is acceptable and frees URLLC capacity at edge_load 0.6.",
        "C": "Move most agents to mMTC to conserve bandwidth since return to base reduces data needs despite 30 ms latency at edge_load 0.9.",
        "D": "Allocate URLLC to collision-critical agents only and place others on eMBB, accepting reduced throughput but keeping worst case latency below policy."
      },
      "correct": "D",
      "reason": "This option preserves a latency margin under the 10 ms requirement even if edge_load remains at 0. 9 for another turn. It limits regret because only non critical traffic faces the 12 to 15 ms delay seen on eMBB while collision avoidance stays protected. Pure URLLC risks capacity collapse under worst case load and mMTC already violated latency and loss limits. Over two to three turns this balanced split dominates alternatives that fail only when congestion persists.",
      "rationale_tag": "MINIMAX_REGRET",
      "difficulty": "very_hard"
    },
    {
      "task_id": "T15",
      "task_name": "Decision Consistency under Replanning",
      "source_turn": 10,
      "question": "At turn 9 the agent accepted a reroute and descent to 50 m while operating on URLLC with latency observed between 3 and 6 ms and edge load at 0.3. At turn 10 the user requested return to base while the network shifted to mMTC with latency 30 ms, jitter 12.0 ms, loss 2.0 percent, throughput 0.8 Mbps, and edge load 0.9. The UAV speed is 35.0 mps, battery is 100 percent, and policy altitude bounds remain 10.0 to 300.0 m. Recent URLLC turns showed loss as low as 0.01 percent and edge load up to 0.75 before recovering, implying uncertainty that congestion may persist one more turn. If replanning now contradicts the prior descent commitment, collision avoidance coordination from turn 9 may need to be repeated over a congested link. If the agent delays return one turn, it must maintain altitude 50 m and lidar-only sensing while edge load may stay at 0.9. If the agent switches slices again, URLLC capacity could be constrained if edge load rebounds as seen earlier. The decision must minimize maximum regret over the next one to three turns if congestion persists or clears. Each option below has a downside either in network risk, policy margin, or consistency with prior commitments. Which option should be selected?",
      "options": {
        "A": "Immediately return to base now over mMTC despite 30 ms latency and 0.9 edge load, accepting potential inconsistency with the turn 9 descent plan.",
        "B": "Hold the 50 m altitude and previous reroute for one turn using URLLC with observed 3 to 6 ms latency, then reassess return if edge load drops from 0.9.",
        "C": "Climb to 300.0 m to maximize clearance and start return now on URLLC even though edge load previously reached 0.75 and coordination was just completed.",
        "D": "Descend toward the 10.0 m lower bound to shorten time to base while staying on mMTC with 0.8 Mbps throughput."
      },
      "correct": "B",
      "reason": "Option B preserves consistency with the accepted reroute and descent while keeping latency within the previously observed 3 to 6 ms range. Under worst case congestion persisting one more turn, URLLC still avoids the 30 ms latency and 2. 0 percent loss seen on mMTC. The regret of a one turn delay is bounded because battery is 100 percent and altitude 50 m remains within policy limits. Other options either contradict the prior plan immediately or rely on a network state that already showed failure at edge load 0.",
      "rationale_tag": "MINIMAX_REGRET_CONSISTENCY",
      "difficulty": "very_hard"
    },
    {
      "task_id": "T19",
      "task_name": "AI Agent Interoperability & Federation",
      "source_turn": 10,
      "question": "At turn 10 the UAV must federate with a swarm agent and a ground planner while the network slice is mMTC with 30 ms latency, 12.0 ms jitter, 2.0 percent loss, 0.8 Mbps throughput, and 0.9 edge load. Previous coordination at turn 9 succeeded on URLLC with 3 ms latency, 0.7 ms jitter, 0.01 percent loss, 55 Mbps throughput, and 0.3 edge load. The mission requires collision avoidance messages and waypoint updates to remain interoperable across agents for the next two turns while returning to base. Airspace policy allows altitude between 10.0 and 300.0 m and the UAV is currently descending toward 50 m, so coordination errors have higher impact near the lower bound. Assume the mMTC degradation could persist one more turn and URLLC could be reallocated but may raise edge load back toward 0.75 as seen at turn 8. The federation choice affects message size, update frequency, and tolerance to loss. A myopic choice would optimize the current turn but could create regret if degradation persists. A conservative choice may reduce data richness and slow coordination. Considering worst case latency plus jitter, loss accumulation, and edge load over the next two turns, which interoperability option should be selected?",
      "options": {
        "A": "Keep full swarm federation over mMTC at 0.8 Mbps since it already supports many devices and accept 30 ms latency with 12.0 ms jitter for the next turn.",
        "B": "Request immediate URLLC federation with full state sharing at 55 Mbps, accepting edge load potentially rising to 0.75 as seen previously.",
        "C": "Switch to a reduced state interoperable protocol over URLLC with throttled updates to limit edge load while tolerating possible loss increases.",
        "D": "Defer federation for one turn and rely on local autonomy at 50 m altitude, resuming full interoperability after mMTC stabilizes."
      },
      "correct": "C",
      "reason": "Option C minimizes maximum regret by bounding worst case latency and jitter while preventing edge load from reaching the previously observed 0. 75 level. The reduced protocol remains interoperable under higher loss than 0. 01 percent and avoids the 30 ms plus 12. 0 ms delay risk if mMTC persists.",
      "rationale_tag": "MINIMAX_REGRET_FEDERATION",
      "difficulty": "very_hard"
    },
    {
      "task_id": "T21",
      "task_name": "Device-Network Task Offload Arbitration",
      "source_turn": 10,
      "question": "At turn 10 the UAV is returning to base with battery at 100 percent and speed 35.0 mps while operating at 50 m altitude. Network conditions have degraded to the mMTC slice with latency 30 ms, jitter 12.0 ms, loss 2.0 percent, throughput 0.8 Mbps, and edge load 0.9. Earlier turns showed URLLC latency between 3 and 6 ms and jitter between 0.7 and 1.5 ms, indicating volatility across turns. The onboard lidar model can run locally without network use but has lower accuracy than the edge model that requires sustained throughput above observed mMTC levels. If offloading is attempted now, the next one to three turns may remain on mMTC before recovery as seen earlier. A failed offload would require retrying, increasing delay and wasting energy during return. Local processing increases compute load but avoids packet loss risk under worst observed loss. Edge processing offers best accuracy if conditions recover but risks worst case latency stacking over retries. Considering worst case persistence of current conditions for the next two turns, which option should be selected?",
      "options": {
        "A": "Offload immediately to edge over mMTC using 0.8 Mbps throughput and accept 30 ms latency hoping recovery next turn.",
        "B": "Delay all processing for one turn to wait for URLLC conditions with latency near 4 ms and jitter near 1.0 ms.",
        "C": "Process locally on device now using lidar only and avoid network use under 2.0 percent loss and 12.0 ms jitter.",
        "D": "Split processing by sending summaries over mMTC while waiting for edge load to drop from 0.9 toward 0.6."
      },
      "correct": "C",
      "reason": "Local processing avoids exposure to the worst case latency of 30 ms and loss of 2. 0 percent that could persist for multiple turns. Offloading options depend on recovery that previously varied between 3 and 6 ms latency and thus are uncertain over the next two turns. Waiting a full turn risks accumulating delay without reducing edge load from 0. 9 under mMTC.",
      "rationale_tag": "MINIMAX_REGRET_UNDER_VOLATILITY",
      "difficulty": "very_hard"
    },
    {
      "task_id": "T24",
      "task_name": "Sensing-Enhanced Decisioning (ISAC)",
      "source_turn": 8,
      "question": "At turn 8 the operator requests a reroute to avoid a tower and a descent to 50 m while dust and wind at 7.0 mps persist. The UAV currently has lidar ok, rgb ok, thermal offline, radar offline, speed 35.0 mps, and battery 100.0 pct. Network telemetry across recent turns shows URLLC latency between 3 and 6 ms with jitter between 0.7 and 1.5 ms and loss between 0.01 and 0.08 pct, while edge_load has ranged from 0.3 to 0.75. eMBB previously offered 110 to 120 Mbps with latency 12 to 15 ms at edge_load 0.5 to 0.6, whereas mMTC degraded to latency 25 to 30 ms with loss 1.5 to 2.0 pct and throughput 0.8 to 1 Mbps as edge_load rose to 0.8 to 0.9. The perception task for the next two turns is obstacle avoidance during descent inside the 10.0 to 300.0 m policy altitude bounds with a need to detect towers reliably in dust. Assume fusion choices affect bandwidth use and sensitivity to jitter, and that edge_load may worsen toward 0.9 if congestion persists into the return phase. One option favors low latency streams but risks capacity collapse under worst case load, another favors high throughput but risks delay, and others trade fusion robustness against loss. The decision must minimize maximum regret over the next one to three turns if conditions do not improve. All choices incur downsides such as reduced resolution, increased delay, or higher loss sensitivity. Which sensing stream and fusion strategy should be selected?",
      "options": {
        "A": "Use URLLC to stream raw lidar at full resolution with centralized fusion, accepting 3 to 6 ms latency and 0.01 to 0.08 pct loss at edge_load up to 0.75.",
        "B": "Switch to eMBB and fuse lidar plus rgb centrally to exploit 110 to 120 Mbps throughput despite 12 to 15 ms latency at edge_load 0.5 to 0.6.",
        "C": "Keep URLLC but perform onboard lidar-centric fusion with sparse feature uplink, tolerating jitter up to 1.5 ms and reducing dependence on throughput as edge_load trends toward 0.9.",
        "D": "Fall back to mMTC for low rate obstacle alerts only, accepting 25 to 30 ms latency and 1.5 to 2.0 pct loss as edge_load reaches 0.8 to 0.9."
      },
      "correct": "C",
      "reason": "Option C limits bandwidth exposure while preserving low latency, which remains within observed URLLC bounds even if edge load worsens. Centralized raw streaming in option A appears safe now but risks failure if load approaches 0. 9 in the next turns. Option B meets throughput needs at the mean but its latency becomes costly during descent if congestion persists. Option D minimizes load but its high loss and delay create the largest future regret for obstacle avoidance in dust.",
      "rationale_tag": "MINIMAX_REGRET_FUSION",
      "difficulty": "very_hard"
    },
    {
      "task_id": "T26",
      "task_name": "Trust-Aware Third-Party Agent Exposure",
      "source_turn": 10,
      "question": "At turn 10 the operator considers granting a third-party analytics agent access while the UAV begins return to base. The network has recently oscillated across slices with latency observed at 3 ms, 6 ms, and up to 30 ms, jitter from 0.7 ms to 12.0 ms, and edge_load from 0.3 to 0.9. Throughput has ranged between 55 Mbps on URLLC and 0.8 Mbps on mMTC, and loss has reached 2.0 percent. The UAV battery remains at 100 percent and altitude must stay within 10.0 m to 300.0 m, with a descent request previously to 50 m. The third-party agent requests either telemetry read access, limited sensor metadata, or full compute callbacks over the next two turns. If the degradation seen at turn 10 persists one more turn, edge resources may remain saturated. If instead conditions recover to the best recent URLLC values, capacity pressure still remains possible due to return coordination. Exposure must minimize worst-case regret over the next one to three turns rather than optimize immediate insight. Each option carries some risk either to privacy, control stability, or future bandwidth. Which option should be selected?",
      "options": {
        "A": "Grant full telemetry APIs and compute callbacks now, relying on observed 3 to 6 ms latency and 55 Mbps throughput from recent URLLC turns despite edge_load having reached 0.9.",
        "B": "Deny all third-party access for two turns, citing the 30 ms latency, 12.0 ms jitter, and 2.0 percent loss seen on mMTC even though battery is 100 percent and altitude is compliant.",
        "C": "Allow read-only telemetry summaries without real-time callbacks, capped to conditions tolerating up to 30 ms latency and 0.8 Mbps throughput while edge_load may stay near 0.9.",
        "D": "Allow sensor-level metadata and limited compute hooks assuming recovery to 4 ms latency and edge_load near 0.3 as previously observed on URLLC."
      },
      "correct": "C",
      "reason": "Option C remains viable under the worst observed latency of 30 ms, throughput of 0. 8 Mbps, and edge_load of 0. 9 while limiting future regret. Full or compute-level exposure would fail if the mMTC conditions persist into the next turn. Total denial sacrifices future coordination benefits even if URLLC conditions return at 4 ms and 55 Mbps.",
      "rationale_tag": "MINIMAX_REGRET_UNDER_UNCERTAINTY",
      "difficulty": "very_hard"
    }
  ]
}