{
  "initial_state": {
    "domain": "uav",
    "time_s": 0.0,
    "env": {
      "weather": "good",
      "wind_mps": 6.0,
      "wind_dir_deg": 135.0
    },
    "airspace": {
      "alt_bounds": [
        10.0,
        120.0
      ],
      "geofence": [
        {
          "type": "polygon",
          "points": [
            [
              0.0,
              0.0
            ],
            [
              500.0,
              0.0
            ],
            [
              500.0,
              600.0
            ],
            [
              0.0,
              600.0
            ]
          ]
        }
      ]
    },
    "uav": {
      "pose": {
        "x": 50.0,
        "y": 50.0,
        "z": 50.0,
        "yaw": 90.0
      },
      "speed_mps": 22.0,
      "energy": {
        "battery_pct": 100.0
      },
      "sensors": {
        "rgb": "ok",
        "thermal": "ok",
        "lidar": "ok",
        "radar": "offline",
        "gnss": "ok",
        "imu": "ok",
        "magnetometer": "ok",
        "barometer": "ok"
      },
      "payloads": []
    },
    "policy": {
      "alt_bounds": [
        10.0,
        120.0
      ]
    },
    "safety_flags": {
      "nfz_violation": false,
      "separation_breach": false
    }
  },
  "dialogue": [
    {
      "turn": 1,
      "speaker": "agent",
      "intent": "initiate mission and check telemetry",
      "actions": [
        {
          "type": "mcp",
          "name": "read_telemetry",
          "args": {}
        }
      ],
      "obs": [
        {
          "tool": "read_telemetry",
          "result": {
            "pose": {
              "x": 50.0,
              "y": 50.0,
              "z": 50.0
            },
            "battery_pct": 100.0,
            "sensors": {
              "radar": "offline"
            }
          }
        }
      ],
      "net": {
        "slice": "eMBB",
        "lat_ms": 12,
        "jitter_ms": 2,
        "loss_pct": 0.1,
        "throughput_mbps": 850,
        "edge_load": 0.35
      }
    },
    {
      "turn": 2,
      "speaker": "user",
      "intent": "confirm radar issue and authorize diagnostic",
      "actions": [
        {
          "type": "mcp",
          "name": "run_diagnostic",
          "args": {
            "system": "radar"
          }
        }
      ],
      "obs": [
        {
          "tool": "run_diagnostic",
          "result": {
            "system": "radar",
            "status": "failed",
            "error": "hardware_fault"
          }
        }
      ],
      "net": {
        "slice": "eMBB",
        "lat_ms": 11,
        "jitter_ms": 1.8,
        "loss_pct": 0.05,
        "throughput_mbps": 870,
        "edge_load": 0.37
      }
    },
    {
      "turn": 3,
      "speaker": "agent",
      "intent": "request swarm coordination for coverage compensation",
      "actions": [
        {
          "type": "a2a",
          "task": "coverage_compensation",
          "to": "uav_swarm_agent",
          "payload": {
            "uav_id": "uav_01",
            "missing_sensor": "radar",
            "area_of_interest": [
              100.0,
              100.0,
              400.0,
              500.0
            ]
          }
        }
      ],
      "obs": [
        {
          "task": "coverage_compensation",
          "from": "uav_swarm_agent",
          "status": "ok",
          "payload": {
            "assigned_uavs": [
              "uav_03",
              "uav_05"
            ],
            "estimated_completion": "00:04:30"
          }
        }
      ],
      "net": {
        "slice": "URLLC",
        "lat_ms": 5,
        "jitter_ms": 0.8,
        "loss_pct": 0.01,
        "throughput_mbps": 120,
        "edge_load": 0.41
      }
    },
    {
      "turn": 4,
      "speaker": "user",
      "intent": "request high-res visual scan of target zone",
      "actions": [
        {
          "type": "mcp",
          "name": "capture_image",
          "args": {
            "mode": "high_res",
            "target": {
              "x": 300.0,
              "y": 400.0,
              "z": 60.0
            }
          }
        }
      ],
      "obs": [
        {
          "tool": "capture_image",
          "result": {
            "status": "success",
            "image_id": "img_29104",
            "resolution": "4096x2160",
            "metadata": {
              "sensor": "rgb"
            }
          }
        }
      ],
      "net": {
        "slice": "eMBB",
        "lat_ms": 14,
        "jitter_ms": 2.1,
        "loss_pct": 0.2,
        "throughput_mbps": 820,
        "edge_load": 0.48
      }
    },
    {
      "turn": 5,
      "speaker": "agent",
      "intent": "detect network degradation and switch to resilient mode",
      "actions": [
        {
          "type": "mcp",
          "name": "read_telemetry",
          "args": {}
        }
      ],
      "obs": [
        {
          "tool": "read_telemetry",
          "result": {
            "pose": {
              "x": 298.0,
              "y": 395.0,
              "z": 58.0
            },
            "battery_pct": 96.0
          }
        }
      ],
      "net": {
        "slice": "mMTC",
        "lat_ms": 85,
        "jitter_ms": 15,
        "loss_pct": 8.0,
        "throughput_mbps": 1.2,
        "edge_load": 0.78
      }
    },
    {
      "turn": 6,
      "speaker": "user",
      "intent": "abort high-bandwidth tasks, proceed with thermal scan",
      "actions": [
        {
          "type": "mcp",
          "name": "activate_sensor",
          "args": {
            "sensor": "thermal",
            "mode": "low_res_stream"
          }
        }
      ],
      "obs": [
        {
          "tool": "activate_sensor",
          "result": {
            "sensor": "thermal",
            "status": "active",
            "mode": "low_res_stream",
            "frame_rate": 5
          }
        }
      ],
      "net": {
        "slice": "URLLC",
        "lat_ms": 7,
        "jitter_ms": 1.2,
        "loss_pct": 0.5,
        "throughput_mbps": 90,
        "edge_load": 0.62
      }
    },
    {
      "turn": 7,
      "speaker": "agent",
      "intent": "detect heat signature and alert operator",
      "actions": [
        {
          "type": "mcp",
          "name": "analyze_thermal",
          "args": {
            "region": "current_fov"
          }
        }
      ],
      "obs": [
        {
          "tool": "analyze_thermal",
          "result": {
            "detection": "human_shape",
            "confidence": 0.87,
            "coordinates": {
              "x": 305.0,
              "y": 410.0,
              "z": 55.0
            }
          }
        }
      ],
      "net": {
        "slice": "URLLC",
        "lat_ms": 6,
        "jitter_ms": 1.0,
        "loss_pct": 0.3,
        "throughput_mbps": 100,
        "edge_load": 0.58
      }
    },
    {
      "turn": 8,
      "speaker": "user",
      "intent": "authorize descent and close approach",
      "actions": [
        {
          "type": "mcp",
          "name": "set_waypoint",
          "args": {
            "target": {
              "x": 305.0,
              "y": 410.0,
              "z": 30.0
            },
            "speed": 10.0
          }
        }
      ],
      "obs": [
        {
          "tool": "set_waypoint",
          "result": {
            "status": "accepted",
            "eta_s": 18,
            "trajectory_valid": true
          }
        }
      ],
      "net": {
        "slice": "URLLC",
        "lat_ms": 5,
        "jitter_ms": 0.9,
        "loss_pct": 0.1,
        "throughput_mbps": 110,
        "edge_load": 0.51
      }
    },
    {
      "turn": 9,
      "speaker": "agent",
      "intent": "confirm visual identification and prepare rescue signal",
      "actions": [
        {
          "type": "mcp",
          "name": "capture_image",
          "args": {
            "mode": "visual_ident",
            "target": {
              "x": 305.0,
              "y": 410.0,
              "z": 30.0
            }
          }
        }
      ],
      "obs": [
        {
          "tool": "capture_image",
          "result": {
            "status": "success",
            "image_id": "img_29105",
            "classification": "survivor",
            "confidence": 0.94
          }
        }
      ],
      "net": {
        "slice": "URLLC",
        "lat_ms": 6,
        "jitter_ms": 1.1,
        "loss_pct": 0.2,
        "throughput_mbps": 105,
        "edge_load": 0.53
      }
    },
    {
      "turn": 10,
      "speaker": "user",
      "intent": "deploy rescue beacon and return to base",
      "actions": [
        {
          "type": "mcp",
          "name": "deploy_payload",
          "args": {
            "payload": "rescue_beacon"
          }
        },
        {
          "type": "mcp",
          "name": "set_waypoint",
          "args": {
            "target": {
              "x": 50.0,
              "y": 50.0,
              "z": 50.0
            }
          }
        }
      ],
      "obs": [
        {
          "tool": "deploy_payload",
          "result": {
            "payload": "rescue_beacon",
            "status": "deployed"
          }
        },
        {
          "tool": "set_waypoint",
          "result": {
            "status": "accepted",
            "eta_s": 45
          }
        }
      ],
      "net": {
        "slice": "URLLC",
        "lat_ms": 5,
        "jitter_ms": 0.8,
        "loss_pct": 0.05,
        "throughput_mbps": 115,
        "edge_load": 0.45
      }
    }
  ],
  "final_state": {
    "domain": "uav",
    "time_s": 120.0,
    "env": {
      "weather": "good",
      "wind_mps": 6.0,
      "wind_dir_deg": 135.0
    },
    "airspace": {
      "alt_bounds": [
        10.0,
        120.0
      ],
      "geofence": [
        {
          "type": "polygon",
          "points": [
            [
              0.0,
              0.0
            ],
            [
              500.0,
              0.0
            ],
            [
              500.0,
              600.0
            ],
            [
              0.0,
              600.0
            ]
          ]
        }
      ]
    },
    "uav": {
      "pose": {
        "x": 180.0,
        "y": 220.0,
        "z": 45.0,
        "yaw": 270.0
      },
      "speed_mps": 18.0,
      "energy": {
        "battery_pct": 82.0
      },
      "sensors": {
        "rgb": "ok",
        "thermal": "active",
        "lidar": "ok",
        "radar": "offline",
        "gnss": "ok",
        "imu": "ok",
        "magnetometer": "ok",
        "barometer": "ok"
      },
      "payloads": []
    },
    "policy": {
      "alt_bounds": [
        10.0,
        120.0
      ]
    },
    "safety_flags": {
      "nfz_violation": false,
      "separation_breach": false
    }
  },
  "success": true,
  "_meta": {
    "seed": 42,
    "ts": 1763787212,
    "ts_iso": "2025-11-22T04:53:32Z",
    "gen_time_s": 51.12594032287598,
    "attempts_used": 1,
    "generation_failed": false,
    "usage": {
      "prompt_tokens": 1059,
      "completion_tokens": 3264,
      "total_tokens": 4323,
      "cost": 0.0027773,
      "is_byok": false,
      "prompt_tokens_details": {
        "cached_tokens": 608,
        "audio_tokens": 0,
        "video_tokens": 0
      },
      "cost_details": {
        "upstream_inference_cost": null,
        "upstream_inference_prompt_cost": 0.0001661,
        "upstream_inference_completions_cost": 0.0026112
      },
      "completion_tokens_details": {
        "reasoning_tokens": 0,
        "image_tokens": 0
      }
    }
  }
}