{
  "initial_state": {
    "domain": "uav",
    "time_s": 0.0,
    "env": {
      "weather": "icing",
      "wind_mps": 6.0,
      "wind_dir_deg": 240.0
    },
    "airspace": {
      "alt_bounds": [
        10.0,
        120.0
      ],
      "geofence": [
        {
          "type": "polygon",
          "points": [
            [
              0.0,
              0.0
            ],
            [
              200.0,
              0.0
            ],
            [
              200.0,
              300.0
            ],
            [
              0.0,
              300.0
            ]
          ]
        }
      ]
    },
    "uav": {
      "pose": {
        "x": 20.0,
        "y": 20.0,
        "z": 30.0,
        "yaw": 90.0
      },
      "speed_mps": 15.0,
      "energy": {
        "battery_pct": 100.0
      },
      "sensors": {
        "rgb": "ok",
        "thermal": "ok",
        "lidar": "ok",
        "radar": "offline",
        "gnss": "ok",
        "imu": "ok",
        "magnetometer": "ok",
        "barometer": "ok"
      },
      "payloads": []
    },
    "policy": {
      "alt_bounds": [
        10.0,
        120.0
      ]
    },
    "safety_flags": {
      "nfz_violation": false,
      "separation_breach": false
    }
  },
  "dialogue": [
    {
      "turn": 1,
      "speaker": "agent",
      "intent": "initiate mission and check telemetry",
      "actions": [
        {
          "type": "mcp",
          "name": "read_telemetry",
          "args": {}
        }
      ],
      "obs": [
        {
          "tool": "read_telemetry",
          "result": {
            "pose": {
              "x": 20.0,
              "y": 20.0,
              "z": 30.0
            },
            "battery_pct": 100.0,
            "speed_mps": 15.0
          }
        }
      ],
      "net": {
        "slice": "URLLC",
        "lat_ms": 5,
        "jitter_ms": 1,
        "loss_pct": 0.01,
        "throughput_mbps": 50,
        "edge_load": 0.3
      }
    },
    {
      "turn": 2,
      "speaker": "user",
      "intent": "confirm mission start and request route plan",
      "actions": [
        {
          "type": "mcp",
          "name": "plan_route",
          "args": {
            "start": [
              20.0,
              20.0
            ],
            "end": [
              180.0,
              280.0
            ],
            "via": [
              [
                100.0,
                150.0
              ]
            ]
          }
        }
      ],
      "obs": [
        {
          "tool": "plan_route",
          "result": {
            "waypoints": [
              [
                20.0,
                20.0
              ],
              [
                100.0,
                150.0
              ],
              [
                180.0,
                280.0
              ]
            ],
            "estimated_duration_s": 120,
            "battery_impact_pct": 15
          }
        }
      ],
      "net": {
        "slice": "eMBB",
        "lat_ms": 12,
        "jitter_ms": 3,
        "loss_pct": 0.1,
        "throughput_mbps": 100,
        "edge_load": 0.5
      }
    },
    {
      "turn": 3,
      "speaker": "agent",
      "intent": "coordinate with swarm for collision avoidance",
      "actions": [
        {
          "type": "a2a",
          "task": "collision_avoidance",
          "to": "uav_swarm_agent",
          "payload": {
            "current_pose": {
              "x": 20.0,
              "y": 20.0,
              "z": 30.0
            },
            "route": [
              [
                100.0,
                150.0
              ],
              [
                180.0,
                280.0
              ]
            ]
          }
        }
      ],
      "obs": [
        {
          "task": "collision_avoidance",
          "from": "uav_swarm_agent",
          "status": "ok",
          "payload": {
            "clearance": true,
            "recommended_alt_offset": 0
          }
        }
      ],
      "net": {
        "slice": "URLLC",
        "lat_ms": 6,
        "jitter_ms": 1.2,
        "loss_pct": 0.02,
        "throughput_mbps": 45,
        "edge_load": 0.4
      }
    },
    {
      "turn": 4,
      "speaker": "user",
      "intent": "approve route and command takeoff",
      "actions": [
        {
          "type": "mcp",
          "name": "execute_maneuver",
          "args": {
            "maneuver": "takeoff",
            "target_alt": 50.0
          }
        }
      ],
      "obs": [
        {
          "tool": "execute_maneuver",
          "result": {
            "status": "success",
            "final_alt": 50.0,
            "duration_s": 10,
            "battery_pct": 99.5
          }
        }
      ],
      "net": {
        "slice": "URLLC",
        "lat_ms": 4,
        "jitter_ms": 0.8,
        "loss_pct": 0.01,
        "throughput_mbps": 55,
        "edge_load": 0.35
      }
    },
    {
      "turn": 5,
      "speaker": "agent",
      "intent": "monitor weather impact due to icing",
      "actions": [
        {
          "type": "mcp",
          "name": "assess_weather_risk",
          "args": {
            "current_weather": "icing",
            "altitude": 50.0
          }
        }
      ],
      "obs": [
        {
          "tool": "assess_weather_risk",
          "result": {
            "risk_level": "high",
            "recommendation": "reduce speed and increase de-icing cycle"
          }
        }
      ],
      "net": {
        "slice": "mMTC",
        "lat_ms": 200,
        "jitter_ms": 50,
        "loss_pct": 2.5,
        "throughput_mbps": 1,
        "edge_load": 0.8
      }
    },
    {
      "turn": 6,
      "speaker": "user",
      "intent": "adjust speed and activate de-icing",
      "actions": [
        {
          "type": "mcp",
          "name": "adjust_platform",
          "args": {
            "speed_mps": 10.0,
            "de_icing": "on"
          }
        }
      ],
      "obs": [
        {
          "tool": "adjust_platform",
          "result": {
            "speed_mps": 10.0,
            "de_icing": "active",
            "power_draw_pct": 3.0,
            "battery_pct": 98.7
          }
        }
      ],
      "net": {
        "slice": "URLLC",
        "lat_ms": 5,
        "jitter_ms": 1,
        "loss_pct": 0.01,
        "throughput_mbps": 50,
        "edge_load": 0.3
      }
    },
    {
      "turn": 7,
      "speaker": "agent",
      "intent": "request thermal imaging at waypoint",
      "actions": [
        {
          "type": "mcp",
          "name": "capture_image",
          "args": {
            "sensor": "thermal",
            "target": [
              100.0,
              150.0
            ]
          }
        }
      ],
      "obs": [
        {
          "tool": "capture_image",
          "result": {
            "status": "success",
            "image_id": "thermal_100x150_7a3f",
            "anomalies_detected": [
              "overheated_transformer"
            ]
          }
        }
      ],
      "net": {
        "slice": "eMBB",
        "lat_ms": 15,
        "jitter_ms": 4,
        "loss_pct": 0.2,
        "throughput_mbps": 90,
        "edge_load": 0.6
      }
    },
    {
      "turn": 8,
      "speaker": "user",
      "intent": "report anomaly and request swarm coordination",
      "actions": [
        {
          "type": "a2a",
          "task": "anomaly_report",
          "to": "central_control",
          "payload": {
            "location": [
              100.0,
              150.0
            ],
            "type": "overheated_transformer",
            "severity": "medium"
          }
        }
      ],
      "obs": [
        {
          "task": "anomaly_report",
          "from": "central_control",
          "status": "acknowledged",
          "payload": {
            "response_plan": "dispatch repair drone",
            "priority": "high"
          }
        }
      ],
      "net": {
        "slice": "URLLC",
        "lat_ms": 7,
        "jitter_ms": 1.5,
        "loss_pct": 0.03,
        "throughput_mbps": 40,
        "edge_load": 0.45
      }
    },
    {
      "turn": 9,
      "speaker": "agent",
      "intent": "check battery and plan return leg",
      "actions": [
        {
          "type": "mcp",
          "name": "read_telemetry",
          "args": {}
        }
      ],
      "obs": [
        {
          "tool": "read_telemetry",
          "result": {
            "pose": {
              "x": 100.0,
              "y": 150.0,
              "z": 50.0
            },
            "battery_pct": 85.0,
            "speed_mps": 10.0
          }
        }
      ],
      "net": {
        "slice": "mMTC",
        "lat_ms": 180,
        "jitter_ms": 60,
        "loss_pct": 3.0,
        "throughput_mbps": 0.8,
        "edge_load": 0.85
      }
    },
    {
      "turn": 10,
      "speaker": "user",
      "intent": "command return to base with caution",
      "actions": [
        {
          "type": "mcp",
          "name": "execute_maneuver",
          "args": {
            "maneuver": "return_to_base",
            "safe_alt": 40.0
          }
        }
      ],
      "obs": [
        {
          "tool": "execute_maneuver",
          "result": {
            "status": "in_progress",
            "route": [
              [
                100.0,
                150.0
              ],
              [
                20.0,
                20.0
              ]
            ],
            "estimated_arrival_s": 90
          }
        }
      ],
      "net": {
        "slice": "URLLC",
        "lat_ms": 6,
        "jitter_ms": 1.1,
        "loss_pct": 0.02,
        "throughput_mbps": 48,
        "edge_load": 0.38
      }
    }
  ],
  "final_state": {
    "domain": "uav",
    "time_s": 210.0,
    "env": {
      "weather": "icing",
      "wind_mps": 6.0,
      "wind_dir_deg": 240.0
    },
    "airspace": {
      "alt_bounds": [
        10.0,
        120.0
      ],
      "geofence": [
        {
          "type": "polygon",
          "points": [
            [
              0.0,
              0.0
            ],
            [
              200.0,
              0.0
            ],
            [
              200.0,
              300.0
            ],
            [
              0.0,
              300.0
            ]
          ]
        }
      ]
    },
    "uav": {
      "pose": {
        "x": 60.0,
        "y": 70.0,
        "z": 40.0,
        "yaw": 270.0
      },
      "speed_mps": 10.0,
      "energy": {
        "battery_pct": 78.0
      },
      "sensors": {
        "rgb": "ok",
        "thermal": "ok",
        "lidar": "ok",
        "radar": "offline",
        "gnss": "ok",
        "imu": "ok",
        "magnetometer": "ok",
        "barometer": "ok"
      },
      "payloads": []
    },
    "policy": {
      "alt_bounds": [
        10.0,
        120.0
      ]
    },
    "safety_flags": {
      "nfz_violation": false,
      "separation_breach": false
    }
  },
  "success": true,
  "_meta": {
    "seed": 42,
    "ts": 1763978316,
    "ts_iso": "2025-11-24T09:58:36Z",
    "gen_time_s": 53.14939594268799,
    "attempts_used": 1,
    "generation_failed": false,
    "usage": {
      "prompt_tokens": 1068,
      "completion_tokens": 3355,
      "total_tokens": 4423,
      "cost": 0.002838,
      "is_byok": false,
      "prompt_tokens_details": {
        "cached_tokens": 736,
        "audio_tokens": 0,
        "video_tokens": 0
      },
      "cost_details": {
        "upstream_inference_cost": null,
        "upstream_inference_prompt_cost": 0.000154,
        "upstream_inference_completions_cost": 0.002684
      },
      "completion_tokens_details": {
        "reasoning_tokens": 0,
        "image_tokens": 0
      }
    }
  }
}