{
  "initial_state": {
    "domain": "uav",
    "time_s": 0.0,
    "env": {
      "weather": "hail",
      "wind_mps": 8.5,
      "wind_dir_deg": 240.0
    },
    "airspace": {
      "alt_bounds": [
        30.0,
        150.0
      ],
      "geofence": [
        {
          "type": "polygon",
          "points": [
            [
              0,
              0
            ],
            [
              500,
              0
            ],
            [
              500,
              500
            ],
            [
              0,
              500
            ]
          ]
        }
      ]
    },
    "uav": {
      "pose": {
        "x": 50.0,
        "y": 50.0,
        "z": 30.0,
        "yaw": 270.0
      },
      "speed_mps": 28.0,
      "energy": {
        "battery_pct": 100.0
      },
      "sensors": {
        "rgb": "ok",
        "thermal": "offline",
        "lidar": "offline",
        "radar": "offline",
        "gnss": "ok",
        "imu": "ok",
        "magnetometer": "ok",
        "barometer": "ok"
      },
      "payloads": []
    },
    "policy": {
      "alt_bounds": [
        30.0,
        150.0
      ]
    },
    "safety_flags": {
      "nfz_violation": false,
      "separation_breach": false
    }
  },
  "dialogue": [
    {
      "turn": 1,
      "speaker": "agent",
      "intent": "initiate mission under adverse weather",
      "actions": [
        {
          "type": "mcp",
          "name": "read_telemetry",
          "args": {}
        },
        {
          "type": "a2a",
          "task": "request_weather_update",
          "to": "weather_agent",
          "payload": {
            "location": [
              50,
              50
            ],
            "range_km": 10
          }
        }
      ],
      "obs": [
        {
          "tool": "read_telemetry",
          "result": {
            "pose": {
              "x": 50.0,
              "y": 50.0,
              "z": 30.0
            },
            "battery_pct": 100.0,
            "speed_mps": 28.0
          }
        },
        {
          "task": "request_weather_update",
          "from": "weather_agent",
          "status": "ok",
          "payload": {
            "precip_type": "hail",
            "intensity_mmh": 12.4,
            "wind_gust_peak": 14.2
          }
        }
      ],
      "net": {
        "slice": "eMBB",
        "lat_ms": 18,
        "jitter_ms": 3,
        "loss_pct": 0.1,
        "throughput_mbps": 850,
        "edge_load": 0.45
      }
    },
    {
      "turn": 2,
      "speaker": "user",
      "intent": "request sensor recovery and route adjustment",
      "actions": [
        {
          "type": "mcp",
          "name": "activate_sensor",
          "args": {
            "sensor": "thermal"
          }
        },
        {
          "type": "mcp",
          "name": "set_waypoint",
          "args": {
            "x": 400,
            "y": 400,
            "z": 120
          }
        }
      ],
      "obs": [
        {
          "tool": "activate_sensor",
          "result": {
            "sensor": "thermal",
            "status": "failed",
            "reason": "hardware_fault_due_to_hail"
          }
        },
        {
          "tool": "set_waypoint",
          "result": {
            "waypoint": [
              400,
              400,
              120
            ],
            "status": "accepted"
          }
        }
      ],
      "net": {
        "slice": "URLLC",
        "lat_ms": 8,
        "jitter_ms": 1,
        "loss_pct": 0.05,
        "throughput_mbps": 120,
        "edge_load": 0.3
      }
    },
    {
      "turn": 3,
      "speaker": "agent",
      "intent": "assess risk and initiate swarm coordination",
      "actions": [
        {
          "type": "mcp",
          "name": "check_geofence_compliance",
          "args": {
            "path": [
              [
                50,
                50,
                30
              ],
              [
                400,
                400,
                120
              ]
            ]
          }
        },
        {
          "type": "a2a",
          "task": "collision_avoidance",
          "to": "uav_swarm_agent",
          "payload": {
            "uav_id": "uav-7",
            "trajectory": [
              [
                50,
                50,
                30
              ],
              [
                400,
                400,
                120
              ]
            ],
            "eta": 45
          }
        }
      ],
      "obs": [
        {
          "tool": "check_geofence_compliance",
          "result": {
            "inside": true,
            "breach_points": []
          }
        },
        {
          "task": "collision_avoidance",
          "from": "uav_swarm_agent",
          "status": "ok",
          "payload": {
            "recommended_alt_offset": 0,
            "conflict": false
          }
        }
      ],
      "net": {
        "slice": "URLLC",
        "lat_ms": 9,
        "jitter_ms": 1.2,
        "loss_pct": 0.08,
        "throughput_mbps": 110,
        "edge_load": 0.35
      }
    },
    {
      "turn": 4,
      "speaker": "user",
      "intent": "request emergency battery check and reroute",
      "actions": [
        {
          "type": "mcp",
          "name": "run_diagnostic",
          "args": {
            "system": "power"
          }
        },
        {
          "type": "mcp",
          "name": "set_waypoint",
          "args": {
            "x": 450,
            "y": 50,
            "z": 50
          }
        }
      ],
      "obs": [
        {
          "tool": "run_diagnostic",
          "result": {
            "system": "power",
            "status": "warning",
            "details": "solar wing degradation due to hail, charging efficiency down 60%"
          }
        },
        {
          "tool": "set_waypoint",
          "result": {
            "waypoint": [
              450,
              50,
              50
            ],
            "status": "accepted"
          }
        }
      ],
      "net": {
        "slice": "mMTC",
        "lat_ms": 120,
        "jitter_ms": 25,
        "loss_pct": 2.1,
        "throughput_mbps": 1.2,
        "edge_load": 0.85
      }
    },
    {
      "turn": 5,
      "speaker": "agent",
      "intent": "adapt to degraded network and power state",
      "actions": [
        {
          "type": "mcp",
          "name": "read_telemetry",
          "args": {}
        }
      ],
      "obs": [
        {
          "tool": "read_telemetry",
          "result": {
            "pose": {
              "x": 180.0,
              "y": 180.0,
              "z": 110.0
            },
            "battery_pct": 94.3,
            "speed_mps": 26.1
          }
        }
      ],
      "net": {
        "slice": "URLLC",
        "lat_ms": 10,
        "jitter_ms": 1.5,
        "loss_pct": 0.1,
        "throughput_mbps": 95,
        "edge_load": 0.4
      }
    },
    {
      "turn": 6,
      "speaker": "user",
      "intent": "authorize descent and sensor fallback",
      "actions": [
        {
          "type": "mcp",
          "name": "activate_sensor",
          "args": {
            "sensor": "lidar"
          }
        },
        {
          "type": "mcp",
          "name": "adjust_altitude",
          "args": {
            "target_z": 60
          }
        }
      ],
      "obs": [
        {
          "tool": "activate_sensor",
          "result": {
            "sensor": "lidar",
            "status": "ok"
          }
        },
        {
          "tool": "adjust_altitude",
          "result": {
            "target_z": 60,
            "status": "initiated"
          }
        }
      ],
      "net": {
        "slice": "eMBB",
        "lat_ms": 22,
        "jitter_ms": 5,
        "loss_pct": 0.3,
        "throughput_mbps": 780,
        "edge_load": 0.55
      }
    },
    {
      "turn": 7,
      "speaker": "agent",
      "intent": "monitor descent and verify safety",
      "actions": [
        {
          "type": "mcp",
          "name": "read_telemetry",
          "args": {}
        },
        {
          "type": "a2a",
          "task": "update_position",
          "to": "traffic_monitor",
          "payload": {
            "uav_id": "uav-7",
            "position": [
              310,
              310,
              85
            ],
            "velocity": 24.5
          }
        }
      ],
      "obs": [
        {
          "tool": "read_telemetry",
          "result": {
            "pose": {
              "x": 310.0,
              "y": 310.0,
              "z": 85.0
            },
            "battery_pct": 89.7,
            "speed_mps": 24.5
          }
        },
        {
          "task": "update_position",
          "from": "traffic_monitor",
          "status": "received",
          "payload": {
            "next_update_in_ms": 1000
          }
        }
      ],
      "net": {
        "slice": "URLLC",
        "lat_ms": 7,
        "jitter_ms": 0.8,
        "loss_pct": 0.04,
        "throughput_mbps": 150,
        "edge_load": 0.25
      }
    },
    {
      "turn": 8,
      "speaker": "user",
      "intent": "confirm landing zone and initiate final approach",
      "actions": [
        {
          "type": "mcp",
          "name": "set_waypoint",
          "args": {
            "x": 450,
            "y": 50,
            "z": 40
          }
        }
      ],
      "obs": [
        {
          "tool": "set_waypoint",
          "result": {
            "waypoint": [
              450,
              50,
              40
            ],
            "status": "accepted"
          }
        }
      ],
      "net": {
        "slice": "URLLC",
        "lat_ms": 6,
        "jitter_ms": 0.5,
        "loss_pct": 0.02,
        "throughput_mbps": 180,
        "edge_load": 0.2
      }
    },
    {
      "turn": 9,
      "speaker": "agent",
      "intent": "execute final approach with safety checks",
      "actions": [
        {
          "type": "mcp",
          "name": "check_landing_zone",
          "args": {
            "x": 450,
            "y": 50
          }
        }
      ],
      "obs": [
        {
          "tool": "check_landing_zone",
          "result": {
            "clear": true,
            "obstacles": [],
            "surface_stable": true
          }
        }
      ],
      "net": {
        "slice": "URLLC",
        "lat_ms": 5,
        "jitter_ms": 0.4,
        "loss_pct": 0.01,
        "throughput_mbps": 200,
        "edge_load": 0.15
      }
    },
    {
      "turn": 10,
      "speaker": "user",
      "intent": "authorize landing",
      "actions": [
        {
          "type": "mcp",
          "name": "land",
          "args": {}
        }
      ],
      "obs": [
        {
          "tool": "land",
          "result": {
            "status": "initiated",
            "target": [
              450,
              50,
              0
            ]
          }
        }
      ],
      "net": {
        "slice": "URLLC",
        "lat_ms": 4,
        "jitter_ms": 0.3,
        "loss_pct": 0.0,
        "throughput_mbps": 220,
        "edge_load": 0.1
      }
    },
    {
      "turn": 11,
      "speaker": "agent",
      "intent": "confirm landing completion",
      "actions": [
        {
          "type": "mcp",
          "name": "read_telemetry",
          "args": {}
        }
      ],
      "obs": [
        {
          "tool": "read_telemetry",
          "result": {
            "pose": {
              "x": 450.0,
              "y": 50.0,
              "z": 0.0
            },
            "battery_pct": 82.1,
            "speed_mps": 0.0
          }
        }
      ],
      "net": {
        "slice": "mMTC",
        "lat_ms": 100,
        "jitter_ms": 20,
        "loss_pct": 1.8,
        "throughput_mbps": 1.0,
        "edge_load": 0.8
      }
    }
  ],
  "final_state": {
    "domain": "uav",
    "time_s": 120.0,
    "env": {
      "weather": "hail",
      "wind_mps": 8.5,
      "wind_dir_deg": 240.0
    },
    "airspace": {
      "alt_bounds": [
        30.0,
        150.0
      ],
      "geofence": [
        {
          "type": "polygon",
          "points": [
            [
              0,
              0
            ],
            [
              500,
              0
            ],
            [
              500,
              500
            ],
            [
              0,
              500
            ]
          ]
        }
      ]
    },
    "uav": {
      "pose": {
        "x": 450.0,
        "y": 50.0,
        "z": 0.0,
        "yaw": 270.0
      },
      "speed_mps": 0.0,
      "energy": {
        "battery_pct": 82.1
      },
      "sensors": {
        "rgb": "ok",
        "thermal": "offline",
        "lidar": "ok",
        "radar": "offline",
        "gnss": "ok",
        "imu": "ok",
        "magnetometer": "ok",
        "barometer": "ok"
      },
      "payloads": []
    },
    "policy": {
      "alt_bounds": [
        30.0,
        150.0
      ]
    },
    "safety_flags": {
      "nfz_violation": false,
      "separation_breach": false
    }
  },
  "success": true,
  "_meta": {
    "seed": 42,
    "ts": 1763826302,
    "ts_iso": "2025-11-22T15:45:02Z",
    "gen_time_s": 55.835652351379395,
    "attempts_used": 1,
    "generation_failed": false,
    "usage": {
      "prompt_tokens": 1043,
      "completion_tokens": 3765,
      "total_tokens": 4808,
      "cost": 0.00317458,
      "is_byok": false,
      "prompt_tokens_details": {
        "cached_tokens": 608,
        "audio_tokens": 0,
        "video_tokens": 0
      },
      "cost_details": {
        "upstream_inference_cost": null,
        "upstream_inference_prompt_cost": 0.00016258,
        "upstream_inference_completions_cost": 0.003012
      },
      "completion_tokens_details": {
        "reasoning_tokens": 0,
        "image_tokens": 0
      }
    }
  }
}