{
  "initial_state": {
    "domain": "uav",
    "time_s": 0.0,
    "env": {
      "weather": "dust",
      "wind_mps": 12.0,
      "wind_dir_deg": 270.0
    },
    "airspace": {
      "alt_bounds": [
        10.0,
        150.0
      ],
      "geofence": [
        {
          "type": "polygon",
          "points": [
            [
              0,
              0
            ],
            [
              800,
              0
            ],
            [
              800,
              600
            ],
            [
              0,
              600
            ]
          ]
        }
      ]
    },
    "uav": {
      "pose": {
        "x": 50.0,
        "y": 50.0,
        "z": 30.0,
        "yaw": 90.0
      },
      "speed_mps": 18.0,
      "energy": {
        "battery_pct": 100.0
      },
      "sensors": {
        "rgb": "ok",
        "thermal": "offline",
        "lidar": "ok",
        "radar": "offline",
        "gnss": "ok",
        "imu": "ok",
        "magnetometer": "ok",
        "barometer": "ok"
      },
      "payloads": []
    },
    "policy": {
      "alt_bounds": [
        10.0,
        150.0
      ]
    },
    "safety_flags": {
      "nfz_violation": false,
      "separation_breach": false
    }
  },
  "dialogue": [
    {
      "turn": 1,
      "speaker": "agent",
      "intent": "initiate_mission",
      "actions": [
        {
          "type": "mcp",
          "name": "read_telemetry",
          "args": {}
        }
      ],
      "obs": [
        {
          "tool": "read_telemetry",
          "result": {
            "pose": {
              "x": 50.0,
              "y": 50.0,
              "z": 30.0,
              "yaw": 90.0
            },
            "speed_mps": 18.0,
            "battery_pct": 100.0
          }
        }
      ],
      "net": {
        "slice": "eMBB",
        "lat_ms": 12,
        "jitter_ms": 2,
        "loss_pct": 0.1,
        "throughput_mbps": 850,
        "edge_load": 0.4
      }
    },
    {
      "turn": 2,
      "speaker": "user",
      "intent": "confirm_mission_start",
      "actions": [],
      "obs": [],
      "net": {
        "slice": "eMBB",
        "lat_ms": 11,
        "jitter_ms": 1.8,
        "loss_pct": 0.05,
        "throughput_mbps": 870,
        "edge_load": 0.42
      }
    },
    {
      "turn": 3,
      "speaker": "agent",
      "intent": "check_sensor_status",
      "actions": [
        {
          "type": "mcp",
          "name": "check_sensors",
          "args": {}
        }
      ],
      "obs": [
        {
          "tool": "check_sensors",
          "result": {
            "rgb": "ok",
            "thermal": "offline",
            "lidar": "ok",
            "radar": "offline"
          }
        }
      ],
      "net": {
        "slice": "URLLC",
        "lat_ms": 8,
        "jitter_ms": 0.9,
        "loss_pct": 0.02,
        "throughput_mbps": 120,
        "edge_load": 0.38
      }
    },
    {
      "turn": 4,
      "speaker": "user",
      "intent": "request_sensor_repair",
      "actions": [
        {
          "type": "a2a",
          "task": "sensor_repair",
          "to": "uav_maintenance_agent",
          "payload": {
            "sensor": "thermal"
          }
        }
      ],
      "obs": [
        {
          "task": "sensor_repair",
          "from": "uav_maintenance_agent",
          "status": "ok",
          "payload": {
            "sensor": "thermal",
            "status": "online"
          }
        }
      ],
      "net": {
        "slice": "URLLC",
        "lat_ms": 7,
        "jitter_ms": 0.8,
        "loss_pct": 0.01,
        "throughput_mbps": 110,
        "edge_load": 0.35
      }
    },
    {
      "turn": 5,
      "speaker": "agent",
      "intent": "plan_waypoint_route",
      "actions": [
        {
          "type": "mcp",
          "name": "compute_route",
          "args": {
            "waypoints": [
              [
                200,
                100,
                50
              ],
              [
                400,
                300,
                70
              ],
              [
                600,
                500,
                40
              ]
            ]
          }
        }
      ],
      "obs": [
        {
          "tool": "compute_route",
          "result": {
            "route_valid": true,
            "estimated_duration_s": 180,
            "battery_impact_pct": 15
          }
        }
      ],
      "net": {
        "slice": "eMBB",
        "lat_ms": 15,
        "jitter_ms": 3,
        "loss_pct": 0.2,
        "throughput_mbps": 800,
        "edge_load": 0.5
      }
    },
    {
      "turn": 6,
      "speaker": "user",
      "intent": "approve_route",
      "actions": [
        {
          "type": "mcp",
          "name": "activate_route",
          "args": {
            "waypoints": [
              [
                200,
                100,
                50
              ],
              [
                400,
                300,
                70
              ],
              [
                600,
                500,
                40
              ]
            ]
          }
        }
      ],
      "obs": [
        {
          "tool": "activate_route",
          "result": {
            "status": "executing",
            "next_waypoint": [
              200,
              100,
              50
            ]
          }
        }
      ],
      "net": {
        "slice": "eMBB",
        "lat_ms": 16,
        "jitter_ms": 3.5,
        "loss_pct": 0.3,
        "throughput_mbps": 780,
        "edge_load": 0.52
      }
    },
    {
      "turn": 7,
      "speaker": "agent",
      "intent": "detect_network_degradation",
      "actions": [
        {
          "type": "mcp",
          "name": "read_telemetry",
          "args": {}
        }
      ],
      "obs": [
        {
          "tool": "read_telemetry",
          "result": {
            "pose": {
              "x": 180.0,
              "y": 90.0,
              "z": 48.0,
              "yaw": 95.0
            },
            "speed_mps": 16.5,
            "battery_pct": 98.0
          }
        }
      ],
      "net": {
        "slice": "mMTC",
        "lat_ms": 120,
        "jitter_ms": 25,
        "loss_pct": 2.5,
        "throughput_mbps": 1.2,
        "edge_load": 0.75
      }
    },
    {
      "turn": 8,
      "speaker": "user",
      "intent": "request_low_bandwidth_mode",
      "actions": [
        {
          "type": "a2a",
          "task": "switch_mode",
          "to": "uav_comms_agent",
          "payload": {
            "mode": "low_bandwidth",
            "priority": "telemetry"
          }
        }
      ],
      "obs": [
        {
          "task": "switch_mode",
          "from": "uav_comms_agent",
          "status": "applied",
          "payload": {
            "active_sensors": [
              "lidar",
              "gnss",
              "imu"
            ],
            "inactive": [
              "rgb",
              "thermal"
            ]
          }
        }
      ],
      "net": {
        "slice": "URLLC",
        "lat_ms": 9,
        "jitter_ms": 1.2,
        "loss_pct": 0.08,
        "throughput_mbps": 95,
        "edge_load": 0.68
      }
    },
    {
      "turn": 9,
      "speaker": "agent",
      "intent": "resume_navigation",
      "actions": [
        {
          "type": "mcp",
          "name": "navigate_to",
          "args": {
            "target": [
              400,
              300,
              70
            ]
          }
        }
      ],
      "obs": [
        {
          "tool": "navigate_to",
          "result": {
            "status": "reached",
            "target": [
              400,
              300,
              70
            ],
            "time_spent_s": 65
          }
        }
      ],
      "net": {
        "slice": "URLLC",
        "lat_ms": 10,
        "jitter_ms": 1.5,
        "loss_pct": 0.1,
        "throughput_mbps": 100,
        "edge_load": 0.6
      }
    },
    {
      "turn": 10,
      "speaker": "user",
      "intent": "request_return",
      "actions": [
        {
          "type": "mcp",
          "name": "set_return_path",
          "args": {
            "origin": true
          }
        }
      ],
      "obs": [
        {
          "tool": "set_return_path",
          "result": {
            "status": "planned",
            "route": [
              [
                600,
                500,
                40
              ],
              [
                50,
                50,
                30
              ]
            ]
          }
        }
      ],
      "net": {
        "slice": "URLLC",
        "lat_ms": 8,
        "jitter_ms": 0.7,
        "loss_pct": 0.05,
        "throughput_mbps": 115,
        "edge_load": 0.55
      }
    },
    {
      "turn": 11,
      "speaker": "agent",
      "intent": "complete_mission",
      "actions": [
        {
          "type": "mcp",
          "name": "land_uav",
          "args": {
            "safe_zone": true
          }
        }
      ],
      "obs": [
        {
          "tool": "land_uav",
          "result": {
            "status": "landed",
            "final_pose": {
              "x": 50.0,
              "y": 50.0,
              "z": 10.0,
              "yaw": 90.0
            },
            "battery_pct": 82.0
          }
        }
      ],
      "net": {
        "slice": "URLLC",
        "lat_ms": 7,
        "jitter_ms": 0.6,
        "loss_pct": 0.02,
        "throughput_mbps": 125,
        "edge_load": 0.4
      }
    }
  ],
  "final_state": {
    "domain": "uav",
    "time_s": 320.0,
    "env": {
      "weather": "dust",
      "wind_mps": 12.0,
      "wind_dir_deg": 270.0
    },
    "airspace": {
      "alt_bounds": [
        10.0,
        150.0
      ],
      "geofence": [
        {
          "type": "polygon",
          "points": [
            [
              0,
              0
            ],
            [
              800,
              0
            ],
            [
              800,
              600
            ],
            [
              0,
              600
            ]
          ]
        }
      ]
    },
    "uav": {
      "pose": {
        "x": 50.0,
        "y": 50.0,
        "z": 10.0,
        "yaw": 90.0
      },
      "speed_mps": 0.0,
      "energy": {
        "battery_pct": 82.0
      },
      "sensors": {
        "rgb": "ok",
        "thermal": "online",
        "lidar": "ok",
        "radar": "offline",
        "gnss": "ok",
        "imu": "ok",
        "magnetometer": "ok",
        "barometer": "ok"
      },
      "payloads": []
    },
    "policy": {
      "alt_bounds": [
        10.0,
        150.0
      ]
    },
    "safety_flags": {
      "nfz_violation": false,
      "separation_breach": false
    }
  },
  "success": true,
  "_meta": {
    "seed": 42,
    "ts": 1763808866,
    "ts_iso": "2025-11-22T10:54:26Z",
    "gen_time_s": 53.7640700340271,
    "attempts_used": 1,
    "generation_failed": false,
    "usage": {
      "prompt_tokens": 1053,
      "completion_tokens": 3176,
      "total_tokens": 4229,
      "cost": 0.00270558,
      "is_byok": false,
      "prompt_tokens_details": {
        "cached_tokens": 608,
        "audio_tokens": 0,
        "video_tokens": 0
      },
      "cost_details": {
        "upstream_inference_cost": null,
        "upstream_inference_prompt_cost": 0.00016478,
        "upstream_inference_completions_cost": 0.0025408
      },
      "completion_tokens_details": {
        "reasoning_tokens": 0,
        "image_tokens": 0
      }
    }
  }
}