{
  "initial_state": {
    "domain": "uav",
    "time_s": 0.0,
    "env": {
      "weather": "good",
      "wind_mps": 8.5,
      "wind_dir_deg": 240.0
    },
    "airspace": {
      "alt_bounds": [
        5.0,
        60.0
      ],
      "geofence": [
        {
          "type": "polygon",
          "points": [
            [
              0,
              0
            ],
            [
              0,
              100
            ],
            [
              120,
              100
            ],
            [
              120,
              0
            ]
          ]
        }
      ]
    },
    "uav": {
      "pose": {
        "x": 10.0,
        "y": 10.0,
        "z": 10.0,
        "yaw": 90.0
      },
      "speed_mps": 15.0,
      "energy": {
        "battery_pct": 100.0
      },
      "sensors": {
        "rgb": "ok",
        "thermal": "offline",
        "lidar": "ok",
        "radar": "offline",
        "gnss": "ok",
        "imu": "ok",
        "magnetometer": "ok",
        "barometer": "ok"
      },
      "payloads": []
    },
    "policy": {
      "alt_bounds": [
        5.0,
        60.0
      ]
    },
    "safety_flags": {
      "nfz_violation": false,
      "separation_breach": false
    }
  },
  "dialogue": [
    {
      "turn": 1,
      "speaker": "agent",
      "intent": "initiate inspection mission under crosswind",
      "actions": [
        {
          "type": "mcp",
          "name": "read_telemetry",
          "args": {}
        },
        {
          "type": "a2a",
          "task": "request_swarm_formation",
          "to": "uav_swarm_agent",
          "payload": {
            "formation": "line_abreast",
            "leader_pose": {
              "x": 10.0,
              "y": 10.0,
              "z": 10.0
            }
          }
        }
      ],
      "obs": [
        {
          "tool": "read_telemetry",
          "result": {
            "pose": {
              "x": 10.0,
              "y": 10.0,
              "z": 10.0
            },
            "battery_pct": 100.0,
            "speed_mps": 15.0
          }
        },
        {
          "task": "request_swarm_formation",
          "from": "uav_swarm_agent",
          "status": "ok",
          "payload": {
            "assigned_role": "lead_inspector",
            "swarm_size": 3
          }
        }
      ],
      "net": {
        "slice": "eMBB",
        "lat_ms": 12,
        "jitter_ms": 2,
        "loss_pct": 0.1,
        "throughput_mbps": 850,
        "edge_load": 0.3
      }
    },
    {
      "turn": 2,
      "speaker": "user",
      "intent": "approve swarm and request status",
      "actions": [
        {
          "type": "mcp",
          "name": "get_swarm_status",
          "args": {}
        }
      ],
      "obs": [
        {
          "tool": "get_swarm_status",
          "result": {
            "swarm_health": "nominal",
            "connected_drones": 3,
            "avg_battery": 98.5
          }
        }
      ],
      "net": {
        "slice": "eMBB",
        "lat_ms": 11,
        "jitter_ms": 1.8,
        "loss_pct": 0.05,
        "throughput_mbps": 900,
        "edge_load": 0.32
      }
    },
    {
      "turn": 3,
      "speaker": "agent",
      "intent": "proceed to inspection waypoint",
      "actions": [
        {
          "type": "mcp",
          "name": "navigate_to",
          "args": {
            "waypoint": {
              "x": 50.0,
              "y": 30.0,
              "z": 25.0
            },
            "speed": 12.0
          }
        }
      ],
      "obs": [
        {
          "tool": "navigate_to",
          "result": {
            "status": "en_route",
            "eta_s": 3.8,
            "path_valid": true
          }
        }
      ],
      "net": {
        "slice": "URLLC",
        "lat_ms": 8,
        "jitter_ms": 1,
        "loss_pct": 0.02,
        "throughput_mbps": 120,
        "edge_load": 0.4
      }
    },
    {
      "turn": 4,
      "speaker": "user",
      "intent": "check sensor readiness",
      "actions": [
        {
          "type": "mcp",
          "name": "check_sensors",
          "args": {}
        }
      ],
      "obs": [
        {
          "tool": "check_sensors",
          "result": {
            "rgb": "ok",
            "thermal": "offline",
            "lidar": "ok",
            "radar": "offline"
          }
        }
      ],
      "net": {
        "slice": "mMTC",
        "lat_ms": 18,
        "jitter_ms": 5,
        "loss_pct": 0.8,
        "throughput_mbps": 1.2,
        "edge_load": 0.75
      }
    },
    {
      "turn": 5,
      "speaker": "agent",
      "intent": "adapt to degraded network and thermal offline",
      "actions": [
        {
          "type": "mcp",
          "name": "activate_sensor_fusion",
          "args": {
            "primary": "lidar",
            "fallback": "rgb"
          }
        }
      ],
      "obs": [
        {
          "tool": "activate_sensor_fusion",
          "result": {
            "status": "active",
            "primary": "lidar",
            "coverage_est": 0.92
          }
        }
      ],
      "net": {
        "slice": "URLLC",
        "lat_ms": 9,
        "jitter_ms": 1.2,
        "loss_pct": 0.1,
        "throughput_mbps": 110,
        "edge_load": 0.68
      }
    },
    {
      "turn": 6,
      "speaker": "user",
      "intent": "request visual confirmation of facade",
      "actions": [
        {
          "type": "mcp",
          "name": "capture_image",
          "args": {
            "mode": "high_res",
            "target": "building_north_facade"
          }
        }
      ],
      "obs": [
        {
          "tool": "capture_image",
          "result": {
            "status": "success",
            "image_id": "IMG_001",
            "resolution": "4096x2160",
            "defects_detected": 2
          }
        }
      ],
      "net": {
        "slice": "eMBB",
        "lat_ms": 14,
        "jitter_ms": 3,
        "loss_pct": 0.3,
        "throughput_mbps": 780,
        "edge_load": 0.85
      }
    },
    {
      "turn": 7,
      "speaker": "agent",
      "intent": "report defect and plan close-up",
      "actions": [
        {
          "type": "a2a",
          "task": "assign_close_inspection",
          "to": "uav_swarm_agent",
          "payload": {
            "target": "defect_zone_A",
            "approach_vector": {
              "x": 52.0,
              "y": 29.0,
              "z": 22.0
            },
            "drone_id": "uav_2"
          }
        }
      ],
      "obs": [
        {
          "task": "assign_close_inspection",
          "from": "uav_swarm_agent",
          "status": "acknowledged",
          "payload": {
            "execution_time_s": 2.1,
            "battery_impact": 3.2
          }
        }
      ],
      "net": {
        "slice": "URLLC",
        "lat_ms": 7,
        "jitter_ms": 0.9,
        "loss_pct": 0.05,
        "throughput_mbps": 130,
        "edge_load": 0.5
      }
    },
    {
      "turn": 8,
      "speaker": "user",
      "intent": "monitor swarm coordination",
      "actions": [
        {
          "type": "mcp",
          "name": "read_telemetry",
          "args": {}
        }
      ],
      "obs": [
        {
          "tool": "read_telemetry",
          "result": {
            "pose": {
              "x": 49.8,
              "y": 29.9,
              "z": 24.9
            },
            "battery_pct": 96.1,
            "speed_mps": 0.8
          }
        }
      ],
      "net": {
        "slice": "URLLC",
        "lat_ms": 7.5,
        "jitter_ms": 1.1,
        "loss_pct": 0.08,
        "throughput_mbps": 125,
        "edge_load": 0.52
      }
    },
    {
      "turn": 9,
      "speaker": "agent",
      "intent": "initiate return and data sync",
      "actions": [
        {
          "type": "mcp",
          "name": "navigate_to",
          "args": {
            "waypoint": {
              "x": 10.0,
              "y": 10.0,
              "z": 10.0
            },
            "speed": 10.0
          }
        },
        {
          "type": "mcp",
          "name": "sync_data",
          "args": {
            "target": "edge_station_4",
            "data_ids": [
              "IMG_001",
              "LIDAR_007"
            ]
          }
        }
      ],
      "obs": [
        {
          "tool": "navigate_to",
          "result": {
            "status": "en_route",
            "eta_s": 4.2,
            "path_valid": true
          }
        },
        {
          "tool": "sync_data",
          "result": {
            "status": "queued",
            "reason": "high_edge_load",
            "retry_in_s": 5.0
          }
        }
      ],
      "net": {
        "slice": "mMTC",
        "lat_ms": 22,
        "jitter_ms": 8,
        "loss_pct": 1.5,
        "throughput_mbps": 0.8,
        "edge_load": 0.92
      }
    },
    {
      "turn": 10,
      "speaker": "user",
      "intent": "approve data retry and landing",
      "actions": [
        {
          "type": "mcp",
          "name": "override_sync_priority",
          "args": {
            "data_ids": [
              "IMG_001"
            ],
            "priority": "high"
          }
        }
      ],
      "obs": [
        {
          "tool": "override_sync_priority",
          "result": {
            "status": "accepted",
            "transmitted": [
              "IMG_001"
            ],
            "pending": [
              "LIDAR_007"
            ]
          }
        }
      ],
      "net": {
        "slice": "URLLC",
        "lat_ms": 8.2,
        "jitter_ms": 1.3,
        "loss_pct": 0.12,
        "throughput_mbps": 118,
        "edge_load": 0.6
      }
    },
    {
      "turn": 11,
      "speaker": "agent",
      "intent": "complete mission and report",
      "actions": [
        {
          "type": "mcp",
          "name": "land",
          "args": {
            "safe_alt": 5.0
          }
        }
      ],
      "obs": [
        {
          "tool": "land",
          "result": {
            "status": "completed",
            "touchdown_time_s": 112.3,
            "final_battery": 89.4
          }
        }
      ],
      "net": {
        "slice": "URLLC",
        "lat_ms": 6.8,
        "jitter_ms": 0.7,
        "loss_pct": 0.03,
        "throughput_mbps": 140,
        "edge_load": 0.4
      }
    }
  ],
  "final_state": {
    "domain": "uav",
    "time_s": 112.3,
    "env": {
      "weather": "good",
      "wind_mps": 8.5,
      "wind_dir_deg": 240.0
    },
    "airspace": {
      "alt_bounds": [
        5.0,
        60.0
      ],
      "geofence": [
        {
          "type": "polygon",
          "points": [
            [
              0,
              0
            ],
            [
              0,
              100
            ],
            [
              120,
              100
            ],
            [
              120,
              0
            ]
          ]
        }
      ]
    },
    "uav": {
      "pose": {
        "x": 10.0,
        "y": 10.0,
        "z": 5.0,
        "yaw": 90.0
      },
      "speed_mps": 0.0,
      "energy": {
        "battery_pct": 89.4
      },
      "sensors": {
        "rgb": "ok",
        "thermal": "offline",
        "lidar": "ok",
        "radar": "offline",
        "gnss": "ok",
        "imu": "ok",
        "magnetometer": "ok",
        "barometer": "ok"
      },
      "payloads": []
    },
    "policy": {
      "alt_bounds": [
        5.0,
        60.0
      ]
    },
    "safety_flags": {
      "nfz_violation": false,
      "separation_breach": false
    }
  },
  "success": true,
  "_meta": {
    "seed": 42,
    "ts": 1763838963,
    "ts_iso": "2025-11-22T19:16:03Z",
    "gen_time_s": 213.97938418388367,
    "attempts_used": 1,
    "generation_failed": false,
    "usage": {
      "prompt_tokens": 1044,
      "completion_tokens": 3497,
      "total_tokens": 4541,
      "cost": 0.00219216,
      "is_byok": false,
      "prompt_tokens_details": {
        "cached_tokens": 0,
        "audio_tokens": 0,
        "video_tokens": 0
      },
      "cost_details": {
        "upstream_inference_cost": null,
        "upstream_inference_prompt_cost": 9.396e-05,
        "upstream_inference_completions_cost": 0.0020982
      },
      "completion_tokens_details": {
        "reasoning_tokens": 0,
        "image_tokens": 0
      }
    }
  }
}