{
  "initial_state": {
    "domain": "uav",
    "time_s": 0.0,
    "env": {
      "weather": "dust",
      "wind_mps": 9.0,
      "wind_dir_deg": 240.0
    },
    "airspace": {
      "alt_bounds": [
        10.0,
        120.0
      ],
      "geofence": [
        {
          "type": "polygon",
          "points": [
            [
              0,
              0
            ],
            [
              400,
              0
            ],
            [
              400,
              300
            ],
            [
              0,
              300
            ]
          ]
        }
      ]
    },
    "uav": {
      "pose": {
        "x": 50.0,
        "y": 50.0,
        "z": 20.0,
        "yaw": 90.0
      },
      "speed_mps": 18.0,
      "energy": {
        "battery_pct": 100.0
      },
      "sensors": {
        "rgb": "ok",
        "thermal": "offline",
        "lidar": "ok",
        "radar": "offline",
        "gnss": "ok",
        "imu": "ok",
        "magnetometer": "ok",
        "barometer": "ok"
      },
      "payloads": []
    },
    "policy": {
      "alt_bounds": [
        10.0,
        120.0
      ]
    },
    "safety_flags": {
      "nfz_violation": false,
      "separation_breach": false
    }
  },
  "dialogue": [
    {
      "turn": 1,
      "speaker": "agent",
      "intent": "initiate_survey_mission",
      "actions": [
        {
          "type": "mcp",
          "name": "read_telemetry",
          "args": {}
        },
        {
          "type": "a2a",
          "task": "request_swarm_coverage",
          "to": "uav_swarm_agent",
          "payload": {
            "target_area": [
              [
                100,
                100
              ],
              [
                300,
                100
              ],
              [
                300,
                200
              ],
              [
                100,
                200
              ]
            ],
            "priority": "high"
          }
        }
      ],
      "obs": [
        {
          "tool": "read_telemetry",
          "result": {
            "pose": {
              "x": 50.0,
              "y": 50.0,
              "z": 20.0
            },
            "battery_pct": 100.0,
            "speed_mps": 18.0
          }
        },
        {
          "task": "request_swarm_coverage",
          "from": "uav_swarm_agent",
          "status": "ok",
          "payload": {
            "assigned_uavs": 3,
            "estimated_completion_time_s": 180
          }
        }
      ],
      "net": {
        "slice": "eMBB",
        "lat_ms": 12,
        "jitter_ms": 2,
        "loss_pct": 0.1,
        "throughput_mbps": 850,
        "edge_load": 0.35
      }
    },
    {
      "turn": 2,
      "speaker": "user",
      "intent": "confirm_mission_and_monitor",
      "actions": [
        {
          "type": "mcp",
          "name": "get_network_status",
          "args": {}
        }
      ],
      "obs": [
        {
          "tool": "get_network_status",
          "result": {
            "current_slice": "eMBB",
            "signal_strength": -78,
            "cell_id": "6G-CELL-221A"
          }
        }
      ],
      "net": {
        "slice": "eMBB",
        "lat_ms": 11,
        "jitter_ms": 1.8,
        "loss_pct": 0.05,
        "throughput_mbps": 920,
        "edge_load": 0.32
      }
    },
    {
      "turn": 3,
      "speaker": "agent",
      "intent": "adjust_flight_path_for_coverage",
      "actions": [
        {
          "type": "mcp",
          "name": "set_waypoint",
          "args": {
            "x": 120.0,
            "y": 110.0,
            "z": 45.0
          }
        }
      ],
      "obs": [
        {
          "tool": "set_waypoint",
          "result": {
            "status": "accepted",
            "eta_s": 22,
            "path_clear": true
          }
        }
      ],
      "net": {
        "slice": "URLLC",
        "lat_ms": 8,
        "jitter_ms": 0.9,
        "loss_pct": 0.02,
        "throughput_mbps": 120,
        "edge_load": 0.41
      }
    },
    {
      "turn": 4,
      "speaker": "user",
      "intent": "request_thermal_sensor_activation",
      "actions": [
        {
          "type": "mcp",
          "name": "activate_sensor",
          "args": {
            "sensor": "thermal"
          }
        }
      ],
      "obs": [
        {
          "tool": "activate_sensor",
          "result": {
            "sensor": "thermal",
            "status": "failed",
            "reason": "hardware_fault_dust_intrusion"
          }
        }
      ],
      "net": {
        "slice": "URLLC",
        "lat_ms": 7,
        "jitter_ms": 0.8,
        "loss_pct": 0.01,
        "throughput_mbps": 110,
        "edge_load": 0.43
      }
    },
    {
      "turn": 5,
      "speaker": "agent",
      "intent": "compensate_sensor_failure",
      "actions": [
        {
          "type": "mcp",
          "name": "activate_sensor",
          "args": {
            "sensor": "lidar"
          }
        },
        {
          "type": "a2a",
          "task": "request_thermal_data",
          "to": "uav_swarm_agent",
          "payload": {
            "area": [
              [
                110,
                105
              ],
              [
                290,
                105
              ],
              [
                290,
                195
              ],
              [
                110,
                195
              ]
            ]
          }
        }
      ],
      "obs": [
        {
          "tool": "activate_sensor",
          "result": {
            "sensor": "lidar",
            "status": "active"
          }
        },
        {
          "task": "request_thermal_data",
          "from": "uav_swarm_agent",
          "status": "pending",
          "payload": {
            "expected_response_time_s": 35
          }
        }
      ],
      "net": {
        "slice": "mMTC",
        "lat_ms": 45,
        "jitter_ms": 12,
        "loss_pct": 0.8,
        "throughput_mbps": 1.2,
        "edge_load": 0.78
      }
    },
    {
      "turn": 6,
      "speaker": "user",
      "intent": "query_swarm_status",
      "actions": [
        {
          "type": "a2a",
          "task": "poll_status",
          "to": "uav_swarm_agent",
          "payload": {}
        }
      ],
      "obs": [
        {
          "task": "poll_status",
          "from": "uav_swarm_agent",
          "status": "ok",
          "payload": {
            "active_uavs": 3,
            "tasks_completed": 2,
            "thermal_data_received": true
          }
        }
      ],
      "net": {
        "slice": "URLLC",
        "lat_ms": 9,
        "jitter_ms": 1.1,
        "loss_pct": 0.03,
        "throughput_mbps": 100,
        "edge_load": 0.52
      }
    },
    {
      "turn": 7,
      "speaker": "agent",
      "intent": "proceed_to_next_waypoint",
      "actions": [
        {
          "type": "mcp",
          "name": "set_waypoint",
          "args": {
            "x": 200.0,
            "y": 150.0,
            "z": 60.0
          }
        },
        {
          "type": "mcp",
          "name": "read_telemetry",
          "args": {}
        }
      ],
      "obs": [
        {
          "tool": "set_waypoint",
          "result": {
            "status": "accepted",
            "eta_s": 28,
            "path_clear": true
          }
        },
        {
          "tool": "read_telemetry",
          "result": {
            "pose": {
              "x": 125.0,
              "y": 112.0,
              "z": 46.0
            },
            "battery_pct": 96.2,
            "speed_mps": 17.5
          }
        }
      ],
      "net": {
        "slice": "eMBB",
        "lat_ms": 14,
        "jitter_ms": 3,
        "loss_pct": 0.2,
        "throughput_mbps": 780,
        "edge_load": 0.61
      }
    },
    {
      "turn": 8,
      "speaker": "user",
      "intent": "report_anomaly",
      "actions": [
        {
          "type": "mcp",
          "name": "capture_image",
          "args": {
            "mode": "rgb",
            "zoom": 2.0
          }
        }
      ],
      "obs": [
        {
          "tool": "capture_image",
          "result": {
            "image_id": "IMG-221A-089",
            "location": {
              "x": 198.3,
              "y": 149.1,
              "z": 59.4
            },
            "status": "success"
          }
        }
      ],
      "net": {
        "slice": "eMBB",
        "lat_ms": 13,
        "jitter_ms": 2.5,
        "loss_pct": 0.15,
        "throughput_mbps": 810,
        "edge_load": 0.58
      }
    },
    {
      "turn": 9,
      "speaker": "agent",
      "intent": "detect_anomaly_with_lidar",
      "actions": [
        {
          "type": "mcp",
          "name": "run_detection",
          "args": {
            "sensor": "lidar",
            "target": "obstacle",
            "range_m": 50
          }
        }
      ],
      "obs": [
        {
          "tool": "run_detection",
          "result": {
            "detection": true,
            "object_type": "vehicle",
            "position": {
              "x": 205.0,
              "y": 152.0,
              "z": 22.0
            },
            "confidence": 0.93
          }
        }
      ],
      "net": {
        "slice": "URLLC",
        "lat_ms": 7,
        "jitter_ms": 0.7,
        "loss_pct": 0.01,
        "throughput_mbps": 130,
        "edge_load": 0.49
      }
    },
    {
      "turn": 10,
      "speaker": "user",
      "intent": "abort_if_unsafe",
      "actions": [
        {
          "type": "mcp",
          "name": "check_separation",
          "args": {
            "object_pos": {
              "x": 205.0,
              "y": 152.0,
              "z": 22.0
            }
          }
        }
      ],
      "obs": [
        {
          "tool": "check_separation",
          "result": {
            "distance_m": 18.7,
            "safe": true,
            "recommended_action": "maintain_course"
          }
        }
      ],
      "net": {
        "slice": "URLLC",
        "lat_ms": 6,
        "jitter_ms": 0.6,
        "loss_pct": 0.0,
        "throughput_mbps": 140,
        "edge_load": 0.44
      }
    },
    {
      "turn": 11,
      "speaker": "agent",
      "intent": "return_to_base",
      "actions": [
        {
          "type": "mcp",
          "name": "set_waypoint",
          "args": {
            "x": 50.0,
            "y": 50.0,
            "z": 20.0
          }
        },
        {
          "type": "a2a",
          "task": "mission_complete",
          "to": "uav_swarm_agent",
          "payload": {
            "final_report_id": "REP-221A-001"
          }
        }
      ],
      "obs": [
        {
          "tool": "set_waypoint",
          "result": {
            "status": "accepted",
            "eta_s": 45,
            "path_clear": true
          }
        },
        {
          "task": "mission_complete",
          "from": "uav_swarm_agent",
          "status": "acknowledged",
          "payload": {
            "summary_received": true
          }
        }
      ],
      "net": {
        "slice": "mMTC",
        "lat_ms": 50,
        "jitter_ms": 15,
        "loss_pct": 1.2,
        "throughput_mbps": 0.8,
        "edge_load": 0.85
      }
    }
  ],
  "final_state": {
    "domain": "uav",
    "time_s": 185.0,
    "env": {
      "weather": "dust",
      "wind_mps": 9.0,
      "wind_dir_deg": 240.0
    },
    "airspace": {
      "alt_bounds": [
        10.0,
        120.0
      ],
      "geofence": [
        {
          "type": "polygon",
          "points": [
            [
              0,
              0
            ],
            [
              400,
              0
            ],
            [
              400,
              300
            ],
            [
              0,
              300
            ]
          ]
        }
      ]
    },
    "uav": {
      "pose": {
        "x": 85.0,
        "y": 82.0,
        "z": 25.0,
        "yaw": 270.0
      },
      "speed_mps": 16.0,
      "energy": {
        "battery_pct": 88.5
      },
      "sensors": {
        "rgb": "ok",
        "thermal": "offline",
        "lidar": "active",
        "radar": "offline",
        "gnss": "ok",
        "imu": "ok",
        "magnetometer": "ok",
        "barometer": "ok"
      },
      "payloads": []
    },
    "policy": {
      "alt_bounds": [
        10.0,
        120.0
      ]
    },
    "safety_flags": {
      "nfz_violation": false,
      "separation_breach": false
    }
  },
  "success": true,
  "_meta": {
    "seed": 42,
    "ts": 1763709530,
    "ts_iso": "2025-11-21T07:18:50Z",
    "gen_time_s": 61.013782024383545,
    "attempts_used": 1,
    "generation_failed": false,
    "usage": {
      "prompt_tokens": 1051,
      "completion_tokens": 3721,
      "total_tokens": 4772,
      "cost": 0.00309362,
      "is_byok": false,
      "prompt_tokens_details": {
        "cached_tokens": 1040,
        "audio_tokens": 0,
        "video_tokens": 0
      },
      "cost_details": {
        "upstream_inference_cost": null,
        "upstream_inference_prompt_cost": 0.00011682,
        "upstream_inference_completions_cost": 0.0029768
      },
      "completion_tokens_details": {
        "reasoning_tokens": 0,
        "image_tokens": 0
      }
    }
  }
}