{
  "episode_id": "6gb_prompt_fd3dda9a4e219667",
  "questions": [
    {
      "task_id": "T1",
      "task_name": "Intent Feasibility Assessment",
      "source_turn": 8,
      "question": "At turn 8 the UAV is en route to capture high resolution imagery while operating in rain with wind at 8.0 mps and flying at 30.0 m altitude within policy bounds of 5.0 to 120.0 m. The network slice is mMTC with latency observed at 160 ms, jitter observed between 25.0 and 28.0 ms across recent turns, loss rising from 5.0 to 6.2 percent, throughput dropping to 0.9 Mbps, and edge load increasing from 0.92 to 0.95. Battery remains at 100.0 percent and speed is 18.0 mps, so flight endurance is not immediately limiting. The user intent requests high resolution imagery now, but the previous turn showed URLLC could recover latency to 10 ms with edge load near 0.51. Assume the next two turns may remain degraded at the worst observed mMTC conditions if no adjustment is made. Assume also that switching slices or caching data consumes one turn and does not change altitude or speed. Under worst case jitter and loss, image delivery over mMTC risks queue growth when edge load is above 0.9. If the UAV instead delays transmission, mission completion may slip by one turn but sensing can still occur. The feasibility decision must minimize maximum regret over the next three turns rather than optimize the current snapshot. Which option should be selected?",
      "options": {
        "A": "Proceed immediately with high resolution capture and transmit over mMTC at 0.9 Mbps despite 160 ms latency and 6.2 percent loss to satisfy the current user request.",
        "B": "Abort imagery and return immediately since edge load at 0.95 and jitter up to 28.0 ms indicate unsafe network conditions even though battery is 100.0 percent.",
        "C": "Switch back to URLLC now and retry high resolution transmission next turn, accepting a one turn delay and operating near observed URLLC latency of 10 ms and edge load around 0.51.",
        "D": "Capture high resolution imagery now but store to edge cache without transmission, then switch slices next turn if conditions improve, tolerating temporary data latency."
      },
      "correct": "D",
      "reason": "Option D minimizes worst case regret by decoupling sensing from transmission when loss and jitter are highest. It avoids the worst case latency and loss observed on mMTC while not assuming immediate URLLC availability. Compared with switching immediately, it preserves data even if degradation persists for another turn. Over three turns it incurs delay but avoids both data loss and unnecessary mission abort.",
      "rationale_tag": "MINIMAX_REGRET_UNDER_UNCERTAINTY",
      "difficulty": "very_hard"
    },
    {
      "task_id": "T4",
      "task_name": "Slice Selection Reasoning",
      "source_turn": 9,
      "question": "At turn 9 the UAV has resumed URLLC with latency 10 ms, jitter 1.5 ms, loss 0.2 percent, throughput 88 Mbps, and edge load 0.51 after experiencing mMTC degradation with latency 160 ms, jitter 28.0 ms, loss 6.2 percent, throughput 0.9 Mbps, and edge load 0.95 at turns 7 and 8. Earlier in the mission eMBB showed latency rising from 12 ms to 25 ms, jitter from 3.0 ms to 8.0 ms, loss from 0.5 percent to 2.1 percent, and edge load up to 0.85 by turn 4. URLLC across turns 1, 3, 5, 6, 9, and 10 shows latency between 6 and 10 ms, jitter between 0.8 and 1.5 ms, loss between 0.05 and 0.2 percent, throughput between 88 and 100 Mbps, and edge load between 0.38 and 0.51. The operator now plans two more turns of coordinated return flight while rain and wind persist and edge load may rise toward previously observed peaks. High resolution imagery is no longer required, but collision avoidance coordination must remain timely. If edge load returns toward 0.85 to 0.95, throughput on non-URLLC slices may again collapse as seen earlier. A hybrid slice would split control traffic to URLLC and bulk telemetry to eMBB under current conditions. Pure URLLC risks capacity pressure if edge load grows, while pure eMBB risks latency and loss spikes under worst case repetition of turn 4 behavior. Considering worst case bounds over the next two turns rather than the current snapshot, which slice option should be selected?",
      "options": {
        "A": "Stay on pure URLLC since latency has remained between remembering 6 and 10 ms and loss under 0.2 percent, even if throughput stays near 90 Mbps with edge load around 0.51.",
        "B": "Switch fully to eMBB because throughput previously reached 180 Mbps and current imagery demand is low, accepting potential latency near 25 ms if edge load climbs back to 0.85.",
        "C": "Adopt a hybrid slice with URLLC for control links and eMBB for noncritical telemetry, accepting moderate throughput while keeping worst case latency near observed URLLC bounds.",
        "D": "Remain on URLLC only until the next turn and then reassess, assuming edge load will stay below 0.65 as it did at turn 2."
      },
      "correct": "C",
      "reason": "The hybrid option limits worst case control latency to the URLLC range seen between 6 and 10 ms while offloading noncritical data before edge load potentially returns toward 0. 85 to 0. 95. Pure URLLC concentrates all traffic and risks regret if edge load grows over the next two turns, while pure eMBB already showed unacceptable latency and loss under similar conditions earlier. The hybrid choice minimizes maximum regret by remaining viable even if the worst case from turns 4 and 8 repeats.",
      "rationale_tag": "MINIMAX_REGRET_UNDER_UNCERTAINTY",
      "difficulty": "very_hard"
    },
    {
      "task_id": "T6",
      "task_name": "Slice Fairness vs Safety",
      "source_turn": 7,
      "question": "At turn 7 the agent detects a nearby UAV and switches to swarm coordination while rain and wind persist. The network slice at that moment is mMTC with latency 150 ms, jitter 25.0 ms, loss 5.0 pct, throughput 1.2 Mbps, and edge load 0.92. At turn 8 the same slice degrades further with latency 160 ms, jitter 28.0 ms, loss 6.2 pct, throughput 0.9 Mbps, and edge load 0.95 while a high resolution image is queued. Earlier URLLC operation showed latency between 6 and 10 ms, jitter between 0.8 and 1.5 ms, loss up to 0.2 pct, throughput near 90 Mbps, and edge load around 0.5. The agent must choose a slice policy that balances fairness to other swarm members against collision avoidance safety. Assume the degradation could persist for the next two turns and that switching slices temporarily increases edge load by the higher of the two observed loads. One option prioritizes immediate fairness, another prioritizes immediate safety, and others attempt mixed strategies. Under worst case loss and edge load conditions over the next two turns, every option causes some regret either by starving peers or risking delayed coordination. The goal is to minimize maximum regret rather than optimize the current turn alone. Which option should be selected?",
      "options": {
        "A": "Remain on mMTC to preserve fairness since latency is already 150 to 160 ms and edge load 0.92 to 0.95 indicates congestion that should not be worsened.",
        "B": "Switch immediately to URLLC despite fairness concerns because latency can return near 10 ms and loss below 0.2 pct even if edge load rises above 0.5.",
        "C": "Alternate between mMTC this turn and URLLC next turn to balance 150 ms coordination now with lower latency later under uncertain recovery.",
        "D": "Stay on mMTC for one more turn while reducing payload since throughput is only 0.9 to 1.2 Mbps and switching could spike edge load above recent levels."
      },
      "correct": "C",
      "reason": "Option C limits worst case regret by avoiding two consecutive turns at 150 to 160 ms latency while not monopolizing URLLC immediately. It uses the fact that URLLC previously sustained latency near 10 ms and low loss even when edge load was around 0. 5. Remaining fully on mMTC risks compounded delay under 6. 2 pct loss if degradation persists.",
      "rationale_tag": "MINIMAX_REGRET",
      "difficulty": "very_hard"
    },
    {
      "task_id": "T12",
      "task_name": "Conservative Continuation Decision",
      "source_turn": 8,
      "question": "At turn 8 the UAV is en route in rain with wind at 8.0 mps, speed 18.0 mps, altitude 30.0 within policy bounds of 5.0 to 120.0, and battery at 100.0. Network conditions have degraded on the mMTC slice with latency observed at 150 and 160 ms, jitter at 25.0 and 28.0 ms, loss at 5.0 and 6.2 pct, throughput at 1.2 and 0.9 mbps, and edge_load at 0.92 and 0.95. Earlier turns on URLLC showed latency between 6 and 10 ms, loss between 0.05 and 0.2 pct, throughput between 88 and 100 mbps, and edge_load between 0.38 and 0.51. The user requests high resolution imagery now, but the agent must decide whether to conservatively continue the mission under uncertainty across the next one to three turns. Assume the high edge_load seen at 0.92 to 0.95 could persist into the next turn and that recovery to URLLC levels is not guaranteed. If continuation fails, the UAV still remains within the geofence from x 100 to 400 and y 100 to 300 and within altitude limits, but data delivery may violate practical control responsiveness. One option prioritizes immediate data capture, one prioritizes immediate safety by aborting, one assumes mean network recovery, and one minimizes worst case regret if degradation persists. All options incur downsides either in data quality, delay, or operational risk over the next turns. Based on worst case quantitative reasoning across turns rather than a single snapshot, which option should be selected?",
      "options": {
        "A": "Continue immediately with high resolution capture on the current mMTC slice because latency of 150 to 160 ms and throughput of 0.9 to 1.2 mbps are acceptable for a single turn.",
        "B": "Abort the mission and return now because loss of 5.0 to 6.2 pct and edge_load of 0.92 to 0.95 indicate unsafe conditions despite altitude 30.0 being within 5.0 to 120.0.",
        "C": "Continue the mission but switch back to URLLC and reduce data rate with edge caching, accepting throughput near 88 to 95 mbps and edge_load near 0.4 to 0.5 if available.",
        "D": "Delay all actions for one turn assuming the network will revert to eMBB conditions with latency near 12 ms and throughput near 180 mbps as seen earlier."
      },
      "correct": "C",
      "reason": "This option remains viable under the worst case where mMTC latency reaches 160 ms and edge load stays at 0. 95 for another turn. Switching to URLLC has previously shown much lower loss and jitter while staying within altitude and geofence limits. It limits future regret by preserving control responsiveness even if recovery does not occur immediately. Other options either fail under persistent degradation or sacrifice the mission entirely despite sufficient platform margins.",
      "rationale_tag": "MINIMAX_REGRET",
      "difficulty": "very_hard"
    },
    {
      "task_id": "T14",
      "task_name": "Scheduler Reconfiguration Adaptation",
      "source_turn": 7,
      "question": "At turn 7 the AI scheduler reconfigured traffic to the mMTC slice during swarm coordination while rain and 8.0 mps wind persist. The mMTC telemetry shows latency 150 ms, jitter 25.0 ms, loss 5.0 percent, throughput 1.2 Mbps, and edge_load 0.92. At turn 8 the same slice degrades further with latency 160 ms, jitter 28.0 ms, loss 6.2 percent, throughput 0.9 Mbps, and edge_load 0.95 while high resolution imagery is requested. Earlier URLLC operation showed latency between 6 and 10 ms, jitter between 0.8 and 1.5 ms, loss between 0.05 and 0.2 percent, throughput between 88 and 100 Mbps, and edge_load between 0.38 and 0.51. The UAV is at altitude 30.0 within the 5.0 to 120.0 policy bounds, flying at 18.0 mps with battery_pct 100.0, and must remain consistent if degradation persists for the next two turns. Assume worst case network conditions equal to the highest observed jitter and loss on a chosen slice and that edge_load above 0.9 risks scheduler thrashing next turn. The operator must adapt the scheduler now to minimize maximum regret over the next one to three turns rather than optimize the current capture. One option keeps mMTC to avoid reconfiguration cost this turn, another switches immediately to URLLC, another switches to eMBB as a compromise, and another delays capture and caches locally. Consider that high resolution imagery requires more than the mMTC throughput shown and that future recovery is uncertain. Which option should be selected?",
      "options": {
        "A": "Keep mMTC at 150 to 160 ms latency with 1.2 to 0.9 Mbps throughput and edge_load rising from 0.92 to 0.95 to avoid immediate scheduler change.",
        "B": "Switch to URLLC with observed 6 to 10 ms latency, 0.8 to 1.5 ms jitter, and edge_load around 0.38 to 0.51 despite lower throughput than eMBB.",
        "C": "Switch to eMBB with latency 12 to 25 ms, jitter up to 8.0 ms, throughput 120 to 180 Mbps, and edge_load up to 0.85 to balance capacity and stability.",
        "D": "Delay capture for one turn and store locally while remaining on mMTC with edge_load near 0.95 to wait for possible recovery."
      },
      "correct": "C",
      "reason": "eMBB provides sufficient throughput while keeping worst case latency and jitter far below mMTC and edge_load below the thrashing risk. Under worst case assumptions mMTC fails capacity and stability over multiple turns even if it seems acceptable for a single turn. URLLC is safe on latency but risks future regret due to lower throughput for high resolution imagery across two turns. The eMBB choice minimizes maximum regret by staying within observed edge_load limits while meeting data needs if degradation persists.",
      "rationale_tag": "MINIMAX_REGRET_ADAPTATION",
      "difficulty": "very_hard"
    },
    {
      "task_id": "T18",
      "task_name": "AI Agent Identity & Onboarding",
      "source_turn": 7,
      "question": "During swarm coordination, the UAV must decide how to authenticate and represent its identity to peers and edge services while network conditions fluctuate. Across recent turns, latency has ranged from 6 ms on URLLC to 160 ms on mMTC, jitter from 0.8 ms to 28.0 ms, loss from 0.05 pct to 6.2 pct, and edge_load from 0.35 to 0.95. The agent can keep its existing identity token bound to URLLC behavior, re-register under a lightweight mMTC profile, or delay onboarding changes until after coordination completes. Battery is still 100 pct and speed is 18.0 mps, so mission urgency is moderate rather than critical. However, the next one to three turns may remain on mMTC if nearby UAV density persists. A persistent identity risks misalignment with throughput dropping to 0.9–1.2 mbps, while re-registration risks handshake delays under high jitter. A hybrid approach could maintain the current identity while adding an ephemeral edge alias cached locally. If the worst case of 160 ms latency and 6.2 pct loss persists for two more turns, future coordination messages may queue or be dropped. Considering regret over the next few turns rather than immediate success, which onboarding option should be selected?",
      "options": {
        "A": "Keep the existing URLLC-bound identity unchanged, since latency can return to 6–10 ms and edge_load has previously fallen back toward 0.42.",
        "B": "Fully re-register the agent under an mMTC-optimized identity now, accepting 150–160 ms latency and 5.0–6.2 pct loss to match the current slice.",
        "C": "Delay any identity change until after swarm coordination, relying on the fact that throughput previously recovered to 88–96 mbps.",
        "D": "Maintain the current identity but add a short-lived edge-cached alias to peers, limiting re-auth traffic while tolerating 0.95 edge_load if it persists."
      },
      "correct": "D",
      "reason": "The hybrid alias minimizes worst-case regret when latency remains near 160 ms and loss exceeds 6 pct for multiple turns. It avoids the full re-registration overhead that is risky under 28. 0 ms jitter while not assuming immediate recovery to 6–10 ms latency. Keeping only the original identity or delaying change both fail if mMTC conditions persist for two turns. The alias approach degrades least across future uncertainty while still allowing coordination to proceed.",
      "rationale_tag": "MINIMAX_REGRET_UNDER_UNCERTAINTY",
      "difficulty": "very_hard"
    },
    {
      "task_id": "T19",
      "task_name": "AI Agent Interoperability & Federation",
      "source_turn": 7,
      "question": "At turn 7 the primary UAV detects a nearby UAV and initiates coordination with a swarm agent over an mMTC slice. The observed network metrics at that turn are latency 150 ms, jitter 25.0 ms, loss 5.0 pct, throughput 1.2 Mbps, and edge_load 0.92. In the following turn the same slice degrades further with latency 160 ms, jitter 28.0 ms, loss 6.2 pct, throughput 0.9 Mbps, and edge_load 0.95 while high resolution imagery is requested. Earlier URLLC coordination showed latency between 6 and 10 ms, jitter between 0.8 and 1.5 ms, loss between 0.05 and 0.2 pct, throughput between 88 and 100 Mbps, and edge_load between 0.38 and 0.51. The battery is still at 100 pct, so energy is not the immediate constraint. Interoperability requires exchanging collision states and intent vectors with the swarm agent for at least the next two turns. One option is to keep all swarm messages on mMTC to avoid disrupting other slices. Another option is to federate by migrating only safety critical swarm messages to URLLC while leaving bulk imagery on mMTC. A third option is to switch all inter agent data including imagery to URLLC to maximize reliability. A fourth option is to pause federation for one turn and rely on local avoidance while waiting for recovery. Considering worst case continuation of the mMTC degradation for the next two turns and the regret of reconfiguration overhead, which option should be selected?",
      "options": {
        "A": "Keep all swarm coordination on mMTC with latency 150 to 160 ms and loss 5.0 to 6.2 pct to avoid any slice switching overhead.",
        "B": "Federate by moving only safety critical swarm messages to URLLC with latency 6 to 10 ms while keeping imagery on mMTC with throughput 0.9 to 1.2 Mbps.",
        "C": "Switch all swarm data including high resolution imagery to URLLC where throughput is 88 to 100 Mbps but edge_load is already 0.51.",
        "D": "Pause federation for one turn and rely on local avoidance while mMTC jitter of 25.0 to 28.0 ms persists."
      },
      "correct": "B",
      "reason": "Option B minimizes maximum regret because safety critical coordination benefits from the much lower worst case latency and loss seen on URLLC while avoiding saturating that slice with bulk data. Under the worst case mMTC loss of 6. 2 pct, keeping safety messages there risks collision coordination failure over multiple turns. Switching all data to URLLC increases future risk because edge load has already reached 0. 51 and may grow over the next turns.",
      "rationale_tag": "MINIMAX_REGRET_FEDERATION",
      "difficulty": "very_hard"
    }
  ]
}