{
  "initial_state": {
    "domain": "uav",
    "time_s": 0.0,
    "env": {
      "weather": "temperature_extremes_hot",
      "wind_mps": 8.0,
      "wind_dir_deg": 270.0
    },
    "airspace": {
      "alt_bounds": [
        50.0,
        300.0
      ],
      "geofence": [
        {
          "type": "polygon",
          "points": [
            [
              0.0,
              0.0
            ],
            [
              200.0,
              0.0
            ],
            [
              200.0,
              150.0
            ],
            [
              0.0,
              150.0
            ]
          ]
        }
      ]
    },
    "uav": {
      "pose": {
        "x": 10.0,
        "y": 75.0,
        "z": 100.0,
        "yaw": 90.0
      },
      "speed_mps": 35.0,
      "energy": {
        "battery_pct": 100.0
      },
      "sensors": {
        "rgb": "ok",
        "thermal": "ok",
        "lidar": "ok",
        "radar": "offline",
        "gnss": "ok",
        "imu": "ok",
        "magnetometer": "ok",
        "barometer": "ok"
      },
      "payloads": []
    },
    "policy": {
      "alt_bounds": [
        50.0,
        300.0
      ]
    },
    "safety_flags": {
      "nfz_violation": false,
      "separation_breach": false
    }
  },
  "dialogue": [
    {
      "turn": 1,
      "speaker": "agent",
      "intent": "initiate inspection mission",
      "actions": [
        {
          "type": "mcp",
          "name": "read_telemetry",
          "args": {}
        },
        {
          "type": "a2a",
          "task": "handshake",
          "to": "uav_swarm_agent",
          "payload": {
            "uav_id": "uav-01",
            "status": "active"
          }
        }
      ],
      "obs": [
        {
          "tool": "read_telemetry",
          "result": {
            "pose": {
              "x": 10.0,
              "y": 75.0,
              "z": 100.0,
              "yaw": 90.0
            },
            "speed_mps": 35.0,
            "battery_pct": 100.0
          }
        },
        {
          "task": "handshake",
          "from": "uav_swarm_agent",
          "status": "ok",
          "payload": {
            "ack": true
          }
        }
      ],
      "net": {
        "slice": "eMBB",
        "lat_ms": 12,
        "jitter_ms": 2,
        "loss_pct": 0.1,
        "throughput_mbps": 850,
        "edge_load": 0.35
      }
    },
    {
      "turn": 2,
      "speaker": "user",
      "intent": "confirm mission start and check sensor status",
      "actions": [
        {
          "type": "mcp",
          "name": "check_sensors",
          "args": {}
        }
      ],
      "obs": [
        {
          "tool": "check_sensors",
          "result": {
            "status": "partial",
            "issues": [
              "radar: offline"
            ]
          }
        }
      ],
      "net": {
        "slice": "eMBB",
        "lat_ms": 11,
        "jitter_ms": 1.8,
        "loss_pct": 0.05,
        "throughput_mbps": 870,
        "edge_load": 0.38
      }
    },
    {
      "turn": 3,
      "speaker": "agent",
      "intent": "adjust plan for radar failure",
      "actions": [
        {
          "type": "mcp",
          "name": "activate_sensor_fusion",
          "args": {
            "fallback": "lidar+imu"
          }
        }
      ],
      "obs": [
        {
          "tool": "activate_sensor_fusion",
          "result": {
            "status": "enabled",
            "method": "lidar+imu"
          }
        }
      ],
      "net": {
        "slice": "URLLC",
        "lat_ms": 8,
        "jitter_ms": 0.9,
        "loss_pct": 0.02,
        "throughput_mbps": 120,
        "edge_load": 0.4
      }
    },
    {
      "turn": 4,
      "speaker": "user",
      "intent": "authorize route adjustment",
      "actions": [
        {
          "type": "mcp",
          "name": "plan_route",
          "args": {
            "waypoints": [
              {
                "x": 50.0,
                "y": 75.0,
                "z": 120.0
              },
              {
                "x": 100.0,
                "y": 75.0,
                "z": 140.0
              }
            ],
            "speed": 30.0
          }
        }
      ],
      "obs": [
        {
          "tool": "plan_route",
          "result": {
            "route_valid": true,
            "estimated_duration_s": 120,
            "battery_impact_pct": 12
          }
        }
      ],
      "net": {
        "slice": "eMBB",
        "lat_ms": 14,
        "jitter_ms": 2.1,
        "loss_pct": 0.2,
        "throughput_mbps": 820,
        "edge_load": 0.42
      }
    },
    {
      "turn": 5,
      "speaker": "agent",
      "intent": "execute route with monitoring",
      "actions": [
        {
          "type": "mcp",
          "name": "execute_maneuver",
          "args": {
            "maneuver": "waypoint_fly",
            "params": {
              "target": {
                "x": 50.0,
                "y": 75.0,
                "z": 120.0
              },
              "speed": 30.0
            }
          }
        }
      ],
      "obs": [
        {
          "tool": "execute_maneuver",
          "result": {
            "status": "in_progress",
            "current_pose": {
              "x": 30.0,
              "y": 75.0,
              "z": 115.0,
              "yaw": 90.0
            }
          }
        }
      ],
      "net": {
        "slice": "URLLC",
        "lat_ms": 9,
        "jitter_ms": 1.0,
        "loss_pct": 0.03,
        "throughput_mbps": 110,
        "edge_load": 0.45
      }
    },
    {
      "turn": 6,
      "speaker": "user",
      "intent": "request live thermal feed",
      "actions": [
        {
          "type": "mcp",
          "name": "stream_sensor_data",
          "args": {
            "sensor": "thermal",
            "duration_s": 30
          }
        }
      ],
      "obs": [
        {
          "tool": "stream_sensor_data",
          "result": {
            "status": "started",
            "bitrate_kbps": 512,
            "estimated_battery_drain": 3.2
          }
        }
      ],
      "net": {
        "slice": "eMBB",
        "lat_ms": 16,
        "jitter_ms": 3.5,
        "loss_pct": 0.5,
        "throughput_mbps": 780,
        "edge_load": 0.55
      }
    },
    {
      "turn": 7,
      "speaker": "agent",
      "intent": "detect network degradation and adapt",
      "actions": [
        {
          "type": "mcp",
          "name": "monitor_network",
          "args": {}
        }
      ],
      "obs": [
        {
          "tool": "monitor_network",
          "result": {
            "slice": "eMBB",
            "lat_ms": 210,
            "jitter_ms": 25,
            "loss_pct": 8.0,
            "throughput_mbps": 15,
            "recommendation": "switch to URLLC for control"
          }
        }
      ],
      "net": {
        "slice": "eMBB",
        "lat_ms": 210,
        "jitter_ms": 25,
        "loss_pct": 8.0,
        "throughput_mbps": 15,
        "edge_load": 0.88
      }
    },
    {
      "turn": 8,
      "speaker": "user",
      "intent": "pause stream and prioritize control",
      "actions": [
        {
          "type": "mcp",
          "name": "terminate_stream",
          "args": {
            "stream_id": "thermal_01"
          }
        },
        {
          "type": "a2a",
          "task": "request_relay",
          "to": "uav_swarm_agent",
          "payload": {
            "uav_id": "uav-01",
            "need_relay": true
          }
        }
      ],
      "obs": [
        {
          "tool": "terminate_stream",
          "result": {
            "status": "terminated",
            "stream_id": "thermal_01"
          }
        },
        {
          "task": "request_relay",
          "from": "uav_swarm_agent",
          "status": "acknowledged",
          "payload": {
            "relay_uav": "uav-03",
            "link_established": true
          }
        }
      ],
      "net": {
        "slice": "URLLC",
        "lat_ms": 10,
        "jitter_ms": 1.2,
        "loss_pct": 0.04,
        "throughput_mbps": 100,
        "edge_load": 0.5
      }
    },
    {
      "turn": 9,
      "speaker": "agent",
      "intent": "resume maneuver with relay",
      "actions": [
        {
          "type": "mcp",
          "name": "execute_maneuver",
          "args": {
            "maneuver": "waypoint_fly",
            "params": {
              "target": {
                "x": 100.0,
                "y": 75.0,
                "z": 140.0
              },
              "speed": 25.0
            }
          }
        }
      ],
      "obs": [
        {
          "tool": "execute_maneuver",
          "result": {
            "status": "completed",
            "final_pose": {
              "x": 100.0,
              "y": 75.0,
              "z": 140.0,
              "yaw": 90.0
            },
            "battery_pct": 84.8
          }
        }
      ],
      "net": {
        "slice": "URLLC",
        "lat_ms": 9,
        "jitter_ms": 0.8,
        "loss_pct": 0.01,
        "throughput_mbps": 115,
        "edge_load": 0.48
      }
    },
    {
      "turn": 10,
      "speaker": "user",
      "intent": "initiate return and report",
      "actions": [
        {
          "type": "mcp",
          "name": "plan_route",
          "args": {
            "waypoints": [
              {
                "x": 10.0,
                "y": 75.0,
                "z": 100.0
              }
            ],
            "speed": 20.0
          }
        }
      ],
      "obs": [
        {
          "tool": "plan_route",
          "result": {
            "route_valid": true,
            "estimated_duration_s": 180,
            "battery_impact_pct": 10
          }
        }
      ],
      "net": {
        "slice": "mMTC",
        "lat_ms": 50,
        "jitter_ms": 5,
        "loss_pct": 0.3,
        "throughput_mbps": 1.2,
        "edge_load": 0.3
      }
    },
    {
      "turn": 11,
      "speaker": "agent",
      "intent": "execute return and confirm safety",
      "actions": [
        {
          "type": "mcp",
          "name": "execute_maneuver",
          "args": {
            "maneuver": "waypoint_fly",
            "params": {
              "target": {
                "x": 10.0,
                "y": 75.0,
                "z": 100.0
              },
              "speed": 20.0
            }
          }
        },
        {
          "type": "mcp",
          "name": "check_safety_bounds",
          "args": {}
        }
      ],
      "obs": [
        {
          "tool": "execute_maneuver",
          "result": {
            "status": "completed",
            "final_pose": {
              "x": 10.0,
              "y": 75.0,
              "z": 100.0,
              "yaw": 90.0
            }
          }
        },
        {
          "tool": "check_safety_bounds",
          "result": {
            "within_alt_bounds": true,
            "within_geofence": true,
            "separation_ok": true
          }
        }
      ],
      "net": {
        "slice": "URLLC",
        "lat_ms": 8,
        "jitter_ms": 0.7,
        "loss_pct": 0.0,
        "throughput_mbps": 125,
        "edge_load": 0.35
      }
    }
  ],
  "final_state": {
    "domain": "uav",
    "time_s": 310.0,
    "env": {
      "weather": "temperature_extremes_hot",
      "wind_mps": 8.0,
      "wind_dir_deg": 270.0
    },
    "airspace": {
      "alt_bounds": [
        50.0,
        300.0
      ],
      "geofence": [
        {
          "type": "polygon",
          "points": [
            [
              0.0,
              0.0
            ],
            [
              200.0,
              0.0
            ],
            [
              200.0,
              150.0
            ],
            [
              0.0,
              150.0
            ]
          ]
        }
      ]
    },
    "uav": {
      "pose": {
        "x": 10.0,
        "y": 75.0,
        "z": 100.0,
        "yaw": 90.0
      },
      "speed_mps": 0.0,
      "energy": {
        "battery_pct": 74.8
      },
      "sensors": {
        "rgb": "ok",
        "thermal": "ok",
        "lidar": "ok",
        "radar": "offline",
        "gnss": "ok",
        "imu": "ok",
        "magnetometer": "ok",
        "barometer": "ok"
      },
      "payloads": []
    },
    "policy": {
      "alt_bounds": [
        50.0,
        300.0
      ]
    },
    "safety_flags": {
      "nfz_violation": false,
      "separation_breach": false
    }
  },
  "success": true,
  "_meta": {
    "seed": 42,
    "ts": 1763735186,
    "ts_iso": "2025-11-21T14:26:26Z",
    "gen_time_s": 59.89430022239685,
    "attempts_used": 1,
    "generation_failed": false,
    "usage": {
      "prompt_tokens": 1061,
      "completion_tokens": 3814,
      "total_tokens": 4875,
      "cost": 0.00328462,
      "is_byok": false,
      "prompt_tokens_details": {
        "cached_tokens": 0,
        "audio_tokens": 0,
        "video_tokens": 0
      },
      "cost_details": {
        "upstream_inference_cost": null,
        "upstream_inference_prompt_cost": 0.00023342,
        "upstream_inference_completions_cost": 0.0030512
      },
      "completion_tokens_details": {
        "reasoning_tokens": 0,
        "image_tokens": 0
      }
    }
  }
}