{
  "initial_state": {
    "domain": "uav",
    "time_s": 0.0,
    "env": {
      "weather": "fog",
      "wind_mps": 6.0,
      "wind_dir_deg": 240.0
    },
    "airspace": {
      "alt_bounds": [
        10.0,
        100.0
      ],
      "geofence": [
        {
          "type": "polygon",
          "points": [
            [
              0.0,
              0.0
            ],
            [
              300.0,
              0.0
            ],
            [
              300.0,
              200.0
            ],
            [
              0.0,
              200.0
            ]
          ]
        }
      ]
    },
    "uav": {
      "pose": {
        "x": 50.0,
        "y": 100.0,
        "z": 25.0,
        "yaw": 90.0
      },
      "speed_mps": 18.0,
      "energy": {
        "battery_pct": 100.0
      },
      "sensors": {
        "rgb": "ok",
        "thermal": "ok",
        "lidar": "ok",
        "radar": "offline",
        "gnss": "ok",
        "imu": "ok",
        "magnetometer": "ok",
        "barometer": "ok"
      },
      "payloads": []
    },
    "policy": {
      "alt_bounds": [
        10.0,
        100.0
      ]
    },
    "safety_flags": {
      "nfz_violation": false,
      "separation_breach": false
    }
  },
  "dialogue": [
    {
      "turn": 1,
      "speaker": "agent",
      "intent": "initiate_inspection_mission",
      "actions": [
        {
          "type": "mcp",
          "name": "read_telemetry",
          "args": {}
        },
        {
          "type": "a2a",
          "task": "request_weather_update",
          "to": "weather_service_agent",
          "payload": {
            "location": {
              "x": 50.0,
              "y": 100.0
            }
          }
        }
      ],
      "obs": [
        {
          "tool": "read_telemetry",
          "result": {
            "pose": {
              "x": 50.0,
              "y": 100.0,
              "z": 25.0
            },
            "battery_pct": 100.0,
            "speed_mps": 18.0
          }
        },
        {
          "task": "request_weather_update",
          "from": "weather_service_agent",
          "status": "ok",
          "payload": {
            "weather": "fog",
            "visibility_m": 80
          }
        }
      ],
      "net": {
        "slice": "eMBB",
        "lat_ms": 12,
        "jitter_ms": 2,
        "loss_pct": 0.1,
        "throughput_mbps": 850,
        "edge_load": 0.45
      }
    },
    {
      "turn": 2,
      "speaker": "user",
      "intent": "approve_inspection",
      "actions": [
        {
          "type": "mcp",
          "name": "set_inspection_route",
          "args": {
            "waypoints": [
              {
                "x": 100.0,
                "y": 120.0,
                "z": 30.0
              },
              {
                "x": 200.0,
                "y": 150.0,
                "z": 40.0
              }
            ]
          }
        }
      ],
      "obs": [
        {
          "tool": "set_inspection_route",
          "result": {
            "status": "success",
            "route_id": "route_001"
          }
        }
      ],
      "net": {
        "slice": "eMBB",
        "lat_ms": 10,
        "jitter_ms": 1.5,
        "loss_pct": 0.05,
        "throughput_mbps": 900,
        "edge_load": 0.5
      }
    },
    {
      "turn": 3,
      "speaker": "agent",
      "intent": "ascend_to_inspection_altitude",
      "actions": [
        {
          "type": "mcp",
          "name": "adjust_altitude",
          "args": {
            "target_z": 40.0
          }
        }
      ],
      "obs": [
        {
          "tool": "adjust_altitude",
          "result": {
            "status": "executing",
            "target_z": 40.0,
            "current_z": 32.5
          }
        }
      ],
      "net": {
        "slice": "URLLC",
        "lat_ms": 8,
        "jitter_ms": 0.8,
        "loss_pct": 0.02,
        "throughput_mbps": 100,
        "edge_load": 0.3
      }
    },
    {
      "turn": 4,
      "speaker": "user",
      "intent": "monitor_progress",
      "actions": [
        {
          "type": "mcp",
          "name": "read_telemetry",
          "args": {}
        }
      ],
      "obs": [
        {
          "tool": "read_telemetry",
          "result": {
            "pose": {
              "x": 55.0,
              "y": 102.0,
              "z": 38.0
            },
            "battery_pct": 98.5,
            "speed_mps": 16.0
          }
        }
      ],
      "net": {
        "slice": "URLLC",
        "lat_ms": 7,
        "jitter_ms": 0.5,
        "loss_pct": 0.01,
        "throughput_mbps": 110,
        "edge_load": 0.32
      }
    },
    {
      "turn": 5,
      "speaker": "agent",
      "intent": "detect_network_degradation",
      "actions": [
        {
          "type": "mcp",
          "name": "activate_thermal_camera",
          "args": {}
        },
        {
          "type": "a2a",
          "task": "request_radar_support",
          "to": "uav_swarm_agent",
          "payload": {
            "requester": "uav_main",
            "task": "radar_scan",
            "area": "sector_4"
          }
        }
      ],
      "obs": [
        {
          "tool": "activate_thermal_camera",
          "result": {
            "status": "active",
            "mode": "high_gain"
          }
        },
        {
          "task": "request_radar_support",
          "from": "uav_swarm_agent",
          "status": "acknowledged",
          "payload": {
            "estimated_completion": "5s"
          }
        }
      ],
      "net": {
        "slice": "mMTC",
        "lat_ms": 50,
        "jitter_ms": 15,
        "loss_pct": 2.5,
        "throughput_mbps": 1.2,
        "edge_load": 0.85
      }
    },
    {
      "turn": 6,
      "speaker": "user",
      "intent": "request_status_update",
      "actions": [
        {
          "type": "mcp",
          "name": "read_telemetry",
          "args": {}
        }
      ],
      "obs": [
        {
          "tool": "read_telemetry",
          "result": {
            "pose": {
              "x": 75.0,
              "y": 110.0,
              "z": 40.0
            },
            "battery_pct": 97.0,
            "speed_mps": 15.0
          }
        }
      ],
      "net": {
        "slice": "mMTC",
        "lat_ms": 55,
        "jitter_ms": 18,
        "loss_pct": 3.0,
        "throughput_mbps": 1.0,
        "edge_load": 0.88
      }
    },
    {
      "turn": 7,
      "speaker": "agent",
      "intent": "compensate_for_network_loss",
      "actions": [
        {
          "type": "mcp",
          "name": "capture_thermal_image",
          "args": {
            "target": "powerline_junction_7"
          }
        }
      ],
      "obs": [
        {
          "tool": "capture_thermal_image",
          "result": {
            "status": "success",
            "image_id": "therm_7721",
            "anomaly_detected": true,
            "temperature_c": 142.3
          }
        }
      ],
      "net": {
        "slice": "URLLC",
        "lat_ms": 9,
        "jitter_ms": 1.0,
        "loss_pct": 0.03,
        "throughput_mbps": 95,
        "edge_load": 0.4
      }
    },
    {
      "turn": 8,
      "speaker": "user",
      "intent": "confirm_anomaly",
      "actions": [
        {
          "type": "mcp",
          "name": "download_image",
          "args": {
            "image_id": "therm_7721"
          }
        }
      ],
      "obs": [
        {
          "tool": "download_image",
          "result": {
            "status": "complete",
            "size_kb": 1024,
            "local_path": "/data/images/therm_7721.jpg"
          }
        }
      ],
      "net": {
        "slice": "eMBB",
        "lat_ms": 14,
        "jitter_ms": 3,
        "loss_pct": 0.2,
        "throughput_mbps": 800,
        "edge_load": 0.6
      }
    },
    {
      "turn": 9,
      "speaker": "agent",
      "intent": "report_inspection_findings",
      "actions": [
        {
          "type": "a2a",
          "task": "submit_inspection_report",
          "to": "central_command_agent",
          "payload": {
            "anomaly": "overheating_junction",
            "location": {
              "x": 78.0,
              "y": 112.0,
              "z": 40.0
            },
            "confidence": 0.96
          }
        }
      ],
      "obs": [
        {
          "task": "submit_inspection_report",
          "from": "central_command_agent",
          "status": "received",
          "payload": {
            "report_id": "rep_8892",
            "ack_time": 9.8
          }
        }
      ],
      "net": {
        "slice": "URLLC",
        "lat_ms": 7,
        "jitter_ms": 0.6,
        "loss_pct": 0.01,
        "throughput_mbps": 105,
        "edge_load": 0.35
      }
    },
    {
      "turn": 10,
      "speaker": "user",
      "intent": "order_return_to_base",
      "actions": [
        {
          "type": "mcp",
          "name": "set_return_route",
          "args": {
            "waypoints": [
              {
                "x": 25.0,
                "y": 100.0,
                "z": 30.0
              },
              {
                "x": 5.0,
                "y": 5.0,
                "z": 15.0
              }
            ]
          }
        }
      ],
      "obs": [
        {
          "tool": "set_return_route",
          "result": {
            "status": "success",
            "route_id": "return_001"
          }
        }
      ],
      "net": {
        "slice": "URLLC",
        "lat_ms": 6,
        "jitter_ms": 0.5,
        "loss_pct": 0.0,
        "throughput_mbps": 110,
        "edge_load": 0.25
      }
    },
    {
      "turn": 11,
      "speaker": "agent",
      "intent": "execute_return_and_land",
      "actions": [
        {
          "type": "mcp",
          "name": "navigate_to_waypoints",
          "args": {
            "route_id": "return_001"
          }
        },
        {
          "type": "mcp",
          "name": "land",
          "args": {}
        }
      ],
      "obs": [
        {
          "tool": "navigate_to_waypoints",
          "result": {
            "status": "completed",
            "final_pose": {
              "x": 5.0,
              "y": 5.0,
              "z": 15.0
            }
          }
        },
        {
          "tool": "land",
          "result": {
            "status": "success",
            "final_z": 0.0
          }
        }
      ],
      "net": {
        "slice": "URLLC",
        "lat_ms": 5,
        "jitter_ms": 0.4,
        "loss_pct": 0.0,
        "throughput_mbps": 120,
        "edge_load": 0.2
      }
    }
  ],
  "final_state": {
    "domain": "uav",
    "time_s": 120.0,
    "env": {
      "weather": "fog",
      "wind_mps": 6.0,
      "wind_dir_deg": 240.0
    },
    "airspace": {
      "alt_bounds": [
        10.0,
        100.0
      ],
      "geofence": [
        {
          "type": "polygon",
          "points": [
            [
              0.0,
              0.0
            ],
            [
              300.0,
              0.0
            ],
            [
              300.0,
              200.0
            ],
            [
              0.0,
              200.0
            ]
          ]
        }
      ]
    },
    "uav": {
      "pose": {
        "x": 5.0,
        "y": 5.0,
        "z": 0.0,
        "yaw": 90.0
      },
      "speed_mps": 0.0,
      "energy": {
        "battery_pct": 88.0
      },
      "sensors": {
        "rgb": "ok",
        "thermal": "standby",
        "lidar": "ok",
        "radar": "offline",
        "gnss": "ok",
        "imu": "ok",
        "magnetometer": "ok",
        "barometer": "ok"
      },
      "payloads": []
    },
    "policy": {
      "alt_bounds": [
        10.0,
        100.0
      ]
    },
    "safety_flags": {
      "nfz_violation": false,
      "separation_breach": false
    }
  },
  "success": true,
  "_meta": {
    "seed": 42,
    "ts": 1763919260,
    "ts_iso": "2025-11-23T17:34:20Z",
    "gen_time_s": 52.68793869018555,
    "attempts_used": 1,
    "generation_failed": false,
    "usage": {
      "prompt_tokens": 1058,
      "completion_tokens": 3654,
      "total_tokens": 4712,
      "cost": 0.0030398,
      "is_byok": false,
      "prompt_tokens_details": {
        "cached_tokens": 1056,
        "audio_tokens": 0,
        "video_tokens": 0
      },
      "cost_details": {
        "upstream_inference_cost": null,
        "upstream_inference_prompt_cost": 0.0001166,
        "upstream_inference_completions_cost": 0.0029232
      },
      "completion_tokens_details": {
        "reasoning_tokens": 0,
        "image_tokens": 0
      }
    }
  }
}