{
  "initial_state": {
    "domain": "uav",
    "time_s": 0.0,
    "env": {
      "weather": "icing",
      "wind_mps": 8.0,
      "wind_dir_deg": 210.0
    },
    "airspace": {
      "alt_bounds": [
        10.0,
        120.0
      ],
      "geofence": [
        {
          "type": "polygon",
          "points": [
            [
              0.0,
              0.0
            ],
            [
              200.0,
              0.0
            ],
            [
              200.0,
              150.0
            ],
            [
              0.0,
              150.0
            ]
          ]
        }
      ]
    },
    "uav": {
      "pose": {
        "x": 20.0,
        "y": 20.0,
        "z": 15.0,
        "yaw": 90.0
      },
      "speed_mps": 35.0,
      "energy": {
        "battery_pct": 100.0
      },
      "sensors": {
        "rgb": "ok",
        "thermal": "ok",
        "lidar": "ok",
        "radar": "offline",
        "gnss": "ok",
        "imu": "ok",
        "magnetometer": "ok",
        "barometer": "ok"
      },
      "payloads": []
    },
    "policy": {
      "alt_bounds": [
        10.0,
        120.0
      ]
    },
    "safety_flags": {
      "nfz_violation": false,
      "separation_breach": false
    }
  },
  "dialogue": [
    {
      "turn": 1,
      "speaker": "agent",
      "intent": "initiate_search_mission",
      "actions": [
        {
          "type": "mcp",
          "name": "read_telemetry",
          "args": {}
        },
        {
          "type": "a2a",
          "task": "request_swarm_coverage",
          "to": "uav_swarm_agent",
          "payload": {
            "area": "jungle_north",
            "priority": "high"
          }
        }
      ],
      "obs": [
        {
          "tool": "read_telemetry",
          "result": {
            "pose": {
              "x": 20.0,
              "y": 20.0,
              "z": 15.0
            },
            "battery_pct": 100.0,
            "speed_mps": 35.0
          }
        },
        {
          "task": "request_swarm_coverage",
          "from": "uav_swarm_agent",
          "status": "ok",
          "payload": {
            "assigned_area": "jungle_north",
            "coverage_plan": "grid_scan_5m"
          }
        }
      ],
      "net": {
        "slice": "eMBB",
        "lat_ms": 12,
        "jitter_ms": 2,
        "loss_pct": 0.1,
        "throughput_mbps": 850,
        "edge_load": 0.4
      }
    },
    {
      "turn": 2,
      "speaker": "user",
      "intent": "confirm_mission_start",
      "actions": [],
      "obs": [],
      "net": {
        "slice": "eMBB",
        "lat_ms": 11,
        "jitter_ms": 1.8,
        "loss_pct": 0.05,
        "throughput_mbps": 870,
        "edge_load": 0.42
      }
    },
    {
      "turn": 3,
      "speaker": "agent",
      "intent": "adjust_flight_path_for_icing",
      "actions": [
        {
          "type": "mcp",
          "name": "set_altitude",
          "args": {
            "target_z": 25.0
          }
        },
        {
          "type": "mcp",
          "name": "activate_heating_system",
          "args": {}
        }
      ],
      "obs": [
        {
          "tool": "set_altitude",
          "result": {
            "status": "success",
            "current_z": 25.0
          }
        },
        {
          "tool": "activate_heating_system",
          "result": {
            "status": "on",
            "power_draw_pct": 3.0
          }
        }
      ],
      "net": {
        "slice": "URLLC",
        "lat_ms": 8,
        "jitter_ms": 0.9,
        "loss_pct": 0.02,
        "throughput_mbps": 50,
        "edge_load": 0.3
      }
    },
    {
      "turn": 4,
      "speaker": "user",
      "intent": "request_thermal_image",
      "actions": [
        {
          "type": "mcp",
          "name": "capture_thermal",
          "args": {
            "resolution": "high"
          }
        }
      ],
      "obs": [
        {
          "tool": "capture_thermal",
          "result": {
            "status": "success",
            "target_detected": false,
            "image_id": "thm_001"
          }
        }
      ],
      "net": {
        "slice": "eMBB",
        "lat_ms": 15,
        "jitter_ms": 3,
        "loss_pct": 0.2,
        "throughput_mbps": 800,
        "edge_load": 0.5
      }
    },
    {
      "turn": 5,
      "speaker": "agent",
      "intent": "detect_network_degradation",
      "actions": [
        {
          "type": "mcp",
          "name": "read_network_status",
          "args": {}
        }
      ],
      "obs": [
        {
          "tool": "read_network_status",
          "result": {
            "current_slice": "mMTC",
            "lat_ms": 65,
            "loss_pct": 2.1,
            "edge_load": 0.85
          }
        }
      ],
      "net": {
        "slice": "mMTC",
        "lat_ms": 65,
        "jitter_ms": 12,
        "loss_pct": 2.1,
        "throughput_mbps": 1.2,
        "edge_load": 0.85
      }
    },
    {
      "turn": 6,
      "speaker": "user",
      "intent": "abort_high_bandwidth_tasks",
      "actions": [
        {
          "type": "mcp",
          "name": "disable_rgb_streaming",
          "args": {}
        }
      ],
      "obs": [
        {
          "tool": "disable_rgb_streaming",
          "result": {
            "status": "disabled",
            "bandwidth_saved_mbps": 120
          }
        }
      ],
      "net": {
        "slice": "mMTC",
        "lat_ms": 68,
        "jitter_ms": 14,
        "loss_pct": 2.3,
        "throughput_mbps": 0.9,
        "edge_load": 0.88
      }
    },
    {
      "turn": 7,
      "speaker": "agent",
      "intent": "resume_navigation_with_low_bandwidth",
      "actions": [
        {
          "type": "mcp",
          "name": "resume_waypoint_navigation",
          "args": {
            "waypoints": [
              {
                "x": 100.0,
                "y": 80.0,
                "z": 30.0
              }
            ]
          }
        },
        {
          "type": "a2a",
          "task": "report_position",
          "to": "uav_swarm_agent",
          "payload": {
            "x": 20.0,
            "y": 20.0,
            "z": 25.0
          }
        }
      ],
      "obs": [
        {
          "tool": "resume_waypoint_navigation",
          "result": {
            "status": "in_progress",
            "next_waypoint": {
              "x": 100.0,
              "y": 80.0,
              "z": 30.0
            }
          }
        },
        {
          "task": "report_position",
          "from": "uav_swarm_agent",
          "status": "ack",
          "payload": {
            "next_checkin_ms": 5000
          }
        }
      ],
      "net": {
        "slice": "URLLC",
        "lat_ms": 10,
        "jitter_ms": 1.5,
        "loss_pct": 0.08,
        "throughput_mbps": 60,
        "edge_load": 0.45
      }
    },
    {
      "turn": 8,
      "speaker": "user",
      "intent": "request_emergency_return",
      "actions": [
        {
          "type": "mcp",
          "name": "set_return_to_home",
          "args": {
            "speed": 20.0
          }
        }
      ],
      "obs": [
        {
          "tool": "set_return_to_home",
          "result": {
            "status": "initiated",
            "home_pose": {
              "x": 0.0,
              "y": 0.0,
              "z": 15.0
            }
          }
        }
      ],
      "net": {
        "slice": "URLLC",
        "lat_ms": 9,
        "jitter_ms": 1.2,
        "loss_pct": 0.05,
        "throughput_mbps": 70,
        "edge_load": 0.4
      }
    },
    {
      "turn": 9,
      "speaker": "agent",
      "intent": "monitor_return_and_conserve_power",
      "actions": [
        {
          "type": "mcp",
          "name": "reduce_sensor_power",
          "args": {
            "sensors": [
              "lidar",
              "thermal"
            ],
            "mode": "low_power"
          }
        }
      ],
      "obs": [
        {
          "tool": "reduce_sensor_power",
          "result": {
            "status": "applied",
            "power_saving_pct": 5.0
          }
        }
      ],
      "net": {
        "slice": "URLLC",
        "lat_ms": 8,
        "jitter_ms": 1.0,
        "loss_pct": 0.03,
        "throughput_mbps": 75,
        "edge_load": 0.38
      }
    },
    {
      "turn": 10,
      "speaker": "user",
      "intent": "confirm_safe_landing",
      "actions": [
        {
          "type": "mcp",
          "name": "read_telemetry",
          "args": {}
        }
      ],
      "obs": [
        {
          "tool": "read_telemetry",
          "result": {
            "pose": {
              "x": 5.0,
              "y": 3.0,
              "z": 15.0
            },
            "battery_pct": 78.0,
            "status": "approaching_home"
          }
        }
      ],
      "net": {
        "slice": "URLLC",
        "lat_ms": 7,
        "jitter_ms": 0.8,
        "loss_pct": 0.01,
        "throughput_mbps": 80,
        "edge_load": 0.35
      }
    }
  ],
  "final_state": {
    "domain": "uav",
    "time_s": 0.0,
    "env": {
      "weather": "icing",
      "wind_mps": 8.0,
      "wind_dir_deg": 210.0
    },
    "airspace": {
      "alt_bounds": [
        10.0,
        120.0
      ],
      "geofence": [
        {
          "type": "polygon",
          "points": [
            [
              0.0,
              0.0
            ],
            [
              200.0,
              0.0
            ],
            [
              200.0,
              150.0
            ],
            [
              0.0,
              150.0
            ]
          ]
        }
      ]
    },
    "uav": {
      "pose": {
        "x": 5.0,
        "y": 3.0,
        "z": 15.0,
        "yaw": 90.0
      },
      "speed_mps": 20.0,
      "energy": {
        "battery_pct": 78.0
      },
      "sensors": {
        "rgb": "ok",
        "thermal": "low_power",
        "lidar": "low_power",
        "radar": "offline",
        "gnss": "ok",
        "imu": "ok",
        "magnetometer": "ok",
        "barometer": "ok"
      },
      "payloads": []
    },
    "policy": {
      "alt_bounds": [
        10.0,
        120.0
      ]
    },
    "safety_flags": {
      "nfz_violation": false,
      "separation_breach": false
    }
  },
  "success": true,
  "_meta": {
    "seed": 42,
    "ts": 1763979746,
    "ts_iso": "2025-11-24T10:22:26Z",
    "gen_time_s": 53.27295804023743,
    "attempts_used": 1,
    "generation_failed": false,
    "usage": {
      "prompt_tokens": 1055,
      "completion_tokens": 3177,
      "total_tokens": 4232,
      "cost": 0.0027033,
      "is_byok": false,
      "prompt_tokens_details": {
        "cached_tokens": 640,
        "audio_tokens": 0,
        "video_tokens": 0
      },
      "cost_details": {
        "upstream_inference_cost": null,
        "upstream_inference_prompt_cost": 0.0001617,
        "upstream_inference_completions_cost": 0.0025416
      },
      "completion_tokens_details": {
        "reasoning_tokens": 0,
        "image_tokens": 0
      }
    }
  }
}