{
  "episode_id": "6gb_prompt_e00a1fdc3a7f3657",
  "questions": [
    {
      "task_id": "T7",
      "task_name": "Compute Placement Decision",
      "source_turn": 7,
      "question": "At turn 7, the UAV is hovering at 1500m altitude with battery at 100%, capturing high-res images under eMBB slice with 18ms latency, 5ms jitter, 0.4% loss, 700Mbps throughput, and edge load at 0.6. The SLA requires inference latency under 25ms with ≤1% loss and edge load ≤0.7. The next turn may see edge load rise to 0.65 due to concurrent missions, and jitter may spike to 8ms under thermal updrafts. Onboard inference takes 22ms with 0% loss but consumes 5% battery per inference, while edge inference under current conditions takes 18ms with 0.4% loss. If edge load exceeds 0.7 next turn, latency may jump to 30ms. Which option should be selected?",
      "options": {
        "A": "Use edge inference now; current latency 18ms is under SLA, and edge load 0.6 is safe; assume no further degradation.",
        "B": "Use onboard inference; latency 22ms is under SLA, avoids edge load risk, and battery at 100% can absorb 5% cost.",
        "C": "Use edge inference but switch to onboard if edge load exceeds 0.65 next turn; current metrics are acceptable.",
        "D": "Delay inference until turn 8; edge load may drop to 0.28 as UAV begins return, reducing risk."
      },
      "correct": "B",
      "reason": "Onboard inference guarantees 22ms latency under all conditions, avoiding the risk of edge latency spiking to 30ms if load exceeds 0. 7. Battery at 100% can sustain the 5% cost without violating mission constraints. Edge inference appears safe now but fails under worst-case next-turn load and jitter. Delaying inference risks missing the SLA if conditions worsen before turn 8.",
      "rationale_tag": "WORST_CASE_GUARANTEE",
      "difficulty": "very_hard"
    },
    {
      "task_id": "T8",
      "task_name": "Graceful Degradation under Edge Overload",
      "source_turn": 7,
      "question": "At turn 7, the UAV is capturing inspection images under eMBB slice with latency 18ms, jitter 5ms, loss 0.4%, throughput 700Mbps, and edge load 0.6. The SLA requires latency ≤20ms and edge load ≤0.7. Historical trend shows edge load increases 0.05 per turn under eMBB. URLLC slice offers latency 9ms, jitter 1.2ms, loss 0.08%, throughput 110Mbps, edge load 0.28, but cannot support image capture resolution above 720p. The mission requires 1080p resolution for legal compliance. If edge load exceeds 0.7 next turn, autonomy will degrade to manual override. The UAV has 100% battery and is 2km from home. Wind is 8.5m/s from 240°. What should be selected to avoid SLA violation while preserving mission integrity over the next two turns?",
      "options": {
        "A": "Continue eMBB for 1 more turn, then switch to URLLC for return; edge load projected 0.65 next turn, within SLA.",
        "B": "Immediately switch to URLLC; latency improves but resolution drops to 720p, violating legal requirement.",
        "C": "Switch to mMTC; edge load drops to 0.85 but latency spikes to 200ms, violating SLA immediately.",
        "D": "Maintain eMBB for 2 more turns; edge load projected 0.70 next turn, risking SLA violation and autonomy degradation."
      },
      "correct": "A",
      "reason": "Option A avoids immediate SLA violation by staying within edge load 0. 65 next turn and defers switch to URLLC only after completing critical 1080p capture. Option B sacrifices legal compliance for latency. Option C violates SLA immediately with 200ms latency. Option D risks edge load hitting 0.",
      "rationale_tag": "WORST_CASE_MARGIN_BALANCE",
      "difficulty": "very_hard"
    },
    {
      "task_id": "T9",
      "task_name": "Trust-Aware Offloading",
      "source_turn": 4,
      "question": "At turn 4, the UAV’s lidar sensor is offline, triggering a request to offload fusion tracking to the edge. The current network slice is mMTC with 200ms latency, 50ms jitter, 2.5% loss, and 1.2Mbps throughput, while edge load is 85%. Policy mandates latency under 100ms for safety-critical tasks. URLLC offers 8ms latency, 1ms jitter, 0.05% loss, and 120Mbps throughput but is currently at 25% edge load. eMBB offers 14ms latency, 3ms jitter, 0.2% loss, and 800Mbps throughput at 40% edge load. If edge load increases by 15% per turn under current traffic, and fusion tracking requires 100ms max latency with 99.9% reliability over the next 2 turns, which option should be selected?",
      "options": {
        "A": "Offload to URLLC slice despite its low throughput, as latency and jitter meet policy and edge load will remain under 50% for next 2 turns.",
        "B": "Offload to eMBB slice because its throughput supports data fusion and latency is under 100ms, ignoring edge load growth projections.",
        "C": "Do not offload; use onboard fusion with degraded accuracy, since mMTC is already active and edge load is too high for any slice.",
        "D": "Switch to URLLC now but schedule a fallback to eMBB in 1 turn if edge load exceeds 60%, accepting 14ms latency as acceptable under policy."
      },
      "correct": "A",
      "reason": "URLLC meets the 100ms latency policy with margin and maintains edge load under 50% for the next two turns even with 15% growth per turn. eMBB’s latency is acceptable but its edge load will exceed 70% in two turns, risking violation. mMTC violates latency policy outright. The fallback plan in D introduces unnecessary risk by delaying the switch and assuming eMBB will be viable later, which it won’t under projected load.",
      "rationale_tag": "WORST_CASE_LATENCY_MARGIN",
      "difficulty": "very_hard"
    },
    {
      "task_id": "T10",
      "task_name": "SLA Violation Prediction",
      "source_turn": 7,
      "question": "At turn 7, the UAV is hovering for inspection with eMBB slice active, latency at 18ms, jitter at 5ms, loss at 0.4%, throughput at 700Mbps, and edge load at 0.6. The SLA requires latency ≤15ms, jitter ≤3ms, loss ≤0.2%, and edge load ≤0.55 for mission-critical phases. Historical trends show latency increases by 2ms per turn under eMBB, jitter by 1ms, loss by 0.1%, and edge load by 0.05 per turn. If the UAV continues hovering for 2 more turns, the worst-case latency could reach 22ms, jitter 7ms, loss 0.6%, and edge load 0.7. Switching to URLLC now would reduce latency to 10ms, jitter to 1.5ms, loss to 0.1%, and edge load to 0.3, but throughput drops to 100Mbps, risking data loss if image capture continues. Continuing eMBB risks SLA violation in turn 8 or 9. Switching to mMTC would reduce edge load to 0.2 but increase latency to 200ms, violating SLA immediately. Which option should be selected?",
      "options": {
        "A": "Continue eMBB for 2 more turns; current metrics are within 10% of SLA limits and may stabilize.",
        "B": "Switch to URLLC immediately; latency and jitter will meet SLA, and edge load will drop below 0.35.",
        "C": "Switch to mMTC immediately; edge load will fall to 0.2, satisfying the most critical SLA constraint.",
        "D": "Abort inspection and return to home using URLLC; latency will drop to 7ms, but mission data will be incomplete."
      },
      "correct": "B",
      "reason": "Switching to URLLC immediately ensures latency, jitter, loss, and edge load all remain within SLA bounds for the next two turns. Continuing eMBB would violate latency and jitter SLAs by turn 8 under worst-case trends. mMTC violates latency SLA immediately despite low edge load. Returning to home sacrifices mission completion and is unnecessary since URLLC can sustain inspection. The regret of data loss under URLLC is outweighed by the certainty of SLA compliance.",
      "rationale_tag": "WORST_CASE_SLAMIN",
      "difficulty": "very_hard"
    },
    {
      "task_id": "T16",
      "task_name": "Network-Exposed Compute Marketplace",
      "source_turn": 7,
      "question": "At turn 7, the UAV is hovering with eMBB slice active, latency 18ms, jitter 5ms, loss 0.4%, throughput 700Mbps, and edge_load 0.6. The mission requires 3 more image captures over the next 2 turns, each consuming 150Mbps and increasing edge_load by 0.08 per capture. A third-party compute provider offers to offload processing at 95% SLA with 25ms latency and 0.5% loss, but charges 1.2 credits per capture. The onboard system can process locally with 10ms latency and 0.1% loss but risks edge_load exceeding 0.85 if all 3 captures occur consecutively. If edge_load exceeds 0.85, the network reverts to mMTC with 200ms latency and 2.5% loss. The UAV battery is at 78% and depletes 3% per turn. Which option should be selected to minimize maximum regret over the next 2 turns while preserving mission integrity?",
      "options": {
        "A": "Process all 3 captures locally; edge_load will reach 0.84, under SLA, with 10ms latency and 0.1% loss, preserving 72% battery.",
        "B": "Offload all 3 captures; guaranteed 25ms latency and 0.5% loss, cost 3.6 credits, battery at 72%.",
        "C": "Process 2 locally, offload 1; edge_load peaks at 0.76, latency 10ms for 2, 25ms for 1, cost 1.2 credits, battery 72%.",
        "D": "Offload 2, process 1 locally; edge_load peaks at 0.68, latency 25ms for 2, 10ms for 1, cost 2.4 credits, battery 72%."
      },
      "correct": "C",
      "reason": "Processing 2 locally and offloading 1 keeps edge_load below 0. 85 even if all captures occur in one turn, avoiding mMTC fallback. The latency penalty is limited to one capture at 25ms, while preserving 72% battery. Offloading all incurs unnecessary cost without reducing risk. Processing all locally risks edge_load violation if captures are clustered, triggering 200ms latency.",
      "rationale_tag": "WORST_CASE_HYBRID_OPTIMIZATION",
      "difficulty": "very_hard"
    },
    {
      "task_id": "T17",
      "task_name": "Network-Knowledge RAG Augmentation",
      "source_turn": 7,
      "question": "At turn 7, the UAV is hovering for inspection with eMBB slice active, latency at 18ms, jitter at 5ms, loss at 0.4%, throughput at 700Mbps, and edge load at 0.6. The policy requires latency under 20ms and loss under 0.5% for RAG augmentation. Historical data shows jitter may spike to 8ms next turn and edge load may rise to 0.75 if throughput drops below 650Mbps. The fusion tracking system requires 100ms latency budget for real-time inference. If the UAV continues eMBB, projected latency under worst-case jitter and edge load will reach 22ms. Switching to URLLC now guarantees 10ms latency but reduces throughput to 100Mbps, risking image upload delays. mMTC offers 200ms latency but 2.5% loss, violating policy. Which option should be selected to minimize maximum regret over the next two turns while preserving RAG augmentation integrity?",
      "options": {
        "A": "Continue eMBB: current latency 18ms is under 20ms SLA, and throughput 700Mbps supports image capture; jitter and edge load may stabilize.",
        "B": "Switch to URLLC: latency guaranteed at 10ms, loss 0.1%, but throughput drops to 100Mbps, risking 5s upload delay per image over next turn.",
        "C": "Switch to mMTC: latency 200ms exceeds SLA, loss 2.5% violates policy, but edge load 0.85 allows system breathing; not viable for RAG.",
        "D": "Wait one turn: monitor if jitter drops to 3ms and edge load falls to 0.55; if not, switch to URLLC; risk of SLA violation if degradation persists."
      },
      "correct": "B",
      "reason": "URLLC guarantees latency under 20ms even under worst-case jitter and edge load projections. eMBB risks exceeding latency SLA by 2ms next turn under worst-case jitter. mMTC violates both latency and loss policy constraints. Waiting one turn incurs unacceptable risk of SLA violation with no recovery guarantee. URLLC’s throughput limitation is offset by its latency reliability for RAG augmentation over the next two turns.",
      "rationale_tag": "WORST_CASE_LATENCY_GUARANTEE",
      "difficulty": "very_hard"
    },
    {
      "task_id": "T18",
      "task_name": "AI Agent Identity & Onboarding",
      "source_turn": 5,
      "question": "The UAV agent has just activated fusion tracking to compensate for lidar failure, operating under URLLC slice with 10ms latency, 1.5ms jitter, 0.1% loss, and 100Mbps throughput while edge load is 0.3. Historical data shows eMBB slice degrades by 2ms latency and 50Mbps throughput per turn under inspection load, while URLLC maintains stability but caps at 150Mbps. The next three turns require high-fidelity image capture (minimum 800Mbps throughput) and real-time telemetry (latency <15ms, loss <0.5%). If the agent remains on URLLC, throughput will be insufficient; if it switches to eMBB, latency may exceed 15ms by turn 7. A third option is to request edge offload at 0.85 load, which risks congestion but may sustain 900Mbps. A fourth option is to delay capture by one turn, accepting 10% mission penalty but allowing eMBB recovery. Which option should be selected?",
      "options": {
        "A": "Remain on URLLC: guarantees latency and loss compliance but throughput falls 700Mbps short of requirement.",
        "B": "Switch to eMBB: meets throughput now but latency projected to hit 18ms by turn 7, violating SLA.",
        "C": "Request edge offload: may sustain 900Mbps but edge load at 0.85 risks 2.5% packet loss and 200ms latency under worst case.",
        "D": "Delay capture one turn: incurs 10% penalty but allows eMBB to recover to 750Mbps with 16ms latency, still below throughput threshold."
      },
      "correct": "C",
      "reason": "The edge offload option minimizes maximum regret by preserving throughput above requirement under most conditions while accepting bounded risk. URLLC fails throughput by a large margin. eMBB violates latency SLA in the next turn. Delaying capture still leaves throughput insufficient. Only edge offload maintains both throughput and latency within acceptable bounds under worst-case assumptions.",
      "rationale_tag": "WORST_CASE_THROUGHPUT_SAFETY",
      "difficulty": "very_hard"
    },
    {
      "task_id": "T22",
      "task_name": "Federated / Collaborative Learning Orchestration",
      "source_turn": 7,
      "question": "The UAV is currently hovering at 1500m with battery at 82% and has just completed two high-res image captures under eMBB slice with 18ms latency, 5ms jitter, 0.4% loss, and 700Mbps throughput while edge load is at 0.6. The next federated learning update window opens in 2 turns and requires at least 600Mbps throughput, latency under 20ms, and edge load below 0.7 to avoid SLA violation. Historical data shows edge load increases by 0.05 per turn under eMBB and by 0.02 under URLLC, with URLLC offering 130Mbps throughput and 7ms latency but risking 0.04% loss. If the UAV switches to URLLC now, it will complete the update in 1 turn but lose 15% of data fidelity due to lower throughput. If it stays on eMBB, it risks edge load hitting 0.7 in 2 turns, forcing a fallback to mMTC with 1.2Mbps throughput and 200ms latency. Which option should be selected?",
      "options": {
        "A": "Stay on eMBB for 2 turns; edge load will reach 0.7 exactly, which is within SLA, and throughput remains above 600Mbps.",
        "B": "Switch to URLLC immediately; throughput drops to 130Mbps but latency is 7ms and edge load drops to 0.22, ensuring no SLA violation.",
        "C": "Wait one turn on eMBB, then switch to URLLC; edge load will be 0.65, throughput 650Mbps, and latency 10ms, meeting all SLA bounds.",
        "D": "Switch to mMTC now; throughput is 1.2Mbps but edge load drops to 0.1, avoiding any risk of SLA violation despite high latency."
      },
      "correct": "C",
      "reason": "Staying on eMBB for two turns risks edge load hitting 0. 7 exactly, which is the SLA boundary and leaves no margin for jitter or loss spikes. Switching to URLLC immediately sacrifices too much throughput for the federated update, risking data fidelity loss. mMTC is infeasible due to throughput being far below the 600Mbps minimum. Waiting one turn on eMBB then switching to URLLC balances edge load at 0.",
      "rationale_tag": "WORST_CASE_MARGIN_BALANCE",
      "difficulty": "very_hard"
    },
    {
      "task_id": "T26",
      "task_name": "Trust-Aware Third-Party Agent Exposure",
      "source_turn": 5,
      "question": "At turn 5, the agent activates fusion tracking via a third-party fusion_agent to compensate for lidar failure, operating under URLLC slice with 10ms latency, 1.5ms jitter, 0.1% loss, and 100Mbps throughput, while edge_load is 0.3. The fusion_agent has no prior trust score but is certified under ISO 21448 with a 95% reliability rating under nominal conditions. However, wind gusts may increase jitter by up to 50% in the next turn, and edge_load may rise to 0.45 if two additional agents join. The mission SLA requires latency <15ms and loss <0.5% for 3 consecutive turns. Exposure options: A) Full API + compute access with 100ms timeout; B) Read-only telemetry with 50ms timeout; C) Sensor fusion API only, no compute, 75ms timeout; D) No exposure, fallback to manual override. Which option should be selected?",
      "options": {
        "A": "Full API + compute access with 100ms timeout",
        "B": "Read-only telemetry with 50ms timeout",
        "C": "Sensor fusion API only, no compute, 75ms timeout",
        "D": "No exposure, fallback to manual override"
      },
      "correct": "C",
      "reason": "Option C maintains latency under 15ms even with 50% jitter increase and edge_load rise to 0. 45, while preserving SLA compliance over three turns. Option A risks timeout violation under worst-case jitter and load. Option B lacks fusion capability needed for lidar compensation. Option D incurs mission failure risk due to manual override latency exceeding 15ms under wind gusts.",
      "rationale_tag": "WORST_CASE_SLAMINIMIZATION",
      "difficulty": "very_hard"
    },
    {
      "task_id": "T30",
      "task_name": "Network Security Detection & Response Automation",
      "source_turn": 7,
      "question": "At turn 7, telemetry shows eMBB slice latency at 18ms, jitter at 5ms, packet loss at 0.4%, throughput at 700Mbps, and edge load at 0.6. Historical trends indicate edge load increases by 0.05 per turn under eMBB, and jitter may spike to 8ms under worst-case interference. The SLA requires latency < 20ms and loss < 0.5% for mission-critical imaging. If the next turn’s edge load reaches 0.65, latency could rise to 22ms under worst-case jitter. Option A switches to URLLC now, sacrificing 600Mbps throughput but guaranteeing latency < 10ms and loss < 0.1%. Option B stays on eMBB, projecting 22ms latency next turn under worst-case jitter, risking SLA violation. Option C switches to mMTC, accepting 200ms latency and 2.5% loss, which violates SLA but preserves battery for 3 more turns. Option D delays decision until turn 8, risking immediate SLA breach if jitter spikes. Which option should be selected?",
      "options": {
        "A": "Switch to URLLC now: latency 10ms, loss 0.1%, throughput 100Mbps, edge load 0.3",
        "B": "Stay on eMBB: projected latency 22ms, loss 0.4%, throughput 700Mbps, edge load 0.65",
        "C": "Switch to mMTC: latency 200ms, loss 2.5%, throughput 1.2Mbps, edge load 0.85",
        "D": "Delay decision until turn 8: risk latency 22ms if jitter spikes, no throughput change"
      },
      "correct": "A",
      "reason": "Switching to URLLC now ensures latency remains under 10ms and loss under 0. 1%, satisfying SLA even under worst-case jitter. Staying on eMBB risks 22ms latency next turn, violating SLA. mMTC violates SLA outright with 200ms latency. Delaying decision risks immediate breach if jitter spikes.",
      "rationale_tag": "WORST_CASE_SLAVIOLATION_AVOIDANCE",
      "difficulty": "very_hard"
    }
  ]
}