{
  "episode_id": "6gb_prompt_6075722063b78220",
  "questions": [
    {
      "task_id": "T7",
      "task_name": "Compute Placement Decision",
      "source_turn": 8,
      "question": "The UAV is currently operating at 15m altitude with 100% battery and thermal sensor active, transmitting anomaly data over URLLC with 10ms latency, 1.7ms jitter, 0.05% loss, and 95Mbps throughput while edge load is at 0.48. The SLA requires inference latency under 15ms with ≤0.1% loss and ≥50Mbps throughput for critical anomaly analysis. Wind gusts may increase jitter by up to 0.5ms next turn and edge load may rise to 0.55 if two more UAVs join. Onboard inference takes 12ms with 0% loss but consumes 3% battery per inference. If the anomaly is false, retransmission over URLLC would cost 8ms additional latency. The next turn may see a 20% chance of network degradation to mMTC slice with 200ms latency. Which option should be selected?",
      "options": {
        "A": "Offload to edge via URLLC: current latency 10ms is under SLA, edge load 0.48 is acceptable, and throughput 95Mbps exceeds minimum 50Mbps.",
        "B": "Run onboard inference: 12ms latency is under SLA, zero loss, no dependency on edge load, and avoids future network degradation risk.",
        "C": "Wait one turn and reevaluate: edge load may drop to 0.45 if no new UAVs join, and jitter may stabilize at 1.5ms, improving margin.",
        "D": "Switch to eMBB slice: latency 14ms is still under SLA, throughput 780Mbps is ample, and edge load 0.41 is lower than current 0.48."
      },
      "correct": "B",
      "reason": "Onboard inference guarantees 12ms latency and zero loss regardless of network degradation or edge load increase. Offloading via URLLC risks exceeding SLA if jitter increases by 0. 5ms and latency hits 15. 5ms. Waiting one turn introduces 20% risk of mMTC degradation which would violate SLA by 185ms.",
      "rationale_tag": "WORST_CASE_REGRET_MINIMIZATION",
      "difficulty": "very_hard"
    },
    {
      "task_id": "T8",
      "task_name": "Graceful Degradation under Edge Overload",
      "source_turn": 9,
      "question": "At turn 9, the UAV is initiating return sequence under mMTC slice with latency 200ms, jitter 30ms, loss 2.0%, throughput 0.8Mbps, and edge_load 0.85. The SLA mandates latency <150ms and edge_load <0.80 for critical control. Wind gusts may persist for 2 more turns, increasing edge_load by 0.05 per turn. If the UAV continues under mMTC, edge_load will hit 0.95 by turn 11. Switching to URLLC now yields latency 7ms, throughput 150Mbps, but only if edge_load drops below 0.85 within 1 turn — which is uncertain. eMBB offers 800Mbps throughput but latency 13ms and edge_load 0.38, which may rise to 0.45 under wind. The mission requires at least 100Mbps throughput for telemetry. Which option should be selected?",
      "options": {
        "A": "Stay on mMTC: edge_load 0.85 now, projected 0.95 in 2 turns, latency 200ms exceeds SLA, but no immediate control loss.",
        "B": "Switch to URLLC: latency 7ms, throughput 150Mbps, but edge_load 0.85 may not drop below 0.80 in 1 turn; if it doesn’t, control fails.",
        "C": "Switch to eMBB: latency 13ms, throughput 800Mbps, edge_load 0.38 rising to 0.45; satisfies SLA now but may not if wind worsens.",
        "D": "Deactivate all sensors and reduce speed to 10mps to lower edge_load by 0.15, then wait 1 turn before switching to URLLC."
      },
      "correct": "D",
      "reason": "Option D reduces edge_load immediately by 0. 15 to 0. 70, ensuring SLA compliance for latency and load in the next turn. This creates a buffer to safely switch to URLLC in turn 10, which is confirmed to have edge_load 0. 3 and latency 7ms.",
      "rationale_tag": "WORST_CASE_MARGIN_PROJECTION",
      "difficulty": "very_hard"
    },
    {
      "task_id": "T9",
      "task_name": "Trust-Aware Offloading",
      "source_turn": 9,
      "question": "At turn 9, the UAV is initiating return sequence with battery at 85 percent and edge load at 0.85 under mMTC slice with 200ms latency and 2.0 percent loss. The policy mandates latency under 150ms for safety-critical return maneuvers, and the next turn’s edge load is projected to rise to 0.92 if current offloading continues. Under worst-case wind gusts, latency could spike to 250ms with 3.5 percent loss. Option A offloads to URLLC with 7ms latency but only 150Mbps throughput, risking sensor data loss. Option B continues mMTC with projected 220ms latency next turn, violating SLA. Option C switches to eMBB with 14ms latency but 0.41 edge load, which may not sustain return coordination under gusts. Option D delays offloading for 2 turns, risking battery drop below 70 percent and triggering emergency protocol. Which option should be selected?",
      "options": {
        "A": "Offload to URLLC slice with 7ms latency and 150Mbps throughput, accepting risk of sensor data loss under high load.",
        "B": "Continue mMTC offloading with 200ms latency and 2.0% loss, accepting SLA violation next turn.",
        "C": "Switch to eMBB slice with 14ms latency and 0.41 edge load, accepting potential coordination failure under gusts.",
        "D": "Delay offloading for 2 turns to conserve battery, accepting risk of emergency protocol activation below 70%."
      },
      "correct": "A",
      "reason": "URLLC maintains latency under 150ms even under worst-case gusts, preserving safety-critical return control. Although throughput is limited, sensor deactivation reduces data volume, minimizing loss risk. Continuing mMTC violates SLA next turn with high probability. eMBB’s edge load may spike under gusts, risking coordination failure. Delaying offloading risks battery below 70 percent, triggering emergency protocol with higher regret.",
      "rationale_tag": "WORST_CASE_SAFETY_MARGIN",
      "difficulty": "very_hard"
    },
    {
      "task_id": "T10",
      "task_name": "SLA Violation Prediction",
      "source_turn": 9,
      "question": "At turn 9, the UAV is initiating return with mMTC slice active, latency at 200ms, jitter at 30ms, loss at 2.0%, throughput at 0.8Mbps, and edge load at 0.85. The SLA requires latency < 100ms, loss < 1.0%, and edge load < 0.8 for critical control. Wind gusts may persist for 2 more turns, increasing jitter by up to 50% and edge load by 0.1 per turn. If the UAV continues on mMTC, latency may rise to 250ms next turn and edge load to 0.95. Switching to URLLC now would reduce latency to 10ms but limit throughput to 150Mbps, risking sensor data loss if thermal anomaly reappears. eMBB offers 800Mbps but latency of 14ms and edge load of 0.41, which may rise to 0.55 under wind stress. Which option should be selected?",
      "options": {
        "A": "Stay on mMTC: latency 200ms, loss 2.0%, edge load 0.85 — acceptable for non-critical telemetry.",
        "B": "Switch to URLLC: latency 10ms, loss 0.01%, edge load 0.3 — meets SLA but risks data loss if anomaly reappears.",
        "C": "Switch to eMBB: latency 14ms, loss 0.18%, edge load 0.41 — meets SLA now but may exceed edge load 0.8 in 2 turns.",
        "D": "Delay decision until turn 10: monitor edge load trend; if it exceeds 0.9, switch to URLLC — assumes recovery is possible."
      },
      "correct": "B",
      "reason": "URLLC is the only option that meets all SLA constraints under worst-case wind stress. mMTC violates latency and loss SLA immediately and will exceed edge load in one turn. eMBB meets SLA now but edge load will reach 0. 55 in one turn and 0. 65 in two, risking violation if wind persists.",
      "rationale_tag": "WORST_CASE_SLAVIOLATION_AVOIDANCE",
      "difficulty": "very_hard"
    },
    {
      "task_id": "T16",
      "task_name": "Network-Exposed Compute Marketplace",
      "source_turn": 10,
      "question": "The UAV is returning to base with 100% battery and has just switched to URLLC slice with 7ms latency, 1.0ms jitter, 0.01% loss, 150Mbps throughput, and 0.3 edge load. A third-party analytics firm requests compute access for real-time anomaly reprocessing, which would increase edge load by 0.25 and require 100Mbps sustained throughput for 3 turns. The SLA mandates edge load must not exceed 0.9 and latency must stay under 15ms. Historical data shows edge load increases by 0.05 per turn under URLLC during compute-intensive tasks. If wind gusts persist, jitter may rise to 2.5ms and throughput may drop to 110Mbps. The eMBB slice offers 800Mbps throughput but 14ms latency and 0.41 edge load, while mMTC has 0.8Mbps and 200ms latency. Which option should be selected to minimize maximum regret over the next 3 turns while satisfying SLA constraints?",
      "options": {
        "A": "Accept the request on URLLC: current edge load 0.3 + 0.25 = 0.55, projected max edge load 0.55 + 3×0.05 = 0.70 < 0.9, and worst-case throughput 110Mbps > 100Mbps required.",
        "B": "Reject the request: avoid any risk of SLA violation under wind gust uncertainty, preserving 100% battery for mission-critical return.",
        "C": "Accept on eMBB: 0.41 + 0.25 = 0.66 edge load, latency 14ms < 15ms SLA, but throughput 800Mbps exceeds requirement; however, latency is near SLA boundary and may exceed if jitter spikes.",
        "D": "Accept on mMTC: 0.85 + 0.25 = 1.10 edge load > 0.9 SLA, throughput 0.8Mbps << 100Mbps required; violates both SLA and functional requirements."
      },
      "correct": "A",
      "reason": "Option A satisfies all SLA constraints under worst-case projections including wind gusts. The edge load remains under 0. 9 even after three turns of growth. Throughput stays above 100Mbps even under degraded conditions. Other options either violate SLA or fail to meet functional requirements.",
      "rationale_tag": "WORST_CASE_COMPUTE_ALLOCATION",
      "difficulty": "very_hard"
    },
    {
      "task_id": "T17",
      "task_name": "Network-Knowledge RAG Augmentation",
      "source_turn": 8,
      "question": "At turn 8, the UAV is operating under URLLC slice with 10ms latency, 1.7ms jitter, 0.05% loss, 95Mbps throughput, and 0.48 edge load while awaiting thermal anomaly analysis. The policy allows maximum 15ms latency and 1% packet loss for safety-critical telemetry. Wind gusts may increase jitter by up to 0.8ms next turn. The next turn requires transmitting 12MB of thermal metadata to the AI agent, which needs at least 80Mbps sustained throughput. If edge load exceeds 0.5, latency may spike to 25ms. Option A uses current URLLC slice with no change. Option B switches to eMBB slice with 14ms latency, 2.3ms jitter, 0.18% loss, 780Mbps throughput, and 0.41 edge load. Option C waits one turn for edge load to drop below 0.45, projecting 0.43 edge load next turn with 9ms latency. Option D uses mMTC slice with 200ms latency, 30ms jitter, 2% loss, 0.8Mbps throughput, and 0.85 edge load. Which option should be selected?",
      "options": {
        "A": "Maintain URLLC slice: current latency 10ms, jitter 1.7ms, throughput 95Mbps, edge load 0.48 — within policy bounds now but may exceed jitter and latency if wind worsens.",
        "B": "Switch to eMBB slice: latency 14ms, jitter 2.3ms, throughput 780Mbps, edge load 0.41 — meets throughput requirement but latency is near policy limit and jitter is higher.",
        "C": "Delay transmission one turn: projected edge load 0.43, latency 9ms, jitter 1.7ms — assumes no wind degradation and no edge load increase, risking mission delay.",
        "D": "Use mMTC slice: latency 200ms, throughput 0.8Mbps — violates latency and throughput SLAs, but edge load is high so it may be the only available slice."
      },
      "correct": "B",
      "reason": "Option B meets the 80Mbps throughput requirement with margin and stays under 15ms latency despite higher jitter. Option A risks latency violation if jitter increases by 0. 8ms as projected. Option C assumes favorable conditions that may not materialize, risking mission delay. Option D fails both latency and throughput SLAs outright.",
      "rationale_tag": "WORST_CASE_REGRET_MINIMIZATION",
      "difficulty": "very_hard"
    },
    {
      "task_id": "T18",
      "task_name": "AI Agent Identity & Onboarding",
      "source_turn": 10,
      "question": "The UAV agent has completed its mission and is preparing to land under URLLC slice with 7ms latency, 1.0ms jitter, 0.01% loss, and 150Mbps throughput, while edge load is at 0.3. Historical data shows that during turn 9, mMTC slice had 200ms latency, 30ms jitter, 2.0% loss, and 0.8Mbps throughput with edge load at 0.85. If wind gusts persist and cause a 15% increase in control latency over the next two turns, and the landing authorization SLA requires latency under 10ms with jitter under 2ms for 99.9% of packets, which identity mapping policy should be selected to ensure mission continuity and regulatory compliance? Option A prioritizes persistent URLLC identity with dynamic edge load rebalancing. Option B switches to eMBB identity with fallback to URLLC if latency exceeds 12ms. Option C retains mMTC identity for low bandwidth but adds redundancy via dual-slice binding. Option D assigns a new temporary identity with SLA override for landing phase only. Which option should be selected?",
      "options": {
        "A": "Persistent URLLC identity with dynamic edge load rebalancing",
        "B": "Switch to eMBB identity with fallback to URLLC if latency exceeds 12ms",
        "C": "Retain mMTC identity with dual-slice binding for redundancy",
        "D": "Assign new temporary identity with SLA override for landing phase only"
      },
      "correct": "A",
      "reason": "Persistent URLLC identity maintains latency under 10ms even with 15% wind-induced degradation, as worst-case latency becomes 8. 05ms which remains within SLA. eMBB fallback risks exceeding 12ms under sustained wind, violating SLA in turn 11. mMTC identity cannot meet latency or jitter requirements even under best case. Temporary identity with override lacks continuity and may trigger authentication delays.",
      "rationale_tag": "WORST_CASE_SLAM_COMPLIANCE",
      "difficulty": "very_hard"
    },
    {
      "task_id": "T22",
      "task_name": "Federated / Collaborative Learning Orchestration",
      "source_turn": 8,
      "question": "The UAV is currently operating under URLLC slice with 10ms latency, 1.7ms jitter, 0.05% loss, 95Mbps throughput, and 0.48 edge load while awaiting thermal anomaly analysis. Battery is at 82% and will deplete at 3% per turn under current load. The next federated model update requires 120MB of data transfer and must complete within 3 turns to avoid mission drift. Edge load is projected to increase by 0.05 per turn if no action is taken. The SLA mandates latency under 15ms and throughput above 80Mbps for model sync. One option risks exceeding edge load by 0.03 in turn 10 under worst-case jitter growth. Another option reduces throughput to 70Mbps but keeps edge load under 0.5. A third option delays sync by one turn, risking 5% model staleness. Which option should be selected?",
      "options": {
        "A": "Initiate federated sync immediately under current URLLC slice despite edge load projected to reach 0.53 in turn 10, accepting 0.03 SLA margin risk.",
        "B": "Switch to eMBB slice with 800Mbps throughput and 13ms latency, accepting 0.38 edge load but risking 1.8ms jitter increase and 0.2% loss.",
        "C": "Delay sync by one turn to allow edge load to stabilize, accepting 5% model staleness and 10% battery penalty, but ensuring 0.45 edge load.",
        "D": "Initiate partial sync under mMTC slice with 0.8Mbps throughput and 200ms latency, accepting 2.0% loss and 0.85 edge load, but preserving battery for critical return."
      },
      "correct": "A",
      "reason": "Option A maintains latency and throughput within SLA bounds while accepting a small edge load margin risk that remains under the 0. 55 threshold even under worst-case jitter growth. Delaying sync incurs model staleness that degrades mission accuracy more than the edge load risk. Switching to eMBB introduces jitter and loss that could disrupt sync integrity. mMTC is infeasible due to throughput and latency violations.",
      "rationale_tag": "WORST_CASE_MARGIN_OPTIMIZATION",
      "difficulty": "very_hard"
    },
    {
      "task_id": "T26",
      "task_name": "Trust-Aware Third-Party Agent Exposure",
      "source_turn": 8,
      "question": "The UAV is currently operating under URLCC slice with 10ms latency, 1.7ms jitter, 0.05% loss, and 95Mbps throughput while edge load is at 0.48. The AI inspection agent has just completed thermal anomaly analysis and requests full sensor telemetry and raw image data for model retraining, citing regulatory compliance under Section 7.3. However, the next turn’s projected edge load is 0.52 under URLCC, and if wind gusts persist, latency may spike to 15ms with 0.1% loss. The eMBB slice offers 780Mbps throughput but 14ms latency and 0.18% loss, while mMTC has 0.8Mbps throughput and 200ms latency. Regulatory policy mandates data exposure only if latency remains under 12ms and edge load under 0.55 for the next two turns. Which option should be selected?",
      "options": {
        "A": "Grant full access via URLCC slice; current latency is 10ms and edge load 0.48, both within bounds, and the agent is certified under Section 7.3.",
        "B": "Grant read-only access via eMBB slice; throughput is sufficient for telemetry, and latency 14ms exceeds SLA but is acceptable for non-critical data under clause 7.3.2.",
        "C": "Deny access and log violation; worst-case latency under URLCC next turn is 15ms, exceeding 12ms SLA, and edge load may reach 0.52, risking overload.",
        "D": "Grant partial access via mMTC; data rate is too low for images but acceptable for metadata, and latency 200ms is non-compliant but tolerated for emergency logs."
      },
      "correct": "C",
      "reason": "The URLCC slice’s projected latency under wind gusts exceeds the 12ms SLA, and edge load may reach 0. 52, nearing the 0. 55 threshold. Granting access now risks violating policy in the next turn. The eMBB option exceeds latency SLA and does not satisfy regulatory clause 7.",
      "rationale_tag": "WORST_CASE_REGRET_MINIMIZATION",
      "difficulty": "very_hard"
    },
    {
      "task_id": "T30",
      "task_name": "Network Security Detection & Response Automation",
      "source_turn": 9,
      "question": "At turn 9, the UAV initiates return sequence under mMTC slice with latency 200ms, jitter 30ms, loss 2.0%, throughput 0.8Mbps, and edge load 0.85. The SLA requires latency <150ms, loss <1.0%, and edge load <0.80 for safe return. Wind gusts may persist for 2 more turns, increasing jitter by up to 50% and edge load by 0.10 per turn. The UAV battery is at 78% and descending at 3m/s; it requires 120s to land. If the anomaly detection system flags a potential spoofing attack on GNSS with 70% confidence, which response minimizes maximum regret over the next 3 turns? Option A: Stay on mMTC, accept SLA violation, and rely on inertial navigation. Option B: Switch to URLLC immediately, accepting 30% throughput drop but meeting latency and loss SLA. Option C: Switch to eMBB, accepting 10ms latency penalty but gaining 800Mbps throughput for redundancy. Option D: Delay switch for 1 turn to collect more telemetry, risking SLA violation for 1 additional turn.",
      "options": {
        "A": "Stay on mMTC, accept SLA violation, and rely on inertial navigation.",
        "B": "Switch to URLLC immediately, accepting 30% throughput drop but meeting latency and loss SLA.",
        "C": "Switch to eMBB, accepting 10ms latency penalty but gaining 800Mbps throughput for redundancy.",
        "D": "Delay switch for 1 turn to collect more telemetry, risking SLA violation for 1 additional turn."
      },
      "correct": "B",
      "reason": "Switching to URLLC immediately ensures latency and loss remain within SLA bounds even under worst-case jitter increase. The throughput drop is acceptable because the return sequence requires only command telemetry, not high bandwidth. Delaying the switch or staying on mMTC risks GNSS spoofing exploitation during SLA violation. eMBB’s latency penalty exceeds the SLA margin and offers no security benefit for the current phase.",
      "rationale_tag": "WORST_CASE_REGRET_MINIMIZATION",
      "difficulty": "very_hard"
    }
  ]
}