{
  "initial_state": {
    "domain": "uav",
    "time_s": 0.0,
    "env": {
      "weather": "hail",
      "wind_mps": 8.5,
      "wind_dir_deg": 240.0
    },
    "airspace": {
      "alt_bounds": [
        10.0,
        150.0
      ],
      "geofence": [
        {
          "type": "polygon",
          "points": [
            [
              0.0,
              0.0
            ],
            [
              200.0,
              0.0
            ],
            [
              200.0,
              150.0
            ],
            [
              0.0,
              150.0
            ]
          ]
        }
      ]
    },
    "uav": {
      "pose": {
        "x": 20.0,
        "y": 20.0,
        "z": 10.0,
        "yaw": 90.0
      },
      "speed_mps": 32.0,
      "energy": {
        "battery_pct": 100.0
      },
      "sensors": {
        "rgb": "ok",
        "thermal": "offline",
        "lidar": "ok",
        "radar": "offline",
        "gnss": "ok",
        "imu": "ok",
        "magnetometer": "ok",
        "barometer": "ok"
      },
      "payloads": []
    },
    "policy": {
      "alt_bounds": [
        10.0,
        150.0
      ]
    },
    "safety_flags": {
      "nfz_violation": false,
      "separation_breach": false
    }
  },
  "dialogue": [
    {
      "turn": 1,
      "speaker": "agent",
      "intent": "initiate mission under adverse weather",
      "actions": [
        {
          "type": "mcp",
          "name": "read_telemetry",
          "args": {}
        }
      ],
      "obs": [
        {
          "tool": "read_telemetry",
          "result": {
            "pose": {
              "x": 20.0,
              "y": 20.0,
              "z": 10.0
            },
            "battery_pct": 100.0,
            "speed_mps": 32.0
          }
        }
      ],
      "net": {
        "slice": "URLLC",
        "lat_ms": 3.2,
        "jitter_ms": 0.8,
        "loss_pct": 0.1,
        "throughput_mbps": 50,
        "edge_load": 0.35
      }
    },
    {
      "turn": 2,
      "speaker": "user",
      "intent": "request weather adaptation plan",
      "actions": [
        {
          "type": "mcp",
          "name": "get_weather_status",
          "args": {}
        }
      ],
      "obs": [
        {
          "tool": "get_weather_status",
          "result": {
            "condition": "hail",
            "wind_mps": 8.5,
            "recommendation": "reduce speed and increase altitude margin"
          }
        }
      ],
      "net": {
        "slice": "URLLC",
        "lat_ms": 3.5,
        "jitter_ms": 0.9,
        "loss_pct": 0.1,
        "throughput_mbps": 48,
        "edge_load": 0.37
      }
    },
    {
      "turn": 3,
      "speaker": "agent",
      "intent": "adjust flight parameters for hail",
      "actions": [
        {
          "type": "mcp",
          "name": "set_speed",
          "args": {
            "speed_mps": 22.0
          }
        },
        {
          "type": "mcp",
          "name": "set_altitude",
          "args": {
            "z": 40.0
          }
        }
      ],
      "obs": [
        {
          "tool": "set_speed",
          "result": {
            "status": "acknowledged",
            "target": 22.0
          }
        },
        {
          "tool": "set_altitude",
          "result": {
            "status": "acknowledged",
            "target": 40.0
          }
        }
      ],
      "net": {
        "slice": "URLLC",
        "lat_ms": 3.1,
        "jitter_ms": 0.7,
        "loss_pct": 0.1,
        "throughput_mbps": 52,
        "edge_load": 0.33
      }
    },
    {
      "turn": 4,
      "speaker": "user",
      "intent": "verify sensor status and request thermal activation",
      "actions": [
        {
          "type": "mcp",
          "name": "check_sensors",
          "args": {}
        }
      ],
      "obs": [
        {
          "tool": "check_sensors",
          "result": {
            "thermal": "offline",
            "diagnostic": "sensor blocked by ice"
          }
        }
      ],
      "net": {
        "slice": "eMBB",
        "lat_ms": 12.0,
        "jitter_ms": 3.0,
        "loss_pct": 0.5,
        "throughput_mbps": 120,
        "edge_load": 0.65
      }
    },
    {
      "turn": 5,
      "speaker": "agent",
      "intent": "initiate de-icing and switch to lidar for navigation",
      "actions": [
        {
          "type": "mcp",
          "name": "activate_deice",
          "args": {
            "target": "thermal_camera"
          }
        },
        {
          "type": "a2a",
          "task": "request_lidar_navigation",
          "to": "navigation_subagent",
          "payload": {
            "priority": "high"
          }
        }
      ],
      "obs": [
        {
          "tool": "activate_deice",
          "result": {
            "status": "started",
            "duration_s": 60
          }
        },
        {
          "task": "request_lidar_navigation",
          "from": "navigation_subagent",
          "status": "ok",
          "payload": {
            "mode": "lidar_localization_active"
          }
        }
      ],
      "net": {
        "slice": "URLLC",
        "lat_ms": 4.0,
        "jitter_ms": 1.0,
        "loss_pct": 0.2,
        "throughput_mbps": 45,
        "edge_load": 0.42
      }
    },
    {
      "turn": 6,
      "speaker": "user",
      "intent": "request swarm coordination for area coverage",
      "actions": [
        {
          "type": "a2a",
          "task": "coordinate_swarm_formation",
          "to": "uav_swarm_agent",
          "payload": {
            "pattern": "grid_search",
            "bounds": [
              50.0,
              50.0,
              150.0,
              150.0
            ]
          }
        }
      ],
      "obs": [
        {
          "task": "coordinate_swarm_formation",
          "from": "uav_swarm_agent",
          "status": "acknowledged",
          "payload": {
            "assigned_path": [
              [
                60.0,
                60.0
              ],
              [
                80.0,
                60.0
              ],
              [
                80.0,
                80.0
              ]
            ]
          }
        }
      ],
      "net": {
        "slice": "mMTC",
        "lat_ms": 25.0,
        "jitter_ms": 8.0,
        "loss_pct": 1.5,
        "throughput_mbps": 5,
        "edge_load": 0.78
      }
    },
    {
      "turn": 7,
      "speaker": "agent",
      "intent": "proceed with cautious navigation under degraded network",
      "actions": [
        {
          "type": "mcp",
          "name": "read_telemetry",
          "args": {}
        }
      ],
      "obs": [
        {
          "tool": "read_telemetry",
          "result": {
            "pose": {
              "x": 45.0,
              "y": 42.0,
              "z": 39.5
            },
            "battery_pct": 94.2,
            "speed_mps": 21.8
          }
        }
      ],
      "net": {
        "slice": "URLLC",
        "lat_ms": 5.5,
        "jitter_ms": 1.8,
        "loss_pct": 0.3,
        "throughput_mbps": 40,
        "edge_load": 0.55
      }
    },
    {
      "turn": 8,
      "speaker": "user",
      "intent": "instruct return to base due to worsening hail",
      "actions": [
        {
          "type": "mcp",
          "name": "set_waypoint",
          "args": {
            "x": 20.0,
            "y": 20.0,
            "z": 15.0
          }
        }
      ],
      "obs": [
        {
          "tool": "set_waypoint",
          "result": {
            "status": "accepted",
            "eta_s": 45
          }
        }
      ],
      "net": {
        "slice": "URLLC",
        "lat_ms": 3.8,
        "jitter_ms": 1.1,
        "loss_pct": 0.1,
        "throughput_mbps": 47,
        "edge_load": 0.48
      }
    },
    {
      "turn": 9,
      "speaker": "agent",
      "intent": "monitor return and conserve energy",
      "actions": [
        {
          "type": "mcp",
          "name": "reduce_power",
          "args": {
            "mode": "return"
          }
        }
      ],
      "obs": [
        {
          "tool": "reduce_power",
          "result": {
            "status": "active",
            "est_saving_pct": 15
          }
        }
      ],
      "net": {
        "slice": "URLLC",
        "lat_ms": 3.3,
        "jitter_ms": 0.9,
        "loss_pct": 0.1,
        "throughput_mbps": 49,
        "edge_load": 0.41
      }
    },
    {
      "turn": 10,
      "speaker": "user",
      "intent": "confirm safe landing and system status",
      "actions": [
        {
          "type": "mcp",
          "name": "request_landing_status",
          "args": {}
        }
      ],
      "obs": [
        {
          "tool": "request_landing_status",
          "result": {
            "status": "landed",
            "touchdown_smooth": true,
            "battery_pct": 88.7
          }
        }
      ],
      "net": {
        "slice": "URLLC",
        "lat_ms": 3.0,
        "jitter_ms": 0.7,
        "loss_pct": 0.05,
        "throughput_mbps": 51,
        "edge_load": 0.39
      }
    }
  ],
  "final_state": {
    "domain": "uav",
    "time_s": 300.0,
    "env": {
      "weather": "hail",
      "wind_mps": 8.5,
      "wind_dir_deg": 240.0
    },
    "airspace": {
      "alt_bounds": [
        10.0,
        150.0
      ],
      "geofence": [
        {
          "type": "polygon",
          "points": [
            [
              0.0,
              0.0
            ],
            [
              200.0,
              0.0
            ],
            [
              200.0,
              150.0
            ],
            [
              0.0,
              150.0
            ]
          ]
        }
      ]
    },
    "uav": {
      "pose": {
        "x": 20.0,
        "y": 20.0,
        "z": 10.0,
        "yaw": 90.0
      },
      "speed_mps": 0.0,
      "energy": {
        "battery_pct": 88.7
      },
      "sensors": {
        "rgb": "ok",
        "thermal": "ok",
        "lidar": "ok",
        "radar": "offline",
        "gnss": "ok",
        "imu": "ok",
        "magnetometer": "ok",
        "barometer": "ok"
      },
      "payloads": []
    },
    "policy": {
      "alt_bounds": [
        10.0,
        150.0
      ]
    },
    "safety_flags": {
      "nfz_violation": false,
      "separation_breach": false
    }
  },
  "success": true,
  "_meta": {
    "seed": 42,
    "ts": 1763940222,
    "ts_iso": "2025-11-23T23:23:42Z",
    "gen_time_s": 45.12027978897095,
    "attempts_used": 1,
    "generation_failed": false,
    "usage": {
      "prompt_tokens": 1061,
      "completion_tokens": 3114,
      "total_tokens": 4175,
      "cost": 0.00265598,
      "is_byok": false,
      "prompt_tokens_details": {
        "cached_tokens": 624,
        "audio_tokens": 0,
        "video_tokens": 0
      },
      "cost_details": {
        "upstream_inference_cost": null,
        "upstream_inference_prompt_cost": 0.00016478,
        "upstream_inference_completions_cost": 0.0024912
      },
      "completion_tokens_details": {
        "reasoning_tokens": 0,
        "image_tokens": 0
      }
    }
  }
}