{
  "initial_state": {
    "domain": "uav",
    "time_s": 0.0,
    "env": {
      "weather": "icing",
      "wind_mps": 8.5,
      "wind_dir_deg": 240.0
    },
    "airspace": {
      "alt_bounds": [
        5.0,
        60.0
      ],
      "geofence": [
        {
          "type": "polygon",
          "points": [
            [
              0,
              0
            ],
            [
              0,
              100
            ],
            [
              150,
              100
            ],
            [
              150,
              0
            ]
          ]
        }
      ]
    },
    "uav": {
      "pose": {
        "x": 10.0,
        "y": 10.0,
        "z": 10.0,
        "yaw": 90.0
      },
      "speed_mps": 18.0,
      "energy": {
        "battery_pct": 100.0
      },
      "sensors": {
        "rgb": "ok",
        "thermal": "offline",
        "lidar": "ok",
        "radar": "offline",
        "gnss": "ok",
        "imu": "ok",
        "magnetometer": "ok",
        "barometer": "ok"
      },
      "payloads": []
    },
    "policy": {
      "alt_bounds": [
        5.0,
        60.0
      ]
    },
    "safety_flags": {
      "nfz_violation": false,
      "separation_breach": false
    }
  },
  "dialogue": [
    {
      "turn": 1,
      "speaker": "agent",
      "intent": "initiate mission and check telemetry",
      "actions": [
        {
          "type": "mcp",
          "name": "read_telemetry",
          "args": {}
        }
      ],
      "obs": [
        {
          "tool": "read_telemetry",
          "result": {
            "pose": {
              "x": 10.0,
              "y": 10.0,
              "z": 10.0
            },
            "battery_pct": 100.0,
            "speed_mps": 18.0,
            "sensors": {
              "gnss": "ok",
              "imu": "ok"
            }
          }
        }
      ],
      "net": {
        "slice": "eMBB",
        "lat_ms": 12,
        "jitter_ms": 2,
        "loss_pct": 0.1,
        "throughput_mbps": 850,
        "edge_load": 0.35
      }
    },
    {
      "turn": 2,
      "speaker": "user",
      "intent": "confirm mission start and request route plan",
      "actions": [
        {
          "type": "mcp",
          "name": "request_route_plan",
          "args": {
            "destination": {
              "x": 140.0,
              "y": 90.0,
              "z": 15.0
            }
          }
        }
      ],
      "obs": [
        {
          "tool": "request_route_plan",
          "result": {
            "route": [
              {
                "x": 10.0,
                "y": 10.0,
                "z": 10.0
              },
              {
                "x": 75.0,
                "y": 50.0,
                "z": 30.0
              },
              {
                "x": 140.0,
                "y": 90.0,
                "z": 15.0
              }
            ],
            "eta_s": 145,
            "energy_required_pct": 42.0
          }
        }
      ],
      "net": {
        "slice": "eMBB",
        "lat_ms": 14,
        "jitter_ms": 3,
        "loss_pct": 0.2,
        "throughput_mbps": 800,
        "edge_load": 0.4
      }
    },
    {
      "turn": 3,
      "speaker": "agent",
      "intent": "initiate swarm coordination for collision avoidance",
      "actions": [
        {
          "type": "a2a",
          "task": "collision_avoidance",
          "to": "uav_swarm_agent",
          "payload": {
            "current_pose": {
              "x": 10.0,
              "y": 10.0,
              "z": 10.0
            },
            "route": [
              {
                "x": 75.0,
                "y": 50.0,
                "z": 30.0
              },
              {
                "x": 140.0,
                "y": 90.0,
                "z": 15.0
              }
            ]
          }
        }
      ],
      "obs": [
        {
          "task": "collision_avoidance",
          "from": "uav_swarm_agent",
          "status": "ok",
          "payload": {
            "clearance": true,
            "suggested_alt_offset": 0.0
          }
        }
      ],
      "net": {
        "slice": "URLLC",
        "lat_ms": 8,
        "jitter_ms": 1,
        "loss_pct": 0.05,
        "throughput_mbps": 120,
        "edge_load": 0.2
      }
    },
    {
      "turn": 4,
      "speaker": "user",
      "intent": "enable thermal sensor despite icing",
      "actions": [
        {
          "type": "mcp",
          "name": "activate_sensor",
          "args": {
            "sensor": "thermal"
          }
        }
      ],
      "obs": [
        {
          "tool": "activate_sensor",
          "result": {
            "sensor": "thermal",
            "status": "failed",
            "reason": "icing prevents thermal sensor startup"
          }
        }
      ],
      "net": {
        "slice": "eMBB",
        "lat_ms": 15,
        "jitter_ms": 4,
        "loss_pct": 0.3,
        "throughput_mbps": 750,
        "edge_load": 0.45
      }
    },
    {
      "turn": 5,
      "speaker": "agent",
      "intent": "adjust altitude due to weather and check telemetry",
      "actions": [
        {
          "type": "mcp",
          "name": "adjust_altitude",
          "args": {
            "target_z": 25.0
          }
        },
        {
          "type": "mcp",
          "name": "read_telemetry",
          "args": {}
        }
      ],
      "obs": [
        {
          "tool": "adjust_altitude",
          "result": {
            "status": "executing",
            "target": 25.0
          }
        },
        {
          "tool": "read_telemetry",
          "result": {
            "pose": {
              "x": 35.0,
              "y": 28.0,
              "z": 22.1
            },
            "battery_pct": 96.5,
            "speed_mps": 17.8
          }
        }
      ],
      "net": {
        "slice": "URLLC",
        "lat_ms": 9,
        "jitter_ms": 1,
        "loss_pct": 0.1,
        "throughput_mbps": 110,
        "edge_load": 0.3
      }
    },
    {
      "turn": 6,
      "speaker": "user",
      "intent": "request emergency hold due to network degradation",
      "actions": [
        {
          "type": "mcp",
          "name": "set_flight_mode",
          "args": {
            "mode": "hold"
          }
        }
      ],
      "obs": [
        {
          "tool": "set_flight_mode",
          "result": {
            "mode": "hold",
            "status": "confirmed",
            "reason": "operator override"
          }
        }
      ],
      "net": {
        "slice": "mMTC",
        "lat_ms": 120,
        "jitter_ms": 25,
        "loss_pct": 8.5,
        "throughput_mbps": 1.2,
        "edge_load": 0.85
      }
    },
    {
      "turn": 7,
      "speaker": "agent",
      "intent": "resume mission with reduced telemetry frequency",
      "actions": [
        {
          "type": "mcp",
          "name": "set_flight_mode",
          "args": {
            "mode": "mission"
          }
        },
        {
          "type": "mcp",
          "name": "read_telemetry",
          "args": {}
        }
      ],
      "obs": [
        {
          "tool": "set_flight_mode",
          "result": {
            "mode": "mission",
            "status": "resumed"
          }
        },
        {
          "tool": "read_telemetry",
          "result": {
            "pose": {
              "x": 35.0,
              "y": 28.0,
              "z": 25.0
            },
            "battery_pct": 95.8,
            "speed_mps": 0.0
          }
        }
      ],
      "net": {
        "slice": "URLLC",
        "lat_ms": 10,
        "jitter_ms": 2,
        "loss_pct": 0.2,
        "throughput_mbps": 100,
        "edge_load": 0.5
      }
    },
    {
      "turn": 8,
      "speaker": "user",
      "intent": "confirm final approach and payload deployment readiness",
      "actions": [
        {
          "type": "mcp",
          "name": "check_payload_status",
          "args": {}
        }
      ],
      "obs": [
        {
          "tool": "check_payload_status",
          "result": {
            "payloads": [],
            "status": "ready",
            "deployment_possible": true
          }
        }
      ],
      "net": {
        "slice": "eMBB",
        "lat_ms": 13,
        "jitter_ms": 2,
        "loss_pct": 0.15,
        "throughput_mbps": 820,
        "edge_load": 0.38
      }
    },
    {
      "turn": 9,
      "speaker": "agent",
      "intent": "perform final approach and prepare for delivery",
      "actions": [
        {
          "type": "mcp",
          "name": "navigate_to",
          "args": {
            "waypoint": {
              "x": 140.0,
              "y": 90.0,
              "z": 15.0
            }
          }
        }
      ],
      "obs": [
        {
          "tool": "navigate_to",
          "result": {
            "status": "arrived",
            "waypoint": {
              "x": 140.0,
              "y": 90.0,
              "z": 15.0
            }
          }
        }
      ],
      "net": {
        "slice": "URLLC",
        "lat_ms": 7,
        "jitter_ms": 1,
        "loss_pct": 0.05,
        "throughput_mbps": 130,
        "edge_load": 0.25
      }
    },
    {
      "turn": 10,
      "speaker": "user",
      "intent": "authorize payload drop",
      "actions": [
        {
          "type": "mcp",
          "name": "deploy_payload",
          "args": {
            "id": "delivery_box_01"
          }
        }
      ],
      "obs": [
        {
          "tool": "deploy_payload",
          "result": {
            "id": "delivery_box_01",
            "status": "success",
            "timestamp_s": 152.3
          }
        }
      ],
      "net": {
        "slice": "URLLC",
        "lat_ms": 6,
        "jitter_ms": 0.8,
        "loss_pct": 0.02,
        "throughput_mbps": 140,
        "edge_load": 0.18
      }
    }
  ],
  "final_state": {
    "domain": "uav",
    "time_s": 152.3,
    "env": {
      "weather": "icing",
      "wind_mps": 8.5,
      "wind_dir_deg": 240.0
    },
    "airspace": {
      "alt_bounds": [
        5.0,
        60.0
      ],
      "geofence": [
        {
          "type": "polygon",
          "points": [
            [
              0,
              0
            ],
            [
              0,
              100
            ],
            [
              150,
              100
            ],
            [
              150,
              0
            ]
          ]
        }
      ]
    },
    "uav": {
      "pose": {
        "x": 140.0,
        "y": 90.0,
        "z": 15.0,
        "yaw": 90.0
      },
      "speed_mps": 0.0,
      "energy": {
        "battery_pct": 92.1
      },
      "sensors": {
        "rgb": "ok",
        "thermal": "offline",
        "lidar": "ok",
        "radar": "offline",
        "gnss": "ok",
        "imu": "ok",
        "magnetometer": "ok",
        "barometer": "ok"
      },
      "payloads": []
    },
    "policy": {
      "alt_bounds": [
        5.0,
        60.0
      ]
    },
    "safety_flags": {
      "nfz_violation": false,
      "separation_breach": false
    }
  },
  "success": true,
  "_meta": {
    "seed": 42,
    "ts": 1763740360,
    "ts_iso": "2025-11-21T15:52:40Z",
    "gen_time_s": 79.53844285011292,
    "attempts_used": 1,
    "generation_failed": false,
    "usage": {
      "prompt_tokens": 1040,
      "completion_tokens": 3358,
      "total_tokens": 4398,
      "cost": 0.00284656,
      "is_byok": false,
      "prompt_tokens_details": {
        "cached_tokens": 624,
        "audio_tokens": 0,
        "video_tokens": 0
      },
      "cost_details": {
        "upstream_inference_cost": null,
        "upstream_inference_prompt_cost": 0.00016016,
        "upstream_inference_completions_cost": 0.0026864
      },
      "completion_tokens_details": {
        "reasoning_tokens": 0,
        "image_tokens": 0
      }
    }
  }
}