{
  "episode_id": "6gb_prompt_26e3a507a98cc3f7",
  "questions": [
    {
      "task_id": "T1",
      "task_name": "Intent Feasibility Assessment",
      "source_turn": 7,
      "question": "At turn 7, the UAV is operating under hail conditions with wind at 8.0 m/s from 270 degrees, currently at 25.0 meters altitude within a 10.0–120.0 meter policy-bound airspace. Network slice mMTC shows latency of 35 ms, jitter 12.0 ms, packet loss 5.0%, throughput 0.8 Mbps, and edge load 0.9. The UAV’s thermal sensor is active, and the mission requires transmitting thermal images every 30 seconds. If network degradation persists, the next thermal capture at turn 8 will fail unless throughput exceeds 1.2 Mbps or latency drops below 30 ms. The UAV has 100% battery and can switch to URLLC (latency 9 ms, loss 0.2%, throughput 55 Mbps, edge load 0.4) or eMBB (latency 18 ms, loss 1.0%, throughput 100 Mbps, edge load 0.7) but switching incurs a 2-second handover delay. Given that hail may worsen over the next two turns, which option should be selected to ensure mission continuity while minimizing risk of data loss and exceeding edge load thresholds?",
      "options": {
        "A": "Switch to URLLC immediately; despite handover delay, it guarantees sub-30ms latency and 55 Mbps throughput, keeping edge load at 0.4 which is below the 0.85 safety margin observed at turn 8.",
        "B": "Stay on mMTC and reduce sensor resolution; throughput may rise to 1.0 Mbps as observed at turn 8, but latency remains 32 ms and edge load 0.85, risking failure if loss exceeds 4.5% in turn 8.",
        "C": "Switch to eMBB; throughput of 100 Mbps exceeds requirement, but latency 18 ms is acceptable only if handover completes before turn 8, and edge load 0.7 may spike to 0.95 under hail-induced congestion.",
        "D": "Abort thermal capture and return to base; eliminates network risk but forfeits mission objective and wastes 100% battery, while URLLC remains available for safe return."
      },
      "correct": "A",
      "reason": "Switching to URLLC ensures latency under 30 ms and throughput above 1. 2 Mbps even under worst-case degradation, while edge load remains below 0. 85. Staying on mMTC risks capture failure due to persistent latency above 30 ms. eMBB’s higher throughput is offset by uncertain handover timing and potential edge load violation.",
      "rationale_tag": "WORST_CASE_NETWORK_GUARANTEE",
      "difficulty": "very_hard"
    },
    {
      "task_id": "T2",
      "task_name": "Intent Conflict Resolution",
      "source_turn": 7,
      "question": "The UAV is currently operating under hail conditions with wind at 8.0 m/s from 270 degrees, and its altitude is 25.0 meters within the allowed bounds of 10.0 to 120.0 meters. Network slice mMTC is active with latency 35 ms, jitter 12.0 ms, packet loss 5.0%, throughput 0.8 Mbps, and edge load 0.9 — all exceeding SLA thresholds for mission-critical telemetry. The UAV battery is at 100% and sensors are mostly functional except lidar and radar. If the degradation persists for one more turn, edge load will reach 0.95 and latency may spike to 45 ms under worst-case jitter. The mission intent is to complete thermal surveying, but policy mandates maintaining network SLA compliance for safety-critical control. Option A prioritizes returning to base now via URLLC slice with 10 ms latency and 0.35 edge load. Option B continues thermal scanning on mMTC with projected 45 ms latency next turn and 0.95 edge load. Option C switches to eMBB with 18 ms latency and 0.7 edge load but risks losing real-time control during image capture. Option D requests weather mitigation from ground control with 30% chance of success and 2-turn delay. Which option should be selected?",
      "options": {
        "A": "Return to base immediately using URLLC slice (latency 10 ms, edge load 0.35, loss 0.3%)",
        "B": "Continue thermal scanning on mMTC with projected latency 45 ms and edge load 0.95 next turn",
        "C": "Switch to eMBB slice (latency 18 ms, edge load 0.7) to capture thermal images while maintaining partial control",
        "D": "Request weather mitigation from ground control with 30% success chance and 2-turn delay"
      },
      "correct": "A",
      "reason": "Returning to base via URLLC minimizes maximum regret by ensuring control remains within SLA bounds even under worst-case network degradation. Continuing on mMTC risks violating latency and edge load thresholds within one turn, potentially causing mission failure. Switching to eMBB introduces control instability during image capture, which is unacceptable for safety-critical operations. Requesting mitigation has low probability of success and delays action, increasing exposure to risk. Only Option A guarantees compliance and safety across all plausible futures.",
      "rationale_tag": "WORST_CASE_SLA_COMPLIANCE",
      "difficulty": "very_hard"
    },
    {
      "task_id": "T3",
      "task_name": "Intent Drift Detection",
      "source_turn": 7,
      "question": "At turn 7, the UAV is operating under hail conditions with wind at 8.0 m/s from 270 degrees, and its altitude is 25.0 meters within bounds of 10.0 to 120.0 meters. The network slice has shifted to mMTC with latency of 35 ms, jitter of 12.0 ms, packet loss of 5.0%, throughput of 0.8 Mbps, and edge load at 0.9. The policy allows altitude adjustments but mandates SLA compliance for latency under 20 ms and loss under 3.0% for critical telemetry. If the degradation persists for one more turn, the edge load may reach 0.95, and latency could spike to 45 ms under worst-case jitter. The UAV’s battery is at 100% but thermal sensor is active, consuming 1.2 Mbps bandwidth. The mission intent was originally to survey, but now the network cannot support real-time telemetry. Which option should be selected to detect and respond to the subtle intent drift toward mission termination?",
      "options": {
        "A": "Continue thermal survey under mMTC, accepting 5.0% loss and 35 ms latency, assuming recovery in next turn.",
        "B": "Switch to URLLC immediately, accepting 50 Mbps throughput limit, to ensure latency under 20 ms and loss under 3.0% for telemetry.",
        "C": "Reduce sensor mode to low-res, cutting bandwidth to 0.5 Mbps, and remain on mMTC, accepting 4.5% loss and 32 ms latency for one more turn.",
        "D": "Initiate return-to-base maneuver now under URLLC, accepting 10 ms latency and 0.3% loss, even though battery is full and weather has not worsened."
      },
      "correct": "D",
      "reason": "The network degradation at turn 7 violates SLA for critical telemetry with 35 ms latency and 5. 0% loss, exceeding thresholds of 20 ms and 3. 0%. Even if sensor mode is reduced, edge load remains at 0. 85 and latency stays above 30 ms, risking further violation.",
      "rationale_tag": "INTENT_DRIFT_DETECTION",
      "difficulty": "very_hard"
    },
    {
      "task_id": "T4",
      "task_name": "Slice Selection Reasoning",
      "source_turn": 7,
      "question": "The UAV is currently operating under hail conditions with wind at 8.0 m/s and is at 25.0 m altitude, within bounds. Network slice mMTC is active with latency 35 ms, jitter 12.0 ms, packet loss 5.0%, throughput 0.8 Mbps, and edge load 0.9. Policy requires latency under 20 ms for control and throughput above 1.0 Mbps for sensor data. If degradation persists, edge load may rise to 0.95 next turn, increasing jitter to 15.0 ms and loss to 7.0%. A switch to URLLC would reduce latency to 9 ms and loss to 0.2% but cap throughput at 55 Mbps, while eMBB offers 100 Mbps throughput but latency of 18 ms and loss of 1.0%. Given the UAV must transmit thermal anomaly data within 2 turns and maintain control stability, which option should be selected?",
      "options": {
        "A": "Switch to URLLC: latency 9 ms, loss 0.2%, throughput 55 Mbps, edge load 0.4 — satisfies control SLA and provides sufficient throughput for compressed thermal data.",
        "B": "Stay on mMTC: latency 35 ms, loss 5.0%, throughput 0.8 Mbps, edge load 0.9 — acceptable if data can be queued, but violates control SLA and risks packet loss exceeding 7.0% next turn.",
        "C": "Switch to eMBB: latency 18 ms, loss 1.0%, throughput 100 Mbps, edge load 0.7 — meets throughput needs but latency is borderline and may exceed 20 ms if jitter spikes to 15.0 ms next turn.",
        "D": "Wait one turn and re-evaluate: current mMTC metrics may improve, but edge load is already at 0.9 and projected to hit 0.95, risking control instability and data loss beyond 7.0%."
      },
      "correct": "A",
      "reason": "URLLC is the only slice that guarantees latency under 20 ms and loss under 1. 0% even under worst-case projections. While eMBB offers higher throughput, its latency is too close to the SLA limit and may violate it under increased jitter. mMTC violates both latency and throughput SLAs and is projected to degrade further. Waiting one turn risks irreversible control failure due to edge overload and packet loss exceeding 7.",
      "rationale_tag": "WORST_CASE_SLICE_GUARANTEE",
      "difficulty": "very_hard"
    },
    {
      "task_id": "T5",
      "task_name": "Slice Switching Decision",
      "source_turn": 7,
      "question": "At turn 7, the UAV is operating under hail with wind at 8.0 mps, and network telemetry shows mMTC slice latency at 35 ms, jitter at 12.0 ms, packet loss at 5.0%, throughput at 0.8 Mbps, and edge load at 0.9. The mission requires thermal anomaly detection with a latency SLA of 20 ms and a loss tolerance of 3%. The next turn will involve transmitting a 5 MB thermal image, and the UAV has 100% battery but must return to base within 3 turns. Switching to URLLC now would reduce latency to 9 ms and loss to 0.2% but increase edge load to 0.95, risking overload in turn 8. Switching to eMBB would offer 18 ms latency and 100 Mbps throughput but exceed the 20 ms SLA. Maintaining mMTC risks violating SLA with 5.0% loss and 35 ms latency. If weather degrades further, edge load may rise to 0.98. Which option should be selected?",
      "options": {
        "A": "Switch to URLLC now to meet latency and loss SLA, accepting edge load of 0.95 and potential overload in turn 8.",
        "B": "Switch to eMBB to handle 5 MB image transmission, accepting 18 ms latency which exceeds SLA by 8 ms.",
        "C": "Maintain mMTC to avoid edge overload, accepting 35 ms latency and 5.0% loss, risking SLA violation.",
        "D": "Delay switching until turn 8, assuming edge load will drop to 0.85 as in turn 8 telemetry, despite current 0.9 load."
      },
      "correct": "A",
      "reason": "Switching to URLLC now ensures latency and loss remain within SLA bounds for the critical thermal image transmission. Although edge load rises to 0. 95, it remains below the 0. 98 worst-case projection under further weather degradation. Maintaining mMTC violates SLA with 35 ms latency and 5.",
      "rationale_tag": "SLA_COMPLIANCE_UNDER_WORST_CASE",
      "difficulty": "very_hard"
    },
    {
      "task_id": "T6",
      "task_name": "Slice Fairness vs Safety",
      "source_turn": 7,
      "question": "The swarm is operating under hail with wind at 8.0 mps, and current network slice is mMTC with latency 35 ms, jitter 12.0 ms, loss 5.0%, throughput 0.8 Mbps, and edge load 0.9. The mission requires thermal anomaly detection, which previously consumed 100 Mbps on eMBB but now must be scaled down. The next turn may see edge load rise to 0.95 under worst-case weather degradation, and SLA mandates latency under 20 ms for safety-critical commands. URLLC offers 9 ms latency but only 55 Mbps throughput, insufficient for full thermal resolution. eMBB offers 100 Mbps but 18 ms latency, risking SLA violation if jitter spikes. mMTC can sustain 1.0 Mbps but latency may hit 40 ms next turn. Which option should be selected to minimize maximum regret over the next two turns while preserving safety and mission continuity?",
      "options": {
        "A": "Switch to URLLC immediately to guarantee latency under 20 ms, accepting reduced thermal resolution and risking data loss if throughput exceeds 55 Mbps.",
        "B": "Stay on mMTC and reduce sensor resolution further to 0.5 Mbps, accepting latency up to 40 ms next turn, which may violate SLA if safety commands are delayed.",
        "C": "Switch to eMBB to preserve thermal resolution at 100 Mbps, accepting 18 ms latency now but risking 25 ms next turn if jitter increases, potentially violating SLA.",
        "D": "Request temporary edge load relief from network controller, assuming it reduces load to 0.8 next turn, allowing mMTC to maintain 1.0 Mbps with 32 ms latency, which is still above SLA."
      },
      "correct": "A",
      "reason": "URLLC guarantees latency under 20 ms even under worst-case jitter, preserving safety-critical command delivery. Although throughput is limited, the mission can adapt by reducing resolution without violating core objectives. eMBB risks SLA violation next turn if jitter increases, and mMTC cannot meet latency requirements even with reduced throughput. The edge load relief assumption in D is speculative and not guaranteed, making it riskier than the deterministic safety of URLLC.",
      "rationale_tag": "WORST_CASE_SAFETY_GUARANTEE",
      "difficulty": "very_hard"
    },
    {
      "task_id": "T7",
      "task_name": "Compute Placement Decision",
      "source_turn": 7,
      "question": "The UAV is currently at 25m altitude under hail conditions with wind at 8m/s. Network slice is mMTC with 35ms latency, 12ms jitter, 5% loss, 0.8Mbps throughput, and 90% edge load. The thermal sensor is active and must process 120MB of data per minute. SLA requires inference latency under 20ms and loss under 2%. If degradation persists, edge load will hit 95% next turn. Onboard inference consumes 15W and reduces battery by 3% per minute; edge inference requires 0.5Mbps minimum throughput. Which option should be selected?",
      "options": {
        "A": "Switch to onboard inference: latency 18ms, battery drain 3%/min, no network dependency, but thermal data cannot be offloaded.",
        "B": "Continue edge inference: current latency 35ms exceeds SLA, loss 5% violates SLA, edge load 90% will hit 95% next turn, risking complete failure.",
        "C": "Request URLLC slice: latency drops to 10ms, loss 0.1%, but throughput only 60Mbps — insufficient for 120MB/min thermal stream (requires 16Mbps).",
        "D": "Reduce sensor resolution to lower data rate: cuts data to 60MB/min, enabling edge inference under current mMTC, but sacrifices detection accuracy by 40%."
      },
      "correct": "A",
      "reason": "Onboard inference meets SLA latency and loss constraints without relying on degraded network. Edge inference violates SLA now and worsens next turn. URLLC lacks throughput for thermal data. Reducing resolution sacrifices mission-critical accuracy. Battery drain is acceptable over short return window.",
      "rationale_tag": "WORST_CASE_REGRET_MINIMIZATION",
      "difficulty": "very_hard"
    },
    {
      "task_id": "T8",
      "task_name": "Graceful Degradation under Edge Overload",
      "source_turn": 7,
      "question": "The UAV is currently operating under mMTC slice with latency 35ms, jitter 12ms, packet loss 5%, throughput 0.8Mbps, and edge load 0.9. The SLA requires latency < 30ms and edge load < 0.85. Weather-induced degradation is worsening, and the next turn may see edge load rise to 0.95 with latency up to 40ms. If the UAV continues thermal imaging, edge load will increase by 0.05 per turn. Switching to URLLC now reduces latency to 10ms but caps throughput at 60Mbps and increases jitter to 2ms. Switching to eMBB offers 100Mbps throughput but latency jumps to 20ms and edge load to 0.75. Maintaining mMTC risks SLA violation in one turn and potential mission abort. Which option should be selected?",
      "options": {
        "A": "Switch to URLLC immediately to guarantee latency compliance, accepting jitter increase and throughput cap.",
        "B": "Switch to eMBB to maintain high throughput for imaging, accepting latency near SLA limit and moderate edge load.",
        "C": "Maintain mMTC for one more turn to complete thermal scan, accepting high risk of SLA violation next turn.",
        "D": "Reduce sensor resolution to lower throughput demand, keeping mMTC but risking edge load exceeding 0.95 next turn."
      },
      "correct": "A",
      "reason": "Switching to URLLC immediately ensures latency remains under 30ms even under worst-case jitter and maintains edge load below 0. 85. Maintaining mMTC or reducing resolution fails under projected edge load of 0. 95 next turn. eMBB’s 20ms latency is acceptable but edge load of 0.",
      "rationale_tag": "WORST_CASE_LATENCY_MARGIN",
      "difficulty": "very_hard"
    },
    {
      "task_id": "T9",
      "task_name": "Trust-Aware Offloading",
      "source_turn": 7,
      "question": "The UAV is operating under hail conditions with wind at 8.0 m/s and is currently at 25.0 m altitude. Network slice mMTC is active with 35 ms latency, 12.0 ms jitter, 5.0% loss, and 0.8 Mbps throughput while edge load is at 0.9. Policy mandates altitude between 10.0 and 120.0 m, and the UAV must return to base within 3 turns to avoid battery depletion below 20%. If network degradation persists, offloading thermal data to edge may fail with 90% probability in turn 8. Option A proposes immediate local processing with 100% success but 15% battery drain per turn. Option B suggests switching to URLLC with 10 ms latency and 0.3% loss but only 50 Mbps throughput, risking edge overload if thermal data exceeds 45 MB. Option C delays offloading until turn 9, assuming recovery to eMBB with 18 ms latency, but if degradation continues, data loss exceeds 70%. Option D offloads now via mMTC with 5% loss, accepting 30% chance of retransmission failure. Which option should be selected?",
      "options": {
        "A": "Process locally: 100% success, 15% battery drain per turn, no network dependency.",
        "B": "Switch to URLLC: 10 ms latency, 0.3% loss, 50 Mbps throughput, but edge load may exceed 0.95 if data >45 MB.",
        "C": "Delay offloading to turn 9: assume eMBB recovery (18 ms latency), but 70% data loss if degradation persists.",
        "D": "Offload now via mMTC: 5% loss, 30% retransmission failure risk, edge load already at 0.9."
      },
      "correct": "A",
      "reason": "Local processing avoids network dependency under worst-case mMTC degradation. Battery drain of 15% per turn is acceptable over 3 turns given 100% starting battery. Switching to URLLC risks edge overload if thermal data exceeds 45 MB, which is plausible. Delaying to turn 9 assumes recovery that may not occur, risking 70% data loss. Offloading now via mMTC has 30% retransmission failure risk under high edge load.",
      "rationale_tag": "WORST_CASE_TRUST_AWARENESS",
      "difficulty": "very_hard"
    },
    {
      "task_id": "T10",
      "task_name": "SLA Violation Prediction",
      "source_turn": 7,
      "question": "At turn 7, the UAV is operating under hail with wind at 8.0 mps, and network telemetry shows mMTC slice latency at 35 ms, jitter at 12.0 ms, packet loss at 5.0%, throughput at 0.8 Mbps, and edge load at 0.9. The SLA requires latency ≤ 20 ms, jitter ≤ 5 ms, loss ≤ 2%, and throughput ≥ 1.0 Mbps for critical telemetry. Historical degradation trends show latency increasing by 3–7 ms per turn under hail, and edge load rising 0.05–0.15 per turn. If no intervention occurs, worst-case latency in turn 8 will hit 42 ms, jitter 17 ms, loss 7%, and throughput 0.6 Mbps. The UAV must choose one of four actions: A) remain on mMTC with current settings, B) switch to URLLC with 10 ms latency but 50 Mbps throughput cap, C) switch to eMBB with 18 ms latency but 100 Mbps throughput, D) reduce sensor sampling rate to halve data load, projecting 28 ms latency next turn. Which option should be selected?",
      "options": {
        "A": "Remain on mMTC with current settings, accepting current SLA violation and projected worsening.",
        "B": "Switch to URLLC with 10 ms latency, 50 Mbps throughput, and 0.4 edge load, accepting throughput cap but meeting latency SLA.",
        "C": "Switch to eMBB with 18 ms latency, 100 Mbps throughput, and 0.7 edge load, accepting jitter and loss SLA violations.",
        "D": "Reduce sensor sampling rate to halve data load, projecting 28 ms latency next turn, 9 ms jitter, 3.5% loss, and 1.2 Mbps throughput."
      },
      "correct": "B",
      "reason": "Switching to URLLC ensures latency and jitter remain under SLA limits even under worst-case degradation. Throughput is capped at 50 Mbps but exceeds the 1. 0 Mbps minimum required for telemetry. Other options fail under multi-turn projection: mMTC violates all SLA metrics by turn 8, eMBB exceeds jitter and loss limits, and reduced sampling still exceeds latency SLA in turn 8. URLLC minimizes maximum regret across plausible futures.",
      "rationale_tag": "WORST_CASE_SLAMIN",
      "difficulty": "very_hard"
    },
    {
      "task_id": "T11",
      "task_name": "Preemptive Autonomy Downgrade",
      "source_turn": 7,
      "question": "At turn 7, the UAV is operating under hail with wind at 8.0 mps, currently at 25.0m altitude with 100% battery, and the network has degraded to mMTC slice with 35ms latency, 12ms jitter, 5% loss, and 0.9 edge load. The policy allows altitudes between 10.0m and 120.0m, and the geofence bounds are fixed. If the degradation persists for one more turn, the edge load may reach 0.95, and latency could spike to 45ms with 15ms jitter under worst-case weather impact. The thermal sensor is active but not critical for return, and the UAV can switch to URLLC with 10ms latency and 0.35 edge load, but only if it reduces sensor data rate by 60%. Alternatively, it can descend to 15m to reduce wind exposure, which lowers battery drain by 15% per turn but increases collision risk by 20% due to terrain proximity. Which option should be selected?",
      "options": {
        "A": "Switch to URLLC slice and reduce sensor data rate by 60% to maintain control under worst-case latency and edge load projections.",
        "B": "Descend to 15m altitude to reduce wind exposure, accepting 20% higher collision risk for 15% lower battery drain per turn.",
        "C": "Maintain current mMTC slice and sensor mode, assuming weather will improve within the next turn based on historical recovery patterns.",
        "D": "Initiate immediate return to base using URLLC, overriding current mission, accepting 10% higher energy cost to guarantee communication integrity."
      },
      "correct": "A",
      "reason": "Switching to URLLC with reduced data rate ensures latency remains under 10ms and edge load stays below 0. 4, which is within safe operational bounds even under worst-case projections. Descending to 15m increases collision risk beyond acceptable thresholds and does not address network degradation. Maintaining mMTC risks exceeding SLA limits in the next turn if edge load reaches 0. 95.",
      "rationale_tag": "WORST_CASE_NETWORK_STABILITY",
      "difficulty": "very_hard"
    },
    {
      "task_id": "T12",
      "task_name": "Conservative Continuation Decision",
      "source_turn": 7,
      "question": "The UAV is operating under hail conditions with wind at 8.0 m/s and is currently at 25.0 m altitude within a 10.0–120.0 m altitude bound. Network slice mMTC is active with 35 ms latency, 12.0 ms jitter, 5.0% loss, and 0.9 edge load, while policy allows only 100 ms max latency and 10% max loss. The UAV has 100% battery and thermal sensor active, but lidar and radar remain offline. If network degradation persists for one more turn, edge load may reach 0.95 and loss may climb to 7.0%. Continuing the mission risks violating SLA in turn 8, while returning to base incurs 120 seconds of lost survey time. The thermal scan requires 3 more captures at 100 Mbps throughput, but current mMTC slice only provides 0.8 Mbps. Which option should be selected?",
      "options": {
        "A": "Continue mission using mMTC slice; accept 7.0% loss risk and 0.95 edge load in turn 8, as thermal data is critical and SLA violation is not guaranteed.",
        "B": "Switch to eMBB slice immediately; it offers 100 Mbps throughput and 18 ms latency, but edge load is 0.7 and may rise to 0.85 under sustained load, risking future congestion.",
        "C": "Switch to URLLC slice; it guarantees 10 ms latency and 0.3% loss, but throughput is capped at 60 Mbps, insufficient for thermal capture, and edge load is 0.35 with no headroom for additional tasks.",
        "D": "Initiate return to base; sacrifice thermal survey completion to avoid SLA violation, preserve battery, and ensure safe landing under hail, accepting 120 seconds of lost mission time."
      },
      "correct": "D",
      "reason": "The mMTC slice is already at 0. 9 edge load and 5. 0% loss, nearing SLA limits. Projected worst-case loss of 7. 0% and edge load of 0.",
      "rationale_tag": "WORST_CASE_SLA_AVOIDANCE",
      "difficulty": "very_hard"
    },
    {
      "task_id": "T13",
      "task_name": "Swarm-Level Slice Negotiation",
      "source_turn": 7,
      "question": "At turn 7, the UAV is operating under hail with wind at 8.0 m/s, and network telemetry shows mMTC slice latency at 35 ms, jitter at 12.0 ms, loss at 5.0%, throughput at 0.8 Mbps, and edge load at 0.9. The mission requires thermal anomaly detection with a latency SLA of 20 ms and a loss tolerance of 2.0%. The next turn will involve transmitting a 10 MB thermal image, and the edge load is projected to increase by 0.1 if mMTC persists. Under worst-case jitter and loss, the probability of transmission failure exceeds 80%. Switching to URLLC would reduce latency to 9 ms and loss to 0.2% but cap throughput at 55 Mbps, which may delay transmission if the image compresses to 15 MB. eMBB offers 100 Mbps throughput but latency of 18 ms and loss of 1.0%, which may violate SLA if jitter spikes to 6.0 ms. Given that the UAV must complete the transmission within 2 turns and battery depletes at 5% per turn, which option should be selected?",
      "options": {
        "A": "Remain on mMTC to preserve edge load margin, accepting 80% failure risk and potential mission abort.",
        "B": "Switch to URLLC to guarantee latency and loss SLA, accepting possible 15 MB transmission delay if compression fails.",
        "C": "Switch to eMBB to maximize throughput, accepting 18 ms latency and 1.0% loss with 20% risk of jitter-induced SLA violation.",
        "D": "Delay transmission until turn 9, when edge load may drop to 0.7, accepting 10% battery loss and potential weather escalation."
      },
      "correct": "B",
      "reason": "URLLC guarantees latency and loss SLA under worst-case jitter, which is critical for mission success. Although throughput is capped, the 15 MB worst-case image size is still within URLLC’s 55 Mbps capacity over two turns. mMTC fails SLA with 80% failure probability. eMBB risks SLA violation under jitter spikes. Delaying transmission risks battery depletion and weather escalation, making URLLC the least regretful choice over the next two turns.",
      "rationale_tag": "WORST_CASE_SLICE_GUARANTEE",
      "difficulty": "very_hard"
    },
    {
      "task_id": "T14",
      "task_name": "Scheduler Reconfiguration Adaptation",
      "source_turn": 7,
      "question": "At turn 7, network telemetry shows mMTC slice latency at 35ms with 12ms jitter and 5% loss, while edge load is 0.9, nearing saturation. The UAV is at 25m altitude with 100% battery, and hail continues with 8m/s wind. Policy allows altitudes 10–120m. If the scheduler reconfigures to URLLC next turn, latency drops to 9ms but throughput falls to 55Mbps, insufficient for thermal data streaming. If it stays on mMTC, edge load may hit 1.0 next turn, risking total loss. If it switches to eMBB, throughput rises to 100Mbps but latency jumps to 18ms, exceeding SLA for control commands. If it descends to 15m to reduce wind impact, battery drain increases by 15% per turn, and network conditions may worsen. Given that thermal anomaly data must be transmitted within 2 turns or be lost, and assuming worst-case jitter adds 20% to latency, which option should be selected?",
      "options": {
        "A": "Switch to URLLC slice: latency 9ms, throughput 55Mbps, edge load 0.4 — sufficient for control but not thermal data.",
        "B": "Remain on mMTC: latency 35ms, jitter 12ms, loss 5%, edge load 0.9 — risk of edge overload next turn.",
        "C": "Switch to eMBB: latency 18ms, throughput 100Mbps, edge load 0.7 — violates control SLA if jitter adds 20%.",
        "D": "Descend to 15m altitude: reduces wind impact but increases battery drain 15%/turn and may worsen network conditions."
      },
      "correct": "A",
      "reason": "URLLC provides the lowest worst-case latency under jitter expansion, preserving control integrity over the next two turns. Although throughput is insufficient for thermal streaming, the mission can prioritize control over data transmission to ensure safe return. mMTC risks total network failure next turn due to edge load saturation. eMBB violates control SLA under worst-case jitter. Descending increases battery risk without guaranteeing network improvement.",
      "rationale_tag": "WORST_CASE_CONTROL_PRESERVATION",
      "difficulty": "very_hard"
    },
    {
      "task_id": "T15",
      "task_name": "Decision Consistency under Replanning",
      "source_turn": 10,
      "question": "The UAV is returning to base under hail conditions with battery at 100% and current altitude at 25m. Network slice is URLLC with latency 8ms, jitter 1.0ms, loss 0.1%, throughput 60Mbps, and edge load 0.2. Historical data shows that at turn 7, mMTC slice had 35ms latency and 5% loss, and at turn 8, after reducing sensor mode, loss dropped to 4.5% but latency remained 32ms. Wind speed is 8m/s from 270°, and geofence bounds are 0.0–600.0m east-west and 0.0–500.0m north-south. If the hail persists for one more turn, the edge load may increase by 0.15 under URLLC, and latency may rise to 12ms with 0.5% loss. The UAV must land within 3 turns or risk battery depletion below 20% due to wind resistance. Which option should be selected?",
      "options": {
        "A": "Continue return under URLLC with current settings, accepting potential latency rise to 12ms and edge load increase to 0.35, as it maintains control priority.",
        "B": "Switch to eMBB slice for higher throughput (120Mbps) despite higher jitter (3.0ms) and loss (0.5%), to accelerate data offload before landing.",
        "C": "Revert to mMTC slice with 32ms latency and 4.5% loss, accepting higher risk of command loss, to reduce edge load to 0.85 and preserve network capacity.",
        "D": "Abort landing and ascend to 120m to avoid hail, switching to eMBB for better sensor data transmission, accepting 15ms latency and 0.5% loss."
      },
      "correct": "A",
      "reason": "Option A maintains URLLC which is optimized for control and has the lowest latency and loss under current conditions. Even under worst-case projection, latency remains under 15ms and loss under 0. 5%, which is within acceptable bounds for landing commands. Switching to eMBB or mMTC introduces higher jitter and loss that could delay critical commands during descent. Ascending to 120m would consume battery faster due to wind resistance and delay landing beyond the 3-turn safety window.",
      "rationale_tag": "WORST_CASE_CONTROL_PRESERVATION",
      "difficulty": "very_hard"
    },
    {
      "task_id": "T16",
      "task_name": "Network-Exposed Compute Marketplace",
      "source_turn": 7,
      "question": "The UAV is currently operating under hail conditions with wind at 8.0 m/s, and network slice mMTC is active with latency 35 ms, jitter 12.0 ms, packet loss 5.0%, throughput 0.8 Mbps, and edge load 0.9. The thermal sensor is active and generating data at 1.2 Mbps, exceeding current throughput. The SLA for mission-critical telemetry requires latency under 20 ms and loss under 1.0%. If the UAV continues thermal capture for one more turn, edge load will reach 0.95, risking slice collapse. If it switches to URLLC now, latency drops to 9 ms but throughput caps at 55 Mbps, which is sufficient for telemetry but not for thermal data. If it switches to eMBB, throughput rises to 100 Mbps but latency jumps to 18 ms, which is under SLA but may degrade further if edge load exceeds 0.8. If it disables thermal capture entirely, edge load drops to 0.7 and all metrics return to safe bounds, but mission data is lost. Given the weather is worsening and no recovery is guaranteed next turn, which option should be selected?",
      "options": {
        "A": "Continue thermal capture on mMTC for one more turn, accepting risk of slice collapse and SLA violation.",
        "B": "Switch immediately to URLLC to ensure latency and loss compliance, accepting loss of thermal data.",
        "C": "Switch to eMBB to preserve thermal data, accepting latency near SLA limit and risk of future degradation.",
        "D": "Disable thermal capture entirely to reduce edge load to 0.7, ensuring all SLA metrics are met but forfeiting mission data."
      },
      "correct": "B",
      "reason": "Switching to URLLC ensures latency remains at 9 ms and loss at 0. 2%, both within SLA, while edge load drops to 0. 4, reducing future risk. Continuing on mMTC risks slice collapse with edge load at 0. 95 and latency at 35 ms, violating SLA.",
      "rationale_tag": "WORST_CASE_REGRET_MINIMIZATION",
      "difficulty": "very_hard"
    },
    {
      "task_id": "T17",
      "task_name": "Network-Knowledge RAG Augmentation",
      "source_turn": 7,
      "question": "At turn 7, network telemetry shows mMTC slice latency at 35ms with 12ms jitter and 5% loss, edge load at 0.9, and throughput at 0.8Mbps. Policy requires SLA latency under 20ms for critical telemetry and 50ms for non-critical. The UAV is at 25m altitude, battery at 85%, and must transmit thermal anomaly data within 2 turns or risk mission failure. If degradation persists, edge load may rise to 0.95 next turn. Option A uses URLLC with 10ms latency but only 50Mbps throughput, risking data truncation. Option B uses eMBB with 18ms latency and 100Mbps throughput but may violate SLA if jitter spikes to 6ms. Option C uses mMTC with 35ms latency and 0.8Mbps throughput, risking SLA violation and data loss. Option D buffers data for 1 turn, reducing edge load to 0.75 but risking mission failure if weather worsens. Which option should be selected?",
      "options": {
        "A": "Use URLLC slice: 10ms latency, 50Mbps throughput, edge load 0.35 — prioritizes latency but risks data truncation if payload exceeds 50MB.",
        "B": "Use eMBB slice: 18ms latency, 100Mbps throughput, edge load 0.7 — acceptable latency under mean jitter but violates SLA if jitter exceeds 4ms.",
        "C": "Continue using mMTC slice: 35ms latency, 0.8Mbps throughput, edge load 0.9 — violates SLA and risks 5% data loss per transmission.",
        "D": "Buffer data for 1 turn: reduces edge load to 0.75 but delays transmission, risking mission failure if weather degrades further."
      },
      "correct": "A",
      "reason": "URLLC provides the only slice that guarantees latency under 20ms even under worst-case jitter of 2ms. Although throughput is limited, the thermal anomaly data is under 50MB and can be segmented. eMBB risks SLA violation if jitter exceeds 4ms, which is plausible given prior 12ms jitter. mMTC violates SLA and has high loss. Buffering risks mission failure if weather worsens, which is likely given hail conditions.",
      "rationale_tag": "WORST_CASE_LATENCY_GUARANTEE",
      "difficulty": "very_hard"
    },
    {
      "task_id": "T18",
      "task_name": "AI Agent Identity & Onboarding",
      "source_turn": 7,
      "question": "The UAV agent is currently operating under hail conditions with wind at 8.0 m/s and is registered under a policy allowing altitudes between 10.0 and 120.0 meters. At turn 7, network telemetry shows mMTC slice latency at 35 ms, jitter at 12.0 ms, packet loss at 5.0%, throughput at 0.8 Mbps, and edge load at 0.9. The agent’s battery is at 100% but thermal sensor is active, and lidar/radar remain offline. Historical data shows that under mMTC, latency can spike to 45 ms and loss to 7.0% in the next turn if edge load exceeds 0.95. The agent must now decide whether to re-register under a new identity with stricter SLA enforcement, which would force a switch to URLLC but consume 15% battery per turn for authentication overhead. Alternatively, it may retain current identity and risk SLA violation if degradation continues. A third option is to switch to eMBB identity with relaxed latency but higher throughput, though it increases jitter to 6.0 ms and may delay anomaly reporting. The fourth option is to initiate emergency identity revocation and return to base, forfeiting mission data but preserving battery and network stability. Which option should be selected?",
      "options": {
        "A": "Re-register under new identity with URLLC enforcement, accepting 15% battery drain per turn to guarantee latency under 15 ms and loss under 1.0%.",
        "B": "Retain current identity and continue operating under mMTC, assuming degradation will stabilize at current levels.",
        "C": "Switch to eMBB identity, accepting jitter up to 6.0 ms for higher throughput, prioritizing data capture over real-time control.",
        "D": "Initiate emergency identity revocation and return to base, abandoning mission to preserve system integrity and battery."
      },
      "correct": "A",
      "reason": "Re-registering under URLLC identity ensures latency remains under 15 ms and loss under 1. 0% even under worst-case degradation, which is critical for maintaining control during hail. Retaining mMTC identity risks SLA violation in the next turn if edge load climbs to 0. 95, which would push latency to 45 ms and loss to 7. 0%.",
      "rationale_tag": "WORST_CASE_SLA_ENFORCEMENT",
      "difficulty": "very_hard"
    },
    {
      "task_id": "T19",
      "task_name": "AI Agent Interoperability & Federation",
      "source_turn": 7,
      "question": "At turn 7, the UAV is operating under hail with wind at 8.0 mps, and the network slice has degraded to mMTC with 35 ms latency, 12.0 ms jitter, 5.0% loss, and 0.9 edge load. The thermal sensor is active, and the mission requires anomaly reporting within 2 turns. The next turn may see edge load rise to 0.95 under worst-case weather persistence. Option A maintains mMTC with 1.0 Mbps throughput but risks 6.0% loss next turn. Option B switches to URLLC with 55 Mbps throughput but requires 3 seconds to reconfigure, during which no data can be transmitted. Option C switches to eMBB with 100 Mbps throughput but latency jumps to 20 ms and jitter to 5.0 ms, risking SLA violation if anomaly detection requires sub-15 ms latency. Option D suspends all transmission for 1 turn to reset network state, risking mission delay but reducing edge load to 0.6. Which option should be selected?",
      "options": {
        "A": "Maintain mMTC with 1.0 Mbps throughput despite 6.0% loss risk next turn.",
        "B": "Switch to URLLC with 55 Mbps throughput, accepting 3-second reconfiguration delay.",
        "C": "Switch to eMBB with 100 Mbps throughput, accepting 20 ms latency and 5.0 ms jitter.",
        "D": "Suspend all transmission for 1 turn to reset network state, reducing edge load to 0.6."
      },
      "correct": "B",
      "reason": "Switching to URLLC ensures the lowest latency and loss under worst-case conditions, which is critical for anomaly reporting within two turns. Although reconfiguration causes a 3-second delay, the subsequent 55 Mbps throughput and 0. 2% loss guarantee data integrity. Maintaining mMTC risks exceeding 5% loss, violating SLA. eMBB introduces latency too high for real-time anomaly detection.",
      "rationale_tag": "WORST_CASE_LATENCY_SLA",
      "difficulty": "very_hard"
    },
    {
      "task_id": "T20",
      "task_name": "Agent-to-Agent Communication Management",
      "source_turn": 7,
      "question": "At turn 7, the UAV is ascending under hail with wind at 8 m/s, battery at 100%, and thermal sensor active; network slice is mMTC with latency 35 ms, jitter 12 ms, loss 5%, throughput 0.8 Mbps, edge load 0.9. The mission requires transmitting thermal anomaly data to the swarm agent within 50 ms latency and 2% loss to avoid mission failure. URLLC slice offers 9 ms latency, 1.5 ms jitter, 0.2% loss, 55 Mbps throughput, edge load 0.4, but switching incurs 300 ms handover delay. eMBB slice offers 18 ms latency, 4 ms jitter, 1% loss, 100 Mbps throughput, edge load 0.7, but may degrade further under wind shear. If network degradation continues at 20% per turn, and the next transmission must occur within 2 turns, which option should be selected to minimize maximum regret under worst-case latency and loss bounds?",
      "options": {
        "A": "Switch to URLLC immediately despite 300 ms handover delay, accepting temporary outage to guarantee future SLA compliance.",
        "B": "Stay on mMTC and reduce resolution to 1/4, accepting 5% loss and 35 ms latency, hoping degradation slows to 10% per turn.",
        "C": "Switch to eMBB now, accepting 18 ms latency and 1% loss, assuming edge load will not exceed 0.85 in next turn.",
        "D": "Delay transmission until turn 9, when UAV returns to base and URLLC is available with 10 ms latency and 0.3% loss, risking mission timeout."
      },
      "correct": "A",
      "reason": "Switching to URLLC incurs 300 ms handover delay but guarantees sub-50 ms latency and sub-2% loss for future transmissions under worst-case degradation. Staying on mMTC risks exceeding loss SLA by turn 8 even under 10% degradation. eMBB may exceed edge load capacity and degrade further. Delaying until turn 9 risks mission timeout as no transmission occurs in turn 8. URLLC minimizes maximum regret by ensuring SLA compliance despite initial penalty.",
      "rationale_tag": "WORST_CASE_SLAMINIMIZATION",
      "difficulty": "very_hard"
    },
    {
      "task_id": "T21",
      "task_name": "Device-Network Task Offload Arbitration",
      "source_turn": 7,
      "question": "The UAV is currently operating under hail conditions with wind at 8.0 m/s and is at 25.0 m altitude. Network slice mMTC is active with 35 ms latency, 12.0 ms jitter, 5.0% loss, 0.8 Mbps throughput, and 0.9 edge load. The thermal sensor is active and requires 1.2 Mbps for full resolution, but the current slice cannot support it. The next turn may see edge load rise to 0.95 under worst-case weather persistence. Offloading to edge would incur 18 ms latency with 4.0 ms jitter and 1.0% loss, but edge load is already 0.7 and may hit 0.85 next turn. Cloud offload would take 45 ms with 15 ms jitter and 0.5% loss, but requires 2.5 Mbps and may not complete before battery drops below 20% in 3 turns. Local processing consumes 15% battery per turn and risks thermal data loss if network degrades further. Which option should be selected?",
      "options": {
        "A": "Offload to edge: latency 18 ms, jitter 4.0 ms, loss 1.0%, edge load 0.7 (projected 0.85 next turn), throughput 100 Mbps",
        "B": "Offload to cloud: latency 45 ms, jitter 15 ms, loss 0.5%, throughput 2.5 Mbps, battery drain 5% per turn",
        "C": "Process locally: battery drain 15% per turn, no network dependency, but risk of data loss if network degrades beyond 5% loss",
        "D": "Wait one turn and re-evaluate: current slice mMTC may recover to 25 ms latency and 2.0% loss, but edge load may hit 0.95"
      },
      "correct": "C",
      "reason": "Local processing avoids network dependency when edge load is near saturation and cloud latency exceeds real-time thresholds. Battery drain is acceptable over three turns given 100% starting level. Offloading to edge risks violating SLA under projected load increase. Cloud offload exceeds latency tolerance and throughput requirement. Waiting one turn risks irreversible data loss under worst-case degradation.",
      "rationale_tag": "WORST_CASE_REGRET_MINIMIZATION",
      "difficulty": "very_hard"
    },
    {
      "task_id": "T22",
      "task_name": "Federated / Collaborative Learning Orchestration",
      "source_turn": 7,
      "question": "The UAV is currently operating under hail conditions with wind at 8.0 m/s and is scheduled to perform federated model updates across edge nodes. Network slice mMTC is active with latency 35 ms, jitter 12.0 ms, loss 5.0%, throughput 0.8 Mbps, and edge load 0.9. The SLA requires latency under 30 ms and loss under 3% for federated training. The next turn may see 10% degradation in throughput and 20% increase in jitter if hail persists. The UAV battery is at 100% but will drain 5% per turn if active. The edge node can buffer up to 2 MB of model data before overflow. Option A schedules training now using mMTC with 1.5 MB data. Option B delays training for 2 turns to switch to URLLC, which has 9 ms latency and 0.2% loss but requires 10% battery per turn to maintain. Option C uses eMBB with 18 ms latency and 1.0% loss but risks 25% data loss if jitter exceeds 5.0 ms. Option D splits training into two 0.75 MB chunks over mMTC with 50% success probability per chunk. Which option should be selected?",
      "options": {
        "A": "Schedule training now using mMTC with 1.5 MB data.",
        "B": "Delay training for 2 turns to switch to URLLC, which has 9 ms latency and 0.2% loss but requires 10% battery per turn to maintain.",
        "C": "Use eMBB with 18 ms latency and 1.0% loss but risks 25% data loss if jitter exceeds 5.0 ms.",
        "D": "Split training into two 0.75 MB chunks over mMTC with 50% success probability per chunk."
      },
      "correct": "B",
      "reason": "Option B minimizes maximum regret by ensuring SLA compliance under worst-case jitter and throughput degradation. Although it consumes 20% battery over two turns, it avoids data loss and edge buffer overflow. Option A violates latency and loss SLAs immediately. Option C risks 25% data loss under jitter uncertainty. Option D has 25% overall success probability and risks buffer overflow if both chunks fail.",
      "rationale_tag": "WORST_CASE_SLAMINIMIZATION",
      "difficulty": "very_hard"
    },
    {
      "task_id": "T23",
      "task_name": "Network-Assisted Digital Twin Control",
      "source_turn": 7,
      "question": "The UAV is operating under hail conditions with wind at 8.0 m/s and is currently at 25.0 m altitude. Network slice mMTC is active with 35 ms latency, 12.0 ms jitter, 5.0% loss, and 0.8 Mbps throughput, while edge load is at 0.9. The digital twin requires telemetry updates every 200 ms to maintain state fidelity, and command latency must not exceed 25 ms to avoid control instability. If degradation persists, edge load may rise to 0.95 next turn, increasing jitter by 20% and loss by 1.5 percentage points. Switching to URLLC would reduce latency to 9 ms and loss to 0.2% but cap throughput at 55 Mbps, which may delay thermal image transmission. eMBB offers 100 Mbps throughput but latency of 18 ms and 1.0% loss, risking state drift if jitter spikes. Which option should be selected to maintain digital twin integrity over the next two turns while minimizing maximum regret?",
      "options": {
        "A": "Switch to URLLC immediately to guarantee sub-25 ms latency and 0.2% loss, accepting throughput limitation for thermal data.",
        "B": "Stay on mMTC and reduce sensor sampling rate to match 0.8 Mbps, accepting 35 ms latency and 5.0% loss as tolerable for now.",
        "C": "Switch to eMBB to leverage 100 Mbps throughput for thermal data, accepting 18 ms latency and 1.0% loss with risk of jitter exceeding 25 ms.",
        "D": "Wait one turn to observe if mMTC recovers; if edge load drops below 0.85, continue; otherwise switch to URLLC."
      },
      "correct": "A",
      "reason": "URLLC guarantees latency under 25 ms and loss under 0. 5% even under worst-case jitter and edge load projections. mMTC’s 35 ms latency already violates the 200 ms telemetry update constraint and will worsen next turn. eMBB’s 18 ms latency is acceptable now but jitter may spike above 25 ms under edge load increase, risking control instability. Waiting one turn risks irreversible state drift if degradation persists, making URLLC the least regretful choice over two turns.",
      "rationale_tag": "WORST_CASE_LATENCY_GUARANTEE",
      "difficulty": "very_hard"
    },
    {
      "task_id": "T24",
      "task_name": "Sensing-Enhanced Decisioning (ISAC)",
      "source_turn": 7,
      "question": "The UAV is operating under hail conditions with wind at 8.0 m/s from 270 degrees, currently at 25.0 m altitude with full battery and functional RGB, thermal, GNSS, IMU, magnetometer, and barometer sensors, but offline LIDAR and radar. Network slice mMTC is active with 35 ms latency, 12.0 ms jitter, 5.0% packet loss, 0.8 Mbps throughput, and 0.9 edge load. The mission requires thermal anomaly detection, but the current slice cannot sustain real-time thermal streaming. If the UAV continues thermal capture under mMTC, latency may rise to 40 ms and loss to 7% next turn. Alternatively, switching to URLLC would reduce latency to 9 ms and loss to 0.2% but cap throughput at 55 Mbps, which is insufficient for high-res thermal. eMBB offers 100 Mbps throughput but latency of 18 ms and 1.0% loss, risking missed anomaly detection. Given the hail persists and wind may increase to 10.0 m/s next turn, which option should be selected to ensure mission continuity while minimizing risk of data loss or control failure over the next two turns?",
      "options": {
        "A": "Continue thermal capture on mMTC, accepting 40 ms latency and 7% loss next turn, as it is the only slice currently active.",
        "B": "Switch to URLLC immediately to guarantee sub-10 ms latency and 0.2% loss, even though throughput is capped at 55 Mbps, which may degrade thermal resolution.",
        "C": "Switch to eMBB for 100 Mbps throughput to preserve thermal resolution, accepting 18 ms latency and 1.0% loss, which is within historical tolerance.",
        "D": "Deactivate thermal sensor and switch to GNSS+IMU fusion for navigation only, using URLLC for control, to eliminate data transmission risk entirely."
      },
      "correct": "B",
      "reason": "Switching to URLLC ensures latency remains under 10 ms and loss under 0. 3% even under worst-case wind escalation, preserving control integrity. Although throughput is capped at 55 Mbps, thermal resolution can be downsampled without losing anomaly detection capability. Continuing on mMTC risks exceeding 40 ms latency and 7% loss, which could cause control desynchronization. eMBB’s 18 ms latency and 1.",
      "rationale_tag": "WORST_CASE_CONTROL_INTEGRITY",
      "difficulty": "very_hard"
    },
    {
      "task_id": "T25",
      "task_name": "AI-Agent-based Disaster / Public-Safety Coordination",
      "source_turn": 7,
      "question": "At turn 7, the UAV is operating under hail with wind at 8.0 m/s, and network slice mMTC shows latency 35 ms, jitter 12.0 ms, loss 5.0%, throughput 0.8 Mbps, and edge load 0.9. The UAV’s battery is at 100%, but thermal sensor is active and consuming bandwidth. The policy allows altitude between 10.0 and 120.0 meters. If the network degradation persists for one more turn, edge load may reach 0.95, risking command loss. The next thermal scan would require 1.2 Mbps throughput, exceeding current capacity. A switch to URLLC would reduce latency to 9 ms and loss to 0.2%, but throughput caps at 55 Mbps and may not support sensor data. eMBB offers 100 Mbps but latency jumps to 18 ms and loss to 1.0%, risking real-time control. Which option should be selected?",
      "options": {
        "A": "Switch to URLLC immediately to ensure command reliability, accepting potential sensor data loss if throughput exceeds 55 Mbps.",
        "B": "Stay on mMTC and reduce sensor resolution to fit 0.8 Mbps, accepting 35 ms latency and 5% loss for one more turn.",
        "C": "Switch to eMBB to support thermal scan, accepting 18 ms latency and 1.0% loss, with edge load projected to 0.75 next turn.",
        "D": "Initiate return-to-base maneuver now, abandoning thermal scan, to preserve battery and avoid network failure under edge load 0.95."
      },
      "correct": "D",
      "reason": "The network is already at edge load 0. 9 and projected to reach 0. 95 next turn, risking command loss. Thermal scan requires 1. 2 Mbps, exceeding mMTC’s 0.",
      "rationale_tag": "WORST_CASE_NETWORK_REGRET",
      "difficulty": "very_hard"
    },
    {
      "task_id": "T26",
      "task_name": "Trust-Aware Third-Party Agent Exposure",
      "source_turn": 7,
      "question": "At turn 7, network slice mMTC exhibits latency 35 ms, jitter 12.0 ms, loss 5.0%, throughput 0.8 Mbps, and edge load 0.9, with weather-induced degradation expected to persist for at least two more turns. The UAV must expose thermal image data to a third-party inspection agent under GDPR Article 9 constraints requiring minimal data exposure and SLA-bound latency under 20 ms. Option A grants full-resolution thermal access over mMTC with no compression, Option B restricts to low-res thumbnails over URLLC with 10 ms latency, Option C delays exposure until turn 9 when URLLC is scheduled, risking mission failure, Option D uses eMBB with 18 ms latency but 1.0% loss and 0.7 edge load, which may spike to 0.95 under worst-case jitter. Given the UAV’s battery is at 100% and thermal sensor is active, which option should be selected?",
      "options": {
        "A": "Expose full-resolution thermal data over mMTC with no compression, accepting 35 ms latency and 5.0% loss.",
        "B": "Expose low-resolution thumbnails over URLLC with 10 ms latency, reducing data volume by 80% and ensuring SLA compliance.",
        "C": "Delay exposure until turn 9 when URLLC is scheduled, risking mission failure if weather persists beyond turn 8.",
        "D": "Expose medium-resolution data over eMBB with 18 ms latency and 1.0% loss, accepting edge load of 0.7 which may spike to 0.95."
      },
      "correct": "B",
      "reason": "Option B ensures SLA compliance by using URLLC with 10 ms latency, which is under the 20 ms bound, and reduces data volume to minimize exposure under GDPR. Although it sacrifices resolution, it avoids the 35 ms latency and 5. 0% loss of mMTC in Option A, which violates SLA. Option C risks mission failure by delaying exposure, and Option D’s edge load may spike to 0. 95, risking network collapse under worst-case jitter.",
      "rationale_tag": "TRUST_REGULATION_CONSENT_BALANCE",
      "difficulty": "very_hard"
    },
    {
      "task_id": "T27",
      "task_name": "Agent Lifecycle & Management",
      "source_turn": 7,
      "question": "The UAV is currently operating under hail conditions with wind at 8.0 m/s and is experiencing network degradation on mMTC slice: latency 35 ms, jitter 12.0 ms, loss 5.0%, throughput 0.8 Mbps, edge load 0.9. Policy requires SLA compliance for critical telemetry with latency < 20 ms and loss < 1.0%. The UAV battery is at 100% but descending at 15 m/s toward base. If degradation persists, latency may rise to 45 ms and loss to 7.0% next turn. The agent must decide whether to migrate to URLLC (latency 10 ms, loss 0.3%, throughput 50 Mbps, edge load 0.35), remain on mMTC with reduced sensor mode (latency 32 ms, loss 4.5%, throughput 1.0 Mbps, edge load 0.85), initiate emergency landing (battery drain 2% per turn, 3 turns to base), or scale down to dormant state (saves 1% battery per turn, no telemetry). Which option should be selected?",
      "options": {
        "A": "Migrate to URLLC slice to meet SLA with margin: latency 10 ms < 20 ms, loss 0.3% < 1.0%, edge load 0.35 < 0.9, preserving full telemetry.",
        "B": "Remain on mMTC with reduced sensor mode: latency 32 ms exceeds SLA by 12 ms, loss 4.5% exceeds by 3.5%, but edge load drops to 0.85, saving 0.5 Mbps bandwidth.",
        "C": "Initiate emergency landing: battery drains 2% per turn, 3 turns to base, losing 6% total, but avoids network risk; telemetry stops after 1 turn.",
        "D": "Scale down to dormant state: saves 1% battery per turn, no telemetry, edge load drops to 0.1, but violates SLA indefinitely and risks mission failure."
      },
      "correct": "A",
      "reason": "Migrating to URLLC ensures SLA compliance under worst-case degradation with latency 10 ms and loss 0. 3% both within bounds. Remaining on mMTC risks exceeding SLA by 12 ms and 3. 5% loss next turn. Emergency landing sacrifices telemetry and incurs 6% battery loss without resolving network risk.",
      "rationale_tag": "WORST_CASE_SLAMARGIN",
      "difficulty": "very_hard"
    },
    {
      "task_id": "T28",
      "task_name": "6G Model Training-as-a-Service Decision",
      "source_turn": 7,
      "question": "The UAV is currently operating under hail conditions with wind at 8.0 m/s, and network slice mMTC is active with latency 35 ms, jitter 12.0 ms, packet loss 5.0%, throughput 0.8 Mbps, and edge load 0.9. A customer requests immediate LLM fine-tuning using 120 MB of training data, requiring SLA of latency ≤20 ms, loss ≤1.0%, and throughput ≥5 Mbps. The next turn may see edge load rise to 0.95 under worst-case weather persistence, and the UAV’s battery will drop to 85% after 2 turns. URLLC slice offers 9 ms latency, 0.2% loss, 55 Mbps throughput, and 0.4 edge load but is reserved for emergency telemetry. eMBB slice offers 18 ms latency, 1.0% loss, 100 Mbps throughput, and 0.7 edge load but may degrade to 25 ms latency and 2.0% loss if wind persists. Which option should be selected?",
      "options": {
        "A": "Accept using URLLC slice despite reservation, as it meets all SLA metrics and edge load will remain below 0.5 for next 2 turns.",
        "B": "Accept using eMBB slice, as current throughput exceeds requirement and latency is under 20 ms; assume weather improves by next turn.",
        "C": "Reject the request and prioritize return to base, as mMTC cannot meet SLA and switching slices risks mission-critical telemetry loss.",
        "D": "Accept using mMTC slice with data compression, as 0.8 Mbps throughput may suffice for 120 MB if latency tolerance is relaxed to 40 ms."
      },
      "correct": "C",
      "reason": "The mMTC slice violates SLA on latency, loss, and throughput. URLLC meets SLA but is reserved for emergency telemetry and switching may cause mission failure. eMBB meets SLA currently but degrades under worst-case weather, risking SLA violation next turn. Rejecting minimizes regret by preserving UAV safety and avoiding SLA breach under uncertainty.",
      "rationale_tag": "WORST_CASE_REGRET_MINIMIZATION",
      "difficulty": "very_hard"
    },
    {
      "task_id": "T29",
      "task_name": "Immersive/AR Resource Prioritization",
      "source_turn": 7,
      "question": "The UAV is operating under hail conditions with wind at 8.0 mps and is currently at 25.0m altitude. Network slice mMTC is active with latency 35ms, jitter 12.0ms, loss 5.0%, throughput 0.8Mbps, and edge load 0.9. Policy requires latency under 20ms for critical control and throughput above 1.0Mbps for thermal imaging. If weather degrades further, edge load may rise to 0.95 and latency to 40ms. Over the next two turns, the UAV must either continue thermal imaging, switch to URLLC for control, or reduce resolution to eMBB. Option A continues mMTC with current settings. Option B switches to URLLC with 9ms latency, 1.5ms jitter, 0.2% loss, 55Mbps throughput, and 0.4 edge load. Option C switches to eMBB with 18ms latency, 4.0ms jitter, 1.0% loss, 100Mbps throughput, and 0.7 edge load. Option D reduces thermal resolution to 0.5Mbps target, keeping mMTC with projected 30ms latency and 0.85 edge load. Which option should be selected?",
      "options": {
        "A": "Continue mMTC with current settings: latency 35ms, throughput 0.8Mbps, edge load 0.9.",
        "B": "Switch to URLLC: latency 9ms, throughput 55Mbps, edge load 0.4.",
        "C": "Switch to eMBB: latency 18ms, throughput 100Mbps, edge load 0.7.",
        "D": "Reduce thermal resolution to 0.5Mbps target, keeping mMTC: projected latency 30ms, edge load 0.85."
      },
      "correct": "B",
      "reason": "Switching to URLLC ensures latency remains under 20ms even if edge load rises to 0. 95, preserving control integrity. Throughput of 55Mbps exceeds the 1. 0Mbps thermal requirement, allowing future imaging if conditions improve. mMTC options risk violating latency SLA under worst-case degradation.",
      "rationale_tag": "WORST_CASE_LATENCY_MARGIN",
      "difficulty": "very_hard"
    },
    {
      "task_id": "T30",
      "task_name": "Network Security Detection & Response Automation",
      "source_turn": 7,
      "question": "At turn 7, network telemetry shows mMTC slice latency at 35 ms with 12 ms jitter and 5% packet loss, while edge load is 0.9, nearing saturation. Historical data from turn 5 indicates eMBB slice latency was 18 ms with 4 ms jitter and 1% loss under similar edge load of 0.7. A security anomaly detection system flags potential DDoS amplification due to rising edge load and jitter variance. If the anomaly persists for one more turn, worst-case latency could reach 45 ms with 15 ms jitter and 7% loss. The UAV must maintain GNSS and IMU telemetry with SLA of <20 ms latency and <5% loss. Option A isolates the mMTC slice and switches to URLLC with 10 ms latency and 0.3% loss but reduces throughput to 50 Mbps. Option B continues mMTC with throttled sensors, projecting 38 ms latency and 6% loss next turn. Option C switches to eMBB, which historically supports 100 Mbps throughput but has 18 ms latency and 1% loss under 0.7 load, now projected at 22 ms and 3% loss under 0.9 load. Option D initiates emergency landing, terminating all network traffic. Which option should be selected?",
      "options": {
        "A": "Isolate mMTC and switch to URLLC: latency 10 ms, loss 0.3%, throughput 50 Mbps, edge load 0.35",
        "B": "Continue mMTC with throttled sensors: projected latency 38 ms, loss 6%, edge load 0.85",
        "C": "Switch to eMBB: projected latency 22 ms, loss 3%, throughput 100 Mbps, edge load 0.9",
        "D": "Initiate emergency landing: terminates all network traffic, ensures safety but aborts mission"
      },
      "correct": "A",
      "reason": "Option A ensures latency and loss remain within SLA bounds even under worst-case projections. Option B exceeds loss SLA by 1% and latency by 18 ms next turn. Option C meets loss SLA but exceeds latency SLA by 2 ms under projected load. Option D avoids network risk but incurs mission failure and forfeits telemetry continuity. Only Option A maintains operational compliance while minimizing future regret across all plausible futures.",
      "rationale_tag": "SLA_COMPLIANCE_UNDER_WORST_CASE",
      "difficulty": "very_hard"
    }
  ]
}