{
  "initial_state": {
    "domain": "uav",
    "time_s": 0.0,
    "env": {
      "weather": "snow",
      "wind_mps": 8.0,
      "wind_dir_deg": 270.0
    },
    "airspace": {
      "alt_bounds": [
        10.0,
        150.0
      ],
      "geofence": [
        {
          "type": "polygon",
          "points": [
            [
              100,
              100
            ],
            [
              100,
              500
            ],
            [
              500,
              500
            ],
            [
              500,
              100
            ]
          ]
        }
      ]
    },
    "uav": {
      "pose": {
        "x": 120.0,
        "y": 120.0,
        "z": 20.0,
        "yaw": 90.0
      },
      "speed_mps": 35.0,
      "energy": {
        "battery_pct": 100.0
      },
      "sensors": {
        "rgb": "ok",
        "thermal": "offline",
        "lidar": "ok",
        "radar": "offline",
        "gnss": "ok",
        "imu": "ok",
        "magnetometer": "ok",
        "barometer": "ok"
      },
      "payloads": []
    },
    "policy": {
      "alt_bounds": [
        10.0,
        150.0
      ]
    },
    "safety_flags": {
      "nfz_violation": false,
      "separation_breach": false
    }
  },
  "dialogue": [
    {
      "turn": 1,
      "speaker": "agent",
      "intent": "initiate mission and check telemetry",
      "actions": [
        {
          "type": "mcp",
          "name": "read_telemetry",
          "args": {}
        }
      ],
      "obs": [
        {
          "tool": "read_telemetry",
          "result": {
            "pose": {
              "x": 120.0,
              "y": 120.0,
              "z": 20.0,
              "yaw": 90.0
            },
            "speed_mps": 35.0,
            "battery_pct": 100.0,
            "sensors": {
              "gnss": "ok",
              "imu": "ok"
            }
          }
        }
      ],
      "net": {
        "slice": "eMBB",
        "lat_ms": 12,
        "jitter_ms": 3,
        "loss_pct": 0.1,
        "throughput_mbps": 850,
        "edge_load": 0.35
      }
    },
    {
      "turn": 2,
      "speaker": "user",
      "intent": "confirm mission start and request route plan",
      "actions": [
        {
          "type": "mcp",
          "name": "plan_route",
          "args": {
            "start": [
              120,
              120
            ],
            "goal": [
              480,
              480
            ],
            "obstacles": []
          }
        }
      ],
      "obs": [
        {
          "tool": "plan_route",
          "result": {
            "waypoints": [
              [
                150,
                150
              ],
              [
                300,
                300
              ],
              [
                480,
                480
              ]
            ],
            "estimated_duration_s": 120,
            "energy_cost_pct": 18
          }
        }
      ],
      "net": {
        "slice": "eMBB",
        "lat_ms": 10,
        "jitter_ms": 2,
        "loss_pct": 0.05,
        "throughput_mbps": 900,
        "edge_load": 0.4
      }
    },
    {
      "turn": 3,
      "speaker": "agent",
      "intent": "validate geofence compliance and initiate swarm coordination",
      "actions": [
        {
          "type": "mcp",
          "name": "check_geofence",
          "args": {
            "waypoints": [
              [
                150,
                150
              ],
              [
                300,
                300
              ],
              [
                480,
                480
              ]
            ]
          }
        },
        {
          "type": "a2a",
          "task": "collision_avoidance",
          "to": "uav_swarm_agent",
          "payload": {
            "uav_id": "uav-7",
            "trajectory": [
              [
                120,
                120,
                20
              ],
              [
                150,
                150,
                30
              ]
            ]
          }
        }
      ],
      "obs": [
        {
          "tool": "check_geofence",
          "result": {
            "valid": true,
            "violations": []
          }
        },
        {
          "task": "collision_avoidance",
          "from": "uav_swarm_agent",
          "status": "ok",
          "payload": {
            "risk_level": "low",
            "suggested_offset": null
          }
        }
      ],
      "net": {
        "slice": "URLLC",
        "lat_ms": 8,
        "jitter_ms": 1,
        "loss_pct": 0.02,
        "throughput_mbps": 120,
        "edge_load": 0.2
      }
    },
    {
      "turn": 4,
      "speaker": "user",
      "intent": "request sensor activation and thermal diagnostics",
      "actions": [
        {
          "type": "mcp",
          "name": "activate_sensor",
          "args": {
            "sensor": "thermal",
            "mode": "diagnostic"
          }
        }
      ],
      "obs": [
        {
          "tool": "activate_sensor",
          "result": {
            "sensor": "thermal",
            "status": "failed",
            "reason": "hardware_fault"
          }
        }
      ],
      "net": {
        "slice": "mMTC",
        "lat_ms": 150,
        "jitter_ms": 20,
        "loss_pct": 1.5,
        "throughput_mbps": 1.2,
        "edge_load": 0.6
      }
    },
    {
      "turn": 5,
      "speaker": "agent",
      "intent": "adapt to sensor failure and request redundancy",
      "actions": [
        {
          "type": "a2a",
          "task": "request_thermal_coverage",
          "to": "uav_swarm_agent",
          "payload": {
            "target_area": [
              470,
              470,
              490,
              490
            ],
            "priority": "high"
          }
        }
      ],
      "obs": [
        {
          "task": "request_thermal_coverage",
          "from": "uav_swarm_agent",
          "status": "accepted",
          "payload": {
            "assigned_uav": "uav-12",
            "eta_coverage": 45
          }
        }
      ],
      "net": {
        "slice": "URLLC",
        "lat_ms": 9,
        "jitter_ms": 1.5,
        "loss_pct": 0.03,
        "throughput_mbps": 110,
        "edge_load": 0.25
      }
    },
    {
      "turn": 6,
      "speaker": "user",
      "intent": "request real-time video stream",
      "actions": [
        {
          "type": "mcp",
          "name": "start_video_stream",
          "args": {
            "resolution": "1080p",
            "bitrate_kbps": 4000
          }
        }
      ],
      "obs": [
        {
          "tool": "start_video_stream",
          "result": {
            "status": "rejected",
            "reason": "insufficient_bandwidth",
            "current_slice": "URLLC",
            "suggested_action": "switch_to_eMBB"
          }
        }
      ],
      "net": {
        "slice": "URLLC",
        "lat_ms": 7,
        "jitter_ms": 1,
        "loss_pct": 0.01,
        "throughput_mbps": 100,
        "edge_load": 0.75
      }
    },
    {
      "turn": 7,
      "speaker": "agent",
      "intent": "negotiate network slice upgrade for video",
      "actions": [
        {
          "type": "mcp",
          "name": "request_network_slice",
          "args": {
            "desired": "eMBB",
            "priority": "medium"
          }
        }
      ],
      "obs": [
        {
          "tool": "request_network_slice",
          "result": {
            "status": "granted",
            "new_slice": "eMBB",
            "latency_ms": 14,
            "throughput_mbps": 880
          }
        }
      ],
      "net": {
        "slice": "eMBB",
        "lat_ms": 14,
        "jitter_ms": 4,
        "loss_pct": 0.1,
        "throughput_mbps": 880,
        "edge_load": 0.8
      }
    },
    {
      "turn": 8,
      "speaker": "user",
      "intent": "initiate video stream after upgrade",
      "actions": [
        {
          "type": "mcp",
          "name": "start_video_stream",
          "args": {
            "resolution": "1080p",
            "bitrate_kbps": 4000
          }
        }
      ],
      "obs": [
        {
          "tool": "start_video_stream",
          "result": {
            "status": "active",
            "stream_id": "vid-7a2f",
            "bitrate_kbps": 4000,
            "latency_s": 0.25
          }
        }
      ],
      "net": {
        "slice": "eMBB",
        "lat_ms": 13,
        "jitter_ms": 3,
        "loss_pct": 0.08,
        "throughput_mbps": 870,
        "edge_load": 0.82
      }
    },
    {
      "turn": 9,
      "speaker": "agent",
      "intent": "monitor telemetry under snow and wind",
      "actions": [
        {
          "type": "mcp",
          "name": "read_telemetry",
          "args": {}
        }
      ],
      "obs": [
        {
          "tool": "read_telemetry",
          "result": {
            "pose": {
              "x": 305.0,
              "y": 305.0,
              "z": 32.0,
              "yaw": 88.0
            },
            "speed_mps": 33.5,
            "battery_pct": 82.0,
            "wind_compensation_active": true
          }
        }
      ],
      "net": {
        "slice": "eMBB",
        "lat_ms": 15,
        "jitter_ms": 5,
        "loss_pct": 0.2,
        "throughput_mbps": 840,
        "edge_load": 0.85
      }
    },
    {
      "turn": 10,
      "speaker": "user",
      "intent": "command return to home",
      "actions": [
        {
          "type": "mcp",
          "name": "return_to_home",
          "args": {}
        }
      ],
      "obs": [
        {
          "tool": "return_to_home",
          "result": {
            "status": "initiated",
            "route": [
              [
                480,
                480
              ],
              [
                300,
                300
              ],
              [
                120,
                120
              ]
            ],
            "estimated_time_s": 95
          }
        }
      ],
      "net": {
        "slice": "URLLC",
        "lat_ms": 6,
        "jitter_ms": 1,
        "loss_pct": 0.01,
        "throughput_mbps": 150,
        "edge_load": 0.3
      }
    },
    {
      "turn": 11,
      "speaker": "agent",
      "intent": "verify safe landing conditions",
      "actions": [
        {
          "type": "mcp",
          "name": "check_landing_zone",
          "args": {
            "location": [
              120,
              120
            ]
          }
        }
      ],
      "obs": [
        {
          "tool": "check_landing_zone",
          "result": {
            "clear": true,
            "obstacles": [],
            "wind_speed_last_10s_avg_mps": 7.2
          }
        }
      ],
      "net": {
        "slice": "URLLC",
        "lat_ms": 5,
        "jitter_ms": 0.8,
        "loss_pct": 0.0,
        "throughput_mbps": 160,
        "edge_load": 0.2
      }
    }
  ],
  "final_state": {
    "domain": "uav",
    "time_s": 220.0,
    "env": {
      "weather": "snow",
      "wind_mps": 8.0,
      "wind_dir_deg": 270.0
    },
    "airspace": {
      "alt_bounds": [
        10.0,
        150.0
      ],
      "geofence": [
        {
          "type": "polygon",
          "points": [
            [
              100,
              100
            ],
            [
              100,
              500
            ],
            [
              500,
              500
            ],
            [
              500,
              100
            ]
          ]
        }
      ]
    },
    "uav": {
      "pose": {
        "x": 120.0,
        "y": 120.0,
        "z": 5.0,
        "yaw": 90.0
      },
      "speed_mps": 0.0,
      "energy": {
        "battery_pct": 68.0
      },
      "sensors": {
        "rgb": "ok",
        "thermal": "offline",
        "lidar": "ok",
        "radar": "offline",
        "gnss": "ok",
        "imu": "ok",
        "magnetometer": "ok",
        "barometer": "ok"
      },
      "payloads": []
    },
    "policy": {
      "alt_bounds": [
        10.0,
        150.0
      ]
    },
    "safety_flags": {
      "nfz_violation": false,
      "separation_breach": false
    }
  },
  "success": true,
  "_meta": {
    "seed": 42,
    "ts": 1763888961,
    "ts_iso": "2025-11-23T09:09:21Z",
    "gen_time_s": 65.55395174026489,
    "attempts_used": 1,
    "generation_failed": false,
    "usage": {
      "prompt_tokens": 1053,
      "completion_tokens": 3618,
      "total_tokens": 4671,
      "cost": 0.00305918,
      "is_byok": false,
      "prompt_tokens_details": {
        "cached_tokens": 608,
        "audio_tokens": 0,
        "video_tokens": 0
      },
      "cost_details": {
        "upstream_inference_cost": null,
        "upstream_inference_prompt_cost": 0.00016478,
        "upstream_inference_completions_cost": 0.0028944
      },
      "completion_tokens_details": {
        "reasoning_tokens": 0,
        "image_tokens": 0
      }
    }
  }
}