{
  "initial_state": {
    "domain": "uav",
    "time_s": 0.0,
    "env": {
      "weather": "snow",
      "wind_mps": 7.5,
      "wind_dir_deg": 240.0
    },
    "airspace": {
      "alt_bounds": [
        5.0,
        120.0
      ],
      "geofence": [
        {
          "type": "polygon",
          "points": [
            [
              0,
              0
            ],
            [
              200,
              0
            ],
            [
              200,
              150
            ],
            [
              0,
              150
            ]
          ]
        }
      ]
    },
    "uav": {
      "pose": {
        "x": 10.0,
        "y": 10.0,
        "z": 10.0,
        "yaw": 280.0
      },
      "speed_mps": 35.0,
      "energy": {
        "battery_pct": 100.0
      },
      "sensors": {
        "rgb": "ok",
        "thermal": "ok",
        "lidar": "ok",
        "radar": "offline",
        "gnss": "ok",
        "imu": "ok",
        "magnetometer": "ok",
        "barometer": "ok"
      },
      "payloads": []
    },
    "policy": {
      "alt_bounds": [
        5.0,
        120.0
      ]
    },
    "safety_flags": {
      "nfz_violation": false,
      "separation_breach": false
    }
  },
  "dialogue": [
    {
      "turn": 1,
      "speaker": "agent",
      "intent": "initiate reconnaissance mission under snow conditions",
      "actions": [
        {
          "type": "mcp",
          "name": "read_telemetry",
          "args": {}
        },
        {
          "type": "a2a",
          "task": "request_weather_update",
          "to": "weather_agent",
          "payload": {
            "location": [
              10.0,
              10.0
            ],
            "timestamp": 0.0
          }
        }
      ],
      "obs": [
        {
          "tool": "read_telemetry",
          "result": {
            "pose": {
              "x": 10.0,
              "y": 10.0,
              "z": 10.0
            },
            "battery_pct": 100.0,
            "speed_mps": 35.0
          }
        },
        {
          "task": "request_weather_update",
          "from": "weather_agent",
          "status": "ok",
          "payload": {
            "precipitation": "snow",
            "visibility_m": 450,
            "wind_gust_mps": 12.0
          }
        }
      ],
      "net": {
        "slice": "eMBB",
        "lat_ms": 18,
        "jitter_ms": 3,
        "loss_pct": 0.1,
        "throughput_mbps": 850,
        "edge_load": 0.45
      }
    },
    {
      "turn": 2,
      "speaker": "user",
      "intent": "approve ascent and route adjustment for visibility",
      "actions": [
        {
          "type": "mcp",
          "name": "update_flight_plan",
          "args": {
            "waypoints": [
              [
                50.0,
                50.0,
                45.0
              ],
              [
                150.0,
                100.0,
                60.0
              ]
            ],
            "speed": 30.0
          }
        }
      ],
      "obs": [
        {
          "tool": "update_flight_plan",
          "result": {
            "status": "accepted",
            "execution_time_s": 0.8
          }
        }
      ],
      "net": {
        "slice": "URLLC",
        "lat_ms": 8,
        "jitter_ms": 1,
        "loss_pct": 0.05,
        "throughput_mbps": 120,
        "edge_load": 0.3
      }
    },
    {
      "turn": 3,
      "speaker": "agent",
      "intent": "ascend to improve sensor visibility in snow",
      "actions": [
        {
          "type": "mcp",
          "name": "set_altitude",
          "args": {
            "target_z": 45.0
          }
        },
        {
          "type": "mcp",
          "name": "activate_sensor",
          "args": {
            "sensor": "thermal"
          }
        }
      ],
      "obs": [
        {
          "tool": "set_altitude",
          "result": {
            "achieved_z": 45.0,
            "duration_s": 12.3
          }
        },
        {
          "tool": "activate_sensor",
          "result": {
            "sensor": "thermal",
            "status": "active"
          }
        }
      ],
      "net": {
        "slice": "eMBB",
        "lat_ms": 22,
        "jitter_ms": 4,
        "loss_pct": 0.2,
        "throughput_mbps": 780,
        "edge_load": 0.52
      }
    },
    {
      "turn": 4,
      "speaker": "user",
      "intent": "request real-time video feed for visual confirmation",
      "actions": [
        {
          "type": "mcp",
          "name": "start_video_stream",
          "args": {
            "resolution": "1080p",
            "bitrate_kbps": 4000
          }
        }
      ],
      "obs": [
        {
          "tool": "start_video_stream",
          "result": {
            "status": "streaming",
            "rtt_estimate_ms": 35,
            "actual_bitrate_kbps": 3800
          }
        }
      ],
      "net": {
        "slice": "eMBB",
        "lat_ms": 25,
        "jitter_ms": 6,
        "loss_pct": 0.3,
        "throughput_mbps": 720,
        "edge_load": 0.68
      }
    },
    {
      "turn": 5,
      "speaker": "agent",
      "intent": "detect network degradation and switch to efficient telemetry",
      "actions": [
        {
          "type": "mcp",
          "name": "read_network_metrics",
          "args": {}
        },
        {
          "type": "mcp",
          "name": "reduce_video_quality",
          "args": {
            "bitrate_kbps": 1500
          }
        }
      ],
      "obs": [
        {
          "tool": "read_network_metrics",
          "result": {
            "lat_ms": 45,
            "loss_pct": 1.8,
            "jitter_ms": 12
          }
        },
        {
          "tool": "reduce_video_quality",
          "result": {
            "bitrate_kbps": 1500,
            "status": "applied"
          }
        }
      ],
      "net": {
        "slice": "URLLC",
        "lat_ms": 12,
        "jitter_ms": 2,
        "loss_pct": 0.1,
        "throughput_mbps": 100,
        "edge_load": 0.4
      }
    },
    {
      "turn": 6,
      "speaker": "user",
      "intent": "instruct UAV to proceed to second waypoint cautiously",
      "actions": [
        {
          "type": "mcp",
          "name": "set_speed",
          "args": {
            "target_speed": 20.0
          }
        },
        {
          "type": "a2a",
          "task": "check_separation",
          "to": "uav_swarm_agent",
          "payload": {
            "current_position": [
              50.0,
              50.0,
              45.0
            ],
            "next_waypoint": [
              150.0,
              100.0,
              60.0
            ]
          }
        }
      ],
      "obs": [
        {
          "tool": "set_speed",
          "result": {
            "achieved_speed": 20.0
          }
        },
        {
          "task": "check_separation",
          "from": "uav_swarm_agent",
          "status": "clear",
          "payload": {
            "nearest_uav_distance": 85.0,
            "relative_altitude": 12.0
          }
        }
      ],
      "net": {
        "slice": "mMTC",
        "lat_ms": 35,
        "jitter_ms": 8,
        "loss_pct": 0.5,
        "throughput_mbps": 1.2,
        "edge_load": 0.25
      }
    },
    {
      "turn": 7,
      "speaker": "agent",
      "intent": "perform mid-mission sensor diagnostics due to snow accumulation risk",
      "actions": [
        {
          "type": "mcp",
          "name": "run_diagnostic",
          "args": {
            "system": "lidar"
          }
        },
        {
          "type": "mcp",
          "name": "activate_heater",
          "args": {
            "component": "lidar_window"
          }
        }
      ],
      "obs": [
        {
          "tool": "run_diagnostic",
          "result": {
            "system": "lidar",
            "status": "degraded",
            "issue": "partial occlusion"
          }
        },
        {
          "tool": "activate_heater",
          "result": {
            "component": "lidar_window",
            "status": "heating",
            "power_w": 45
          }
        }
      ],
      "net": {
        "slice": "URLLC",
        "lat_ms": 10,
        "jitter_ms": 1,
        "loss_pct": 0.08,
        "throughput_mbps": 95,
        "edge_load": 0.33
      }
    },
    {
      "turn": 8,
      "speaker": "user",
      "intent": "authorize continuation with thermal imaging focus",
      "actions": [
        {
          "type": "mcp",
          "name": "switch_primary_sensor",
          "args": {
            "sensor": "thermal"
          }
        }
      ],
      "obs": [
        {
          "tool": "switch_primary_sensor",
          "result": {
            "active_sensor": "thermal",
            "mode": "high_gain"
          }
        }
      ],
      "net": {
        "slice": "URLLC",
        "lat_ms": 9,
        "jitter_ms": 1,
        "loss_pct": 0.05,
        "throughput_mbps": 110,
        "edge_load": 0.28
      }
    },
    {
      "turn": 9,
      "speaker": "agent",
      "intent": "reach final waypoint and prepare for return",
      "actions": [
        {
          "type": "mcp",
          "name": "arrive_waypoint",
          "args": {
            "waypoint": [
              150.0,
              100.0,
              60.0
            ]
          }
        },
        {
          "type": "a2a",
          "task": "request_return_corridor",
          "to": "atc_agent",
          "payload": {
            "return_route": [
              [
                150.0,
                100.0,
                60.0
              ],
              [
                75.0,
                50.0,
                30.0
              ],
              [
                10.0,
                10.0,
                15.0
              ]
            ]
          }
        }
      ],
      "obs": [
        {
          "tool": "arrive_waypoint",
          "result": {
            "waypoint": [
              150.0,
              100.0,
              60.0
            ],
            "timestamp": 142.7,
            "battery_pct": 76.3
          }
        },
        {
          "task": "request_return_corridor",
          "from": "atc_agent",
          "status": "granted",
          "payload": {
            "corridor_width_m": 20,
            "floor_alt_m": 25.0
          }
        }
      ],
      "net": {
        "slice": "eMBB",
        "lat_ms": 20,
        "jitter_ms": 3,
        "loss_pct": 0.15,
        "throughput_mbps": 800,
        "edge_load": 0.5
      }
    },
    {
      "turn": 10,
      "speaker": "user",
      "intent": "approve return path and initiate landing sequence",
      "actions": [
        {
          "type": "mcp",
          "name": "begin_landing",
          "args": {
            "target_location": [
              10.0,
              10.0
            ],
            "approach_alt": 15.0
          }
        }
      ],
      "obs": [
        {
          "tool": "begin_landing",
          "result": {
            "status": "in_progress",
            "glide_slope_locked": true
          }
        }
      ],
      "net": {
        "slice": "URLLC",
        "lat_ms": 7,
        "jitter_ms": 1,
        "loss_pct": 0.03,
        "throughput_mbps": 130,
        "edge_load": 0.22
      }
    }
  ],
  "final_state": {
    "domain": "uav",
    "time_s": 185.4,
    "env": {
      "weather": "snow",
      "wind_mps": 7.5,
      "wind_dir_deg": 240.0
    },
    "airspace": {
      "alt_bounds": [
        5.0,
        120.0
      ],
      "geofence": [
        {
          "type": "polygon",
          "points": [
            [
              0,
              0
            ],
            [
              200,
              0
            ],
            [
              200,
              150
            ],
            [
              0,
              150
            ]
          ]
        }
      ]
    },
    "uav": {
      "pose": {
        "x": 10.0,
        "y": 10.0,
        "z": 5.0,
        "yaw": 280.0
      },
      "speed_mps": 0.0,
      "energy": {
        "battery_pct": 68.7
      },
      "sensors": {
        "rgb": "ok",
        "thermal": "active",
        "lidar": "functional",
        "radar": "offline",
        "gnss": "ok",
        "imu": "ok",
        "magnetometer": "ok",
        "barometer": "ok"
      },
      "payloads": []
    },
    "policy": {
      "alt_bounds": [
        5.0,
        120.0
      ]
    },
    "safety_flags": {
      "nfz_violation": false,
      "separation_breach": false
    }
  },
  "success": true,
  "_meta": {
    "seed": 42,
    "ts": 1763722605,
    "ts_iso": "2025-11-21T10:56:45Z",
    "gen_time_s": 64.23511457443237,
    "attempts_used": 1,
    "generation_failed": false,
    "usage": {
      "prompt_tokens": 1046,
      "completion_tokens": 3589,
      "total_tokens": 4635,
      "cost": 0.00303444,
      "is_byok": false,
      "prompt_tokens_details": {
        "cached_tokens": 608,
        "audio_tokens": 0,
        "video_tokens": 0
      },
      "cost_details": {
        "upstream_inference_cost": null,
        "upstream_inference_prompt_cost": 0.00016324,
        "upstream_inference_completions_cost": 0.0028712
      },
      "completion_tokens_details": {
        "reasoning_tokens": 0,
        "image_tokens": 0
      }
    }
  }
}