{
  "initial_state": {
    "domain": "uav",
    "time_s": 0.0,
    "env": {
      "weather": "microburst_risk",
      "wind_mps": 3.0,
      "wind_dir_deg": 120.0
    },
    "airspace": {
      "alt_bounds": [
        0.0,
        50.0
      ],
      "geofence": [
        {
          "type": "polygon",
          "points": [
            [
              0,
              0
            ],
            [
              200,
              0
            ],
            [
              200,
              150
            ],
            [
              0,
              150
            ]
          ]
        }
      ]
    },
    "uav": {
      "pose": {
        "x": 10.0,
        "y": 10.0,
        "z": 5.0,
        "yaw": 90.0
      },
      "speed_mps": 15.0,
      "energy": {
        "battery_pct": 100.0
      },
      "sensors": {
        "rgb": "ok",
        "thermal": "offline",
        "lidar": "ok",
        "radar": "offline",
        "gnss": "offline",
        "imu": "ok",
        "magnetometer": "ok",
        "barometer": "ok"
      },
      "payloads": []
    },
    "policy": {
      "alt_bounds": [
        0.0,
        50.0
      ]
    },
    "safety_flags": {
      "nfz_violation": false,
      "separation_breach": false
    }
  },
  "dialogue": [
    {
      "turn": 1,
      "speaker": "agent",
      "intent": "initiate_mission_and_assess_environment",
      "actions": [
        {
          "type": "mcp",
          "name": "read_telemetry",
          "args": {}
        },
        {
          "type": "mcp",
          "name": "diagnose_sensors",
          "args": {}
        }
      ],
      "obs": [
        {
          "tool": "read_telemetry",
          "result": {
            "pose": {
              "x": 10.0,
              "y": 10.0,
              "z": 5.0
            },
            "battery_pct": 100.0,
            "speed_mps": 15.0
          }
        },
        {
          "tool": "diagnose_sensors",
          "result": {
            "status": "partial",
            "offline": [
              "thermal",
              "radar",
              "gnss"
            ]
          }
        }
      ],
      "net": {
        "slice": "URLLC",
        "lat_ms": 5,
        "jitter_ms": 1,
        "loss_pct": 0.1,
        "throughput_mbps": 50,
        "edge_load": 0.3
      }
    },
    {
      "turn": 2,
      "speaker": "user",
      "intent": "request_mission_plan",
      "actions": [],
      "obs": [],
      "net": {
        "slice": "eMBB",
        "lat_ms": 12,
        "jitter_ms": 3,
        "loss_pct": 0.5,
        "throughput_mbps": 120,
        "edge_load": 0.6
      }
    },
    {
      "turn": 3,
      "speaker": "agent",
      "intent": "propose_survey_route",
      "actions": [
        {
          "type": "mcp",
          "name": "plan_route",
          "args": {
            "start": [
              10,
              10
            ],
            "waypoints": [
              [
                50,
                30
              ],
              [
                100,
                75
              ],
              [
                150,
                120
              ]
            ],
            "max_alt": 45.0
          }
        }
      ],
      "obs": [
        {
          "tool": "plan_route",
          "result": {
            "route_valid": true,
            "estimated_duration_s": 180,
            "battery_impact_pct": 12.5,
            "risk": "low"
          }
        }
      ],
      "net": {
        "slice": "eMBB",
        "lat_ms": 14,
        "jitter_ms": 4,
        "loss_pct": 0.7,
        "throughput_mbps": 110,
        "edge_load": 0.65
      }
    },
    {
      "turn": 4,
      "speaker": "user",
      "intent": "approve_route_and_request_thermal_repair",
      "actions": [
        {
          "type": "a2a",
          "task": "repair_sensor",
          "to": "maintenance_drone_agent",
          "payload": {
            "sensor": "thermal",
            "target_uav": "uav-7"
          }
        }
      ],
      "obs": [
        {
          "task": "repair_sensor",
          "from": "maintenance_drone_agent",
          "status": "acknowledged",
          "payload": {
            "eta_minutes": 5,
            "repair_type": "firmware_reset"
          }
        }
      ],
      "net": {
        "slice": "URLLC",
        "lat_ms": 6,
        "jitter_ms": 1.2,
        "loss_pct": 0.2,
        "throughput_mbps": 45,
        "edge_load": 0.4
      }
    },
    {
      "turn": 5,
      "speaker": "agent",
      "intent": "execute_takeoff_and_first_leg",
      "actions": [
        {
          "type": "mcp",
          "name": "takeoff",
          "args": {
            "target_alt": 25.0
          }
        },
        {
          "type": "mcp",
          "name": "navigate_to",
          "args": {
            "waypoint": [
              50,
              30
            ],
            "speed": 12.0
          }
        }
      ],
      "obs": [
        {
          "tool": "takeoff",
          "result": {
            "status": "completed",
            "final_alt": 25.0,
            "battery_pct": 98.7
          }
        },
        {
          "tool": "navigate_to",
          "result": {
            "status": "in_progress",
            "progress_pct": 45,
            "obstacle_encountered": false
          }
        }
      ],
      "net": {
        "slice": "URLLC",
        "lat_ms": 7,
        "jitter_ms": 1.5,
        "loss_pct": 0.3,
        "throughput_mbps": 40,
        "edge_load": 0.5
      }
    },
    {
      "turn": 6,
      "speaker": "user",
      "intent": "monitor_progress_and_warn_wind",
      "actions": [],
      "obs": [],
      "net": {
        "slice": "mMTC",
        "lat_ms": 200,
        "jitter_ms": 50,
        "loss_pct": 5.0,
        "throughput_mbps": 1,
        "edge_load": 0.9
      }
    },
    {
      "turn": 7,
      "speaker": "agent",
      "intent": "adapt_to_network_degradation_and_weather",
      "actions": [
        {
          "type": "mcp",
          "name": "read_telemetry",
          "args": {}
        },
        {
          "type": "mcp",
          "name": "adjust_speed",
          "args": {
            "factor": 0.7
          }
        }
      ],
      "obs": [
        {
          "tool": "read_telemetry",
          "result": {
            "pose": {
              "x": 42.1,
              "y": 26.8,
              "z": 24.9
            },
            "battery_pct": 97.5,
            "wind_mps": 6.2,
            "wind_dir_deg": 135.0
          }
        },
        {
          "tool": "adjust_speed",
          "result": {
            "old_speed": 12.0,
            "new_speed": 8.4,
            "reason": "microburst_risk_and_high_network_latency"
          }
        }
      ],
      "net": {
        "slice": "mMTC",
        "lat_ms": 210,
        "jitter_ms": 55,
        "loss_pct": 6.0,
        "throughput_mbps": 0.8,
        "edge_load": 0.92
      }
    },
    {
      "turn": 8,
      "speaker": "user",
      "intent": "request_status_and_recovery_plan",
      "actions": [],
      "obs": [],
      "net": {
        "slice": "URLLC",
        "lat_ms": 8,
        "jitter_ms": 2,
        "loss_pct": 0.4,
        "throughput_mbps": 48,
        "edge_load": 0.45
      }
    },
    {
      "turn": 9,
      "speaker": "agent",
      "intent": "report_status_and_continue_mission",
      "actions": [
        {
          "type": "mcp",
          "name": "navigate_to",
          "args": {
            "waypoint": [
              100,
              75
            ],
            "speed": 8.4
          }
        },
        {
          "type": "a2a",
          "task": "collision_avoidance",
          "to": "uav_swarm_agent",
          "payload": {
            "current_pose": {
              "x": 42.1,
              "y": 26.8,
              "z": 24.9
            },
            "route": [
              [
                50,
                30
              ],
              [
                100,
                75
              ]
            ]
          }
        }
      ],
      "obs": [
        {
          "tool": "navigate_to",
          "result": {
            "status": "in_progress",
            "progress_pct": 12,
            "obstacle_encountered": false
          }
        },
        {
          "task": "collision_avoidance",
          "from": "uav_swarm_agent",
          "status": "ok",
          "payload": {
            "conflict_detected": false,
            "recommended_alt_adjust": 0
          }
        }
      ],
      "net": {
        "slice": "URLLC",
        "lat_ms": 7,
        "jitter_ms": 1.8,
        "loss_pct": 0.2,
        "throughput_mbps": 52,
        "edge_load": 0.4
      }
    },
    {
      "turn": 10,
      "speaker": "user",
      "intent": "authorize_final_approach",
      "actions": [],
      "obs": [],
      "net": {
        "slice": "eMBB",
        "lat_ms": 15,
        "jitter_ms": 5,
        "loss_pct": 0.6,
        "throughput_mbps": 100,
        "edge_load": 0.7
      }
    },
    {
      "turn": 11,
      "speaker": "agent",
      "intent": "complete_mission_and_return",
      "actions": [
        {
          "type": "mcp",
          "name": "navigate_to",
          "args": {
            "waypoint": [
              10,
              10
            ],
            "speed": 10.0
          }
        },
        {
          "type": "mcp",
          "name": "land",
          "args": {}
        }
      ],
      "obs": [
        {
          "tool": "navigate_to",
          "result": {
            "status": "completed",
            "battery_pct": 88.3
          }
        },
        {
          "tool": "land",
          "result": {
            "status": "completed",
            "final_pose": {
              "x": 10.0,
              "y": 10.0,
              "z": 0.1
            }
          }
        }
      ],
      "net": {
        "slice": "URLLC",
        "lat_ms": 6,
        "jitter_ms": 1.1,
        "loss_pct": 0.1,
        "throughput_mbps": 55,
        "edge_load": 0.35
      }
    }
  ],
  "final_state": {
    "domain": "uav",
    "time_s": 320.0,
    "env": {
      "weather": "microburst_risk",
      "wind_mps": 5.8,
      "wind_dir_deg": 130.0
    },
    "airspace": {
      "alt_bounds": [
        0.0,
        50.0
      ],
      "geofence": [
        {
          "type": "polygon",
          "points": [
            [
              0,
              0
            ],
            [
              200,
              0
            ],
            [
              200,
              150
            ],
            [
              0,
              150
            ]
          ]
        }
      ]
    },
    "uav": {
      "pose": {
        "x": 10.0,
        "y": 10.0,
        "z": 0.1,
        "yaw": 90.0
      },
      "speed_mps": 0.0,
      "energy": {
        "battery_pct": 88.3
      },
      "sensors": {
        "rgb": "ok",
        "thermal": "offline",
        "lidar": "ok",
        "radar": "offline",
        "gnss": "offline",
        "imu": "ok",
        "magnetometer": "ok",
        "barometer": "ok"
      },
      "payloads": []
    },
    "policy": {
      "alt_bounds": [
        0.0,
        50.0
      ]
    },
    "safety_flags": {
      "nfz_violation": false,
      "separation_breach": false
    }
  },
  "success": true,
  "_meta": {
    "seed": 42,
    "ts": 1763925227,
    "ts_iso": "2025-11-23T19:13:47Z",
    "gen_time_s": 40.952293395996094,
    "attempts_used": 1,
    "generation_failed": false,
    "usage": {
      "prompt_tokens": 1042,
      "completion_tokens": 3321,
      "total_tokens": 4363,
      "cost": 0.0028174,
      "is_byok": false,
      "prompt_tokens_details": {
        "cached_tokens": 624,
        "audio_tokens": 0,
        "video_tokens": 0
      },
      "cost_details": {
        "upstream_inference_cost": null,
        "upstream_inference_prompt_cost": 0.0001606,
        "upstream_inference_completions_cost": 0.0026568
      },
      "completion_tokens_details": {
        "reasoning_tokens": 0,
        "image_tokens": 0
      }
    }
  }
}