{
  "initial_state": {
    "domain": "uav",
    "time_s": 0.0,
    "env": {
      "weather": "snow",
      "wind_mps": 6.0,
      "wind_dir_deg": 270.0
    },
    "airspace": {
      "alt_bounds": [
        10.0,
        120.0
      ],
      "geofence": [
        {
          "type": "polygon",
          "points": [
            [
              50.0,
              50.0
            ],
            [
              250.0,
              50.0
            ],
            [
              250.0,
              200.0
            ],
            [
              50.0,
              200.0
            ]
          ]
        }
      ]
    },
    "uav": {
      "pose": {
        "x": 60.0,
        "y": 60.0,
        "z": 12.0,
        "yaw": 90.0
      },
      "speed_mps": 22.0,
      "energy": {
        "battery_pct": 100.0
      },
      "sensors": {
        "rgb": "ok",
        "thermal": "ok",
        "lidar": "ok",
        "radar": "offline",
        "gnss": "ok",
        "imu": "ok",
        "magnetometer": "ok",
        "barometer": "ok"
      },
      "payloads": []
    },
    "policy": {
      "alt_bounds": [
        10.0,
        120.0
      ]
    },
    "safety_flags": {
      "nfz_violation": false,
      "separation_breach": false
    }
  },
  "dialogue": [
    {
      "turn": 1,
      "speaker": "agent",
      "intent": "initiate_mission",
      "actions": [
        {
          "type": "mcp",
          "name": "read_telemetry",
          "args": {}
        },
        {
          "type": "a2a",
          "task": "swarm_formation",
          "to": "uav_swarm_agent",
          "payload": {
            "uav_id": "uav-01",
            "target_formation": "delta",
            "waypoints": [
              {
                "x": 100.0,
                "y": 100.0,
                "z": 50.0
              }
            ]
          }
        }
      ],
      "obs": [
        {
          "tool": "read_telemetry",
          "result": {
            "pose": {
              "x": 60.0,
              "y": 60.0,
              "z": 12.0
            },
            "battery_pct": 100.0,
            "speed_mps": 22.0
          }
        },
        {
          "task": "swarm_formation",
          "from": "uav_swarm_agent",
          "status": "acknowledged",
          "payload": {
            "formation_status": "pending"
          }
        }
      ],
      "net": {
        "slice": "eMBB",
        "lat_ms": 12,
        "jitter_ms": 2,
        "loss_pct": 0.1,
        "throughput_mbps": 850,
        "edge_load": 0.35
      }
    },
    {
      "turn": 2,
      "speaker": "user",
      "intent": "confirm_mission",
      "actions": [
        {
          "type": "mcp",
          "name": "set_waypoint",
          "args": {
            "x": 100.0,
            "y": 100.0,
            "z": 50.0
          }
        }
      ],
      "obs": [
        {
          "tool": "set_waypoint",
          "result": {
            "status": "accepted",
            "eta_s": 18.5,
            "path_valid": true
          }
        }
      ],
      "net": {
        "slice": "eMBB",
        "lat_ms": 10,
        "jitter_ms": 1.5,
        "loss_pct": 0.05,
        "throughput_mbps": 900,
        "edge_load": 0.3
      }
    },
    {
      "turn": 3,
      "speaker": "agent",
      "intent": "ascend_to_altitude",
      "actions": [
        {
          "type": "mcp",
          "name": "adjust_altitude",
          "args": {
            "target_z": 50.0
          }
        },
        {
          "type": "mcp",
          "name": "activate_sensor",
          "args": {
            "sensor": "thermal"
          }
        }
      ],
      "obs": [
        {
          "tool": "adjust_altitude",
          "result": {
            "status": "executing",
            "current_z": 30.0,
            "target_z": 50.0
          }
        },
        {
          "tool": "activate_sensor",
          "result": {
            "sensor": "thermal",
            "status": "active"
          }
        }
      ],
      "net": {
        "slice": "URLLC",
        "lat_ms": 8,
        "jitter_ms": 0.8,
        "loss_pct": 0.02,
        "throughput_mbps": 120,
        "edge_load": 0.4
      }
    },
    {
      "turn": 4,
      "speaker": "user",
      "intent": "request_thermal_data",
      "actions": [
        {
          "type": "mcp",
          "name": "capture_thermal_image",
          "args": {
            "resolution": "high"
          }
        }
      ],
      "obs": [
        {
          "tool": "capture_thermal_image",
          "result": {
            "status": "success",
            "payload_size_kb": 1024,
            "anomalies_detected": 2
          }
        }
      ],
      "net": {
        "slice": "eMBB",
        "lat_ms": 15,
        "jitter_ms": 3,
        "loss_pct": 0.2,
        "throughput_mbps": 700,
        "edge_load": 0.5
      }
    },
    {
      "turn": 5,
      "speaker": "agent",
      "intent": "detect_anomaly",
      "actions": [
        {
          "type": "mcp",
          "name": "analyze_thermal_data",
          "args": {
            "anomaly_threshold": 5.0
          }
        },
        {
          "type": "a2a",
          "task": "collision_avoidance",
          "to": "uav_swarm_agent",
          "payload": {
            "current_pose": {
              "x": 75.0,
              "y": 75.0,
              "z": 48.0
            },
            "velocity": 20.0
          }
        }
      ],
      "obs": [
        {
          "tool": "analyze_thermal_data",
          "result": {
            "anomalies": [
              {
                "x": 98.0,
                "y": 102.0,
                "temp_c": 42.5
              }
            ],
            "confidence": 0.93
          }
        },
        {
          "task": "collision_avoidance",
          "from": "uav_swarm_agent",
          "status": "ok",
          "payload": {
            "recommended_evasion": "climb_5m"
          }
        }
      ],
      "net": {
        "slice": "URLLC",
        "lat_ms": 6,
        "jitter_ms": 0.5,
        "loss_pct": 0.01,
        "throughput_mbps": 150,
        "edge_load": 0.38
      }
    },
    {
      "turn": 6,
      "speaker": "user",
      "intent": "investigate_anomaly",
      "actions": [
        {
          "type": "mcp",
          "name": "set_waypoint",
          "args": {
            "x": 98.0,
            "y": 102.0,
            "z": 45.0
          }
        }
      ],
      "obs": [
        {
          "tool": "set_waypoint",
          "result": {
            "status": "accepted",
            "eta_s": 8.2,
            "path_valid": true
          }
        }
      ],
      "net": {
        "slice": "mMTC",
        "lat_ms": 50,
        "jitter_ms": 10,
        "loss_pct": 2.5,
        "throughput_mbps": 1.2,
        "edge_load": 0.85
      }
    },
    {
      "turn": 7,
      "speaker": "agent",
      "intent": "adapt_to_network_degradation",
      "actions": [
        {
          "type": "mcp",
          "name": "reduce_sensor_resolution",
          "args": {
            "sensor": "thermal",
            "mode": "low_power"
          }
        },
        {
          "type": "mcp",
          "name": "read_telemetry",
          "args": {}
        }
      ],
      "obs": [
        {
          "tool": "reduce_sensor_resolution",
          "result": {
            "sensor": "thermal",
            "resolution": "low",
            "power_save": true
          }
        },
        {
          "tool": "read_telemetry",
          "result": {
            "pose": {
              "x": 92.0,
              "y": 96.0,
              "z": 45.0
            },
            "battery_pct": 96.2,
            "speed_mps": 18.0
          }
        }
      ],
      "net": {
        "slice": "mMTC",
        "lat_ms": 55,
        "jitter_ms": 12,
        "loss_pct": 3.0,
        "throughput_mbps": 0.9,
        "edge_load": 0.9
      }
    },
    {
      "turn": 8,
      "speaker": "user",
      "intent": "resume_high_fidelity",
      "actions": [
        {
          "type": "mcp",
          "name": "activate_sensor",
          "args": {
            "sensor": "lidar"
          }
        }
      ],
      "obs": [
        {
          "tool": "activate_sensor",
          "result": {
            "sensor": "lidar",
            "status": "active"
          }
        }
      ],
      "net": {
        "slice": "URLLC",
        "lat_ms": 7,
        "jitter_ms": 0.6,
        "loss_pct": 0.03,
        "throughput_mbps": 140,
        "edge_load": 0.42
      }
    },
    {
      "turn": 9,
      "speaker": "agent",
      "intent": "scan_anomaly_location",
      "actions": [
        {
          "type": "mcp",
          "name": "capture_lidar_scan",
          "args": {
            "fov": 90,
            "range_m": 50
          }
        }
      ],
      "obs": [
        {
          "tool": "capture_lidar_scan",
          "result": {
            "status": "success",
            "point_count": 51200,
            "obstacle_detected": true,
            "obstacle_distance": 12.3
          }
        }
      ],
      "net": {
        "slice": "URLLC",
        "lat_ms": 9,
        "jitter_ms": 1.0,
        "loss_pct": 0.05,
        "throughput_mbps": 130,
        "edge_load": 0.45
      }
    },
    {
      "turn": 10,
      "speaker": "user",
      "intent": "return_to_base",
      "actions": [
        {
          "type": "mcp",
          "name": "set_waypoint",
          "args": {
            "x": 60.0,
            "y": 60.0,
            "z": 12.0
          }
        }
      ],
      "obs": [
        {
          "tool": "set_waypoint",
          "result": {
            "status": "accepted",
            "eta_s": 22.0,
            "path_valid": true
          }
        }
      ],
      "net": {
        "slice": "eMBB",
        "lat_ms": 11,
        "jitter_ms": 2.0,
        "loss_pct": 0.1,
        "throughput_mbps": 800,
        "edge_load": 0.37
      }
    },
    {
      "turn": 11,
      "speaker": "agent",
      "intent": "complete_mission",
      "actions": [
        {
          "type": "mcp",
          "name": "land_uav",
          "args": {}
        },
        {
          "type": "a2a",
          "task": "swarm_disband",
          "to": "uav_swarm_agent",
          "payload": {
            "uav_id": "uav-01",
            "status": "mission_complete"
          }
        }
      ],
      "obs": [
        {
          "tool": "land_uav",
          "result": {
            "status": "landed",
            "final_pose": {
              "x": 60.0,
              "y": 60.0,
              "z": 0.0
            }
          }
        },
        {
          "task": "swarm_disband",
          "from": "uav_swarm_agent",
          "status": "acknowledged",
          "payload": {
            "disband_time": 2.1
          }
        }
      ],
      "net": {
        "slice": "URLLC",
        "lat_ms": 5,
        "jitter_ms": 0.4,
        "loss_pct": 0.01,
        "throughput_mbps": 160,
        "edge_load": 0.33
      }
    }
  ],
  "final_state": {
    "domain": "uav",
    "time_s": 125.0,
    "env": {
      "weather": "snow",
      "wind_mps": 6.0,
      "wind_dir_deg": 270.0
    },
    "airspace": {
      "alt_bounds": [
        10.0,
        120.0
      ],
      "geofence": [
        {
          "type": "polygon",
          "points": [
            [
              50.0,
              50.0
            ],
            [
              250.0,
              50.0
            ],
            [
              250.0,
              200.0
            ],
            [
              50.0,
              200.0
            ]
          ]
        }
      ]
    },
    "uav": {
      "pose": {
        "x": 60.0,
        "y": 60.0,
        "z": 0.0,
        "yaw": 90.0
      },
      "speed_mps": 0.0,
      "energy": {
        "battery_pct": 88.5
      },
      "sensors": {
        "rgb": "ok",
        "thermal": "ok",
        "lidar": "ok",
        "radar": "offline",
        "gnss": "ok",
        "imu": "ok",
        "magnetometer": "ok",
        "barometer": "ok"
      },
      "payloads": []
    },
    "policy": {
      "alt_bounds": [
        10.0,
        120.0
      ]
    },
    "safety_flags": {
      "nfz_violation": false,
      "separation_breach": false
    }
  },
  "success": true,
  "_meta": {
    "seed": 42,
    "ts": 1763684947,
    "ts_iso": "2025-11-21T00:29:07Z",
    "gen_time_s": 71.4774694442749,
    "attempts_used": 1,
    "generation_failed": false,
    "usage": {
      "prompt_tokens": 1072,
      "completion_tokens": 3800,
      "total_tokens": 4872,
      "cost": 0.00315968,
      "is_byok": false,
      "prompt_tokens_details": {
        "cached_tokens": 1056,
        "audio_tokens": 0,
        "video_tokens": 0
      },
      "cost_details": {
        "upstream_inference_cost": null,
        "upstream_inference_prompt_cost": 0.00011968,
        "upstream_inference_completions_cost": 0.00304
      },
      "completion_tokens_details": {
        "reasoning_tokens": 0,
        "image_tokens": 0
      }
    }
  }
}