{
  "initial_state": {
    "domain": "uav",
    "time_s": 0.0,
    "env": {
      "weather": "dust",
      "wind_mps": 8.0,
      "wind_dir_deg": 240.0
    },
    "airspace": {
      "alt_bounds": [
        100.0,
        1200.0
      ],
      "geofence": [
        {
          "type": "polygon",
          "points": [
            [
              0,
              0
            ],
            [
              2000,
              0
            ],
            [
              2000,
              1500
            ],
            [
              0,
              1500
            ]
          ]
        }
      ]
    },
    "uav": {
      "pose": {
        "x": 100.0,
        "y": 100.0,
        "z": 300.0,
        "yaw": 90.0
      },
      "speed_mps": 35.0,
      "energy": {
        "battery_pct": 100.0
      },
      "sensors": {
        "rgb": "ok",
        "thermal": "ok",
        "lidar": "ok",
        "radar": "offline",
        "gnss": "ok",
        "imu": "ok",
        "magnetometer": "ok",
        "barometer": "ok"
      },
      "payloads": []
    },
    "policy": {
      "alt_bounds": [
        100.0,
        1200.0
      ]
    },
    "safety_flags": {
      "nfz_violation": false,
      "separation_breach": false
    }
  },
  "dialogue": [
    {
      "turn": 1,
      "speaker": "agent",
      "intent": "initiate mission and check telemetry",
      "actions": [
        {
          "type": "mcp",
          "name": "read_telemetry",
          "args": {}
        }
      ],
      "obs": [
        {
          "tool": "read_telemetry",
          "result": {
            "pose": {
              "x": 100.0,
              "y": 100.0,
              "z": 300.0,
              "yaw": 90.0
            },
            "speed_mps": 35.0,
            "battery_pct": 100.0,
            "sensors": {
              "radar": "offline"
            }
          }
        }
      ],
      "net": {
        "slice": "eMBB",
        "lat_ms": 12,
        "jitter_ms": 2,
        "loss_pct": 0.1,
        "throughput_mbps": 850,
        "edge_load": 0.35
      }
    },
    {
      "turn": 2,
      "speaker": "user",
      "intent": "confirm mission start and request delivery target",
      "actions": [
        {
          "type": "mcp",
          "name": "set_delivery_target",
          "args": {
            "x": 1800,
            "y": 1400,
            "z": 200
          }
        }
      ],
      "obs": [
        {
          "tool": "set_delivery_target",
          "result": {
            "status": "confirmed",
            "target": {
              "x": 1800,
              "y": 1400,
              "z": 200
            }
          }
        }
      ],
      "net": {
        "slice": "eMBB",
        "lat_ms": 11,
        "jitter_ms": 1.8,
        "loss_pct": 0.05,
        "throughput_mbps": 900,
        "edge_load": 0.38
      }
    },
    {
      "turn": 3,
      "speaker": "agent",
      "intent": "request swarm coordination for path planning",
      "actions": [
        {
          "type": "a2a",
          "task": "path_plan",
          "to": "uav_swarm_agent",
          "payload": {
            "start": {
              "x": 100,
              "y": 100,
              "z": 300
            },
            "goal": {
              "x": 1800,
              "y": 1400,
              "z": 200
            },
            "obstacles": [
              {
                "type": "cylinder",
                "center": {
                  "x": 900,
                  "y": 700
                },
                "radius": 120,
                "height": 400
              }
            ]
          }
        }
      ],
      "obs": [
        {
          "task": "path_plan",
          "from": "uav_swarm_agent",
          "status": "ok",
          "payload": {
            "waypoints": [
              {
                "x": 400,
                "y": 300,
                "z": 350
              },
              {
                "x": 1200,
                "y": 900,
                "z": 400
              },
              {
                "x": 1700,
                "y": 1300,
                "z": 250
              }
            ],
            "eta_s": 185
          }
        }
      ],
      "net": {
        "slice": "URLLC",
        "lat_ms": 8,
        "jitter_ms": 0.9,
        "loss_pct": 0.02,
        "throughput_mbps": 120,
        "edge_load": 0.42
      }
    },
    {
      "turn": 4,
      "speaker": "user",
      "intent": "approve path and request sensor activation",
      "actions": [
        {
          "type": "mcp",
          "name": "activate_sensor",
          "args": {
            "sensor": "thermal"
          }
        },
        {
          "type": "mcp",
          "name": "activate_sensor",
          "args": {
            "sensor": "lidar"
          }
        }
      ],
      "obs": [
        {
          "tool": "activate_sensor",
          "result": {
            "sensor": "thermal",
            "status": "active"
          }
        },
        {
          "tool": "activate_sensor",
          "result": {
            "sensor": "lidar",
            "status": "active"
          }
        }
      ],
      "net": {
        "slice": "eMBB",
        "lat_ms": 14,
        "jitter_ms": 2.5,
        "loss_pct": 0.2,
        "throughput_mbps": 800,
        "edge_load": 0.51
      }
    },
    {
      "turn": 5,
      "speaker": "agent",
      "intent": "detect network degradation and adapt",
      "actions": [
        {
          "type": "mcp",
          "name": "read_telemetry",
          "args": {}
        }
      ],
      "obs": [
        {
          "tool": "read_telemetry",
          "result": {
            "pose": {
              "x": 410,
              "y": 310,
              "z": 345
            },
            "battery_pct": 97.2,
            "signal_strength": -98
          }
        }
      ],
      "net": {
        "slice": "mMTC",
        "lat_ms": 45,
        "jitter_ms": 12,
        "loss_pct": 2.1,
        "throughput_mbps": 1.2,
        "edge_load": 0.78
      }
    },
    {
      "turn": 6,
      "speaker": "user",
      "intent": "switch to URLLC and reduce sensor usage",
      "actions": [
        {
          "type": "mcp",
          "name": "switch_network_slice",
          "args": {
            "target_slice": "URLLC"
          }
        },
        {
          "type": "mcp",
          "name": "deactivate_sensor",
          "args": {
            "sensor": "rgb"
          }
        }
      ],
      "obs": [
        {
          "tool": "switch_network_slice",
          "result": {
            "status": "success",
            "current_slice": "URLLC"
          }
        },
        {
          "tool": "deactivate_sensor",
          "result": {
            "sensor": "rgb",
            "status": "deactivated"
          }
        }
      ],
      "net": {
        "slice": "URLLC",
        "lat_ms": 9,
        "jitter_ms": 1.1,
        "loss_pct": 0.08,
        "throughput_mbps": 110,
        "edge_load": 0.45
      }
    },
    {
      "turn": 7,
      "speaker": "agent",
      "intent": "perform collision check via swarm",
      "actions": [
        {
          "type": "a2a",
          "task": "collision_avoidance",
          "to": "uav_swarm_agent",
          "payload": {
            "current_position": {
              "x": 1210,
              "y": 910,
              "z": 395
            },
            "velocity": 34,
            "trajectory": "waypoint_follow"
          }
        }
      ],
      "obs": [
        {
          "task": "collision_avoidance",
          "from": "uav_swarm_agent",
          "status": "ok",
          "payload": {
            "risk_level": "low",
            "recommended_action": "proceed"
          }
        }
      ],
      "net": {
        "slice": "URLLC",
        "lat_ms": 7,
        "jitter_ms": 0.8,
        "loss_pct": 0.03,
        "throughput_mbps": 130,
        "edge_load": 0.41
      }
    },
    {
      "turn": 8,
      "speaker": "user",
      "intent": "request delivery confirmation",
      "actions": [
        {
          "type": "mcp",
          "name": "verify_delivery_target",
          "args": {}
        }
      ],
      "obs": [
        {
          "tool": "verify_delivery_target",
          "result": {
            "status": "verified",
            "target_reachable": true,
            "obstacles_cleared": true
          }
        }
      ],
      "net": {
        "slice": "URLLC",
        "lat_ms": 8,
        "jitter_ms": 1.0,
        "loss_pct": 0.05,
        "throughput_mbps": 125,
        "edge_load": 0.43
      }
    },
    {
      "turn": 9,
      "speaker": "agent",
      "intent": "execute final approach and drop payload",
      "actions": [
        {
          "type": "mcp",
          "name": "approach_target",
          "args": {
            "precision": "high"
          }
        }
      ],
      "obs": [
        {
          "tool": "approach_target",
          "result": {
            "status": "completed",
            "final_pose": {
              "x": 1798,
              "y": 1398,
              "z": 202
            }
          }
        }
      ],
      "net": {
        "slice": "URLLC",
        "lat_ms": 6,
        "jitter_ms": 0.7,
        "loss_pct": 0.01,
        "throughput_mbps": 140,
        "edge_load": 0.39
      }
    },
    {
      "turn": 10,
      "speaker": "user",
      "intent": "authorize payload drop",
      "actions": [
        {
          "type": "mcp",
          "name": "drop_payload",
          "args": {}
        }
      ],
      "obs": [
        {
          "tool": "drop_payload",
          "result": {
            "status": "success",
            "timestamp_s": 192.3
          }
        }
      ],
      "net": {
        "slice": "URLLC",
        "lat_ms": 7,
        "jitter_ms": 0.9,
        "loss_pct": 0.02,
        "throughput_mbps": 135,
        "edge_load": 0.4
      }
    },
    {
      "turn": 11,
      "speaker": "agent",
      "intent": "return to base and report completion",
      "actions": [
        {
          "type": "mcp",
          "name": "return_to_base",
          "args": {
            "base_coords": {
              "x": 100,
              "y": 100,
              "z": 300
            }
          }
        }
      ],
      "obs": [
        {
          "tool": "return_to_base",
          "result": {
            "status": "en_route",
            "eta_s": 150,
            "battery_est_pct": 68.5
          }
        }
      ],
      "net": {
        "slice": "mMTC",
        "lat_ms": 50,
        "jitter_ms": 15,
        "loss_pct": 3.0,
        "throughput_mbps": 0.8,
        "edge_load": 0.82
      }
    }
  ],
  "final_state": {
    "domain": "uav",
    "time_s": 205.0,
    "env": {
      "weather": "dust",
      "wind_mps": 8.0,
      "wind_dir_deg": 240.0
    },
    "airspace": {
      "alt_bounds": [
        100.0,
        1200.0
      ],
      "geofence": [
        {
          "type": "polygon",
          "points": [
            [
              0,
              0
            ],
            [
              2000,
              0
            ],
            [
              2000,
              1500
            ],
            [
              0,
              1500
            ]
          ]
        }
      ]
    },
    "uav": {
      "pose": {
        "x": 1500.0,
        "y": 1200.0,
        "z": 320.0,
        "yaw": 270.0
      },
      "speed_mps": 30.0,
      "energy": {
        "battery_pct": 68.5
      },
      "sensors": {
        "rgb": "ok",
        "thermal": "active",
        "lidar": "active",
        "radar": "offline",
        "gnss": "ok",
        "imu": "ok",
        "magnetometer": "ok",
        "barometer": "ok"
      },
      "payloads": []
    },
    "policy": {
      "alt_bounds": [
        100.0,
        1200.0
      ]
    },
    "safety_flags": {
      "nfz_violation": false,
      "separation_breach": false
    }
  },
  "success": true,
  "_meta": {
    "seed": 42,
    "ts": 1763864604,
    "ts_iso": "2025-11-23T02:23:24Z",
    "gen_time_s": 51.69511342048645,
    "attempts_used": 1,
    "generation_failed": false,
    "usage": {
      "prompt_tokens": 1057,
      "completion_tokens": 3570,
      "total_tokens": 4627,
      "cost": 0.0030199,
      "is_byok": false,
      "prompt_tokens_details": {
        "cached_tokens": 624,
        "audio_tokens": 0,
        "video_tokens": 0
      },
      "cost_details": {
        "upstream_inference_cost": null,
        "upstream_inference_prompt_cost": 0.0001639,
        "upstream_inference_completions_cost": 0.002856
      },
      "completion_tokens_details": {
        "reasoning_tokens": 0,
        "image_tokens": 0
      }
    }
  }
}