{
  "initial_state": {
    "domain": "uav",
    "time_s": 0.0,
    "env": {
      "weather": "lightning_risk",
      "wind_mps": 8.0,
      "wind_dir_deg": 240.0
    },
    "airspace": {
      "alt_bounds": [
        10.0,
        120.0
      ],
      "geofence": [
        {
          "type": "polygon",
          "points": [
            [
              0,
              0
            ],
            [
              0,
              500
            ],
            [
              500,
              500
            ],
            [
              500,
              0
            ]
          ]
        }
      ]
    },
    "uav": {
      "pose": {
        "x": 50.0,
        "y": 50.0,
        "z": 30.0,
        "yaw": 90.0
      },
      "speed_mps": 18.0,
      "energy": {
        "battery_pct": 100.0
      },
      "sensors": {
        "rgb": "ok",
        "thermal": "ok",
        "lidar": "ok",
        "radar": "offline",
        "gnss": "ok",
        "imu": "ok",
        "magnetometer": "ok",
        "barometer": "ok"
      },
      "payloads": []
    },
    "policy": {
      "alt_bounds": [
        10.0,
        120.0
      ]
    },
    "safety_flags": {
      "nfz_violation": false,
      "separation_breach": false
    }
  },
  "dialogue": [
    {
      "turn": 1,
      "speaker": "agent",
      "intent": "initiate_inspection_mission",
      "actions": [
        {
          "type": "mcp",
          "name": "read_telemetry",
          "args": {}
        },
        {
          "type": "a2a",
          "task": "swarm_formation",
          "to": "uav_swarm_agent",
          "payload": {
            "formation": "delta",
            "target_waypoints": [
              [
                150,
                150,
                40
              ],
              [
                250,
                250,
                60
              ]
            ]
          }
        }
      ],
      "obs": [
        {
          "tool": "read_telemetry",
          "result": {
            "pose": {
              "x": 50.0,
              "y": 50.0,
              "z": 30.0
            },
            "battery_pct": 100.0,
            "speed_mps": 18.0
          }
        },
        {
          "task": "swarm_formation",
          "from": "uav_swarm_agent",
          "status": "ok",
          "payload": {
            "ack": true,
            "assigned_role": "lead_uav"
          }
        }
      ],
      "net": {
        "slice": "eMBB",
        "lat_ms": 12,
        "jitter_ms": 2,
        "loss_pct": 0.1,
        "throughput_mbps": 850,
        "edge_load": 0.3
      }
    },
    {
      "turn": 2,
      "speaker": "user",
      "intent": "confirm_mission_start",
      "actions": [
        {
          "type": "mcp",
          "name": "update_policy",
          "args": {
            "alt_bounds": [
              15.0,
              110.0
            ]
          }
        }
      ],
      "obs": [
        {
          "tool": "update_policy",
          "result": {
            "status": "success",
            "updated": [
              "alt_bounds"
            ]
          }
        }
      ],
      "net": {
        "slice": "eMBB",
        "lat_ms": 11,
        "jitter_ms": 1.8,
        "loss_pct": 0.05,
        "throughput_mbps": 870,
        "edge_load": 0.32
      }
    },
    {
      "turn": 3,
      "speaker": "agent",
      "intent": "adjust_flight_plan_for_weather",
      "actions": [
        {
          "type": "mcp",
          "name": "set_waypoint",
          "args": {
            "x": 150,
            "y": 150,
            "z": 40
          }
        },
        {
          "type": "mcp",
          "name": "activate_sensor",
          "args": {
            "sensor": "thermal"
          }
        }
      ],
      "obs": [
        {
          "tool": "set_waypoint",
          "result": {
            "status": "accepted",
            "eta_s": 18.5
          }
        },
        {
          "tool": "activate_sensor",
          "result": {
            "sensor": "thermal",
            "status": "active"
          }
        }
      ],
      "net": {
        "slice": "URLLC",
        "lat_ms": 8,
        "jitter_ms": 0.9,
        "loss_pct": 0.02,
        "throughput_mbps": 120,
        "edge_load": 0.4
      }
    },
    {
      "turn": 4,
      "speaker": "user",
      "intent": "request_radar_diagnostic",
      "actions": [
        {
          "type": "mcp",
          "name": "run_diagnostic",
          "args": {
            "system": "radar"
          }
        }
      ],
      "obs": [
        {
          "tool": "run_diagnostic",
          "result": {
            "system": "radar",
            "status": "failed",
            "error": "hardware_fault"
          }
        }
      ],
      "net": {
        "slice": "URLLC",
        "lat_ms": 7,
        "jitter_ms": 0.8,
        "loss_pct": 0.01,
        "throughput_mbps": 110,
        "edge_load": 0.41
      }
    },
    {
      "turn": 5,
      "speaker": "agent",
      "intent": "compensate_sensor_failure",
      "actions": [
        {
          "type": "mcp",
          "name": "activate_sensor",
          "args": {
            "sensor": "lidar"
          }
        },
        {
          "type": "a2a",
          "task": "sensor_fusion_request",
          "to": "uav_swarm_agent",
          "payload": {
            "primary_sensor": "lidar",
            "fallback": "rgb"
          }
        }
      ],
      "obs": [
        {
          "tool": "activate_sensor",
          "result": {
            "sensor": "lidar",
            "status": "active"
          }
        },
        {
          "task": "sensor_fusion_request",
          "from": "uav_swarm_agent",
          "status": "ok",
          "payload": {
            "fusion_active": true
          }
        }
      ],
      "net": {
        "slice": "URLLC",
        "lat_ms": 9,
        "jitter_ms": 1.1,
        "loss_pct": 0.03,
        "throughput_mbps": 115,
        "edge_load": 0.45
      }
    },
    {
      "turn": 6,
      "speaker": "user",
      "intent": "instruct_altitude_adjustment",
      "actions": [
        {
          "type": "mcp",
          "name": "set_waypoint",
          "args": {
            "x": 250,
            "y": 250,
            "z": 55
          }
        }
      ],
      "obs": [
        {
          "tool": "set_waypoint",
          "result": {
            "status": "accepted",
            "eta_s": 22.3
          }
        }
      ],
      "net": {
        "slice": "mMTC",
        "lat_ms": 120,
        "jitter_ms": 25,
        "loss_pct": 5.0,
        "throughput_mbps": 1.2,
        "edge_load": 0.85
      }
    },
    {
      "turn": 7,
      "speaker": "agent",
      "intent": "adapt_to_network_degradation",
      "actions": [
        {
          "type": "mcp",
          "name": "read_telemetry",
          "args": {}
        }
      ],
      "obs": [
        {
          "tool": "read_telemetry",
          "result": {
            "pose": {
              "x": 180.4,
              "y": 180.4,
              "z": 40.0
            },
            "battery_pct": 94.2,
            "speed_mps": 16.8
          }
        }
      ],
      "net": {
        "slice": "mMTC",
        "lat_ms": 115,
        "jitter_ms": 23,
        "loss_pct": 4.8,
        "throughput_mbps": 1.3,
        "edge_load": 0.83
      }
    },
    {
      "turn": 8,
      "speaker": "user",
      "intent": "resume_high_fidelity_comm",
      "actions": [
        {
          "type": "mcp",
          "name": "switch_network_slice",
          "args": {
            "target": "URLLC"
          }
        }
      ],
      "obs": [
        {
          "tool": "switch_network_slice",
          "result": {
            "status": "success",
            "new_slice": "URLLC"
          }
        }
      ],
      "net": {
        "slice": "URLLC",
        "lat_ms": 7,
        "jitter_ms": 0.7,
        "loss_pct": 0.01,
        "throughput_mbps": 105,
        "edge_load": 0.38
      }
    },
    {
      "turn": 9,
      "speaker": "agent",
      "intent": "proceed_to_inspection_point",
      "actions": [
        {
          "type": "mcp",
          "name": "capture_image",
          "args": {
            "mode": "thermal",
            "target": "platform_support_beam"
          }
        }
      ],
      "obs": [
        {
          "tool": "capture_image",
          "result": {
            "status": "success",
            "image_id": "IMG_7355",
            "anomalies_detected": [
              "crack_0x3a1f"
            ]
          }
        }
      ],
      "net": {
        "slice": "URLLC",
        "lat_ms": 8,
        "jitter_ms": 0.8,
        "loss_pct": 0.02,
        "throughput_mbps": 112,
        "edge_load": 0.4
      }
    },
    {
      "turn": 10,
      "speaker": "user",
      "intent": "log_anomaly_and_return",
      "actions": [
        {
          "type": "mcp",
          "name": "upload_data",
          "args": {
            "dataset": "inspection_thermal",
            "priority": "high"
          }
        }
      ],
      "obs": [
        {
          "tool": "upload_data",
          "result": {
            "status": "queued",
            "estimated_completion": 3.2
          }
        }
      ],
      "net": {
        "slice": "eMBB",
        "lat_ms": 14,
        "jitter_ms": 2.1,
        "loss_pct": 0.2,
        "throughput_mbps": 800,
        "edge_load": 0.5
      }
    },
    {
      "turn": 11,
      "speaker": "agent",
      "intent": "initiate_return_and_landing",
      "actions": [
        {
          "type": "mcp",
          "name": "set_waypoint",
          "args": {
            "x": 50,
            "y": 50,
            "z": 20
          }
        },
        {
          "type": "mcp",
          "name": "deactivate_sensor",
          "args": {
            "sensor": "thermal"
          }
        }
      ],
      "obs": [
        {
          "tool": "set_waypoint",
          "result": {
            "status": "accepted",
            "eta_s": 25.1
          }
        },
        {
          "tool": "deactivate_sensor",
          "result": {
            "sensor": "thermal",
            "status": "off"
          }
        }
      ],
      "net": {
        "slice": "URLLC",
        "lat_ms": 9,
        "jitter_ms": 1.0,
        "loss_pct": 0.03,
        "throughput_mbps": 118,
        "edge_load": 0.42
      }
    }
  ],
  "final_state": {
    "domain": "uav",
    "time_s": 125.0,
    "env": {
      "weather": "lightning_risk",
      "wind_mps": 8.0,
      "wind_dir_deg": 240.0
    },
    "airspace": {
      "alt_bounds": [
        10.0,
        120.0
      ],
      "geofence": [
        {
          "type": "polygon",
          "points": [
            [
              0,
              0
            ],
            [
              0,
              500
            ],
            [
              500,
              500
            ],
            [
              500,
              0
            ]
          ]
        }
      ]
    },
    "uav": {
      "pose": {
        "x": 75.3,
        "y": 75.3,
        "z": 20.0,
        "yaw": 90.0
      },
      "speed_mps": 15.2,
      "energy": {
        "battery_pct": 88.7
      },
      "sensors": {
        "rgb": "ok",
        "thermal": "standby",
        "lidar": "ok",
        "radar": "offline",
        "gnss": "ok",
        "imu": "ok",
        "magnetometer": "ok",
        "barometer": "ok"
      },
      "payloads": []
    },
    "policy": {
      "alt_bounds": [
        15.0,
        110.0
      ]
    },
    "safety_flags": {
      "nfz_violation": false,
      "separation_breach": false
    }
  },
  "success": true,
  "_meta": {
    "seed": 42,
    "ts": 1764017159,
    "ts_iso": "2025-11-24T20:45:59Z",
    "gen_time_s": 46.86806631088257,
    "attempts_used": 1,
    "generation_failed": false,
    "usage": {
      "prompt_tokens": 1055,
      "completion_tokens": 3466,
      "total_tokens": 4521,
      "cost": 0.00293802,
      "is_byok": false,
      "prompt_tokens_details": {
        "cached_tokens": 608,
        "audio_tokens": 0,
        "video_tokens": 0
      },
      "cost_details": {
        "upstream_inference_cost": null,
        "upstream_inference_prompt_cost": 0.00016522,
        "upstream_inference_completions_cost": 0.0027728
      },
      "completion_tokens_details": {
        "reasoning_tokens": 0,
        "image_tokens": 0
      }
    }
  }
}