{
  "initial_state": {
    "domain": "uav",
    "time_s": 0.0,
    "env": {
      "weather": "icing",
      "wind_mps": 8.5,
      "wind_dir_deg": 240.0
    },
    "airspace": {
      "alt_bounds": [
        100.0,
        600.0
      ],
      "geofence": [
        {
          "type": "polygon",
          "points": [
            [
              1000,
              500
            ],
            [
              4000,
              500
            ],
            [
              4000,
              3000
            ],
            [
              1000,
              3000
            ]
          ]
        }
      ]
    },
    "uav": {
      "pose": {
        "x": 1200.0,
        "y": 1000.0,
        "z": 150.0,
        "yaw": 90.0
      },
      "speed_mps": 28.0,
      "energy": {
        "battery_pct": 100.0
      },
      "sensors": {
        "rgb": "ok",
        "thermal": "ok",
        "lidar": "ok",
        "radar": "offline",
        "gnss": "ok",
        "imu": "ok",
        "magnetometer": "ok",
        "barometer": "ok"
      },
      "payloads": []
    },
    "policy": {
      "alt_bounds": [
        100.0,
        600.0
      ]
    },
    "safety_flags": {
      "nfz_violation": false,
      "separation_breach": false
    }
  },
  "dialogue": [
    {
      "turn": 1,
      "speaker": "agent",
      "intent": "initiate mission and check telemetry",
      "actions": [
        {
          "type": "mcp",
          "name": "read_telemetry",
          "args": {}
        }
      ],
      "obs": [
        {
          "tool": "read_telemetry",
          "result": {
            "pose": {
              "x": 1200.0,
              "y": 1000.0,
              "z": 150.0,
              "yaw": 90.0
            },
            "speed_mps": 28.0,
            "battery_pct": 100.0,
            "sensors": {
              "radar": "offline"
            }
          }
        }
      ],
      "net": {
        "slice": "eMBB",
        "lat_ms": 12,
        "jitter_ms": 2,
        "loss_pct": 0.1,
        "throughput_mbps": 850,
        "edge_load": 0.45
      }
    },
    {
      "turn": 2,
      "speaker": "user",
      "intent": "request status and radar diagnostics",
      "actions": [
        {
          "type": "mcp",
          "name": "diagnose_sensor",
          "args": {
            "sensor": "radar"
          }
        }
      ],
      "obs": [
        {
          "tool": "diagnose_sensor",
          "result": {
            "sensor": "radar",
            "status": "offline",
            "error": "icing_on_antenna",
            "recommendation": "activate_heating_element"
          }
        }
      ],
      "net": {
        "slice": "eMBB",
        "lat_ms": 11,
        "jitter_ms": 1.8,
        "loss_pct": 0.05,
        "throughput_mbps": 870,
        "edge_load": 0.47
      }
    },
    {
      "turn": 3,
      "speaker": "agent",
      "intent": "resolve radar issue via heating",
      "actions": [
        {
          "type": "mcp",
          "name": "activate_payload",
          "args": {
            "payload": "heating_element_radar"
          }
        }
      ],
      "obs": [
        {
          "tool": "activate_payload",
          "result": {
            "payload": "heating_element_radar",
            "status": "activated",
            "duration_s": 60
          }
        }
      ],
      "net": {
        "slice": "URLLC",
        "lat_ms": 8,
        "jitter_ms": 0.9,
        "loss_pct": 0.02,
        "throughput_mbps": 120,
        "edge_load": 0.38
      }
    },
    {
      "turn": 4,
      "speaker": "user",
      "intent": "authorize climb and coordinate swarm",
      "actions": [
        {
          "type": "a2a",
          "task": "request_flight_path",
          "to": "uav_swarm_agent",
          "payload": {
            "current_pose": {
              "x": 1200.0,
              "y": 1000.0,
              "z": 150.0
            },
            "target_area": "volcanic_vent_north"
          }
        }
      ],
      "obs": [
        {
          "task": "request_flight_path",
          "from": "uav_swarm_agent",
          "status": "ok",
          "payload": {
            "recommended_alt": 480.0,
            "waypoints": [
              {
                "x": 1800,
                "y": 1400,
                "z": 480
              },
              {
                "x": 2500,
                "y": 1900,
                "z": 520
              }
            ],
            "conflicts": []
          }
        }
      ],
      "net": {
        "slice": "URLLC",
        "lat_ms": 9,
        "jitter_ms": 1.1,
        "loss_pct": 0.03,
        "throughput_mbps": 110,
        "edge_load": 0.41
      }
    },
    {
      "turn": 5,
      "speaker": "agent",
      "intent": "execute climb and verify sensor recovery",
      "actions": [
        {
          "type": "mcp",
          "name": "set_altitude",
          "args": {
            "target_z": 480.0
          }
        },
        {
          "type": "mcp",
          "name": "read_telemetry",
          "args": {}
        }
      ],
      "obs": [
        {
          "tool": "set_altitude",
          "result": {
            "status": "in_progress",
            "target_z": 480.0,
            "current_z": 210.0
          }
        },
        {
          "tool": "read_telemetry",
          "result": {
            "sensors": {
              "radar": "ok"
            },
            "battery_pct": 98.7,
            "z": 210.0
          }
        }
      ],
      "net": {
        "slice": "mMTC",
        "lat_ms": 18,
        "jitter_ms": 5,
        "loss_pct": 0.8,
        "throughput_mbps": 1.2,
        "edge_load": 0.62
      }
    },
    {
      "turn": 6,
      "speaker": "user",
      "intent": "monitor progress and request thermal imaging",
      "actions": [
        {
          "type": "mcp",
          "name": "capture_image",
          "args": {
            "sensor": "thermal",
            "mode": "high_res"
          }
        }
      ],
      "obs": [
        {
          "tool": "capture_image",
          "result": {
            "sensor": "thermal",
            "status": "success",
            "image_id": "th_26edb58b_001",
            "anomalies_detected": [
              "hotspot_nw_quadrant"
            ]
          }
        }
      ],
      "net": {
        "slice": "eMBB",
        "lat_ms": 14,
        "jitter_ms": 2.1,
        "loss_pct": 0.12,
        "throughput_mbps": 780,
        "edge_load": 0.71
      }
    },
    {
      "turn": 7,
      "speaker": "agent",
      "intent": "report hotspot and request swarm reroute",
      "actions": [
        {
          "type": "a2a",
          "task": "update_swarm_formation",
          "to": "uav_swarm_agent",
          "payload": {
            "reason": "thermal_anomaly",
            "new_target": {
              "x": 2300,
              "y": 1700,
              "z": 500
            }
          }
        }
      ],
      "obs": [
        {
          "task": "update_swarm_formation",
          "from": "uav_swarm_agent",
          "status": "acknowledged",
          "payload": {
            "updated_waypoints": [
              {
                "x": 2300,
                "y": 1700,
                "z": 500
              }
            ]
          }
        }
      ],
      "net": {
        "slice": "URLLC",
        "lat_ms": 7,
        "jitter_ms": 0.8,
        "loss_pct": 0.01,
        "throughput_mbps": 130,
        "edge_load": 0.33
      }
    },
    {
      "turn": 8,
      "speaker": "user",
      "intent": "approve reroute and prepare data relay",
      "actions": [
        {
          "type": "mcp",
          "name": "activate_payload",
          "args": {
            "payload": "satellite_uplink"
          }
        }
      ],
      "obs": [
        {
          "tool": "activate_payload",
          "result": {
            "payload": "satellite_uplink",
            "status": "connected",
            "bandwidth_mbps": 50
          }
        }
      ],
      "net": {
        "slice": "eMBB",
        "lat_ms": 25,
        "jitter_ms": 12,
        "loss_pct": 2.5,
        "throughput_mbps": 620,
        "edge_load": 0.88
      }
    },
    {
      "turn": 9,
      "speaker": "agent",
      "intent": "handle network degradation gracefully",
      "actions": [
        {
          "type": "mcp",
          "name": "reduce_streaming_resolution",
          "args": {
            "target": "rgb",
            "level": "medium"
          }
        }
      ],
      "obs": [
        {
          "tool": "reduce_streaming_resolution",
          "result": {
            "sensor": "rgb",
            "resolution": "medium",
            "bandwidth_saved_mbps": 180
          }
        }
      ],
      "net": {
        "slice": "mMTC",
        "lat_ms": 45,
        "jitter_ms": 22,
        "loss_pct": 6.0,
        "throughput_mbps": 0.8,
        "edge_load": 0.95
      }
    },
    {
      "turn": 10,
      "speaker": "user",
      "intent": "request return to base",
      "actions": [
        {
          "type": "mcp",
          "name": "set_waypoint",
          "args": {
            "x": 1200,
            "y": 1000,
            "z": 150
          }
        }
      ],
      "obs": [
        {
          "tool": "set_waypoint",
          "result": {
            "status": "accepted",
            "eta_s": 142,
            "route_valid": true
          }
        }
      ],
      "net": {
        "slice": "URLLC",
        "lat_ms": 10,
        "jitter_ms": 1.3,
        "loss_pct": 0.04,
        "throughput_mbps": 100,
        "edge_load": 0.52
      }
    },
    {
      "turn": 11,
      "speaker": "agent",
      "intent": "confirm safe return and deactivation",
      "actions": [
        {
          "type": "mcp",
          "name": "deactivate_payload",
          "args": {
            "payload": "satellite_uplink"
          }
        },
        {
          "type": "mcp",
          "name": "read_telemetry",
          "args": {}
        }
      ],
      "obs": [
        {
          "tool": "deactivate_payload",
          "result": {
            "payload": "satellite_uplink",
            "status": "deactivated"
          }
        },
        {
          "tool": "read_telemetry",
          "result": {
            "pose": {
              "x": 1420.0,
              "y": 1180.0,
              "z": 160.0
            },
            "battery_pct": 89.3,
            "safety_flags": {
              "nfz_violation": false,
              "separation_breach": false
            }
          }
        }
      ],
      "net": {
        "slice": "URLLC",
        "lat_ms": 9,
        "jitter_ms": 1.0,
        "loss_pct": 0.02,
        "throughput_mbps": 115,
        "edge_load": 0.44
      }
    }
  ],
  "final_state": {
    "domain": "uav",
    "time_s": 142.0,
    "env": {
      "weather": "icing",
      "wind_mps": 8.5,
      "wind_dir_deg": 240.0
    },
    "airspace": {
      "alt_bounds": [
        100.0,
        600.0
      ],
      "geofence": [
        {
          "type": "polygon",
          "points": [
            [
              1000,
              500
            ],
            [
              4000,
              500
            ],
            [
              4000,
              3000
            ],
            [
              1000,
              3000
            ]
          ]
        }
      ]
    },
    "uav": {
      "pose": {
        "x": 1420.0,
        "y": 1180.0,
        "z": 160.0,
        "yaw": 90.0
      },
      "speed_mps": 22.0,
      "energy": {
        "battery_pct": 89.3
      },
      "sensors": {
        "rgb": "ok",
        "thermal": "ok",
        "lidar": "ok",
        "radar": "ok",
        "gnss": "ok",
        "imu": "ok",
        "magnetometer": "ok",
        "barometer": "ok"
      },
      "payloads": []
    },
    "policy": {
      "alt_bounds": [
        100.0,
        600.0
      ]
    },
    "safety_flags": {
      "nfz_violation": false,
      "separation_breach": false
    }
  },
  "success": true,
  "_meta": {
    "seed": 42,
    "ts": 1764022815,
    "ts_iso": "2025-11-24T22:20:15Z",
    "gen_time_s": 93.75506520271301,
    "attempts_used": 2,
    "generation_failed": false,
    "usage": {
      "prompt_tokens": 1108,
      "completion_tokens": 3652,
      "total_tokens": 4760,
      "cost": 0.0030492,
      "is_byok": false,
      "prompt_tokens_details": {
        "cached_tokens": 1056,
        "audio_tokens": 0,
        "video_tokens": 0
      },
      "cost_details": {
        "upstream_inference_cost": null,
        "upstream_inference_prompt_cost": 0.0001276,
        "upstream_inference_completions_cost": 0.0029216
      },
      "completion_tokens_details": {
        "reasoning_tokens": 0,
        "image_tokens": 0
      }
    }
  }
}