{
  "initial_state": {
    "domain": "uav",
    "time_s": 0.0,
    "env": {
      "weather": "dust",
      "wind_mps": 7.0,
      "wind_dir_deg": 240.0
    },
    "airspace": {
      "alt_bounds": [
        10.0,
        60.0
      ],
      "geofence": [
        {
          "type": "polygon",
          "points": [
            [
              0.0,
              0.0
            ],
            [
              0.0,
              200.0
            ],
            [
              150.0,
              200.0
            ],
            [
              150.0,
              0.0
            ]
          ]
        }
      ]
    },
    "uav": {
      "pose": {
        "x": 20.0,
        "y": 20.0,
        "z": 25.0,
        "yaw": 90.0
      },
      "speed_mps": 15.0,
      "energy": {
        "battery_pct": 100.0
      },
      "sensors": {
        "rgb": "ok",
        "thermal": "ok",
        "lidar": "ok",
        "radar": "offline",
        "gnss": "ok",
        "imu": "ok",
        "magnetometer": "ok",
        "barometer": "ok"
      },
      "payloads": []
    },
    "policy": {
      "alt_bounds": [
        10.0,
        60.0
      ]
    },
    "safety_flags": {
      "nfz_violation": false,
      "separation_breach": false
    }
  },
  "dialogue": [
    {
      "turn": 1,
      "speaker": "agent",
      "intent": "initiate inspection mission under dusty conditions",
      "actions": [
        {
          "type": "mcp",
          "name": "read_telemetry",
          "args": {}
        },
        {
          "type": "mcp",
          "name": "activate_sensor",
          "args": {
            "sensor": "thermal"
          }
        }
      ],
      "obs": [
        {
          "tool": "read_telemetry",
          "result": {
            "pose": {
              "x": 20.0,
              "y": 20.0,
              "z": 25.0
            },
            "battery_pct": 100.0,
            "speed_mps": 15.0
          }
        },
        {
          "tool": "activate_sensor",
          "result": {
            "sensor": "thermal",
            "status": "activated"
          }
        }
      ],
      "net": {
        "slice": "eMBB",
        "lat_ms": 12,
        "jitter_ms": 2,
        "loss_pct": 0.1,
        "throughput_mbps": 120,
        "edge_load": 0.45
      }
    },
    {
      "turn": 2,
      "speaker": "user",
      "intent": "confirm thermal activation and request route plan",
      "actions": [
        {
          "type": "mcp",
          "name": "request_route_plan",
          "args": {
            "start": [
              20.0,
              20.0
            ],
            "end": [
              140.0,
              180.0
            ],
            "waypoints": 5
          }
        }
      ],
      "obs": [
        {
          "tool": "request_route_plan",
          "result": {
            "waypoints": [
              [
                40.0,
                50.0
              ],
              [
                60.0,
                90.0
              ],
              [
                90.0,
                120.0
              ],
              [
                110.0,
                150.0
              ],
              [
                140.0,
                180.0
              ]
            ],
            "estimated_duration_s": 180,
            "battery_impact_pct": 18
          }
        }
      ],
      "net": {
        "slice": "eMBB",
        "lat_ms": 14,
        "jitter_ms": 3,
        "loss_pct": 0.2,
        "throughput_mbps": 110,
        "edge_load": 0.52
      }
    },
    {
      "turn": 3,
      "speaker": "agent",
      "intent": "execute planned route with monitoring",
      "actions": [
        {
          "type": "mcp",
          "name": "execute_maneuver",
          "args": {
            "maneuver": "waypoint_fly",
            "target": [
              40.0,
              50.0,
              30.0
            ]
          }
        },
        {
          "type": "a2a",
          "task": "collision_avoidance",
          "to": "uav_swarm_agent",
          "payload": {
            "current_position": [
              20.0,
              20.0,
              25.0
            ],
            "next_waypoint": [
              40.0,
              50.0,
              30.0
            ],
            "timestamp": 1.5
          }
        }
      ],
      "obs": [
        {
          "tool": "execute_maneuver",
          "result": {
            "status": "in_progress",
            "target": [
              40.0,
              50.0,
              30.0
            ]
          }
        },
        {
          "task": "collision_avoidance",
          "from": "uav_swarm_agent",
          "status": "ok",
          "payload": {
            "clearance": "safe",
            "recommended_alt": 30.0
          }
        }
      ],
      "net": {
        "slice": "URLLC",
        "lat_ms": 8,
        "jitter_ms": 1,
        "loss_pct": 0.05,
        "throughput_mbps": 50,
        "edge_load": 0.3
      }
    },
    {
      "turn": 4,
      "speaker": "user",
      "intent": "check sensor data quality amid dust",
      "actions": [
        {
          "type": "mcp",
          "name": "capture_image",
          "args": {
            "sensor": "rgb",
            "mode": "high_res"
          }
        }
      ],
      "obs": [
        {
          "tool": "capture_image",
          "result": {
            "sensor": "rgb",
            "status": "degraded",
            "reason": "dust occlusion",
            "visibility_m": 45
          }
        }
      ],
      "net": {
        "slice": "eMBB",
        "lat_ms": 110,
        "jitter_ms": 15,
        "loss_pct": 5.0,
        "throughput_mbps": 30,
        "edge_load": 0.85
      }
    },
    {
      "turn": 5,
      "speaker": "agent",
      "intent": "adapt to poor visibility by switching to thermal imaging",
      "actions": [
        {
          "type": "mcp",
          "name": "capture_image",
          "args": {
            "sensor": "thermal",
            "mode": "medium_res"
          }
        },
        {
          "type": "mcp",
          "name": "adjust_flight_level",
          "args": {
            "delta_z": 5.0
          }
        }
      ],
      "obs": [
        {
          "tool": "capture_image",
          "result": {
            "sensor": "thermal",
            "status": "success",
            "clarity_score": 0.87
          }
        },
        {
          "tool": "adjust_flight_level",
          "result": {
            "new_altitude": 30.0,
            "within_bounds": true
          }
        }
      ],
      "net": {
        "slice": "URLLC",
        "lat_ms": 9,
        "jitter_ms": 1.2,
        "loss_pct": 0.1,
        "throughput_mbps": 45,
        "edge_load": 0.35
      }
    },
    {
      "turn": 6,
      "speaker": "user",
      "intent": "verify geofence compliance and battery status",
      "actions": [
        {
          "type": "mcp",
          "name": "check_geofence",
          "args": {}
        },
        {
          "type": "mcp",
          "name": "read_telemetry",
          "args": {}
        }
      ],
      "obs": [
        {
          "tool": "check_geofence",
          "result": {
            "status": "inside",
            "distance_to_boundary_m": 20.0
          }
        },
        {
          "tool": "read_telemetry",
          "result": {
            "pose": {
              "x": 42.0,
              "y": 53.0,
              "z": 30.0
            },
            "battery_pct": 96.5,
            "speed_mps": 14.2
          }
        }
      ],
      "net": {
        "slice": "mMTC",
        "lat_ms": 25,
        "jitter_ms": 5,
        "loss_pct": 0.5,
        "throughput_mbps": 1,
        "edge_load": 0.2
      }
    },
    {
      "turn": 7,
      "speaker": "agent",
      "intent": "proceed to next waypoint with swarm coordination",
      "actions": [
        {
          "type": "mcp",
          "name": "execute_maneuver",
          "args": {
            "maneuver": "waypoint_fly",
            "target": [
              60.0,
              90.0,
              32.0
            ]
          }
        },
        {
          "type": "a2a",
          "task": "update_position",
          "to": "uav_swarm_agent",
          "payload": {
            "position": [
              42.0,
              53.0,
              30.0
            ],
            "battery": 96.5,
            "next_target": [
              60.0,
              90.0,
              32.0
            ]
          }
        }
      ],
      "obs": [
        {
          "tool": "execute_maneuver",
          "result": {
            "status": "in_progress",
            "target": [
              60.0,
              90.0,
              32.0
            ]
          }
        },
        {
          "task": "update_position",
          "from": "uav_swarm_agent",
          "status": "acknowledged",
          "payload": {
            "swarm_status": "nominal",
            "conflict_count": 0
          }
        }
      ],
      "net": {
        "slice": "URLLC",
        "lat_ms": 7,
        "jitter_ms": 0.8,
        "loss_pct": 0.02,
        "throughput_mbps": 55,
        "edge_load": 0.28
      }
    },
    {
      "turn": 8,
      "speaker": "user",
      "intent": "request emergency hover due to wind gust alert",
      "actions": [
        {
          "type": "mcp",
          "name": "execute_maneuver",
          "args": {
            "maneuver": "hover",
            "duration_s": 30
          }
        }
      ],
      "obs": [
        {
          "tool": "execute_maneuver",
          "result": {
            "status": "hovering",
            "position_held": [
              58.2,
              88.7,
              31.5
            ],
            "duration_s": 30
          }
        }
      ],
      "net": {
        "slice": "URLLC",
        "lat_ms": 6,
        "jitter_ms": 0.5,
        "loss_pct": 0.01,
        "throughput_mbps": 60,
        "edge_load": 0.22
      }
    },
    {
      "turn": 9,
      "speaker": "agent",
      "intent": "resume mission after wind stabilization",
      "actions": [
        {
          "type": "mcp",
          "name": "read_telemetry",
          "args": {}
        },
        {
          "type": "mcp",
          "name": "execute_maneuver",
          "args": {
            "maneuver": "waypoint_fly",
            "target": [
              90.0,
              120.0,
              35.0
            ]
          }
        }
      ],
      "obs": [
        {
          "tool": "read_telemetry",
          "result": {
            "pose": {
              "x": 58.2,
              "y": 88.7,
              "z": 31.5
            },
            "battery_pct": 95.0,
            "wind_mps": 6.1
          }
        },
        {
          "tool": "execute_maneuver",
          "result": {
            "status": "in_progress",
            "target": [
              90.0,
              120.0,
              35.0
            ]
          }
        }
      ],
      "net": {
        "slice": "URLLC",
        "lat_ms": 8,
        "jitter_ms": 1.0,
        "loss_pct": 0.03,
        "throughput_mbps": 52,
        "edge_load": 0.31
      }
    },
    {
      "turn": 10,
      "speaker": "user",
      "intent": "confirm mission success and initiate return",
      "actions": [
        {
          "type": "mcp",
          "name": "initiate_return",
          "args": {
            "home": [
              20.0,
              20.0
            ]
          }
        }
      ],
      "obs": [
        {
          "tool": "initiate_return",
          "result": {
            "status": "launched",
            "route": "direct",
            "estimated_time_home_s": 110
          }
        }
      ],
      "net": {
        "slice": "mMTC",
        "lat_ms": 30,
        "jitter_ms": 6,
        "loss_pct": 0.6,
        "throughput_mbps": 0.8,
        "edge_load": 0.18
      }
    }
  ],
  "final_state": {
    "domain": "uav",
    "time_s": 320.0,
    "env": {
      "weather": "dust",
      "wind_mps": 6.5,
      "wind_dir_deg": 245.0
    },
    "airspace": {
      "alt_bounds": [
        10.0,
        60.0
      ],
      "geofence": [
        {
          "type": "polygon",
          "points": [
            [
              0.0,
              0.0
            ],
            [
              0.0,
              200.0
            ],
            [
              150.0,
              200.0
            ],
            [
              150.0,
              0.0
            ]
          ]
        }
      ]
    },
    "uav": {
      "pose": {
        "x": 85.0,
        "y": 110.0,
        "z": 34.0,
        "yaw": 55.0
      },
      "speed_mps": 13.8,
      "energy": {
        "battery_pct": 88.0
      },
      "sensors": {
        "rgb": "ok",
        "thermal": "ok",
        "lidar": "ok",
        "radar": "offline",
        "gnss": "ok",
        "imu": "ok",
        "magnetometer": "ok",
        "barometer": "ok"
      },
      "payloads": []
    },
    "policy": {
      "alt_bounds": [
        10.0,
        60.0
      ]
    },
    "safety_flags": {
      "nfz_violation": false,
      "separation_breach": false
    }
  },
  "success": true,
  "_meta": {
    "seed": 42,
    "ts": 1763916643,
    "ts_iso": "2025-11-23T16:50:43Z",
    "gen_time_s": 54.94338941574097,
    "attempts_used": 1,
    "generation_failed": false,
    "usage": {
      "prompt_tokens": 1059,
      "completion_tokens": 3764,
      "total_tokens": 4823,
      "cost": 0.00317554,
      "is_byok": false,
      "prompt_tokens_details": {
        "cached_tokens": 624,
        "audio_tokens": 0,
        "video_tokens": 0
      },
      "cost_details": {
        "upstream_inference_cost": null,
        "upstream_inference_prompt_cost": 0.00016434,
        "upstream_inference_completions_cost": 0.0030112
      },
      "completion_tokens_details": {
        "reasoning_tokens": 0,
        "image_tokens": 0
      }
    }
  }
}