{
  "initial_state": {
    "domain": "uav",
    "time_s": 0.0,
    "env": {
      "weather": "good",
      "wind_mps": 8.5,
      "wind_dir_deg": 240.0
    },
    "airspace": {
      "alt_bounds": [
        10.0,
        120.0
      ],
      "geofence": [
        {
          "type": "polygon",
          "points": [
            [
              0,
              0
            ],
            [
              200,
              0
            ],
            [
              200,
              300
            ],
            [
              0,
              300
            ]
          ]
        }
      ]
    },
    "uav": {
      "pose": {
        "x": 10.0,
        "y": 10.0,
        "z": 20.0,
        "yaw": 90.0
      },
      "speed_mps": 18.0,
      "energy": {
        "battery_pct": 100.0
      },
      "sensors": {
        "rgb": "ok",
        "thermal": "ok",
        "lidar": "offline",
        "radar": "offline",
        "gnss": "ok",
        "imu": "ok",
        "magnetometer": "ok",
        "barometer": "ok"
      },
      "payloads": []
    },
    "policy": {
      "alt_bounds": [
        10.0,
        120.0
      ]
    },
    "safety_flags": {
      "nfz_violation": false,
      "separation_breach": false
    }
  },
  "dialogue": [
    {
      "turn": 1,
      "speaker": "agent",
      "intent": "initiate inspection mission",
      "actions": [
        {
          "type": "mcp",
          "name": "read_telemetry",
          "args": {}
        },
        {
          "type": "a2a",
          "task": "request_swarm_status",
          "to": "uav_swarm_agent",
          "payload": {
            "uav_id": "uav-01",
            "mission_phase": "pre-inspection"
          }
        }
      ],
      "obs": [
        {
          "tool": "read_telemetry",
          "result": {
            "pose": {
              "x": 10.0,
              "y": 10.0,
              "z": 20.0
            },
            "battery_pct": 100.0,
            "speed_mps": 18.0
          }
        },
        {
          "task": "request_swarm_status",
          "from": "uav_swarm_agent",
          "status": "ok",
          "payload": {
            "swarm_in_position": true,
            "leader_uav": "uav-01"
          }
        }
      ],
      "net": {
        "slice": "eMBB",
        "lat_ms": 12,
        "jitter_ms": 2,
        "loss_pct": 0.1,
        "throughput_mbps": 850,
        "edge_load": 0.35
      }
    },
    {
      "turn": 2,
      "speaker": "user",
      "intent": "confirm mission start",
      "actions": [],
      "obs": [],
      "net": {
        "slice": "eMBB",
        "lat_ms": 11,
        "jitter_ms": 1.8,
        "loss_pct": 0.05,
        "throughput_mbps": 870,
        "edge_load": 0.33
      }
    },
    {
      "turn": 3,
      "speaker": "agent",
      "intent": "navigate to first waypoint",
      "actions": [
        {
          "type": "mcp",
          "name": "set_waypoint",
          "args": {
            "x": 100.0,
            "y": 50.0,
            "z": 40.0
          }
        }
      ],
      "obs": [
        {
          "tool": "set_waypoint",
          "result": {
            "status": "accepted",
            "eta_s": 120,
            "path_clear": true
          }
        }
      ],
      "net": {
        "slice": "URLLC",
        "lat_ms": 8,
        "jitter_ms": 1.2,
        "loss_pct": 0.02,
        "throughput_mbps": 120,
        "edge_load": 0.4
      }
    },
    {
      "turn": 4,
      "speaker": "user",
      "intent": "request sensor activation",
      "actions": [
        {
          "type": "mcp",
          "name": "activate_sensor",
          "args": {
            "sensor": "lidar"
          }
        }
      ],
      "obs": [
        {
          "tool": "activate_sensor",
          "result": {
            "sensor": "lidar",
            "status": "failed",
            "reason": "hardware_fault"
          }
        }
      ],
      "net": {
        "slice": "URLLC",
        "lat_ms": 9,
        "jitter_ms": 1.5,
        "loss_pct": 0.01,
        "throughput_mbps": 110,
        "edge_load": 0.42
      }
    },
    {
      "turn": 5,
      "speaker": "agent",
      "intent": "compensate for sensor failure",
      "actions": [
        {
          "type": "mcp",
          "name": "activate_sensor",
          "args": {
            "sensor": "radar"
          }
        },
        {
          "type": "a2a",
          "task": "request_radar_support",
          "to": "uav_swarm_agent",
          "payload": {
            "uav_id": "uav-01",
            "request_type": "coverage_overlap"
          }
        }
      ],
      "obs": [
        {
          "tool": "activate_sensor",
          "result": {
            "sensor": "radar",
            "status": "active"
          }
        },
        {
          "task": "request_radar_support",
          "from": "uav_swarm_agent",
          "status": "acknowledged",
          "payload": {
            "support_uav": "uav-03",
            "eta_coverage": 90
          }
        }
      ],
      "net": {
        "slice": "URLLC",
        "lat_ms": 7,
        "jitter_ms": 1.0,
        "loss_pct": 0.03,
        "throughput_mbps": 105,
        "edge_load": 0.45
      }
    },
    {
      "turn": 6,
      "speaker": "user",
      "intent": "monitor progress",
      "actions": [
        {
          "type": "mcp",
          "name": "read_telemetry",
          "args": {}
        }
      ],
      "obs": [
        {
          "tool": "read_telemetry",
          "result": {
            "pose": {
              "x": 65.2,
              "y": 38.7,
              "z": 39.1
            },
            "battery_pct": 96.3,
            "speed_mps": 17.8
          }
        }
      ],
      "net": {
        "slice": "mMTC",
        "lat_ms": 120,
        "jitter_ms": 25,
        "loss_pct": 2.1,
        "throughput_mbps": 1.2,
        "edge_load": 0.88
      }
    },
    {
      "turn": 7,
      "speaker": "agent",
      "intent": "adapt to degraded network",
      "actions": [
        {
          "type": "mcp",
          "name": "reduce_streaming_resolution",
          "args": {
            "target": "rgb",
            "level": "low"
          }
        }
      ],
      "obs": [
        {
          "tool": "reduce_streaming_resolution",
          "result": {
            "stream": "rgb",
            "resolution": "640x480",
            "bitrate_kbps": 512
          }
        }
      ],
      "net": {
        "slice": "mMTC",
        "lat_ms": 135,
        "jitter_ms": 30,
        "loss_pct": 3.5,
        "throughput_mbps": 0.8,
        "edge_load": 0.92
      }
    },
    {
      "turn": 8,
      "speaker": "user",
      "intent": "instruct to proceed with caution",
      "actions": [],
      "obs": [],
      "net": {
        "slice": "URLLC",
        "lat_ms": 10,
        "jitter_ms": 2.1,
        "loss_pct": 0.08,
        "throughput_mbps": 95,
        "edge_load": 0.51
      }
    },
    {
      "turn": 9,
      "speaker": "agent",
      "intent": "approach inspection point",
      "actions": [
        {
          "type": "mcp",
          "name": "set_waypoint",
          "args": {
            "x": 190.0,
            "y": 280.0,
            "z": 60.0
          }
        },
        {
          "type": "mcp",
          "name": "capture_image",
          "args": {
            "mode": "thermal",
            "resolution": "high"
          }
        }
      ],
      "obs": [
        {
          "tool": "set_waypoint",
          "result": {
            "status": "accepted",
            "eta_s": 85,
            "path_clear": true
          }
        },
        {
          "tool": "capture_image",
          "result": {
            "status": "success",
            "image_id": "img_0123",
            "anomalies_detected": [
              "hotspot_engine_room"
            ]
          }
        }
      ],
      "net": {
        "slice": "URLLC",
        "lat_ms": 9,
        "jitter_ms": 1.3,
        "loss_pct": 0.04,
        "throughput_mbps": 100,
        "edge_load": 0.48
      }
    },
    {
      "turn": 10,
      "speaker": "user",
      "intent": "acknowledge anomaly detection",
      "actions": [
        {
          "type": "mcp",
          "name": "download_asset",
          "args": {
            "asset_id": "img_0123",
            "format": "jpeg"
          }
        }
      ],
      "obs": [
        {
          "tool": "download_asset",
          "result": {
            "asset_id": "img_0123",
            "status": "completed",
            "size_kb": 1024
          }
        }
      ],
      "net": {
        "slice": "eMBB",
        "lat_ms": 14,
        "jitter_ms": 2.5,
        "loss_pct": 0.12,
        "throughput_mbps": 800,
        "edge_load": 0.38
      }
    },
    {
      "turn": 11,
      "speaker": "agent",
      "intent": "return to base",
      "actions": [
        {
          "type": "mcp",
          "name": "set_waypoint",
          "args": {
            "x": 10.0,
            "y": 10.0,
            "z": 20.0
          }
        }
      ],
      "obs": [
        {
          "tool": "set_waypoint",
          "result": {
            "status": "accepted",
            "eta_s": 150,
            "path_clear": true
          }
        }
      ],
      "net": {
        "slice": "URLLC",
        "lat_ms": 8,
        "jitter_ms": 1.1,
        "loss_pct": 0.02,
        "throughput_mbps": 115,
        "edge_load": 0.41
      }
    }
  ],
  "final_state": {
    "domain": "uav",
    "time_s": 360.0,
    "env": {
      "weather": "good",
      "wind_mps": 8.5,
      "wind_dir_deg": 240.0
    },
    "airspace": {
      "alt_bounds": [
        10.0,
        120.0
      ],
      "geofence": [
        {
          "type": "polygon",
          "points": [
            [
              0,
              0
            ],
            [
              200,
              0
            ],
            [
              200,
              300
            ],
            [
              0,
              300
            ]
          ]
        }
      ]
    },
    "uav": {
      "pose": {
        "x": 15.3,
        "y": 12.1,
        "z": 21.4,
        "yaw": 270.0
      },
      "speed_mps": 16.5,
      "energy": {
        "battery_pct": 82.1
      },
      "sensors": {
        "rgb": "ok",
        "thermal": "ok",
        "lidar": "offline",
        "radar": "active",
        "gnss": "ok",
        "imu": "ok",
        "magnetometer": "ok",
        "barometer": "ok"
      },
      "payloads": []
    },
    "policy": {
      "alt_bounds": [
        10.0,
        120.0
      ]
    },
    "safety_flags": {
      "nfz_violation": false,
      "separation_breach": false
    }
  },
  "success": true,
  "_meta": {
    "seed": 42,
    "ts": 1763691550,
    "ts_iso": "2025-11-21T02:19:10Z",
    "gen_time_s": 64.13343930244446,
    "attempts_used": 1,
    "generation_failed": false,
    "usage": {
      "prompt_tokens": 1043,
      "completion_tokens": 3270,
      "total_tokens": 4313,
      "cost": 0.00277858,
      "is_byok": false,
      "prompt_tokens_details": {
        "cached_tokens": 608,
        "audio_tokens": 0,
        "video_tokens": 0
      },
      "cost_details": {
        "upstream_inference_cost": null,
        "upstream_inference_prompt_cost": 0.00016258,
        "upstream_inference_completions_cost": 0.002616
      },
      "completion_tokens_details": {
        "reasoning_tokens": 0,
        "image_tokens": 0
      }
    }
  }
}