{
  "initial_state": {
    "domain": "uav",
    "time_s": 0.0,
    "env": {
      "weather": "lightning_risk",
      "wind_mps": 8.0,
      "wind_dir_deg": 240.0
    },
    "airspace": {
      "alt_bounds": [
        50.0,
        1200.0
      ],
      "geofence": [
        {
          "type": "polygon",
          "points": [
            [
              0,
              0
            ],
            [
              2000,
              0
            ],
            [
              2000,
              1500
            ],
            [
              0,
              1500
            ]
          ]
        }
      ]
    },
    "uav": {
      "pose": {
        "x": 100.0,
        "y": 100.0,
        "z": 100.0,
        "yaw": 90.0
      },
      "speed_mps": 18.0,
      "energy": {
        "battery_pct": 100.0
      },
      "sensors": {
        "rgb": "ok",
        "thermal": "ok",
        "lidar": "ok",
        "radar": "offline",
        "gnss": "ok",
        "imu": "ok",
        "magnetometer": "ok",
        "barometer": "ok"
      },
      "payloads": []
    },
    "policy": {
      "alt_bounds": [
        50.0,
        1200.0
      ]
    },
    "safety_flags": {
      "nfz_violation": false,
      "separation_breach": false
    }
  },
  "dialogue": [
    {
      "turn": 1,
      "speaker": "agent",
      "intent": "initiate_mission",
      "actions": [
        {
          "type": "mcp",
          "name": "read_telemetry",
          "args": {}
        }
      ],
      "obs": [
        {
          "tool": "read_telemetry",
          "result": {
            "pose": {
              "x": 100.0,
              "y": 100.0,
              "z": 100.0
            },
            "battery_pct": 100.0,
            "speed_mps": 18.0
          }
        }
      ],
      "net": {
        "slice": "URLLC",
        "lat_ms": 3.2,
        "jitter_ms": 0.8,
        "loss_pct": 0.01,
        "throughput_mbps": 50,
        "edge_load": 0.3
      }
    },
    {
      "turn": 2,
      "speaker": "user",
      "intent": "confirm_mission",
      "actions": [
        {
          "type": "mcp",
          "name": "set_waypoint",
          "args": {
            "x": 1500.0,
            "y": 750.0,
            "z": 400.0
          }
        }
      ],
      "obs": [
        {
          "tool": "set_waypoint",
          "result": {
            "status": "accepted",
            "target": [
              1500.0,
              750.0,
              400.0
            ]
          }
        }
      ],
      "net": {
        "slice": "eMBB",
        "lat_ms": 12.5,
        "jitter_ms": 2.1,
        "loss_pct": 0.05,
        "throughput_mbps": 120,
        "edge_load": 0.5
      }
    },
    {
      "turn": 3,
      "speaker": "agent",
      "intent": "navigate_to_waypoint",
      "actions": [
        {
          "type": "mcp",
          "name": "execute_trajectory",
          "args": {
            "waypoint": [
              1500.0,
              750.0,
              400.0
            ],
            "speed": 20.0
          }
        }
      ],
      "obs": [
        {
          "tool": "execute_trajectory",
          "result": {
            "status": "in_progress",
            "eta_s": 78.3
          }
        }
      ],
      "net": {
        "slice": "URLLC",
        "lat_ms": 4.1,
        "jitter_ms": 1.0,
        "loss_pct": 0.02,
        "throughput_mbps": 60,
        "edge_load": 0.4
      }
    },
    {
      "turn": 4,
      "speaker": "user",
      "intent": "request_status",
      "actions": [
        {
          "type": "mcp",
          "name": "read_telemetry",
          "args": {}
        }
      ],
      "obs": [
        {
          "tool": "read_telemetry",
          "result": {
            "pose": {
              "x": 620.0,
              "y": 380.0,
              "z": 395.0
            },
            "battery_pct": 96.2,
            "speed_mps": 19.5
          }
        }
      ],
      "net": {
        "slice": "eMBB",
        "lat_ms": 15.0,
        "jitter_ms": 3.5,
        "loss_pct": 0.1,
        "throughput_mbps": 100,
        "edge_load": 0.7
      }
    },
    {
      "turn": 5,
      "speaker": "agent",
      "intent": "detect_lightning_threat",
      "actions": [
        {
          "type": "mcp",
          "name": "activate_sensor",
          "args": {
            "sensor": "lidar"
          }
        },
        {
          "type": "a2a",
          "task": "weather_alert",
          "to": "weather_monitor_agent",
          "payload": {
            "location": [
              620.0,
              380.0
            ],
            "timestamp": 78.3,
            "risk": "high"
          }
        }
      ],
      "obs": [
        {
          "tool": "activate_sensor",
          "result": {
            "sensor": "lidar",
            "status": "active"
          }
        },
        {
          "task": "weather_alert",
          "from": "weather_monitor_agent",
          "status": "acknowledged",
          "payload": {
            "advice": "descend_to_200m",
            "risk_level": "high"
          }
        }
      ],
      "net": {
        "slice": "URLLC",
        "lat_ms": 3.8,
        "jitter_ms": 0.9,
        "loss_pct": 0.01,
        "throughput_mbps": 55,
        "edge_load": 0.35
      }
    },
    {
      "turn": 6,
      "speaker": "user",
      "intent": "adjust_altitude_due_to_weather",
      "actions": [
        {
          "type": "mcp",
          "name": "set_waypoint",
          "args": {
            "x": 1500.0,
            "y": 750.0,
            "z": 200.0
          }
        }
      ],
      "obs": [
        {
          "tool": "set_waypoint",
          "result": {
            "status": "updated",
            "target": [
              1500.0,
              750.0,
              200.0
            ]
          }
        }
      ],
      "net": {
        "slice": "mMTC",
        "lat_ms": 25.0,
        "jitter_ms": 8.0,
        "loss_pct": 0.5,
        "throughput_mbps": 1.2,
        "edge_load": 0.9
      }
    },
    {
      "turn": 7,
      "speaker": "agent",
      "intent": "avoid_lightning_risk",
      "actions": [
        {
          "type": "mcp",
          "name": "execute_trajectory",
          "args": {
            "waypoint": [
              1500.0,
              750.0,
              200.0
            ],
            "speed": 15.0
          }
        }
      ],
      "obs": [
        {
          "tool": "execute_trajectory",
          "result": {
            "status": "in_progress",
            "eta_s": 62.1
          }
        }
      ],
      "net": {
        "slice": "URLLC",
        "lat_ms": 4.5,
        "jitter_ms": 1.2,
        "loss_pct": 0.02,
        "throughput_mbps": 58,
        "edge_load": 0.42
      }
    },
    {
      "turn": 8,
      "speaker": "user",
      "intent": "request_visual_inspection",
      "actions": [
        {
          "type": "mcp",
          "name": "capture_image",
          "args": {
            "sensor": "rgb",
            "target": [
              1500.0,
              750.0
            ]
          }
        }
      ],
      "obs": [
        {
          "tool": "capture_image",
          "result": {
            "status": "success",
            "image_id": "IMG_20250405_001",
            "resolution": "4096x2160"
          }
        }
      ],
      "net": {
        "slice": "eMBB",
        "lat_ms": 11.0,
        "jitter_ms": 2.0,
        "loss_pct": 0.03,
        "throughput_mbps": 130,
        "edge_load": 0.6
      }
    },
    {
      "turn": 9,
      "speaker": "agent",
      "intent": "perform_thermal_scan",
      "actions": [
        {
          "type": "mcp",
          "name": "activate_sensor",
          "args": {
            "sensor": "thermal"
          }
        },
        {
          "type": "mcp",
          "name": "capture_image",
          "args": {
            "sensor": "thermal",
            "target": [
              1500.0,
              750.0
            ]
          }
        }
      ],
      "obs": [
        {
          "tool": "activate_sensor",
          "result": {
            "sensor": "thermal",
            "status": "active"
          }
        },
        {
          "tool": "capture_image",
          "result": {
            "status": "success",
            "image_id": "THRM_20250405_001",
            "anomaly_detected": false
          }
        }
      ],
      "net": {
        "slice": "eMBB",
        "lat_ms": 10.5,
        "jitter_ms": 1.8,
        "loss_pct": 0.02,
        "throughput_mbps": 125,
        "edge_load": 0.55
      }
    },
    {
      "turn": 10,
      "speaker": "user",
      "intent": "return_to_base",
      "actions": [
        {
          "type": "mcp",
          "name": "set_waypoint",
          "args": {
            "x": 100.0,
            "y": 100.0,
            "z": 100.0
          }
        }
      ],
      "obs": [
        {
          "tool": "set_waypoint",
          "result": {
            "status": "accepted",
            "target": [
              100.0,
              100.0,
              100.0
            ]
          }
        }
      ],
      "net": {
        "slice": "URLLC",
        "lat_ms": 3.5,
        "jitter_ms": 0.7,
        "loss_pct": 0.01,
        "throughput_mbps": 52,
        "edge_load": 0.38
      }
    },
    {
      "turn": 11,
      "speaker": "agent",
      "intent": "return_and_land",
      "actions": [
        {
          "type": "mcp",
          "name": "execute_trajectory",
          "args": {
            "waypoint": [
              100.0,
              100.0,
              100.0
            ],
            "speed": 18.0
          }
        },
        {
          "type": "a2a",
          "task": "mission_complete",
          "to": "fleet_manager_agent",
          "payload": {
            "uav_id": "UAV-7",
            "status": "nominal",
            "battery_remaining": 82.0
          }
        }
      ],
      "obs": [
        {
          "tool": "execute_trajectory",
          "result": {
            "status": "completed",
            "final_pose": [
              100.0,
              100.0,
              100.0
            ]
          }
        },
        {
          "task": "mission_complete",
          "from": "fleet_manager_agent",
          "status": "acknowledged",
          "payload": {
            "next_mission_eta": 3600
          }
        }
      ],
      "net": {
        "slice": "URLLC",
        "lat_ms": 3.0,
        "jitter_ms": 0.6,
        "loss_pct": 0.01,
        "throughput_mbps": 50,
        "edge_load": 0.3
      }
    }
  ],
  "final_state": {
    "domain": "uav",
    "time_s": 180.0,
    "env": {
      "weather": "lightning_risk",
      "wind_mps": 8.0,
      "wind_dir_deg": 240.0
    },
    "airspace": {
      "alt_bounds": [
        50.0,
        1200.0
      ],
      "geofence": [
        {
          "type": "polygon",
          "points": [
            [
              0,
              0
            ],
            [
              2000,
              0
            ],
            [
              2000,
              1500
            ],
            [
              0,
              1500
            ]
          ]
        }
      ]
    },
    "uav": {
      "pose": {
        "x": 100.0,
        "y": 100.0,
        "z": 100.0,
        "yaw": 90.0
      },
      "speed_mps": 0.0,
      "energy": {
        "battery_pct": 82.0
      },
      "sensors": {
        "rgb": "ok",
        "thermal": "ok",
        "lidar": "active",
        "radar": "offline",
        "gnss": "ok",
        "imu": "ok",
        "magnetometer": "ok",
        "barometer": "ok"
      },
      "payloads": []
    },
    "policy": {
      "alt_bounds": [
        50.0,
        1200.0
      ]
    },
    "safety_flags": {
      "nfz_violation": false,
      "separation_breach": false
    }
  },
  "success": true,
  "_meta": {
    "seed": 42,
    "ts": 1763732687,
    "ts_iso": "2025-11-21T13:44:47Z",
    "gen_time_s": 176.83054518699646,
    "attempts_used": 3,
    "generation_failed": false,
    "usage": {
      "prompt_tokens": 1092,
      "completion_tokens": 3580,
      "total_tokens": 4672,
      "cost": 0.00298808,
      "is_byok": false,
      "prompt_tokens_details": {
        "cached_tokens": 1056,
        "audio_tokens": 0,
        "video_tokens": 0
      },
      "cost_details": {
        "upstream_inference_cost": null,
        "upstream_inference_prompt_cost": 0.00012408,
        "upstream_inference_completions_cost": 0.002864
      },
      "completion_tokens_details": {
        "reasoning_tokens": 0,
        "image_tokens": 0
      }
    }
  }
}