{
  "initial_state": {
    "domain": "uav",
    "time_s": 0.0,
    "env": {
      "weather": "dust",
      "wind_mps": 9.0,
      "wind_dir_deg": 240.0
    },
    "airspace": {
      "alt_bounds": [
        5.0,
        60.0
      ],
      "geofence": [
        {
          "type": "polygon",
          "points": [
            [
              0,
              0
            ],
            [
              0,
              100
            ],
            [
              120,
              100
            ],
            [
              120,
              0
            ]
          ]
        }
      ]
    },
    "uav": {
      "pose": {
        "x": 10.0,
        "y": 10.0,
        "z": 10.0,
        "yaw": 90.0
      },
      "speed_mps": 15.0,
      "energy": {
        "battery_pct": 100.0
      },
      "sensors": {
        "rgb": "ok",
        "thermal": "offline",
        "lidar": "ok",
        "radar": "offline",
        "gnss": "ok",
        "imu": "ok",
        "magnetometer": "ok",
        "barometer": "ok"
      },
      "payloads": []
    },
    "policy": {
      "alt_bounds": [
        5.0,
        60.0
      ]
    },
    "safety_flags": {
      "nfz_violation": false,
      "separation_breach": false
    }
  },
  "dialogue": [
    {
      "turn": 1,
      "speaker": "agent",
      "intent": "initiate_survey_mission",
      "actions": [
        {
          "type": "mcp",
          "name": "read_telemetry",
          "args": {}
        },
        {
          "type": "a2a",
          "task": "swarm_formation",
          "to": "uav_swarm_agent",
          "payload": {
            "leader_pose": {
              "x": 10.0,
              "y": 10.0,
              "z": 10.0
            },
            "formation": "delta"
          }
        }
      ],
      "obs": [
        {
          "tool": "read_telemetry",
          "result": {
            "pose": {
              "x": 10.0,
              "y": 10.0,
              "z": 10.0
            },
            "battery_pct": 100.0,
            "speed_mps": 15.0
          }
        },
        {
          "task": "swarm_formation",
          "from": "uav_swarm_agent",
          "status": "ok",
          "payload": {
            "ack": true,
            "formation_locked": true
          }
        }
      ],
      "net": {
        "slice": "URLLC",
        "lat_ms": 3.2,
        "jitter_ms": 0.8,
        "loss_pct": 0.1,
        "throughput_mbps": 50,
        "edge_load": 0.3
      }
    },
    {
      "turn": 2,
      "speaker": "user",
      "intent": "confirm_mission_start",
      "actions": [],
      "obs": [],
      "net": {
        "slice": "URLLC",
        "lat_ms": 3.5,
        "jitter_ms": 1.0,
        "loss_pct": 0.2,
        "throughput_mbps": 48,
        "edge_load": 0.32
      }
    },
    {
      "turn": 3,
      "speaker": "agent",
      "intent": "adjust_flight_plan_for_weather",
      "actions": [
        {
          "type": "mcp",
          "name": "update_flight_plan",
          "args": {
            "waypoints": [
              {
                "x": 30.0,
                "y": 30.0,
                "z": 25.0
              },
              {
                "x": 60.0,
                "y": 70.0,
                "z": 40.0
              }
            ],
            "speed_mps": 12.0
          }
        }
      ],
      "obs": [
        {
          "tool": "update_flight_plan",
          "result": {
            "status": "updated",
            "eta_s": 125.0,
            "fuel_cost_pct": 8.5
          }
        }
      ],
      "net": {
        "slice": "eMBB",
        "lat_ms": 15.0,
        "jitter_ms": 5.0,
        "loss_pct": 0.5,
        "throughput_mbps": 120,
        "edge_load": 0.6
      }
    },
    {
      "turn": 4,
      "speaker": "user",
      "intent": "request_thermal_sensor_activation",
      "actions": [
        {
          "type": "mcp",
          "name": "activate_sensor",
          "args": {
            "sensor": "thermal"
          }
        }
      ],
      "obs": [
        {
          "tool": "activate_sensor",
          "result": {
            "sensor": "thermal",
            "status": "failed",
            "reason": "hardware_fault_dust_intake"
          }
        }
      ],
      "net": {
        "slice": "eMBB",
        "lat_ms": 16.0,
        "jitter_ms": 6.0,
        "loss_pct": 0.7,
        "throughput_mbps": 110,
        "edge_load": 0.65
      }
    },
    {
      "turn": 5,
      "speaker": "agent",
      "intent": "compensate_sensor_failure",
      "actions": [
        {
          "type": "mcp",
          "name": "activate_sensor",
          "args": {
            "sensor": "lidar"
          }
        },
        {
          "type": "a2a",
          "task": "coverage_repartition",
          "to": "uav_swarm_agent",
          "payload": {
            "primary_sensor": "lidar",
            "area_split": "quadrant"
          }
        }
      ],
      "obs": [
        {
          "tool": "activate_sensor",
          "result": {
            "sensor": "lidar",
            "status": "active"
          }
        },
        {
          "task": "coverage_repartition",
          "from": "uav_swarm_agent",
          "status": "ok",
          "payload": {
            "new_assignments": [
              "q1",
              "q2",
              "q3"
            ]
          }
        }
      ],
      "net": {
        "slice": "URLLC",
        "lat_ms": 4.0,
        "jitter_ms": 1.2,
        "loss_pct": 0.3,
        "throughput_mbps": 55,
        "edge_load": 0.4
      }
    },
    {
      "turn": 6,
      "speaker": "user",
      "intent": "inquire_battery_status",
      "actions": [
        {
          "type": "mcp",
          "name": "read_telemetry",
          "args": {
            "fields": [
              "energy"
            ]
          }
        }
      ],
      "obs": [
        {
          "tool": "read_telemetry",
          "result": {
            "energy": {
              "battery_pct": 89.2
            }
          }
        }
      ],
      "net": {
        "slice": "mMTC",
        "lat_ms": 50.0,
        "jitter_ms": 20.0,
        "loss_pct": 2.0,
        "throughput_mbps": 1.0,
        "edge_load": 0.8
      }
    },
    {
      "turn": 7,
      "speaker": "agent",
      "intent": "adapt_to_network_degradation",
      "actions": [
        {
          "type": "mcp",
          "name": "cache_waypoint_data",
          "args": {
            "range_m": 50
          }
        },
        {
          "type": "a2a",
          "task": "heartbeat",
          "to": "uav_swarm_agent",
          "payload": {
            "mode": "low_bandwidth"
          }
        }
      ],
      "obs": [
        {
          "tool": "cache_waypoint_data",
          "result": {
            "cached_points": 3,
            "est_autonomy_s": 310
          }
        },
        {
          "task": "heartbeat",
          "from": "uav_swarm_agent",
          "status": "ack",
          "payload": {
            "mode": "low_bandwidth"
          }
        }
      ],
      "net": {
        "slice": "mMTC",
        "lat_ms": 55.0,
        "jitter_ms": 25.0,
        "loss_pct": 3.5,
        "throughput_mbps": 0.8,
        "edge_load": 0.85
      }
    },
    {
      "turn": 8,
      "speaker": "user",
      "intent": "request_emergency_hover",
      "actions": [
        {
          "type": "mcp",
          "name": "set_flight_mode",
          "args": {
            "mode": "hover"
          }
        }
      ],
      "obs": [
        {
          "tool": "set_flight_mode",
          "result": {
            "mode": "hover",
            "status": "engaged",
            "pos_hold": {
              "x": 30.1,
              "y": 29.9,
              "z": 25.0
            }
          }
        }
      ],
      "net": {
        "slice": "URLLC",
        "lat_ms": 2.8,
        "jitter_ms": 0.5,
        "loss_pct": 0.05,
        "throughput_mbps": 60,
        "edge_load": 0.25
      }
    },
    {
      "turn": 9,
      "speaker": "agent",
      "intent": "resume_survey_with_adjustments",
      "actions": [
        {
          "type": "mcp",
          "name": "update_flight_plan",
          "args": {
            "waypoints": [
              {
                "x": 90.0,
                "y": 80.0,
                "z": 35.0
              }
            ],
            "speed_mps": 10.0
          }
        }
      ],
      "obs": [
        {
          "tool": "update_flight_plan",
          "result": {
            "status": "updated",
            "eta_s": 210.0,
            "fuel_cost_pct": 12.0
          }
        }
      ],
      "net": {
        "slice": "URLLC",
        "lat_ms": 3.0,
        "jitter_ms": 0.7,
        "loss_pct": 0.1,
        "throughput_mbps": 58,
        "edge_load": 0.28
      }
    },
    {
      "turn": 10,
      "speaker": "user",
      "intent": "confirm_mission_completion",
      "actions": [],
      "obs": [],
      "net": {
        "slice": "URLLC",
        "lat_ms": 3.3,
        "jitter_ms": 0.9,
        "loss_pct": 0.15,
        "throughput_mbps": 52,
        "edge_load": 0.31
      }
    }
  ],
  "final_state": {
    "domain": "uav",
    "time_s": 320.0,
    "env": {
      "weather": "dust",
      "wind_mps": 9.0,
      "wind_dir_deg": 240.0
    },
    "airspace": {
      "alt_bounds": [
        5.0,
        60.0
      ],
      "geofence": [
        {
          "type": "polygon",
          "points": [
            [
              0,
              0
            ],
            [
              0,
              100
            ],
            [
              120,
              100
            ],
            [
              120,
              0
            ]
          ]
        }
      ]
    },
    "uav": {
      "pose": {
        "x": 90.0,
        "y": 80.0,
        "z": 35.0,
        "yaw": 90.0
      },
      "speed_mps": 0.0,
      "energy": {
        "battery_pct": 75.5
      },
      "sensors": {
        "rgb": "ok",
        "thermal": "offline",
        "lidar": "active",
        "radar": "offline",
        "gnss": "ok",
        "imu": "ok",
        "magnetometer": "ok",
        "barometer": "ok"
      },
      "payloads": []
    },
    "policy": {
      "alt_bounds": [
        5.0,
        60.0
      ]
    },
    "safety_flags": {
      "nfz_violation": false,
      "separation_breach": false
    }
  },
  "success": true,
  "_meta": {
    "seed": 42,
    "ts": 1763785074,
    "ts_iso": "2025-11-22T04:17:54Z",
    "gen_time_s": 117.56702518463135,
    "attempts_used": 2,
    "generation_failed": false,
    "usage": {
      "prompt_tokens": 1087,
      "completion_tokens": 3111,
      "total_tokens": 4198,
      "cost": 0.0026153,
      "is_byok": false,
      "prompt_tokens_details": {
        "cached_tokens": 1024,
        "audio_tokens": 0,
        "video_tokens": 0
      },
      "cost_details": {
        "upstream_inference_cost": null,
        "upstream_inference_prompt_cost": 0.0001265,
        "upstream_inference_completions_cost": 0.0024888
      },
      "completion_tokens_details": {
        "reasoning_tokens": 0,
        "image_tokens": 0
      }
    }
  }
}