{
  "initial_state": {
    "domain": "uav",
    "time_s": 0.0,
    "env": {
      "weather": "good",
      "wind_mps": 8.5,
      "wind_dir_deg": 240.0
    },
    "airspace": {
      "alt_bounds": [
        15.0,
        120.0
      ],
      "geofence": [
        {
          "type": "polygon",
          "points": [
            [
              0,
              0
            ],
            [
              800,
              0
            ],
            [
              800,
              600
            ],
            [
              0,
              600
            ]
          ]
        }
      ]
    },
    "uav": {
      "pose": {
        "x": 100.0,
        "y": 100.0,
        "z": 30.0,
        "yaw": 90.0
      },
      "speed_mps": 35.0,
      "energy": {
        "battery_pct": 100.0
      },
      "sensors": {
        "rgb": "ok",
        "thermal": "offline",
        "lidar": "ok",
        "radar": "offline",
        "gnss": "ok",
        "imu": "ok",
        "magnetometer": "ok",
        "barometer": "ok"
      },
      "payloads": []
    },
    "policy": {
      "alt_bounds": [
        15.0,
        120.0
      ]
    },
    "safety_flags": {
      "nfz_violation": false,
      "separation_breach": false
    }
  },
  "dialogue": [
    {
      "turn": 1,
      "speaker": "agent",
      "intent": "initiate_survey_mission",
      "actions": [
        {
          "type": "mcp",
          "name": "read_telemetry",
          "args": {}
        },
        {
          "type": "a2a",
          "task": "request_weather_update",
          "to": "weather_agent",
          "payload": {
            "location": [
              100.0,
              100.0
            ]
          }
        }
      ],
      "obs": [
        {
          "tool": "read_telemetry",
          "result": {
            "pose": {
              "x": 100.0,
              "y": 100.0,
              "z": 30.0
            },
            "battery_pct": 100.0,
            "speed_mps": 35.0
          }
        },
        {
          "task": "request_weather_update",
          "from": "weather_agent",
          "status": "ok",
          "payload": {
            "weather": "good",
            "wind_mps": 8.5
          }
        }
      ],
      "net": {
        "slice": "eMBB",
        "lat_ms": 12,
        "jitter_ms": 2,
        "loss_pct": 0.1,
        "throughput_mbps": 850,
        "edge_load": 0.35
      }
    },
    {
      "turn": 2,
      "speaker": "user",
      "intent": "approve_mission",
      "actions": [
        {
          "type": "mcp",
          "name": "set_waypoint",
          "args": {
            "x": 400.0,
            "y": 300.0,
            "z": 60.0
          }
        }
      ],
      "obs": [
        {
          "tool": "set_waypoint",
          "result": {
            "status": "accepted",
            "eta_s": 18.5
          }
        }
      ],
      "net": {
        "slice": "eMBB",
        "lat_ms": 14,
        "jitter_ms": 3,
        "loss_pct": 0.2,
        "throughput_mbps": 800,
        "edge_load": 0.4
      }
    },
    {
      "turn": 3,
      "speaker": "agent",
      "intent": "navigate_to_waypoint",
      "actions": [
        {
          "type": "mcp",
          "name": "execute_maneuver",
          "args": {
            "maneuver": "fly_to",
            "target": [
              400.0,
              300.0,
              60.0
            ]
          }
        },
        {
          "type": "mcp",
          "name": "activate_sensor",
          "args": {
            "sensor": "lidar"
          }
        }
      ],
      "obs": [
        {
          "tool": "execute_maneuver",
          "result": {
            "status": "in_progress",
            "current_speed": 32.0
          }
        },
        {
          "tool": "activate_sensor",
          "result": {
            "sensor": "lidar",
            "status": "active"
          }
        }
      ],
      "net": {
        "slice": "URLLC",
        "lat_ms": 8,
        "jitter_ms": 1,
        "loss_pct": 0.05,
        "throughput_mbps": 120,
        "edge_load": 0.5
      }
    },
    {
      "turn": 4,
      "speaker": "user",
      "intent": "request_status_update",
      "actions": [
        {
          "type": "mcp",
          "name": "read_telemetry",
          "args": {}
        }
      ],
      "obs": [
        {
          "tool": "read_telemetry",
          "result": {
            "pose": {
              "x": 250.0,
              "y": 200.0,
              "z": 50.0
            },
            "battery_pct": 94.2,
            "speed_mps": 30.0
          }
        }
      ],
      "net": {
        "slice": "eMBB",
        "lat_ms": 15,
        "jitter_ms": 4,
        "loss_pct": 0.3,
        "throughput_mbps": 750,
        "edge_load": 0.6
      }
    },
    {
      "turn": 5,
      "speaker": "agent",
      "intent": "detect_obstacle",
      "actions": [
        {
          "type": "mcp",
          "name": "process_lidar_scan",
          "args": {
            "fov_deg": 90,
            "range_m": 100
          }
        },
        {
          "type": "a2a",
          "task": "collision_avoidance",
          "to": "uav_swarm_agent",
          "payload": {
            "uav_id": "uav_01",
            "position": [
              250.0,
              200.0,
              50.0
            ],
            "velocity": [
              28.0,
              15.0,
              2.0
            ]
          }
        }
      ],
      "obs": [
        {
          "tool": "process_lidar_scan",
          "result": {
            "obstacle": "power_line",
            "distance_m": 45.2,
            "bearing_deg": 85
          }
        },
        {
          "task": "collision_avoidance",
          "from": "uav_swarm_agent",
          "status": "ok",
          "payload": {
            "recommended_alt": 75.0,
            "safe": true
          }
        }
      ],
      "net": {
        "slice": "URLLC",
        "lat_ms": 7,
        "jitter_ms": 1,
        "loss_pct": 0.02,
        "throughput_mbps": 150,
        "edge_load": 0.55
      }
    },
    {
      "turn": 6,
      "speaker": "user",
      "intent": "adjust_altitude_for_safety",
      "actions": [
        {
          "type": "mcp",
          "name": "set_waypoint",
          "args": {
            "x": 400.0,
            "y": 300.0,
            "z": 75.0
          }
        }
      ],
      "obs": [
        {
          "tool": "set_waypoint",
          "result": {
            "status": "updated",
            "new_alt": 75.0
          }
        }
      ],
      "net": {
        "slice": "URLLC",
        "lat_ms": 9,
        "jitter_ms": 2,
        "loss_pct": 0.1,
        "throughput_mbps": 130,
        "edge_load": 0.65
      }
    },
    {
      "turn": 7,
      "speaker": "agent",
      "intent": "resume_navigation_with_adjustment",
      "actions": [
        {
          "type": "mcp",
          "name": "execute_maneuver",
          "args": {
            "maneuver": "climb_and_proceed",
            "target": [
              400.0,
              300.0,
              75.0
            ]
          }
        }
      ],
      "obs": [
        {
          "tool": "execute_maneuver",
          "result": {
            "status": "completed",
            "final_pose": {
              "x": 400.0,
              "y": 300.0,
              "z": 75.0
            }
          }
        }
      ],
      "net": {
        "slice": "URLLC",
        "lat_ms": 6,
        "jitter_ms": 1,
        "loss_pct": 0.01,
        "throughput_mbps": 160,
        "edge_load": 0.45
      }
    },
    {
      "turn": 8,
      "speaker": "user",
      "intent": "initiate_survey_scan",
      "actions": [
        {
          "type": "mcp",
          "name": "activate_sensor",
          "args": {
            "sensor": "rgb"
          }
        },
        {
          "type": "mcp",
          "name": "capture_image",
          "args": {
            "mode": "high_res",
            "target_area": [
              [
                390,
                290
              ],
              [
                410,
                310
              ]
            ]
          }
        }
      ],
      "obs": [
        {
          "tool": "activate_sensor",
          "result": {
            "sensor": "rgb",
            "status": "active"
          }
        },
        {
          "tool": "capture_image",
          "result": {
            "status": "success",
            "image_id": "img_001",
            "size_mb": 4.2
          }
        }
      ],
      "net": {
        "slice": "eMBB",
        "lat_ms": 20,
        "jitter_ms": 5,
        "loss_pct": 0.8,
        "throughput_mbps": 600,
        "edge_load": 0.85
      }
    },
    {
      "turn": 9,
      "speaker": "agent",
      "intent": "detect_network_degradation",
      "actions": [
        {
          "type": "mcp",
          "name": "read_telemetry",
          "args": {}
        },
        {
          "type": "a2a",
          "task": "handover_edge_node",
          "to": "network_orchestrator",
          "payload": {
            "current_node": "edge_05",
            "preferred_node": "edge_03",
            "reason": "high_load"
          }
        }
      ],
      "obs": [
        {
          "tool": "read_telemetry",
          "result": {
            "battery_pct": 88.5,
            "link_quality": "degraded"
          }
        },
        {
          "task": "handover_edge_node",
          "from": "network_orchestrator",
          "status": "initiated",
          "payload": {
            "new_node": "edge_03",
            "expected_improvement": "latency_reduction_30pct"
          }
        }
      ],
      "net": {
        "slice": "mMTC",
        "lat_ms": 45,
        "jitter_ms": 12,
        "loss_pct": 2.5,
        "throughput_mbps": 10,
        "edge_load": 0.92
      }
    },
    {
      "turn": 10,
      "speaker": "user",
      "intent": "return_to_base",
      "actions": [
        {
          "type": "mcp",
          "name": "set_waypoint",
          "args": {
            "x": 100.0,
            "y": 100.0,
            "z": 30.0
          }
        }
      ],
      "obs": [
        {
          "tool": "set_waypoint",
          "result": {
            "status": "accepted",
            "eta_s": 22.0
          }
        }
      ],
      "net": {
        "slice": "URLLC",
        "lat_ms": 10,
        "jitter_ms": 2,
        "loss_pct": 0.15,
        "throughput_mbps": 140,
        "edge_load": 0.5
      }
    },
    {
      "turn": 11,
      "speaker": "agent",
      "intent": "execute_return_and_land",
      "actions": [
        {
          "type": "mcp",
          "name": "execute_maneuver",
          "args": {
            "maneuver": "return_to_base"
          }
        },
        {
          "type": "mcp",
          "name": "deactivate_sensor",
          "args": {
            "sensor": "lidar"
          }
        }
      ],
      "obs": [
        {
          "tool": "execute_maneuver",
          "result": {
            "status": "completed",
            "final_pose": {
              "x": 100.0,
              "y": 100.0,
              "z": 30.0
            }
          }
        },
        {
          "tool": "deactivate_sensor",
          "result": {
            "sensor": "lidar",
            "status": "offline"
          }
        }
      ],
      "net": {
        "slice": "URLLC",
        "lat_ms": 8,
        "jitter_ms": 1,
        "loss_pct": 0.05,
        "throughput_mbps": 155,
        "edge_load": 0.4
      }
    }
  ],
  "final_state": {
    "domain": "uav",
    "time_s": 120.0,
    "env": {
      "weather": "good",
      "wind_mps": 8.5,
      "wind_dir_deg": 240.0
    },
    "airspace": {
      "alt_bounds": [
        15.0,
        120.0
      ],
      "geofence": [
        {
          "type": "polygon",
          "points": [
            [
              0,
              0
            ],
            [
              800,
              0
            ],
            [
              800,
              600
            ],
            [
              0,
              600
            ]
          ]
        }
      ]
    },
    "uav": {
      "pose": {
        "x": 100.0,
        "y": 100.0,
        "z": 30.0,
        "yaw": 90.0
      },
      "speed_mps": 0.0,
      "energy": {
        "battery_pct": 82.3
      },
      "sensors": {
        "rgb": "ok",
        "thermal": "offline",
        "lidar": "ok",
        "radar": "offline",
        "gnss": "ok",
        "imu": "ok",
        "magnetometer": "ok",
        "barometer": "ok"
      },
      "payloads": []
    },
    "policy": {
      "alt_bounds": [
        15.0,
        120.0
      ]
    },
    "safety_flags": {
      "nfz_violation": false,
      "separation_breach": false
    }
  },
  "success": true,
  "_meta": {
    "seed": 42,
    "ts": 1763922350,
    "ts_iso": "2025-11-23T18:25:50Z",
    "gen_time_s": 53.37440538406372,
    "attempts_used": 1,
    "generation_failed": false,
    "usage": {
      "prompt_tokens": 1043,
      "completion_tokens": 3793,
      "total_tokens": 4836,
      "cost": 0.00319522,
      "is_byok": false,
      "prompt_tokens_details": {
        "cached_tokens": 624,
        "audio_tokens": 0,
        "video_tokens": 0
      },
      "cost_details": {
        "upstream_inference_cost": null,
        "upstream_inference_prompt_cost": 0.00016082,
        "upstream_inference_completions_cost": 0.0030344
      },
      "completion_tokens_details": {
        "reasoning_tokens": 0,
        "image_tokens": 0
      }
    }
  }
}