{
  "initial_state": {
    "domain": "uav",
    "time_s": 0.0,
    "env": {
      "weather": "thermal_updrafts",
      "wind_mps": 6.0,
      "wind_dir_deg": 135.0
    },
    "airspace": {
      "alt_bounds": [
        5.0,
        120.0
      ],
      "geofence": [
        {
          "type": "polygon",
          "points": [
            [
              0.0,
              0.0
            ],
            [
              200.0,
              0.0
            ],
            [
              200.0,
              150.0
            ],
            [
              0.0,
              150.0
            ]
          ]
        }
      ]
    },
    "uav": {
      "pose": {
        "x": 20.0,
        "y": 20.0,
        "z": 10.0,
        "yaw": 90.0
      },
      "speed_mps": 15.0,
      "energy": {
        "battery_pct": 100.0
      },
      "sensors": {
        "rgb": "ok",
        "thermal": "ok",
        "lidar": "ok",
        "radar": "offline",
        "gnss": "ok",
        "imu": "ok",
        "magnetometer": "ok",
        "barometer": "ok"
      },
      "payloads": []
    },
    "policy": {
      "alt_bounds": [
        5.0,
        120.0
      ]
    },
    "safety_flags": {
      "nfz_violation": false,
      "separation_breach": false
    }
  },
  "dialogue": [
    {
      "turn": 1,
      "speaker": "agent",
      "intent": "initiate inspection mission",
      "actions": [
        {
          "type": "mcp",
          "name": "read_telemetry",
          "args": {}
        },
        {
          "type": "mcp",
          "name": "set_speed",
          "args": {
            "speed_mps": 12.0
          }
        }
      ],
      "obs": [
        {
          "tool": "read_telemetry",
          "result": {
            "pose": {
              "x": 20.0,
              "y": 20.0,
              "z": 10.0
            },
            "battery_pct": 100.0,
            "speed_mps": 15.0
          }
        },
        {
          "tool": "set_speed",
          "result": {
            "status": "acknowledged",
            "target_speed": 12.0
          }
        }
      ],
      "net": {
        "slice": "eMBB",
        "lat_ms": 12,
        "jitter_ms": 2,
        "loss_pct": 0.1,
        "throughput_mbps": 850,
        "edge_load": 0.45
      }
    },
    {
      "turn": 2,
      "speaker": "user",
      "intent": "confirm mission start",
      "actions": [
        {
          "type": "mcp",
          "name": "acknowledge",
          "args": {
            "message_id": 1
          }
        }
      ],
      "obs": [
        {
          "tool": "acknowledge",
          "result": {
            "status": "confirmed",
            "message_id": 1
          }
        }
      ],
      "net": {
        "slice": "eMBB",
        "lat_ms": 11,
        "jitter_ms": 1.8,
        "loss_pct": 0.05,
        "throughput_mbps": 870,
        "edge_load": 0.43
      }
    },
    {
      "turn": 3,
      "speaker": "agent",
      "intent": "ascend to inspection altitude",
      "actions": [
        {
          "type": "mcp",
          "name": "set_altitude",
          "args": {
            "target_z": 85.0
          }
        },
        {
          "type": "a2a",
          "task": "collision_avoidance",
          "to": "uav_swarm_agent",
          "payload": {
            "current_pose": {
              "x": 20.0,
              "y": 20.0,
              "z": 10.0
            },
            "target_pose": {
              "x": 20.0,
              "y": 20.0,
              "z": 85.0
            }
          }
        }
      ],
      "obs": [
        {
          "tool": "set_altitude",
          "result": {
            "status": "executing",
            "target_z": 85.0
          }
        },
        {
          "task": "collision_avoidance",
          "from": "uav_swarm_agent",
          "status": "ok",
          "payload": {
            "clearance": "safe",
            "recommended_alt": 85.0
          }
        }
      ],
      "net": {
        "slice": "URLLC",
        "lat_ms": 8,
        "jitter_ms": 1.2,
        "loss_pct": 0.02,
        "throughput_mbps": 120,
        "edge_load": 0.38
      }
    },
    {
      "turn": 4,
      "speaker": "user",
      "intent": "request visual confirmation",
      "actions": [
        {
          "type": "mcp",
          "name": "capture_image",
          "args": {
            "sensor": "rgb",
            "mode": "high_res"
          }
        }
      ],
      "obs": [
        {
          "tool": "capture_image",
          "result": {
            "status": "success",
            "image_id": "IMG_001",
            "resolution": "4096x2160",
            "location": {
              "x": 20.0,
              "y": 20.0,
              "z": 45.0
            }
          }
        }
      ],
      "net": {
        "slice": "eMBB",
        "lat_ms": 15,
        "jitter_ms": 3,
        "loss_pct": 0.2,
        "throughput_mbps": 780,
        "edge_load": 0.52
      }
    },
    {
      "turn": 5,
      "speaker": "agent",
      "intent": "detect signal degradation",
      "actions": [
        {
          "type": "mcp",
          "name": "read_network_status",
          "args": {}
        }
      ],
      "obs": [
        {
          "tool": "read_network_status",
          "result": {
            "slice": "eMBB",
            "lat_ms": 95,
            "jitter_ms": 25,
            "loss_pct": 8.5,
            "throughput_mbps": 45,
            "edge_load": 0.88
          }
        }
      ],
      "net": {
        "slice": "eMBB",
        "lat_ms": 95,
        "jitter_ms": 25,
        "loss_pct": 8.5,
        "throughput_mbps": 45,
        "edge_load": 0.88
      }
    },
    {
      "turn": 6,
      "speaker": "user",
      "intent": "switch to resilient mode",
      "actions": [
        {
          "type": "mcp",
          "name": "switch_network_slice",
          "args": {
            "target_slice": "URLLC"
          }
        }
      ],
      "obs": [
        {
          "tool": "switch_network_slice",
          "result": {
            "status": "success",
            "old_slice": "eMBB",
            "new_slice": "URLLC"
          }
        }
      ],
      "net": {
        "slice": "URLLC",
        "lat_ms": 9,
        "jitter_ms": 1.5,
        "loss_pct": 0.1,
        "throughput_mbps": 110,
        "edge_load": 0.41
      }
    },
    {
      "turn": 7,
      "speaker": "agent",
      "intent": "resume spiral inspection",
      "actions": [
        {
          "type": "mcp",
          "name": "execute_mission_plan",
          "args": {
            "plan": "spiral_inspect_tower",
            "center": {
              "x": 100.0,
              "y": 100.0
            },
            "radius": 15.0,
            "z_start": 85.0,
            "z_end": 10.0,
            "steps": 10
          }
        }
      ],
      "obs": [
        {
          "tool": "execute_mission_plan",
          "result": {
            "status": "started",
            "waypoints_enqueued": 10,
            "estimated_duration_s": 180
          }
        }
      ],
      "net": {
        "slice": "URLLC",
        "lat_ms": 10,
        "jitter_ms": 1.6,
        "loss_pct": 0.08,
        "throughput_mbps": 105,
        "edge_load": 0.44
      }
    },
    {
      "turn": 8,
      "speaker": "user",
      "intent": "monitor progress and battery",
      "actions": [
        {
          "type": "mcp",
          "name": "read_telemetry",
          "args": {}
        }
      ],
      "obs": [
        {
          "tool": "read_telemetry",
          "result": {
            "pose": {
              "x": 65.2,
              "y": 88.7,
              "z": 67.3
            },
            "battery_pct": 88.4,
            "speed_mps": 11.2
          }
        }
      ],
      "net": {
        "slice": "URLLC",
        "lat_ms": 9,
        "jitter_ms": 1.4,
        "loss_pct": 0.05,
        "throughput_mbps": 115,
        "edge_load": 0.4
      }
    },
    {
      "turn": 9,
      "speaker": "agent",
      "intent": "coordinate data offload",
      "actions": [
        {
          "type": "a2a",
          "task": "data_offload",
          "to": "edge_gateway_agent",
          "payload": {
            "data_ids": [
              "IMG_001"
            ],
            "priority": "high"
          }
        }
      ],
      "obs": [
        {
          "task": "data_offload",
          "from": "edge_gateway_agent",
          "status": "accepted",
          "payload": {
            "queue_position": 1,
            "estimated_transmit_s": 12
          }
        }
      ],
      "net": {
        "slice": "URLLC",
        "lat_ms": 11,
        "jitter_ms": 1.7,
        "loss_pct": 0.07,
        "throughput_mbps": 108,
        "edge_load": 0.42
      }
    },
    {
      "turn": 10,
      "speaker": "user",
      "intent": "approve landing",
      "actions": [
        {
          "type": "mcp",
          "name": "set_home_position",
          "args": {
            "x": 20.0,
            "y": 20.0,
            "z": 5.0
          }
        }
      ],
      "obs": [
        {
          "tool": "set_home_position",
          "result": {
            "status": "updated",
            "home": {
              "x": 20.0,
              "y": 20.0,
              "z": 5.0
            }
          }
        }
      ],
      "net": {
        "slice": "URLLC",
        "lat_ms": 10,
        "jitter_ms": 1.5,
        "loss_pct": 0.06,
        "throughput_mbps": 112,
        "edge_load": 0.41
      }
    },
    {
      "turn": 11,
      "speaker": "agent",
      "intent": "return and land",
      "actions": [
        {
          "type": "mcp",
          "name": "return_to_home",
          "args": {}
        }
      ],
      "obs": [
        {
          "tool": "return_to_home",
          "result": {
            "status": "completed",
            "final_pose": {
              "x": 20.0,
              "y": 20.0,
              "z": 5.0
            },
            "battery_pct": 76.2
          }
        }
      ],
      "net": {
        "slice": "URLLC",
        "lat_ms": 9,
        "jitter_ms": 1.3,
        "loss_pct": 0.04,
        "throughput_mbps": 118,
        "edge_load": 0.39
      }
    }
  ],
  "final_state": {
    "domain": "uav",
    "time_s": 320.0,
    "env": {
      "weather": "thermal_updrafts",
      "wind_mps": 6.0,
      "wind_dir_deg": 135.0
    },
    "airspace": {
      "alt_bounds": [
        5.0,
        120.0
      ],
      "geofence": [
        {
          "type": "polygon",
          "points": [
            [
              0.0,
              0.0
            ],
            [
              200.0,
              0.0
            ],
            [
              200.0,
              150.0
            ],
            [
              0.0,
              150.0
            ]
          ]
        }
      ]
    },
    "uav": {
      "pose": {
        "x": 20.0,
        "y": 20.0,
        "z": 5.0,
        "yaw": 90.0
      },
      "speed_mps": 0.0,
      "energy": {
        "battery_pct": 76.2
      },
      "sensors": {
        "rgb": "ok",
        "thermal": "ok",
        "lidar": "ok",
        "radar": "offline",
        "gnss": "ok",
        "imu": "ok",
        "magnetometer": "ok",
        "barometer": "ok"
      },
      "payloads": []
    },
    "policy": {
      "alt_bounds": [
        5.0,
        120.0
      ]
    },
    "safety_flags": {
      "nfz_violation": false,
      "separation_breach": false
    }
  },
  "success": true,
  "_meta": {
    "seed": 42,
    "ts": 1763941662,
    "ts_iso": "2025-11-23T23:47:42Z",
    "gen_time_s": 40.7093300819397,
    "attempts_used": 1,
    "generation_failed": false,
    "usage": {
      "prompt_tokens": 1057,
      "completion_tokens": 3518,
      "total_tokens": 4575,
      "cost": 0.00298006,
      "is_byok": false,
      "prompt_tokens_details": {
        "cached_tokens": 608,
        "audio_tokens": 0,
        "video_tokens": 0
      },
      "cost_details": {
        "upstream_inference_cost": null,
        "upstream_inference_prompt_cost": 0.00016566,
        "upstream_inference_completions_cost": 0.0028144
      },
      "completion_tokens_details": {
        "reasoning_tokens": 0,
        "image_tokens": 0
      }
    }
  }
}