{
  "initial_state": {
    "domain": "uav",
    "time_s": 0.0,
    "env": {
      "weather": "dust",
      "wind_mps": 8.5,
      "wind_dir_deg": 240.0
    },
    "airspace": {
      "alt_bounds": [
        10.0,
        250.0
      ],
      "geofence": [
        {
          "type": "polygon",
          "points": [
            [
              0,
              0
            ],
            [
              1000,
              0
            ],
            [
              1000,
              800
            ],
            [
              0,
              800
            ]
          ]
        }
      ]
    },
    "uav": {
      "pose": {
        "x": 100.0,
        "y": 50.0,
        "z": 15.0,
        "yaw": 220.0
      },
      "speed_mps": 22.0,
      "energy": {
        "battery_pct": 100.0
      },
      "sensors": {
        "rgb": "ok",
        "thermal": "offline",
        "lidar": "offline",
        "radar": "offline",
        "gnss": "ok",
        "imu": "ok",
        "magnetometer": "ok",
        "barometer": "ok"
      },
      "payloads": []
    },
    "policy": {
      "alt_bounds": [
        10.0,
        250.0
      ]
    },
    "safety_flags": {
      "nfz_violation": false,
      "separation_breach": false
    }
  },
  "dialogue": [
    {
      "turn": 1,
      "speaker": "agent",
      "intent": "initiate mission and assess current state",
      "actions": [
        {
          "type": "mcp",
          "name": "read_telemetry",
          "args": {}
        },
        {
          "type": "mcp",
          "name": "check_sensor_status",
          "args": {}
        }
      ],
      "obs": [
        {
          "tool": "read_telemetry",
          "result": {
            "pose": {
              "x": 100.0,
              "y": 50.0,
              "z": 15.0
            },
            "speed_mps": 22.0,
            "battery_pct": 100.0
          }
        },
        {
          "tool": "check_sensor_status",
          "result": {
            "rgb": "ok",
            "thermal": "offline",
            "lidar": "offline",
            "radar": "offline"
          }
        }
      ],
      "net": {
        "slice": "eMBB",
        "lat_ms": 18,
        "jitter_ms": 3,
        "loss_pct": 0.1,
        "throughput_mbps": 850,
        "edge_load": 0.45
      }
    },
    {
      "turn": 2,
      "speaker": "user",
      "intent": "request mission plan and sensor activation",
      "actions": [
        {
          "type": "mcp",
          "name": "request_mission_plan",
          "args": {
            "target_waypoints": [
              [
                800,
                700
              ]
            ],
            "task": "surveillance"
          }
        }
      ],
      "obs": [
        {
          "tool": "request_mission_plan",
          "result": {
            "waypoints": [
              [
                300,
                150
              ],
              [
                600,
                400
              ],
              [
                800,
                700
              ]
            ],
            "estimated_duration_s": 180,
            "battery_impact_pct": 35
          }
        }
      ],
      "net": {
        "slice": "eMBB",
        "lat_ms": 20,
        "jitter_ms": 4,
        "loss_pct": 0.2,
        "throughput_mbps": 800,
        "edge_load": 0.5
      }
    },
    {
      "turn": 3,
      "speaker": "agent",
      "intent": "activate thermal sensor and adjust flight path for dust conditions",
      "actions": [
        {
          "type": "mcp",
          "name": "activate_sensor",
          "args": {
            "sensor": "thermal"
          }
        },
        {
          "type": "mcp",
          "name": "compute_optimal_route",
          "args": {
            "waypoints": [
              [
                300,
                150
              ],
              [
                600,
                400
              ],
              [
                800,
                700
              ]
            ],
            "obstacles": [
              {
                "x": 450,
                "y": 300,
                "radius": 50
              }
            ],
            "wind_compensation": true
          }
        }
      ],
      "obs": [
        {
          "tool": "activate_sensor",
          "result": {
            "sensor": "thermal",
            "status": "activating"
          }
        },
        {
          "tool": "compute_optimal_route",
          "result": {
            "route": [
              [
                100,
                50
              ],
              [
                290,
                140
              ],
              [
                590,
                390
              ],
              [
                790,
                690
              ]
            ],
            "total_distance_m": 980,
            "estimated_time_s": 175
          }
        }
      ],
      "net": {
        "slice": "URLLC",
        "lat_ms": 8,
        "jitter_ms": 1,
        "loss_pct": 0.05,
        "throughput_mbps": 120,
        "edge_load": 0.3
      }
    },
    {
      "turn": 4,
      "speaker": "user",
      "intent": "approve route and request swarm coordination",
      "actions": [
        {
          "type": "a2a",
          "task": "collision_avoidance",
          "to": "uav_swarm_agent",
          "payload": {
            "uav_id": "uav_01",
            "current_pose": {
              "x": 100.0,
              "y": 50.0,
              "z": 15.0
            },
            "route": [
              [
                290,
                140
              ],
              [
                590,
                390
              ],
              [
                790,
                690
              ]
            ],
            "eta": 175
          }
        }
      ],
      "obs": [
        {
          "task": "collision_avoidance",
          "from": "uav_swarm_agent",
          "status": "ok",
          "payload": {
            "conflicts": [],
            "recommendation": "proceed"
          }
        }
      ],
      "net": {
        "slice": "URLLC",
        "lat_ms": 9,
        "jitter_ms": 1.2,
        "loss_pct": 0.08,
        "throughput_mbps": 110,
        "edge_load": 0.35
      }
    },
    {
      "turn": 5,
      "speaker": "agent",
      "intent": "initiate takeoff and transition to forward flight",
      "actions": [
        {
          "type": "mcp",
          "name": "execute_maneuver",
          "args": {
            "maneuver": "vtol_transition",
            "target_altitude": 40.0
          }
        }
      ],
      "obs": [
        {
          "tool": "execute_maneuver",
          "result": {
            "status": "completed",
            "final_altitude": 40.0,
            "battery_pct": 98.5
          }
        }
      ],
      "net": {
        "slice": "URLLC",
        "lat_ms": 7,
        "jitter_ms": 0.8,
        "loss_pct": 0.02,
        "throughput_mbps": 130,
        "edge_load": 0.28
      }
    },
    {
      "turn": 6,
      "speaker": "user",
      "intent": "request real-time video stream",
      "actions": [
        {
          "type": "mcp",
          "name": "start_video_stream",
          "args": {
            "camera": "rgb",
            "resolution": "1080p",
            "bitrate_mbps": 5
          }
        }
      ],
      "obs": [
        {
          "tool": "start_video_stream",
          "result": {
            "stream_id": "stream_01",
            "status": "active",
            "bitrate_mbps": 5
          }
        }
      ],
      "net": {
        "slice": "eMBB",
        "lat_ms": 25,
        "jitter_ms": 6,
        "loss_pct": 0.3,
        "throughput_mbps": 780,
        "edge_load": 0.6
      }
    },
    {
      "turn": 7,
      "speaker": "agent",
      "intent": "detect network degradation and adapt",
      "actions": [
        {
          "type": "mcp",
          "name": "monitor_network",
          "args": {}
        }
      ],
      "obs": [
        {
          "tool": "monitor_network",
          "result": {
            "current_slice": "eMBB",
            "lat_ms": 45,
            "jitter_ms": 15,
            "loss_pct": 2.1,
            "recommendation": "switch to URLLC for control"
          }
        }
      ],
      "net": {
        "slice": "eMBB",
        "lat_ms": 45,
        "jitter_ms": 15,
        "loss_pct": 2.1,
        "throughput_mbps": 300,
        "edge_load": 0.85
      }
    },
    {
      "turn": 8,
      "speaker": "user",
      "intent": "reduce bandwidth usage and maintain control",
      "actions": [
        {
          "type": "mcp",
          "name": "adjust_video_stream",
          "args": {
            "stream_id": "stream_01",
            "resolution": "480p",
            "bitrate_mbps": 1
          }
        },
        {
          "type": "mcp",
          "name": "read_telemetry",
          "args": {}
        }
      ],
      "obs": [
        {
          "tool": "adjust_video_stream",
          "result": {
            "stream_id": "stream_01",
            "resolution": "480p",
            "bitrate_mbps": 1,
            "status": "adjusted"
          }
        },
        {
          "tool": "read_telemetry",
          "result": {
            "pose": {
              "x": 420.0,
              "y": 280.0,
              "z": 40.0
            },
            "speed_mps": 20.5,
            "battery_pct": 96.0
          }
        }
      ],
      "net": {
        "slice": "URLLC",
        "lat_ms": 10,
        "jitter_ms": 2,
        "loss_pct": 0.1,
        "throughput_mbps": 100,
        "edge_load": 0.4
      }
    },
    {
      "turn": 9,
      "speaker": "agent",
      "intent": "confirm arrival at final waypoint",
      "actions": [
        {
          "type": "mcp",
          "name": "check_mission_progress",
          "args": {}
        }
      ],
      "obs": [
        {
          "tool": "check_mission_progress",
          "result": {
            "current_waypoint_index": 2,
            "reached": true,
            "target": [
              790,
              690
            ],
            "distance_to_next": 0
          }
        }
      ],
      "net": {
        "slice": "URLLC",
        "lat_ms": 9,
        "jitter_ms": 1.5,
        "loss_pct": 0.07,
        "throughput_mbps": 115,
        "edge_load": 0.38
      }
    },
    {
      "turn": 10,
      "speaker": "user",
      "intent": "prepare for landing and deactivate sensors",
      "actions": [
        {
          "type": "mcp",
          "name": "execute_maneuver",
          "args": {
            "maneuver": "land",
            "target_location": [
              790,
              690
            ]
          }
        },
        {
          "type": "mcp",
          "name": "deactivate_sensor",
          "args": {
            "sensor": "thermal"
          }
        }
      ],
      "obs": [
        {
          "tool": "execute_maneuver",
          "result": {
            "status": "completed",
            "final_pose": {
              "x": 790,
              "y": 690,
              "z": 5.0
            },
            "battery_pct": 94.2
          }
        },
        {
          "tool": "deactivate_sensor",
          "result": {
            "sensor": "thermal",
            "status": "deactivated"
          }
        }
      ],
      "net": {
        "slice": "URLLC",
        "lat_ms": 8,
        "jitter_ms": 1,
        "loss_pct": 0.03,
        "throughput_mbps": 125,
        "edge_load": 0.32
      }
    }
  ],
  "final_state": {
    "domain": "uav",
    "time_s": 180.0,
    "env": {
      "weather": "dust",
      "wind_mps": 8.5,
      "wind_dir_deg": 240.0
    },
    "airspace": {
      "alt_bounds": [
        10.0,
        250.0
      ],
      "geofence": [
        {
          "type": "polygon",
          "points": [
            [
              0,
              0
            ],
            [
              1000,
              0
            ],
            [
              1000,
              800
            ],
            [
              0,
              800
            ]
          ]
        }
      ]
    },
    "uav": {
      "pose": {
        "x": 790,
        "y": 690,
        "z": 5.0,
        "yaw": 220.0
      },
      "speed_mps": 0.0,
      "energy": {
        "battery_pct": 94.2
      },
      "sensors": {
        "rgb": "ok",
        "thermal": "offline",
        "lidar": "offline",
        "radar": "offline",
        "gnss": "ok",
        "imu": "ok",
        "magnetometer": "ok",
        "barometer": "ok"
      },
      "payloads": []
    },
    "policy": {
      "alt_bounds": [
        10.0,
        250.0
      ]
    },
    "safety_flags": {
      "nfz_violation": false,
      "separation_breach": false
    }
  },
  "success": true,
  "_meta": {
    "seed": 42,
    "ts": 1763952869,
    "ts_iso": "2025-11-24T02:54:29Z",
    "gen_time_s": 49.75945448875427,
    "attempts_used": 1,
    "generation_failed": false,
    "usage": {
      "prompt_tokens": 1048,
      "completion_tokens": 3588,
      "total_tokens": 4636,
      "cost": 0.00303232,
      "is_byok": false,
      "prompt_tokens_details": {
        "cached_tokens": 624,
        "audio_tokens": 0,
        "video_tokens": 0
      },
      "cost_details": {
        "upstream_inference_cost": null,
        "upstream_inference_prompt_cost": 0.00016192,
        "upstream_inference_completions_cost": 0.0028704
      },
      "completion_tokens_details": {
        "reasoning_tokens": 0,
        "image_tokens": 0
      }
    }
  }
}