{
  "initial_state": {
    "domain": "uav",
    "time_s": 0.0,
    "env": {
      "weather": "icing",
      "wind_mps": 8.0,
      "wind_dir_deg": 240.0
    },
    "airspace": {
      "alt_bounds": [
        10.0,
        120.0
      ],
      "geofence": [
        {
          "type": "polygon",
          "points": [
            [
              0,
              0
            ],
            [
              200,
              0
            ],
            [
              200,
              150
            ],
            [
              0,
              150
            ]
          ]
        }
      ]
    },
    "uav": {
      "pose": {
        "x": 10.0,
        "y": 10.0,
        "z": 15.0,
        "yaw": 90.0
      },
      "speed_mps": 35.0,
      "energy": {
        "battery_pct": 100.0
      },
      "sensors": {
        "rgb": "ok",
        "thermal": "offline",
        "lidar": "ok",
        "radar": "ok",
        "gnss": "ok",
        "imu": "ok",
        "magnetometer": "ok",
        "barometer": "ok"
      },
      "payloads": []
    },
    "policy": {
      "alt_bounds": [
        10.0,
        120.0
      ]
    },
    "safety_flags": {
      "nfz_violation": false,
      "separation_breach": false
    }
  },
  "dialogue": [
    {
      "turn": 1,
      "speaker": "agent",
      "intent": "initiate mission and assess current state",
      "actions": [
        {
          "type": "mcp",
          "name": "read_telemetry",
          "args": {}
        },
        {
          "type": "mcp",
          "name": "check_weather",
          "args": {}
        }
      ],
      "obs": [
        {
          "tool": "read_telemetry",
          "result": {
            "pose": {
              "x": 10.0,
              "y": 10.0,
              "z": 15.0,
              "yaw": 90.0
            },
            "speed_mps": 35.0,
            "battery_pct": 100.0
          }
        },
        {
          "tool": "check_weather",
          "result": {
            "condition": "icing",
            "wind_mps": 8.0,
            "wind_dir_deg": 240.0
          }
        }
      ],
      "net": {
        "slice": "eMBB",
        "lat_ms": 12,
        "jitter_ms": 2,
        "loss_pct": 0.1,
        "throughput_mbps": 850,
        "edge_load": 0.35
      }
    },
    {
      "turn": 2,
      "speaker": "user",
      "intent": "confirm mission start and request caution due to icing",
      "actions": [],
      "obs": [],
      "net": {
        "slice": "eMBB",
        "lat_ms": 11,
        "jitter_ms": 1.8,
        "loss_pct": 0.1,
        "throughput_mbps": 870,
        "edge_load": 0.36
      }
    },
    {
      "turn": 3,
      "speaker": "agent",
      "intent": "request swarm coordination for de-icing protocol",
      "actions": [
        {
          "type": "a2a",
          "task": "de_icing_procedure",
          "to": "uav_swarm_agent",
          "payload": {
            "uav_id": "uav-7",
            "current_pose": {
              "x": 10.0,
              "y": 10.0,
              "z": 15.0
            },
            "battery": 100.0
          }
        }
      ],
      "obs": [
        {
          "task": "de_icing_procedure",
          "from": "uav_swarm_agent",
          "status": "ok",
          "payload": {
            "action_taken": "heating_elements_engaged",
            "duration_s": 30,
            "energy_used_pct": 1.2
          }
        }
      ],
      "net": {
        "slice": "URLLC",
        "lat_ms": 5,
        "jitter_ms": 0.8,
        "loss_pct": 0.05,
        "throughput_mbps": 120,
        "edge_load": 0.28
      }
    },
    {
      "turn": 4,
      "speaker": "user",
      "intent": "approve route adjustment to avoid high wind shear zone",
      "actions": [
        {
          "type": "mcp",
          "name": "update_route",
          "args": {
            "waypoints": [
              [
                20,
                30
              ],
              [
                50,
                60
              ],
              [
                100,
                100
              ]
            ]
          }
        }
      ],
      "obs": [
        {
          "tool": "update_route",
          "result": {
            "status": "success",
            "new_route_length_km": 1.8,
            "eta_s": 62
          }
        }
      ],
      "net": {
        "slice": "eMBB",
        "lat_ms": 13,
        "jitter_ms": 2.1,
        "loss_pct": 0.12,
        "throughput_mbps": 830,
        "edge_load": 0.38
      }
    },
    {
      "turn": 5,
      "speaker": "agent",
      "intent": "monitor telemetry under new route and wind conditions",
      "actions": [
        {
          "type": "mcp",
          "name": "read_telemetry",
          "args": {}
        },
        {
          "type": "mcp",
          "name": "activate_sensor",
          "args": {
            "sensor": "lidar"
          }
        }
      ],
      "obs": [
        {
          "tool": "read_telemetry",
          "result": {
            "pose": {
              "x": 25.3,
              "y": 33.1,
              "z": 18.2,
              "yaw": 88.5
            },
            "speed_mps": 32.1,
            "battery_pct": 98.7
          }
        },
        {
          "tool": "activate_sensor",
          "result": {
            "sensor": "lidar",
            "status": "active",
            "data_rate_mbps": 45
          }
        }
      ],
      "net": {
        "slice": "eMBB",
        "lat_ms": 14,
        "jitter_ms": 2.3,
        "loss_pct": 0.15,
        "throughput_mbps": 810,
        "edge_load": 0.41
      }
    },
    {
      "turn": 6,
      "speaker": "user",
      "intent": "report network degradation and request fallback to URLLC",
      "actions": [],
      "obs": [],
      "net": {
        "slice": "eMBB",
        "lat_ms": 98,
        "jitter_ms": 15,
        "loss_pct": 8.2,
        "throughput_mbps": 120,
        "edge_load": 0.78
      }
    },
    {
      "turn": 7,
      "speaker": "agent",
      "intent": "adapt to network degradation by reducing sensor usage",
      "actions": [
        {
          "type": "mcp",
          "name": "switch_network_slice",
          "args": {
            "target": "URLLC"
          }
        },
        {
          "type": "mcp",
          "name": "deactivate_sensor",
          "args": {
            "sensor": "lidar"
          }
        }
      ],
      "obs": [
        {
          "tool": "switch_network_slice",
          "result": {
            "status": "success",
            "new_slice": "URLLC",
            "lat_ms": 6
          }
        },
        {
          "tool": "deactivate_sensor",
          "result": {
            "sensor": "lidar",
            "status": "off"
          }
        }
      ],
      "net": {
        "slice": "URLLC",
        "lat_ms": 6,
        "jitter_ms": 1.0,
        "loss_pct": 0.04,
        "throughput_mbps": 100,
        "edge_load": 0.32
      }
    },
    {
      "turn": 8,
      "speaker": "user",
      "intent": "authorize continuation with minimal telemetry",
      "actions": [
        {
          "type": "mcp",
          "name": "set_mode",
          "args": {
            "mode": "loiter"
          }
        }
      ],
      "obs": [
        {
          "tool": "set_mode",
          "result": {
            "mode": "loiter",
            "reason": "awaiting_clearance"
          }
        }
      ],
      "net": {
        "slice": "URLLC",
        "lat_ms": 5.5,
        "jitter_ms": 0.9,
        "loss_pct": 0.03,
        "throughput_mbps": 110,
        "edge_load": 0.3
      }
    },
    {
      "turn": 9,
      "speaker": "agent",
      "intent": "resume mission after network recovery",
      "actions": [
        {
          "type": "mcp",
          "name": "read_telemetry",
          "args": {}
        },
        {
          "type": "a2a",
          "task": "route_clearance_check",
          "to": "atc_agent",
          "payload": {
            "uav_id": "uav-7",
            "current_pose": {
              "x": 25.3,
              "y": 33.1,
              "z": 18.2
            },
            "next_waypoint": [
              50,
              60
            ]
          }
        }
      ],
      "obs": [
        {
          "tool": "read_telemetry",
          "result": {
            "pose": {
              "x": 25.3,
              "y": 33.1,
              "z": 18.2,
              "yaw": 88.5
            },
            "speed_mps": 0.0,
            "battery_pct": 98.5
          }
        },
        {
          "task": "route_clearance_check",
          "from": "atc_agent",
          "status": "cleared",
          "payload": {
            "next_waypoint": [
              50,
              60
            ],
            "altitude": 20.0
          }
        }
      ],
      "net": {
        "slice": "URLLC",
        "lat_ms": 5.8,
        "jitter_ms": 1.1,
        "loss_pct": 0.05,
        "throughput_mbps": 115,
        "edge_load": 0.31
      }
    },
    {
      "turn": 10,
      "speaker": "user",
      "intent": "approve resumption to waypoint",
      "actions": [],
      "obs": [],
      "net": {
        "slice": "URLLC",
        "lat_ms": 6.0,
        "jitter_ms": 1.2,
        "loss_pct": 0.06,
        "throughput_mbps": 112,
        "edge_load": 0.33
      }
    },
    {
      "turn": 11,
      "speaker": "agent",
      "intent": "execute final approach and confirm safety",
      "actions": [
        {
          "type": "mcp",
          "name": "navigate_to",
          "args": {
            "waypoint": [
              100,
              100
            ],
            "altitude": 20.0
          }
        },
        {
          "type": "mcp",
          "name": "check_safety_constraints",
          "args": {}
        }
      ],
      "obs": [
        {
          "tool": "navigate_to",
          "result": {
            "status": "reached",
            "waypoint": [
              100,
              100
            ],
            "duration_s": 45,
            "energy_used_pct": 1.0
          }
        },
        {
          "tool": "check_safety_constraints",
          "result": {
            "within_alt_bounds": true,
            "inside_geofence": true,
            "separation_ok": true
          }
        }
      ],
      "net": {
        "slice": "URLLC",
        "lat_ms": 5.2,
        "jitter_ms": 0.7,
        "loss_pct": 0.02,
        "throughput_mbps": 125,
        "edge_load": 0.29
      }
    }
  ],
  "final_state": {
    "domain": "uav",
    "time_s": 157.0,
    "env": {
      "weather": "icing",
      "wind_mps": 8.0,
      "wind_dir_deg": 240.0
    },
    "airspace": {
      "alt_bounds": [
        10.0,
        120.0
      ],
      "geofence": [
        {
          "type": "polygon",
          "points": [
            [
              0,
              0
            ],
            [
              200,
              0
            ],
            [
              200,
              150
            ],
            [
              0,
              150
            ]
          ]
        }
      ]
    },
    "uav": {
      "pose": {
        "x": 100.0,
        "y": 100.0,
        "z": 20.0,
        "yaw": 88.5
      },
      "speed_mps": 0.0,
      "energy": {
        "battery_pct": 97.5
      },
      "sensors": {
        "rgb": "ok",
        "thermal": "offline",
        "lidar": "ok",
        "radar": "ok",
        "gnss": "ok",
        "imu": "ok",
        "magnetometer": "ok",
        "barometer": "ok"
      },
      "payloads": []
    },
    "policy": {
      "alt_bounds": [
        10.0,
        120.0
      ]
    },
    "safety_flags": {
      "nfz_violation": false,
      "separation_breach": false
    }
  },
  "success": true,
  "_meta": {
    "seed": 42,
    "ts": 1763669026,
    "ts_iso": "2025-11-20T20:03:46Z",
    "gen_time_s": 81.60636329650879,
    "attempts_used": 1,
    "generation_failed": false,
    "usage": {
      "prompt_tokens": 1042,
      "completion_tokens": 3467,
      "total_tokens": 4509,
      "cost": 0.00293596,
      "is_byok": false,
      "prompt_tokens_details": {
        "cached_tokens": 608,
        "audio_tokens": 0,
        "video_tokens": 0
      },
      "cost_details": {
        "upstream_inference_cost": null,
        "upstream_inference_prompt_cost": 0.00016236,
        "upstream_inference_completions_cost": 0.0027736
      },
      "completion_tokens_details": {
        "reasoning_tokens": 0,
        "image_tokens": 0
      }
    }
  }
}