{
  "initial_state": {
    "domain": "uav",
    "time_s": 0.0,
    "env": {
      "weather": "ash_cloud,lightning_risk",
      "wind_mps": 14.5,
      "wind_dir_deg": 240.0
    },
    "airspace": {
      "alt_bounds": [
        10.0,
        120.0
      ],
      "geofence": [
        {
          "type": "polygon",
          "points": [
            [
              0,
              0
            ],
            [
              300,
              0
            ],
            [
              300,
              250
            ],
            [
              0,
              250
            ]
          ]
        }
      ]
    },
    "uav": {
      "pose": {
        "x": 20.0,
        "y": 20.0,
        "z": 15.0,
        "yaw": 90.0
      },
      "speed_mps": 22.0,
      "energy": {
        "battery_pct": 100.0
      },
      "sensors": {
        "rgb": "ok",
        "thermal": "ok",
        "lidar": "ok",
        "radar": "offline",
        "gnss": "ok",
        "imu": "ok",
        "magnetometer": "ok",
        "barometer": "ok"
      },
      "payloads": []
    },
    "policy": {
      "alt_bounds": [
        10.0,
        120.0
      ]
    },
    "safety_flags": {
      "nfz_violation": false,
      "separation_breach": false
    }
  },
  "dialogue": [
    {
      "turn": 1,
      "speaker": "agent",
      "intent": "initiate_medical_delivery_mission",
      "actions": [
        {
          "type": "mcp",
          "name": "read_telemetry",
          "args": {}
        },
        {
          "type": "mcp",
          "name": "set_waypoint",
          "args": {
            "x": 280.0,
            "y": 230.0,
            "z": 80.0
          }
        }
      ],
      "obs": [
        {
          "tool": "read_telemetry",
          "result": {
            "pose": {
              "x": 20.0,
              "y": 20.0,
              "z": 15.0
            },
            "battery_pct": 100.0,
            "speed_mps": 22.0
          }
        },
        {
          "tool": "set_waypoint",
          "result": {
            "status": "accepted",
            "target": {
              "x": 280.0,
              "y": 230.0,
              "z": 80.0
            }
          }
        }
      ],
      "net": {
        "slice": "eMBB",
        "lat_ms": 12,
        "jitter_ms": 3,
        "loss_pct": 0.1,
        "throughput_mbps": 850,
        "edge_load": 0.4
      }
    },
    {
      "turn": 2,
      "speaker": "user",
      "intent": "confirm_mission_and_monitor_weather",
      "actions": [
        {
          "type": "mcp",
          "name": "check_weather_alerts",
          "args": {}
        }
      ],
      "obs": [
        {
          "tool": "check_weather_alerts",
          "result": {
            "current": "ash_cloud,lightning_risk",
            "advisory": "avoid altitudes above 100m near plume"
          }
        }
      ],
      "net": {
        "slice": "URLLC",
        "lat_ms": 8,
        "jitter_ms": 1,
        "loss_pct": 0.05,
        "throughput_mbps": 200,
        "edge_load": 0.3
      }
    },
    {
      "turn": 3,
      "speaker": "agent",
      "intent": "adjust_route_for_weather",
      "actions": [
        {
          "type": "mcp",
          "name": "set_waypoint",
          "args": {
            "x": 280.0,
            "y": 230.0,
            "z": 70.0
          }
        },
        {
          "type": "a2a",
          "task": "route_update",
          "to": "uav_swarm_agent",
          "payload": {
            "waypoint": {
              "x": 280.0,
              "y": 230.0,
              "z": 70.0
            }
          }
        }
      ],
      "obs": [
        {
          "tool": "set_waypoint",
          "result": {
            "status": "updated",
            "target": {
              "x": 280.0,
              "y": 230.0,
              "z": 70.0
            }
          }
        },
        {
          "task": "route_update",
          "from": "uav_swarm_agent",
          "status": "ok",
          "payload": {
            "ack": true
          }
        }
      ],
      "net": {
        "slice": "URLLC",
        "lat_ms": 9,
        "jitter_ms": 2,
        "loss_pct": 0.08,
        "throughput_mbps": 180,
        "edge_load": 0.35
      }
    },
    {
      "turn": 4,
      "speaker": "user",
      "intent": "request_thermal_scan_for_patient",
      "actions": [
        {
          "type": "mcp",
          "name": "activate_sensor",
          "args": {
            "sensor": "thermal"
          }
        }
      ],
      "obs": [
        {
          "tool": "activate_sensor",
          "result": {
            "sensor": "thermal",
            "status": "active"
          }
        }
      ],
      "net": {
        "slice": "eMBB",
        "lat_ms": 15,
        "jitter_ms": 5,
        "loss_pct": 0.2,
        "throughput_mbps": 700,
        "edge_load": 0.5
      }
    },
    {
      "turn": 5,
      "speaker": "agent",
      "intent": "detect_patient_and_avoid_crosswind_drift",
      "actions": [
        {
          "type": "mcp",
          "name": "run_object_detection",
          "args": {
            "sensor": "thermal",
            "target_class": "human"
          }
        },
        {
          "type": "mcp",
          "name": "compensate_wind",
          "args": {
            "wind_dir_deg": 240.0,
            "wind_mps": 14.5
          }
        }
      ],
      "obs": [
        {
          "tool": "run_object_detection",
          "result": {
            "detections": [
              {
                "class": "human",
                "x": 275.0,
                "y": 225.0,
                "confidence": 0.93
              }
            ]
          }
        },
        {
          "tool": "compensate_wind",
          "result": {
            "status": "applied",
            "correction_yaw": 82.0
          }
        }
      ],
      "net": {
        "slice": "URLLC",
        "lat_ms": 7,
        "jitter_ms": 1,
        "loss_pct": 0.05,
        "throughput_mbps": 220,
        "edge_load": 0.3
      }
    },
    {
      "turn": 6,
      "speaker": "user",
      "intent": "verify_patient_location_and_approve_drop",
      "actions": [
        {
          "type": "mcp",
          "name": "get_patient_location",
          "args": {}
        }
      ],
      "obs": [
        {
          "tool": "get_patient_location",
          "result": {
            "x": 275.0,
            "y": 225.0,
            "z": 68.0,
            "confidence": 0.93
          }
        }
      ],
      "net": {
        "slice": "mMTC",
        "lat_ms": 50,
        "jitter_ms": 10,
        "loss_pct": 1.5,
        "throughput_mbps": 1.2,
        "edge_load": 0.7
      }
    },
    {
      "turn": 7,
      "speaker": "agent",
      "intent": "prepare_medical_drop_sequence",
      "actions": [
        {
          "type": "mcp",
          "name": "arm_delivery_mechanism",
          "args": {}
        },
        {
          "type": "a2a",
          "task": "confirm_separation",
          "to": "uav_swarm_agent",
          "payload": {
            "check": "proximity"
          }
        }
      ],
      "obs": [
        {
          "tool": "arm_delivery_mechanism",
          "result": {
            "status": "armed"
          }
        },
        {
          "task": "confirm_separation",
          "from": "uav_swarm_agent",
          "status": "ok",
          "payload": {
            "separation_breach": false
          }
        }
      ],
      "net": {
        "slice": "URLLC",
        "lat_ms": 6,
        "jitter_ms": 1,
        "loss_pct": 0.04,
        "throughput_mbps": 250,
        "edge_load": 0.25
      }
    },
    {
      "turn": 8,
      "speaker": "user",
      "intent": "authorize_medical_drop",
      "actions": [
        {
          "type": "mcp",
          "name": "authorize_action",
          "args": {
            "action": "deliver_medical_package"
          }
        }
      ],
      "obs": [
        {
          "tool": "authorize_action",
          "result": {
            "action": "deliver_medical_package",
            "authorized": true
          }
        }
      ],
      "net": {
        "slice": "URLLC",
        "lat_ms": 5,
        "jitter_ms": 1,
        "loss_pct": 0.03,
        "throughput_mbps": 300,
        "edge_load": 0.2
      }
    },
    {
      "turn": 9,
      "speaker": "agent",
      "intent": "execute_medical_package_delivery",
      "actions": [
        {
          "type": "mcp",
          "name": "deliver_medical_package",
          "args": {
            "target_x": 275.0,
            "target_y": 225.0,
            "target_z": 15.0
          }
        }
      ],
      "obs": [
        {
          "tool": "deliver_medical_package",
          "result": {
            "status": "success",
            "delivery_time_s": 12.5,
            "impact_velocity_mps": 1.2
          }
        }
      ],
      "net": {
        "slice": "URLLC",
        "lat_ms": 6,
        "jitter_ms": 2,
        "loss_pct": 0.05,
        "throughput_mbps": 240,
        "edge_load": 0.28
      }
    },
    {
      "turn": 10,
      "speaker": "user",
      "intent": "request_return_path_with_battery_check",
      "actions": [
        {
          "type": "mcp",
          "name": "read_telemetry",
          "args": {}
        }
      ],
      "obs": [
        {
          "tool": "read_telemetry",
          "result": {
            "pose": {
              "x": 275.0,
              "y": 225.0,
              "z": 15.0
            },
            "battery_pct": 68.0,
            "speed_mps": 0.0
          }
        }
      ],
      "net": {
        "slice": "mMTC",
        "lat_ms": 60,
        "jitter_ms": 15,
        "loss_pct": 2.0,
        "throughput_mbps": 0.8,
        "edge_load": 0.8
      }
    },
    {
      "turn": 11,
      "speaker": "agent",
      "intent": "initiate_return_and_conserve_bandwidth",
      "actions": [
        {
          "type": "mcp",
          "name": "set_waypoint",
          "args": {
            "x": 20.0,
            "y": 20.0,
            "z": 50.0
          }
        }
      ],
      "obs": [
        {
          "tool": "set_waypoint",
          "result": {
            "status": "accepted",
            "target": {
              "x": 20.0,
              "y": 20.0,
              "z": 50.0
            }
          }
        }
      ],
      "net": {
        "slice": "URLLC",
        "lat_ms": 10,
        "jitter_ms": 3,
        "loss_pct": 0.1,
        "throughput_mbps": 200,
        "edge_load": 0.4
      }
    },
    {
      "turn": 12,
      "speaker": "user",
      "intent": "acknowledge_mission_success",
      "actions": [],
      "obs": [],
      "net": {
        "slice": "URLLC",
        "lat_ms": 8,
        "jitter_ms": 2,
        "loss_pct": 0.07,
        "throughput_mbps": 190,
        "edge_load": 0.38
      }
    }
  ],
  "final_state": {
    "domain": "uav",
    "time_s": 180.0,
    "env": {
      "weather": "ash_cloud,lightning_risk",
      "wind_mps": 14.5,
      "wind_dir_deg": 240.0
    },
    "airspace": {
      "alt_bounds": [
        10.0,
        120.0
      ],
      "geofence": [
        {
          "type": "polygon",
          "points": [
            [
              0,
              0
            ],
            [
              300,
              0
            ],
            [
              300,
              250
            ],
            [
              0,
              250
            ]
          ]
        }
      ]
    },
    "uav": {
      "pose": {
        "x": 150.0,
        "y": 120.0,
        "z": 50.0,
        "yaw": 270.0
      },
      "speed_mps": 18.0,
      "energy": {
        "battery_pct": 58.0
      },
      "sensors": {
        "rgb": "ok",
        "thermal": "active",
        "lidar": "ok",
        "radar": "offline",
        "gnss": "ok",
        "imu": "ok",
        "magnetometer": "ok",
        "barometer": "ok"
      },
      "payloads": []
    },
    "policy": {
      "alt_bounds": [
        10.0,
        120.0
      ]
    },
    "safety_flags": {
      "nfz_violation": false,
      "separation_breach": false
    }
  },
  "success": true,
  "_meta": {
    "seed": 42,
    "ts": 1763891896,
    "ts_iso": "2025-11-23T09:58:16Z",
    "gen_time_s": 256.53104734420776,
    "attempts_used": 1,
    "generation_failed": false,
    "usage": {
      "prompt_tokens": 1055,
      "completion_tokens": 3692,
      "total_tokens": 4747,
      "cost": 0.00219939,
      "is_byok": false,
      "prompt_tokens_details": {
        "cached_tokens": 0,
        "audio_tokens": 0,
        "video_tokens": 0
      },
      "cost_details": {
        "upstream_inference_cost": null,
        "upstream_inference_prompt_cost": 9.495e-05,
        "upstream_inference_completions_cost": 0.00210444
      },
      "completion_tokens_details": {
        "reasoning_tokens": 0,
        "image_tokens": 0
      }
    }
  }
}