{
  "initial_state": {
    "domain": "uav",
    "time_s": 0.0,
    "env": {
      "weather": "icing",
      "wind_mps": 2.0,
      "wind_dir_deg": 180.0
    },
    "airspace": {
      "alt_bounds": [
        1.0,
        15.0
      ],
      "geofence": [
        {
          "type": "polygon",
          "points": [
            [
              0.0,
              0.0
            ],
            [
              200.0,
              0.0
            ],
            [
              200.0,
              150.0
            ],
            [
              0.0,
              150.0
            ]
          ]
        }
      ]
    },
    "uav": {
      "pose": {
        "x": 10.0,
        "y": 10.0,
        "z": 5.0,
        "yaw": 90.0
      },
      "speed_mps": 35.0,
      "energy": {
        "battery_pct": 100.0
      },
      "sensors": {
        "rgb": "ok",
        "thermal": "ok",
        "lidar": "ok",
        "radar": "offline",
        "gnss": "offline",
        "imu": "ok",
        "magnetometer": "ok",
        "barometer": "ok"
      },
      "payloads": []
    },
    "policy": {
      "alt_bounds": [
        1.0,
        15.0
      ]
    },
    "safety_flags": {
      "nfz_violation": false,
      "separation_breach": false
    }
  },
  "dialogue": [
    {
      "turn": 1,
      "speaker": "agent",
      "intent": "initiate_mission",
      "actions": [
        {
          "type": "mcp",
          "name": "read_telemetry",
          "args": {}
        }
      ],
      "obs": [
        {
          "tool": "read_telemetry",
          "result": {
            "pose": {
              "x": 10.0,
              "y": 10.0,
              "z": 5.0
            },
            "battery_pct": 100.0,
            "sensors": {
              "gnss": "offline"
            }
          }
        }
      ],
      "net": {
        "slice": "URLLC",
        "lat_ms": 3.2,
        "jitter_ms": 0.8,
        "loss_pct": 0.01,
        "throughput_mbps": 50,
        "edge_load": 0.3
      }
    },
    {
      "turn": 2,
      "speaker": "user",
      "intent": "confirm_init",
      "actions": [],
      "obs": [],
      "net": {
        "slice": "URLLC",
        "lat_ms": 3.1,
        "jitter_ms": 0.7,
        "loss_pct": 0.02,
        "throughput_mbps": 50,
        "edge_load": 0.32
      }
    },
    {
      "turn": 3,
      "speaker": "agent",
      "intent": "request_gnss_fix",
      "actions": [
        {
          "type": "mcp",
          "name": "activate_sensor",
          "args": {
            "sensor": "gnss"
          }
        }
      ],
      "obs": [
        {
          "tool": "activate_sensor",
          "result": {
            "sensor": "gnss",
            "status": "failed",
            "reason": "signal_blocked_underground"
          }
        }
      ],
      "net": {
        "slice": "mMTC",
        "lat_ms": 15.0,
        "jitter_ms": 5.0,
        "loss_pct": 0.5,
        "throughput_mbps": 1,
        "edge_load": 0.7
      }
    },
    {
      "turn": 4,
      "speaker": "user",
      "intent": "switch_to_imu_navigation",
      "actions": [],
      "obs": [],
      "net": {
        "slice": "mMTC",
        "lat_ms": 16.0,
        "jitter_ms": 5.2,
        "loss_pct": 0.6,
        "throughput_mbps": 1,
        "edge_load": 0.75
      }
    },
    {
      "turn": 5,
      "speaker": "agent",
      "intent": "replan_route_using_imu",
      "actions": [
        {
          "type": "mcp",
          "name": "update_navigation_mode",
          "args": {
            "mode": "dead_reckoning",
            "source": "imu"
          }
        }
      ],
      "obs": [
        {
          "tool": "update_navigation_mode",
          "result": {
            "mode": "dead_reckoning",
            "status": "active"
          }
        }
      ],
      "net": {
        "slice": "URLLC",
        "lat_ms": 4.0,
        "jitter_ms": 1.0,
        "loss_pct": 0.05,
        "throughput_mbps": 45,
        "edge_load": 0.4
      }
    },
    {
      "turn": 6,
      "speaker": "user",
      "intent": "deploy_swarm_for_mapping",
      "actions": [
        {
          "type": "a2a",
          "task": "deploy_swarm",
          "to": "uav_swarm_agent",
          "payload": {
            "target_area": [
              50.0,
              50.0,
              100.0,
              100.0
            ],
            "mission": "thermal_mapping"
          }
        }
      ],
      "obs": [
        {
          "task": "deploy_swarm",
          "from": "uav_swarm_agent",
          "status": "acknowledged",
          "payload": {
            "assigned_uavs": [
              "uav_7",
              "uav_9"
            ],
            "eta_deployment": 12
          }
        }
      ],
      "net": {
        "slice": "eMBB",
        "lat_ms": 25.0,
        "jitter_ms": 10.0,
        "loss_pct": 1.2,
        "throughput_mbps": 100,
        "edge_load": 0.85
      }
    },
    {
      "turn": 7,
      "speaker": "agent",
      "intent": "monitor_swarm_and_adjust_path",
      "actions": [
        {
          "type": "mcp",
          "name": "read_telemetry",
          "args": {}
        }
      ],
      "obs": [
        {
          "tool": "read_telemetry",
          "result": {
            "pose": {
              "x": 45.0,
              "y": 48.0,
              "z": 6.2
            },
            "battery_pct": 92.0,
            "speed_mps": 30.0
          }
        }
      ],
      "net": {
        "slice": "URLLC",
        "lat_ms": 3.8,
        "jitter_ms": 0.9,
        "loss_pct": 0.03,
        "throughput_mbps": 50,
        "edge_load": 0.38
      }
    },
    {
      "turn": 8,
      "speaker": "user",
      "intent": "request_thermal_data",
      "actions": [
        {
          "type": "a2a",
          "task": "request_data",
          "to": "uav_swarm_agent",
          "payload": {
            "data_type": "thermal",
            "compression": "high"
          }
        }
      ],
      "obs": [
        {
          "task": "request_data",
          "from": "uav_swarm_agent",
          "status": "transmitting",
          "payload": {
            "data_size_mb": 45,
            "estimated_delivery_ms": 800,
            "compression_ratio": 10
          }
        }
      ],
      "net": {
        "slice": "eMBB",
        "lat_ms": 30.0,
        "jitter_ms": 12.0,
        "loss_pct": 2.0,
        "throughput_mbps": 80,
        "edge_load": 0.9
      }
    },
    {
      "turn": 9,
      "speaker": "agent",
      "intent": "detect_network_congestion",
      "actions": [
        {
          "type": "mcp",
          "name": "throttle_data_stream",
          "args": {
            "target": "swarm_downlink",
            "rate_kbps": 512
          }
        }
      ],
      "obs": [
        {
          "tool": "throttle_data_stream",
          "result": {
            "target": "swarm_downlink",
            "rate_kbps": 512,
            "status": "applied"
          }
        }
      ],
      "net": {
        "slice": "URLLC",
        "lat_ms": 5.0,
        "jitter_ms": 1.5,
        "loss_pct": 0.1,
        "throughput_mbps": 40,
        "edge_load": 0.95
      }
    },
    {
      "turn": 10,
      "speaker": "user",
      "intent": "return_to_base",
      "actions": [],
      "obs": [],
      "net": {
        "slice": "URLLC",
        "lat_ms": 4.5,
        "jitter_ms": 1.2,
        "loss_pct": 0.08,
        "throughput_mbps": 42,
        "edge_load": 0.5
      }
    },
    {
      "turn": 11,
      "speaker": "agent",
      "intent": "execute_return",
      "actions": [
        {
          "type": "mcp",
          "name": "set_waypoint",
          "args": {
            "x": 10.0,
            "y": 10.0,
            "z": 5.0
          }
        }
      ],
      "obs": [
        {
          "tool": "set_waypoint",
          "result": {
            "waypoint": {
              "x": 10.0,
              "y": 10.0,
              "z": 5.0
            },
            "status": "en_route"
          }
        }
      ],
      "net": {
        "slice": "URLLC",
        "lat_ms": 3.9,
        "jitter_ms": 0.8,
        "loss_pct": 0.04,
        "throughput_mbps": 48,
        "edge_load": 0.4
      }
    }
  ],
  "final_state": {
    "domain": "uav",
    "time_s": 120.0,
    "env": {
      "weather": "icing",
      "wind_mps": 2.0,
      "wind_dir_deg": 180.0
    },
    "airspace": {
      "alt_bounds": [
        1.0,
        15.0
      ],
      "geofence": [
        {
          "type": "polygon",
          "points": [
            [
              0.0,
              0.0
            ],
            [
              200.0,
              0.0
            ],
            [
              200.0,
              150.0
            ],
            [
              0.0,
              150.0
            ]
          ]
        }
      ]
    },
    "uav": {
      "pose": {
        "x": 10.0,
        "y": 10.0,
        "z": 5.0,
        "yaw": 90.0
      },
      "speed_mps": 0.0,
      "energy": {
        "battery_pct": 78.0
      },
      "sensors": {
        "rgb": "ok",
        "thermal": "ok",
        "lidar": "ok",
        "radar": "offline",
        "gnss": "offline",
        "imu": "ok",
        "magnetometer": "ok",
        "barometer": "ok"
      },
      "payloads": []
    },
    "policy": {
      "alt_bounds": [
        1.0,
        15.0
      ]
    },
    "safety_flags": {
      "nfz_violation": false,
      "separation_breach": false
    }
  },
  "success": true,
  "_meta": {
    "seed": 42,
    "ts": 1763886399,
    "ts_iso": "2025-11-23T08:26:39Z",
    "gen_time_s": 106.72222208976746,
    "attempts_used": 2,
    "generation_failed": false,
    "usage": {
      "prompt_tokens": 1099,
      "completion_tokens": 3007,
      "total_tokens": 4106,
      "cost": 0.0025805,
      "is_byok": false,
      "prompt_tokens_details": {
        "cached_tokens": 608,
        "audio_tokens": 0,
        "video_tokens": 0
      },
      "cost_details": {
        "upstream_inference_cost": null,
        "upstream_inference_prompt_cost": 0.0001749,
        "upstream_inference_completions_cost": 0.0024056
      },
      "completion_tokens_details": {
        "reasoning_tokens": 0,
        "image_tokens": 0
      }
    }
  }
}