{
  "initial_state": {
    "domain": "uav",
    "time_s": 0.0,
    "env": {
      "weather": "lightning_risk",
      "wind_mps": 7.5,
      "wind_dir_deg": 240.0
    },
    "airspace": {
      "alt_bounds": [
        20.0,
        120.0
      ],
      "geofence": [
        {
          "type": "polygon",
          "points": [
            [
              0,
              0
            ],
            [
              0,
              500
            ],
            [
              500,
              500
            ],
            [
              500,
              0
            ]
          ]
        }
      ]
    },
    "uav": {
      "pose": {
        "x": 50.0,
        "y": 50.0,
        "z": 40.0,
        "yaw": 90.0
      },
      "speed_mps": 18.0,
      "energy": {
        "battery_pct": 100.0
      },
      "sensors": {
        "rgb": "ok",
        "thermal": "offline",
        "lidar": "offline",
        "radar": "offline",
        "gnss": "ok",
        "imu": "ok",
        "magnetometer": "ok",
        "barometer": "ok"
      },
      "payloads": []
    },
    "policy": {
      "alt_bounds": [
        20.0,
        120.0
      ]
    },
    "safety_flags": {
      "nfz_violation": false,
      "separation_breach": false
    }
  },
  "dialogue": [
    {
      "turn": 1,
      "speaker": "agent",
      "intent": "initiate_survey_mission",
      "actions": [
        {
          "type": "mcp",
          "name": "read_telemetry",
          "args": {}
        },
        {
          "type": "a2a",
          "task": "swarm_formation",
          "to": "uav_swarm_agent",
          "payload": {
            "formation": "diamond",
            "leader": true
          }
        }
      ],
      "obs": [
        {
          "tool": "read_telemetry",
          "result": {
            "pose": {
              "x": 50.0,
              "y": 50.0,
              "z": 40.0
            },
            "battery_pct": 100.0,
            "speed_mps": 18.0
          }
        },
        {
          "task": "swarm_formation",
          "from": "uav_swarm_agent",
          "status": "ok",
          "payload": {
            "ack": true
          }
        }
      ],
      "net": {
        "slice": "eMBB",
        "lat_ms": 12,
        "jitter_ms": 2,
        "loss_pct": 0.1,
        "throughput_mbps": 850,
        "edge_load": 0.4
      }
    },
    {
      "turn": 2,
      "speaker": "user",
      "intent": "confirm_mission_and_check_weather",
      "actions": [
        {
          "type": "mcp",
          "name": "query_weather",
          "args": {
            "location": "current"
          }
        }
      ],
      "obs": [
        {
          "tool": "query_weather",
          "result": {
            "condition": "lightning_risk",
            "precipitation_mm": 0.0,
            "wind_mps": 7.5
          }
        }
      ],
      "net": {
        "slice": "URLLC",
        "lat_ms": 8,
        "jitter_ms": 1,
        "loss_pct": 0.05,
        "throughput_mbps": 100,
        "edge_load": 0.3
      }
    },
    {
      "turn": 3,
      "speaker": "agent",
      "intent": "assess_lightning_risk_and_plan_altitude",
      "actions": [
        {
          "type": "mcp",
          "name": "check_sensor_status",
          "args": {}
        }
      ],
      "obs": [
        {
          "tool": "check_sensor_status",
          "result": {
            "rgb": "ok",
            "thermal": "offline",
            "lidar": "offline",
            "radar": "ok"
          }
        }
      ],
      "net": {
        "slice": "mMTC",
        "lat_ms": 100,
        "jitter_ms": 10,
        "loss_pct": 1.2,
        "throughput_mbps": 1.5,
        "edge_load": 0.7
      }
    },
    {
      "turn": 4,
      "speaker": "user",
      "intent": "request_sensor_activation",
      "actions": [
        {
          "type": "mcp",
          "name": "activate_sensor",
          "args": {
            "sensor": "thermal"
          }
        }
      ],
      "obs": [
        {
          "tool": "activate_sensor",
          "result": {
            "sensor": "thermal",
            "status": "failed",
            "reason": "hardware_fault"
          }
        }
      ],
      "net": {
        "slice": "URLLC",
        "lat_ms": 9,
        "jitter_ms": 1.5,
        "loss_pct": 0.08,
        "throughput_mbps": 95,
        "edge_load": 0.35
      }
    },
    {
      "turn": 5,
      "speaker": "agent",
      "intent": "adjust_plan_due_to_sensor_failure",
      "actions": [
        {
          "type": "mcp",
          "name": "set_altitude",
          "args": {
            "target_z": 80.0
          }
        },
        {
          "type": "a2a",
          "task": "collision_avoidance",
          "to": "uav_swarm_agent",
          "payload": {
            "current_pose": {
              "x": 50.0,
              "y": 50.0,
              "z": 40.0
            },
            "target_alt": 80.0
          }
        }
      ],
      "obs": [
        {
          "tool": "set_altitude",
          "result": {
            "status": "acknowledged",
            "target": 80.0
          }
        },
        {
          "task": "collision_avoidance",
          "from": "uav_swarm_agent",
          "status": "ok",
          "payload": {
            "clearance": true
          }
        }
      ],
      "net": {
        "slice": "URLLC",
        "lat_ms": 7,
        "jitter_ms": 1,
        "loss_pct": 0.04,
        "throughput_mbps": 110,
        "edge_load": 0.25
      }
    },
    {
      "turn": 6,
      "speaker": "user",
      "intent": "request_survey_area_definition",
      "actions": [
        {
          "type": "mcp",
          "name": "define_survey_area",
          "args": {
            "polygon": [
              [
                100,
                100
              ],
              [
                100,
                400
              ],
              [
                400,
                400
              ],
              [
                400,
                100
              ]
            ]
          }
        }
      ],
      "obs": [
        {
          "tool": "define_survey_area",
          "result": {
            "area_m2": 90000,
            "status": "accepted"
          }
        }
      ],
      "net": {
        "slice": "eMBB",
        "lat_ms": 15,
        "jitter_ms": 3,
        "loss_pct": 0.2,
        "throughput_mbps": 700,
        "edge_load": 0.5
      }
    },
    {
      "turn": 7,
      "speaker": "agent",
      "intent": "begin_survey_with_rgb",
      "actions": [
        {
          "type": "mcp",
          "name": "start_rgb_capture",
          "args": {
            "interval_ms": 1000
          }
        }
      ],
      "obs": [
        {
          "tool": "start_rgb_capture",
          "result": {
            "status": "running",
            "interval_ms": 1000
          }
        }
      ],
      "net": {
        "slice": "eMBB",
        "lat_ms": 18,
        "jitter_ms": 4,
        "loss_pct": 0.3,
        "throughput_mbps": 600,
        "edge_load": 0.6
      }
    },
    {
      "turn": 8,
      "speaker": "user",
      "intent": "report_network_degradation",
      "actions": [],
      "obs": [],
      "net": {
        "slice": "mMTC",
        "lat_ms": 250,
        "jitter_ms": 50,
        "loss_pct": 5.0,
        "throughput_mbps": 0.8,
        "edge_load": 0.9
      }
    },
    {
      "turn": 9,
      "speaker": "agent",
      "intent": "adapt_to_network_degradation",
      "actions": [
        {
          "type": "mcp",
          "name": "reduce_capture_interval",
          "args": {
            "interval_ms": 5000
          }
        },
        {
          "type": "a2a",
          "task": "handover_data",
          "to": "edge_relay_agent",
          "payload": {
            "data_queue": 12,
            "priority": "high"
          }
        }
      ],
      "obs": [
        {
          "tool": "reduce_capture_interval",
          "result": {
            "old": 1000,
            "new": 5000
          }
        },
        {
          "task": "handover_data",
          "from": "edge_relay_agent",
          "status": "accepted",
          "payload": {
            "buffer_cleared": 8
          }
        }
      ],
      "net": {
        "slice": "mMTC",
        "lat_ms": 240,
        "jitter_ms": 45,
        "loss_pct": 4.8,
        "throughput_mbps": 0.9,
        "edge_load": 0.88
      }
    },
    {
      "turn": 10,
      "speaker": "user",
      "intent": "authorize_return_to_base",
      "actions": [
        {
          "type": "mcp",
          "name": "check_battery",
          "args": {}
        }
      ],
      "obs": [
        {
          "tool": "check_battery",
          "result": {
            "battery_pct": 68.5
          }
        }
      ],
      "net": {
        "slice": "URLLC",
        "lat_ms": 10,
        "jitter_ms": 2,
        "loss_pct": 0.1,
        "throughput_mbps": 105,
        "edge_load": 0.4
      }
    },
    {
      "turn": 11,
      "speaker": "agent",
      "intent": "initiate_return_and_land",
      "actions": [
        {
          "type": "mcp",
          "name": "return_to_base",
          "args": {}
        },
        {
          "type": "a2a",
          "task": "disband_swarm",
          "to": "uav_swarm_agent",
          "payload": {}
        }
      ],
      "obs": [
        {
          "tool": "return_to_base",
          "result": {
            "status": "en_route",
            "eta_s": 120
          }
        },
        {
          "task": "disband_swarm",
          "from": "uav_swarm_agent",
          "status": "ok",
          "payload": {
            "swarm_active": false
          }
        }
      ],
      "net": {
        "slice": "URLLC",
        "lat_ms": 8,
        "jitter_ms": 1,
        "loss_pct": 0.05,
        "throughput_mbps": 115,
        "edge_load": 0.3
      }
    }
  ],
  "final_state": {
    "domain": "uav",
    "time_s": 120.0,
    "env": {
      "weather": "lightning_risk",
      "wind_mps": 7.5,
      "wind_dir_deg": 240.0
    },
    "airspace": {
      "alt_bounds": [
        20.0,
        120.0
      ],
      "geofence": [
        {
          "type": "polygon",
          "points": [
            [
              0,
              0
            ],
            [
              0,
              500
            ],
            [
              500,
              500
            ],
            [
              500,
              0
            ]
          ]
        }
      ]
    },
    "uav": {
      "pose": {
        "x": 50.0,
        "y": 50.0,
        "z": 25.0,
        "yaw": 270.0
      },
      "speed_mps": 5.0,
      "energy": {
        "battery_pct": 62.3
      },
      "sensors": {
        "rgb": "standby",
        "thermal": "offline",
        "lidar": "offline",
        "radar": "ok",
        "gnss": "ok",
        "imu": "ok",
        "magnetometer": "ok",
        "barometer": "ok"
      },
      "payloads": []
    },
    "policy": {
      "alt_bounds": [
        20.0,
        120.0
      ]
    },
    "safety_flags": {
      "nfz_violation": false,
      "separation_breach": false
    }
  },
  "success": true,
  "_meta": {
    "seed": 42,
    "ts": 1763900977,
    "ts_iso": "2025-11-23T12:29:37Z",
    "gen_time_s": 42.728169679641724,
    "attempts_used": 1,
    "generation_failed": false,
    "usage": {
      "prompt_tokens": 1050,
      "completion_tokens": 3368,
      "total_tokens": 4418,
      "cost": 0.002811,
      "is_byok": false,
      "prompt_tokens_details": {
        "cached_tokens": 1040,
        "audio_tokens": 0,
        "video_tokens": 0
      },
      "cost_details": {
        "upstream_inference_cost": null,
        "upstream_inference_prompt_cost": 0.0001166,
        "upstream_inference_completions_cost": 0.0026944
      },
      "completion_tokens_details": {
        "reasoning_tokens": 0,
        "image_tokens": 0
      }
    }
  }
}