{
  "initial_state": {
    "domain": "uav",
    "time_s": 0.0,
    "env": {
      "weather": "snow",
      "wind_mps": 8.5,
      "wind_dir_deg": 240.0
    },
    "airspace": {
      "alt_bounds": [
        30.0,
        150.0
      ],
      "geofence": [
        {
          "type": "polygon",
          "points": [
            [
              0.0,
              0.0
            ],
            [
              400.0,
              0.0
            ],
            [
              400.0,
              600.0
            ],
            [
              0.0,
              600.0
            ]
          ]
        }
      ]
    },
    "uav": {
      "pose": {
        "x": 20.0,
        "y": 20.0,
        "z": 45.0,
        "yaw": 80.0
      },
      "speed_mps": 32.0,
      "energy": {
        "battery_pct": 100.0
      },
      "sensors": {
        "rgb": "ok",
        "thermal": "ok",
        "lidar": "ok",
        "radar": "offline",
        "gnss": "ok",
        "imu": "ok",
        "magnetometer": "ok",
        "barometer": "ok"
      },
      "payloads": []
    },
    "policy": {
      "alt_bounds": [
        30.0,
        150.0
      ]
    },
    "safety_flags": {
      "nfz_violation": false,
      "separation_breach": false
    }
  },
  "dialogue": [
    {
      "turn": 1,
      "speaker": "agent",
      "intent": "initiate_survey_mission",
      "actions": [
        {
          "type": "mcp",
          "name": "read_telemetry",
          "args": {}
        }
      ],
      "obs": [
        {
          "tool": "read_telemetry",
          "result": {
            "pose": {
              "x": 20.0,
              "y": 20.0,
              "z": 45.0
            },
            "battery_pct": 100.0,
            "speed_mps": 32.0
          }
        }
      ],
      "net": {
        "slice": "eMBB",
        "lat_ms": 12,
        "jitter_ms": 2,
        "loss_pct": 0.1,
        "throughput_mbps": 850,
        "edge_load": 0.45
      }
    },
    {
      "turn": 2,
      "speaker": "user",
      "intent": "confirm_mission_start",
      "actions": [],
      "obs": [],
      "net": {
        "slice": "eMBB",
        "lat_ms": 11,
        "jitter_ms": 1.8,
        "loss_pct": 0.05,
        "throughput_mbps": 870,
        "edge_load": 0.47
      }
    },
    {
      "turn": 3,
      "speaker": "agent",
      "intent": "request_swarm_coordination",
      "actions": [
        {
          "type": "a2a",
          "task": "collision_avoidance",
          "to": "uav_swarm_agent",
          "payload": {
            "current_pose": {
              "x": 20.0,
              "y": 20.0,
              "z": 45.0
            },
            "waypoints": [
              [
                100.0,
                100.0,
                60.0
              ],
              [
                200.0,
                300.0,
                80.0
              ]
            ]
          }
        }
      ],
      "obs": [
        {
          "task": "collision_avoidance",
          "from": "uav_swarm_agent",
          "status": "ok",
          "payload": {
            "safe": true,
            "adjusted_waypoints": [
              [
                100.0,
                100.0,
                60.0
              ],
              [
                200.0,
                300.0,
                80.0
              ]
            ]
          }
        }
      ],
      "net": {
        "slice": "URLLC",
        "lat_ms": 5,
        "jitter_ms": 0.8,
        "loss_pct": 0.01,
        "throughput_mbps": 120,
        "edge_load": 0.3
      }
    },
    {
      "turn": 4,
      "speaker": "user",
      "intent": "request_high_res_imagery",
      "actions": [
        {
          "type": "mcp",
          "name": "activate_sensor",
          "args": {
            "sensor": "rgb",
            "mode": "high_res"
          }
        }
      ],
      "obs": [
        {
          "tool": "activate_sensor",
          "result": {
            "sensor": "rgb",
            "status": "activated",
            "mode": "high_res"
          }
        }
      ],
      "net": {
        "slice": "eMBB",
        "lat_ms": 14,
        "jitter_ms": 2.5,
        "loss_pct": 0.2,
        "throughput_mbps": 800,
        "edge_load": 0.6
      }
    },
    {
      "turn": 5,
      "speaker": "agent",
      "intent": "adjust_flight_path_for_weather",
      "actions": [
        {
          "type": "mcp",
          "name": "update_waypoint",
          "args": {
            "waypoint": [
              150.0,
              180.0,
              70.0
            ]
          }
        }
      ],
      "obs": [
        {
          "tool": "update_waypoint",
          "result": {
            "status": "updated",
            "waypoint": [
              150.0,
              180.0,
              70.0
            ]
          }
        }
      ],
      "net": {
        "slice": "URLLC",
        "lat_ms": 6,
        "jitter_ms": 1.0,
        "loss_pct": 0.02,
        "throughput_mbps": 110,
        "edge_load": 0.35
      }
    },
    {
      "turn": 6,
      "speaker": "user",
      "intent": "report_network_degradation",
      "actions": [],
      "obs": [],
      "net": {
        "slice": "mMTC",
        "lat_ms": 120,
        "jitter_ms": 25,
        "loss_pct": 8.5,
        "throughput_mbps": 1.2,
        "edge_load": 0.85
      }
    },
    {
      "turn": 7,
      "speaker": "agent",
      "intent": "reduce_data_streaming_due_to_network",
      "actions": [
        {
          "type": "mcp",
          "name": "set_sensor_mode",
          "args": {
            "sensor": "rgb",
            "mode": "low_res"
          }
        }
      ],
      "obs": [
        {
          "tool": "set_sensor_mode",
          "result": {
            "sensor": "rgb",
            "mode": "low_res",
            "status": "applied"
          }
        }
      ],
      "net": {
        "slice": "mMTC",
        "lat_ms": 115,
        "jitter_ms": 28,
        "loss_pct": 9.0,
        "throughput_mbps": 1.0,
        "edge_load": 0.88
      }
    },
    {
      "turn": 8,
      "speaker": "user",
      "intent": "authorize_emergency_descent",
      "actions": [
        {
          "type": "mcp",
          "name": "update_waypoint",
          "args": {
            "waypoint": [
              120.0,
              100.0,
              35.0
            ]
          }
        }
      ],
      "obs": [
        {
          "tool": "update_waypoint",
          "result": {
            "status": "updated",
            "waypoint": [
              120.0,
              100.0,
              35.0
            ]
          }
        }
      ],
      "net": {
        "slice": "URLLC",
        "lat_ms": 7,
        "jitter_ms": 1.2,
        "loss_pct": 0.03,
        "throughput_mbps": 100,
        "edge_load": 0.4
      }
    },
    {
      "turn": 9,
      "speaker": "agent",
      "intent": "verify_safety_constraints",
      "actions": [
        {
          "type": "mcp",
          "name": "check_geofence",
          "args": {}
        },
        {
          "type": "mcp",
          "name": "check_altitude",
          "args": {}
        }
      ],
      "obs": [
        {
          "tool": "check_geofence",
          "result": {
            "inside": true
          }
        },
        {
          "tool": "check_altitude",
          "result": {
            "current": 35.0,
            "valid": true
          }
        }
      ],
      "net": {
        "slice": "URLLC",
        "lat_ms": 4,
        "jitter_ms": 0.5,
        "loss_pct": 0.01,
        "throughput_mbps": 130,
        "edge_load": 0.25
      }
    },
    {
      "turn": 10,
      "speaker": "user",
      "intent": "request_return_to_base",
      "actions": [
        {
          "type": "mcp",
          "name": "set_return_to_base",
          "args": {
            "target": "home"
          }
        }
      ],
      "obs": [
        {
          "tool": "set_return_to_base",
          "result": {
            "status": "initiated",
            "target": "home",
            "waypoint": [
              20.0,
              20.0,
              45.0
            ]
          }
        }
      ],
      "net": {
        "slice": "URLLC",
        "lat_ms": 5,
        "jitter_ms": 0.9,
        "loss_pct": 0.02,
        "throughput_mbps": 115,
        "edge_load": 0.32
      }
    },
    {
      "turn": 11,
      "speaker": "agent",
      "intent": "confirm_mission_completion",
      "actions": [
        {
          "type": "mcp",
          "name": "read_telemetry",
          "args": {}
        }
      ],
      "obs": [
        {
          "tool": "read_telemetry",
          "result": {
            "pose": {
              "x": 70.0,
              "y": 60.0,
              "z": 42.0
            },
            "battery_pct": 78.0,
            "speed_mps": 28.0
          }
        }
      ],
      "net": {
        "slice": "eMBB",
        "lat_ms": 13,
        "jitter_ms": 2.1,
        "loss_pct": 0.15,
        "throughput_mbps": 820,
        "edge_load": 0.48
      }
    }
  ],
  "final_state": {
    "domain": "uav",
    "time_s": 0.0,
    "env": {
      "weather": "snow",
      "wind_mps": 8.5,
      "wind_dir_deg": 240.0
    },
    "airspace": {
      "alt_bounds": [
        30.0,
        150.0
      ],
      "geofence": [
        {
          "type": "polygon",
          "points": [
            [
              0.0,
              0.0
            ],
            [
              400.0,
              0.0
            ],
            [
              400.0,
              600.0
            ],
            [
              0.0,
              600.0
            ]
          ]
        }
      ]
    },
    "uav": {
      "pose": {
        "x": 70.0,
        "y": 60.0,
        "z": 42.0,
        "yaw": 80.0
      },
      "speed_mps": 28.0,
      "energy": {
        "battery_pct": 78.0
      },
      "sensors": {
        "rgb": "ok",
        "thermal": "ok",
        "lidar": "ok",
        "radar": "offline",
        "gnss": "ok",
        "imu": "ok",
        "magnetometer": "ok",
        "barometer": "ok"
      },
      "payloads": []
    },
    "policy": {
      "alt_bounds": [
        30.0,
        150.0
      ]
    },
    "safety_flags": {
      "nfz_violation": false,
      "separation_breach": false
    }
  },
  "success": true,
  "_meta": {
    "seed": 42,
    "ts": 1763709211,
    "ts_iso": "2025-11-21T07:13:31Z",
    "gen_time_s": 166.6783676147461,
    "attempts_used": 3,
    "generation_failed": false,
    "usage": {
      "prompt_tokens": 1086,
      "completion_tokens": 3105,
      "total_tokens": 4191,
      "cost": 0.00265604,
      "is_byok": false,
      "prompt_tokens_details": {
        "cached_tokens": 608,
        "audio_tokens": 0,
        "video_tokens": 0
      },
      "cost_details": {
        "upstream_inference_cost": null,
        "upstream_inference_prompt_cost": 0.00017204,
        "upstream_inference_completions_cost": 0.002484
      },
      "completion_tokens_details": {
        "reasoning_tokens": 0,
        "image_tokens": 0
      }
    }
  }
}