{
  "initial_state": {
    "domain": "uav",
    "time_s": 0.0,
    "env": {
      "weather": "microburst_risk",
      "wind_mps": 8.0,
      "wind_dir_deg": 270.0
    },
    "airspace": {
      "alt_bounds": [
        10.0,
        120.0
      ],
      "geofence": [
        {
          "type": "polygon",
          "points": [
            [
              0,
              0
            ],
            [
              200,
              0
            ],
            [
              200,
              300
            ],
            [
              0,
              300
            ]
          ]
        }
      ]
    },
    "uav": {
      "pose": {
        "x": 20.0,
        "y": 20.0,
        "z": 30.0,
        "yaw": 90.0
      },
      "speed_mps": 15.0,
      "energy": {
        "battery_pct": 100.0
      },
      "sensors": {
        "rgb": "ok",
        "thermal": "ok",
        "lidar": "ok",
        "radar": "offline",
        "gnss": "ok",
        "imu": "ok",
        "magnetometer": "ok",
        "barometer": "ok"
      },
      "payloads": []
    },
    "policy": {
      "alt_bounds": [
        10.0,
        120.0
      ]
    },
    "safety_flags": {
      "nfz_violation": false,
      "separation_breach": false
    }
  },
  "dialogue": [
    {
      "turn": 1,
      "speaker": "agent",
      "intent": "initiate_inspection_mission",
      "actions": [
        {
          "type": "mcp",
          "name": "read_telemetry",
          "args": {}
        },
        {
          "type": "a2a",
          "task": "request_weather_update",
          "to": "weather_agent",
          "payload": {
            "location": [
              20.0,
              20.0
            ],
            "horizon": 300
          }
        }
      ],
      "obs": [
        {
          "tool": "read_telemetry",
          "result": {
            "pose": {
              "x": 20.0,
              "y": 20.0,
              "z": 30.0
            },
            "battery_pct": 100.0,
            "speed_mps": 15.0
          }
        },
        {
          "task": "request_weather_update",
          "from": "weather_agent",
          "status": "ok",
          "payload": {
            "microburst_probability": 0.65,
            "gusts_mps": 14.0
          }
        }
      ],
      "net": {
        "slice": "eMBB",
        "lat_ms": 12,
        "jitter_ms": 2,
        "loss_pct": 0.1,
        "throughput_mbps": 850,
        "edge_load": 0.35
      }
    },
    {
      "turn": 2,
      "speaker": "user",
      "intent": "approve_altitude_adjustment",
      "actions": [
        {
          "type": "mcp",
          "name": "set_altitude",
          "args": {
            "target_z": 45.0
          }
        }
      ],
      "obs": [
        {
          "tool": "set_altitude",
          "result": {
            "status": "accepted",
            "target_z": 45.0
          }
        }
      ],
      "net": {
        "slice": "eMBB",
        "lat_ms": 11,
        "jitter_ms": 1.8,
        "loss_pct": 0.08,
        "throughput_mbps": 870,
        "edge_load": 0.37
      }
    },
    {
      "turn": 3,
      "speaker": "agent",
      "intent": "ascend_to_inspection_level",
      "actions": [
        {
          "type": "mcp",
          "name": "execute_maneuver",
          "args": {
            "maneuver": "climb",
            "target_z": 45.0,
            "speed_mps": 8.0
          }
        }
      ],
      "obs": [
        {
          "tool": "execute_maneuver",
          "result": {
            "status": "in_progress",
            "current_z": 38.2,
            "battery_pct": 99.8
          }
        }
      ],
      "net": {
        "slice": "URLLC",
        "lat_ms": 8,
        "jitter_ms": 0.9,
        "loss_pct": 0.05,
        "throughput_mbps": 120,
        "edge_load": 0.41
      }
    },
    {
      "turn": 4,
      "speaker": "user",
      "intent": "request_radar_diagnostic",
      "actions": [
        {
          "type": "mcp",
          "name": "diagnose_sensor",
          "args": {
            "sensor": "radar"
          }
        }
      ],
      "obs": [
        {
          "tool": "diagnose_sensor",
          "result": {
            "sensor": "radar",
            "status": "faulty",
            "diagnosis": "intermittent_signal_loss_due_to_rain_attenuation"
          }
        }
      ],
      "net": {
        "slice": "mMTC",
        "lat_ms": 45,
        "jitter_ms": 12,
        "loss_pct": 1.2,
        "throughput_mbps": 1.5,
        "edge_load": 0.68
      }
    },
    {
      "turn": 5,
      "speaker": "agent",
      "intent": "compensate_sensor_failure",
      "actions": [
        {
          "type": "a2a",
          "task": "activate_sensor_fusion",
          "to": "perception_agent",
          "payload": {
            "primary": "lidar",
            "backup": "thermal",
            "fusion_mode": "high_confidence"
          }
        }
      ],
      "obs": [
        {
          "task": "activate_sensor_fusion",
          "from": "perception_agent",
          "status": "active",
          "payload": {
            "mode": "high_confidence",
            "reliability": 0.92
          }
        }
      ],
      "net": {
        "slice": "URLLC",
        "lat_ms": 9,
        "jitter_ms": 1.1,
        "loss_pct": 0.07,
        "throughput_mbps": 110,
        "edge_load": 0.43
      }
    },
    {
      "turn": 6,
      "speaker": "user",
      "intent": "initiate_inspection_sequence",
      "actions": [
        {
          "type": "mcp",
          "name": "navigate_to_waypoint",
          "args": {
            "waypoint": {
              "x": 150.0,
              "y": 250.0,
              "z": 45.0
            }
          }
        }
      ],
      "obs": [
        {
          "tool": "navigate_to_waypoint",
          "result": {
            "status": "en_route",
            "eta_s": 18.3,
            "battery_pct": 98.5
          }
        }
      ],
      "net": {
        "slice": "eMBB",
        "lat_ms": 13,
        "jitter_ms": 2.1,
        "loss_pct": 0.15,
        "throughput_mbps": 820,
        "edge_load": 0.72
      }
    },
    {
      "turn": 7,
      "speaker": "agent",
      "intent": "detect_network_degradation",
      "actions": [
        {
          "type": "mcp",
          "name": "read_telemetry",
          "args": {}
        },
        {
          "type": "a2a",
          "task": "report_link_quality",
          "to": "network_orchestrator",
          "payload": {
            "current_slice": "eMBB",
            "lat_ms": 13,
            "loss_pct": 0.15,
            "recommendation": "switch_to_URLLC_if_available"
          }
        }
      ],
      "obs": [
        {
          "tool": "read_telemetry",
          "result": {
            "pose": {
              "x": 120.4,
              "y": 210.1,
              "z": 45.0
            },
            "battery_pct": 98.2,
            "speed_mps": 14.8
          }
        },
        {
          "task": "report_link_quality",
          "from": "network_orchestrator",
          "status": "acknowledged",
          "payload": {
            "new_slice": "URLLC",
            "lat_ms": 7,
            "throughput_mbps": 95
          }
        }
      ],
      "net": {
        "slice": "URLLC",
        "lat_ms": 7,
        "jitter_ms": 0.8,
        "loss_pct": 0.04,
        "throughput_mbps": 95,
        "edge_load": 0.39
      }
    },
    {
      "turn": 8,
      "speaker": "user",
      "intent": "confirm_inspection_start",
      "actions": [
        {
          "type": "mcp",
          "name": "start_payload",
          "args": {
            "payload": "rgb_camera",
            "mode": "high_res_scan"
          }
        }
      ],
      "obs": [
        {
          "tool": "start_payload",
          "result": {
            "payload": "rgb_camera",
            "status": "recording",
            "resolution": "4096x2160",
            "bitrate_mbps": 80
          }
        }
      ],
      "net": {
        "slice": "URLLC",
        "lat_ms": 7.5,
        "jitter_ms": 0.9,
        "loss_pct": 0.05,
        "throughput_mbps": 90,
        "edge_load": 0.44
      }
    },
    {
      "turn": 9,
      "speaker": "agent",
      "intent": "detect_anomaly_on_blade",
      "actions": [
        {
          "type": "mcp",
          "name": "capture_image",
          "args": {
            "camera": "rgb",
            "zoom": 4.0
          }
        },
        {
          "type": "a2a",
          "task": "analyze_image",
          "to": "vision_agent",
          "payload": {
            "image_id": "IMG_0017",
            "analysis_type": "crack_detection"
          }
        }
      ],
      "obs": [
        {
          "tool": "capture_image",
          "result": {
            "image_id": "IMG_0017",
            "size_mb": 12.4,
            "quality": "high"
          }
        },
        {
          "task": "analyze_image",
          "from": "vision_agent",
          "status": "completed",
          "payload": {
            "anomaly_detected": true,
            "type": "surface_crack",
            "confidence": 0.96,
            "coordinates": [
              152.1,
              253.4,
              45.0
            ]
          }
        }
      ],
      "net": {
        "slice": "URLLC",
        "lat_ms": 8,
        "jitter_ms": 1.0,
        "loss_pct": 0.06,
        "throughput_mbps": 100,
        "edge_load": 0.46
      }
    },
    {
      "turn": 10,
      "speaker": "user",
      "intent": "log_anomaly_and_return",
      "actions": [
        {
          "type": "mcp",
          "name": "log_event",
          "args": {
            "event": "anomaly_detected",
            "details": {
              "type": "surface_crack",
              "location": [
                152.1,
                253.4,
                45.0
              ],
              "confidence": 0.96
            }
          }
        },
        {
          "type": "mcp",
          "name": "return_to_home",
          "args": {}
        }
      ],
      "obs": [
        {
          "tool": "log_event",
          "result": {
            "event_id": "EV_8821",
            "status": "logged"
          }
        },
        {
          "tool": "return_to_home",
          "result": {
            "status": "initiated",
            "home": [
              20.0,
              20.0,
              30.0
            ],
            "battery_pct": 95.1
          }
        }
      ],
      "net": {
        "slice": "mMTC",
        "lat_ms": 50,
        "jitter_ms": 15,
        "loss_pct": 1.5,
        "throughput_mbps": 1.2,
        "edge_load": 0.75
      }
    },
    {
      "turn": 11,
      "speaker": "agent",
      "intent": "monitor_return_and_conclude",
      "actions": [
        {
          "type": "mcp",
          "name": "read_telemetry",
          "args": {}
        }
      ],
      "obs": [
        {
          "tool": "read_telemetry",
          "result": {
            "pose": {
              "x": 45.3,
              "y": 60.1,
              "z": 32.0
            },
            "battery_pct": 94.8,
            "speed_mps": 12.0
          }
        }
      ],
      "net": {
        "slice": "URLLC",
        "lat_ms": 8.2,
        "jitter_ms": 1.1,
        "loss_pct": 0.05,
        "throughput_mbps": 105,
        "edge_load": 0.4
      }
    }
  ],
  "final_state": {
    "domain": "uav",
    "time_s": 120.0,
    "env": {
      "weather": "microburst_risk",
      "wind_mps": 8.0,
      "wind_dir_deg": 270.0
    },
    "airspace": {
      "alt_bounds": [
        10.0,
        120.0
      ],
      "geofence": [
        {
          "type": "polygon",
          "points": [
            [
              0,
              0
            ],
            [
              200,
              0
            ],
            [
              200,
              300
            ],
            [
              0,
              300
            ]
          ]
        }
      ]
    },
    "uav": {
      "pose": {
        "x": 20.0,
        "y": 20.0,
        "z": 30.0,
        "yaw": 90.0
      },
      "speed_mps": 0.0,
      "energy": {
        "battery_pct": 94.5
      },
      "sensors": {
        "rgb": "ok",
        "thermal": "ok",
        "lidar": "ok",
        "radar": "offline",
        "gnss": "ok",
        "imu": "ok",
        "magnetometer": "ok",
        "barometer": "ok"
      },
      "payloads": []
    },
    "policy": {
      "alt_bounds": [
        10.0,
        120.0
      ]
    },
    "safety_flags": {
      "nfz_violation": false,
      "separation_breach": false
    }
  },
  "success": true,
  "_meta": {
    "seed": 42,
    "ts": 1764031270,
    "ts_iso": "2025-11-25T00:41:10Z",
    "gen_time_s": 54.81445670127869,
    "attempts_used": 1,
    "generation_failed": false,
    "usage": {
      "prompt_tokens": 1055,
      "completion_tokens": 3784,
      "total_tokens": 4839,
      "cost": 0.00319066,
      "is_byok": false,
      "prompt_tokens_details": {
        "cached_tokens": 624,
        "audio_tokens": 0,
        "video_tokens": 0
      },
      "cost_details": {
        "upstream_inference_cost": null,
        "upstream_inference_prompt_cost": 0.00016346,
        "upstream_inference_completions_cost": 0.0030272
      },
      "completion_tokens_details": {
        "reasoning_tokens": 0,
        "image_tokens": 0
      }
    }
  }
}