{
  "initial_state": {
    "domain": "uav",
    "time_s": 0.0,
    "env": {
      "weather": "dust",
      "wind_mps": 12.0,
      "wind_dir_deg": 240.0
    },
    "airspace": {
      "alt_bounds": [
        10.0,
        120.0
      ],
      "geofence": [
        {
          "type": "polygon",
          "points": [
            [
              0.0,
              0.0
            ],
            [
              0.0,
              200.0
            ],
            [
              150.0,
              200.0
            ],
            [
              150.0,
              0.0
            ]
          ]
        }
      ]
    },
    "uav": {
      "pose": {
        "x": 20.0,
        "y": 20.0,
        "z": 15.0,
        "yaw": 90.0
      },
      "speed_mps": 18.0,
      "energy": {
        "battery_pct": 100.0
      },
      "sensors": {
        "rgb": "ok",
        "thermal": "ok",
        "lidar": "ok",
        "radar": "offline",
        "gnss": "ok",
        "imu": "ok",
        "magnetometer": "ok",
        "barometer": "ok"
      },
      "payloads": []
    },
    "policy": {
      "alt_bounds": [
        10.0,
        120.0
      ]
    },
    "safety_flags": {
      "nfz_violation": false,
      "separation_breach": false
    }
  },
  "dialogue": [
    {
      "turn": 1,
      "speaker": "agent",
      "intent": "initiate inspection mission under dust conditions",
      "actions": [
        {
          "type": "mcp",
          "name": "read_telemetry",
          "args": {}
        }
      ],
      "obs": [
        {
          "tool": "read_telemetry",
          "result": {
            "pose": {
              "x": 20.0,
              "y": 20.0,
              "z": 15.0,
              "yaw": 90.0
            },
            "speed_mps": 18.0,
            "battery_pct": 100.0,
            "sensors": {
              "radar": "offline"
            }
          }
        }
      ],
      "net": {
        "slice": "eMBB",
        "lat_ms": 12,
        "jitter_ms": 3,
        "loss_pct": 0.1,
        "throughput_mbps": 850,
        "edge_load": 0.45
      }
    },
    {
      "turn": 2,
      "speaker": "user",
      "intent": "confirm mission start and request status",
      "actions": [
        {
          "type": "mcp",
          "name": "get_weather",
          "args": {}
        }
      ],
      "obs": [
        {
          "tool": "get_weather",
          "result": {
            "condition": "dust",
            "visibility_m": 400,
            "wind_mps": 12.0
          }
        }
      ],
      "net": {
        "slice": "eMBB",
        "lat_ms": 11,
        "jitter_ms": 2,
        "loss_pct": 0.05,
        "throughput_mbps": 870,
        "edge_load": 0.48
      }
    },
    {
      "turn": 3,
      "speaker": "agent",
      "intent": "request swarm coordination for path planning",
      "actions": [
        {
          "type": "a2a",
          "task": "collision_avoidance",
          "to": "uav_swarm_agent",
          "payload": {
            "current_pose": {
              "x": 20.0,
              "y": 20.0,
              "z": 15.0
            },
            "target_waypoint": {
              "x": 100.0,
              "y": 100.0,
              "z": 50.0
            }
          }
        }
      ],
      "obs": [
        {
          "task": "collision_avoidance",
          "from": "uav_swarm_agent",
          "status": "ok",
          "payload": {
            "safe_path": [
              {
                "x": 20.0,
                "y": 20.0,
                "z": 15.0
              },
              {
                "x": 60.0,
                "y": 60.0,
                "z": 40.0
              },
              {
                "x": 100.0,
                "y": 100.0,
                "z": 50.0
              }
            ]
          }
        }
      ],
      "net": {
        "slice": "URLLC",
        "lat_ms": 8,
        "jitter_ms": 1,
        "loss_pct": 0.01,
        "throughput_mbps": 120,
        "edge_load": 0.32
      }
    },
    {
      "turn": 4,
      "speaker": "user",
      "intent": "approve path and request sensor activation",
      "actions": [
        {
          "type": "mcp",
          "name": "activate_sensor",
          "args": {
            "sensor": "thermal"
          }
        }
      ],
      "obs": [
        {
          "tool": "activate_sensor",
          "result": {
            "sensor": "thermal",
            "status": "activated"
          }
        }
      ],
      "net": {
        "slice": "eMBB",
        "lat_ms": 14,
        "jitter_ms": 4,
        "loss_pct": 0.2,
        "throughput_mbps": 800,
        "edge_load": 0.52
      }
    },
    {
      "turn": 5,
      "speaker": "agent",
      "intent": "ascend and navigate toward target with telemetry monitoring",
      "actions": [
        {
          "type": "mcp",
          "name": "set_waypoint",
          "args": {
            "x": 60.0,
            "y": 60.0,
            "z": 40.0,
            "speed": 15.0
          }
        },
        {
          "type": "mcp",
          "name": "read_telemetry",
          "args": {}
        }
      ],
      "obs": [
        {
          "tool": "set_waypoint",
          "result": {
            "status": "accepted",
            "eta_s": 3.2
          }
        },
        {
          "tool": "read_telemetry",
          "result": {
            "pose": {
              "x": 35.0,
              "y": 35.0,
              "z": 25.0
            },
            "battery_pct": 98.7,
            "wind_mps": 13.0
          }
        }
      ],
      "net": {
        "slice": "URLLC",
        "lat_ms": 9,
        "jitter_ms": 1.5,
        "loss_pct": 0.02,
        "throughput_mbps": 110,
        "edge_load": 0.35
      }
    },
    {
      "turn": 6,
      "speaker": "user",
      "intent": "check network resilience under dust",
      "actions": [
        {
          "type": "mcp",
          "name": "diagnose_network",
          "args": {}
        }
      ],
      "obs": [
        {
          "tool": "diagnose_network",
          "result": {
            "status": "degraded",
            "cause": "dust attenuation",
            "recommendation": "switch to URLLC for critical control"
          }
        }
      ],
      "net": {
        "slice": "eMBB",
        "lat_ms": 45,
        "jitter_ms": 12,
        "loss_pct": 2.1,
        "throughput_mbps": 320,
        "edge_load": 0.78
      }
    },
    {
      "turn": 7,
      "speaker": "agent",
      "intent": "adapt to network degradation by reducing non-critical actions",
      "actions": [
        {
          "type": "mcp",
          "name": "set_network_slice",
          "args": {
            "preferred": "URLLC"
          }
        },
        {
          "type": "mcp",
          "name": "read_telemetry",
          "args": {}
        }
      ],
      "obs": [
        {
          "tool": "set_network_slice",
          "result": {
            "current": "URLLC",
            "status": "applied"
          }
        },
        {
          "tool": "read_telemetry",
          "result": {
            "pose": {
              "x": 58.0,
              "y": 58.0,
              "z": 39.0
            },
            "battery_pct": 97.5
          }
        }
      ],
      "net": {
        "slice": "URLLC",
        "lat_ms": 7,
        "jitter_ms": 0.8,
        "loss_pct": 0.01,
        "throughput_mbps": 130,
        "edge_load": 0.31
      }
    },
    {
      "turn": 8,
      "speaker": "user",
      "intent": "request high-res imaging despite conditions",
      "actions": [
        {
          "type": "mcp",
          "name": "capture_image",
          "args": {
            "mode": "high_res",
            "sensor": "rgb"
          }
        }
      ],
      "obs": [
        {
          "tool": "capture_image",
          "result": {
            "status": "failed",
            "reason": "high_res mode not stable under dust and network load"
          }
        }
      ],
      "net": {
        "slice": "eMBB",
        "lat_ms": 52,
        "jitter_ms": 15,
        "loss_pct": 3.5,
        "throughput_mbps": 210,
        "edge_load": 0.85
      }
    },
    {
      "turn": 9,
      "speaker": "agent",
      "intent": "retry imaging in low-res using eMBB opportunistically",
      "actions": [
        {
          "type": "mcp",
          "name": "capture_image",
          "args": {
            "mode": "low_res",
            "sensor": "rgb"
          }
        }
      ],
      "obs": [
        {
          "tool": "capture_image",
          "result": {
            "status": "success",
            "image_id": "img_001_lowres",
            "visibility_estimate_m": 380
          }
        }
      ],
      "net": {
        "slice": "eMBB",
        "lat_ms": 22,
        "jitter_ms": 6,
        "loss_pct": 0.8,
        "throughput_mbps": 650,
        "edge_load": 0.62
      }
    },
    {
      "turn": 10,
      "speaker": "user",
      "intent": "verify safety and request return",
      "actions": [
        {
          "type": "mcp",
          "name": "check_safety_bounds",
          "args": {}
        }
      ],
      "obs": [
        {
          "tool": "check_safety_bounds",
          "result": {
            "within_alt_bounds": true,
            "within_geofence": true,
            "separation_ok": true
          }
        }
      ],
      "net": {
        "slice": "URLLC",
        "lat_ms": 6,
        "jitter_ms": 0.5,
        "loss_pct": 0.01,
        "throughput_mbps": 140,
        "edge_load": 0.28
      }
    },
    {
      "turn": 11,
      "speaker": "agent",
      "intent": "initiate return to origin with final telemetry",
      "actions": [
        {
          "type": "mcp",
          "name": "set_waypoint",
          "args": {
            "x": 20.0,
            "y": 20.0,
            "z": 15.0,
            "speed": 12.0
          }
        },
        {
          "type": "mcp",
          "name": "read_telemetry",
          "args": {}
        }
      ],
      "obs": [
        {
          "tool": "set_waypoint",
          "result": {
            "status": "accepted",
            "eta_s": 7.1
          }
        },
        {
          "tool": "read_telemetry",
          "result": {
            "pose": {
              "x": 85.0,
              "y": 85.0,
              "z": 45.0
            },
            "battery_pct": 95.2
          }
        }
      ],
      "net": {
        "slice": "URLLC",
        "lat_ms": 7,
        "jitter_ms": 0.9,
        "loss_pct": 0.01,
        "throughput_mbps": 135,
        "edge_load": 0.3
      }
    }
  ],
  "final_state": {
    "domain": "uav",
    "time_s": 71.0,
    "env": {
      "weather": "dust",
      "wind_mps": 12.0,
      "wind_dir_deg": 240.0
    },
    "airspace": {
      "alt_bounds": [
        10.0,
        120.0
      ],
      "geofence": [
        {
          "type": "polygon",
          "points": [
            [
              0.0,
              0.0
            ],
            [
              0.0,
              200.0
            ],
            [
              150.0,
              200.0
            ],
            [
              150.0,
              0.0
            ]
          ]
        }
      ]
    },
    "uav": {
      "pose": {
        "x": 20.0,
        "y": 20.0,
        "z": 15.0,
        "yaw": 90.0
      },
      "speed_mps": 0.0,
      "energy": {
        "battery_pct": 94.8
      },
      "sensors": {
        "rgb": "ok",
        "thermal": "active",
        "lidar": "ok",
        "radar": "offline",
        "gnss": "ok",
        "imu": "ok",
        "magnetometer": "ok",
        "barometer": "ok"
      },
      "payloads": [
        {
          "type": "image",
          "id": "img_001_lowres"
        }
      ]
    },
    "policy": {
      "alt_bounds": [
        10.0,
        120.0
      ]
    },
    "safety_flags": {
      "nfz_violation": false,
      "separation_breach": false
    }
  },
  "success": true,
  "_meta": {
    "seed": 42,
    "ts": 1763876575,
    "ts_iso": "2025-11-23T05:42:55Z",
    "gen_time_s": 49.2900288105011,
    "attempts_used": 1,
    "generation_failed": false,
    "usage": {
      "prompt_tokens": 1073,
      "completion_tokens": 3636,
      "total_tokens": 4709,
      "cost": 0.00307798,
      "is_byok": false,
      "prompt_tokens_details": {
        "cached_tokens": 608,
        "audio_tokens": 0,
        "video_tokens": 0
      },
      "cost_details": {
        "upstream_inference_cost": null,
        "upstream_inference_prompt_cost": 0.00016918,
        "upstream_inference_completions_cost": 0.0029088
      },
      "completion_tokens_details": {
        "reasoning_tokens": 0,
        "image_tokens": 0
      }
    }
  }
}