{
  "initial_state": {
    "domain": "uav",
    "time_s": 0.0,
    "env": {
      "weather": "icing",
      "wind_mps": 8.0,
      "wind_dir_deg": 240.0
    },
    "airspace": {
      "alt_bounds": [
        50.0,
        300.0
      ],
      "geofence": [
        {
          "type": "polygon",
          "points": [
            [
              500.0,
              500.0
            ],
            [
              500.0,
              2500.0
            ],
            [
              2500.0,
              2500.0
            ],
            [
              2500.0,
              500.0
            ],
            [
              500.0,
              500.0
            ]
          ]
        }
      ]
    },
    "uav": {
      "pose": {
        "x": 600.0,
        "y": 600.0,
        "z": 100.0,
        "yaw": 90.0
      },
      "speed_mps": 18.0,
      "energy": {
        "battery_pct": 100.0
      },
      "sensors": {
        "rgb": "ok",
        "thermal": "ok",
        "lidar": "offline",
        "radar": "offline",
        "gnss": "ok",
        "imu": "ok",
        "magnetometer": "ok",
        "barometer": "ok"
      },
      "payloads": []
    },
    "policy": {
      "alt_bounds": [
        50.0,
        300.0
      ]
    },
    "safety_flags": {
      "nfz_violation": false,
      "separation_breach": false
    }
  },
  "dialogue": [
    {
      "turn": 1,
      "speaker": "agent",
      "intent": "initiate_mission",
      "actions": [
        {
          "type": "mcp",
          "name": "read_telemetry",
          "args": {}
        },
        {
          "type": "a2a",
          "task": "status_check",
          "to": "uav_swarm_agent",
          "payload": {
            "uav_id": "uav-01",
            "status": "standby"
          }
        }
      ],
      "obs": [
        {
          "tool": "read_telemetry",
          "result": {
            "pose": {
              "x": 600.0,
              "y": 600.0,
              "z": 100.0
            },
            "battery_pct": 100.0,
            "speed_mps": 18.0
          }
        },
        {
          "task": "status_check",
          "from": "uav_swarm_agent",
          "status": "ok",
          "payload": {
            "swarm_status": "nominal",
            "leader_uav": "uav-01"
          }
        }
      ],
      "net": {
        "slice": "URLLC",
        "lat_ms": 5,
        "jitter_ms": 1,
        "loss_pct": 0.01,
        "throughput_mbps": 50,
        "edge_load": 0.3
      }
    },
    {
      "turn": 2,
      "speaker": "user",
      "intent": "confirm_mission_start",
      "actions": [
        {
          "type": "mcp",
          "name": "send_command",
          "args": {
            "cmd": "proceed_to_waypoint",
            "waypoint": {
              "x": 1500.0,
              "y": 1500.0,
              "z": 150.0
            }
          }
        }
      ],
      "obs": [
        {
          "tool": "send_command",
          "result": {
            "status": "acknowledged",
            "cmd": "proceed_to_waypoint",
            "target": {
              "x": 1500.0,
              "y": 1500.0,
              "z": 150.0
            }
          }
        }
      ],
      "net": {
        "slice": "eMBB",
        "lat_ms": 25,
        "jitter_ms": 8,
        "loss_pct": 0.5,
        "throughput_mbps": 120,
        "edge_load": 0.6
      }
    },
    {
      "turn": 3,
      "speaker": "agent",
      "intent": "navigate_to_waypoint",
      "actions": [
        {
          "type": "mcp",
          "name": "set_speed",
          "args": {
            "speed_mps": 20.0
          }
        },
        {
          "type": "mcp",
          "name": "activate_sensor",
          "args": {
            "sensor": "thermal"
          }
        }
      ],
      "obs": [
        {
          "tool": "set_speed",
          "result": {
            "speed_mps": 20.0
          }
        },
        {
          "tool": "activate_sensor",
          "result": {
            "sensor": "thermal",
            "status": "active"
          }
        }
      ],
      "net": {
        "slice": "URLLC",
        "lat_ms": 6,
        "jitter_ms": 2,
        "loss_pct": 0.02,
        "throughput_mbps": 45,
        "edge_load": 0.4
      }
    },
    {
      "turn": 4,
      "speaker": "user",
      "intent": "request_thermal_data",
      "actions": [
        {
          "type": "mcp",
          "name": "capture_thermal_image",
          "args": {
            "resolution": "high"
          }
        }
      ],
      "obs": [
        {
          "tool": "capture_thermal_image",
          "result": {
            "status": "success",
            "image_id": "thm_001",
            "temp_range_c": [
              -5.0,
              32.0
            ],
            "anomalies_detected": 1
          }
        }
      ],
      "net": {
        "slice": "eMBB",
        "lat_ms": 30,
        "jitter_ms": 10,
        "loss_pct": 1.0,
        "throughput_mbps": 100,
        "edge_load": 0.7
      }
    },
    {
      "turn": 5,
      "speaker": "agent",
      "intent": "detect_anomaly",
      "actions": [
        {
          "type": "mcp",
          "name": "analyze_thermal_data",
          "args": {
            "image_id": "thm_001"
          }
        },
        {
          "type": "a2a",
          "task": "collision_avoidance",
          "to": "uav_swarm_agent",
          "payload": {
            "uav_id": "uav-01",
            "current_pose": {
              "x": 1100.0,
              "y": 1100.0,
              "z": 145.0
            },
            "velocity": 20.0
          }
        }
      ],
      "obs": [
        {
          "tool": "analyze_thermal_data",
          "result": {
            "image_id": "thm_001",
            "anomaly": "overheating_transformer",
            "confidence": 0.96
          }
        },
        {
          "task": "collision_avoidance",
          "from": "uav_swarm_agent",
          "status": "ok",
          "payload": {
            "recommended_alt_change": 5.0,
            "safe": true
          }
        }
      ],
      "net": {
        "slice": "URLLC",
        "lat_ms": 7,
        "jitter_ms": 1.5,
        "loss_pct": 0.03,
        "throughput_mbps": 55,
        "edge_load": 0.35
      }
    },
    {
      "turn": 6,
      "speaker": "user",
      "intent": "adjust_flight_path",
      "actions": [
        {
          "type": "mcp",
          "name": "update_waypoint",
          "args": {
            "waypoint": {
              "x": 1400.0,
              "y": 1600.0,
              "z": 160.0
            }
          }
        }
      ],
      "obs": [
        {
          "tool": "update_waypoint",
          "result": {
            "status": "updated",
            "new_waypoint": {
              "x": 1400.0,
              "y": 1600.0,
              "z": 160.0
            }
          }
        }
      ],
      "net": {
        "slice": "mMTC",
        "lat_ms": 100,
        "jitter_ms": 20,
        "loss_pct": 5.0,
        "throughput_mbps": 1,
        "edge_load": 0.9
      }
    },
    {
      "turn": 7,
      "speaker": "agent",
      "intent": "adapt_to_network_degradation",
      "actions": [
        {
          "type": "mcp",
          "name": "reduce_sensor_resolution",
          "args": {
            "sensor": "thermal",
            "resolution": "medium"
          }
        },
        {
          "type": "mcp",
          "name": "read_telemetry",
          "args": {}
        }
      ],
      "obs": [
        {
          "tool": "reduce_sensor_resolution",
          "result": {
            "sensor": "thermal",
            "resolution": "medium"
          }
        },
        {
          "tool": "read_telemetry",
          "result": {
            "pose": {
              "x": 1350.0,
              "y": 1450.0,
              "z": 158.0
            },
            "battery_pct": 88.0,
            "speed_mps": 19.5
          }
        }
      ],
      "net": {
        "slice": "mMTC",
        "lat_ms": 95,
        "jitter_ms": 22,
        "loss_pct": 6.0,
        "throughput_mbps": 0.8,
        "edge_load": 0.92
      }
    },
    {
      "turn": 8,
      "speaker": "user",
      "intent": "resume_high_quality_streaming",
      "actions": [
        {
          "type": "mcp",
          "name": "switch_network_slice",
          "args": {
            "target_slice": "URLLC"
          }
        }
      ],
      "obs": [
        {
          "tool": "switch_network_slice",
          "result": {
            "status": "success",
            "current_slice": "URLLC",
            "lat_ms": 6
          }
        }
      ],
      "net": {
        "slice": "URLLC",
        "lat_ms": 6,
        "jitter_ms": 1.8,
        "loss_pct": 0.02,
        "throughput_mbps": 48,
        "edge_load": 0.38
      }
    },
    {
      "turn": 9,
      "speaker": "agent",
      "intent": "resume_full_capabilities",
      "actions": [
        {
          "type": "mcp",
          "name": "activate_sensor",
          "args": {
            "sensor": "lidar"
          }
        },
        {
          "type": "mcp",
          "name": "capture_rgb_image",
          "args": {
            "resolution": "high"
          }
        }
      ],
      "obs": [
        {
          "tool": "activate_sensor",
          "result": {
            "sensor": "lidar",
            "status": "active"
          }
        },
        {
          "tool": "capture_rgb_image",
          "result": {
            "status": "success",
            "image_id": "rgb_001"
          }
        }
      ],
      "net": {
        "slice": "URLLC",
        "lat_ms": 5.5,
        "jitter_ms": 1.2,
        "loss_pct": 0.01,
        "throughput_mbps": 52,
        "edge_load": 0.33
      }
    },
    {
      "turn": 10,
      "speaker": "user",
      "intent": "return_to_base",
      "actions": [
        {
          "type": "mcp",
          "name": "set_return_path",
          "args": {
            "return_strategy": "direct",
            "safe_altitude": 120.0
          }
        }
      ],
      "obs": [
        {
          "tool": "set_return_path",
          "result": {
            "status": "path_set",
            "waypoints": [
              {
                "x": 600.0,
                "y": 600.0,
                "z": 120.0
              }
            ]
          }
        }
      ],
      "net": {
        "slice": "URLLC",
        "lat_ms": 6,
        "jitter_ms": 1.5,
        "loss_pct": 0.02,
        "throughput_mbps": 50,
        "edge_load": 0.36
      }
    }
  ],
  "final_state": {
    "domain": "uav",
    "time_s": 180.0,
    "env": {
      "weather": "icing",
      "wind_mps": 8.0,
      "wind_dir_deg": 240.0
    },
    "airspace": {
      "alt_bounds": [
        50.0,
        300.0
      ],
      "geofence": [
        {
          "type": "polygon",
          "points": [
            [
              500.0,
              500.0
            ],
            [
              500.0,
              2500.0
            ],
            [
              2500.0,
              2500.0
            ],
            [
              2500.0,
              500.0
            ],
            [
              500.0,
              500.0
            ]
          ]
        }
      ]
    },
    "uav": {
      "pose": {
        "x": 850.0,
        "y": 850.0,
        "z": 120.0,
        "yaw": 270.0
      },
      "speed_mps": 17.0,
      "energy": {
        "battery_pct": 76.0
      },
      "sensors": {
        "rgb": "ok",
        "thermal": "ok",
        "lidar": "ok",
        "radar": "offline",
        "gnss": "ok",
        "imu": "ok",
        "magnetometer": "ok",
        "barometer": "ok"
      },
      "payloads": []
    },
    "policy": {
      "alt_bounds": [
        50.0,
        300.0
      ]
    },
    "safety_flags": {
      "nfz_violation": false,
      "separation_breach": false
    }
  },
  "success": true,
  "_meta": {
    "seed": 42,
    "ts": 1763995248,
    "ts_iso": "2025-11-24T14:40:48Z",
    "gen_time_s": 59.88314604759216,
    "attempts_used": 1,
    "generation_failed": false,
    "usage": {
      "prompt_tokens": 1094,
      "completion_tokens": 3655,
      "total_tokens": 4749,
      "cost": 0.00309428,
      "is_byok": false,
      "prompt_tokens_details": {
        "cached_tokens": 640,
        "audio_tokens": 0,
        "video_tokens": 0
      },
      "cost_details": {
        "upstream_inference_cost": null,
        "upstream_inference_prompt_cost": 0.00017028,
        "upstream_inference_completions_cost": 0.002924
      },
      "completion_tokens_details": {
        "reasoning_tokens": 0,
        "image_tokens": 0
      }
    }
  }
}