{
  "initial_state": {
    "domain": "uav",
    "time_s": 0.0,
    "env": {
      "weather": "dust",
      "wind_mps": 8.0,
      "wind_dir_deg": 135.0
    },
    "airspace": {
      "alt_bounds": [
        10.0,
        300.0
      ],
      "geofence": [
        {
          "type": "polygon",
          "points": [
            [
              0,
              0
            ],
            [
              500,
              0
            ],
            [
              500,
              500
            ],
            [
              0,
              500
            ]
          ]
        }
      ]
    },
    "uav": {
      "pose": {
        "x": 50.0,
        "y": 50.0,
        "z": 20.0,
        "yaw": 90.0
      },
      "speed_mps": 65.0,
      "energy": {
        "battery_pct": 100.0
      },
      "sensors": {
        "rgb": "ok",
        "thermal": "offline",
        "lidar": "ok",
        "radar": "ok",
        "gnss": "ok",
        "imu": "ok",
        "magnetometer": "ok",
        "barometer": "ok"
      },
      "payloads": []
    },
    "policy": {
      "alt_bounds": [
        10.0,
        300.0
      ]
    },
    "safety_flags": {
      "nfz_violation": false,
      "separation_breach": false
    }
  },
  "dialogue": [
    {
      "turn": 1,
      "speaker": "agent",
      "intent": "initiate mission and check telemetry",
      "actions": [
        {
          "type": "mcp",
          "name": "read_telemetry",
          "args": {}
        }
      ],
      "obs": [
        {
          "tool": "read_telemetry",
          "result": {
            "pose": {
              "x": 50.0,
              "y": 50.0,
              "z": 20.0,
              "yaw": 90.0
            },
            "speed_mps": 65.0,
            "battery_pct": 100.0,
            "sensors": {
              "thermal": "offline"
            }
          }
        }
      ],
      "net": {
        "slice": "eMBB",
        "lat_ms": 12,
        "jitter_ms": 2,
        "loss_pct": 0.1,
        "throughput_mbps": 850,
        "edge_load": 0.45
      }
    },
    {
      "turn": 2,
      "speaker": "user",
      "intent": "request thermal sensor restart and approve mission start",
      "actions": [
        {
          "type": "mcp",
          "name": "restart_sensor",
          "args": {
            "sensor": "thermal"
          }
        }
      ],
      "obs": [
        {
          "tool": "restart_sensor",
          "result": {
            "sensor": "thermal",
            "status": "restarted"
          }
        }
      ],
      "net": {
        "slice": "URLLC",
        "lat_ms": 8,
        "jitter_ms": 1,
        "loss_pct": 0.05,
        "throughput_mbps": 120,
        "edge_load": 0.3
      }
    },
    {
      "turn": 3,
      "speaker": "agent",
      "intent": "verify sensor status and initiate swarm coordination",
      "actions": [
        {
          "type": "mcp",
          "name": "read_telemetry",
          "args": {}
        },
        {
          "type": "a2a",
          "task": "swarm_formation",
          "to": "uav_swarm_agent",
          "payload": {
            "leader": true,
            "waypoints": [
              [
                150,
                150
              ],
              [
                300,
                300
              ]
            ]
          }
        }
      ],
      "obs": [
        {
          "tool": "read_telemetry",
          "result": {
            "sensors": {
              "thermal": "ok"
            }
          }
        },
        {
          "task": "swarm_formation",
          "from": "uav_swarm_agent",
          "status": "acknowledged",
          "payload": {
            "formation": "delta",
            "members": 3
          }
        }
      ],
      "net": {
        "slice": "eMBB",
        "lat_ms": 15,
        "jitter_ms": 3,
        "loss_pct": 0.2,
        "throughput_mbps": 780,
        "edge_load": 0.5
      }
    },
    {
      "turn": 4,
      "speaker": "user",
      "intent": "request reroute due to dust storm intensity",
      "actions": [
        {
          "type": "mcp",
          "name": "get_weather_update",
          "args": {}
        }
      ],
      "obs": [
        {
          "tool": "get_weather_update",
          "result": {
            "weather": "dust_storm",
            "visibility_m": 300,
            "wind_mps": 14.0
          }
        }
      ],
      "net": {
        "slice": "URLLC",
        "lat_ms": 10,
        "jitter_ms": 1.5,
        "loss_pct": 0.1,
        "throughput_mbps": 100,
        "edge_load": 0.6
      }
    },
    {
      "turn": 5,
      "speaker": "agent",
      "intent": "adjust altitude and speed for safety in storm",
      "actions": [
        {
          "type": "mcp",
          "name": "set_speed",
          "args": {
            "speed_mps": 45.0
          }
        },
        {
          "type": "mcp",
          "name": "set_altitude",
          "args": {
            "z": 80.0
          }
        }
      ],
      "obs": [
        {
          "tool": "set_speed",
          "result": {
            "achieved": 45.0
          }
        },
        {
          "tool": "set_altitude",
          "result": {
            "achieved": 80.0
          }
        }
      ],
      "net": {
        "slice": "URLLC",
        "lat_ms": 9,
        "jitter_ms": 1,
        "loss_pct": 0.08,
        "throughput_mbps": 110,
        "edge_load": 0.55
      }
    },
    {
      "turn": 6,
      "speaker": "user",
      "intent": "request real-time video feed for situational awareness",
      "actions": [
        {
          "type": "mcp",
          "name": "start_video_stream",
          "args": {
            "camera": "rgb",
            "resolution": "1080p"
          }
        }
      ],
      "obs": [
        {
          "tool": "start_video_stream",
          "result": {
            "status": "streaming",
            "bitrate_kbps": 4500,
            "latency_s": 0.25
          }
        }
      ],
      "net": {
        "slice": "eMBB",
        "lat_ms": 25,
        "jitter_ms": 8,
        "loss_pct": 0.5,
        "throughput_mbps": 600,
        "edge_load": 0.8
      }
    },
    {
      "turn": 7,
      "speaker": "agent",
      "intent": "detect network degradation and adapt",
      "actions": [
        {
          "type": "mcp",
          "name": "read_telemetry",
          "args": {}
        },
        {
          "type": "a2a",
          "task": "collision_avoidance",
          "to": "uav_swarm_agent",
          "payload": {
            "obstacle": {
              "x": 200,
              "y": 200,
              "z": 70,
              "radius": 15
            }
          }
        }
      ],
      "obs": [
        {
          "tool": "read_telemetry",
          "result": {
            "pose": {
              "x": 148.3,
              "y": 149.1,
              "z": 80.0
            }
          }
        },
        {
          "task": "collision_avoidance",
          "from": "uav_swarm_agent",
          "status": "avoidance_path_set",
          "payload": {
            "new_waypoint": [
              160,
              160
            ]
          }
        }
      ],
      "net": {
        "slice": "URLLC",
        "lat_ms": 11,
        "jitter_ms": 2,
        "loss_pct": 0.12,
        "throughput_mbps": 95,
        "edge_load": 0.7
      }
    },
    {
      "turn": 8,
      "speaker": "user",
      "intent": "confirm avoidance and prepare for landing",
      "actions": [
        {
          "type": "mcp",
          "name": "get_flight_plan",
          "args": {}
        }
      ],
      "obs": [
        {
          "tool": "get_flight_plan",
          "result": {
            "waypoints": [
              [
                160,
                160
              ],
              [
                400,
                400
              ],
              [
                50,
                50
              ]
            ],
            "status": "active"
          }
        }
      ],
      "net": {
        "slice": "URLLC",
        "lat_ms": 10,
        "jitter_ms": 1.8,
        "loss_pct": 0.1,
        "throughput_mbps": 105,
        "edge_load": 0.65
      }
    },
    {
      "turn": 9,
      "speaker": "agent",
      "intent": "initiate landing sequence and conserve bandwidth",
      "actions": [
        {
          "type": "mcp",
          "name": "stop_video_stream",
          "args": {}
        },
        {
          "type": "mcp",
          "name": "set_waypoint",
          "args": {
            "x": 50,
            "y": 50,
            "z": 15
          }
        }
      ],
      "obs": [
        {
          "tool": "stop_video_stream",
          "result": {
            "status": "stopped"
          }
        },
        {
          "tool": "set_waypoint",
          "result": {
            "reached": true,
            "time_s": 120.5
          }
        }
      ],
      "net": {
        "slice": "mMTC",
        "lat_ms": 50,
        "jitter_ms": 15,
        "loss_pct": 1.2,
        "throughput_mbps": 1.5,
        "edge_load": 0.3
      }
    },
    {
      "turn": 10,
      "speaker": "user",
      "intent": "verify safe landing and mission completion",
      "actions": [
        {
          "type": "mcp",
          "name": "read_telemetry",
          "args": {}
        }
      ],
      "obs": [
        {
          "tool": "read_telemetry",
          "result": {
            "pose": {
              "x": 50.0,
              "y": 50.0,
              "z": 15.0
            },
            "battery_pct": 78.3,
            "status": "landed"
          }
        }
      ],
      "net": {
        "slice": "URLLC",
        "lat_ms": 9,
        "jitter_ms": 1,
        "loss_pct": 0.05,
        "throughput_mbps": 120,
        "edge_load": 0.25
      }
    }
  ],
  "final_state": {
    "domain": "uav",
    "time_s": 120.5,
    "env": {
      "weather": "dust_storm",
      "wind_mps": 14.0,
      "wind_dir_deg": 135.0
    },
    "airspace": {
      "alt_bounds": [
        10.0,
        300.0
      ],
      "geofence": [
        {
          "type": "polygon",
          "points": [
            [
              0,
              0
            ],
            [
              500,
              0
            ],
            [
              500,
              500
            ],
            [
              0,
              500
            ]
          ]
        }
      ]
    },
    "uav": {
      "pose": {
        "x": 50.0,
        "y": 50.0,
        "z": 15.0,
        "yaw": 90.0
      },
      "speed_mps": 0.0,
      "energy": {
        "battery_pct": 78.3
      },
      "sensors": {
        "rgb": "ok",
        "thermal": "ok",
        "lidar": "ok",
        "radar": "ok",
        "gnss": "ok",
        "imu": "ok",
        "magnetometer": "ok",
        "barometer": "ok"
      },
      "payloads": []
    },
    "policy": {
      "alt_bounds": [
        10.0,
        300.0
      ]
    },
    "safety_flags": {
      "nfz_violation": false,
      "separation_breach": false
    }
  },
  "success": true,
  "_meta": {
    "seed": 42,
    "ts": 1763890849,
    "ts_iso": "2025-11-23T09:40:49Z",
    "gen_time_s": 55.71789526939392,
    "attempts_used": 1,
    "generation_failed": false,
    "usage": {
      "prompt_tokens": 1046,
      "completion_tokens": 3252,
      "total_tokens": 4298,
      "cost": 0.00276484,
      "is_byok": false,
      "prompt_tokens_details": {
        "cached_tokens": 608,
        "audio_tokens": 0,
        "video_tokens": 0
      },
      "cost_details": {
        "upstream_inference_cost": null,
        "upstream_inference_prompt_cost": 0.00016324,
        "upstream_inference_completions_cost": 0.0026016
      },
      "completion_tokens_details": {
        "reasoning_tokens": 0,
        "image_tokens": 0
      }
    }
  }
}