{
  "initial_state": {
    "domain": "uav",
    "time_s": 0.0,
    "env": {
      "weather": "icing",
      "wind_mps": 7.5,
      "wind_dir_deg": 240.0
    },
    "airspace": {
      "alt_bounds": [
        5.0,
        120.0
      ],
      "geofence": [
        {
          "type": "polygon",
          "points": [
            [
              0.0,
              0.0
            ],
            [
              200.0,
              0.0
            ],
            [
              200.0,
              150.0
            ],
            [
              0.0,
              150.0
            ]
          ]
        }
      ]
    },
    "uav": {
      "pose": {
        "x": 10.0,
        "y": 10.0,
        "z": 15.0,
        "yaw": 90.0
      },
      "speed_mps": 18.0,
      "energy": {
        "battery_pct": 100.0
      },
      "sensors": {
        "rgb": "ok",
        "thermal": "ok",
        "lidar": "ok",
        "radar": "offline",
        "gnss": "ok",
        "imu": "ok",
        "magnetometer": "ok",
        "barometer": "ok"
      },
      "payloads": []
    },
    "policy": {
      "alt_bounds": [
        5.0,
        120.0
      ]
    },
    "safety_flags": {
      "nfz_violation": false,
      "separation_breach": false
    }
  },
  "dialogue": [
    {
      "turn": 1,
      "speaker": "agent",
      "intent": "initiate_mission",
      "actions": [
        {
          "type": "mcp",
          "name": "read_telemetry",
          "args": {}
        },
        {
          "type": "a2a",
          "task": "request_weather_update",
          "to": "weather_agent",
          "payload": {
            "location": [
              10.0,
              10.0
            ]
          }
        }
      ],
      "obs": [
        {
          "tool": "read_telemetry",
          "result": {
            "pose": {
              "x": 10.0,
              "y": 10.0,
              "z": 15.0
            },
            "battery_pct": 100.0,
            "speed_mps": 18.0
          }
        },
        {
          "task": "request_weather_update",
          "from": "weather_agent",
          "status": "ok",
          "payload": {
            "weather": "icing",
            "wind_mps": 7.5
          }
        }
      ],
      "net": {
        "slice": "URLLC",
        "lat_ms": 8,
        "jitter_ms": 1.2,
        "loss_pct": 0.1,
        "throughput_mbps": 50,
        "edge_load": 0.35
      }
    },
    {
      "turn": 2,
      "speaker": "user",
      "intent": "approve_takeoff",
      "actions": [
        {
          "type": "mcp",
          "name": "set_altitude",
          "args": {
            "target_z": 50.0
          }
        }
      ],
      "obs": [
        {
          "tool": "set_altitude",
          "result": {
            "status": "acknowledged",
            "target_z": 50.0
          }
        }
      ],
      "net": {
        "slice": "eMBB",
        "lat_ms": 12,
        "jitter_ms": 3.0,
        "loss_pct": 0.5,
        "throughput_mbps": 120,
        "edge_load": 0.65
      }
    },
    {
      "turn": 3,
      "speaker": "agent",
      "intent": "ascend_and_monitor",
      "actions": [
        {
          "type": "mcp",
          "name": "read_telemetry",
          "args": {}
        },
        {
          "type": "a2a",
          "task": "collision_avoidance",
          "to": "uav_swarm_agent",
          "payload": {
            "current_pose": {
              "x": 10.0,
              "y": 10.0,
              "z": 15.0
            }
          }
        }
      ],
      "obs": [
        {
          "tool": "read_telemetry",
          "result": {
            "z": 32.0,
            "battery_pct": 98.7,
            "status": "ascending"
          }
        },
        {
          "task": "collision_avoidance",
          "from": "uav_swarm_agent",
          "status": "ok",
          "payload": {
            "safe": true,
            "recommended_alt": 52.0
          }
        }
      ],
      "net": {
        "slice": "URLLC",
        "lat_ms": 9,
        "jitter_ms": 1.5,
        "loss_pct": 0.2,
        "throughput_mbps": 45,
        "edge_load": 0.4
      }
    },
    {
      "turn": 4,
      "speaker": "user",
      "intent": "request_inspection_plan",
      "actions": [
        {
          "type": "mcp",
          "name": "get_flight_path",
          "args": {
            "waypoints": [
              {
                "x": 100.0,
                "y": 75.0,
                "z": 50.0
              }
            ]
          }
        }
      ],
      "obs": [
        {
          "tool": "get_flight_path",
          "result": {
            "path_valid": true,
            "estimated_duration_s": 180,
            "battery_impact_pct": 12.0
          }
        }
      ],
      "net": {
        "slice": "eMBB",
        "lat_ms": 110,
        "jitter_ms": 25.0,
        "loss_pct": 5.0,
        "throughput_mbps": 30,
        "edge_load": 0.85
      }
    },
    {
      "turn": 5,
      "speaker": "agent",
      "intent": "adapt_to_network_degradation",
      "actions": [
        {
          "type": "mcp",
          "name": "read_telemetry",
          "args": {}
        }
      ],
      "obs": [
        {
          "tool": "read_telemetry",
          "result": {
            "z": 50.0,
            "x": 45.2,
            "y": 30.1,
            "battery_pct": 97.5
          }
        }
      ],
      "net": {
        "slice": "mMTC",
        "lat_ms": 45,
        "jitter_ms": 8.0,
        "loss_pct": 2.0,
        "throughput_mbps": 5,
        "edge_load": 0.7
      }
    },
    {
      "turn": 6,
      "speaker": "user",
      "intent": "initiate_thermal_scan",
      "actions": [
        {
          "type": "mcp",
          "name": "activate_sensor",
          "args": {
            "sensor": "thermal",
            "mode": "high_res"
          }
        }
      ],
      "obs": [
        {
          "tool": "activate_sensor",
          "result": {
            "sensor": "thermal",
            "status": "active",
            "mode": "high_res",
            "power_draw_pct_per_min": 3.5
          }
        }
      ],
      "net": {
        "slice": "URLLC",
        "lat_ms": 7,
        "jitter_ms": 1.0,
        "loss_pct": 0.05,
        "throughput_mbps": 55,
        "edge_load": 0.3
      }
    },
    {
      "turn": 7,
      "speaker": "agent",
      "intent": "perform_inspection",
      "actions": [
        {
          "type": "mcp",
          "name": "capture_image",
          "args": {
            "sensor": "thermal",
            "target": "bridge_support_beam"
          }
        },
        {
          "type": "a2a",
          "task": "analyze_thermal_data",
          "to": "ai_inspection_agent",
          "payload": {
            "image_id": "therm_001",
            "anomaly_threshold": 2.5
          }
        }
      ],
      "obs": [
        {
          "tool": "capture_image",
          "result": {
            "image_id": "therm_001",
            "status": "captured",
            "resolution": "640x480"
          }
        },
        {
          "task": "analyze_thermal_data",
          "from": "ai_inspection_agent",
          "status": "completed",
          "payload": {
            "anomalies_found": 1,
            "hotspot_temp_c": 42.3,
            "location": "beam_nw_junction"
          }
        }
      ],
      "net": {
        "slice": "eMBB",
        "lat_ms": 15,
        "jitter_ms": 4.0,
        "loss_pct": 0.8,
        "throughput_mbps": 100,
        "edge_load": 0.75
      }
    },
    {
      "turn": 8,
      "speaker": "user",
      "intent": "report_anomaly_and_return",
      "actions": [
        {
          "type": "mcp",
          "name": "set_home",
          "args": {}
        }
      ],
      "obs": [
        {
          "tool": "set_home",
          "result": {
            "home_set": true,
            "coordinates": {
              "x": 10.0,
              "y": 10.0,
              "z": 15.0
            }
          }
        }
      ],
      "net": {
        "slice": "URLLC",
        "lat_ms": 10,
        "jitter_ms": 1.8,
        "loss_pct": 0.3,
        "throughput_mbps": 48,
        "edge_load": 0.45
      }
    },
    {
      "turn": 9,
      "speaker": "agent",
      "intent": "return_to_base",
      "actions": [
        {
          "type": "mcp",
          "name": "navigate_to_waypoint",
          "args": {
            "waypoint": {
              "x": 10.0,
              "y": 10.0,
              "z": 20.0
            }
          }
        },
        {
          "type": "a2a",
          "task": "update_flight_status",
          "to": "traffic_management_agent",
          "payload": {
            "intent": "return",
            "eta_s": 150
          }
        }
      ],
      "obs": [
        {
          "tool": "navigate_to_waypoint",
          "result": {
            "status": "en_route",
            "current_z": 48.0
          }
        },
        {
          "task": "update_flight_status",
          "from": "traffic_management_agent",
          "status": "acknowledged",
          "payload": {
            "slot_assigned": true
          }
        }
      ],
      "net": {
        "slice": "URLLC",
        "lat_ms": 8,
        "jitter_ms": 1.3,
        "loss_pct": 0.15,
        "throughput_mbps": 52,
        "edge_load": 0.38
      }
    },
    {
      "turn": 10,
      "speaker": "user",
      "intent": "confirm_landing",
      "actions": [
        {
          "type": "mcp",
          "name": "land",
          "args": {
            "precision": true
          }
        }
      ],
      "obs": [
        {
          "tool": "land",
          "result": {
            "status": "landing_initiated",
            "target": "home"
          }
        }
      ],
      "net": {
        "slice": "URLLC",
        "lat_ms": 6,
        "jitter_ms": 0.9,
        "loss_pct": 0.05,
        "throughput_mbps": 60,
        "edge_load": 0.3
      }
    }
  ],
  "final_state": {
    "domain": "uav",
    "time_s": 620.0,
    "env": {
      "weather": "icing",
      "wind_mps": 7.5,
      "wind_dir_deg": 240.0
    },
    "airspace": {
      "alt_bounds": [
        5.0,
        120.0
      ],
      "geofence": [
        {
          "type": "polygon",
          "points": [
            [
              0.0,
              0.0
            ],
            [
              200.0,
              0.0
            ],
            [
              200.0,
              150.0
            ],
            [
              0.0,
              150.0
            ]
          ]
        }
      ]
    },
    "uav": {
      "pose": {
        "x": 10.0,
        "y": 10.0,
        "z": 1.0,
        "yaw": 90.0
      },
      "speed_mps": 0.0,
      "energy": {
        "battery_pct": 82.0
      },
      "sensors": {
        "rgb": "ok",
        "thermal": "standby",
        "lidar": "ok",
        "radar": "offline",
        "gnss": "ok",
        "imu": "ok",
        "magnetometer": "ok",
        "barometer": "ok"
      },
      "payloads": []
    },
    "policy": {
      "alt_bounds": [
        5.0,
        120.0
      ]
    },
    "safety_flags": {
      "nfz_violation": false,
      "separation_breach": false
    }
  },
  "success": true,
  "_meta": {
    "seed": 42,
    "ts": 1763843804,
    "ts_iso": "2025-11-22T20:36:44Z",
    "gen_time_s": 57.41252660751343,
    "attempts_used": 1,
    "generation_failed": false,
    "usage": {
      "prompt_tokens": 1064,
      "completion_tokens": 3432,
      "total_tokens": 4496,
      "cost": 0.0029128,
      "is_byok": false,
      "prompt_tokens_details": {
        "cached_tokens": 608,
        "audio_tokens": 0,
        "video_tokens": 0
      },
      "cost_details": {
        "upstream_inference_cost": null,
        "upstream_inference_prompt_cost": 0.0001672,
        "upstream_inference_completions_cost": 0.0027456
      },
      "completion_tokens_details": {
        "reasoning_tokens": 0,
        "image_tokens": 0
      }
    }
  }
}