{
  "initial_state": {
    "domain": "uav",
    "time_s": 0.0,
    "env": {
      "weather": "dust",
      "wind_mps": 9.5,
      "wind_dir_deg": 210.0
    },
    "airspace": {
      "alt_bounds": [
        5.0,
        120.0
      ],
      "geofence": [
        {
          "type": "polygon",
          "points": [
            [
              0,
              0
            ],
            [
              200,
              0
            ],
            [
              200,
              150
            ],
            [
              0,
              150
            ]
          ]
        }
      ]
    },
    "uav": {
      "pose": {
        "x": 20.0,
        "y": 20.0,
        "z": 10.0,
        "yaw": 90.0
      },
      "speed_mps": 18.0,
      "energy": {
        "battery_pct": 100.0
      },
      "sensors": {
        "rgb": "ok",
        "thermal": "offline",
        "lidar": "ok",
        "radar": "offline",
        "gnss": "ok",
        "imu": "ok",
        "magnetometer": "ok",
        "barometer": "ok"
      },
      "payloads": []
    },
    "policy": {
      "alt_bounds": [
        5.0,
        120.0
      ]
    },
    "safety_flags": {
      "nfz_violation": false,
      "separation_breach": false
    }
  },
  "dialogue": [
    {
      "turn": 1,
      "speaker": "agent",
      "intent": "initiate_survey_mission",
      "actions": [
        {
          "type": "mcp",
          "name": "read_telemetry",
          "args": {}
        },
        {
          "type": "a2a",
          "task": "request_weather_data",
          "to": "weather_agent",
          "payload": {
            "location": [
              20.0,
              20.0
            ],
            "horizon": 300
          }
        }
      ],
      "obs": [
        {
          "tool": "read_telemetry",
          "result": {
            "pose": {
              "x": 20.0,
              "y": 20.0,
              "z": 10.0
            },
            "battery_pct": 100.0,
            "speed_mps": 18.0
          }
        },
        {
          "task": "request_weather_data",
          "from": "weather_agent",
          "status": "ok",
          "payload": {
            "precipitation": 0.0,
            "visibility_km": 1.2,
            "dust_density": 0.8
          }
        }
      ],
      "net": {
        "slice": "eMBB",
        "lat_ms": 18,
        "jitter_ms": 3,
        "loss_pct": 0.1,
        "throughput_mbps": 850,
        "edge_load": 0.4
      }
    },
    {
      "turn": 2,
      "speaker": "user",
      "intent": "approve_mission_with_constraints",
      "actions": [
        {
          "type": "mcp",
          "name": "set_altitude",
          "args": {
            "target": 45.0
          }
        }
      ],
      "obs": [
        {
          "tool": "set_altitude",
          "result": {
            "status": "acknowledged",
            "target_z": 45.0
          }
        }
      ],
      "net": {
        "slice": "eMBB",
        "lat_ms": 20,
        "jitter_ms": 4,
        "loss_pct": 0.2,
        "throughput_mbps": 800,
        "edge_load": 0.45
      }
    },
    {
      "turn": 3,
      "speaker": "agent",
      "intent": "ascend_and_reconfigure_sensors",
      "actions": [
        {
          "type": "mcp",
          "name": "adjust_attitude",
          "args": {
            "dz": 35.0,
            "duration_s": 15.0
          }
        },
        {
          "type": "mcp",
          "name": "activate_sensor",
          "args": {
            "sensor": "lidar"
          }
        }
      ],
      "obs": [
        {
          "tool": "adjust_attitude",
          "result": {
            "final_z": 45.0,
            "duration_s": 14.8,
            "energy_used_pct": 1.2
          }
        },
        {
          "tool": "activate_sensor",
          "result": {
            "sensor": "lidar",
            "status": "active"
          }
        }
      ],
      "net": {
        "slice": "URLLC",
        "lat_ms": 8,
        "jitter_ms": 1,
        "loss_pct": 0.05,
        "throughput_mbps": 120,
        "edge_load": 0.3
      }
    },
    {
      "turn": 4,
      "speaker": "user",
      "intent": "request_area_scan",
      "actions": [
        {
          "type": "mcp",
          "name": "plan_waypoints",
          "args": {
            "waypoints": [
              [
                50.0,
                30.0,
                45.0
              ],
              [
                80.0,
                60.0,
                45.0
              ],
              [
                110.0,
                90.0,
                45.0
              ]
            ],
            "speed": 15.0
          }
        }
      ],
      "obs": [
        {
          "tool": "plan_waypoints",
          "result": {
            "route_length_m": 142.5,
            "estimated_time_s": 9.5,
            "battery_impact_pct": 2.1
          }
        }
      ],
      "net": {
        "slice": "eMBB",
        "lat_ms": 22,
        "jitter_ms": 5,
        "loss_pct": 0.3,
        "throughput_mbps": 750,
        "edge_load": 0.5
      }
    },
    {
      "turn": 5,
      "speaker": "agent",
      "intent": "execute_survey_route",
      "actions": [
        {
          "type": "mcp",
          "name": "execute_waypoints",
          "args": {
            "waypoints": [
              [
                50.0,
                30.0,
                45.0
              ],
              [
                80.0,
                60.0,
                45.0
              ],
              [
                110.0,
                90.0,
                45.0
              ]
            ]
          }
        }
      ],
      "obs": [
        {
          "tool": "execute_waypoints",
          "result": {
            "status": "in_progress",
            "current_waypoint_idx": 0,
            "position": [
              50.2,
              30.1,
              44.9
            ],
            "battery_pct": 97.8
          }
        }
      ],
      "net": {
        "slice": "eMBB",
        "lat_ms": 25,
        "jitter_ms": 6,
        "loss_pct": 0.4,
        "throughput_mbps": 700,
        "edge_load": 0.55
      }
    },
    {
      "turn": 6,
      "speaker": "user",
      "intent": "report_network_degradation",
      "actions": [
        {
          "type": "mcp",
          "name": "check_network",
          "args": {}
        }
      ],
      "obs": [
        {
          "tool": "check_network",
          "result": {
            "slice": "eMBB",
            "lat_ms": 45,
            "jitter_ms": 15,
            "loss_pct": 5.2,
            "throughput_mbps": 200,
            "recommendation": "switch to URLLC for control"
          }
        }
      ],
      "net": {
        "slice": "eMBB",
        "lat_ms": 45,
        "jitter_ms": 15,
        "loss_pct": 5.2,
        "throughput_mbps": 200,
        "edge_load": 0.8
      }
    },
    {
      "turn": 7,
      "speaker": "agent",
      "intent": "adapt_to_network_loss",
      "actions": [
        {
          "type": "mcp",
          "name": "switch_network_slice",
          "args": {
            "target": "URLLC"
          }
        },
        {
          "type": "a2a",
          "task": "request_relay",
          "to": "uav_swarm_agent",
          "payload": {
            "uav_id": "uav-7",
            "position": [
              20.0,
              20.0,
              10.0
            ],
            "purpose": "link_redundancy"
          }
        }
      ],
      "obs": [
        {
          "tool": "switch_network_slice",
          "result": {
            "from": "eMBB",
            "to": "URLLC",
            "lat_ms": 10
          }
        },
        {
          "task": "request_relay",
          "from": "uav_swarm_agent",
          "status": "accepted",
          "payload": {
            "relay_uav": "uav-7",
            "eta_s": 12.0
          }
        }
      ],
      "net": {
        "slice": "URLLC",
        "lat_ms": 10,
        "jitter_ms": 2,
        "loss_pct": 0.1,
        "throughput_mbps": 150,
        "edge_load": 0.35
      }
    },
    {
      "turn": 8,
      "speaker": "user",
      "intent": "pause_mission_for_inspection",
      "actions": [
        {
          "type": "mcp",
          "name": "hover",
          "args": {
            "duration_s": 30
          }
        }
      ],
      "obs": [
        {
          "tool": "hover",
          "result": {
            "status": "stable",
            "position": [
              80.1,
              60.2,
              45.0
            ],
            "battery_pct": 96.5,
            "duration_s": 30.0
          }
        }
      ],
      "net": {
        "slice": "URLLC",
        "lat_ms": 9,
        "jitter_ms": 1,
        "loss_pct": 0.08,
        "throughput_mbps": 140,
        "edge_load": 0.32
      }
    },
    {
      "turn": 9,
      "speaker": "agent",
      "intent": "resume_and_complete_survey",
      "actions": [
        {
          "type": "mcp",
          "name": "execute_waypoints",
          "args": {
            "waypoints": [
              [
                110.0,
                90.0,
                45.0
              ]
            ]
          }
        },
        {
          "type": "mcp",
          "name": "capture_image",
          "args": {
            "sensor": "rgb",
            "target": [
              110.0,
              90.0
            ]
          }
        }
      ],
      "obs": [
        {
          "tool": "execute_waypoints",
          "result": {
            "status": "complete",
            "final_position": [
              110.0,
              90.0,
              45.0
            ],
            "battery_pct": 95.8
          }
        },
        {
          "tool": "capture_image",
          "result": {
            "sensor": "rgb",
            "target": [
              110.0,
              90.0
            ],
            "image_id": "img_9a8b7c",
            "quality": "usable"
          }
        }
      ],
      "net": {
        "slice": "URLLC",
        "lat_ms": 11,
        "jitter_ms": 2,
        "loss_pct": 0.12,
        "throughput_mbps": 130,
        "edge_load": 0.38
      }
    },
    {
      "turn": 10,
      "speaker": "user",
      "intent": "initiate_return_to_home",
      "actions": [
        {
          "type": "mcp",
          "name": "plan_waypoints",
          "args": {
            "waypoints": [
              [
                20.0,
                20.0,
                10.0
              ]
            ],
            "speed": 12.0
          }
        }
      ],
      "obs": [
        {
          "tool": "plan_waypoints",
          "result": {
            "route_length_m": 120.4,
            "estimated_time_s": 10.0,
            "battery_impact_pct": 1.8
          }
        }
      ],
      "net": {
        "slice": "mMTC",
        "lat_ms": 35,
        "jitter_ms": 8,
        "loss_pct": 1.5,
        "throughput_mbps": 10,
        "edge_load": 0.6
      }
    },
    {
      "turn": 11,
      "speaker": "agent",
      "intent": "return_and_land",
      "actions": [
        {
          "type": "mcp",
          "name": "execute_waypoints",
          "args": {
            "waypoints": [
              [
                20.0,
                20.0,
                10.0
              ]
            ]
          }
        },
        {
          "type": "mcp",
          "name": "land",
          "args": {}
        }
      ],
      "obs": [
        {
          "tool": "execute_waypoints",
          "result": {
            "status": "complete",
            "final_position": [
              20.0,
              20.0,
              10.0
            ],
            "battery_pct": 94.0
          }
        },
        {
          "tool": "land",
          "result": {
            "status": "completed",
            "final_battery_pct": 93.5,
            "settlement_time_s": 8.2
          }
        }
      ],
      "net": {
        "slice": "URLLC",
        "lat_ms": 7,
        "jitter_ms": 1,
        "loss_pct": 0.05,
        "throughput_mbps": 160,
        "edge_load": 0.25
      }
    }
  ],
  "final_state": {
    "domain": "uav",
    "time_s": 120.0,
    "env": {
      "weather": "dust",
      "wind_mps": 9.5,
      "wind_dir_deg": 210.0
    },
    "airspace": {
      "alt_bounds": [
        5.0,
        120.0
      ],
      "geofence": [
        {
          "type": "polygon",
          "points": [
            [
              0,
              0
            ],
            [
              200,
              0
            ],
            [
              200,
              150
            ],
            [
              0,
              150
            ]
          ]
        }
      ]
    },
    "uav": {
      "pose": {
        "x": 20.0,
        "y": 20.0,
        "z": 10.0,
        "yaw": 90.0
      },
      "speed_mps": 0.0,
      "energy": {
        "battery_pct": 93.5
      },
      "sensors": {
        "rgb": "ok",
        "thermal": "offline",
        "lidar": "ok",
        "radar": "offline",
        "gnss": "ok",
        "imu": "ok",
        "magnetometer": "ok",
        "barometer": "ok"
      },
      "payloads": []
    },
    "policy": {
      "alt_bounds": [
        5.0,
        120.0
      ]
    },
    "safety_flags": {
      "nfz_violation": false,
      "separation_breach": false
    }
  },
  "success": true,
  "_meta": {
    "seed": 42,
    "ts": 1763774602,
    "ts_iso": "2025-11-22T01:23:22Z",
    "gen_time_s": 164.36225748062134,
    "attempts_used": 3,
    "generation_failed": false,
    "usage": {
      "prompt_tokens": 1080,
      "completion_tokens": 3816,
      "total_tokens": 4896,
      "cost": 0.00322352,
      "is_byok": false,
      "prompt_tokens_details": {
        "cached_tokens": 608,
        "audio_tokens": 0,
        "video_tokens": 0
      },
      "cost_details": {
        "upstream_inference_cost": null,
        "upstream_inference_prompt_cost": 0.00017072,
        "upstream_inference_completions_cost": 0.0030528
      },
      "completion_tokens_details": {
        "reasoning_tokens": 0,
        "image_tokens": 0
      }
    }
  }
}