{
  "initial_state": {
    "domain": "uav",
    "time_s": 0.0,
    "env": {
      "weather": "dust",
      "wind_mps": 9.5,
      "wind_dir_deg": 240.0
    },
    "airspace": {
      "alt_bounds": [
        10.0,
        120.0
      ],
      "geofence": [
        {
          "type": "polygon",
          "points": [
            [
              0.0,
              0.0
            ],
            [
              0.0,
              300.0
            ],
            [
              400.0,
              300.0
            ],
            [
              400.0,
              0.0
            ]
          ]
        }
      ]
    },
    "uav": {
      "pose": {
        "x": 50.0,
        "y": 50.0,
        "z": 20.0,
        "yaw": 90.0
      },
      "speed_mps": 35.0,
      "energy": {
        "battery_pct": 100.0
      },
      "sensors": {
        "rgb": "ok",
        "thermal": "ok",
        "lidar": "ok",
        "radar": "ok",
        "gnss": "ok",
        "imu": "ok",
        "magnetometer": "ok",
        "barometer": "ok"
      },
      "payloads": []
    },
    "policy": {
      "alt_bounds": [
        10.0,
        120.0
      ]
    },
    "safety_flags": {
      "nfz_violation": false,
      "separation_breach": false
    }
  },
  "dialogue": [
    {
      "turn": 1,
      "speaker": "agent",
      "intent": "initiate mission and check telemetry",
      "actions": [
        {
          "type": "mcp",
          "name": "read_telemetry",
          "args": {}
        }
      ],
      "obs": [
        {
          "tool": "read_telemetry",
          "result": {
            "pose": {
              "x": 50.0,
              "y": 50.0,
              "z": 20.0,
              "yaw": 90.0
            },
            "battery_pct": 100.0,
            "speed_mps": 35.0
          }
        }
      ],
      "net": {
        "slice": "eMBB",
        "lat_ms": 12,
        "jitter_ms": 2,
        "loss_pct": 0.1,
        "throughput_mbps": 850,
        "edge_load": 0.45
      }
    },
    {
      "turn": 2,
      "speaker": "user",
      "intent": "confirm mission start and request route plan",
      "actions": [
        {
          "type": "mcp",
          "name": "plan_route",
          "args": {
            "waypoints": [
              [
                100.0,
                100.0,
                40.0
              ],
              [
                200.0,
                150.0,
                60.0
              ],
              [
                300.0,
                200.0,
                80.0
              ]
            ],
            "speed": 30.0
          }
        }
      ],
      "obs": [
        {
          "tool": "plan_route",
          "result": {
            "route_id": "r_001",
            "estimated_duration_s": 125.0,
            "battery_impact_pct": 18.5,
            "valid": true
          }
        }
      ],
      "net": {
        "slice": "eMBB",
        "lat_ms": 14,
        "jitter_ms": 3,
        "loss_pct": 0.2,
        "throughput_mbps": 800,
        "edge_load": 0.5
      }
    },
    {
      "turn": 3,
      "speaker": "agent",
      "intent": "execute planned route",
      "actions": [
        {
          "type": "mcp",
          "name": "execute_route",
          "args": {
            "route_id": "r_001"
          }
        }
      ],
      "obs": [
        {
          "tool": "execute_route",
          "result": {
            "status": "in_progress",
            "current_waypoint_idx": 0,
            "next_waypoint": [
              100.0,
              100.0,
              40.0
            ]
          }
        }
      ],
      "net": {
        "slice": "eMBB",
        "lat_ms": 15,
        "jitter_ms": 4,
        "loss_pct": 0.3,
        "throughput_mbps": 750,
        "edge_load": 0.55
      }
    },
    {
      "turn": 4,
      "speaker": "user",
      "intent": "monitor telemetry and check swarm status",
      "actions": [
        {
          "type": "mcp",
          "name": "read_telemetry",
          "args": {}
        },
        {
          "type": "a2a",
          "task": "status_check",
          "to": "uav_swarm_agent",
          "payload": {
            "uav_id": "uav_7"
          }
        }
      ],
      "obs": [
        {
          "tool": "read_telemetry",
          "result": {
            "pose": {
              "x": 100.0,
              "y": 100.0,
              "z": 40.0,
              "yaw": 95.0
            },
            "battery_pct": 96.0,
            "speed_mps": 30.0
          }
        },
        {
          "task": "status_check",
          "from": "uav_swarm_agent",
          "status": "ok",
          "payload": {
            "uav_id": "uav_7",
            "in_formation": true,
            "battery_pct": 94.2
          }
        }
      ],
      "net": {
        "slice": "URLLC",
        "lat_ms": 8,
        "jitter_ms": 1,
        "loss_pct": 0.05,
        "throughput_mbps": 100,
        "edge_load": 0.3
      }
    },
    {
      "turn": 5,
      "speaker": "agent",
      "intent": "initiate inspection at waypoint",
      "actions": [
        {
          "type": "mcp",
          "name": "activate_sensor",
          "args": {
            "sensor": "lidar",
            "mode": "high_res_scan"
          }
        }
      ],
      "obs": [
        {
          "tool": "activate_sensor",
          "result": {
            "sensor": "lidar",
            "status": "active",
            "mode": "high_res_scan",
            "power_draw_pct_per_min": 8.0
          }
        }
      ],
      "net": {
        "slice": "eMBB",
        "lat_ms": 16,
        "jitter_ms": 5,
        "loss_pct": 0.4,
        "throughput_mbps": 700,
        "edge_load": 0.6
      }
    },
    {
      "turn": 6,
      "speaker": "user",
      "intent": "detect network degradation and request fallback",
      "actions": [
        {
          "type": "mcp",
          "name": "check_network_health",
          "args": {}
        }
      ],
      "obs": [
        {
          "tool": "check_network_health",
          "result": {
            "current_slice": "eMBB",
            "recommended_slice": "URLLC",
            "risk_level": "medium"
          }
        }
      ],
      "net": {
        "slice": "eMBB",
        "lat_ms": 25,
        "jitter_ms": 12,
        "loss_pct": 2.1,
        "throughput_mbps": 400,
        "edge_load": 0.85
      }
    },
    {
      "turn": 7,
      "speaker": "agent",
      "intent": "adapt to network degradation",
      "actions": [
        {
          "type": "mcp",
          "name": "switch_network_slice",
          "args": {
            "target_slice": "URLLC"
          }
        },
        {
          "type": "mcp",
          "name": "reduce_sensor_resolution",
          "args": {
            "sensor": "lidar",
            "target_mode": "medium_res_scan"
          }
        }
      ],
      "obs": [
        {
          "tool": "switch_network_slice",
          "result": {
            "status": "success",
            "new_slice": "URLLC"
          }
        },
        {
          "tool": "reduce_sensor_resolution",
          "result": {
            "sensor": "lidar",
            "old_mode": "high_res_scan",
            "new_mode": "medium_res_scan",
            "power_draw_pct_per_min": 5.0
          }
        }
      ],
      "net": {
        "slice": "URLLC",
        "lat_ms": 9,
        "jitter_ms": 2,
        "loss_pct": 0.1,
        "throughput_mbps": 120,
        "edge_load": 0.4
      }
    },
    {
      "turn": 8,
      "speaker": "user",
      "intent": "request emergency hover due to wind gust",
      "actions": [
        {
          "type": "mcp",
          "name": "set_flight_mode",
          "args": {
            "mode": "hover",
            "duration_s": 30
          }
        }
      ],
      "obs": [
        {
          "tool": "set_flight_mode",
          "result": {
            "mode": "hover",
            "status": "confirmed",
            "reason": "high_wind_gust",
            "wind_mps": 14.2
          }
        }
      ],
      "net": {
        "slice": "URLLC",
        "lat_ms": 7,
        "jitter_ms": 1,
        "loss_pct": 0.08,
        "throughput_mbps": 110,
        "edge_load": 0.35
      }
    },
    {
      "turn": 9,
      "speaker": "agent",
      "intent": "resume route after stabilization",
      "actions": [
        {
          "type": "mcp",
          "name": "resume_route",
          "args": {
            "route_id": "r_001"
          }
        }
      ],
      "obs": [
        {
          "tool": "resume_route",
          "result": {
            "status": "resumed",
            "next_waypoint": [
              200.0,
              150.0,
              60.0
            ]
          }
        }
      ],
      "net": {
        "slice": "URLLC",
        "lat_ms": 8,
        "jitter_ms": 1.5,
        "loss_pct": 0.12,
        "throughput_mbps": 115,
        "edge_load": 0.38
      }
    },
    {
      "turn": 10,
      "speaker": "user",
      "intent": "verify final approach and safety",
      "actions": [
        {
          "type": "mcp",
          "name": "read_telemetry",
          "args": {}
        },
        {
          "type": "a2a",
          "task": "collision_avoidance",
          "to": "uav_swarm_agent",
          "payload": {
            "current_pose": {
              "x": 295.0,
              "y": 195.0,
              "z": 78.0,
              "yaw": 92.0
            }
          }
        }
      ],
      "obs": [
        {
          "tool": "read_telemetry",
          "result": {
            "pose": {
              "x": 295.0,
              "y": 195.0,
              "z": 78.0,
              "yaw": 92.0
            },
            "battery_pct": 82.0,
            "speed_mps": 25.0
          }
        },
        {
          "task": "collision_avoidance",
          "from": "uav_swarm_agent",
          "status": "clear",
          "payload": {
            "nearest_uav_distance_m": 45.0,
            "recommended_action": "proceed"
          }
        }
      ],
      "net": {
        "slice": "URLLC",
        "lat_ms": 9,
        "jitter_ms": 2,
        "loss_pct": 0.1,
        "throughput_mbps": 125,
        "edge_load": 0.42
      }
    },
    {
      "turn": 11,
      "speaker": "agent",
      "intent": "complete mission and land",
      "actions": [
        {
          "type": "mcp",
          "name": "land",
          "args": {
            "target_location": [
              350.0,
              250.0,
              10.0
            ]
          }
        }
      ],
      "obs": [
        {
          "tool": "land",
          "result": {
            "status": "completed",
            "final_pose": {
              "x": 350.0,
              "y": 250.0,
              "z": 10.0
            },
            "battery_pct": 78.0
          }
        }
      ],
      "net": {
        "slice": "URLLC",
        "lat_ms": 7,
        "jitter_ms": 1,
        "loss_pct": 0.05,
        "throughput_mbps": 130,
        "edge_load": 0.3
      }
    }
  ],
  "final_state": {
    "domain": "uav",
    "time_s": 135.0,
    "env": {
      "weather": "dust",
      "wind_mps": 9.5,
      "wind_dir_deg": 240.0
    },
    "airspace": {
      "alt_bounds": [
        10.0,
        120.0
      ],
      "geofence": [
        {
          "type": "polygon",
          "points": [
            [
              0.0,
              0.0
            ],
            [
              0.0,
              300.0
            ],
            [
              400.0,
              300.0
            ],
            [
              400.0,
              0.0
            ]
          ]
        }
      ]
    },
    "uav": {
      "pose": {
        "x": 350.0,
        "y": 250.0,
        "z": 10.0,
        "yaw": 92.0
      },
      "speed_mps": 0.0,
      "energy": {
        "battery_pct": 78.0
      },
      "sensors": {
        "rgb": "ok",
        "thermal": "ok",
        "lidar": "ok",
        "radar": "ok",
        "gnss": "ok",
        "imu": "ok",
        "magnetometer": "ok",
        "barometer": "ok"
      },
      "payloads": []
    },
    "policy": {
      "alt_bounds": [
        10.0,
        120.0
      ]
    },
    "safety_flags": {
      "nfz_violation": false,
      "separation_breach": false
    }
  },
  "success": true,
  "_meta": {
    "seed": 42,
    "ts": 1764008220,
    "ts_iso": "2025-11-24T18:17:00Z",
    "gen_time_s": 52.87312364578247,
    "attempts_used": 1,
    "generation_failed": false,
    "usage": {
      "prompt_tokens": 1057,
      "completion_tokens": 3644,
      "total_tokens": 4701,
      "cost": 0.00303158,
      "is_byok": false,
      "prompt_tokens_details": {
        "cached_tokens": 1056,
        "audio_tokens": 0,
        "video_tokens": 0
      },
      "cost_details": {
        "upstream_inference_cost": null,
        "upstream_inference_prompt_cost": 0.00011638,
        "upstream_inference_completions_cost": 0.0029152
      },
      "completion_tokens_details": {
        "reasoning_tokens": 0,
        "image_tokens": 0
      }
    }
  }
}