{
  "initial_state": {
    "domain": "uav",
    "time_s": 0.0,
    "env": {
      "weather": "icing",
      "wind_mps": 6.5,
      "wind_dir_deg": 240.0
    },
    "airspace": {
      "alt_bounds": [
        5.0,
        120.0
      ],
      "geofence": [
        {
          "type": "polygon",
          "points": [
            [
              0,
              0
            ],
            [
              200,
              0
            ],
            [
              200,
              150
            ],
            [
              0,
              150
            ]
          ]
        }
      ]
    },
    "uav": {
      "pose": {
        "x": 10.0,
        "y": 10.0,
        "z": 10.0,
        "yaw": 90.0
      },
      "speed_mps": 22.0,
      "energy": {
        "battery_pct": 100.0
      },
      "sensors": {
        "rgb": "ok",
        "thermal": "ok",
        "lidar": "ok",
        "radar": "ok",
        "gnss": "ok",
        "imu": "ok",
        "magnetometer": "ok",
        "barometer": "ok"
      },
      "payloads": []
    },
    "policy": {
      "alt_bounds": [
        5.0,
        120.0
      ]
    },
    "safety_flags": {
      "nfz_violation": false,
      "separation_breach": false
    }
  },
  "dialogue": [
    {
      "turn": 1,
      "speaker": "agent",
      "intent": "initiate mission and check telemetry",
      "actions": [
        {
          "type": "mcp",
          "name": "read_telemetry",
          "args": {}
        }
      ],
      "obs": [
        {
          "tool": "read_telemetry",
          "result": {
            "pose": {
              "x": 10.0,
              "y": 10.0,
              "z": 10.0,
              "yaw": 90.0
            },
            "speed_mps": 22.0,
            "battery_pct": 100.0,
            "sensors_ok": true
          }
        }
      ],
      "net": {
        "slice": "URLLC",
        "lat_ms": 3.2,
        "jitter_ms": 0.8,
        "loss_pct": 0.01,
        "throughput_mbps": 50,
        "edge_load": 0.3
      }
    },
    {
      "turn": 2,
      "speaker": "user",
      "intent": "authorize flight to inspection waypoint",
      "actions": [
        {
          "type": "mcp",
          "name": "set_waypoint",
          "args": {
            "x": 150.0,
            "y": 120.0,
            "z": 80.0
          }
        }
      ],
      "obs": [
        {
          "tool": "set_waypoint",
          "result": {
            "status": "accepted",
            "target": [
              150.0,
              120.0,
              80.0
            ]
          }
        }
      ],
      "net": {
        "slice": "eMBB",
        "lat_ms": 12.5,
        "jitter_ms": 2.1,
        "loss_pct": 0.05,
        "throughput_mbps": 120,
        "edge_load": 0.6
      }
    },
    {
      "turn": 3,
      "speaker": "agent",
      "intent": "request swarm coordination for path validation",
      "actions": [
        {
          "type": "a2a",
          "task": "collision_avoidance",
          "to": "uav_swarm_agent",
          "payload": {
            "uav_id": "uav-01",
            "path": [
              [
                10,
                10,
                10
              ],
              [
                150,
                120,
                80
              ]
            ]
          }
        }
      ],
      "obs": [
        {
          "task": "collision_avoidance",
          "from": "uav_swarm_agent",
          "status": "ok",
          "payload": {
            "clearance": true,
            "recommended_alt": 80.0
          }
        }
      ],
      "net": {
        "slice": "URLLC",
        "lat_ms": 4.1,
        "jitter_ms": 1.0,
        "loss_pct": 0.02,
        "throughput_mbps": 45,
        "edge_load": 0.4
      }
    },
    {
      "turn": 4,
      "speaker": "user",
      "intent": "enable thermal imaging for low visibility",
      "actions": [
        {
          "type": "mcp",
          "name": "activate_sensor",
          "args": {
            "sensor": "thermal",
            "mode": "high_res"
          }
        }
      ],
      "obs": [
        {
          "tool": "activate_sensor",
          "result": {
            "sensor": "thermal",
            "status": "active",
            "mode": "high_res"
          }
        }
      ],
      "net": {
        "slice": "eMBB",
        "lat_ms": 15.0,
        "jitter_ms": 3.0,
        "loss_pct": 0.1,
        "throughput_mbps": 100,
        "edge_load": 0.7
      }
    },
    {
      "turn": 5,
      "speaker": "agent",
      "intent": "detect network degradation and adapt",
      "actions": [
        {
          "type": "mcp",
          "name": "read_telemetry",
          "args": {}
        }
      ],
      "obs": [
        {
          "tool": "read_telemetry",
          "result": {
            "pose": {
              "x": 75.0,
              "y": 65.0,
              "z": 80.0,
              "yaw": 92.0
            },
            "speed_mps": 20.0,
            "battery_pct": 92.0,
            "sensors_ok": true
          }
        }
      ],
      "net": {
        "slice": "mMTC",
        "lat_ms": 25.0,
        "jitter_ms": 8.0,
        "loss_pct": 1.2,
        "throughput_mbps": 5,
        "edge_load": 0.9
      }
    },
    {
      "turn": 6,
      "speaker": "user",
      "intent": "request emergency hover due to signal loss",
      "actions": [
        {
          "type": "mcp",
          "name": "set_mode",
          "args": {
            "mode": "hover"
          }
        }
      ],
      "obs": [
        {
          "tool": "set_mode",
          "result": {
            "mode": "hover",
            "status": "confirmed",
            "reason": "network instability"
          }
        }
      ],
      "net": {
        "slice": "URLLC",
        "lat_ms": 6.0,
        "jitter_ms": 1.5,
        "loss_pct": 0.3,
        "throughput_mbps": 30,
        "edge_load": 0.5
      }
    },
    {
      "turn": 7,
      "speaker": "agent",
      "intent": "resume mission with reduced sensor usage",
      "actions": [
        {
          "type": "mcp",
          "name": "set_waypoint",
          "args": {
            "x": 150.0,
            "y": 120.0,
            "z": 80.0
          }
        },
        {
          "type": "mcp",
          "name": "activate_sensor",
          "args": {
            "sensor": "lidar",
            "mode": "low_power"
          }
        }
      ],
      "obs": [
        {
          "tool": "set_waypoint",
          "result": {
            "status": "en route",
            "target": [
              150.0,
              120.0,
              80.0
            ]
          }
        },
        {
          "tool": "activate_sensor",
          "result": {
            "sensor": "lidar",
            "status": "active",
            "mode": "low_power"
          }
        }
      ],
      "net": {
        "slice": "URLLC",
        "lat_ms": 3.8,
        "jitter_ms": 0.9,
        "loss_pct": 0.03,
        "throughput_mbps": 48,
        "edge_load": 0.35
      }
    },
    {
      "turn": 8,
      "speaker": "user",
      "intent": "confirm arrival and initiate inspection",
      "actions": [
        {
          "type": "mcp",
          "name": "start_inspection",
          "args": {
            "area": "boiler_section",
            "duration_s": 60
          }
        }
      ],
      "obs": [
        {
          "tool": "start_inspection",
          "result": {
            "status": "started",
            "area": "boiler_section",
            "estimated_completion": 60
          }
        }
      ],
      "net": {
        "slice": "eMBB",
        "lat_ms": 11.0,
        "jitter_ms": 2.0,
        "loss_pct": 0.04,
        "throughput_mbps": 110,
        "edge_load": 0.55
      }
    },
    {
      "turn": 9,
      "speaker": "agent",
      "intent": "report inspection findings and battery status",
      "actions": [
        {
          "type": "mcp",
          "name": "read_telemetry",
          "args": {}
        }
      ],
      "obs": [
        {
          "tool": "read_telemetry",
          "result": {
            "pose": {
              "x": 150.0,
              "y": 120.0,
              "z": 80.0,
              "yaw": 180.0
            },
            "speed_mps": 0.0,
            "battery_pct": 85.0,
            "inspection_data_mb": 120,
            "anomalies_detected": [
              "hotspot_23A"
            ]
          }
        }
      ],
      "net": {
        "slice": "URLLC",
        "lat_ms": 3.5,
        "jitter_ms": 0.7,
        "loss_pct": 0.01,
        "throughput_mbps": 52,
        "edge_load": 0.3
      }
    },
    {
      "turn": 10,
      "speaker": "user",
      "intent": "order return to base",
      "actions": [
        {
          "type": "mcp",
          "name": "set_waypoint",
          "args": {
            "x": 10.0,
            "y": 10.0,
            "z": 10.0
          }
        }
      ],
      "obs": [
        {
          "tool": "set_waypoint",
          "result": {
            "status": "en route",
            "target": [
              10.0,
              10.0,
              10.0
            ]
          }
        }
      ],
      "net": {
        "slice": "URLLC",
        "lat_ms": 4.0,
        "jitter_ms": 1.1,
        "loss_pct": 0.02,
        "throughput_mbps": 47,
        "edge_load": 0.4
      }
    }
  ],
  "final_state": {
    "domain": "uav",
    "time_s": 320.0,
    "env": {
      "weather": "icing",
      "wind_mps": 6.5,
      "wind_dir_deg": 240.0
    },
    "airspace": {
      "alt_bounds": [
        5.0,
        120.0
      ],
      "geofence": [
        {
          "type": "polygon",
          "points": [
            [
              0,
              0
            ],
            [
              200,
              0
            ],
            [
              200,
              150
            ],
            [
              0,
              150
            ]
          ]
        }
      ]
    },
    "uav": {
      "pose": {
        "x": 10.0,
        "y": 10.0,
        "z": 10.0,
        "yaw": 90.0
      },
      "speed_mps": 0.0,
      "energy": {
        "battery_pct": 78.0
      },
      "sensors": {
        "rgb": "ok",
        "thermal": "ok",
        "lidar": "ok",
        "radar": "ok",
        "gnss": "ok",
        "imu": "ok",
        "magnetometer": "ok",
        "barometer": "ok"
      },
      "payloads": [
        {
          "type": "inspection_data",
          "size_mb": 120,
          "findings": [
            "hotspot_23A"
          ]
        }
      ]
    },
    "policy": {
      "alt_bounds": [
        5.0,
        120.0
      ]
    },
    "safety_flags": {
      "nfz_violation": false,
      "separation_breach": false
    }
  },
  "success": true,
  "_meta": {
    "seed": 42,
    "ts": 1763734352,
    "ts_iso": "2025-11-21T14:12:32Z",
    "gen_time_s": 62.59382390975952,
    "attempts_used": 1,
    "generation_failed": false,
    "usage": {
      "prompt_tokens": 1046,
      "completion_tokens": 3189,
      "total_tokens": 4235,
      "cost": 0.00271444,
      "is_byok": false,
      "prompt_tokens_details": {
        "cached_tokens": 608,
        "audio_tokens": 0,
        "video_tokens": 0
      },
      "cost_details": {
        "upstream_inference_cost": null,
        "upstream_inference_prompt_cost": 0.00016324,
        "upstream_inference_completions_cost": 0.0025512
      },
      "completion_tokens_details": {
        "reasoning_tokens": 0,
        "image_tokens": 0
      }
    }
  }
}