{
  "initial_state": {
    "domain": "uav",
    "time_s": 0.0,
    "env": {
      "weather": "snow",
      "wind_mps": 3.0,
      "wind_dir_deg": 180.0
    },
    "airspace": {
      "alt_bounds": [
        1.0,
        5.0
      ],
      "geofence": [
        {
          "type": "polygon",
          "points": [
            [
              0,
              0
            ],
            [
              20,
              0
            ],
            [
              20,
              15
            ],
            [
              0,
              15
            ]
          ]
        }
      ]
    },
    "uav": {
      "pose": {
        "x": 2.0,
        "y": 2.0,
        "z": 2.5,
        "yaw": 90.0
      },
      "speed_mps": 12.0,
      "energy": {
        "battery_pct": 100.0
      },
      "sensors": {
        "rgb": "ok",
        "thermal": "unknown",
        "lidar": "ok",
        "radar": "unknown",
        "gnss": "ok",
        "imu": "ok",
        "magnetometer": "ok",
        "barometer": "ok"
      },
      "payloads": []
    },
    "policy": {
      "alt_bounds": [
        1.0,
        5.0
      ]
    },
    "safety_flags": {
      "nfz_violation": false,
      "separation_breach": false
    }
  },
  "dialogue": [
    {
      "turn": 1,
      "speaker": "agent",
      "intent": "initiate patrol mission under snow conditions",
      "actions": [
        {
          "type": "mcp",
          "name": "read_telemetry",
          "args": {}
        },
        {
          "type": "a2a",
          "task": "swarm_heartbeat",
          "to": "uav_swarm_agent",
          "payload": {
            "uav_id": "uav_01",
            "status": "active",
            "pose": {
              "x": 2.0,
              "y": 2.0,
              "z": 2.5
            }
          }
        }
      ],
      "obs": [
        {
          "tool": "read_telemetry",
          "result": {
            "pose": {
              "x": 2.0,
              "y": 2.0,
              "z": 2.5
            },
            "battery_pct": 100.0,
            "speed_mps": 12.0
          }
        },
        {
          "task": "swarm_heartbeat",
          "from": "uav_swarm_agent",
          "status": "ok",
          "payload": {
            "active_drones": 3,
            "leader": "uav_01"
          }
        }
      ],
      "net": {
        "slice": "URLLC",
        "lat_ms": 3,
        "jitter_ms": 0.8,
        "loss_pct": 0.01,
        "throughput_mbps": 50,
        "edge_load": 0.3
      }
    },
    {
      "turn": 2,
      "speaker": "user",
      "intent": "confirm mission start and request thermal sensor activation",
      "actions": [
        {
          "type": "mcp",
          "name": "activate_sensor",
          "args": {
            "sensor": "thermal"
          }
        }
      ],
      "obs": [
        {
          "tool": "activate_sensor",
          "result": {
            "sensor": "thermal",
            "status": "activated"
          }
        }
      ],
      "net": {
        "slice": "eMBB",
        "lat_ms": 12,
        "jitter_ms": 2.1,
        "loss_pct": 0.05,
        "throughput_mbps": 120,
        "edge_load": 0.6
      }
    },
    {
      "turn": 3,
      "speaker": "agent",
      "intent": "adjust patrol path for snow visibility and thermal scan",
      "actions": [
        {
          "type": "mcp",
          "name": "plan_path",
          "args": {
            "waypoints": [
              {
                "x": 5.0,
                "y": 5.0,
                "z": 3.0
              },
              {
                "x": 10.0,
                "y": 10.0,
                "z": 3.0
              }
            ],
            "speed": 8.0
          }
        }
      ],
      "obs": [
        {
          "tool": "plan_path",
          "result": {
            "path_valid": true,
            "estimated_duration_s": 18.5,
            "battery_impact_pct": 3.2
          }
        }
      ],
      "net": {
        "slice": "URLLC",
        "lat_ms": 4,
        "jitter_ms": 1.0,
        "loss_pct": 0.02,
        "throughput_mbps": 45,
        "edge_load": 0.4
      }
    },
    {
      "turn": 4,
      "speaker": "user",
      "intent": "request real-time video feed for visual confirmation",
      "actions": [
        {
          "type": "mcp",
          "name": "start_stream",
          "args": {
            "camera": "rgb",
            "resolution": "1080p",
            "bitrate_kbps": 4000
          }
        }
      ],
      "obs": [
        {
          "tool": "start_stream",
          "result": {
            "stream_id": "vid_01",
            "status": "active",
            "bitrate_kbps": 4000
          }
        }
      ],
      "net": {
        "slice": "eMBB",
        "lat_ms": 25,
        "jitter_ms": 5.0,
        "loss_pct": 0.1,
        "throughput_mbps": 150,
        "edge_load": 0.8
      }
    },
    {
      "turn": 5,
      "speaker": "agent",
      "intent": "detect network congestion and adapt stream quality",
      "actions": [
        {
          "type": "mcp",
          "name": "adjust_stream",
          "args": {
            "stream_id": "vid_01",
            "resolution": "720p",
            "bitrate_kbps": 2000
          }
        },
        {
          "type": "a2a",
          "task": "collision_avoidance",
          "to": "uav_swarm_agent",
          "payload": {
            "current_pose": {
              "x": 5.0,
              "y": 5.0,
              "z": 3.0
            },
            "velocity": 8.0
          }
        }
      ],
      "obs": [
        {
          "tool": "adjust_stream",
          "result": {
            "stream_id": "vid_01",
            "resolution": "720p",
            "bitrate_kbps": 2000,
            "status": "adjusted"
          }
        },
        {
          "task": "collision_avoidance",
          "from": "uav_swarm_agent",
          "status": "ok",
          "payload": {
            "recommended_action": "hold_position",
            "conflict_clearance": true
          }
        }
      ],
      "net": {
        "slice": "URLLC",
        "lat_ms": 6,
        "jitter_ms": 1.5,
        "loss_pct": 0.03,
        "throughput_mbps": 40,
        "edge_load": 0.5
      }
    },
    {
      "turn": 6,
      "speaker": "user",
      "intent": "instruct UAV to proceed to next waypoint despite snow",
      "actions": [
        {
          "type": "mcp",
          "name": "execute_path",
          "args": {}
        }
      ],
      "obs": [
        {
          "tool": "execute_path",
          "result": {
            "status": "in_progress",
            "next_waypoint": {
              "x": 10.0,
              "y": 10.0,
              "z": 3.0
            }
          }
        }
      ],
      "net": {
        "slice": "mMTC",
        "lat_ms": 50,
        "jitter_ms": 10.0,
        "loss_pct": 0.5,
        "throughput_mbps": 1,
        "edge_load": 0.9
      }
    },
    {
      "turn": 7,
      "speaker": "agent",
      "intent": "switch to low-bandwidth telemetry due to poor link",
      "actions": [
        {
          "type": "mcp",
          "name": "read_telemetry",
          "args": {
            "mode": "low_bandwidth"
          }
        },
        {
          "type": "a2a",
          "task": "swarm_relay",
          "to": "uav_swarm_agent",
          "payload": {
            "uav_id": "uav_01",
            "telemetry_summary": {
              "z": 3.0,
              "battery_pct": 96.8,
              "status": "nominal"
            }
          }
        }
      ],
      "obs": [
        {
          "tool": "read_telemetry",
          "result": {
            "z": 3.0,
            "battery_pct": 96.8,
            "status": "nominal"
          }
        },
        {
          "task": "swarm_relay",
          "from": "uav_swarm_agent",
          "status": "received",
          "payload": {
            "ack_id": "relay_001"
          }
        }
      ],
      "net": {
        "slice": "mMTC",
        "lat_ms": 48,
        "jitter_ms": 12.0,
        "loss_pct": 0.6,
        "throughput_mbps": 0.8,
        "edge_load": 0.92
      }
    },
    {
      "turn": 8,
      "speaker": "user",
      "intent": "request termination of video stream to conserve bandwidth",
      "actions": [
        {
          "type": "mcp",
          "name": "stop_stream",
          "args": {
            "stream_id": "vid_01"
          }
        }
      ],
      "obs": [
        {
          "tool": "stop_stream",
          "result": {
            "stream_id": "vid_01",
            "status": "stopped"
          }
        }
      ],
      "net": {
        "slice": "URLLC",
        "lat_ms": 5,
        "jitter_ms": 1.1,
        "loss_pct": 0.01,
        "throughput_mbps": 55,
        "edge_load": 0.35
      }
    },
    {
      "turn": 9,
      "speaker": "agent",
      "intent": "resume high-fidelity sensing after network recovery",
      "actions": [
        {
          "type": "mcp",
          "name": "activate_sensor",
          "args": {
            "sensor": "lidar",
            "mode": "high_res"
          }
        },
        {
          "type": "mcp",
          "name": "capture_image",
          "args": {
            "camera": "thermal",
            "target": {
              "x": 10.0,
              "y": 10.0
            }
          }
        }
      ],
      "obs": [
        {
          "tool": "activate_sensor",
          "result": {
            "sensor": "lidar",
            "mode": "high_res",
            "status": "active"
          }
        },
        {
          "tool": "capture_image",
          "result": {
            "image_id": "th_001",
            "target": {
              "x": 10.0,
              "y": 10.0
            },
            "temperature_range_c": [
              -5,
              2
            ]
          }
        }
      ],
      "net": {
        "slice": "eMBB",
        "lat_ms": 14,
        "jitter_ms": 2.3,
        "loss_pct": 0.04,
        "throughput_mbps": 110,
        "edge_load": 0.55
      }
    },
    {
      "turn": 10,
      "speaker": "user",
      "intent": "command return to home and end mission",
      "actions": [
        {
          "type": "mcp",
          "name": "return_to_home",
          "args": {}
        }
      ],
      "obs": [
        {
          "tool": "return_to_home",
          "result": {
            "status": "initiated",
            "home_pose": {
              "x": 2.0,
              "y": 2.0,
              "z": 2.5
            }
          }
        }
      ],
      "net": {
        "slice": "URLLC",
        "lat_ms": 3,
        "jitter_ms": 0.7,
        "loss_pct": 0.01,
        "throughput_mbps": 60,
        "edge_load": 0.3
      }
    },
    {
      "turn": 11,
      "speaker": "agent",
      "intent": "confirm safe landing and mission completion",
      "actions": [
        {
          "type": "mcp",
          "name": "read_telemetry",
          "args": {}
        },
        {
          "type": "a2a",
          "task": "swarm_disband",
          "to": "uav_swarm_agent",
          "payload": {
            "uav_id": "uav_01",
            "mission_status": "completed"
          }
        }
      ],
      "obs": [
        {
          "tool": "read_telemetry",
          "result": {
            "pose": {
              "x": 2.0,
              "y": 2.0,
              "z": 1.2
            },
            "battery_pct": 92.1,
            "status": "landing"
          }
        },
        {
          "task": "swarm_disband",
          "from": "uav_swarm_agent",
          "status": "acknowledged",
          "payload": {
            "swarm_status": "disbanded"
          }
        }
      ],
      "net": {
        "slice": "URLLC",
        "lat_ms": 2,
        "jitter_ms": 0.5,
        "loss_pct": 0.0,
        "throughput_mbps": 65,
        "edge_load": 0.2
      }
    }
  ],
  "final_state": {
    "domain": "uav",
    "time_s": 120.0,
    "env": {
      "weather": "snow",
      "wind_mps": 3.0,
      "wind_dir_deg": 180.0
    },
    "airspace": {
      "alt_bounds": [
        1.0,
        5.0
      ],
      "geofence": [
        {
          "type": "polygon",
          "points": [
            [
              0,
              0
            ],
            [
              20,
              0
            ],
            [
              20,
              15
            ],
            [
              0,
              15
            ]
          ]
        }
      ]
    },
    "uav": {
      "pose": {
        "x": 2.0,
        "y": 2.0,
        "z": 1.2,
        "yaw": 90.0
      },
      "speed_mps": 0.5,
      "energy": {
        "battery_pct": 92.1
      },
      "sensors": {
        "rgb": "ok",
        "thermal": "active",
        "lidar": "active",
        "radar": "unknown",
        "gnss": "ok",
        "imu": "ok",
        "magnetometer": "ok",
        "barometer": "ok"
      },
      "payloads": []
    },
    "policy": {
      "alt_bounds": [
        1.0,
        5.0
      ]
    },
    "safety_flags": {
      "nfz_violation": false,
      "separation_breach": false
    }
  },
  "success": true,
  "_meta": {
    "seed": 42,
    "ts": 1763965968,
    "ts_iso": "2025-11-24T06:32:48Z",
    "gen_time_s": 60.90812158584595,
    "attempts_used": 1,
    "generation_failed": false,
    "usage": {
      "prompt_tokens": 1027,
      "completion_tokens": 3839,
      "total_tokens": 4866,
      "cost": 0.00323026,
      "is_byok": false,
      "prompt_tokens_details": {
        "cached_tokens": 608,
        "audio_tokens": 0,
        "video_tokens": 0
      },
      "cost_details": {
        "upstream_inference_cost": null,
        "upstream_inference_prompt_cost": 0.00015906,
        "upstream_inference_completions_cost": 0.0030712
      },
      "completion_tokens_details": {
        "reasoning_tokens": 0,
        "image_tokens": 0
      }
    }
  }
}