{
  "initial_state": {
    "domain": "uav",
    "time_s": 0.0,
    "env": {
      "weather": "hail",
      "wind_mps": 3.0,
      "wind_dir_deg": 180.0
    },
    "airspace": {
      "alt_bounds": [
        0.0,
        50.0
      ],
      "geofence": [
        {
          "type": "polygon",
          "points": [
            [
              0,
              0
            ],
            [
              100,
              0
            ],
            [
              100,
              80
            ],
            [
              0,
              80
            ]
          ]
        }
      ]
    },
    "uav": {
      "pose": {
        "x": 10.0,
        "y": 10.0,
        "z": 25.0,
        "yaw": 90.0
      },
      "speed_mps": 15.0,
      "energy": {
        "battery_pct": 100.0
      },
      "sensors": {
        "rgb": "ok",
        "thermal": "offline",
        "lidar": "ok",
        "radar": "offline",
        "gnss": "ok",
        "imu": "ok",
        "magnetometer": "ok",
        "barometer": "ok"
      },
      "payloads": []
    },
    "policy": {
      "alt_bounds": [
        0.0,
        50.0
      ]
    },
    "safety_flags": {
      "nfz_violation": false,
      "separation_breach": false
    }
  },
  "dialogue": [
    {
      "turn": 1,
      "speaker": "agent",
      "intent": "assess_environment_and_initiate_survey",
      "actions": [
        {
          "type": "mcp",
          "name": "read_telemetry",
          "args": {}
        },
        {
          "type": "mcp",
          "name": "activate_sensor",
          "args": {
            "sensor": "thermal"
          }
        }
      ],
      "obs": [
        {
          "tool": "read_telemetry",
          "result": {
            "pose": {
              "x": 10.0,
              "y": 10.0,
              "z": 25.0
            },
            "battery_pct": 100.0,
            "speed_mps": 15.0
          }
        },
        {
          "tool": "activate_sensor",
          "result": {
            "sensor": "thermal",
            "status": "failed",
            "reason": "sensor damaged by hail"
          }
        }
      ],
      "net": {
        "slice": "eMBB",
        "lat_ms": 12,
        "jitter_ms": 2,
        "loss_pct": 0.1,
        "throughput_mbps": 850,
        "edge_load": 0.45
      }
    },
    {
      "turn": 2,
      "speaker": "user",
      "intent": "request_status_and_adjust_plan",
      "actions": [
        {
          "type": "mcp",
          "name": "get_weather_report",
          "args": {}
        }
      ],
      "obs": [
        {
          "tool": "get_weather_report",
          "result": {
            "condition": "hail",
            "severity": "moderate",
            "expected_duration_min": 15
          }
        }
      ],
      "net": {
        "slice": "URLLC",
        "lat_ms": 8,
        "jitter_ms": 1,
        "loss_pct": 0.05,
        "throughput_mbps": 100,
        "edge_load": 0.3
      }
    },
    {
      "turn": 3,
      "speaker": "agent",
      "intent": "initiate_swarm_coordination_for_coverage",
      "actions": [
        {
          "type": "a2a",
          "task": "request_coverage_pattern",
          "to": "uav_swarm_agent",
          "payload": {
            "area": [
              [
                20,
                20
              ],
              [
                80,
                60
              ]
            ],
            "sensor": "lidar"
          }
        }
      ],
      "obs": [
        {
          "task": "request_coverage_pattern",
          "from": "uav_swarm_agent",
          "status": "ok",
          "payload": {
            "pattern": "lawnmower",
            "waypoints": [
              {
                "x": 20,
                "y": 20,
                "z": 30
              },
              {
                "x": 80,
                "y": 20,
                "z": 30
              },
              {
                "x": 80,
                "y": 60,
                "z": 30
              },
              {
                "x": 20,
                "y": 60,
                "z": 30
              }
            ]
          }
        }
      ],
      "net": {
        "slice": "URLLC",
        "lat_ms": 10,
        "jitter_ms": 1.5,
        "loss_pct": 0.1,
        "throughput_mbps": 120,
        "edge_load": 0.5
      }
    },
    {
      "turn": 4,
      "speaker": "user",
      "intent": "approve_mission_and_monitor_battery",
      "actions": [
        {
          "type": "mcp",
          "name": "monitor_battery",
          "args": {
            "interval_s": 10
          }
        }
      ],
      "obs": [
        {
          "tool": "monitor_battery",
          "result": {
            "initial": 100.0,
            "trend": "stable",
            "est_consumption_rate_pct_per_min": 1.2
          }
        }
      ],
      "net": {
        "slice": "mMTC",
        "lat_ms": 50,
        "jitter_ms": 10,
        "loss_pct": 0.5,
        "throughput_mbps": 1,
        "edge_load": 0.2
      }
    },
    {
      "turn": 5,
      "speaker": "agent",
      "intent": "execute_survey_mission_with_adaptation",
      "actions": [
        {
          "type": "mcp",
          "name": "navigate_to_waypoint",
          "args": {
            "waypoint": {
              "x": 20,
              "y": 20,
              "z": 30
            }
          }
        },
        {
          "type": "mcp",
          "name": "capture_lidar_scan",
          "args": {}
        }
      ],
      "obs": [
        {
          "tool": "navigate_to_waypoint",
          "result": {
            "status": "reached",
            "time_s": 12.5,
            "battery_pct": 98.8
          }
        },
        {
          "tool": "capture_lidar_scan",
          "result": {
            "status": "success",
            "points": 125000,
            "resolution_cm": 10
          }
        }
      ],
      "net": {
        "slice": "eMBB",
        "lat_ms": 15,
        "jitter_ms": 3,
        "loss_pct": 0.2,
        "throughput_mbps": 700,
        "edge_load": 0.6
      }
    },
    {
      "turn": 6,
      "speaker": "user",
      "intent": "detect_anomaly_and_request_inspection",
      "actions": [
        {
          "type": "mcp",
          "name": "analyze_lidar_data",
          "args": {
            "filter": "obstacle_detection"
          }
        }
      ],
      "obs": [
        {
          "tool": "analyze_lidar_data",
          "result": {
            "anomalies": [
              {
                "type": "unmapped_structure",
                "location": {
                  "x": 45.2,
                  "y": 33.7,
                  "z": 38.1
                },
                "confidence": 0.96
              }
            ]
          }
        }
      ],
      "net": {
        "slice": "eMBB",
        "lat_ms": 18,
        "jitter_ms": 4,
        "loss_pct": 0.3,
        "throughput_mbps": 600,
        "edge_load": 0.7
      }
    },
    {
      "turn": 7,
      "speaker": "agent",
      "intent": "inspect_anomaly_with_caution",
      "actions": [
        {
          "type": "mcp",
          "name": "navigate_to_waypoint",
          "args": {
            "waypoint": {
              "x": 45.0,
              "y": 34.0,
              "z": 35.0
            }
          }
        },
        {
          "type": "mcp",
          "name": "capture_rgb_image",
          "args": {}
        }
      ],
      "obs": [
        {
          "tool": "navigate_to_waypoint",
          "result": {
            "status": "reached",
            "time_s": 25.3,
            "battery_pct": 97.5
          }
        },
        {
          "tool": "capture_rgb_image",
          "result": {
            "status": "success",
            "image_id": "IMG_20250405_120525",
            "analysis": "metallic debris field, likely from prior crash"
          }
        }
      ],
      "net": {
        "slice": "URLLC",
        "lat_ms": 9,
        "jitter_ms": 1.2,
        "loss_pct": 0.08,
        "throughput_mbps": 150,
        "edge_load": 0.55
      }
    },
    {
      "turn": 8,
      "speaker": "user",
      "intent": "initiate_contingency_protocol_due_to_weather",
      "actions": [
        {
          "type": "mcp",
          "name": "check_weather_trend",
          "args": {}
        }
      ],
      "obs": [
        {
          "tool": "check_weather_trend",
          "result": {
            "trend": "worsening",
            "hail_intensity": "high",
            "visibility_m": 400
          }
        }
      ],
      "net": {
        "slice": "URLLC",
        "lat_ms": 7,
        "jitter_ms": 0.8,
        "loss_pct": 0.05,
        "throughput_mbps": 200,
        "edge_load": 0.25
      }
    },
    {
      "turn": 9,
      "speaker": "agent",
      "intent": "prepare_forced_landing_due_to_weather",
      "actions": [
        {
          "type": "mcp",
          "name": "find_safe_landing_zone",
          "args": {
            "min_area_m2": 10,
            "max_slope_deg": 5
          }
        }
      ],
      "obs": [
        {
          "tool": "find_safe_landing_zone",
          "result": {
            "location": {
              "x": 15.0,
              "y": 75.0,
              "z": 24.8
            },
            "reason": "flat terrain, inside geofence, clear of obstacles"
          }
        }
      ],
      "net": {
        "slice": "mMTC",
        "lat_ms": 60,
        "jitter_ms": 15,
        "loss_pct": 1.2,
        "throughput_mbps": 0.5,
        "edge_load": 0.85
      }
    },
    {
      "turn": 10,
      "speaker": "user",
      "intent": "authorize_emergency_landing",
      "actions": [
        {
          "type": "mcp",
          "name": "confirm_landing_zone",
          "args": {
            "location": {
              "x": 15.0,
              "y": 75.0,
              "z": 24.8
            }
          }
        }
      ],
      "obs": [
        {
          "tool": "confirm_landing_zone",
          "result": {
            "status": "approved",
            "by": "user_operator_7"
          }
        }
      ],
      "net": {
        "slice": "URLLC",
        "lat_ms": 6,
        "jitter_ms": 0.5,
        "loss_pct": 0.02,
        "throughput_mbps": 250,
        "edge_load": 0.1
      }
    },
    {
      "turn": 11,
      "speaker": "agent",
      "intent": "execute_forced_landing",
      "actions": [
        {
          "type": "mcp",
          "name": "navigate_to_waypoint",
          "args": {
            "waypoint": {
              "x": 15.0,
              "y": 75.0,
              "z": 24.8
            }
          }
        },
        {
          "type": "mcp",
          "name": "land",
          "args": {}
        }
      ],
      "obs": [
        {
          "tool": "navigate_to_waypoint",
          "result": {
            "status": "reached",
            "time_s": 38.7,
            "battery_pct": 95.0
          }
        },
        {
          "tool": "land",
          "result": {
            "status": "completed",
            "final_battery_pct": 94.2,
            "settlement_mm": 120
          }
        }
      ],
      "net": {
        "slice": "URLLC",
        "lat_ms": 5,
        "jitter_ms": 0.3,
        "loss_pct": 0.01,
        "throughput_mbps": 300,
        "edge_load": 0.05
      }
    }
  ],
  "final_state": {
    "domain": "uav",
    "time_s": 38.7,
    "env": {
      "weather": "hail",
      "wind_mps": 4.5,
      "wind_dir_deg": 185.0
    },
    "airspace": {
      "alt_bounds": [
        0.0,
        50.0
      ],
      "geofence": [
        {
          "type": "polygon",
          "points": [
            [
              0,
              0
            ],
            [
              100,
              0
            ],
            [
              100,
              80
            ],
            [
              0,
              80
            ]
          ]
        }
      ]
    },
    "uav": {
      "pose": {
        "x": 15.0,
        "y": 75.0,
        "z": 0.0,
        "yaw": 90.0
      },
      "speed_mps": 0.0,
      "energy": {
        "battery_pct": 94.2
      },
      "sensors": {
        "rgb": "ok",
        "thermal": "offline",
        "lidar": "ok",
        "radar": "offline",
        "gnss": "ok",
        "imu": "ok",
        "magnetometer": "ok",
        "barometer": "ok"
      },
      "payloads": []
    },
    "policy": {
      "alt_bounds": [
        0.0,
        50.0
      ]
    },
    "safety_flags": {
      "nfz_violation": false,
      "separation_breach": false
    }
  },
  "success": true,
  "_meta": {
    "seed": 42,
    "ts": 1763760842,
    "ts_iso": "2025-11-21T21:34:02Z",
    "gen_time_s": 61.85251021385193,
    "attempts_used": 1,
    "generation_failed": false,
    "usage": {
      "prompt_tokens": 1036,
      "completion_tokens": 3723,
      "total_tokens": 4759,
      "cost": 0.00313944,
      "is_byok": false,
      "prompt_tokens_details": {
        "cached_tokens": 608,
        "audio_tokens": 0,
        "video_tokens": 0
      },
      "cost_details": {
        "upstream_inference_cost": null,
        "upstream_inference_prompt_cost": 0.00016104,
        "upstream_inference_completions_cost": 0.0029784
      },
      "completion_tokens_details": {
        "reasoning_tokens": 0,
        "image_tokens": 0
      }
    }
  }
}