{
  "episode_id": "6gb_prompt_53a6a0346441397f",
  "questions": [
    {
      "task_id": "T1",
      "task_name": "Intent Feasibility Assessment",
      "source_turn": 9,
      "question": "The UAV is preparing to return to base under deteriorating network conditions with mMTC slice latency at 200ms and edge load at 0.92, while battery remains at 100% and altitude is 15m within bounds. The mission requires thermal imaging data which was delegated to a swarm agent that completed its task at turn 8. If the return path computation fails due to latency exceeding 150ms, the UAV must abort and hover at current position until conditions improve. The swarm agent’s thermal data is valid for 3 turns post-completion. Wind speed remains at 12m/s with dust reducing sensor reliability. Given that URLLC slice latency is 8ms with edge load 0.31 and throughput 125Mbps at turn 10, which option should be selected to ensure mission completion without violating SLA or risking data loss?",
      "options": {
        "A": "Proceed with RTL using mMTC slice despite 200ms latency, assuming computation will complete before timeout.",
        "B": "Switch to URLLC slice for RTL computation, accepting 125Mbps throughput as sufficient for path planning.",
        "C": "Abort RTL and hover at 15m altitude for 2 turns, expecting mMTC edge load to drop below 0.85.",
        "D": "Request swarm agent to retransmit thermal data via URLLC, then proceed with RTL using mMTC slice."
      },
      "correct": "B",
      "reason": "The mMTC slice latency of 200ms exceeds the 150ms SLA threshold for path computation, risking mission failure. Switching to URLLC slice provides 8ms latency and 0. 31 edge load, ensuring computation completes within SLA. Hovering would waste time and risk thermal data expiration after 3 turns. Retransmitting thermal data is redundant since it was already confirmed complete at turn 8 and does not address the RTL computation latency issue.",
      "rationale_tag": "SLA_COMPLIANCE_UNDER_WORST_CASE",
      "difficulty": "very_hard"
    },
    {
      "task_id": "T2",
      "task_name": "Intent Conflict Resolution",
      "source_turn": 9,
      "question": "The UAV is preparing to return to base under deteriorating network conditions: current slice is mMTC with 200ms latency, 25ms jitter, 5% loss, and 0.92 edge load. The mission intent requires reliable telemetry for safe landing, but policy allows only URLLC or eMBB for critical control. URLLC offers 8ms latency, 0.9ms jitter, 0.05% loss, and 0.31 edge load, but its throughput is capped at 125Mbps, insufficient for real-time video streaming if thermal data must be relayed. eMBB provides 830Mbps throughput but has 13ms latency, 2.1ms jitter, 0.12% loss, and 0.5 edge load, which may violate SLA if jitter exceeds 2ms over next two turns. The UAV battery is at 68% and descending at 5m/s; if network fails during RTL, it will glide for 120 seconds before impact. Given uncertainty in edge load growth (±0.05 per turn) and potential wind gusts increasing descent rate by 1.5m/s, which option should be selected to minimize maximum regret over the next three turns?",
      "options": {
        "A": "Switch to URLLC immediately to guarantee control latency under 10ms, accepting loss of video telemetry and risking mission data loss if thermal relay is needed.",
        "B": "Stay on mMTC to preserve battery and avoid switching overhead, relying on redundancy; accept 5% packet loss and 200ms latency as acceptable for RTL if no sensor data is required.",
        "C": "Switch to eMBB to maintain high throughput for potential thermal data relay, accepting 13ms latency and 2.1ms jitter, which may exceed SLA if jitter grows to 2.5ms in turn 10.",
        "D": "Delay decision until turn 10, monitoring edge load; if it exceeds 0.95, switch to URLLC; otherwise stay on mMTC, accepting 5% loss and 200ms latency as temporary."
      },
      "correct": "A",
      "reason": "URLLC guarantees latency and jitter within SLA even under worst-case edge load growth, ensuring control reliability during descent. eMBB’s jitter may exceed 2ms in turn 10, risking command loss during critical landing phase. mMTC’s 5% loss and 200ms latency are unacceptable for real-time control, especially with descent rate uncertainty. Delaying decision risks being unable to switch before edge load hits 0. 95, leaving no safe option.",
      "rationale_tag": "WORST_CASE_CONTROL_SAFETY",
      "difficulty": "very_hard"
    },
    {
      "task_id": "T3",
      "task_name": "Intent Drift Detection",
      "source_turn": 9,
      "question": "At turn 9, the agent initiates return-to-base computation under mMTC slice with 200ms latency, 5% loss, and 0.92 edge load, while battery remains at 100% and altitude is 15m. The prior turn used URLLC with 7ms latency and 0.28 edge load for swarm verification. If dust persists, wind remains 12m/s, and edge load increases by 0.05 per turn, the next turn’s mMTC latency may reach 250ms with 7% loss. URLLC capacity is capped at 150Mbps and currently at 125Mbps, but switching slices incurs 300ms handover delay. Which option should be selected to minimize maximum regret over the next two turns under worst-case degradation?",
      "options": {
        "A": "Proceed with mMTC return path computation; accept 250ms latency next turn and 7% loss, as battery is full and altitude is safe.",
        "B": "Switch to URLLC immediately despite 300ms handover delay; accept 150Mbps throughput cap and risk 0.35 edge load next turn if wind persists.",
        "C": "Delay return path computation for one turn to monitor edge load; risk exceeding 150m altitude if wind pushes UAV upward during delay.",
        "D": "Revert to eMBB slice with 830Mbps throughput and 0.5 edge load; accept 13ms latency and 0.12% loss, but risk thermal sensor failure recurrence."
      },
      "correct": "B",
      "reason": "Switching to URLLC despite handover delay minimizes maximum regret because worst-case mMTC latency of 250ms exceeds mission-critical thresholds and may cause path computation failure. URLLC’s 150Mbps cap is sufficient for RTL commands, and edge load of 0. 35 remains below 0. 5 safety margin. Delaying computation risks altitude violation under persistent wind, and eMBB reintroduces sensor failure risk.",
      "rationale_tag": "WORST_CASE_REGRET_MINIMIZATION",
      "difficulty": "very_hard"
    },
    {
      "task_id": "T4",
      "task_name": "Slice Selection Reasoning",
      "source_turn": 9,
      "question": "The UAV is preparing to return to base under deteriorating network conditions: current slice is mMTC with 200ms latency, 25ms jitter, 5% loss, 0.8Mbps throughput, and 92% edge load. Policy requires latency <150ms and loss <3% for safe RTL. Weather-induced dust may persist for 2 more turns, increasing edge load by 0.05 per turn. URLLC offers 8ms latency, 0.9ms jitter, 0.05% loss, 125Mbps throughput, and 31% edge load but is capacity-constrained with only 3 slots left. eMBB offers 13ms latency, 2.1ms jitter, 0.12% loss, 830Mbps throughput, and 50% edge load but may degrade further under dust. Hybrid slice is unavailable. If the UAV waits one turn, mMTC edge load will reach 97%, risking SLA violation. Which option should be selected?",
      "options": {
        "A": "Switch to URLLC immediately: meets all SLAs and has sufficient capacity for 2 turns.",
        "B": "Switch to eMBB immediately: higher throughput may compensate for future jitter increase.",
        "C": "Wait one turn on mMTC: edge load will hit 97% but may recover if dust clears.",
        "D": "Switch to URLLC after one turn: preserves mMTC for now and uses URLLC only if needed."
      },
      "correct": "A",
      "reason": "URLLC immediately satisfies latency and loss SLAs with margin and has capacity for two turns. Waiting risks SLA violation as mMTC edge load will hit 97% next turn. eMBB appears safe now but jitter and loss may degrade under dust, risking future violation. Delaying URLLC switch incurs regret if dust persists and mMTC fails.",
      "rationale_tag": "WORST_CASE_SLICE_SELECTION",
      "difficulty": "very_hard"
    },
    {
      "task_id": "T5",
      "task_name": "Slice Switching Decision",
      "source_turn": 9,
      "question": "At turn 9, the UAV is preparing to return to base under mMTC slice with latency 200ms, jitter 25ms, loss 5.0%, throughput 0.8Mbps, and edge load 0.92. The mission requires reliable telemetry transmission within 150ms latency and under 3% loss for the next 2 turns. URLLC slice offers 8ms latency, 0.9ms jitter, 0.05% loss, 125Mbps throughput, and 0.31 edge load but may degrade to 15ms latency and 0.5% loss under wind gusts above 10m/s, which are forecasted for turn 10. eMBB slice has 13ms latency, 2.1ms jitter, 0.12% loss, 830Mbps throughput, and 0.5 edge load but is already at 85% capacity and may exceed 95% by turn 11. mMTC will remain stable but violates SLA by 50ms latency and 2% loss margin. Given the wind forecast and edge load trends, which option should be selected to minimize maximum regret over turns 10–11?",
      "options": {
        "A": "Stay on mMTC: it is stable and avoids switching overhead; SLA violation is acceptable for return phase.",
        "B": "Switch to URLLC: best current metrics; even under worst-case wind, latency (15ms) and loss (0.5%) remain under SLA.",
        "C": "Switch to eMBB: high throughput supports telemetry burst; edge load may hit 95% but SLA latency (13ms) is safe.",
        "D": "Delay decision until turn 10: monitor actual wind impact before switching; risk temporary SLA violation if degradation occurs."
      },
      "correct": "B",
      "reason": "URLLC remains under SLA even under worst-case wind conditions with 15ms latency and 0. 5% loss. mMTC violates SLA by 50ms and 2% loss, which risks mission failure. eMBB’s edge load may exceed 95%, risking congestion and latency spikes beyond 150ms. Delaying decision risks two turns of SLA violation if wind degrades mMTC further.",
      "rationale_tag": "WORST_CASE_SLICE_SAFETY",
      "difficulty": "very_hard"
    },
    {
      "task_id": "T6",
      "task_name": "Slice Fairness vs Safety",
      "source_turn": 9,
      "question": "The UAV is preparing to return to base under deteriorating network conditions with mMTC slice latency spiking to 200ms and edge load at 0.92, exceeding the 0.90 safety threshold. Wind remains at 12.0 mps from 240 degrees, and the UAV’s battery is at 100% but thermal sensor remains offline. The next three turns will involve RTL computation, execution, and landing confirmation, each requiring reliable control. URLLC slice offers 8ms latency and 0.31 edge load but only 125 Mbps throughput, while eMBB offers 830 Mbps throughput but 13ms latency and 0.50 edge load. mMTC is currently overloaded and cannot support safety-critical commands. If wind-induced jitter increases by 20% next turn and edge load rises by 0.05 per turn under mMTC, which option should be selected to minimize maximum regret across the next three turns while ensuring landing safety?",
      "options": {
        "A": "Switch to URLLC immediately; accept 125 Mbps throughput to guarantee sub-10ms latency and edge load under 0.40 for all three turns.",
        "B": "Stay on mMTC; rely on current 200ms latency and 0.92 edge load, assuming wind stabilizes and edge load drops by 0.03 per turn.",
        "C": "Switch to eMBB; accept 13ms latency and 0.50 edge load to maintain high throughput for telemetry, assuming no further degradation.",
        "D": "Wait one turn to observe if mMTC recovers; if edge load exceeds 0.95, switch to URLLC, otherwise stay on mMTC."
      },
      "correct": "A",
      "reason": "URLLC guarantees latency under 10ms and edge load under 0. 40 for all three turns, which is critical for landing safety under wind uncertainty. mMTC’s edge load is already above 0. 90 and projected to exceed 0. 95 by turn 11, risking command loss.",
      "rationale_tag": "WORST_CASE_SAFETY_GUARANTEE",
      "difficulty": "very_hard"
    },
    {
      "task_id": "T7",
      "task_name": "Compute Placement Decision",
      "source_turn": 9,
      "question": "At turn 9, the UAV is preparing to return to base under deteriorating network conditions: mMTC slice latency is 200 ms with 5% packet loss and edge load at 0.92, while URLLC slice latency is 8 ms with 0.05% loss and edge load at 0.31. The mission SLA requires inference latency under 50 ms with ≤0.1% loss for landing safety. Onboard inference consumes 120 ms with 0% loss, while edge inference over URLLC incurs 8 ms latency but risks congestion if edge load exceeds 0.85. If dust persists, edge load may rise to 0.95 next turn, increasing URLLC latency to 15 ms. Projecting three turns ahead, onboard inference will drain 15% battery per turn, while edge inference preserves battery but risks SLA violation if edge load exceeds 0.9. Which option should be selected?",
      "options": {
        "A": "Use onboard inference: latency 120 ms exceeds SLA but guarantees 0% loss and avoids edge congestion risk.",
        "B": "Use edge inference over URLLC: current latency 8 ms meets SLA, edge load 0.31 is safe, and battery is preserved.",
        "C": "Use edge inference over URLLC but switch to onboard if edge load exceeds 0.85: balances latency and risk with adaptive fallback.",
        "D": "Delay inference until turn 10: network may recover to eMBB with 13 ms latency and 0.12% loss, reducing immediate risk."
      },
      "correct": "C",
      "reason": "Onboard inference violates SLA latency by 70 ms and drains battery faster. Edge inference over URLLC currently meets SLA but risks violation if edge load rises to 0. 95 next turn, pushing latency to 15 ms which still meets SLA but with higher jitter. Option C minimizes maximum regret by using edge inference now while preparing for worst-case edge load increase. Delaying to turn 10 risks SLA violation if network remains on mMTC with 200 ms latency.",
      "rationale_tag": "WORST_CASE_REGRET_MINIMIZATION",
      "difficulty": "very_hard"
    },
    {
      "task_id": "T8",
      "task_name": "Graceful Degradation under Edge Overload",
      "source_turn": 9,
      "question": "At turn 9, the UAV is preparing to return to base under mMTC slice with latency 200ms, jitter 25ms, loss 5.0%, throughput 0.8Mbps, and edge load 0.92. The SLA requires latency <150ms and edge load <0.90 for autonomous RTL. The UAV battery is at 78%, and wind speed remains 12.0 mps. If edge load increases by 0.03 per turn under current conditions, and latency degrades by 15ms per turn, while a switch to URLLC would reduce latency to 8ms but cap throughput at 125Mbps and increase edge load by 0.05 due to handover, which option should be selected to avoid SLA violation over the next two turns while minimizing regret?",
      "options": {
        "A": "Proceed with mMTC RTL; edge load will reach 0.95 in two turns, exceeding SLA by 0.05, but latency remains under 230ms.",
        "B": "Switch to URLLC immediately; latency drops to 8ms, but edge load becomes 0.97, violating SLA by 0.07, and throughput is insufficient for telemetry streaming.",
        "C": "Reduce autonomy level to manual override; latency tolerance increases to 300ms, edge load SLA relaxes to 0.95, but battery drains 5% faster per turn.",
        "D": "Delay RTL for one turn to wait for edge load to drop; projected edge load next turn is 0.95, latency 215ms, both exceeding SLA, and wind may worsen."
      },
      "correct": "C",
      "reason": "Option C avoids immediate SLA violation by relaxing latency and edge load thresholds through reduced autonomy. Although battery drains faster, the mission can complete within 2 turns without exceeding relaxed SLA bounds. Options A and B violate SLA within one or two turns under worst-case projections. Option D delays action and worsens metrics, increasing regret.",
      "rationale_tag": "WORST_CASE_REGRET_MINIMIZATION",
      "difficulty": "very_hard"
    },
    {
      "task_id": "T9",
      "task_name": "Trust-Aware Offloading",
      "source_turn": 9,
      "question": "At turn 9, the UAV is preparing to return to base with battery at 100%, but the network has switched to mMTC with 200ms latency, 25ms jitter, 5% loss, and 0.8Mbps throughput, while edge load is at 0.92. The policy requires latency under 150ms and loss under 3% for critical control. URLLC is available with 8ms latency, 0.9ms jitter, 0.05% loss, and 125Mbps throughput, but edge load is 0.31. If the UAV continues on mMTC, the next turn may see latency spike to 250ms and loss to 7% due to dust interference. If it switches to URLLC, it risks exceeding the edge load threshold of 0.95 in two turns if another UAV joins. Which option should be selected?",
      "options": {
        "A": "Stay on mMTC: current latency is 200ms, which is above policy, but throughput is sufficient for telemetry and no immediate failure is observed.",
        "B": "Switch to URLLC: latency and loss are within policy, and edge load is currently safe at 0.31, which is below the 0.95 threshold.",
        "C": "Delay decision until turn 10: wait for telemetry update to confirm if mMTC degrades further, accepting risk of 250ms latency if it does.",
        "D": "Request edge load reduction: ask the network to shed 0.1 load from other UAVs to allow URLLC use without exceeding 0.95 threshold in two turns."
      },
      "correct": "D",
      "reason": "Switching to URLLC now risks exceeding the edge load threshold in two turns if another UAV joins, which would violate policy. Staying on mMTC risks immediate policy violation due to latency and loss exceeding limits. Delaying decision accepts unacceptable risk of 250ms latency. Requesting edge load reduction preserves policy compliance while enabling URLLC use without future overload, minimizing maximum regret across plausible futures.",
      "rationale_tag": "POLICY_COMPLIANCE_UNDER_WORST_CASE",
      "difficulty": "very_hard"
    },
    {
      "task_id": "T10",
      "task_name": "SLA Violation Prediction",
      "source_turn": 9,
      "question": "At turn 9, the UAV is preparing to return to base under mMTC slice with latency 200ms, jitter 25ms, loss 5.0%, throughput 0.8Mbps, and edge load 0.92. The SLA requires latency <150ms, loss <3%, and edge load <0.85 for safe return. Wind remains at 12m/s from 240°, and battery is at 78%. If the UAV continues on mMTC, latency may increase by 10% per turn due to dust accumulation, and edge load may rise to 0.95 next turn. Switching to URLLC now would reduce latency to 8ms but limit throughput to 125Mbps, which may delay telemetry upload by 2 turns. Alternatively, delaying return for 1 turn to wait for weather improvement carries 30% risk of battery dropping below 50% before landing. Which option should be selected?",
      "options": {
        "A": "Continue on mMTC: current latency 200ms exceeds SLA by 50ms, but edge load 0.92 is near threshold; assume weather improves next turn.",
        "B": "Switch to URLLC immediately: latency drops to 8ms (well under SLA), but throughput 125Mbps may delay telemetry upload by 2 turns, risking mission data loss.",
        "C": "Delay return for 1 turn: battery at 78% has 30% risk of falling below 50% before landing; if weather improves, mMTC may recover to latency 180ms.",
        "D": "Switch to eMBB: latency 13ms, throughput 830Mbps, edge load 0.5 — but SLA requires latency <150ms and loss <3%; current loss 5.0% violates SLA."
      },
      "correct": "B",
      "reason": "Switching to URLLC immediately ensures latency and loss are within SLA bounds even under worst-case degradation. Delaying return risks battery failure with 30% probability, which would cause mission failure. Continuing on mMTC violates SLA by 50ms and 2% loss, with edge load already at 0. 92 and projected to rise. eMBB fails on loss metric despite good latency and throughput.",
      "rationale_tag": "WORST_CASE_SLA_COMPLIANCE",
      "difficulty": "very_hard"
    },
    {
      "task_id": "T11",
      "task_name": "Preemptive Autonomy Downgrade",
      "source_turn": 9,
      "question": "At turn 9, the UAV is preparing to return to base under mMTC slice with latency 200ms, jitter 25ms, loss 5.0%, throughput 0.8Mbps, and edge load 0.92. The policy allows altitude between 10m and 150m, and current altitude is 15m. Battery is at 100% but thermal and radar sensors remain offline. The next turn’s network slice is projected to revert to URLLC with 8ms latency, 0.9ms jitter, 0.05% loss, 125Mbps throughput, and 0.31 edge load, but only if the UAV remains airborne for one more turn. If the UAV descends immediately, it risks violating the 10m minimum altitude during descent due to wind gusts up to 12m/s. If it waits, edge load may rise to 0.95 under worst-case mMTC degradation, risking command loss. Which option should be selected?",
      "options": {
        "A": "Descend immediately to 10m using current mMTC slice, accepting 5% packet loss and 200ms latency, to minimize exposure to edge overload.",
        "B": "Wait one turn for URLLC slice recovery, accepting 0.92 edge load and 5% loss, then descend with 8ms latency and 0.05% loss.",
        "C": "Switch to eMBB slice now (latency 13ms, loss 0.12%, edge load 0.5) and descend immediately, accepting lower throughput but better reliability than mMTC.",
        "D": "Maintain current altitude and wait two turns for guaranteed URLLC, accepting edge load increase to 0.95 and 5% loss, risking command timeout."
      },
      "correct": "B",
      "reason": "Waiting one turn allows transition to URLLC with sub-10ms latency and near-zero loss, which is critical for safe descent control. Descending immediately under mMTC risks command loss due to 5% packet loss and 200ms latency, which could cause altitude violation. Switching to eMBB offers no safety margin over mMTC for descent control. Waiting two turns risks edge load exceeding 0. 95, which may cause command timeout before descent begins.",
      "rationale_tag": "WORST_CASE_REGRET_MINIMIZATION",
      "difficulty": "very_hard"
    },
    {
      "task_id": "T12",
      "task_name": "Conservative Continuation Decision",
      "source_turn": 7,
      "question": "The UAV is currently at 15m altitude with 100% battery, navigating through dust with 12m/s wind from 240°, and has thermal sensors offline. Network slice is URLLC with 10ms latency, 1.1ms jitter, 0.06% loss, 105Mbps throughput, and 0.38 edge load. The next waypoint is 800m away at 35m/s speed, requiring 23 seconds, and the mission SLA allows max 150m altitude and 5% packet loss. If wind increases by 20% next turn, latency may rise to 15ms and edge load to 0.45. Continuing risks exceeding SLA if thermal data is needed for obstacle avoidance, but aborting wastes 70% of mission value. Which option should be selected?",
      "options": {
        "A": "Continue at current altitude; worst-case latency (15ms) remains under SLA, and edge load (0.45) is below 0.5 threshold.",
        "B": "Ascend to 50m to reduce dust interference; this increases distance to 850m, extending flight time to 24.3s, but reduces wind impact by 15% and keeps latency under 12ms.",
        "C": "Abort and return to base; preserves battery and avoids SLA violation risk, but forfeits 70% mission value and incurs 120ms latency on mMTC return path.",
        "D": "Switch to eMBB slice; offers 830Mbps throughput but 13ms latency and 0.5 edge load, risking SLA violation if jitter spikes to 3ms next turn."
      },
      "correct": "A",
      "reason": "Option A maintains compliance under worst-case latency and edge load projections while preserving mission value. Option B increases flight time and distance without guaranteed SLA margin. Option C incurs high regret by forfeiting mission value despite acceptable risk. Option D risks SLA violation under jitter uncertainty and higher edge load.",
      "rationale_tag": "WORST_CASE_COMPLIANCE",
      "difficulty": "very_hard"
    },
    {
      "task_id": "T13",
      "task_name": "Swarm-Level Slice Negotiation",
      "source_turn": 9,
      "question": "At turn 9, the UAV is preparing to return to base under mMTC slice with latency 200ms, jitter 25ms, loss 5.0%, throughput 0.8Mbps, and edge load 0.92. The swarm agent reports thermal imaging complete via URLLC at turn 8 with latency 7ms, jitter 0.8ms, loss 0.03%, throughput 130Mbps, edge load 0.28. Wind remains at 12m/s from 240°, and battery is at 100%. If the UAV continues on mMTC, latency may degrade to 250ms next turn with 7% loss under dust conditions. Switching to URLLC now would reduce latency to 8ms but consume 15% more battery per km due to higher control frequency. The mission SLA requires latency < 100ms for return path and allows 5% loss tolerance. Which option should be selected?",
      "options": {
        "A": "Stay on mMTC: current latency 200ms exceeds SLA but may recover if dust clears; edge load 0.92 is near capacity but not critical yet.",
        "B": "Switch to URLLC immediately: latency drops to 8ms, well under SLA, and loss drops to 0.05%, but battery consumption increases 15% per km for next 3km return leg.",
        "C": "Negotiate hybrid slice: allocate 50% URLLC and 50% mMTC to balance latency and battery, accepting 100ms latency and 2.5% loss as compromise.",
        "D": "Delay return for 1 turn to monitor if mMTC recovers: if latency drops below 100ms, proceed; otherwise switch to URLLC, risking SLA violation if no improvement."
      },
      "correct": "B",
      "reason": "Switching to URLLC immediately ensures latency remains under 100ms and loss under 5% for the entire return, satisfying SLA. Although battery consumption increases, the return distance is short and battery is at 100%, so depletion risk is low. Delaying or hybridizing risks SLA violation if mMTC does not recover, and mMTC’s edge load of 0. 92 indicates imminent congestion. The worst-case latency projection of 250ms under mMTC makes it unacceptable even if dust clears slowly.",
      "rationale_tag": "SLA_COMPLIANCE_UNDER_WORST_CASE",
      "difficulty": "very_hard"
    },
    {
      "task_id": "T14",
      "task_name": "Scheduler Reconfiguration Adaptation",
      "source_turn": 9,
      "question": "The UAV is preparing to return to base under deteriorating network conditions: current slice is mMTC with 200ms latency, 25ms jitter, 5% loss, 0.8Mbps throughput, and 0.92 edge load. Policy requires latency under 150ms and loss under 3% for safe RTL. Wind remains at 12m/s from 240°, and battery is at 100%. The scheduler must choose one of four reconfiguration options before initiating RTL. Option A switches to URLLC now, projecting 8ms latency, 0.9ms jitter, 0.05% loss, 125Mbps throughput, and 0.31 edge load for the next turn. Option B delays switch until turn 10, risking 220ms latency and 6% loss if degradation continues. Option C remains on mMTC but reduces speed to 20m/s, projecting 180ms latency and 4.5% loss. Option D switches to eMBB, projecting 14ms latency, 2.2ms jitter, 0.15% loss, 800Mbps throughput, and 0.55 edge load. Which option should be selected?",
      "options": {
        "A": "Switch to URLLC immediately, accepting 125Mbps throughput but ensuring latency and loss within policy bounds for the next turn.",
        "B": "Delay switching until turn 10, assuming network recovery will reduce latency to 180ms and loss to 4%, saving edge load by 0.05.",
        "C": "Stay on mMTC but reduce speed to 20m/s, projecting 180ms latency and 4.5% loss, which may violate loss SLA but preserves edge load at 0.92.",
        "D": "Switch to eMBB, accepting 14ms latency and 0.15% loss but risking edge load increase to 0.55, which may trigger congestion in next turn."
      },
      "correct": "A",
      "reason": "Option A ensures immediate compliance with latency and loss SLAs under worst-case projection. Option B fails under persistent degradation, violating both latency and loss limits. Option C remains above loss SLA even with speed reduction. Option D meets SLAs but increases edge load, risking congestion in turn 10 when RTL initiates. Only A minimizes maximum regret across all plausible futures.",
      "rationale_tag": "WORST_CASE_COMPLIANCE",
      "difficulty": "very_hard"
    },
    {
      "task_id": "T15",
      "task_name": "Decision Consistency under Replanning",
      "source_turn": 10,
      "question": "At turn 10, the UAV is initiating return to base under URLLC slice with 8ms latency, 0.9ms jitter, 0.05% loss, 125Mbps throughput, and 0.31 edge load. The mission requires thermal imaging data, which was successfully acquired via swarm at turn 8 under 7ms latency and 0.03% loss. However, the return path computation at turn 9 used mMTC slice with 200ms latency and 5% loss, risking data corruption. Wind remains at 12m/s from 240°, and battery is at 100%. If the UAV must transmit the thermal data before landing, and the next turn may see edge load rise to 0.95 under mMTC or 0.4 under URLLC, which option should be selected to ensure decision consistency with prior swarm coordination and avoid violating the 10ms latency SLA for critical data transmission?",
      "options": {
        "A": "Transmit thermal data immediately over URLLC slice, accepting 125Mbps throughput but ensuring latency <10ms and loss <0.1%.",
        "B": "Wait until landing to transmit over mMTC, accepting 5% loss and 200ms latency, since battery is full and data is non-urgent.",
        "C": "Switch to eMBB slice for transmission, leveraging 830Mbps throughput despite 13ms latency and 0.12% loss, to maximize speed.",
        "D": "Recompute return path under URLLC slice at turn 11, accepting 140Mbps throughput and 7ms latency, but delaying transmission until after landing."
      },
      "correct": "A",
      "reason": "The thermal data was acquired under swarm coordination using URLLC, establishing a precedent for critical data transmission under low-latency constraints. Transmitting immediately over URLLC ensures latency remains under 10ms SLA and loss under 0. 1%, consistent with prior decisions. Waiting or switching to eMBB risks violating latency or loss SLAs, especially if edge load rises to 0. 95 next turn under mMTC.",
      "rationale_tag": "DECISION_CONSISTENCY",
      "difficulty": "very_hard"
    },
    {
      "task_id": "T16",
      "task_name": "Network-Exposed Compute Marketplace",
      "source_turn": 9,
      "question": "At turn 9, the UAV is preparing to return to base under mMTC slice with 200ms latency, 25ms jitter, 5% loss, 0.8Mbps throughput, and 92% edge load. The operator must decide whether to expose compute capacity to third parties during the return leg. Option A allocates 15% of edge compute to a third-party analytics job, increasing edge load to 95% and risking SLA violation if latency exceeds 220ms. Option B reserves 100% for UAV control, maintaining 92% load but forgoing $120 revenue. Option C offers 20% compute at 1.2x premium but requires 98% load, which may trigger overload protection in 1 turn if jitter exceeds 30ms. Option D defers exposure until landing, avoiding risk but losing $80 in potential revenue. The UAV’s battery is at 68% and descending at 5m/s; wind gusts may increase latency by up to 15ms. Which option should be selected?",
      "options": {
        "A": "Allocate 15% compute; edge load 95%, SLA latency cap 220ms, revenue $90.",
        "B": "Reserve 100% for UAV; edge load 92%, no revenue, guaranteed control.",
        "C": "Offer 20% at 1.2x premium; edge load 98%, risk overload if jitter >30ms, revenue $144.",
        "D": "Defer exposure until landing; no risk, no revenue now, $80 lost."
      },
      "correct": "A",
      "reason": "Option A balances revenue and risk by staying under the 98% edge load threshold that triggers overload protection. The 200ms latency plus 15ms worst-case wind-induced increase remains under the 220ms SLA cap. Option C exceeds safe load limits and risks immediate failure. Option B forgoes revenue without improving safety margins. Option D loses revenue without reducing risk during the critical return phase.",
      "rationale_tag": "MARGIN_OPTIMIZATION_UNDER_WORST_CASE",
      "difficulty": "very_hard"
    },
    {
      "task_id": "T17",
      "task_name": "Network-Knowledge RAG Augmentation",
      "source_turn": 9,
      "question": "At turn 9, the UAV is preparing to return to base under deteriorating network conditions: mMTC slice latency is 200 ms with 5% packet loss and 0.8 Mbps throughput, edge load is 0.92, and the mission policy requires telemetry updates every 3 seconds to avoid collision. The UAV’s battery is at 78% and descending at 5 m/s. If the next turn’s edge load increases by 0.05 due to dust-induced congestion, and the SLA mandates latency under 150 ms for safe RTL computation, which network slice should be selected for RAG augmentation to ensure mission completion with minimal regret over the next two turns? Option A uses URLLC with 8 ms latency, 0.05% loss, 125 Mbps throughput, and 0.31 edge load. Option B uses eMBB with 13 ms latency, 0.12% loss, 830 Mbps throughput, and 0.5 edge load. Option C uses mMTC with 200 ms latency, 5% loss, 0.8 Mbps throughput, and 0.92 edge load. Option D uses URLLC but reserves 20% bandwidth for swarm coordination, reducing effective throughput to 100 Mbps and increasing latency to 12 ms. Which option should be selected?",
      "options": {
        "A": "URLLC with 8 ms latency, 0.05% loss, 125 Mbps throughput, 0.31 edge load",
        "B": "eMBB with 13 ms latency, 0.12% loss, 830 Mbps throughput, 0.5 edge load",
        "C": "mMTC with 200 ms latency, 5% loss, 0.8 Mbps throughput, 0.92 edge load",
        "D": "URLLC with 12 ms latency, 0.05% loss, 100 Mbps throughput, 0.31 edge load"
      },
      "correct": "A",
      "reason": "URLLC in option A satisfies the 150 ms SLA with a 142 ms margin and maintains low jitter and loss, ensuring telemetry reliability over the next two turns. Option D’s increased latency to 12 ms still meets SLA but sacrifices throughput needed for RAG context retrieval, risking incomplete augmentation. Option B’s eMBB has high throughput but edge load of 0. 5 may rise to 0. 55 next turn, nearing congestion and risking latency spikes.",
      "rationale_tag": "SLA_COMPLIANCE_UNDER_WORST_CASE",
      "difficulty": "very_hard"
    },
    {
      "task_id": "T18",
      "task_name": "AI Agent Identity & Onboarding",
      "source_turn": 10,
      "question": "The UAV agent is preparing to return to base under deteriorating network conditions: mMTC slice latency spiked to 200ms with 5% loss at turn 9, while URLLC slice at turn 10 shows 8ms latency and 0.05% loss but edge load at 0.31. The agent’s identity policy requires maintaining SLA compliance for telemetry integrity (max 10ms latency, 0.1% loss) and battery conservation (min 20% remaining). Projecting forward, edge load may rise to 0.45 if URLLC is reused for next mission, and mMTC may degrade further to 300ms latency with 8% loss. If the agent re-registers under URLLC for return, it risks future capacity exhaustion; under mMTC, it risks telemetry violation. A third option is to register under eMBB, which has 13ms latency and 0.12% loss at turn 4 but may drift to 15ms and 0.15% loss next turn. A fourth option is to delay registration until landing, accepting 200ms latency for one turn. Which option should be selected?",
      "options": {
        "A": "Register under URLLC now: latency 8ms, loss 0.05%, edge load 0.31 — meets SLA but risks future overload if edge load rises to 0.45.",
        "B": "Register under mMTC now: latency 200ms, loss 5% — violates SLA but preserves URLLC for future missions.",
        "C": "Register under eMBB now: latency 13ms, loss 0.12% — marginally exceeds SLA, may drift to 15ms/0.15% next turn.",
        "D": "Delay registration until landing: accept 200ms latency for one turn, then register under URLLC post-landing — avoids immediate SLA breach but risks mission failure if landing is delayed."
      },
      "correct": "A",
      "reason": "URLLC at turn 10 meets current SLA with 8ms latency and 0. 05% loss, leaving a 2ms margin to the 10ms limit. Projecting edge load to 0. 45 next turn still leaves headroom under the 0. 5 threshold for stability.",
      "rationale_tag": "SLA_COMPLIANCE_UNDER_WORST_CASE",
      "difficulty": "very_hard"
    },
    {
      "task_id": "T19",
      "task_name": "AI Agent Interoperability & Federation",
      "source_turn": 9,
      "question": "At turn 9, the UAV agent initiates return-to-base path computation under mMTC slice with 200ms latency, 25ms jitter, 5% loss, and 0.8Mbps throughput while edge load is 0.92. The swarm agent previously delivered thermal data via URLLC at 7ms latency and 0.03% loss. Wind remains at 12m/s from 240°, and battery is at 100%. If the UAV must complete return within 3 turns and the mMTC slice degrades further by 20% in throughput and 10% in loss each turn, while URLLC remains stable but has only 130Mbps capacity shared with 3 other agents, which option should be selected to ensure mission completion with minimal regret under worst-case degradation?",
      "options": {
        "A": "Continue using mMTC for return path computation; current latency is acceptable and edge load may decrease in next turn.",
        "B": "Switch to URLLC immediately; despite lower throughput, latency and loss are within safety margins for control commands.",
        "C": "Request swarm agent to relay return path via URLLC; accept 15% additional latency due to relay but avoid mMTC degradation risk.",
        "D": "Delay return for one turn to wait for mMTC recovery; assume edge load will drop below 0.85 based on historical trend."
      },
      "correct": "C",
      "reason": "The mMTC slice is already at 92% edge load and will degrade further, risking path computation failure within two turns. URLLC offers stable low latency and loss but lacks bandwidth for full telemetry, making direct switch risky. Relaying through the swarm agent adds latency but preserves control integrity under worst-case mMTC degradation. Delaying return ignores the 5% loss and 0. 8Mbps constraint, which will violate path computation reliability by turn 11.",
      "rationale_tag": "WORST_CASE_RELAY_SAFETY",
      "difficulty": "very_hard"
    },
    {
      "task_id": "T20",
      "task_name": "Agent-to-Agent Communication Management",
      "source_turn": 9,
      "question": "At turn 9, the agent prepares to return to base under deteriorating network conditions: mMTC slice latency is 200ms with 5% loss and 0.8Mbps throughput, edge load is 0.92, and wind remains at 12m/s from 240°. The agent must choose a communication policy for the next 3 turns: Option A routes via URLLC with 8ms latency, 0.05% loss, 125Mbps throughput, and 0.31 edge load but risks saturation if edge load exceeds 0.95 within 2 turns. Option B uses eMBB with 13ms latency, 0.12% loss, 830Mbps throughput, and 0.5 edge load but may degrade further under dust conditions. Option C maintains mMTC with 200ms latency, 5% loss, 0.8Mbps throughput, and 0.92 edge load, risking mission failure if latency exceeds 250ms. Option D switches to URLLC only if edge load exceeds 0.95, otherwise stays on mMTC, accepting 200ms latency until threshold breach. Given that wind-induced dust may persist and edge load is projected to increase by 0.03 per turn under mMTC, which option should be selected?",
      "options": {
        "A": "Route via URLLC immediately, accepting 8ms latency and 0.05% loss, with edge load at 0.31, but risking saturation if edge load exceeds 0.95 within 2 turns.",
        "B": "Use eMBB with 13ms latency and 0.12% loss, 830Mbps throughput, and 0.5 edge load, despite potential further degradation under dust conditions.",
        "C": "Maintain mMTC with 200ms latency, 5% loss, 0.8Mbps throughput, and 0.92 edge load, risking mission failure if latency exceeds 250ms.",
        "D": "Switch to URLLC only if edge load exceeds 0.95, otherwise stay on mMTC, accepting 200ms latency until threshold breach."
      },
      "correct": "A",
      "reason": "Option A minimizes maximum regret by preemptively avoiding mMTC’s high latency and loss, which would violate SLA under projected edge load growth. Although URLLC has lower throughput, it ensures sub-10ms latency and near-zero loss for critical return commands. Option D’s conditional switch fails under worst-case edge load projection, risking SLA breach before threshold trigger. Option B’s eMBB degrades under dust and cannot guarantee latency bounds. Option C’s mMTC violates latency SLA within two turns under current trend.",
      "rationale_tag": "WORST_CASE_REGRET_MINIMIZATION",
      "difficulty": "very_hard"
    },
    {
      "task_id": "T21",
      "task_name": "Device-Network Task Offload Arbitration",
      "source_turn": 9,
      "question": "At turn 9, the UAV must decide whether to offload the RTL path computation to the edge (URLLC slice) or execute locally, given that the current network slice is mMTC with 200ms latency, 25ms jitter, 5% loss, and 0.8Mbps throughput, while edge load is 0.92. The UAV’s battery is at 85%, and the mission SLA requires path computation latency under 150ms with ≤1% loss. If the UAV offloads, it risks edge overload causing 300ms latency next turn; if it computes locally, it consumes 12% battery per turn and risks thermal throttling if battery drops below 70%. The next turn’s weather may increase wind speed to 15m/s, raising local computation time by 20%. Which option should be selected?",
      "options": {
        "A": "Offload to edge using URLLC slice, accepting 200ms latency now but risking 300ms next turn if edge load exceeds 0.95.",
        "B": "Execute locally, consuming 12% battery per turn, accepting 180ms local latency, and risking thermal throttling if battery falls below 70%.",
        "C": "Wait one turn to see if edge load drops below 0.9, accepting 200ms latency now and risking 300ms next turn if load remains high.",
        "D": "Switch to eMBB slice, accepting 13ms latency now but risking 830Mbps throughput drop to 600Mbps next turn if wind increases."
      },
      "correct": "B",
      "reason": "Local execution avoids edge overload risk and meets SLA with 180ms latency under worst-case wind increase. Offloading risks 300ms latency next turn, violating SLA. Waiting delays computation and increases exposure to wind. eMBB throughput may drop below required 1. 2Mbps for path data under wind stress.",
      "rationale_tag": "WORST_CASE_LATENCY_BATTERY_TRADEOFF",
      "difficulty": "very_hard"
    },
    {
      "task_id": "T22",
      "task_name": "Federated / Collaborative Learning Orchestration",
      "source_turn": 8,
      "question": "The UAV has completed thermal imaging via swarm collaboration and is preparing to return to base, but federated model updates from three edge nodes are pending with varying SLA deadlines: Node A requires update within 2 turns (latency tolerance 15ms), Node B within 3 turns (latency tolerance 25ms), and Node C within 4 turns (latency tolerance 35ms). Current network slice is URLLC with 7ms latency, 0.8ms jitter, 0.03% loss, 130Mbps throughput, and 0.28 edge load. Historical data shows edge load increases by 0.05 per turn under URLLC during return, and worst-case jitter may spike to 1.5ms. If the UAV switches to eMBB, latency rises to 13ms but edge load drops to 0.2, though throughput drops to 830Mbps and jitter increases to 2.1ms. mMTC is unavailable due to 200ms latency and 5% loss. Which option should be selected to minimize maximum regret across all nodes while ensuring no SLA violation under worst-case jitter and load growth?",
      "options": {
        "A": "Continue on URLLC for all nodes; projected edge load in 2 turns is 0.38, within capacity, and worst-case latency (7ms + 1.5ms jitter) remains under 15ms for Node A.",
        "B": "Switch to eMBB for Node A only; latency 13ms is under 15ms tolerance, and edge load drops to 0.2, but Node B and C will face 13ms latency which exceeds their jitter-adjusted worst-case bounds.",
        "C": "Delay all updates until landing; post-landing URLLC has 7ms latency and 0.25 edge load, but Node A’s 2-turn deadline will be missed by 1 turn, incurring SLA penalty.",
        "D": "Prioritize Node A on URLLC, defer B and C to eMBB; Node A meets deadline, but Node B’s 25ms tolerance is exceeded under eMBB’s 13ms + 2.1ms jitter worst-case, and Node C’s 35ms tolerance is borderline at 15.1ms."
      },
      "correct": "A",
      "reason": "Option A maintains URLLC which keeps latency under 8. 5ms worst-case for Node A, within its 15ms SLA. Edge load grows to 0. 38 in two turns, still under 0. 5 capacity threshold.",
      "rationale_tag": "WORST_CASE_SLAS",
      "difficulty": "very_hard"
    },
    {
      "task_id": "T23",
      "task_name": "Network-Assisted Digital Twin Control",
      "source_turn": 9,
      "question": "At turn 9, the UAV is preparing to return to base with 100% battery, but the network slice is mMTC with 200ms latency, 25ms jitter, 5% loss, and 0.8Mbps throughput, while edge load is 92%. The digital twin requires sub-50ms latency for safe RTL path computation, and the next turn’s weather may increase wind to 15m/s, raising collision risk if path recomputation is delayed. URLLC offers 8ms latency, 0.9ms jitter, 0.05% loss, and 125Mbps throughput at 31% edge load, but switching now risks losing the current mMTC telemetry stream. eMBB provides 13ms latency, 2.1ms jitter, 0.12% loss, and 830Mbps throughput at 50% edge load, but lacks guaranteed latency bounds. If the UAV must complete RTL within 3 turns and the next turn’s network state may degrade further, which option should be selected to minimize maximum regret under worst-case assumptions?",
      "options": {
        "A": "Stay on mMTC to preserve current telemetry, accepting 200ms latency and 5% loss for RTL computation, risking path inaccuracy if wind increases.",
        "B": "Switch immediately to URLLC for guaranteed 8ms latency and 0.05% loss, accepting potential telemetry loss during handover and 31% edge load.",
        "C": "Switch to eMBB for high throughput and moderate latency, accepting 13ms latency and 0.12% loss, but no SLA guarantee for real-time control.",
        "D": "Delay decision until turn 10, using current mMTC metrics to project edge load may exceed 95%, risking complete path computation failure."
      },
      "correct": "B",
      "reason": "Switching to URLLC minimizes maximum regret by guaranteeing sub-50ms latency under worst-case wind increase, which is critical for RTL safety. mMTC’s 200ms latency exceeds the 50ms SLA by 150ms, risking collision if path recomputation is delayed. eMBB lacks latency guarantees and may degrade further under edge load of 50%. Delaying until turn 10 risks edge load exceeding 95%, making path computation impossible. URLLC’s 31% edge load and 0.",
      "rationale_tag": "WORST_CASE_LATENCY_MARGIN",
      "difficulty": "very_hard"
    },
    {
      "task_id": "T24",
      "task_name": "Sensing-Enhanced Decisioning (ISAC)",
      "source_turn": 7,
      "question": "The UAV is currently at 15m altitude with 100% battery, navigating through dust with 12m/s wind from 240°, and its thermal and radar sensors are offline. The network is on URLLC with 10ms latency, 1.1ms jitter, 0.06% loss, 105Mbps throughput, and 0.38 edge load. The mission requires thermal imaging from a swarm agent, which completed successfully at turn 8. If wind persists, dust density may increase by 15% next turn, reducing GNSS reliability by 20%. The UAV must decide between four sensing strategies for the next 2 turns: A) Maintain URLLC and request lidar-only fusion with 80% confidence; B) Switch to eMBB for higher throughput to enable RGB+lidar fusion with 90% confidence but risk 13ms latency; C) Use mMTC for low-cost telemetry with 60% confidence and accept 200ms latency; D) Request swarm thermal relay again despite 0.32 edge load and 110Mbps throughput cap. Which option should be selected?",
      "options": {
        "A": "Maintain URLLC and request lidar-only fusion with 80% confidence",
        "B": "Switch to eMBB for higher throughput to enable RGB+lidar fusion with 90% confidence but risk 13ms latency",
        "C": "Use mMTC for low-cost telemetry with 60% confidence and accept 200ms latency",
        "D": "Request swarm thermal relay again despite 0.32 edge load and 110Mbps throughput cap"
      },
      "correct": "A",
      "reason": "Maintaining URLLC ensures latency stays under 10ms, which is critical for real-time control under increasing dust density. Lidar-only fusion at 80% confidence is sufficient because GNSS degradation is not yet critical and lidar remains online. Switching to eMBB risks exceeding 12ms latency, which could cause control lag during wind-induced instability. mMTC’s 200ms latency makes it unusable for time-sensitive perception. Swarm thermal relay is redundant since the prior request succeeded and edge load would rise if repeated.",
      "rationale_tag": "WORST_CASE_LATENCY_MARGIN",
      "difficulty": "very_hard"
    },
    {
      "task_id": "T25",
      "task_name": "AI-Agent-based Disaster / Public-Safety Coordination",
      "source_turn": 9,
      "question": "The UAV is preparing to return to base under deteriorating network conditions: mMTC slice latency is 200ms with 5% loss and edge load at 0.92, while URLLC offers 8ms latency, 0.05% loss, and 0.31 edge load but only 125 Mbps throughput. The UAV’s thermal sensor remains offline, and wind speed is 12 m/s from 240°, potentially increasing drift risk over the next two turns. If the UAV continues using mMTC for RTL computation, latency may spike to 250ms with 7% loss under worst-case edge congestion, risking command delay during descent. Switching to URLLC now would consume 15% more battery due to higher control frequency but reduce latency risk by 96%. However, URLLC’s throughput may not support real-time telemetry streaming if GNSS degrades. Given that the next turn’s weather may increase wind to 15 m/s and edge load may rise to 0.95, which option should be selected?",
      "options": {
        "A": "Continue using mMTC for RTL computation; current latency is acceptable and battery conservation is critical.",
        "B": "Switch to URLLC immediately; latency reduction outweighs throughput limits and battery cost under worst-case wind escalation.",
        "C": "Delay decision until turn 10; monitor if edge load drops below 0.90, indicating temporary congestion relief.",
        "D": "Request swarm-assisted RTL computation via mMTC; distribute load to reduce single-point failure risk despite higher latency."
      },
      "correct": "B",
      "reason": "URLLC’s 8ms latency and 0. 05% loss provide a 96% margin over mMTC’s worst-case 250ms latency, which is critical for safe descent under increasing wind. The 15% battery cost is acceptable because the UAV has 100% charge and descent is short. mMTC’s 5% loss may escalate to 7% under edge load of 0. 95, risking command loss during critical landing phase.",
      "rationale_tag": "WORST_CASE_LATENCY_MARGIN",
      "difficulty": "very_hard"
    },
    {
      "task_id": "T26",
      "task_name": "Trust-Aware Third-Party Agent Exposure",
      "source_turn": 8,
      "question": "The UAV is operating under dust conditions with wind at 12.0 m/s from 240 degrees, currently at 15.0m altitude with 100% battery and thermal sensor offline. At turn 8, the swarm agent reports thermal imaging complete via URLLC slice with 7ms latency, 0.8ms jitter, 0.03% loss, and 130Mbps throughput under 0.28 edge load. The mission requires thermal data for regulatory compliance, but the swarm agent has no prior trust score and operates under a policy allowing only 5% max packet loss and 10ms max latency. If the dust worsens, edge load may rise to 0.95 and latency may spike to 15ms with 1.5% loss over URLLC. Over the next two turns, the UAV must decide whether to expose full telemetry, partial telemetry, or no telemetry to the swarm agent, or to switch to a trusted internal agent with 12ms latency and 850Mbps throughput but no thermal capability. Which option should be selected?",
      "options": {
        "A": "Expose full telemetry to swarm agent under current URLLC metrics (7ms latency, 0.03% loss, 0.28 edge load) with no future safeguards.",
        "B": "Expose partial telemetry (excluding battery and pose) to swarm agent, accepting 15ms worst-case latency and 1.5% loss if dust worsens, with edge load up to 0.95.",
        "C": "Expose no telemetry to swarm agent and switch to trusted internal agent with 12ms latency and 850Mbps throughput, accepting no thermal data for compliance.",
        "D": "Expose full telemetry to swarm agent but cap exposure to 30 seconds, assuming edge load will not exceed 0.85 and latency will remain under 10ms for the next turn."
      },
      "correct": "B",
      "reason": "Option B accepts partial exposure under worst-case dust conditions which still meet the 10ms latency and 5% loss SLA, preserving compliance while limiting risk. Option A ignores future degradation and risks SLA violation if edge load spikes. Option C forfeits thermal data entirely, violating mission requirements. Option D assumes unrealistic stability and fails under worst-case edge load of 0. 95 which would degrade latency beyond 10ms.",
      "rationale_tag": "WORST_CASE_TRUST_BALANCE",
      "difficulty": "very_hard"
    },
    {
      "task_id": "T27",
      "task_name": "Agent Lifecycle & Management",
      "source_turn": 9,
      "question": "At turn 9, the UAV is preparing to return to base under deteriorating network conditions: mMTC slice latency is 200 ms with 5% loss and 0.8 Mbps throughput, edge load is 0.92, and battery is at 78%. The mission SLA requires latency under 150 ms and loss under 3% for critical commands. If the UAV continues on mMTC, it risks command failure; switching to URLLC now would consume 12% battery per minute due to higher control overhead, but URLLC latency is 8 ms with 0.05% loss. The wind speed remains 12 m/s, and the return path is 8.5 km at 35 m/s, requiring 243 seconds. If the UAV delays switching until turn 10, URLLC edge load may rise to 0.45 due to concurrent swarm traffic, increasing jitter to 1.5 ms. Given that battery must remain above 20% for safe landing and the UAV must complete return within 5 minutes to avoid airspace violation, which option should be selected?",
      "options": {
        "A": "Switch to URLLC immediately at turn 9; accept 12% battery drain per minute but guarantee SLA compliance and avoid edge load spike at turn 10.",
        "B": "Stay on mMTC until turn 10; hope for network recovery, saving 12% battery now but risking 5% loss and 200 ms latency during RTL execution.",
        "C": "Switch to URLLC at turn 10; accept 0.45 edge load and 1.5 ms jitter, but save 12% battery now and assume SLA is still met with 8 ms latency.",
        "D": "Initiate emergency landing now at 78% battery; avoid all network risk but violate mission completion SLA and airspace rules."
      },
      "correct": "A",
      "reason": "Switching to URLLC at turn 9 ensures latency and loss remain within SLA bounds while avoiding the projected edge load increase at turn 10. The 12% battery drain per minute is acceptable because the 243-second return consumes only 49% battery, leaving 29% at landing, above the 20% safety threshold. Staying on mMTC risks command failure due to 5% loss and 200 ms latency, which violates SLA. Delaying to turn 10 increases jitter and edge load, reducing margin for error. Emergency landing violates mission and airspace constraints despite preserving battery.",
      "rationale_tag": "SLA_COMPLIANCE_UNDER_WORST_CASE",
      "difficulty": "very_hard"
    },
    {
      "task_id": "T28",
      "task_name": "6G Model Training-as-a-Service Decision",
      "source_turn": 11,
      "question": "The UAV has completed its mission and is now grounded with battery at 100%, but the network slice is currently URLLC with 140 Mbps throughput and 0.25 edge load. A customer requests immediate LLM fine-tuning using 800 Mbps sustained throughput for 3 turns, with SLA requiring latency under 15 ms and loss under 0.1%. Historical data shows eMBB slice offers 850 Mbps but with 12 ms latency and 0.1% loss, while mMTC slice has 0.8 Mbps and 200 ms latency. If wind persists at 12 mps, edge load may rise 0.05 per turn under eMBB, and URLLC capacity may drop 10% per turn due to thermal stress. The mission plan allows rescheduling within 5 turns, but delaying incurs $200 penalty per turn. Which option should be selected?",
      "options": {
        "A": "Accept immediately on URLLC: current latency 7 ms and loss 0.02% meet SLA, and edge load is low at 0.25.",
        "B": "Delay 2 turns and switch to eMBB: projected edge load 0.35, latency 13 ms, and throughput 850 Mbps will meet SLA with margin.",
        "C": "Accept on mMTC: throughput 0.8 Mbps is below requirement, but latency 200 ms is acceptable if SLA is renegotiated.",
        "D": "Reject outright: no slice can guarantee 800 Mbps for 3 turns under current wind and thermal constraints."
      },
      "correct": "B",
      "reason": "Option B minimizes maximum regret by balancing SLA compliance and future risk. URLLC cannot sustain 800 Mbps even at current 140 Mbps, and its capacity degrades under thermal stress. eMBB meets throughput and latency SLA with projected 850 Mbps and 13 ms, even with edge load rising to 0. 35. Delaying 2 turns incurs $400 penalty but avoids SLA violation and network collapse.",
      "rationale_tag": "WORST_CASE_SLICE_PROJECTION",
      "difficulty": "very_hard"
    },
    {
      "task_id": "T29",
      "task_name": "Immersive/AR Resource Prioritization",
      "source_turn": 10,
      "question": "The UAV is returning to base under URLLC slice with 8ms latency, 0.9ms jitter, 0.05% loss, 125Mbps throughput, and 0.31 edge load. Weather remains dusty with 12m/s wind from 240°, and the geofence bounds are unchanged. The thermal sensor remains offline, but swarm support has completed. The next turn may see edge load rise to 0.35 due to concurrent AR rendering requests, and latency could degrade to 11ms if wind-induced vibration affects GNSS. The mission policy requires latency under 15ms and throughput above 100Mbps for safe landing. One option preserves URLLC but risks 11ms latency next turn; another switches to eMBB with 13ms latency but 850Mbps throughput; a third uses mMTC with 200ms latency and 0.8Mbps throughput; the fourth delays landing to wait for edge load to drop below 0.3. Which option should be selected?",
      "options": {
        "A": "Maintain URLLC slice despite projected 11ms latency next turn, as it still meets SLA and edge load remains under 0.4.",
        "B": "Switch to eMBB slice for higher throughput, accepting 13ms latency which is still under 15ms SLA.",
        "C": "Use mMTC slice to conserve edge resources, accepting 200ms latency and 0.8Mbps throughput for non-critical telemetry.",
        "D": "Delay landing for one turn to allow edge load to drop below 0.3, risking wind-induced GNSS drift and battery drain."
      },
      "correct": "A",
      "reason": "Maintaining URLLC ensures latency remains under 15ms even under worst-case projection of 11ms. Switching to eMBB increases latency to 13ms but offers no benefit for landing which requires low latency not high throughput. mMTC violates latency SLA by a large margin. Delaying landing risks GNSS drift and battery depletion without guaranteeing edge load reduction. URLLC minimizes maximum regret across plausible futures.",
      "rationale_tag": "WORST_CASE_LATENCY_SLA",
      "difficulty": "very_hard"
    },
    {
      "task_id": "T30",
      "task_name": "Network Security Detection & Response Automation",
      "source_turn": 9,
      "question": "At turn 9, the UAV is preparing to return to base under deteriorating network conditions: mMTC slice latency is 200 ms with 5% packet loss and 0.8 Mbps throughput, edge load is 0.92, and the SLA requires latency < 150 ms and loss < 3% for safe RTL. The UAV battery is at 85%, and wind gusts may increase latency by ±15 ms. If the UAV remains on mMTC for RTL, it risks violating SLA in 1 turn. Switching to URLLC now yields 8 ms latency, 0.05% loss, 125 Mbps throughput, and 0.31 edge load, but consumes 12% battery per turn. The eMBB slice offers 13 ms latency, 0.12% loss, 830 Mbps throughput, and 0.5 edge load, but may degrade further under wind. A manual override to delay RTL for 1 turn to wait for network recovery carries a 40% chance of SLA violation if wind persists. Which option should be selected?",
      "options": {
        "A": "Remain on mMTC for RTL; current latency is 200 ms but may improve by 15 ms if wind subsides, and battery is sufficient for 2 turns.",
        "B": "Switch immediately to URLLC; latency and loss are within SLA, edge load is low, and battery will last 7 turns at current rate.",
        "C": "Switch to eMBB; throughput is high and latency is acceptable, and edge load is moderate; wind impact is uncertain but may not worsen.",
        "D": "Delay RTL for 1 turn to wait for network recovery; if wind subsides, mMTC may return to 150 ms latency, avoiding battery drain from switching."
      },
      "correct": "B",
      "reason": "Switching to URLLC immediately ensures SLA compliance with worst-case latency of 8 ms plus 15 ms wind impact, still under 150 ms. Battery consumption of 12% per turn is acceptable given 85% remaining and only 1 turn needed for RTL. Delaying RTL risks SLA violation with 40% probability under persistent wind, and mMTC is already at 92% edge load, nearing saturation. eMBB’s 13 ms latency is acceptable now but may degrade further under wind, risking future SLA breach.",
      "rationale_tag": "WORST_CASE_SLAMARGIN_REGRET",
      "difficulty": "very_hard"
    }
  ]
}