{
  "episode_id": "6gb_prompt_e515938cab9ef646",
  "questions": [
    {
      "task_id": "T6",
      "task_name": "Slice Fairness vs Safety",
      "source_turn": 6,
      "question": "During swarm coordination, the focal UAV experienced slice changes from eMBB to URLLC and briefly to mMTC while executing maneuvers with other members. At turn 6 the network showed mMTC latency of 110 ms, jitter of 30 ms, loss of 3.0 percent, throughput of 0.9 Mbps, and edge load of 0.88. In earlier and later turns, URLLC showed latency between 7.5 and 9 ms, jitter between 0.7 and 1.2 ms, throughput between 100 and 130 Mbps, and edge load between 0.4 and 0.5. eMBB showed latency between 10 and 12 ms, jitter between 1.5 and 2 ms, throughput between 800 and 900 Mbps, and edge load between 0.3 and 0.35. Swarm collision avoidance requires consistent low latency for the next two turns, but slice fairness requires not monopolizing capacity if edge load remains high. There is uncertainty whether the elevated edge load of 0.88 will persist one more turn or drop back toward 0.5 as seen later. If the poor conditions persist, mMTC risks delayed coordination, while URLLC risks starving other swarm members due to limited throughput. If conditions recover, eMBB may suffice but has higher latency than URLLC. Considering worst case persistence for one to two more turns and minimizing maximum regret across the swarm, which slice selection should be made now?",
      "options": {
        "A": "Remain on mMTC with latency 110 ms and throughput 0.9 Mbps to be fair under edge load 0.88.",
        "B": "Switch to URLLC with latency near 8 ms and throughput around 110 Mbps despite edge load near 0.5.",
        "C": "Switch to eMBB with latency around 11 ms and throughput near 900 Mbps since edge load was 0.35 earlier.",
        "D": "Alternate between URLLC at 9 ms latency and eMBB at 10 ms latency each turn to balance fairness."
      },
      "correct": "B",
      "reason": "URLLC provides the lowest worst case latency across observed values while keeping jitter and loss minimal. Under persistence of high edge load, mMTC fails coordination and eMBB risks marginal latency accumulation over two turns. URLLC’s throughput limits impose some fairness cost but avoid collision risk if degradation continues. This choice minimizes maximum regret if recovery does not occur next turn.",
      "rationale_tag": "MINIMAX_REGRET",
      "difficulty": "very_hard"
    },
    {
      "task_id": "T11",
      "task_name": "Preemptive Autonomy Downgrade",
      "source_turn": 6,
      "question": "At turn 6 the UAV is mid mission with speed 18.0 mps and altitude 10.0 within the 5.0 to 60.0 bounds. Network conditions have degraded on mMTC with latency rising from 120 ms at turn 5 to 110 ms at turn 6, jitter fluctuating between 25 and 30 ms, loss increasing from 2.5 to 3.0 percent, throughput dropping from 1.2 to 0.9 Mbps, and edge load climbing from 0.85 to 0.88. Earlier turns on URLLC showed much lower latency between 7 and 9 ms and edge load between 0.4 and 0.5, but that recovery is uncertain if congestion persists. The thermal and radar sensors are already offline, reducing perception redundancy under autonomy. Battery is still at 100.0 percent, so immediate energy failure is unlikely, but continued network volatility could affect command responsiveness over the next two turns. If the mMTC degradation persists one more turn, worst case loss and jitter could remain at the higher observed values. If autonomy is not downgraded now, a delayed reaction may occur while executing maneuvers near the geofence polygon. Each possible action trades current performance against future safety margin under uncertain recovery. Considering worst case network behavior over the next one to three turns, which option should be selected?",
      "options": {
        "A": "Maintain full autonomy for the next two turns since latency improved from 120 to 110 ms and battery is 100.0 percent.",
        "B": "Immediately downgrade to supervised autonomy now to limit maneuver authority given loss up to 3.0 percent and edge load at 0.88.",
        "C": "Wait one more turn to see if URLLC conditions return, then downgrade only if latency exceeds the earlier 120 ms value.",
        "D": "Switch back to URLLC immediately and keep full autonomy because prior URLLC latency was below 9 ms and edge load below 0.5."
      },
      "correct": "B",
      "reason": "Option B minimizes maximum regret by acting before worst case network conditions propagate into control delays. The observed rise in loss to 3. 0 percent and edge load to 0. 88 shows a worsening trend that could persist another turn. Waiting assumes recovery similar to earlier URLLC turns, which is uncertain under congestion.",
      "rationale_tag": "MINIMAX_REGRET_UNDER_UNCERTAINTY",
      "difficulty": "very_hard"
    },
    {
      "task_id": "T14",
      "task_name": "Scheduler Reconfiguration Adaptation",
      "source_turn": 6,
      "question": "At turn 6 the AI scheduler has shifted traffic after observing instability across slices. The mMTC slice shows latency values of 110 and 120 ms across turns with jitter moving between 25 and 30 ms and loss rising from 2.5 to 3.0 percent while edge_load increases from 0.85 to 0.88. Earlier URLLC turns showed latency between 7 and 9 ms with jitter from 0.7 to 1.2 ms but edge_load also climbed from 0.4 to 0.5 after adaptations. The eMBB slice before and after degradation showed latency from 10 to 12 ms with jitter between 1.5 and 2 ms and edge_load around 0.3 to 0.35. The UAV speed is constant at 18.0 mps and battery remains at 100.0 percent so timing risk dominates energy risk. The scheduler must be reconfigured now and kept consistent for the next two turns assuming the worst case that mMTC conditions persist and URLLC load continues trending upward. If the decision is myopic it may succeed this turn but force reversal next turn when edge_load saturates or loss spikes. If uncertainty is ignored the apparent average performance hides the worst observed values. Each option below trades current latency against future regret under these constraints. Which option should be selected?",
      "options": {
        "A": "Lock all control and telemetry to URLLC based on 7 to 9 ms latency despite edge_load already reaching 0.5.",
        "B": "Maintain mMTC for consistency since throughput near 0.9 to 1.2 Mbps is sufficient and avoid scheduler churn despite 110 to 120 ms latency.",
        "C": "Reconfigure to eMBB for control and telemetry because latency stays near 10 to 12 ms with edge_load around 0.3 to 0.35 across turns.",
        "D": "Dynamically alternate URLLC and mMTC each turn to average latency and jitter values observed so far."
      },
      "correct": "C",
      "reason": "The eMBB slice shows the smallest spread between best and worst observed latency and jitter while keeping edge_load well below the rising levels seen in URLLC and mMTC. Under the worst case where mMTC remains at 120 ms latency with 30 ms jitter and URLLC load continues to increase, eMBB minimizes the maximum future penalty over two turns. Option A appears safest now but risks rapid saturation as edge_load already doubled relative to early turns. Option B and D both fail when worst case loss and jitter persist and force another reconfiguration next turn.",
      "rationale_tag": "MINIMAX_REGRET_SCHEDULING",
      "difficulty": "very_hard"
    },
    {
      "task_id": "T16",
      "task_name": "Network-Exposed Compute Marketplace",
      "source_turn": 6,
      "question": "Across the last ten turns the operator considers exposing spare edge compute to third parties while the UAV mission is concluding. Telemetry shows edge_load moved from 0.3 and 0.35 early to 0.85 and 0.88 on mMTC at turns 5 and 6 before dropping back near 0.5 on URLLC. Latency simultaneously spiked to 120 ms and 110 ms on mMTC but stayed between 7 ms and 9 ms on URLLC. Throughput ranged from 0.9 to 1.2 Mbps on mMTC and from 100 to 130 Mbps on URLLC, while loss_pct ranged from 0.01 to 3.0. The marketplace proposal must hold for the next one to three turns in case the mMTC degradation persists or recurs. Third parties request bursty compute that would add load but are tolerant to reduced throughput. One option prioritizes immediate revenue by exposing resources during the current low edge_load snapshot. Another option conservatively limits exposure to protect future mission safety even if utilization looks safe now. A third option shifts exposure only to slices that recently looked stable without considering the worst observed values. A fourth option pauses exposure entirely, accepting opportunity cost but minimizing regret if poor conditions return. Which option should be selected?",
      "options": {
        "A": "Expose compute broadly now on all slices since edge_load has returned near 0.5 and URLLC latency is about 8 ms with throughput above 100 Mbps.",
        "B": "Expose compute only on URLLC because its latency stayed between 7 and 9 ms and loss_pct stayed below 0.03 despite prior mMTC congestion.",
        "C": "Expose compute on eMBB only because it previously delivered 800 to 900 Mbps at edge_load 0.3 to 0.35, assuming recovery persists.",
        "D": "Pause third party exposure for the next turns because worst case edge_load reached 0.88 with latency above 110 ms and could recur."
      },
      "correct": "D",
      "reason": "The worst observed edge_load of 0. 88 combined with latency above 110 ms shows that exposure could amplify congestion if conditions revert. URLLC looks good at the mean but still shares edge resources and would suffer if mMTC like load returns next turn. eMBB performance was only observed under low load earlier and has no guarantee against recurrence of the degraded state. Pausing exposure has an opportunity cost but minimizes maximum regret across the plausible future where degradation persists for multiple turns.",
      "rationale_tag": "MINIMAX_REGRET",
      "difficulty": "very_hard"
    },
    {
      "task_id": "T19",
      "task_name": "AI Agent Interoperability & Federation",
      "source_turn": 6,
      "question": "During swarm coordination, the UAV must decide how to federate state with a peer collision avoidance agent while network conditions fluctuate across turns. At turn 4 the link used URLLC with latency 7 ms, jitter 0.7 ms, loss 0.01 percent and edge_load 0.42, which supported successful a2a coordination. At turns 5 and 6 the link degraded to mMTC with latency 120 ms then 110 ms, jitter 25 ms then 30 ms, loss 2.5 percent then 3.0 percent, throughput 1.2 Mbps then 0.9 Mbps and edge_load 0.85 then 0.88. The UAV altitude must remain within the policy bounds of 5.0 to 60.0 while traveling at 18.0 mps, so delayed collision updates can cause rapid boundary violations. The operator expects coordination to persist for the next two turns even if mMTC conditions continue. One option is to keep full-state federation to maximize shared awareness, another is to switch to minimal beacons, another is to pause federation until eMBB returns, and another is to force URLLC reservation. Jitter and loss are uncertain because they have already varied between turns 5 and 6. Under worst case assumptions, loss may remain at 3.0 percent and jitter at 30 ms for two more turns. A single turn view favors richer data, but multi turn regret depends on sustained edge_load and packet loss. Each choice risks either safety degradation or network collapse in the next two turns. Which option should be selected?",
      "options": {
        "A": "Maintain full state federation at 0.9 Mbps on mMTC because throughput is nonzero and edge_load 0.88 has not yet saturated.",
        "B": "Switch to minimal beacon federation assuming loss stays near 2.5 percent and latency improves from 110 ms next turn.",
        "C": "Pause federation until eMBB returns since latency was 10 ms with edge_load 0.3 at turn 10.",
        "D": "Downgrade to minimal beacon federation sized for URLLC class metrics even if the slice remains mMTC."
      },
      "correct": "D",
      "reason": "Option D minimizes worst case regret because it assumes loss of 3. 0 percent and jitter of 30 ms persist while constraining update size to avoid further edge_load growth. Full state sharing fails under sustained 0. 88 edge_load and high loss over two turns, while pausing federation risks altitude violations at 18. 0 mps.",
      "rationale_tag": "MINIMAX_REGRET_FEDERATION",
      "difficulty": "very_hard"
    },
    {
      "task_id": "T22",
      "task_name": "Federated / Collaborative Learning Orchestration",
      "source_turn": 10,
      "question": "At turn 10 the operator considers scheduling a federated model update using data collected during the mission. Across turns 1 to 10 the network alternated between eMBB, URLLC, and mMTC with latency values of 7.5, 8, 9, 10, 11, and 12 ms and jitter between 0.8 and 30 ms. Throughput varied from 0.9 and 1.2 Mbps in mMTC to 800 and 900 Mbps in eMBB, while edge_load ranged from 0.3 to 0.88. Battery remains at 100 percent, so compute is not energy constrained, but edge congestion risk persists. The last two turns show URLLC at 7.5 and 8.5 ms latency with edge_load 0.4 and 0.48, while the immediately prior worst case showed mMTC at 110 to 120 ms latency and edge_load 0.88. Assume training requires two consecutive turns of acceptable connectivity and that degradation could persist for one more turn. A single turn plan would favor immediate aggregation, but a two to three turn horizon must consider regret if congestion returns. One option is to push a full federated round now on URLLC, another is to delay until stable eMBB reappears, another is to run local-only training with deferred aggregation, and another is to opportunistically aggregate on eMBB now. Each choice risks either wasted bandwidth, stalled learning, or future blockage. Which option should be selected?",
      "options": {
        "A": "Start a full federated aggregation immediately on URLLC using the current 7.5 to 8.5 ms latency and 100 to 130 Mbps throughput despite edge_load near 0.4 to 0.48.",
        "B": "Delay all federated activity until eMBB is confirmed again with 800 to 900 Mbps throughput and edge_load near 0.3 as seen at turns 1, 2, and 10.",
        "C": "Run local-only training now and defer aggregation until after two more turns to avoid the 0.88 edge_load and 110 to 120 ms latency seen in mMTC.",
        "D": "Opportunistically aggregate a partial update on eMBB at turn 10 with 10 ms latency and 800 Mbps throughput while accepting possible reversion to URLLC."
      },
      "correct": "C",
      "reason": "The worst observed latency of 120 ms and edge_load of 0. 88 show that congestion can recur within one turn. Immediate or opportunistic aggregation depends on a single good turn and fails under the worst case where acceptable connectivity does not persist for two turns. Deferring aggregation while running local training preserves progress without risking wasted bandwidth if the network degrades again. This choice minimizes maximum regret over the next two to three turns even though learning is delayed.",
      "rationale_tag": "MINIMAX_REGRET_UNDER_UNCERTAINTY",
      "difficulty": "very_hard"
    },
    {
      "task_id": "T23",
      "task_name": "Network-Assisted Digital Twin Control",
      "source_turn": 6,
      "question": "At turn 6 the operator monitors a digital twin while the UAV executes maneuvers under a degraded link. Recent history shows eMBB latency of 11 to 12 ms with throughput 850 to 900 Mbps and edge load 0.3 to 0.35 in turns 1 and 2. URLLC later provided latency between 7 and 9 ms with jitter between 0.7 and 1.2 ms, loss between 0.0 and 0.03 percent, throughput between 100 and 130 Mbps, and edge load between 0.4 and 0.5 in turns 3, 4, 7, 8, and 9. mMTC degraded performance at turns 5 and 6 with latency 120 and 110 ms, jitter between 25 and 30 ms, loss 2.5 and 3.0 percent, throughput 1.2 and 0.9 Mbps, and edge load 0.85 and 0.88. The digital twin needs timely telemetry and commands for the next two turns while landing preparation continues and sensor usage is reduced. Battery is still 100 percent and speed is 18.0 mps, so network choice dominates near term risk. Assume the worst case that mMTC conditions persist one more turn and URLLC edge load rises to its observed maximum. Also assume eMBB latency returns only to its observed mean rather than best case. Each option below reallocates telemetry and command channels starting now and holds for the next two turns. All options incur some downside either in load, throughput, or latency stability. Which option should be selected?",
      "options": {
        "A": "Keep all telemetry and commands on mMTC despite latency 110 to 120 ms, jitter 25 to 30 ms, loss up to 3.0 percent, throughput below 1.2 Mbps, and edge load up to 0.88 to avoid slice switching.",
        "B": "Move commands to URLLC with latency 7 to 9 ms and jitter up to 1.2 ms while keeping telemetry on eMBB with latency around 11 to 12 ms and edge load up to 0.35.",
        "C": "Move both telemetry and commands to URLLC accepting throughput between 100 and 130 Mbps and edge load up to 0.5 for the next two turns.",
        "D": "Move telemetry to eMBB and commands to mMTC to exploit eMBB throughput 850 to 900 Mbps while tolerating mMTC latency above 110 ms."
      },
      "correct": "B",
      "reason": "Option B limits worst case latency on commands while avoiding pushing URLLC edge load beyond its observed 0. 5 over two turns. It also avoids the 25 to 30 ms jitter and 3. 0 percent loss seen on mMTC that would compound if degradation persists. Compared with moving everything to URLLC, it reduces future regret from capacity pressure while still improving over eMBB alone.",
      "rationale_tag": "MINIMAX_REGRET_UNDER_UNCERTAINTY",
      "difficulty": "very_hard"
    },
    {
      "task_id": "T24",
      "task_name": "Sensing-Enhanced Decisioning (ISAC)",
      "source_turn": 7,
      "question": "At turn 7 the UAV has rgb and lidar sensors ok while thermal and radar are offline, and the network has just recovered to URLLC with latency 9 ms and jitter 1.2 ms after two turns on mMTC with 120 ms then 110 ms latency and jitter up to 30 ms. The throughput is now 100 Mbps with edge_load 0.5, but earlier it fell to 0.9 to 1.2 Mbps with edge_load 0.85 to 0.88. The vehicle speed is 18 mps and altitude must remain between 5.0 and 60.0, so perception delays translate directly into spatial error. Over the next two turns the link may either stay near URLLC levels seen at turns 8 and 9 or regress once to the mMTC worst case seen at turns 5 and 6. The operator must choose which sensing streams and fusion strategy to provide now, knowing that any choice has downside if conditions shift. A high fidelity fusion improves perception but stresses throughput if regression occurs. A minimal stream is robust to regression but reduces obstacle discrimination at speed. The worst case latency must be evaluated by combining latency and jitter observed across turns. The decision should minimize maximum regret over the next one to three turns rather than optimize the current snapshot. Which option should be selected?",
      "options": {
        "A": "Provide RGB plus LiDAR fused at the edge assuming URLLC latency around 9 ms and throughput 100 Mbps, accepting risk if latency returns toward 120 ms.",
        "B": "Provide RGB only with local fusion on the UAV, designed to tolerate 120 ms latency and 30 ms jitter seen on mMTC.",
        "C": "Provide RGB plus LiDAR with adaptive fusion that drops LiDAR if throughput falls toward 1.2 Mbps and edge_load rises toward 0.88.",
        "D": "Delay all sensing enhancement until eMBB returns to 800 Mbps and 10 ms latency as seen at turn 10."
      },
      "correct": "C",
      "reason": "Option C remains feasible under the worst case by reverting before the 120 ms plus jitter condition causes large spatial error at 18 mps. It also exploits the current 9 ms latency and 100 Mbps throughput when available without committing to that state. Option A fails only when considering regression to the earlier 110 to 120 ms latency regime. Option B minimizes current risk but creates higher regret if URLLC persists for the next turns by underusing available capacity.",
      "rationale_tag": "MINIMAX_REGRET_UNDER_UNCERTAINTY",
      "difficulty": "very_hard"
    },
    {
      "task_id": "T25",
      "task_name": "AI-Agent-based Disaster / Public-Safety Coordination",
      "source_turn": 6,
      "question": "During a disaster-response UAV mission, the agent observes that at turn 5 the network switches to mMTC with latency 120 ms, jitter 25 ms, loss 2.5 percent, throughput 1.2 Mbps, and edge load 0.85 while the UAV is flying at 18.0 mps with battery at 100 percent. At turn 6 the mMTC conditions persist with latency 110 ms, jitter 30 ms, loss 3.0 percent, throughput 0.9 Mbps, and edge load 0.88. Earlier URLLC operation at turns 3 and 4 showed latency between 7 and 8 ms, jitter below 1.0 ms, loss at or below 0.02 percent, throughput near 110 Mbps, and edge load around 0.4. The geofence and policy altitude bounds are 5.0 to 60.0 meters and the UAV is currently at 10.0 meters, so altitude changes are possible but limited. Assume the next one to three turns may either stay degraded like turn 6 or recover only partially toward turn 7 conditions. Coordination choices include slice selection, sensor usage, and whether to escalate to swarm-level control. Any choice risks either delayed control, reduced situational awareness, or higher future congestion. One option optimizes the current turn under mMTC, another narrowly meets good-link conditions only if recovery happens immediately, another ignores loss variability, and one minimizes worst-case regret if degradation lasts several turns. Considering worst-case latency, loss variability between 2.5 and 3.0 percent, and projected edge load trends, which option should be selected?",
      "options": {
        "A": "Remain on mMTC at edge load 0.88 to preserve capacity for others, accept 110 to 120 ms latency and 2.5 to 3.0 percent loss, and avoid escalation this turn.",
        "B": "Immediately switch back to URLLC with observed 7 to 9 ms latency and about 0.5 edge load, keep sensors active, and assume conditions will match turn 7 in the next turn.",
        "C": "Switch to eMBB with 800 to 900 Mbps throughput and 10 to 12 ms latency as seen earlier, ignoring recent loss spikes and edge load growth.",
        "D": "Switch to URLLC but proactively deactivate nonessential sensors and request swarm coordination, accepting around 0.4 to 0.5 edge load and reduced sensing for the next two turns."
      },
      "correct": "D",
      "reason": "The URLLC metrics show an order of magnitude lower latency and loss than mMTC even under worst observed conditions, which reduces control risk over multiple turns. Deactivating sensors lowers edge load from about 0. 85 to around 0. 5, limiting congestion if degradation persists. Assuming immediate recovery as in option B fails under the observed loss range of up to 3.",
      "rationale_tag": "MINIMAX_REGRET",
      "difficulty": "very_hard"
    },
    {
      "task_id": "T30",
      "task_name": "Network Security Detection & Response Automation",
      "source_turn": 6,
      "question": "At turn 6 the monitoring system flags a potential volumetric attack because the network has oscillated between slices and shows stressed metrics. Across turns 5 and 6 the mMTC slice reports latency of 120 ms then 110 ms and jitter of 25 ms then 30 ms with loss increasing from 2.5 percent to 3.0 percent. Edge load simultaneously rose from 0.85 to 0.88 while throughput fell from 1.2 Mbps to 0.9 Mbps, which could indicate either congestion or attack amplification. Earlier URLLC turns showed latency between 7 and 9 ms, jitter between 0.7 and 1.2 ms, loss at or below 0.03 percent, throughput from 100 to 130 Mbps, and edge load near 0.4 to 0.5. The detector must choose an automated response now that minimizes worst case regret if the degradation persists for one or two more turns rather than self resolving. If the next two turns mirror the worst observed mMTC metrics, command and control reliability could further erode, but aggressive isolation risks starving mission critical traffic. Conversely, assuming recovery could expose the system if the loss and jitter increases again toward the observed upper bounds. The response must therefore account for the full observed ranges rather than the best recent snapshot. A single turn improvement is insufficient evidence because the episode already shows rapid slice switching across turns. Which automated response should be selected?",
      "options": {
        "A": "Immediately isolate all mMTC traffic because loss reached 3.0 percent and edge load hit 0.88, accepting short term command delays.",
        "B": "Do nothing because latency improved from 120 ms to 110 ms and assume the anomaly will clear next turn.",
        "C": "Apply rate limiting to mMTC while keeping URLLC prioritized since URLLC latency stayed between 7 and 9 ms and edge load near 0.5.",
        "D": "Force all traffic onto URLLC because its loss stayed at or below 0.03 percent and throughput exceeded 100 Mbps."
      },
      "correct": "C",
      "reason": "The worst case mMTC metrics show sustained high jitter and loss with edge load near saturation, so ignoring the anomaly risks further degradation over multiple turns. Full isolation or forced migration would overcommit URLLC capacity and increase future regret if edge load rises again. Rate limiting mMTC contains potential attack amplification while preserving low latency control paths that remained stable across observed ranges. This choice remains acceptable even if the worst observed values persist for the next two turns.",
      "rationale_tag": "MINIMAX_REGRET_UNDER_ATTACK_UNCERTAINTY",
      "difficulty": "very_hard"
    }
  ]
}