{
  "initial_state": {
    "domain": "uav",
    "time_s": 0.0,
    "env": {
      "weather": "hail",
      "wind_mps": 6.5,
      "wind_dir_deg": 240.0
    },
    "airspace": {
      "alt_bounds": [
        5.0,
        120.0
      ],
      "geofence": [
        {
          "type": "polygon",
          "points": [
            [
              0.0,
              0.0
            ],
            [
              100.0,
              0.0
            ],
            [
              100.0,
              80.0
            ],
            [
              0.0,
              80.0
            ]
          ]
        }
      ]
    },
    "uav": {
      "pose": {
        "x": 10.0,
        "y": 10.0,
        "z": 20.0,
        "yaw": 90.0
      },
      "speed_mps": 28.0,
      "energy": {
        "battery_pct": 100.0
      },
      "sensors": {
        "rgb": "ok",
        "thermal": "offline",
        "lidar": "ok",
        "radar": "offline",
        "gnss": "ok",
        "imu": "ok",
        "magnetometer": "ok",
        "barometer": "ok"
      },
      "payloads": []
    },
    "policy": {
      "alt_bounds": [
        5.0,
        120.0
      ]
    },
    "safety_flags": {
      "nfz_violation": false,
      "separation_breach": false
    }
  },
  "dialogue": [
    {
      "turn": 1,
      "speaker": "agent",
      "intent": "initiate mission under adverse weather",
      "actions": [
        {
          "type": "mcp",
          "name": "read_telemetry",
          "args": {}
        }
      ],
      "obs": [
        {
          "tool": "read_telemetry",
          "result": {
            "pose": {
              "x": 10.0,
              "y": 10.0,
              "z": 20.0
            },
            "battery_pct": 100.0,
            "speed_mps": 28.0
          }
        }
      ],
      "net": {
        "slice": "eMBB",
        "lat_ms": 12,
        "jitter_ms": 2,
        "loss_pct": 0.1,
        "throughput_mbps": 850,
        "edge_load": 0.4
      }
    },
    {
      "turn": 2,
      "speaker": "user",
      "intent": "confirm mission start and request status",
      "actions": [
        {
          "type": "mcp",
          "name": "get_weather_status",
          "args": {}
        }
      ],
      "obs": [
        {
          "tool": "get_weather_status",
          "result": {
            "condition": "hail",
            "wind_mps": 6.5,
            "advisory": "proceed with caution"
          }
        }
      ],
      "net": {
        "slice": "eMBB",
        "lat_ms": 11,
        "jitter_ms": 1.8,
        "loss_pct": 0.05,
        "throughput_mbps": 870,
        "edge_load": 0.42
      }
    },
    {
      "turn": 3,
      "speaker": "agent",
      "intent": "adjust flight path for hail and wind",
      "actions": [
        {
          "type": "mcp",
          "name": "adjust_altitude",
          "args": {
            "target_z": 35.0
          }
        }
      ],
      "obs": [
        {
          "tool": "adjust_altitude",
          "result": {
            "status": "success",
            "new_z": 35.0
          }
        }
      ],
      "net": {
        "slice": "URLLC",
        "lat_ms": 8,
        "jitter_ms": 0.9,
        "loss_pct": 0.02,
        "throughput_mbps": 120,
        "edge_load": 0.38
      }
    },
    {
      "turn": 4,
      "speaker": "user",
      "intent": "request swarm coordination for collision avoidance",
      "actions": [
        {
          "type": "a2a",
          "task": "collision_avoidance",
          "to": "uav_swarm_agent",
          "payload": {
            "current_pose": {
              "x": 10.0,
              "y": 10.0,
              "z": 35.0
            },
            "waypoints": [
              {
                "x": 50.0,
                "y": 40.0,
                "z": 35.0
              }
            ]
          }
        }
      ],
      "obs": [
        {
          "task": "collision_avoidance",
          "from": "uav_swarm_agent",
          "status": "ok",
          "payload": {
            "safe": true,
            "recommended_speed": 22.0
          }
        }
      ],
      "net": {
        "slice": "URLLC",
        "lat_ms": 7,
        "jitter_ms": 0.7,
        "loss_pct": 0.01,
        "throughput_mbps": 110,
        "edge_load": 0.35
      }
    },
    {
      "turn": 5,
      "speaker": "agent",
      "intent": "reduce speed based on swarm advice",
      "actions": [
        {
          "type": "mcp",
          "name": "set_speed",
          "args": {
            "speed_mps": 22.0
          }
        }
      ],
      "obs": [
        {
          "tool": "set_speed",
          "result": {
            "status": "success",
            "new_speed": 22.0
          }
        }
      ],
      "net": {
        "slice": "URLLC",
        "lat_ms": 9,
        "jitter_ms": 1.1,
        "loss_pct": 0.03,
        "throughput_mbps": 115,
        "edge_load": 0.37
      }
    },
    {
      "turn": 6,
      "speaker": "user",
      "intent": "check sensor status and request thermal activation",
      "actions": [
        {
          "type": "mcp",
          "name": "diagnose_sensor",
          "args": {
            "sensor": "thermal"
          }
        }
      ],
      "obs": [
        {
          "tool": "diagnose_sensor",
          "result": {
            "sensor": "thermal",
            "status": "offline",
            "reason": "cold_start_required"
          }
        }
      ],
      "net": {
        "slice": "mMTC",
        "lat_ms": 120,
        "jitter_ms": 15,
        "loss_pct": 1.2,
        "throughput_mbps": 1.5,
        "edge_load": 0.65
      }
    },
    {
      "turn": 7,
      "speaker": "agent",
      "intent": "initiate thermal sensor warm-up",
      "actions": [
        {
          "type": "mcp",
          "name": "warm_sensor",
          "args": {
            "sensor": "thermal",
            "duration_s": 60
          }
        }
      ],
      "obs": [
        {
          "tool": "warm_sensor",
          "result": {
            "status": "in_progress",
            "expected_completion_s": 60
          }
        }
      ],
      "net": {
        "slice": "mMTC",
        "lat_ms": 130,
        "jitter_ms": 18,
        "loss_pct": 1.5,
        "throughput_mbps": 1.2,
        "edge_load": 0.7
      }
    },
    {
      "turn": 8,
      "speaker": "user",
      "intent": "request high-res imaging despite network degradation",
      "actions": [
        {
          "type": "mcp",
          "name": "capture_image",
          "args": {
            "mode": "high_res",
            "sensor": "rgb"
          }
        }
      ],
      "obs": [
        {
          "tool": "capture_image",
          "result": {
            "status": "failed",
            "reason": "high_res_unavailable_under_mMTC"
          }
        }
      ],
      "net": {
        "slice": "mMTC",
        "lat_ms": 140,
        "jitter_ms": 20,
        "loss_pct": 2.0,
        "throughput_mbps": 1.0,
        "edge_load": 0.75
      }
    },
    {
      "turn": 9,
      "speaker": "agent",
      "intent": "switch to low-res imaging for reliability",
      "actions": [
        {
          "type": "mcp",
          "name": "capture_image",
          "args": {
            "mode": "low_res",
            "sensor": "rgb"
          }
        }
      ],
      "obs": [
        {
          "tool": "capture_image",
          "result": {
            "status": "success",
            "image_id": "img_001_lowres",
            "size_kb": 120
          }
        }
      ],
      "net": {
        "slice": "URLLC",
        "lat_ms": 10,
        "jitter_ms": 1.2,
        "loss_pct": 0.04,
        "throughput_mbps": 100,
        "edge_load": 0.4
      }
    },
    {
      "turn": 10,
      "speaker": "user",
      "intent": "confirm return to base",
      "actions": [
        {
          "type": "mcp",
          "name": "set_waypoint",
          "args": {
            "x": 10.0,
            "y": 10.0,
            "z": 20.0
          }
        }
      ],
      "obs": [
        {
          "tool": "set_waypoint",
          "result": {
            "status": "accepted",
            "eta_s": 45
          }
        }
      ],
      "net": {
        "slice": "URLLC",
        "lat_ms": 9,
        "jitter_ms": 0.8,
        "loss_pct": 0.02,
        "throughput_mbps": 110,
        "edge_load": 0.39
      }
    },
    {
      "turn": 11,
      "speaker": "agent",
      "intent": "report final telemetry before landing",
      "actions": [
        {
          "type": "mcp",
          "name": "read_telemetry",
          "args": {}
        }
      ],
      "obs": [
        {
          "tool": "read_telemetry",
          "result": {
            "pose": {
              "x": 10.5,
              "y": 10.3,
              "z": 21.0
            },
            "battery_pct": 88.0,
            "speed_mps": 12.0
          }
        }
      ],
      "net": {
        "slice": "URLLC",
        "lat_ms": 8,
        "jitter_ms": 0.7,
        "loss_pct": 0.01,
        "throughput_mbps": 120,
        "edge_load": 0.36
      }
    }
  ],
  "final_state": {
    "domain": "uav",
    "time_s": 120.0,
    "env": {
      "weather": "hail",
      "wind_mps": 6.5,
      "wind_dir_deg": 240.0
    },
    "airspace": {
      "alt_bounds": [
        5.0,
        120.0
      ],
      "geofence": [
        {
          "type": "polygon",
          "points": [
            [
              0.0,
              0.0
            ],
            [
              100.0,
              0.0
            ],
            [
              100.0,
              80.0
            ],
            [
              0.0,
              80.0
            ]
          ]
        }
      ]
    },
    "uav": {
      "pose": {
        "x": 10.5,
        "y": 10.3,
        "z": 21.0,
        "yaw": 90.0
      },
      "speed_mps": 12.0,
      "energy": {
        "battery_pct": 88.0
      },
      "sensors": {
        "rgb": "ok",
        "thermal": "warming",
        "lidar": "ok",
        "radar": "offline",
        "gnss": "ok",
        "imu": "ok",
        "magnetometer": "ok",
        "barometer": "ok"
      },
      "payloads": []
    },
    "policy": {
      "alt_bounds": [
        5.0,
        120.0
      ]
    },
    "safety_flags": {
      "nfz_violation": false,
      "separation_breach": false
    }
  },
  "success": true,
  "_meta": {
    "seed": 42,
    "ts": 1763902445,
    "ts_iso": "2025-11-23T12:54:05Z",
    "gen_time_s": 69.72771573066711,
    "attempts_used": 1,
    "generation_failed": false,
    "usage": {
      "prompt_tokens": 1054,
      "completion_tokens": 3202,
      "total_tokens": 4256,
      "cost": 0.00267908,
      "is_byok": false,
      "prompt_tokens_details": {
        "cached_tokens": 1040,
        "audio_tokens": 0,
        "video_tokens": 0
      },
      "cost_details": {
        "upstream_inference_cost": null,
        "upstream_inference_prompt_cost": 0.00011748,
        "upstream_inference_completions_cost": 0.0025616
      },
      "completion_tokens_details": {
        "reasoning_tokens": 0,
        "image_tokens": 0
      }
    }
  }
}