{
  "initial_state": {
    "domain": "uav",
    "time_s": 0.0,
    "env": {
      "weather": "good",
      "wind_mps": 12.0,
      "wind_dir_deg": 270.0
    },
    "airspace": {
      "alt_bounds": [
        10.0,
        120.0
      ],
      "geofence": [
        {
          "type": "polygon",
          "points": [
            [
              0,
              0
            ],
            [
              0,
              300
            ],
            [
              200,
              300
            ],
            [
              200,
              0
            ]
          ]
        }
      ]
    },
    "uav": {
      "pose": {
        "x": 20.0,
        "y": 20.0,
        "z": 20.0,
        "yaw": 90.0
      },
      "speed_mps": 35.0,
      "energy": {
        "battery_pct": 100.0
      },
      "sensors": {
        "rgb": "ok",
        "thermal": "offline",
        "lidar": "ok",
        "radar": "offline",
        "gnss": "ok",
        "imu": "ok",
        "magnetometer": "ok",
        "barometer": "ok"
      },
      "payloads": []
    },
    "policy": {
      "alt_bounds": [
        10.0,
        120.0
      ]
    },
    "safety_flags": {
      "nfz_violation": false,
      "separation_breach": false
    }
  },
  "dialogue": [
    {
      "turn": 1,
      "speaker": "agent",
      "intent": "initiate mission and check telemetry",
      "actions": [
        {
          "type": "mcp",
          "name": "read_telemetry",
          "args": {}
        }
      ],
      "obs": [
        {
          "tool": "read_telemetry",
          "result": {
            "pose": {
              "x": 20.0,
              "y": 20.0,
              "z": 20.0,
              "yaw": 90.0
            },
            "speed_mps": 35.0,
            "battery_pct": 100.0,
            "sensors": {
              "gnss": "ok",
              "imu": "ok"
            }
          }
        }
      ],
      "net": {
        "slice": "eMBB",
        "lat_ms": 12,
        "jitter_ms": 2,
        "loss_pct": 0.1,
        "throughput_mbps": 850,
        "edge_load": 0.45
      }
    },
    {
      "turn": 2,
      "speaker": "user",
      "intent": "confirm mission start and assign delivery waypoint",
      "actions": [
        {
          "type": "mcp",
          "name": "set_waypoint",
          "args": {
            "x": 180.0,
            "y": 280.0,
            "z": 50.0
          }
        }
      ],
      "obs": [
        {
          "tool": "set_waypoint",
          "result": {
            "status": "accepted",
            "target": {
              "x": 180.0,
              "y": 280.0,
              "z": 50.0
            }
          }
        }
      ],
      "net": {
        "slice": "eMBB",
        "lat_ms": 10,
        "jitter_ms": 1,
        "loss_pct": 0.05,
        "throughput_mbps": 900,
        "edge_load": 0.48
      }
    },
    {
      "turn": 3,
      "speaker": "agent",
      "intent": "activate lidar for obstacle detection in corridor",
      "actions": [
        {
          "type": "mcp",
          "name": "activate_sensor",
          "args": {
            "sensor": "lidar"
          }
        }
      ],
      "obs": [
        {
          "tool": "activate_sensor",
          "result": {
            "sensor": "lidar",
            "status": "activated"
          }
        }
      ],
      "net": {
        "slice": "URLLC",
        "lat_ms": 5,
        "jitter_ms": 0.8,
        "loss_pct": 0.02,
        "throughput_mbps": 120,
        "edge_load": 0.32
      }
    },
    {
      "turn": 4,
      "speaker": "user",
      "intent": "request swarm coordination for collision check",
      "actions": [
        {
          "type": "a2a",
          "task": "collision_avoidance",
          "to": "uav_swarm_agent",
          "payload": {
            "current_pose": {
              "x": 20.0,
              "y": 20.0,
              "z": 20.0
            },
            "target_waypoint": {
              "x": 180.0,
              "y": 280.0,
              "z": 50.0
            }
          }
        }
      ],
      "obs": [
        {
          "task": "collision_avoidance",
          "from": "uav_swarm_agent",
          "status": "ok",
          "payload": {
            "clearance": "safe",
            "conflict_uavs": []
          }
        }
      ],
      "net": {
        "slice": "URLLC",
        "lat_ms": 6,
        "jitter_ms": 1.1,
        "loss_pct": 0.03,
        "throughput_mbps": 110,
        "edge_load": 0.35
      }
    },
    {
      "turn": 5,
      "speaker": "agent",
      "intent": "adjust altitude due to crosswind and initiate climb",
      "actions": [
        {
          "type": "mcp",
          "name": "adjust_altitude",
          "args": {
            "target_z": 60.0
          }
        }
      ],
      "obs": [
        {
          "tool": "adjust_altitude",
          "result": {
            "status": "executing",
            "from_z": 20.0,
            "to_z": 60.0
          }
        }
      ],
      "net": {
        "slice": "URLLC",
        "lat_ms": 4,
        "jitter_ms": 0.7,
        "loss_pct": 0.01,
        "throughput_mbps": 130,
        "edge_load": 0.3
      }
    },
    {
      "turn": 6,
      "speaker": "user",
      "intent": "monitor progress and request telemetry snapshot",
      "actions": [
        {
          "type": "mcp",
          "name": "read_telemetry",
          "args": {}
        }
      ],
      "obs": [
        {
          "tool": "read_telemetry",
          "result": {
            "pose": {
              "x": 65.0,
              "y": 70.0,
              "z": 60.0,
              "yaw": 92.0
            },
            "speed_mps": 32.0,
            "battery_pct": 94.5,
            "wind_compensation": "active"
          }
        }
      ],
      "net": {
        "slice": "eMBB",
        "lat_ms": 15,
        "jitter_ms": 3,
        "loss_pct": 0.2,
        "throughput_mbps": 780,
        "edge_load": 0.52
      }
    },
    {
      "turn": 7,
      "speaker": "agent",
      "intent": "detect network degradation, switch to URLLC",
      "actions": [
        {
          "type": "mcp",
          "name": "switch_network_slice",
          "args": {
            "target": "URLLC"
          }
        }
      ],
      "obs": [
        {
          "tool": "switch_network_slice",
          "result": {
            "status": "success",
            "from": "eMBB",
            "to": "URLLC"
          }
        }
      ],
      "net": {
        "slice": "URLLC",
        "lat_ms": 5,
        "jitter_ms": 0.9,
        "loss_pct": 0.02,
        "throughput_mbps": 125,
        "edge_load": 0.33
      }
    },
    {
      "turn": 8,
      "speaker": "user",
      "intent": "verify geofence compliance and approve final descent",
      "actions": [
        {
          "type": "mcp",
          "name": "check_geofence",
          "args": {}
        }
      ],
      "obs": [
        {
          "tool": "check_geofence",
          "result": {
            "status": "inside",
            "distance_to_boundary": 20.0
          }
        }
      ],
      "net": {
        "slice": "URLLC",
        "lat_ms": 4,
        "jitter_ms": 0.6,
        "loss_pct": 0.01,
        "throughput_mbps": 135,
        "edge_load": 0.31
      }
    },
    {
      "turn": 9,
      "speaker": "agent",
      "intent": "descend and prepare for delivery",
      "actions": [
        {
          "type": "mcp",
          "name": "adjust_altitude",
          "args": {
            "target_z": 30.0
          }
        }
      ],
      "obs": [
        {
          "tool": "adjust_altitude",
          "result": {
            "status": "executing",
            "from_z": 60.0,
            "to_z": 30.0
          }
        }
      ],
      "net": {
        "slice": "URLLC",
        "lat_ms": 5,
        "jitter_ms": 0.8,
        "loss_pct": 0.02,
        "throughput_mbps": 128,
        "edge_load": 0.34
      }
    },
    {
      "turn": 10,
      "speaker": "user",
      "intent": "confirm delivery and initiate return",
      "actions": [
        {
          "type": "mcp",
          "name": "deliver_payload",
          "args": {}
        }
      ],
      "obs": [
        {
          "tool": "deliver_payload",
          "result": {
            "status": "success",
            "timestamp_s": 105.3
          }
        }
      ],
      "net": {
        "slice": "URLLC",
        "lat_ms": 4,
        "jitter_ms": 0.7,
        "loss_pct": 0.01,
        "throughput_mbps": 132,
        "edge_load": 0.3
      }
    }
  ],
  "final_state": {
    "domain": "uav",
    "time_s": 110.0,
    "env": {
      "weather": "good",
      "wind_mps": 12.0,
      "wind_dir_deg": 270.0
    },
    "airspace": {
      "alt_bounds": [
        10.0,
        120.0
      ],
      "geofence": [
        {
          "type": "polygon",
          "points": [
            [
              0,
              0
            ],
            [
              0,
              300
            ],
            [
              200,
              300
            ],
            [
              200,
              0
            ]
          ]
        }
      ]
    },
    "uav": {
      "pose": {
        "x": 180.0,
        "y": 280.0,
        "z": 30.0,
        "yaw": 92.0
      },
      "speed_mps": 0.0,
      "energy": {
        "battery_pct": 89.7
      },
      "sensors": {
        "rgb": "ok",
        "thermal": "offline",
        "lidar": "ok",
        "radar": "offline",
        "gnss": "ok",
        "imu": "ok",
        "magnetometer": "ok",
        "barometer": "ok"
      },
      "payloads": []
    },
    "policy": {
      "alt_bounds": [
        10.0,
        120.0
      ]
    },
    "safety_flags": {
      "nfz_violation": false,
      "separation_breach": false
    }
  },
  "success": true,
  "_meta": {
    "seed": 42,
    "ts": 1763803028,
    "ts_iso": "2025-11-22T09:17:08Z",
    "gen_time_s": 40.25096535682678,
    "attempts_used": 1,
    "generation_failed": false,
    "usage": {
      "prompt_tokens": 1052,
      "completion_tokens": 3026,
      "total_tokens": 4078,
      "cost": 0.00276146,
      "is_byok": false,
      "prompt_tokens_details": {
        "cached_tokens": 0,
        "audio_tokens": 0,
        "video_tokens": 0
      },
      "cost_details": {
        "upstream_inference_cost": null,
        "upstream_inference_prompt_cost": 0.00018936,
        "upstream_inference_completions_cost": 0.0025721
      },
      "completion_tokens_details": {
        "reasoning_tokens": 0,
        "image_tokens": 0
      }
    }
  }
}