{
  "initial_state": {
    "domain": "uav",
    "time_s": 0.0,
    "env": {
      "weather": "hail",
      "wind_mps": 12.0,
      "wind_dir_deg": 270.0
    },
    "airspace": {
      "alt_bounds": [
        10.0,
        120.0
      ],
      "geofence": [
        {
          "type": "polygon",
          "points": [
            [
              0,
              0
            ],
            [
              200,
              0
            ],
            [
              200,
              200
            ],
            [
              0,
              200
            ]
          ]
        }
      ]
    },
    "uav": {
      "pose": {
        "x": 10.0,
        "y": 10.0,
        "z": 20.0,
        "yaw": 90.0
      },
      "speed_mps": 18.0,
      "energy": {
        "battery_pct": 100.0
      },
      "sensors": {
        "rgb": "ok",
        "thermal": "offline",
        "lidar": "ok",
        "radar": "offline",
        "gnss": "ok",
        "imu": "ok",
        "magnetometer": "ok",
        "barometer": "ok"
      },
      "payloads": []
    },
    "policy": {
      "alt_bounds": [
        10.0,
        120.0
      ]
    },
    "safety_flags": {
      "nfz_violation": false,
      "separation_breach": false
    }
  },
  "dialogue": [
    {
      "turn": 1,
      "speaker": "agent",
      "intent": "initiate mission and assess current state",
      "actions": [
        {
          "type": "mcp",
          "name": "read_telemetry",
          "args": {}
        },
        {
          "type": "mcp",
          "name": "check_sensor_health",
          "args": {}
        }
      ],
      "obs": [
        {
          "tool": "read_telemetry",
          "result": {
            "pose": {
              "x": 10.0,
              "y": 10.0,
              "z": 20.0,
              "yaw": 90.0
            },
            "speed_mps": 18.0,
            "battery_pct": 100.0
          }
        },
        {
          "tool": "check_sensor_health",
          "result": {
            "sensors": {
              "rgb": "ok",
              "thermal": "offline",
              "lidar": "ok",
              "radar": "offline",
              "gnss": "ok",
              "imu": "ok",
              "magnetometer": "ok",
              "barometer": "ok"
            }
          }
        }
      ],
      "net": {
        "slice": "eMBB",
        "lat_ms": 18,
        "jitter_ms": 3,
        "loss_pct": 0.1,
        "throughput_mbps": 850,
        "edge_load": 0.35
      }
    },
    {
      "turn": 2,
      "speaker": "user",
      "intent": "confirm mission start and request weather adaptation",
      "actions": [
        {
          "type": "mcp",
          "name": "get_weather",
          "args": {}
        }
      ],
      "obs": [
        {
          "tool": "get_weather",
          "result": {
            "condition": "hail",
            "wind_mps": 12.0,
            "wind_dir_deg": 270.0,
            "visibility_m": 400
          }
        }
      ],
      "net": {
        "slice": "eMBB",
        "lat_ms": 20,
        "jitter_ms": 4,
        "loss_pct": 0.2,
        "throughput_mbps": 800,
        "edge_load": 0.4
      }
    },
    {
      "turn": 3,
      "speaker": "agent",
      "intent": "adjust flight parameters for hail and wind",
      "actions": [
        {
          "type": "mcp",
          "name": "adjust_flight_params",
          "args": {
            "altitude": 35.0,
            "speed": 12.0,
            "yaw": 90.0
          }
        }
      ],
      "obs": [
        {
          "tool": "adjust_flight_params",
          "result": {
            "status": "success",
            "new_altitude": 35.0,
            "new_speed": 12.0
          }
        }
      ],
      "net": {
        "slice": "URLLC",
        "lat_ms": 8,
        "jitter_ms": 1,
        "loss_pct": 0.05,
        "throughput_mbps": 100,
        "edge_load": 0.2
      }
    },
    {
      "turn": 4,
      "speaker": "user",
      "intent": "request swarm coordination for obstacle mapping",
      "actions": [
        {
          "type": "a2a",
          "task": "request_obstacle_map",
          "to": "uav_swarm_agent",
          "payload": {
            "area": [
              [
                50,
                50
              ],
              [
                150,
                150
              ]
            ],
            "priority": "high"
          }
        }
      ],
      "obs": [
        {
          "task": "request_obstacle_map",
          "from": "uav_swarm_agent",
          "status": "ok",
          "payload": {
            "obstacles": [
              {
                "type": "building",
                "centroid": [
                  80,
                  90
                ],
                "radius": 15
              }
            ],
            "timestamp": 3.2
          }
        }
      ],
      "net": {
        "slice": "URLLC",
        "lat_ms": 10,
        "jitter_ms": 1.2,
        "loss_pct": 0.08,
        "throughput_mbps": 95,
        "edge_load": 0.25
      }
    },
    {
      "turn": 5,
      "speaker": "agent",
      "intent": "plan safe path using obstacle data",
      "actions": [
        {
          "type": "mcp",
          "name": "compute_path",
          "args": {
            "start": [
              10,
              10
            ],
            "goal": [
              180,
              180
            ],
            "obstacles": [
              {
                "type": "building",
                "centroid": [
                  80,
                  90
                ],
                "radius": 15
              }
            ]
          }
        }
      ],
      "obs": [
        {
          "tool": "compute_path",
          "result": {
            "path": [
              [
                10,
                10
              ],
              [
                40,
                40
              ],
              [
                70,
                80
              ],
              [
                110,
                120
              ],
              [
                180,
                180
              ]
            ],
            "clearance": 22.5
          }
        }
      ],
      "net": {
        "slice": "eMBB",
        "lat_ms": 25,
        "jitter_ms": 5,
        "loss_pct": 0.3,
        "throughput_mbps": 750,
        "edge_load": 0.5
      }
    },
    {
      "turn": 6,
      "speaker": "user",
      "intent": "verify path and request thermal sensor activation",
      "actions": [
        {
          "type": "mcp",
          "name": "attempt_sensor_warmup",
          "args": {
            "sensor": "thermal"
          }
        }
      ],
      "obs": [
        {
          "tool": "attempt_sensor_warmup",
          "result": {
            "sensor": "thermal",
            "status": "failed",
            "reason": "hardware_fault_in_cold_hail"
          }
        }
      ],
      "net": {
        "slice": "mMTC",
        "lat_ms": 50,
        "jitter_ms": 15,
        "loss_pct": 1.2,
        "throughput_mbps": 1.5,
        "edge_load": 0.7
      }
    },
    {
      "turn": 7,
      "speaker": "agent",
      "intent": "adapt to sensor failure and degraded network",
      "actions": [
        {
          "type": "mcp",
          "name": "activate_lidar_mapping",
          "args": {
            "resolution": "medium",
            "range": 50
          }
        }
      ],
      "obs": [
        {
          "tool": "activate_lidar_mapping",
          "result": {
            "status": "active",
            "mode": "obstacle_tracking",
            "update_rate": 5
          }
        }
      ],
      "net": {
        "slice": "URLLC",
        "lat_ms": 9,
        "jitter_ms": 1.1,
        "loss_pct": 0.06,
        "throughput_mbps": 110,
        "edge_load": 0.18
      }
    },
    {
      "turn": 8,
      "speaker": "user",
      "intent": "authorize path execution",
      "actions": [
        {
          "type": "mcp",
          "name": "execute_path",
          "args": {
            "path_id": "path_7a2f"
          }
        }
      ],
      "obs": [
        {
          "tool": "execute_path",
          "result": {
            "status": "in_progress",
            "eta_s": 42.5,
            "current_waypoint": 1
          }
        }
      ],
      "net": {
        "slice": "URLLC",
        "lat_ms": 7,
        "jitter_ms": 0.9,
        "loss_pct": 0.04,
        "throughput_mbps": 120,
        "edge_load": 0.15
      }
    },
    {
      "turn": 9,
      "speaker": "agent",
      "intent": "monitor execution and detect network fluctuation",
      "actions": [
        {
          "type": "mcp",
          "name": "read_telemetry",
          "args": {}
        }
      ],
      "obs": [
        {
          "tool": "read_telemetry",
          "result": {
            "pose": {
              "x": 42.1,
              "y": 43.8,
              "z": 35.0,
              "yaw": 92.3
            },
            "speed_mps": 11.8,
            "battery_pct": 96.2
          }
        }
      ],
      "net": {
        "slice": "eMBB",
        "lat_ms": 30,
        "jitter_ms": 8,
        "loss_pct": 0.5,
        "throughput_mbps": 600,
        "edge_load": 0.65
      }
    },
    {
      "turn": 10,
      "speaker": "user",
      "intent": "request status update and battery check",
      "actions": [
        {
          "type": "mcp",
          "name": "check_battery",
          "args": {}
        }
      ],
      "obs": [
        {
          "tool": "check_battery",
          "result": {
            "battery_pct": 96.2,
            "voltage": 15.8,
            "current_draw": 3.1
          }
        }
      ],
      "net": {
        "slice": "mMTC",
        "lat_ms": 60,
        "jitter_ms": 20,
        "loss_pct": 2.0,
        "throughput_mbps": 0.8,
        "edge_load": 0.85
      }
    },
    {
      "turn": 11,
      "speaker": "agent",
      "intent": "complete mission and return status",
      "actions": [
        {
          "type": "mcp",
          "name": "land_uav",
          "args": {
            "target": [
              180,
              180,
              10
            ]
          }
        }
      ],
      "obs": [
        {
          "tool": "land_uav",
          "result": {
            "status": "completed",
            "final_pose": {
              "x": 180,
              "y": 180,
              "z": 10,
              "yaw": 90
            },
            "battery_pct": 92.1
          }
        }
      ],
      "net": {
        "slice": "URLLC",
        "lat_ms": 6,
        "jitter_ms": 0.8,
        "loss_pct": 0.03,
        "throughput_mbps": 130,
        "edge_load": 0.1
      }
    }
  ],
  "final_state": {
    "domain": "uav",
    "time_s": 48.7,
    "env": {
      "weather": "hail",
      "wind_mps": 12.0,
      "wind_dir_deg": 270.0
    },
    "airspace": {
      "alt_bounds": [
        10.0,
        120.0
      ],
      "geofence": [
        {
          "type": "polygon",
          "points": [
            [
              0,
              0
            ],
            [
              200,
              0
            ],
            [
              200,
              200
            ],
            [
              0,
              200
            ]
          ]
        }
      ]
    },
    "uav": {
      "pose": {
        "x": 180,
        "y": 180,
        "z": 10,
        "yaw": 90
      },
      "speed_mps": 0.0,
      "energy": {
        "battery_pct": 92.1
      },
      "sensors": {
        "rgb": "ok",
        "thermal": "offline",
        "lidar": "ok",
        "radar": "offline",
        "gnss": "ok",
        "imu": "ok",
        "magnetometer": "ok",
        "barometer": "ok"
      },
      "payloads": []
    },
    "policy": {
      "alt_bounds": [
        10.0,
        120.0
      ]
    },
    "safety_flags": {
      "nfz_violation": false,
      "separation_breach": false
    }
  },
  "success": true,
  "_meta": {
    "seed": 42,
    "ts": 1763962676,
    "ts_iso": "2025-11-24T05:37:56Z",
    "gen_time_s": 51.459399938583374,
    "attempts_used": 1,
    "generation_failed": false,
    "usage": {
      "prompt_tokens": 1057,
      "completion_tokens": 3447,
      "total_tokens": 4504,
      "cost": 0.00292326,
      "is_byok": false,
      "prompt_tokens_details": {
        "cached_tokens": 608,
        "audio_tokens": 0,
        "video_tokens": 0
      },
      "cost_details": {
        "upstream_inference_cost": null,
        "upstream_inference_prompt_cost": 0.00016566,
        "upstream_inference_completions_cost": 0.0027576
      },
      "completion_tokens_details": {
        "reasoning_tokens": 0,
        "image_tokens": 0
      }
    }
  }
}