{
  "initial_state": {
    "domain": "uav",
    "time_s": 0.0,
    "env": {
      "weather": "icing",
      "wind_mps": 6.0,
      "wind_dir_deg": 240.0
    },
    "airspace": {
      "alt_bounds": [
        10.0,
        120.0
      ],
      "geofence": [
        {
          "type": "polygon",
          "points": [
            [
              0.0,
              0.0
            ],
            [
              500.0,
              0.0
            ],
            [
              500.0,
              400.0
            ],
            [
              0.0,
              400.0
            ]
          ]
        }
      ]
    },
    "uav": {
      "pose": {
        "x": 50.0,
        "y": 50.0,
        "z": 25.0,
        "yaw": 90.0
      },
      "speed_mps": 15.0,
      "energy": {
        "battery_pct": 100.0
      },
      "sensors": {
        "rgb": "ok",
        "thermal": "offline",
        "lidar": "offline",
        "radar": "offline",
        "gnss": "ok",
        "imu": "ok",
        "magnetometer": "ok",
        "barometer": "ok"
      },
      "payloads": []
    },
    "policy": {
      "alt_bounds": [
        10.0,
        120.0
      ]
    },
    "safety_flags": {
      "nfz_violation": false,
      "separation_breach": false
    }
  },
  "dialogue": [
    {
      "turn": 1,
      "speaker": "agent",
      "intent": "initiate_mission_and_check_telemetry",
      "actions": [
        {
          "type": "mcp",
          "name": "read_telemetry",
          "args": {}
        }
      ],
      "obs": [
        {
          "tool": "read_telemetry",
          "result": {
            "pose": {
              "x": 50.0,
              "y": 50.0,
              "z": 25.0,
              "yaw": 90.0
            },
            "speed_mps": 15.0,
            "battery_pct": 100.0,
            "sensors": {
              "gnss": "ok",
              "imu": "ok"
            }
          }
        }
      ],
      "net": {
        "slice": "eMBB",
        "lat_ms": 12,
        "jitter_ms": 2,
        "loss_pct": 0.1,
        "throughput_mbps": 850,
        "edge_load": 0.3
      }
    },
    {
      "turn": 2,
      "speaker": "user",
      "intent": "request_sensor_repair",
      "actions": [
        {
          "type": "mcp",
          "name": "repair_sensor",
          "args": {
            "sensor": "thermal"
          }
        }
      ],
      "obs": [
        {
          "tool": "repair_sensor",
          "result": {
            "sensor": "thermal",
            "status": "success",
            "message": "Thermal sensor restored."
          }
        }
      ],
      "net": {
        "slice": "URLLC",
        "lat_ms": 8,
        "jitter_ms": 1,
        "loss_pct": 0.05,
        "throughput_mbps": 100,
        "edge_load": 0.2
      }
    },
    {
      "turn": 3,
      "speaker": "agent",
      "intent": "activate_thermal_sensor",
      "actions": [
        {
          "type": "mcp",
          "name": "activate_sensor",
          "args": {
            "sensor": "thermal"
          }
        }
      ],
      "obs": [
        {
          "tool": "activate_sensor",
          "result": {
            "sensor": "thermal",
            "status": "active"
          }
        }
      ],
      "net": {
        "slice": "URLLC",
        "lat_ms": 9,
        "jitter_ms": 1.5,
        "loss_pct": 0.08,
        "throughput_mbps": 95,
        "edge_load": 0.25
      }
    },
    {
      "turn": 4,
      "speaker": "user",
      "intent": "request_swarm_coordination",
      "actions": [
        {
          "type": "a2a",
          "task": "collision_avoidance",
          "to": "uav_swarm_agent",
          "payload": {
            "current_pose": {
              "x": 50.0,
              "y": 50.0,
              "z": 25.0
            },
            "trajectory": [
              {
                "x": 100.0,
                "y": 100.0,
                "z": 40.0
              }
            ]
          }
        }
      ],
      "obs": [
        {
          "task": "collision_avoidance",
          "from": "uav_swarm_agent",
          "status": "ok",
          "payload": {
            "clearance": true,
            "recommended_alt": 45.0
          }
        }
      ],
      "net": {
        "slice": "URLLC",
        "lat_ms": 10,
        "jitter_ms": 1.2,
        "loss_pct": 0.1,
        "throughput_mbps": 110,
        "edge_load": 0.3
      }
    },
    {
      "turn": 5,
      "speaker": "agent",
      "intent": "adjust_trajectory_based_on_swarm",
      "actions": [
        {
          "type": "mcp",
          "name": "set_waypoint",
          "args": {
            "x": 100.0,
            "y": 100.0,
            "z": 45.0
          }
        }
      ],
      "obs": [
        {
          "tool": "set_waypoint",
          "result": {
            "waypoint": {
              "x": 100.0,
              "y": 100.0,
              "z": 45.0
            },
            "status": "accepted"
          }
        }
      ],
      "net": {
        "slice": "eMBB",
        "lat_ms": 14,
        "jitter_ms": 3,
        "loss_pct": 0.5,
        "throughput_mbps": 700,
        "edge_load": 0.4
      }
    },
    {
      "turn": 6,
      "speaker": "user",
      "intent": "report_network_degradation",
      "actions": [
        {
          "type": "mcp",
          "name": "check_network",
          "args": {}
        }
      ],
      "obs": [
        {
          "tool": "check_network",
          "result": {
            "slice": "eMBB",
            "lat_ms": 45,
            "jitter_ms": 12,
            "loss_pct": 5.0,
            "throughput_mbps": 120,
            "edge_load": 0.8
          }
        }
      ],
      "net": {
        "slice": "eMBB",
        "lat_ms": 45,
        "jitter_ms": 12,
        "loss_pct": 5.0,
        "throughput_mbps": 120,
        "edge_load": 0.8
      }
    },
    {
      "turn": 7,
      "speaker": "agent",
      "intent": "switch_to_urltc_for_resilience",
      "actions": [
        {
          "type": "mcp",
          "name": "switch_network_slice",
          "args": {
            "target_slice": "URLLC"
          }
        }
      ],
      "obs": [
        {
          "tool": "switch_network_slice",
          "result": {
            "from": "eMBB",
            "to": "URLLC",
            "status": "success"
          }
        }
      ],
      "net": {
        "slice": "URLLC",
        "lat_ms": 11,
        "jitter_ms": 2,
        "loss_pct": 0.2,
        "throughput_mbps": 90,
        "edge_load": 0.35
      }
    },
    {
      "turn": 8,
      "speaker": "user",
      "intent": "request_emergency_hover",
      "actions": [
        {
          "type": "mcp",
          "name": "hover",
          "args": {
            "duration_s": 30
          }
        }
      ],
      "obs": [
        {
          "tool": "hover",
          "result": {
            "status": "hovering",
            "duration_s": 30,
            "battery_drop": 3.0
          }
        }
      ],
      "net": {
        "slice": "URLLC",
        "lat_ms": 10,
        "jitter_ms": 1.8,
        "loss_pct": 0.15,
        "throughput_mbps": 98,
        "edge_load": 0.3
      }
    },
    {
      "turn": 9,
      "speaker": "agent",
      "intent": "resume_mission_with_caution",
      "actions": [
        {
          "type": "mcp",
          "name": "read_telemetry",
          "args": {}
        }
      ],
      "obs": [
        {
          "tool": "read_telemetry",
          "result": {
            "pose": {
              "x": 100.0,
              "y": 100.0,
              "z": 45.0
            },
            "speed_mps": 0.0,
            "battery_pct": 97.0,
            "sensors": {
              "gnss": "ok",
              "imu": "ok"
            }
          }
        }
      ],
      "net": {
        "slice": "URLLC",
        "lat_ms": 9,
        "jitter_ms": 1.5,
        "loss_pct": 0.1,
        "throughput_mbps": 105,
        "edge_load": 0.28
      }
    },
    {
      "turn": 10,
      "speaker": "user",
      "intent": "authorize_final_approach",
      "actions": [
        {
          "type": "mcp",
          "name": "set_waypoint",
          "args": {
            "x": 450.0,
            "y": 350.0,
            "z": 30.0
          }
        }
      ],
      "obs": [
        {
          "tool": "set_waypoint",
          "result": {
            "waypoint": {
              "x": 450.0,
              "y": 350.0,
              "z": 30.0
            },
            "status": "accepted"
          }
        }
      ],
      "net": {
        "slice": "mMTC",
        "lat_ms": 25,
        "jitter_ms": 5,
        "loss_pct": 1.0,
        "throughput_mbps": 1.5,
        "edge_load": 0.5
      }
    },
    {
      "turn": 11,
      "speaker": "agent",
      "intent": "verify_final_approach_safety",
      "actions": [
        {
          "type": "mcp",
          "name": "check_geofence",
          "args": {
            "x": 450.0,
            "y": 350.0
          }
        }
      ],
      "obs": [
        {
          "tool": "check_geofence",
          "result": {
            "inside": true,
            "violation": false
          }
        }
      ],
      "net": {
        "slice": "mMTC",
        "lat_ms": 24,
        "jitter_ms": 4.5,
        "loss_pct": 0.8,
        "throughput_mbps": 1.8,
        "edge_load": 0.48
      }
    }
  ],
  "final_state": {
    "domain": "uav",
    "time_s": 180.0,
    "env": {
      "weather": "icing",
      "wind_mps": 6.0,
      "wind_dir_deg": 240.0
    },
    "airspace": {
      "alt_bounds": [
        10.0,
        120.0
      ],
      "geofence": [
        {
          "type": "polygon",
          "points": [
            [
              0.0,
              0.0
            ],
            [
              500.0,
              0.0
            ],
            [
              500.0,
              400.0
            ],
            [
              0.0,
              400.0
            ]
          ]
        }
      ]
    },
    "uav": {
      "pose": {
        "x": 450.0,
        "y": 350.0,
        "z": 30.0,
        "yaw": 90.0
      },
      "speed_mps": 12.0,
      "energy": {
        "battery_pct": 94.0
      },
      "sensors": {
        "rgb": "ok",
        "thermal": "ok",
        "lidar": "offline",
        "radar": "offline",
        "gnss": "ok",
        "imu": "ok",
        "magnetometer": "ok",
        "barometer": "ok"
      },
      "payloads": []
    },
    "policy": {
      "alt_bounds": [
        10.0,
        120.0
      ]
    },
    "safety_flags": {
      "nfz_violation": false,
      "separation_breach": false
    }
  },
  "success": true,
  "_meta": {
    "seed": 42,
    "ts": 1763812339,
    "ts_iso": "2025-11-22T11:52:19Z",
    "gen_time_s": 51.92098951339722,
    "attempts_used": 1,
    "generation_failed": false,
    "usage": {
      "prompt_tokens": 1063,
      "completion_tokens": 3345,
      "total_tokens": 4408,
      "cost": 0.00284122,
      "is_byok": false,
      "prompt_tokens_details": {
        "cached_tokens": 624,
        "audio_tokens": 0,
        "video_tokens": 0
      },
      "cost_details": {
        "upstream_inference_cost": null,
        "upstream_inference_prompt_cost": 0.00016522,
        "upstream_inference_completions_cost": 0.002676
      },
      "completion_tokens_details": {
        "reasoning_tokens": 0,
        "image_tokens": 0
      }
    }
  }
}