{
  "initial_state": {
    "domain": "uav",
    "time_s": 0.0,
    "env": {
      "weather": "dust",
      "wind_mps": 12.0,
      "wind_dir_deg": 240.0
    },
    "airspace": {
      "alt_bounds": [
        5.0,
        60.0
      ],
      "geofence": [
        {
          "type": "polygon",
          "points": [
            [
              100,
              100
            ],
            [
              400,
              100
            ],
            [
              400,
              300
            ],
            [
              100,
              300
            ]
          ]
        }
      ]
    },
    "uav": {
      "pose": {
        "x": 120.0,
        "y": 120.0,
        "z": 10.0,
        "yaw": 85.0
      },
      "speed_mps": 18.0,
      "energy": {
        "battery_pct": 100.0
      },
      "sensors": {
        "rgb": "ok",
        "thermal": "offline",
        "lidar": "ok",
        "radar": "offline",
        "gnss": "ok",
        "imu": "ok",
        "magnetometer": "ok",
        "barometer": "ok"
      },
      "payloads": []
    },
    "policy": {
      "alt_bounds": [
        5.0,
        60.0
      ]
    },
    "safety_flags": {
      "nfz_violation": false,
      "separation_breach": false
    }
  },
  "dialogue": [
    {
      "turn": 1,
      "speaker": "agent",
      "intent": "initiate inspection mission under dust conditions",
      "actions": [
        {
          "type": "mcp",
          "name": "read_telemetry",
          "args": {}
        },
        {
          "type": "a2a",
          "task": "request_weather_update",
          "to": "met_agent",
          "payload": {
            "location": [
              120,
              120
            ],
            "horizon": 300
          }
        }
      ],
      "obs": [
        {
          "tool": "read_telemetry",
          "result": {
            "pose": {
              "x": 120.0,
              "y": 120.0,
              "z": 10.0
            },
            "battery_pct": 100.0,
            "speed_mps": 18.0
          }
        },
        {
          "task": "request_weather_update",
          "from": "met_agent",
          "status": "ok",
          "payload": {
            "precipitation": 0.0,
            "visibility_km": 1.2,
            "dust_density": 0.8,
            "wind_gust_mps": 16.0
          }
        }
      ],
      "net": {
        "slice": "eMBB",
        "lat_ms": 18,
        "jitter_ms": 3,
        "loss_pct": 0.1,
        "throughput_mbps": 850,
        "edge_load": 0.4
      }
    },
    {
      "turn": 2,
      "speaker": "user",
      "intent": "approve ascent and thermal sensor restart",
      "actions": [
        {
          "type": "mcp",
          "name": "set_altitude",
          "args": {
            "target_z": 35.0
          }
        },
        {
          "type": "mcp",
          "name": "restart_sensor",
          "args": {
            "sensor": "thermal"
          }
        }
      ],
      "obs": [
        {
          "tool": "set_altitude",
          "result": {
            "status": "accepted",
            "target_z": 35.0,
            "estimated_time_s": 8.2
          }
        },
        {
          "tool": "restart_sensor",
          "result": {
            "sensor": "thermal",
            "status": "pending",
            "reason": "dust interference"
          }
        }
      ],
      "net": {
        "slice": "URLLC",
        "lat_ms": 8,
        "jitter_ms": 1,
        "loss_pct": 0.05,
        "throughput_mbps": 120,
        "edge_load": 0.3
      }
    },
    {
      "turn": 3,
      "speaker": "agent",
      "intent": "monitor ascent and retry thermal activation",
      "actions": [
        {
          "type": "mcp",
          "name": "read_telemetry",
          "args": {}
        },
        {
          "type": "mcp",
          "name": "restart_sensor",
          "args": {
            "sensor": "thermal"
          }
        }
      ],
      "obs": [
        {
          "tool": "read_telemetry",
          "result": {
            "pose": {
              "x": 121.5,
              "y": 123.0,
              "z": 24.3
            },
            "battery_pct": 99.8,
            "speed_mps": 17.5
          }
        },
        {
          "tool": "restart_sensor",
          "result": {
            "sensor": "thermal",
            "status": "ok"
          }
        }
      ],
      "net": {
        "slice": "URLLC",
        "lat_ms": 9,
        "jitter_ms": 1.2,
        "loss_pct": 0.07,
        "throughput_mbps": 110,
        "edge_load": 0.35
      }
    },
    {
      "turn": 4,
      "speaker": "user",
      "intent": "redirect to warehouse roof inspection",
      "actions": [
        {
          "type": "mcp",
          "name": "set_waypoint",
          "args": {
            "x": 350.0,
            "y": 250.0,
            "z": 40.0
          }
        },
        {
          "type": "a2a",
          "task": "request_path_clearance",
          "to": "uav_swarm_agent",
          "payload": {
            "route": [
              [
                121.5,
                123.0,
                24.3
              ],
              [
                350.0,
                250.0,
                40.0
              ]
            ],
            "eta": 22
          }
        }
      ],
      "obs": [
        {
          "tool": "set_waypoint",
          "result": {
            "status": "enqueued",
            "eta_s": 22
          }
        },
        {
          "task": "request_path_clearance",
          "from": "uav_swarm_agent",
          "status": "cleared",
          "payload": {
            "obstacles": [],
            "conflicts": []
          }
        }
      ],
      "net": {
        "slice": "eMBB",
        "lat_ms": 22,
        "jitter_ms": 5,
        "loss_pct": 0.2,
        "throughput_mbps": 780,
        "edge_load": 0.5
      }
    },
    {
      "turn": 5,
      "speaker": "agent",
      "intent": "initiate high-res imaging under degraded network",
      "actions": [
        {
          "type": "mcp",
          "name": "capture_image",
          "args": {
            "mode": "rgb",
            "resolution": "high"
          }
        },
        {
          "type": "mcp",
          "name": "capture_image",
          "args": {
            "mode": "thermal",
            "resolution": "medium"
          }
        }
      ],
      "obs": [
        {
          "tool": "capture_image",
          "result": {
            "mode": "rgb",
            "status": "success",
            "file": "img_001_rgb.jpg",
            "size_kb": 2048
          }
        },
        {
          "tool": "capture_image",
          "result": {
            "mode": "thermal",
            "status": "success",
            "file": "img_001_thermal.jpg",
            "size_kb": 512
          }
        }
      ],
      "net": {
        "slice": "eMBB",
        "lat_ms": 25,
        "jitter_ms": 6,
        "loss_pct": 0.3,
        "throughput_mbps": 620,
        "edge_load": 0.65
      }
    },
    {
      "turn": 6,
      "speaker": "user",
      "intent": "abort high-res due to network congestion",
      "actions": [
        {
          "type": "mcp",
          "name": "abort_task",
          "args": {
            "task_id": "capture_image_rgb_high"
          }
        },
        {
          "type": "mcp",
          "name": "set_network_profile",
          "args": {
            "preferred_slice": "URLLC",
            "reduce_bandwidth": true
          }
        }
      ],
      "obs": [
        {
          "tool": "abort_task",
          "result": {
            "task_id": "capture_image_rgb_high",
            "status": "aborted"
          }
        },
        {
          "tool": "set_network_profile",
          "result": {
            "active_slice": "URLLC",
            "bandwidth_mode": "low"
          }
        }
      ],
      "net": {
        "slice": "URLLC",
        "lat_ms": 7,
        "jitter_ms": 0.8,
        "loss_pct": 0.04,
        "throughput_mbps": 90,
        "edge_load": 0.4
      }
    },
    {
      "turn": 7,
      "speaker": "agent",
      "intent": "perform lightweight thermal sweep",
      "actions": [
        {
          "type": "mcp",
          "name": "capture_image",
          "args": {
            "mode": "thermal",
            "resolution": "low"
          }
        },
        {
          "type": "a2a",
          "task": "report_anomaly",
          "to": "inspection_analyst_agent",
          "payload": {
            "location": [
              348.2,
              249.7
            ],
            "thermal_delta_c": 14.2,
            "confidence": 0.88
          }
        }
      ],
      "obs": [
        {
          "tool": "capture_image",
          "result": {
            "mode": "thermal",
            "status": "success",
            "file": "img_002_thermal_low.jpg",
            "size_kb": 128
          }
        },
        {
          "task": "report_anomaly",
          "from": "inspection_analyst_agent",
          "status": "acknowledged",
          "payload": {
            "anomaly_id": "A7721",
            "severity": "medium",
            "recommended_action": "manual_review"
          }
        }
      ],
      "net": {
        "slice": "URLLC",
        "lat_ms": 6,
        "jitter_ms": 0.9,
        "loss_pct": 0.03,
        "throughput_mbps": 95,
        "edge_load": 0.38
      }
    },
    {
      "turn": 8,
      "speaker": "user",
      "intent": "return to base and prepare report",
      "actions": [
        {
          "type": "mcp",
          "name": "set_waypoint",
          "args": {
            "x": 120.0,
            "y": 120.0,
            "z": 10.0
          }
        },
        {
          "type": "a2a",
          "task": "compile_inspection_report",
          "to": "report_agent",
          "payload": {
            "anomalies": [
              "A7721"
            ],
            "images": [
              "img_001_thermal.jpg",
              "img_002_thermal_low.jpg"
            ],
            "battery_used_pct": 5.2
          }
        }
      ],
      "obs": [
        {
          "tool": "set_waypoint",
          "result": {
            "status": "enqueued",
            "eta_s": 18
          }
        },
        {
          "task": "compile_inspection_report",
          "from": "report_agent",
          "status": "started",
          "payload": {
            "report_id": "RPT-2025-044",
            "estimated_completion": 15
          }
        }
      ],
      "net": {
        "slice": "mMTC",
        "lat_ms": 50,
        "jitter_ms": 10,
        "loss_pct": 0.5,
        "throughput_mbps": 1.2,
        "edge_load": 0.2
      }
    },
    {
      "turn": 9,
      "speaker": "agent",
      "intent": "land and confirm safety",
      "actions": [
        {
          "type": "mcp",
          "name": "land",
          "args": {}
        },
        {
          "type": "mcp",
          "name": "read_telemetry",
          "args": {}
        }
      ],
      "obs": [
        {
          "tool": "land",
          "result": {
            "status": "initiated"
          }
        },
        {
          "tool": "read_telemetry",
          "result": {
            "pose": {
              "x": 120.1,
              "y": 120.05,
              "z": 1.2
            },
            "battery_pct": 94.6,
            "speed_mps": 1.1
          }
        }
      ],
      "net": {
        "slice": "URLLC",
        "lat_ms": 5,
        "jitter_ms": 0.7,
        "loss_pct": 0.02,
        "throughput_mbps": 100,
        "edge_load": 0.3
      }
    },
    {
      "turn": 10,
      "speaker": "user",
      "intent": "confirm mission success",
      "actions": [
        {
          "type": "mcp",
          "name": "get_final_status",
          "args": {}
        }
      ],
      "obs": [
        {
          "tool": "get_final_status",
          "result": {
            "mission": "completed",
            "battery_pct": 94.4,
            "safety_flags": {
              "nfz_violation": false,
              "separation_breach": false
            },
            "anomalies_reported": 1
          }
        }
      ],
      "net": {
        "slice": "URLLC",
        "lat_ms": 6,
        "jitter_ms": 0.8,
        "loss_pct": 0.01,
        "throughput_mbps": 98,
        "edge_load": 0.25
      }
    }
  ],
  "final_state": {
    "domain": "uav",
    "time_s": 112.0,
    "env": {
      "weather": "dust",
      "wind_mps": 12.0,
      "wind_dir_deg": 240.0
    },
    "airspace": {
      "alt_bounds": [
        5.0,
        60.0
      ],
      "geofence": [
        {
          "type": "polygon",
          "points": [
            [
              100,
              100
            ],
            [
              400,
              100
            ],
            [
              400,
              300
            ],
            [
              100,
              300
            ]
          ]
        }
      ]
    },
    "uav": {
      "pose": {
        "x": 120.0,
        "y": 120.0,
        "z": 0.0,
        "yaw": 85.0
      },
      "speed_mps": 0.0,
      "energy": {
        "battery_pct": 94.4
      },
      "sensors": {
        "rgb": "ok",
        "thermal": "ok",
        "lidar": "ok",
        "radar": "offline",
        "gnss": "ok",
        "imu": "ok",
        "magnetometer": "ok",
        "barometer": "ok"
      },
      "payloads": []
    },
    "policy": {
      "alt_bounds": [
        5.0,
        60.0
      ]
    },
    "safety_flags": {
      "nfz_violation": false,
      "separation_breach": false
    }
  },
  "success": true,
  "_meta": {
    "seed": 42,
    "ts": 1764012222,
    "ts_iso": "2025-11-24T19:23:42Z",
    "gen_time_s": 50.217323303222656,
    "attempts_used": 1,
    "generation_failed": false,
    "usage": {
      "prompt_tokens": 1050,
      "completion_tokens": 3989,
      "total_tokens": 5039,
      "cost": 0.00335356,
      "is_byok": false,
      "prompt_tokens_details": {
        "cached_tokens": 624,
        "audio_tokens": 0,
        "video_tokens": 0
      },
      "cost_details": {
        "upstream_inference_cost": null,
        "upstream_inference_prompt_cost": 0.00016236,
        "upstream_inference_completions_cost": 0.0031912
      },
      "completion_tokens_details": {
        "reasoning_tokens": 0,
        "image_tokens": 0
      }
    }
  }
}