{
  "initial_state": {
    "domain": "uav",
    "time_s": 0.0,
    "env": {
      "weather": "dust",
      "wind_mps": 6.5,
      "wind_dir_deg": 240.0
    },
    "airspace": {
      "alt_bounds": [
        10.0,
        150.0
      ],
      "geofence": [
        {
          "type": "polygon",
          "points": [
            [
              0.0,
              0.0
            ],
            [
              1200.0,
              0.0
            ],
            [
              1200.0,
              800.0
            ],
            [
              0.0,
              800.0
            ]
          ]
        }
      ]
    },
    "uav": {
      "pose": {
        "x": 100.0,
        "y": 100.0,
        "z": 20.0,
        "yaw": 90.0
      },
      "speed_mps": 18.0,
      "energy": {
        "battery_pct": 100.0
      },
      "sensors": {
        "rgb": "ok",
        "thermal": "offline",
        "lidar": "ok",
        "radar": "offline",
        "gnss": "ok",
        "imu": "ok",
        "magnetometer": "ok",
        "barometer": "ok"
      },
      "payloads": []
    },
    "policy": {
      "alt_bounds": [
        10.0,
        150.0
      ]
    },
    "safety_flags": {
      "nfz_violation": false,
      "separation_breach": false
    }
  },
  "dialogue": [
    {
      "turn": 1,
      "speaker": "agent",
      "intent": "initiate mission and check telemetry",
      "actions": [
        {
          "type": "mcp",
          "name": "read_telemetry",
          "args": {}
        }
      ],
      "obs": [
        {
          "tool": "read_telemetry",
          "result": {
            "pose": {
              "x": 100.0,
              "y": 100.0,
              "z": 20.0,
              "yaw": 90.0
            },
            "speed_mps": 18.0,
            "battery_pct": 100.0,
            "sensors": {
              "thermal": "offline",
              "radar": "offline"
            }
          }
        }
      ],
      "net": {
        "slice": "URLLC",
        "lat_ms": 5,
        "jitter_ms": 1,
        "loss_pct": 0.1,
        "throughput_mbps": 50,
        "edge_load": 0.3
      }
    },
    {
      "turn": 2,
      "speaker": "user",
      "intent": "confirm mission start and request thermal sensor restart",
      "actions": [
        {
          "type": "mcp",
          "name": "restart_sensor",
          "args": {
            "sensor": "thermal"
          }
        }
      ],
      "obs": [
        {
          "tool": "restart_sensor",
          "result": {
            "sensor": "thermal",
            "status": "failed",
            "reason": "dust interference"
          }
        }
      ],
      "net": {
        "slice": "eMBB",
        "lat_ms": 12,
        "jitter_ms": 3,
        "loss_pct": 0.5,
        "throughput_mbps": 120,
        "edge_load": 0.6
      }
    },
    {
      "turn": 3,
      "speaker": "agent",
      "intent": "assess sensor status and plan route",
      "actions": [
        {
          "type": "mcp",
          "name": "plan_route",
          "args": {
            "start": [
              100.0,
              100.0
            ],
            "goal": [
              1100.0,
              700.0
            ],
            "avoid": [
              "dust_storm_zone"
            ]
          }
        }
      ],
      "obs": [
        {
          "tool": "plan_route",
          "result": {
            "route": [
              [
                100.0,
                100.0
              ],
              [
                300.0,
                300.0
              ],
              [
                700.0,
                500.0
              ],
              [
                1100.0,
                700.0
              ]
            ],
            "eta_s": 180,
            "battery_used_pct": 12.0
          }
        }
      ],
      "net": {
        "slice": "URLLC",
        "lat_ms": 6,
        "jitter_ms": 1.2,
        "loss_pct": 0.2,
        "throughput_mbps": 45,
        "edge_load": 0.4
      }
    },
    {
      "turn": 4,
      "speaker": "user",
      "intent": "approve route and request swarm coordination for delivery",
      "actions": [
        {
          "type": "a2a",
          "task": "delivery_coordination",
          "to": "uav_swarm_agent",
          "payload": {
            "uav_id": "uav_01",
            "delivery_point": [
              1100.0,
              700.0
            ],
            "timestamp": 1678886400
          }
        }
      ],
      "obs": [
        {
          "task": "delivery_coordination",
          "from": "uav_swarm_agent",
          "status": "ok",
          "payload": {
            "assigned_slot": 3,
            "other_uavs": [
              "uav_02",
              "uav_05"
            ]
          }
        }
      ],
      "net": {
        "slice": "mMTC",
        "lat_ms": 8,
        "jitter_ms": 2,
        "loss_pct": 0.3,
        "throughput_mbps": 10,
        "edge_load": 0.5
      }
    },
    {
      "turn": 5,
      "speaker": "agent",
      "intent": "execute takeoff and begin transit",
      "actions": [
        {
          "type": "mcp",
          "name": "execute_maneuver",
          "args": {
            "maneuver": "takeoff",
            "target_alt": 50.0
          }
        }
      ],
      "obs": [
        {
          "tool": "execute_maneuver",
          "result": {
            "status": "completed",
            "final_alt": 50.0,
            "battery_pct": 98.5
          }
        }
      ],
      "net": {
        "slice": "URLLC",
        "lat_ms": 4,
        "jitter_ms": 0.8,
        "loss_pct": 0.05,
        "throughput_mbps": 55,
        "edge_load": 0.2
      }
    },
    {
      "turn": 6,
      "speaker": "user",
      "intent": "monitor progress and request mid-flight status",
      "actions": [
        {
          "type": "mcp",
          "name": "read_telemetry",
          "args": {}
        }
      ],
      "obs": [
        {
          "tool": "read_telemetry",
          "result": {
            "pose": {
              "x": 450.0,
              "y": 400.0,
              "z": 50.0
            },
            "speed_mps": 17.5,
            "battery_pct": 95.0,
            "wind_mps": 7.0
          }
        }
      ],
      "net": {
        "slice": "eMBB",
        "lat_ms": 25,
        "jitter_ms": 10,
        "loss_pct": 2.0,
        "throughput_mbps": 80,
        "edge_load": 0.85
      }
    },
    {
      "turn": 7,
      "speaker": "agent",
      "intent": "detect network degradation and adapt sensing frequency",
      "actions": [
        {
          "type": "mcp",
          "name": "adjust_sensor_rate",
          "args": {
            "sensor": "lidar",
            "rate_hz": 5
          }
        }
      ],
      "obs": [
        {
          "tool": "adjust_sensor_rate",
          "result": {
            "sensor": "lidar",
            "rate_hz": 5,
            "reason": "reduce bandwidth under eMBB degradation"
          }
        }
      ],
      "net": {
        "slice": "eMBB",
        "lat_ms": 30,
        "jitter_ms": 12,
        "loss_pct": 3.5,
        "throughput_mbps": 60,
        "edge_load": 0.9
      }
    },
    {
      "turn": 8,
      "speaker": "user",
      "intent": "request collision avoidance check due to dust visibility",
      "actions": [
        {
          "type": "a2a",
          "task": "collision_avoidance",
          "to": "uav_swarm_agent",
          "payload": {
            "current_pose": [
              450.0,
              400.0,
              50.0
            ],
            "velocity": [
              17.5,
              17.5,
              0.0
            ]
          }
        }
      ],
      "obs": [
        {
          "task": "collision_avoidance",
          "from": "uav_swarm_agent",
          "status": "clear",
          "payload": {
            "nearest_uav": "uav_02",
            "distance_m": 120.0,
            "relative_velocity": 2.1
          }
        }
      ],
      "net": {
        "slice": "URLLC",
        "lat_ms": 7,
        "jitter_ms": 1.5,
        "loss_pct": 0.15,
        "throughput_mbps": 50,
        "edge_load": 0.35
      }
    },
    {
      "turn": 9,
      "speaker": "agent",
      "intent": "initiate final approach and activate RGB imaging",
      "actions": [
        {
          "type": "mcp",
          "name": "activate_sensor",
          "args": {
            "sensor": "rgb"
          }
        },
        {
          "type": "mcp",
          "name": "execute_maneuver",
          "args": {
            "maneuver": "approach",
            "target": [
              1100.0,
              700.0
            ]
          }
        }
      ],
      "obs": [
        {
          "tool": "activate_sensor",
          "result": {
            "sensor": "rgb",
            "status": "active"
          }
        },
        {
          "tool": "execute_maneuver",
          "result": {
            "status": "in_progress",
            "target_reach_eta": 45
          }
        }
      ],
      "net": {
        "slice": "URLLC",
        "lat_ms": 5,
        "jitter_ms": 1,
        "loss_pct": 0.1,
        "throughput_mbps": 48,
        "edge_load": 0.3
      }
    },
    {
      "turn": 10,
      "speaker": "user",
      "intent": "confirm delivery and request return plan",
      "actions": [
        {
          "type": "mcp",
          "name": "plan_route",
          "args": {
            "start": [
              1100.0,
              700.0
            ],
            "goal": [
              100.0,
              100.0
            ],
            "avoid": [
              "dust_storm_zone"
            ]
          }
        }
      ],
      "obs": [
        {
          "tool": "plan_route",
          "result": {
            "route": [
              [
                1100.0,
                700.0
              ],
              [
                800.0,
                600.0
              ],
              [
                400.0,
                300.0
              ],
              [
                100.0,
                100.0
              ]
            ],
            "eta_s": 200,
            "battery_used_pct": 15.0
          }
        }
      ],
      "net": {
        "slice": "mMTC",
        "lat_ms": 9,
        "jitter_ms": 2.5,
        "loss_pct": 0.4,
        "throughput_mbps": 8,
        "edge_load": 0.6
      }
    },
    {
      "turn": 11,
      "speaker": "agent",
      "intent": "complete delivery and initiate return",
      "actions": [
        {
          "type": "mcp",
          "name": "execute_maneuver",
          "args": {
            "maneuver": "land_and_release",
            "target": [
              1100.0,
              700.0
            ]
          }
        }
      ],
      "obs": [
        {
          "tool": "execute_maneuver",
          "result": {
            "status": "completed",
            "payload_released": true,
            "battery_pct": 83.0
          }
        }
      ],
      "net": {
        "slice": "URLLC",
        "lat_ms": 6,
        "jitter_ms": 1.1,
        "loss_pct": 0.1,
        "throughput_mbps": 52,
        "edge_load": 0.25
      }
    }
  ],
  "final_state": {
    "domain": "uav",
    "time_s": 380.0,
    "env": {
      "weather": "dust",
      "wind_mps": 6.8,
      "wind_dir_deg": 245.0
    },
    "airspace": {
      "alt_bounds": [
        10.0,
        150.0
      ],
      "geofence": [
        {
          "type": "polygon",
          "points": [
            [
              0.0,
              0.0
            ],
            [
              1200.0,
              0.0
            ],
            [
              1200.0,
              800.0
            ],
            [
              0.0,
              800.0
            ]
          ]
        }
      ]
    },
    "uav": {
      "pose": {
        "x": 1100.0,
        "y": 700.0,
        "z": 5.0,
        "yaw": 270.0
      },
      "speed_mps": 0.0,
      "energy": {
        "battery_pct": 83.0
      },
      "sensors": {
        "rgb": "active",
        "thermal": "offline",
        "lidar": "ok",
        "radar": "offline",
        "gnss": "ok",
        "imu": "ok",
        "magnetometer": "ok",
        "barometer": "ok"
      },
      "payloads": []
    },
    "policy": {
      "alt_bounds": [
        10.0,
        150.0
      ]
    },
    "safety_flags": {
      "nfz_violation": false,
      "separation_breach": false
    }
  },
  "success": true,
  "_meta": {
    "seed": 42,
    "ts": 1763953081,
    "ts_iso": "2025-11-24T02:58:01Z",
    "gen_time_s": 54.68058514595032,
    "attempts_used": 1,
    "generation_failed": false,
    "usage": {
      "prompt_tokens": 1059,
      "completion_tokens": 3591,
      "total_tokens": 4650,
      "cost": 0.00298962,
      "is_byok": false,
      "prompt_tokens_details": {
        "cached_tokens": 1056,
        "audio_tokens": 0,
        "video_tokens": 0
      },
      "cost_details": {
        "upstream_inference_cost": null,
        "upstream_inference_prompt_cost": 0.00011682,
        "upstream_inference_completions_cost": 0.0028728
      },
      "completion_tokens_details": {
        "reasoning_tokens": 0,
        "image_tokens": 0
      }
    }
  }
}