{
  "initial_state": {
    "domain": "uav",
    "time_s": 0.0,
    "env": {
      "weather": "snow",
      "wind_mps": 6.0,
      "wind_dir_deg": 240.0
    },
    "airspace": {
      "alt_bounds": [
        2.0,
        18.0
      ],
      "geofence": [
        {
          "type": "polygon",
          "points": [
            [
              0.0,
              0.0
            ],
            [
              100.0,
              0.0
            ],
            [
              100.0,
              80.0
            ],
            [
              0.0,
              80.0
            ]
          ]
        }
      ]
    },
    "uav": {
      "pose": {
        "x": 10.0,
        "y": 10.0,
        "z": 5.0,
        "yaw": 90.0
      },
      "speed_mps": 22.0,
      "energy": {
        "battery_pct": 100.0
      },
      "sensors": {
        "rgb": "ok",
        "thermal": "ok",
        "lidar": "ok",
        "radar": "offline",
        "gnss": "ok",
        "imu": "ok",
        "magnetometer": "ok",
        "barometer": "ok"
      },
      "payloads": []
    },
    "policy": {
      "alt_bounds": [
        2.0,
        18.0
      ]
    },
    "safety_flags": {
      "nfz_violation": false,
      "separation_breach": false
    }
  },
  "dialogue": [
    {
      "turn": 1,
      "speaker": "agent",
      "intent": "initiate_mission",
      "actions": [
        {
          "type": "mcp",
          "name": "read_telemetry",
          "args": {}
        },
        {
          "type": "a2a",
          "task": "swarm_heartbeat",
          "to": "uav_swarm_agent",
          "payload": {
            "status": "active",
            "pose": {
              "x": 10.0,
              "y": 10.0,
              "z": 5.0
            }
          }
        }
      ],
      "obs": [
        {
          "tool": "read_telemetry",
          "result": {
            "pose": {
              "x": 10.0,
              "y": 10.0,
              "z": 5.0
            },
            "battery_pct": 100.0,
            "speed_mps": 22.0
          }
        },
        {
          "task": "swarm_heartbeat",
          "from": "uav_swarm_agent",
          "status": "ok",
          "payload": {
            "response": "all_clear",
            "count": 3
          }
        }
      ],
      "net": {
        "slice": "URLLC",
        "lat_ms": 3.2,
        "jitter_ms": 0.8,
        "loss_pct": 0.1,
        "throughput_mbps": 85.0,
        "edge_load": 0.35
      }
    },
    {
      "turn": 2,
      "speaker": "user",
      "intent": "confirm_mission_start",
      "actions": [
        {
          "type": "mcp",
          "name": "set_mission_params",
          "args": {
            "target_waypoints": [
              [
                50.0,
                40.0,
                10.0
              ],
              [
                80.0,
                60.0,
                12.0
              ]
            ],
            "inspection_mode": "thermal"
          }
        }
      ],
      "obs": [
        {
          "tool": "set_mission_params",
          "result": {
            "status": "accepted",
            "waypoints_queued": 2
          }
        }
      ],
      "net": {
        "slice": "eMBB",
        "lat_ms": 12.5,
        "jitter_ms": 2.1,
        "loss_pct": 0.3,
        "throughput_mbps": 120.0,
        "edge_load": 0.55
      }
    },
    {
      "turn": 3,
      "speaker": "agent",
      "intent": "navigate_to_first_waypoint",
      "actions": [
        {
          "type": "mcp",
          "name": "execute_trajectory",
          "args": {
            "waypoint": [
              50.0,
              40.0,
              10.0
            ],
            "speed": 18.0
          }
        },
        {
          "type": "mcp",
          "name": "activate_sensor",
          "args": {
            "sensor": "thermal"
          }
        }
      ],
      "obs": [
        {
          "tool": "execute_trajectory",
          "result": {
            "status": "in_progress",
            "eta_s": 2.8
          }
        },
        {
          "tool": "activate_sensor",
          "result": {
            "sensor": "thermal",
            "status": "activated"
          }
        }
      ],
      "net": {
        "slice": "URLLC",
        "lat_ms": 4.1,
        "jitter_ms": 1.0,
        "loss_pct": 0.2,
        "throughput_mbps": 90.0,
        "edge_load": 0.42
      }
    },
    {
      "turn": 4,
      "speaker": "user",
      "intent": "request_status_update",
      "actions": [
        {
          "type": "mcp",
          "name": "read_telemetry",
          "args": {}
        }
      ],
      "obs": [
        {
          "tool": "read_telemetry",
          "result": {
            "pose": {
              "x": 32.0,
              "y": 28.0,
              "z": 9.8
            },
            "battery_pct": 96.7,
            "speed_mps": 18.0
          }
        }
      ],
      "net": {
        "slice": "mMTC",
        "lat_ms": 25.0,
        "jitter_ms": 8.0,
        "loss_pct": 1.5,
        "throughput_mbps": 1.2,
        "edge_load": 0.78
      }
    },
    {
      "turn": 5,
      "speaker": "agent",
      "intent": "adapt_to_network_degradation",
      "actions": [
        {
          "type": "mcp",
          "name": "reduce_sensor_resolution",
          "args": {
            "sensor": "thermal",
            "mode": "low_power"
          }
        },
        {
          "type": "a2a",
          "task": "collision_avoidance",
          "to": "uav_swarm_agent",
          "payload": {
            "current_pose": {
              "x": 32.0,
              "y": 28.0,
              "z": 9.8
            },
            "velocity": 18.0
          }
        }
      ],
      "obs": [
        {
          "tool": "reduce_sensor_resolution",
          "result": {
            "sensor": "thermal",
            "mode": "low_power",
            "impact": "reduced_frame_rate"
          }
        },
        {
          "task": "collision_avoidance",
          "from": "uav_swarm_agent",
          "status": "ok",
          "payload": {
            "clear_path": true,
            "suggested_alt": 10.2
          }
        }
      ],
      "net": {
        "slice": "URLLC",
        "lat_ms": 5.3,
        "jitter_ms": 1.2,
        "loss_pct": 0.4,
        "throughput_mbps": 80.0,
        "edge_load": 0.65
      }
    },
    {
      "turn": 6,
      "speaker": "user",
      "intent": "approve_altitude_adjustment",
      "actions": [
        {
          "type": "mcp",
          "name": "update_trajectory",
          "args": {
            "waypoint": [
              50.0,
              40.0,
              10.2
            ],
            "reason": "swarm_avoidance"
          }
        }
      ],
      "obs": [
        {
          "tool": "update_trajectory",
          "result": {
            "status": "updated",
            "new_eta_s": 2.1
          }
        }
      ],
      "net": {
        "slice": "URLLC",
        "lat_ms": 3.8,
        "jitter_ms": 0.9,
        "loss_pct": 0.1,
        "throughput_mbps": 88.0,
        "edge_load": 0.48
      }
    },
    {
      "turn": 7,
      "speaker": "agent",
      "intent": "arrive_at_waypoint",
      "actions": [
        {
          "type": "mcp",
          "name": "capture_inspection_data",
          "args": {
            "sensor": "thermal",
            "duration_s": 5.0
          }
        },
        {
          "type": "mcp",
          "name": "read_telemetry",
          "args": {}
        }
      ],
      "obs": [
        {
          "tool": "capture_inspection_data",
          "result": {
            "status": "completed",
            "anomalies_detected": 1,
            "data_size_mb": 4.7
          }
        },
        {
          "tool": "read_telemetry",
          "result": {
            "pose": {
              "x": 50.0,
              "y": 40.0,
              "z": 10.2
            },
            "battery_pct": 94.1,
            "speed_mps": 0.0
          }
        }
      ],
      "net": {
        "slice": "eMBB",
        "lat_ms": 15.0,
        "jitter_ms": 3.0,
        "loss_pct": 0.5,
        "throughput_mbps": 110.0,
        "edge_load": 0.62
      }
    },
    {
      "turn": 8,
      "speaker": "user",
      "intent": "request_data_summary",
      "actions": [
        {
          "type": "mcp",
          "name": "summarize_inspection",
          "args": {
            "format": "text",
            "include_anomalies": true
          }
        }
      ],
      "obs": [
        {
          "tool": "summarize_inspection",
          "result": {
            "summary": "One thermal anomaly detected at waypoint 1, likely overheating joint. Data stored locally.",
            "anomalies": [
              {
                "type": "overheat",
                "confidence": 0.92,
                "location": "powerline_connector_A7"
              }
            ]
          }
        }
      ],
      "net": {
        "slice": "eMBB",
        "lat_ms": 13.8,
        "jitter_ms": 2.5,
        "loss_pct": 0.4,
        "throughput_mbps": 115.0,
        "edge_load": 0.58
      }
    },
    {
      "turn": 9,
      "speaker": "agent",
      "intent": "proceed_to_next_waypoint",
      "actions": [
        {
          "type": "mcp",
          "name": "execute_trajectory",
          "args": {
            "waypoint": [
              80.0,
              60.0,
              12.0
            ],
            "speed": 20.0
          }
        }
      ],
      "obs": [
        {
          "tool": "execute_trajectory",
          "result": {
            "status": "in_progress",
            "eta_s": 3.5
          }
        }
      ],
      "net": {
        "slice": "URLLC",
        "lat_ms": 4.0,
        "jitter_ms": 1.1,
        "loss_pct": 0.2,
        "throughput_mbps": 86.0,
        "edge_load": 0.45
      }
    },
    {
      "turn": 10,
      "speaker": "user",
      "intent": "monitor_battery",
      "actions": [
        {
          "type": "mcp",
          "name": "read_telemetry",
          "args": {}
        }
      ],
      "obs": [
        {
          "tool": "read_telemetry",
          "result": {
            "pose": {
              "x": 68.0,
              "y": 52.0,
              "z": 11.8
            },
            "battery_pct": 90.3,
            "speed_mps": 20.0
          }
        }
      ],
      "net": {
        "slice": "mMTC",
        "lat_ms": 30.0,
        "jitter_ms": 10.0,
        "loss_pct": 2.0,
        "throughput_mbps": 0.8,
        "edge_load": 0.85
      }
    },
    {
      "turn": 11,
      "speaker": "agent",
      "intent": "prepare_for_return",
      "actions": [
        {
          "type": "mcp",
          "name": "plan_return_route",
          "args": {
            "origin": [
              80.0,
              60.0,
              12.0
            ],
            "home": [
              10.0,
              10.0,
              5.0
            ],
            "buffer_battery_pct": 20.0
          }
        },
        {
          "type": "a2a",
          "task": "swarm_disband",
          "to": "uav_swarm_agent",
          "payload": {
            "mission_status": "nearing_completion"
          }
        }
      ],
      "obs": [
        {
          "tool": "plan_return_route",
          "result": {
            "feasible": true,
            "estimated_battery_at_home": 68.5
          }
        },
        {
          "task": "swarm_disband",
          "from": "uav_swarm_agent",
          "status": "acknowledged",
          "payload": {
            "response": "swarm_dissolved"
          }
        }
      ],
      "net": {
        "slice": "URLLC",
        "lat_ms": 4.5,
        "jitter_ms": 1.0,
        "loss_pct": 0.1,
        "throughput_mbps": 84.0,
        "edge_load": 0.4
      }
    }
  ],
  "final_state": {
    "domain": "uav",
    "time_s": 35.0,
    "env": {
      "weather": "snow",
      "wind_mps": 6.0,
      "wind_dir_deg": 240.0
    },
    "airspace": {
      "alt_bounds": [
        2.0,
        18.0
      ],
      "geofence": [
        {
          "type": "polygon",
          "points": [
            [
              0.0,
              0.0
            ],
            [
              100.0,
              0.0
            ],
            [
              100.0,
              80.0
            ],
            [
              0.0,
              80.0
            ]
          ]
        }
      ]
    },
    "uav": {
      "pose": {
        "x": 80.0,
        "y": 60.0,
        "z": 12.0,
        "yaw": 90.0
      },
      "speed_mps": 0.0,
      "energy": {
        "battery_pct": 88.9
      },
      "sensors": {
        "rgb": "ok",
        "thermal": "ok",
        "lidar": "ok",
        "radar": "offline",
        "gnss": "ok",
        "imu": "ok",
        "magnetometer": "ok",
        "barometer": "ok"
      },
      "payloads": []
    },
    "policy": {
      "alt_bounds": [
        2.0,
        18.0
      ]
    },
    "safety_flags": {
      "nfz_violation": false,
      "separation_breach": false
    }
  },
  "success": true,
  "_meta": {
    "seed": 42,
    "ts": 1763836462,
    "ts_iso": "2025-11-22T18:34:22Z",
    "gen_time_s": 235.59515738487244,
    "attempts_used": 2,
    "generation_failed": false,
    "usage": {
      "prompt_tokens": 1100,
      "completion_tokens": 3857,
      "total_tokens": 4957,
      "cost": 0.00233606,
      "is_byok": false,
      "prompt_tokens_details": {
        "cached_tokens": 0,
        "audio_tokens": 0,
        "video_tokens": 0
      },
      "cost_details": {
        "upstream_inference_cost": null,
        "upstream_inference_prompt_cost": 9.9e-05,
        "upstream_inference_completions_cost": 0.00223706
      },
      "completion_tokens_details": {
        "reasoning_tokens": 0,
        "image_tokens": 0
      }
    }
  }
}