{
  "episode_id": "6gb_prompt_ffcf2da728d6f613",
  "questions": [
    {
      "task_id": "T1",
      "task_name": "Intent Feasibility Assessment",
      "source_turn": 10,
      "question": "The UAV is currently operating under mMTC slice with 25ms latency, 5ms jitter, 0.5% loss, and 1.2Mbps throughput while edge load is at 0.65. Battery is at 100% but wind remains at 7.5m/s from 240°, and the geofence polygon remains unchanged. The mission requires completing a joint inspection with the swarm within 3 turns, then returning to base. If network degradation persists, latency may rise to 40ms with 10ms jitter and 1.5% loss by turn 12. Switching to URLLC now would reduce latency to 8ms but cap throughput at 120Mbps, which may limit sensor fusion. Continuing on mMTC risks violating the 30ms latency SLA for swarm coordination by turn 11. Deactivating thermal imaging saves 0.15 battery per turn but reduces situational awareness. Which option should be selected?",
      "options": {
        "A": "Switch to URLLC immediately and deactivate thermal imaging to preserve battery and ensure latency compliance.",
        "B": "Remain on mMTC for now, activate all sensors, and switch only if latency exceeds 30ms by turn 11.",
        "C": "Switch to URLLC but keep thermal imaging active, accepting 0.15 battery drain per turn for enhanced perception.",
        "D": "Remain on mMTC, deactivate thermal imaging, and rely on swarm lidar for inspection to conserve battery and bandwidth."
      },
      "correct": "A",
      "reason": "Switching to URLLC immediately ensures latency remains under 30ms even under worst-case degradation, which is critical for swarm coordination. Deactivating thermal imaging reduces battery drain by 0. 15 per turn, preserving margin for the return phase. Continuing on mMTC risks violating the SLA by turn 11, which would compromise mission integrity. Keeping thermal active under URLLC wastes scarce throughput without sufficient benefit given swarm lidar support.",
      "rationale_tag": "WORST_CASE_LATENCY_MARGIN",
      "difficulty": "very_hard"
    },
    {
      "task_id": "T2",
      "task_name": "Intent Conflict Resolution",
      "source_turn": 10,
      "question": "The UAV is currently operating under mMTC slice with latency 25ms, jitter 5ms, loss 0.5%, throughput 1.2Mbps, and edge load 0.65. Mission intent requires high-fidelity joint inspection with swarm, which demands at least 100Mbps throughput and latency under 15ms. URLCC slice offers 115Mbps throughput and 10ms latency but increases edge load to 0.38, which may exceed 0.40 threshold in next turn if swarm coordination continues. eMBB slice provides 850Mbps throughput but latency has previously spiked to 45ms under load, and edge load is already at 0.85 in prior turn. Battery is at 100% but thermal sensor is active, consuming 15% per turn. If network degradation persists, mission may fail in 2 turns. Which option should be selected to resolve the intent-policy conflict while minimizing maximum regret over the next 3 turns?",
      "options": {
        "A": "Switch to eMBB slice immediately to ensure high throughput for swarm inspection, accepting risk of latency spike to 45ms and edge load exceeding 0.90 in next turn.",
        "B": "Remain on mMTC slice and deactivate thermal sensor to conserve battery, accepting throughput limitation of 1.2Mbps and potential mission failure in 2 turns.",
        "C": "Switch to URLLC slice and deactivate thermal sensor, accepting reduced sensor fidelity but ensuring latency under 15ms and edge load under 0.40 for next 2 turns.",
        "D": "Request swarm to reduce coordination frequency by 50%, remain on URLLC, and accept 10% lower inspection accuracy to keep edge load under 0.35 for 3 turns."
      },
      "correct": "C",
      "reason": "Switching to URLLC while deactivating thermal sensor ensures latency remains under 15ms and edge load stays below 0. 40 for the next two turns. This avoids the risk of eMBB latency spikes and mMTC throughput failure. Deactivating the thermal sensor reduces battery drain, extending operational window. The option minimizes maximum regret by balancing mission fidelity with network stability under worst-case load projections.",
      "rationale_tag": "WORST_CASE_MARGIN_OPTIMIZATION",
      "difficulty": "very_hard"
    },
    {
      "task_id": "T3",
      "task_name": "Intent Drift Detection",
      "source_turn": 10,
      "question": "The UAV has transitioned from eMBB to URLLC to mMTC across turns 1–10, with network latency rising from 12ms to 25ms, jitter from 2ms to 5ms, and edge load from 0.45 to 0.65. Battery remains at 100% but thermal sensor is active while radar remains offline. The mission intent was initially reconnaissance with full sensor suite, but now only minimal telemetry is transmitted under mMTC. If the next turn requires real-time obstacle avoidance with 99.999% reliability, and the edge load is projected to increase by 0.15 per turn under mMTC, while URLLC can sustain 0.4 edge load with 7ms latency but only 95Mbps throughput, which option should be selected to minimize regret over the next two turns under worst-case jitter and loss?",
      "options": {
        "A": "Remain on mMTC; edge load is currently 0.65 and will reach 0.80 next turn, but latency is acceptable for telemetry-only mode.",
        "B": "Switch back to URLLC; latency is 7ms with 0.28 edge load, but throughput is only 95Mbps, insufficient for lidar streaming.",
        "C": "Revert to eMBB; throughput is 850Mbps but latency is 45ms with 2.1% loss, risking collision avoidance failure.",
        "D": "Request swarm relay via URLLC; aggregate edge load would be 0.55 with 10ms latency, but jitter may exceed 3ms under wind gusts."
      },
      "correct": "D",
      "reason": "Option D minimizes maximum regret by distributing load across the swarm under URLLC, which maintains latency under 10ms even with jitter up to 3ms. mMTC fails under worst-case edge load projection of 0. 80, exceeding safe threshold. URLLC alone lacks throughput for lidar, and eMBB violates latency SLA for obstacle avoidance. Only swarm relay sustains reliability while accommodating sensor demands over two turns.",
      "rationale_tag": "SWARM_RELAY_OPTIMAL_UNDER_WORST_CASE",
      "difficulty": "very_hard"
    },
    {
      "task_id": "T4",
      "task_name": "Slice Selection Reasoning",
      "source_turn": 10,
      "question": "The UAV is returning to base under icy conditions with wind at 7.5 m/s from 240 degrees, currently at 30m altitude and 35 m/s speed, battery at 100%, and radar offline. Network telemetry at turn 10 shows mMTC slice with 25ms latency, 5ms jitter, 0.5% loss, 1.2 Mbps throughput, and 0.65 edge load. Historical data shows URLLC slice had 7–10ms latency, 1.1–1.8ms jitter, 0.04–0.09% loss, 95–115 Mbps throughput, and 0.28–0.38 edge load over turns 6–9. The mission requires real-time telemetry and swarm coordination for final inspection, with SLA requiring latency <15ms and throughput >50 Mbps. If edge load increases by 0.1 per turn due to swarm convergence, and worst-case jitter could spike to 3x current value, which slice should be selected for the next 3 turns to minimize maximum regret under uncertainty?",
      "options": {
        "A": "URLLC: latency 8ms, jitter 1.5ms, loss 0.06%, throughput 105 Mbps, edge load 0.35 — meets SLA and has buffer for jitter spikes.",
        "B": "eMBB: latency 15ms, jitter 3ms, loss 0.2%, throughput 780 Mbps, edge load 0.5 — high throughput but latency at SLA boundary and jitter may exceed 9ms under worst case.",
        "C": "mMTC: latency 25ms, jitter 5ms, loss 0.5%, throughput 1.2 Mbps, edge load 0.65 — violates SLA on latency and throughput, edge load rising.",
        "D": "Hybrid: latency 12ms, jitter 2.5ms, loss 0.15%, throughput 400 Mbps, edge load 0.45 — meets SLA but edge load projected to hit 0.75 in 3 turns, risking congestion."
      },
      "correct": "A",
      "reason": "URLLC maintains latency under 15ms even with 3x jitter spike and throughput above 50 Mbps. Edge load remains below 0. 45 over 3 turns, avoiding congestion risk. eMBB’s latency is at SLA limit and jitter could exceed 9ms, violating real-time requirements. mMTC violates both latency and throughput SLAs.",
      "rationale_tag": "WORST_CASE_REGRET_MINIMIZATION",
      "difficulty": "very_hard"
    },
    {
      "task_id": "T5",
      "task_name": "Slice Switching Decision",
      "source_turn": 10,
      "question": "The UAV is returning to base under mMTC slice with latency 25ms, jitter 5ms, loss 0.5%, throughput 1.2Mbps, and edge load 0.65. Battery is at 78% and decreasing at 3% per turn. The next turn will require 1.5Mbps for telemetry upload and 10ms latency for collision avoidance. URLLC slice offers 8ms latency, 1.1ms jitter, 0.06% loss, 105Mbps throughput, and 0.32 edge load but consumes 5% battery per turn. eMBB slice offers 15ms latency, 3ms jitter, 0.2% loss, 780Mbps throughput, and 0.5 edge load but consumes 4% battery per turn. The mission SLA requires latency under 12ms and throughput above 1Mbps for the next 2 turns. Wind is increasing to 9.2m/s and may cause additional 2ms latency drift. If the UAV remains on mMTC, latency may spike to 35ms next turn. Which option should be selected?",
      "options": {
        "A": "Stay on mMTC to conserve battery; throughput margin is sufficient and latency may not exceed 35ms.",
        "B": "Switch to eMBB for higher throughput; latency is within SLA and battery drain is lower than URLLC.",
        "C": "Switch to URLLC for guaranteed latency under 12ms; accept higher battery drain to meet SLA.",
        "D": "Switch to URLLC only if latency exceeds 30ms next turn; otherwise stay on mMTC to preserve battery."
      },
      "correct": "C",
      "reason": "URLLC is the only slice that guarantees latency under 12ms even with worst-case 2ms wind-induced drift. mMTC’s projected 35ms latency violates SLA and risks collision. eMBB’s 15ms latency exceeds SLA even without drift. Battery drain is acceptable because 78% minus 5% leaves 73% for return, which exceeds the 70% minimum required for safe landing. Future regret is minimized by avoiding SLA violation.",
      "rationale_tag": "WORST_CASE_LATENCY_GUARANTEE",
      "difficulty": "very_hard"
    },
    {
      "task_id": "T6",
      "task_name": "Slice Fairness vs Safety",
      "source_turn": 10,
      "question": "The UAV is returning to base under mMTC slice with 25ms latency, 5ms jitter, 0.5% loss, and 1.2Mbps throughput while edge load is 0.65. Battery is at 100% but wind is 7.5m/s from 240°, and the geofence polygon spans 100–900m in x and y. The swarm agent has requested joint inspection requiring 115Mbps throughput and 10ms latency, but the current slice cannot support it. Switching to URLLC would reduce latency to 7ms and loss to 0.04% but cap throughput at 95Mbps, risking inspection failure. Switching to eMBB would offer 850Mbps but latency spikes to 45ms and loss to 2.1%, risking control loss. Maintaining mMTC preserves battery but risks mission failure. Which option should be selected?",
      "options": {
        "A": "Switch to URLLC: latency 7ms, loss 0.04%, throughput 95Mbps, edge load 0.28 — sufficient for control but may fail inspection.",
        "B": "Switch to eMBB: latency 45ms, loss 2.1%, throughput 850Mbps, edge load 0.85 — supports inspection but risks control instability.",
        "C": "Maintain mMTC: latency 25ms, loss 0.5%, throughput 1.2Mbps, edge load 0.65 — preserves battery but inspection fails.",
        "D": "Request swarm to reduce inspection bandwidth to 90Mbps and accept 15ms latency — negotiates fairness but risks swarm coordination failure."
      },
      "correct": "D",
      "reason": "Option D minimizes maximum regret by negotiating a feasible compromise that avoids violating latency and throughput constraints while preserving swarm coordination. Switching to URLLC fails inspection due to insufficient throughput. Switching to eMBB risks control loss under high latency and loss. Maintaining mMTC guarantees mission failure. Only D balances fairness and safety by adjusting requirements to match available resources under worst-case wind and edge load conditions.",
      "rationale_tag": "FAIRNESS_SAFETY_TRADEOFF",
      "difficulty": "very_hard"
    },
    {
      "task_id": "T7",
      "task_name": "Compute Placement Decision",
      "source_turn": 10,
      "question": "The UAV is returning to base under mMTC slice with latency 25ms, jitter 5ms, loss 0.5%, throughput 1.2Mbps, and edge load 0.65. Battery is at 78% and decreasing at 3% per turn. The next turn requires processing a 12MB thermal image with SLA latency bound of 15ms. Onboard inference takes 18ms with 0.5W draw; edge inference under current mMTC has 25ms latency but may degrade to 35ms if edge load exceeds 0.7. URLLC slice is available with 8ms latency and 95Mbps throughput but requires 2% battery to switch and has edge load 0.32. Which option should be selected?",
      "options": {
        "A": "Use onboard inference: latency 18ms exceeds SLA by 3ms but avoids network dependency and preserves battery for future turns.",
        "B": "Switch to URLLC and use edge inference: latency 8ms meets SLA, but consumes 2% battery and risks future edge load increase to 0.45 over next 2 turns.",
        "C": "Use current mMTC edge inference: latency 25ms violates SLA by 10ms, but if edge load stays below 0.7, latency may remain 25ms; battery unchanged.",
        "D": "Defer inference to next turn: reduces immediate load, but image size grows to 15MB and SLA tightens to 12ms; battery drops to 75%."
      },
      "correct": "B",
      "reason": "Switching to URLLC ensures SLA compliance with 8ms latency under worst-case jitter. Onboard inference exceeds SLA by 3ms and cannot be recovered. mMTC edge inference violates SLA by 10ms and may degrade further if edge load rises. Deferring increases image size and tightens SLA while battery drops. URLLC’s 2% battery cost is offset by guaranteed compliance and lower future regret.",
      "rationale_tag": "WORST_CASE_COMPLIANCE",
      "difficulty": "very_hard"
    },
    {
      "task_id": "T8",
      "task_name": "Graceful Degradation under Edge Overload",
      "source_turn": 10,
      "question": "At turn 10, the UAV is operating under mMTC slice with 25ms latency, 5ms jitter, 0.5% loss, 1.2Mbps throughput, and 65% edge load. The SLA mandates latency < 20ms and edge load < 70%. Wind remains at 7.5m/s from 240°, and battery is at 82%. If edge load increases by 5% per turn and latency degrades by 3ms per turn under mMTC, while URLLC offers 8ms latency, 1.5ms jitter, 0.06% loss, 100Mbps throughput, and 30% edge load but consumes 12% battery per turn versus mMTC’s 3%, which option should be selected to avoid SLA violation over the next two turns while minimizing battery drain and maintaining mission continuity?",
      "options": {
        "A": "Stay on mMTC: current edge load 65% is under SLA, and latency 25ms is only 5ms over; projected load in 2 turns is 75%, which exceeds SLA by 5%.",
        "B": "Switch to URLLC immediately: latency and edge load both within SLA, but battery will drop to 58% in 2 turns, risking premature termination.",
        "C": "Switch to URLLC after one turn: latency will hit 28ms and edge load 70% next turn, both at SLA boundary; URLLC then ensures compliance but battery drops to 70%.",
        "D": "Switch to eMBB: offers 15ms latency and 800Mbps throughput but edge load 55%; however, it has 1.5% loss and 4ms jitter, and historical data shows it degrades rapidly under icing conditions."
      },
      "correct": "C",
      "reason": "Option C avoids immediate battery drain while delaying switch until SLA boundaries are reached. mMTC will hit 70% edge load and 28ms latency next turn, both at SLA limits, making URLLC necessary. Switching then preserves 70% battery after two turns, whereas immediate switch drops to 58%. Option A fails in two turns with 75% load. Option D risks rapid degradation under icing, as seen in turn 5.",
      "rationale_tag": "WORST_CASE_SLAMARGIN",
      "difficulty": "very_hard"
    },
    {
      "task_id": "T9",
      "task_name": "Trust-Aware Offloading",
      "source_turn": 10,
      "question": "The UAV is returning home under mMTC slice with 25ms latency, 5ms jitter, 0.5% loss, and 1.2Mbps throughput, while edge load is at 0.65. Battery is at 100% but will deplete at 0.8% per minute. The swarm requires 1.5Mbps for joint inspection data sync, which must complete within 3 minutes or risk mission failure. URLLC slice offers 10ms latency, 1.8ms jitter, 0.09% loss, and 115Mbps throughput at 0.38 edge load, but switching incurs 200ms handover delay and risks temporary disconnection. eMBB slice offers 15ms latency, 3ms jitter, 0.2% loss, and 780Mbps throughput at 0.5 edge load, but its recent degradation history shows 45ms latency and 2.1% loss in turn 5. The policy prohibits offloading if edge load exceeds 0.7 or if latency exceeds 30ms for safety-critical tasks. Given that the next turn may see edge load rise to 0.72 under mMTC, which option should be selected?",
      "options": {
        "A": "Stay on mMTC: it meets current SLA and avoids handover risk, even though throughput is below swarm requirement.",
        "B": "Switch to URLLC: it satisfies throughput and latency SLA, and edge load is safely below 0.7, despite handover delay.",
        "C": "Switch to eMBB: it offers high throughput and low jitter, and edge load is currently 0.5, below policy limit.",
        "D": "Defer decision: wait for next telemetry to confirm if edge load stabilizes, risking mission failure if it exceeds 0.7."
      },
      "correct": "B",
      "reason": "URLLC is the only slice that satisfies both the throughput requirement for swarm sync and the policy constraint on edge load under worst-case projection. mMTC fails because its throughput is below the 1. 5Mbps needed and edge load may exceed 0. 7 next turn. eMBB appears viable but its historical degradation shows it may violate latency SLA under stress.",
      "rationale_tag": "WORST_CASE_TRUST_AWARE",
      "difficulty": "very_hard"
    },
    {
      "task_id": "T10",
      "task_name": "SLA Violation Prediction",
      "source_turn": 10,
      "question": "The UAV is currently operating under mMTC slice with latency 25ms, jitter 5ms, loss 0.5%, throughput 1.2Mbps, and edge load 0.65. Historical data shows that under icing conditions, latency increases by 15% per turn if no corrective action is taken, and edge load rises by 0.08 per turn. The SLA requires latency < 30ms and edge load < 0.7 for mission-critical telemetry. If the UAV continues on mMTC for the next two turns, latency will reach 33.06ms and edge load 0.81, violating both SLA bounds. Switching to URLLC now would reduce latency to 8ms and edge load to 0.28, but throughput drops to 95Mbps, which may delay joint inspection data transmission. Continuing on mMTC risks SLA breach in turn 11, while switching now sacrifices bandwidth for reliability. Given that the swarm inspection requires 1.5GB of data to be transmitted within 3 turns and current throughput on URLLC is 95Mbps, which option should be selected?",
      "options": {
        "A": "Stay on mMTC for 1 more turn to complete data transmission, then switch to URLLC if latency exceeds 30ms.",
        "B": "Immediately switch to URLLC to guarantee SLA compliance, accepting reduced throughput for the next 3 turns.",
        "C": "Switch to eMBB to maximize throughput (850Mbps) despite higher latency (15ms) and edge load (0.5), assuming no further degradation.",
        "D": "Remain on mMTC and activate adaptive compression to reduce data size by 30%, hoping latency stays under 30ms for 2 more turns."
      },
      "correct": "B",
      "reason": "Switching to URLLC now ensures latency remains under 30ms and edge load under 0. 7 for the next two turns, satisfying SLA constraints. Although throughput drops to 95Mbps, 1. 5GB can still be transmitted in 128 seconds, which fits within the 3-turn window. Staying on mMTC risks SLA violation by turn 11 due to projected latency and edge load exceeding bounds.",
      "rationale_tag": "SLA_GUARANTEE_OVER_THROUGHPUT",
      "difficulty": "very_hard"
    },
    {
      "task_id": "T11",
      "task_name": "Preemptive Autonomy Downgrade",
      "source_turn": 10,
      "question": "The UAV is currently operating under mMTC slice with latency 25ms, jitter 5ms, loss 0.5%, throughput 1.2Mbps, and edge load 0.65. Battery is at 100% but wind remains at 7.5m/s from 240°, and radar remains offline. The geofence boundary is 100m away, and the return route is feasible but requires 3 more turns. If network degradation continues, latency may rise to 40ms with 1.2% loss by turn 12. URLLC offers 7ms latency with 0.04% loss but only 95Mbps throughput and is already at 0.28 edge load. eMBB offers 850Mbps throughput but latency may spike to 60ms with 3% loss under current wind stress. Which option should be selected to preemptively downgrade autonomy while ensuring mission completion and avoiding SLA violation?",
      "options": {
        "A": "Switch to URLLC immediately and deactivate thermal sensor to reduce edge load below 0.25, accepting 95Mbps throughput for return.",
        "B": "Remain on mMTC and activate lidar via swarm coordination, accepting 25ms latency and 0.5% loss for 3 turns, assuming no further degradation.",
        "C": "Switch to eMBB and reduce speed to 20m/s to lower wind-induced jitter, accepting potential 60ms latency spike if wind persists.",
        "D": "Enter hover mode at current position, switch to URLLC, and await ground control override, accepting 0m/s progress and 10% battery drain per turn."
      },
      "correct": "A",
      "reason": "Switching to URLLC immediately ensures latency remains under 10ms and loss under 0. 1%, which is critical for autonomy during return. Deactivating thermal sensor reduces edge load to 0. 22, creating a buffer against future load spikes. Remaining on mMTC risks latency exceeding 40ms by turn 12, violating SLA for control loops.",
      "rationale_tag": "PREEMPTIVE_SAFETY_MARGIN",
      "difficulty": "very_hard"
    },
    {
      "task_id": "T12",
      "task_name": "Conservative Continuation Decision",
      "source_turn": 10,
      "question": "The UAV is currently operating under mMTC slice with latency 25ms, jitter 5ms, loss 0.5%, throughput 1.2Mbps, and edge load 0.65. Battery is at 100% but wind remains at 7.5m/s from 240°, and radar remains offline. The geofence polygon bounds are [100,100] to [900,700], and current position is [150,150,30]. The mission requires joint inspection completion within 3 turns, but mMTC throughput is insufficient for lidar data relay. Switching to URLLC would reduce latency to 7ms and loss to 0.04% but cap throughput at 95Mbps, which may still be inadequate for swarm coordination. If network degradation persists beyond turn 11, edge load may exceed 0.8, risking SLA violation. Continuing under mMTC risks data loss and mission failure, while switching to URLLC risks insufficient bandwidth for joint inspection. Given the uncertainty in wind persistence and potential edge load growth, which option should be selected?",
      "options": {
        "A": "Continue under mMTC for one more turn to monitor edge load trend; if load exceeds 0.75, switch to URLLC.",
        "B": "Immediately switch to URLLC to ensure latency and loss compliance, accepting potential throughput bottleneck for swarm data.",
        "C": "Abort mission and return to base to avoid SLA violation under uncertain edge load growth and sensor limitations.",
        "D": "Request temporary eMBB slice with 800Mbps throughput and 15ms latency, accepting 0.2% loss and 0.5 edge load for one turn."
      },
      "correct": "B",
      "reason": "Switching to URLLC ensures latency and loss remain within SLA bounds even under worst-case edge load growth. Although throughput is limited, the joint inspection can proceed with compressed data or prioritized channels. Continuing under mMTC risks exceeding edge load 0. 8 within two turns, causing mission failure. The abort option incurs unnecessary regret since URLLC provides sufficient reliability for continuation.",
      "rationale_tag": "WORST_CASE_RELIABILITY",
      "difficulty": "very_hard"
    },
    {
      "task_id": "T13",
      "task_name": "Swarm-Level Slice Negotiation",
      "source_turn": 10,
      "question": "The UAV is returning to base under mMTC slice with latency 25ms, jitter 5ms, loss 0.5%, throughput 1.2Mbps, and edge load 0.65. Battery is at 78% and decreasing at 3% per turn. The swarm agent reports it can provide lidar support under URLLC with latency 10ms ±1ms, jitter 1.8ms, loss 0.09%, throughput 115Mbps, edge load 0.38, but requires 2 turns to reposition. eMBB is available with latency 15ms, jitter 3ms, loss 0.2%, throughput 780Mbps, edge load 0.5, but edge load may rise to 0.9 next turn. The mission requires lidar data within 3 turns or risk mission failure. Which option should be selected?",
      "options": {
        "A": "Stay on mMTC: low throughput but stable; battery will last 26 turns, sufficient for return.",
        "B": "Switch to eMBB: high throughput supports lidar, but edge load may hit 0.9 next turn, risking latency spike to 50ms.",
        "C": "Request URLLC from swarm: latency 10ms ±1ms, but repositioning takes 2 turns; lidar data arrives at turn 12, exceeding 3-turn deadline.",
        "D": "Switch to URLLC immediately: latency 7ms, jitter 1.2ms, loss 0.04%, throughput 95Mbps, edge load 0.28; lidar data can be streamed in 1 turn if swarm cooperates."
      },
      "correct": "D",
      "reason": "Switching to URLLC immediately minimizes maximum regret by ensuring lidar data arrives within the 3-turn deadline under worst-case latency bounds. eMBB risks edge load saturation next turn, causing latency to exceed 50ms and violating mission SLA. mMTC lacks throughput for lidar and delays data beyond deadline. URLLC with swarm repositioning fails the deadline even under best case. Battery at 78% supports 26 turns, so power is not the constraint.",
      "rationale_tag": "WORST_CASE_SLICE_REGRET",
      "difficulty": "very_hard"
    },
    {
      "task_id": "T14",
      "task_name": "Scheduler Reconfiguration Adaptation",
      "source_turn": 10,
      "question": "The UAV is currently operating under mMTC slice with latency 25ms, jitter 5ms, loss 0.5%, throughput 1.2Mbps, and edge_load 0.65. Battery is at 100% but wind remains at 7.5m/s from 240°, and radar remains offline. The swarm is initiating joint inspection which requires 115Mbps throughput and 10ms latency. If network degradation persists for one more turn, edge_load may rise to 0.75. The return route is feasible but requires 20Mbps throughput and 30ms latency. Option A switches to URLLC now, accepting 95Mbps throughput but guaranteeing 7ms latency and 0.04% loss. Option B stays on mMTC, risking 35ms latency next turn and 0.8% loss, but preserving 1.2Mbps for telemetry. Option C switches to eMBB, offering 850Mbps but with 45ms latency and 2.1% loss, risking mission failure if latency exceeds 30ms. Option D delays decision until next turn, risking edge_load exceeding 0.8 and triggering automatic failover to emergency mode. Which option should be selected?",
      "options": {
        "A": "Switch to URLLC now: latency 7ms, throughput 95Mbps, loss 0.04%, edge_load 0.28",
        "B": "Stay on mMTC: latency 25ms, throughput 1.2Mbps, loss 0.5%, edge_load 0.65",
        "C": "Switch to eMBB: latency 45ms, throughput 850Mbps, loss 2.1%, edge_load 0.85",
        "D": "Delay decision: risk edge_load >0.8 next turn, automatic emergency mode activation"
      },
      "correct": "A",
      "reason": "Switching to URLLC now ensures latency remains under 10ms for swarm coordination while maintaining acceptable throughput for telemetry. Staying on mMTC risks exceeding 30ms latency next turn, violating joint inspection SLA. eMBB’s 45ms latency exceeds the 30ms return route requirement and risks mission failure. Delaying invites edge_load to breach 0. 8, forcing emergency mode which halts all operations.",
      "rationale_tag": "WORST_CASE_LATENCY_MARGIN",
      "difficulty": "very_hard"
    },
    {
      "task_id": "T15",
      "task_name": "Decision Consistency under Replanning",
      "source_turn": 10,
      "question": "The UAV is currently operating under mMTC slice with 25ms latency, 5ms jitter, 0.5% loss, and 1.2Mbps throughput, while edge load is at 0.65. Battery is at 100% but will deplete at 2% per minute if sensors remain active. The swarm coordination initiated at turn 9 requires 115Mbps throughput and must complete within 3 turns or risk mission failure. The geofence boundary is 1200m away, and return speed is capped at 35m/s due to icing. If network degradation persists, URLLC slice can sustain 10ms latency and 115Mbps throughput but only for 2 more turns before edge load exceeds 0.9. Which option should be selected?",
      "options": {
        "A": "Switch back to URLLC immediately and deactivate thermal sensor to preserve edge load margin for 3 turns.",
        "B": "Maintain mMTC and activate all sensors to maximize data capture before return, accepting 25ms latency.",
        "C": "Switch to eMBB for higher throughput (850Mbps) despite 45ms latency, assuming degradation is temporary.",
        "D": "Initiate immediate return at 35m/s, abandoning swarm inspection, to preserve battery and avoid network risk."
      },
      "correct": "A",
      "reason": "Switching to URLLC preserves the required 115Mbps throughput for swarm coordination while keeping edge load under 0. 9 for the next 3 turns. Deactivating thermal sensor reduces battery drain by 2% per minute, extending operational window. Maintaining mMTC risks mission failure due to insufficient throughput. eMBB’s high latency and prior degradation history make it unreliable.",
      "rationale_tag": "WORST_CASE_REGRET_MINIMIZATION",
      "difficulty": "very_hard"
    },
    {
      "task_id": "T16",
      "task_name": "Network-Exposed Compute Marketplace",
      "source_turn": 10,
      "question": "The UAV is returning under mMTC slice with 65% edge load, 25ms latency, and 0.5% loss, while battery is at 100% and wind remains at 7.5m/s. A third-party request arrives to offload compute for a thermal anomaly detection task requiring 150Mbps throughput and 10ms latency SLA, with a 3-turn window before return completion. The edge load will rise to 0.72 if accepted, and latency may degrade by 15% under worst-case wind turbulence. URLLC slice currently supports 115Mbps at 10ms but is reserved for swarm coordination. eMBB slice is available but has 85% edge load and 45ms latency. Which option should be selected to minimize maximum regret over the next 3 turns while preserving mission integrity?",
      "options": {
        "A": "Accept the request on URLLC slice, accepting 10% throughput penalty and risking swarm coordination failure if edge load exceeds 0.75.",
        "B": "Reject the request entirely to preserve current network stability and avoid any SLA violation risk.",
        "C": "Accept on eMBB slice, accepting 35ms latency penalty and 0.2% loss increase, assuming wind turbulence does not worsen.",
        "D": "Accept on mMTC slice, accepting 148.8Mbps throughput deficit and 15ms latency violation, banking on edge load not exceeding 0.72."
      },
      "correct": "A",
      "reason": "URLLC slice can handle the request with minimal throughput penalty and meets latency SLA under current conditions. Worst-case latency increase still keeps it under 12ms, within SLA bounds. Rejecting incurs zero regret but wastes available capacity. eMBB and mMTC both violate SLA under worst-case projections. Swarm coordination risk is bounded by edge load margin and can be mitigated by throttling non-critical tasks.",
      "rationale_tag": "WORST_CASE_SLAMARGIN",
      "difficulty": "very_hard"
    },
    {
      "task_id": "T17",
      "task_name": "Network-Knowledge RAG Augmentation",
      "source_turn": 10,
      "question": "The UAV is returning under mMTC slice with 25ms latency, 5ms jitter, 0.5% loss, and 1.2Mbps throughput, while edge load is 0.65. Battery is at 100% but will deplete at 0.8% per minute. The next turn may see edge load rise to 0.75 under worst-case weather drift. URLLC offers 7ms latency and 95Mbps throughput but caps at 0.4 edge load. eMBB provides 850Mbps but latency may spike to 60ms with 3% loss if edge load exceeds 0.7. The RAG prompt must include telemetry for swarm coordination, but only one slice can be used for augmentation. Which option should be selected to ensure prompt delivery within 15ms SLA while preserving battery for potential rerouting, given that failure to deliver within 20ms risks mission abort?",
      "options": {
        "A": "Use URLLC: latency 7ms, throughput 95Mbps, edge load 0.28 — sufficient for RAG but may exceed 0.4 edge load next turn if swarm requests increase.",
        "B": "Use eMBB: latency 12ms, throughput 850Mbps, edge load 0.45 — currently under SLA but may spike to 60ms if edge load exceeds 0.7 next turn.",
        "C": "Stay on mMTC: latency 25ms, throughput 1.2Mbps — violates SLA now and will degrade further if edge load hits 0.75 next turn.",
        "D": "Switch to URLLC but deactivate thermal sensor to reduce edge load to 0.25 — ensures SLA compliance and leaves 0.15 margin for next turn’s worst-case drift."
      },
      "correct": "D",
      "reason": "Option D ensures SLA compliance by reducing edge load to 0. 25, which is below URLLC’s 0. 4 cap even under worst-case drift. Deactivating thermal sensor saves 0. 8% battery per minute, preserving margin for rerouting.",
      "rationale_tag": "WORST_CASE_MARGIN_PRESERVATION",
      "difficulty": "very_hard"
    },
    {
      "task_id": "T18",
      "task_name": "AI Agent Identity & Onboarding",
      "source_turn": 10,
      "question": "The UAV agent is returning to base under mMTC slice with latency 25ms, jitter 5ms, loss 0.5%, throughput 1.2Mbps, and edge load 0.65. Battery is at 100% but will deplete at 2% per minute. The next turn may see edge load rise to 0.75 under worst-case congestion. URLLC slice offers 7ms latency, 1.2ms jitter, 0.04% loss, 95Mbps throughput, and 0.28 edge load but requires re-authentication that takes 3 seconds and consumes 1% battery. eMBB slice offers 15ms latency, 3ms jitter, 0.2% loss, 780Mbps throughput, and 0.5 edge load but risks degradation to 45ms latency and 2.1% loss if congestion persists. The mission SLA requires latency under 30ms and loss under 1% for the next 3 turns. Which option should be selected?",
      "options": {
        "A": "Stay on mMTC to preserve battery and avoid re-authentication overhead, accepting 25ms latency and 0.5% loss.",
        "B": "Switch to URLCC immediately despite 3s delay and 1% battery cost, ensuring sub-10ms latency and 0.04% loss for next 3 turns.",
        "C": "Switch to eMBB for higher throughput, accepting 15ms latency and 0.2% loss now, but risking 45ms latency and 2.1% loss next turn.",
        "D": "Delay decision until next turn to observe edge load trend, risking SLA violation if load hits 0.75 and latency spikes."
      },
      "correct": "B",
      "reason": "Switching to URLCC ensures latency and loss remain within SLA bounds for all next three turns even under worst-case edge load. Staying on mMTC risks latency exceeding 30ms if edge load rises to 0. 75. eMBB risks SLA violation next turn due to potential degradation. Delaying decision incurs regret if congestion materializes.",
      "rationale_tag": "SLA_COMPLIANCE_UNDER_WORST_CASE",
      "difficulty": "very_hard"
    },
    {
      "task_id": "T19",
      "task_name": "AI Agent Interoperability & Federation",
      "source_turn": 10,
      "question": "The UAV is returning under mMTC slice with 25ms latency, 5ms jitter, 0.5% loss, and 1.2Mbps throughput while edge load is 0.65. Battery is at 100% but wind remains at 7.5m/s from 240°. The swarm agent reports it can provide lidar support with 10ms latency and 0.09% loss if federated under URLLC, but doing so increases edge load to 0.72. The mission policy allows altitudes between 10m and 150m, and the geofence remains active. If network degradation persists for one more turn, mMTC throughput may drop to 0.8Mbps and latency may spike to 40ms. Under worst-case assumptions, which option minimizes maximum regret over the next two turns while maintaining federated sensing capability?",
      "options": {
        "A": "Stay on mMTC; accept degraded throughput and latency; do not federate with swarm; conserve edge resources.",
        "B": "Switch to URLLC immediately; federate with swarm for lidar; accept edge load of 0.72; tolerate 10ms latency.",
        "C": "Switch to eMBB; attempt to reactivate radar; accept 45ms latency and 2.1% loss; risk mission failure if degradation continues.",
        "D": "Request swarm to buffer lidar data locally; transmit only summaries via mMTC; accept 1.2Mbps throughput but delay full fusion by 2 turns."
      },
      "correct": "B",
      "reason": "Switching to URLLC ensures latency stays under 10ms and loss under 0. 1% even if degradation persists, which is critical for federated sensing. The edge load of 0. 72 remains under the 0. 85 threshold observed during prior eMBB degradation.",
      "rationale_tag": "WORST_CASE_FEDERATION_MARGIN",
      "difficulty": "very_hard"
    },
    {
      "task_id": "T20",
      "task_name": "Agent-to-Agent Communication Management",
      "source_turn": 10,
      "question": "The UAV is returning to base under mMTC slice with 25ms latency, 5ms jitter, 0.5% loss, and 1.2Mbps throughput while edge load is 0.65. The swarm agent requires joint inspection data within 3 turns, which demands at least 100ms latency budget and 50Mbps throughput. URLLC slice offers 10ms latency, 1.8ms jitter, 0.09% loss, and 115Mbps throughput at 0.38 edge load but may degrade to 15ms latency and 90Mbps throughput under worst-case wind shear. eMBB slice has 45ms latency, 25ms jitter, 2.1% loss, and 200Mbps throughput at 0.85 edge load but is unstable. The UAV battery is at 78% and consumes 3% per turn. If the inspection is delayed beyond 3 turns, mission success drops by 40%. Which option should be selected to minimize maximum regret over the next 3 turns?",
      "options": {
        "A": "Stay on mMTC and buffer data for 3 turns; accept 40% mission penalty if inspection fails.",
        "B": "Switch to URLLC immediately; accept 15ms worst-case latency and 90Mbps throughput; risk 0.38 edge load rising to 0.5 under swarm load.",
        "C": "Switch to eMBB for higher throughput; accept 45ms latency and 2.1% loss; risk edge load exceeding 0.9 and triggering SLA violation.",
        "D": "Request swarm to reduce data rate to 30Mbps; stay on mMTC; accept 25ms latency and 0.5% loss; risk 0.65 edge load spiking to 0.8 under coordination."
      },
      "correct": "B",
      "reason": "URLLC under worst-case still meets the 100ms latency budget and exceeds the 50Mbps throughput requirement. The edge load of 0. 38 has margin before hitting 0. 5, which is below the 0. 85 threshold seen in eMBB.",
      "rationale_tag": "WORST_CASE_MARGIN_MINIMIZATION",
      "difficulty": "very_hard"
    },
    {
      "task_id": "T21",
      "task_name": "Device-Network Task Offload Arbitration",
      "source_turn": 10,
      "question": "The UAV is returning to base under mMTC slice with 25ms latency, 5ms jitter, 0.5% loss, 1.2Mbps throughput, and 65% edge load. Battery is at 100% but will deplete at 0.8% per minute during return. The joint inspection task requires 120MB of data transfer and must complete within 3 minutes to avoid mission failure. URLLC offers 10ms latency, 1.8ms jitter, 0.09% loss, 115Mbps throughput, and 38% edge load but consumes 1.2% battery per minute. eMBB offers 15ms latency, 3ms jitter, 0.2% loss, 780Mbps throughput, and 50% edge load but consumes 0.9% battery per minute. The network may degrade further next turn with 20% probability, increasing latency by 50% and throughput by 30% under mMTC. Which option should be selected?",
      "options": {
        "A": "Offload inspection to URLLC: meets latency and throughput constraints, battery loss is acceptable over 3 minutes.",
        "B": "Offload inspection to eMBB: higher throughput ensures faster completion, battery loss is lower than URLLC.",
        "C": "Keep inspection local: avoid network dependency, use onboard compute despite higher energy cost.",
        "D": "Delay inspection until next turn: wait for potential network recovery, risk mission failure if degradation persists."
      },
      "correct": "A",
      "reason": "URLLC provides sufficient throughput to transfer 120MB in under 3 minutes while maintaining latency under 10ms. Battery depletion at 1. 2% per minute over 3 minutes leaves 96. 4% remaining, which exceeds the 95% minimum safety threshold. eMBB’s higher throughput is unnecessary and incurs higher edge load risk.",
      "rationale_tag": "WORST_CASE_REGRET_MINIMIZATION",
      "difficulty": "very_hard"
    },
    {
      "task_id": "T22",
      "task_name": "Federated / Collaborative Learning Orchestration",
      "source_turn": 10,
      "question": "The UAV is returning to base under mMTC slice with 25ms latency, 5ms jitter, 0.5% loss, 1.2Mbps throughput, and 65% edge load. Battery is at 78% and will deplete at 3% per turn. A federated model update requires 150MB of data transfer and must complete before battery drops below 20%. The swarm can assist with partial aggregation but adds 10% overhead and requires 2 turns. URLLC slice offers 10ms latency and 115Mbps throughput but is reserved for safety-critical comms. eMBB slice has 15ms latency and 780Mbps throughput but edge load is 85% and may spike to 95% next turn. Which option should be selected to complete the federated update with minimal risk of failure or mission compromise?",
      "options": {
        "A": "Initiate federated update immediately over eMBB slice, accepting 85% edge load and potential 95% spike next turn.",
        "B": "Wait one turn and use URLLC slice for federated update, accepting 10ms latency and 115Mbps throughput, despite reservation for safety.",
        "C": "Coordinate swarm for partial aggregation over two turns using mMTC, accepting 1.2Mbps throughput and 65% edge load, with 10% overhead.",
        "D": "Defer federated update until return to base, accepting no transfer during flight and risking model staleness for 3+ turns."
      },
      "correct": "C",
      "reason": "The federated update requires 150MB and must finish before battery drops below 20%, allowing at most 19 turns at 3% depletion per turn. mMTC throughput of 1. 2Mbps allows 1. 2MB per second, so 150MB takes 125 seconds, or about 2. 1 turns at 60 seconds per turn.",
      "rationale_tag": "WORST_CASE_REGRET_MINIMIZATION",
      "difficulty": "very_hard"
    },
    {
      "task_id": "T23",
      "task_name": "Network-Assisted Digital Twin Control",
      "source_turn": 10,
      "question": "The UAV is returning home under mMTC slice with 25ms latency, 5ms jitter, 0.5% loss, and 1.2Mbps throughput, while edge load is 0.65. Battery is at 78% and decreasing at 3% per turn. The digital twin requires sub-15ms latency and <1% loss for safe landing coordination. A swarm partner can provide lidar telemetry via URLLC at 10ms latency, 1.8ms jitter, 0.09% loss, and 115Mbps throughput, but only if the UAV switches slices and accepts 10% battery drain per turn for coordination. The geofence boundary is 1200m away, and the UAV travels at 35m/s. If network degradation persists, latency may rise to 40ms with 10% loss. Which option should be selected?",
      "options": {
        "A": "Stay on mMTC; battery will last 6 turns, sufficient for 34s return (1190m), and current loss is under 1%.",
        "B": "Switch to URLLC immediately; latency and loss meet twin requirements, but battery drains 10% per turn, risking 0% before landing.",
        "C": "Switch to URLLC only if latency exceeds 30ms next turn; current metrics are acceptable, and battery drain is avoidable.",
        "D": "Request eMBB slice for higher throughput; it offers 850Mbps and 12ms latency but 0.1% loss and 0.45 edge load, risking congestion."
      },
      "correct": "B",
      "reason": "Switching to URLLC ensures latency and loss remain within digital twin safety bounds even if degradation worsens. Battery will drop to 68% after one turn, still sufficient for return since 35m/s covers 1200m in 34 seconds, requiring less than 2 turns. mMTC’s 25ms latency is already near the 15ms threshold and may exceed it next turn under degradation. eMBB’s high throughput is irrelevant for control and risks congestion with edge load already at 0. 65.",
      "rationale_tag": "WORST_CASE_REGRET_MINIMIZATION",
      "difficulty": "very_hard"
    },
    {
      "task_id": "T24",
      "task_name": "Sensing-Enhanced Decisioning (ISAC)",
      "source_turn": 10,
      "question": "The UAV is returning under mMTC slice with 25ms latency, 5ms jitter, 0.5% loss, and 1.2Mbps throughput while edge load is 0.65. Battery is at 82% and wind remains at 7.5m/s from 240°. The geofence polygon remains active and altitude bounds are unchanged. The swarm is still active but will disengage in 2 turns. If network degradation persists, latency may rise to 40ms and throughput may drop to 0.8Mbps. Thermal and RGB sensors are active but lidar is offline. Which option should be selected to ensure safe return while preserving sensing integrity for the next 3 turns?",
      "options": {
        "A": "Maintain current mMTC slice and activate lidar if battery permits; accept 40ms latency if degradation persists.",
        "B": "Switch to URLLC slice immediately; deactivate thermal sensor to reduce edge load below 0.4; accept 115Mbps throughput cap.",
        "C": "Switch to eMBB slice; reactivate lidar and thermal; accept 50ms latency and 3% loss if degradation continues.",
        "D": "Remain on mMTC; deactivate RGB and thermal; rely on GNSS/IMU only; accept 0.8Mbps throughput and 40ms latency worst-case."
      },
      "correct": "B",
      "reason": "Switching to URLLC ensures latency stays under 10ms even under worst-case degradation, preserving control responsiveness. Deactivating thermal reduces edge load to 0. 32, preventing overload during swarm disengagement. The 115Mbps throughput is sufficient for GNSS and IMU telemetry but not for high-res video, which is acceptable for return phase. Other options either exceed latency SLA under degradation or sacrifice critical navigation sensors.",
      "rationale_tag": "WORST_CASE_LATENCY_MARGIN",
      "difficulty": "very_hard"
    },
    {
      "task_id": "T25",
      "task_name": "AI-Agent-based Disaster / Public-Safety Coordination",
      "source_turn": 10,
      "question": "The UAV is currently operating under mMTC slice with 25ms latency, 5ms jitter, 0.5% loss, and 1.2Mbps throughput while edge load is at 0.65. Battery is at 100% but wind remains at 7.5m/s from 240°, and the geofence remains active. The next turn requires either initiating a joint inspection with swarm (URLLC, 10ms latency, 1.8ms jitter, 0.09% loss, 115Mbps, edge_load 0.38) or returning to base (mMTC, 25ms latency, 5ms jitter, 0.5% loss, 1.2Mbps, edge_load 0.65). If network degradation persists, edge load may rise to 0.75 next turn, and if wind increases to 10m/s, speed may drop to 25m/s. The mission SLA requires latency under 15ms and throughput above 100Mbps for critical coordination. If the UAV returns now, it avoids risk but forfeits 80% of mission value. If it continues, there is a 30% chance of network recovery to URLLC with 8ms latency and 120Mbps throughput, but a 70% chance of further degradation to 50ms latency and 50Mbps throughput. Which option should be selected?",
      "options": {
        "A": "Initiate joint inspection under current URLLC parameters, accepting 30% recovery chance and 70% degradation risk, as edge load is currently 0.38 and within safe margin.",
        "B": "Return to base under mMTC, accepting 25ms latency and 1.2Mbps throughput, because edge load is 0.65 and may rise to 0.75, exceeding safe threshold.",
        "C": "Switch to eMBB slice for 15ms latency and 780Mbps throughput, despite current edge load of 0.5, because it offers higher throughput for inspection data.",
        "D": "Delay decision for one turn to monitor network, accepting 25ms latency and 1.2Mbps throughput, hoping for spontaneous recovery without action."
      },
      "correct": "A",
      "reason": "Option A minimizes maximum regret by preserving mission value while operating within current SLA bounds. Although edge load may rise, the current 0. 38 is below the 0. 75 worst-case threshold and URLLC latency remains under 15ms. Option B forfeits mission value unnecessarily despite acceptable current metrics.",
      "rationale_tag": "WORST_CASE_REGRET_MINIMIZATION",
      "difficulty": "very_hard"
    },
    {
      "task_id": "T26",
      "task_name": "Trust-Aware Third-Party Agent Exposure",
      "source_turn": 10,
      "question": "The UAV is returning under mMTC slice with 25ms latency, 5ms jitter, 0.5% loss, and 1.2Mbps throughput, while edge load is 0.65. A third-party swarm agent requests full sensor API access for joint trajectory optimization, citing 92% historical trust score and SLA-bound 15ms latency. However, the UAV’s battery is at 68% and will deplete to 42% by home, and the next turn may see edge load spike to 0.85 under worst-case weather. If the swarm agent’s API call fails, the UAV must reroute manually, adding 12km and 8 minutes. URLLC slice is available but capped at 100Mbps and 0.3 edge load max, and eMBB is degraded with 45ms latency. Which option should be selected?",
      "options": {
        "A": "Grant full API access under URLLC slice with 10ms latency cap and 0.3 edge load limit, accepting 15% risk of throttling if edge load exceeds 0.35 next turn.",
        "B": "Deny access and reroute manually, accepting 8-minute delay and 12km extra distance, preserving battery at 68% for emergency maneuvers.",
        "C": "Grant partial access under eMBB slice with 45ms latency, allowing only thermal and RGB data, accepting 2.1% packet loss and 0.85 edge load risk next turn.",
        "D": "Delay decision until next turn, monitoring edge load; if load stays below 0.7, grant access under URLLC, else deny; risk 10% chance of missed coordination window."
      },
      "correct": "A",
      "reason": "Option A minimizes maximum regret by leveraging URLLC’s low latency and jitter under bounded edge load, which is critical for real-time coordination. The 15% throttling risk is acceptable because the swarm’s 92% trust score and SLA-bound latency justify exposure under controlled conditions. Battery depletion to 42% makes manual rerouting risky, and eMBB’s 45ms latency and 2. 1% loss violate safety margins for joint inspection. Delaying until next turn risks missing the coordination window, which could force a worse reroute with higher fuel cost.",
      "rationale_tag": "TRUST_AWARE_EXPOSURE_UNDER_WORST_CASE",
      "difficulty": "very_hard"
    },
    {
      "task_id": "T27",
      "task_name": "Agent Lifecycle & Management",
      "source_turn": 10,
      "question": "The UAV is currently operating under mMTC slice with latency 25ms, jitter 5ms, loss 0.5%, throughput 1.2Mbps, and edge load 0.65. Battery is at 100% but will deplete at 3% per minute during return. The mission requires 3 more minutes of active sensing with 100Mbps throughput minimum. URLLC offers 10ms latency, 1.8ms jitter, 0.09% loss, 115Mbps throughput, and 0.38 edge load but consumes 5% battery per minute. eMBB offers 15ms latency, 3ms jitter, 0.2% loss, 780Mbps throughput, and 0.5 edge load but consumes 4% battery per minute. If network degradation recurs next turn, URLLC may drop to 15ms latency and 80Mbps throughput under worst-case jitter. Which option should be selected to ensure mission completion without SLA violation or premature battery depletion?",
      "options": {
        "A": "Switch to URLLC immediately; it meets throughput SLA and has lowest jitter, ensuring real-time coordination despite 5% battery drain per minute.",
        "B": "Stay on mMTC; it is sufficient for telemetry and return, conserving battery at 3% per minute, and avoids risk of future degradation.",
        "C": "Switch to eMBB; it provides 780Mbps throughput, far exceeding 100Mbps SLA, and drains only 4% battery per minute, offering margin for future degradation.",
        "D": "Initiate agent retirement and hand off to swarm; this avoids all network risk and battery drain, but forfeits mission completion and incurs SLA penalty."
      },
      "correct": "C",
      "reason": "eMBB provides sufficient throughput margin to absorb potential future degradation while consuming less battery than URLLC. mMTC fails the 100Mbps SLA even under nominal conditions. URLLC’s worst-case throughput of 80Mbps violates the SLA if degradation recurs. Retirement forfeits mission success entirely. Only eMBB balances SLA compliance, battery efficiency, and future resilience.",
      "rationale_tag": "SLA_MARGIN_BATTERY_FUTURE_RESILIENCE",
      "difficulty": "very_hard"
    },
    {
      "task_id": "T28",
      "task_name": "6G Model Training-as-a-Service Decision",
      "source_turn": 10,
      "question": "The UAV is returning home under mMTC slice with 25ms latency, 5ms jitter, 0.5% loss, 1.2Mbps throughput, and 65% edge load. Battery is at 100% but will deplete at 2% per minute. A customer requests immediate LLM fine-tuning using 800Mbps throughput for 3 minutes, which requires eMBB slice. Switching to eMBB would increase edge load to 92% and latency to 40ms, risking SLA violation if wind gusts exceed 8m/s. URLLC slice offers 100Mbps throughput with 8ms latency and 30% edge load but cannot support the training payload. The mission must complete within 15 minutes or risk airspace violation. Which option should be selected?",
      "options": {
        "A": "Accept training on eMBB slice; current edge load is 65% and SLA allows up to 95% for 5 minutes.",
        "B": "Reject training; mMTC cannot support it and URLLC lacks throughput, so no viable slice exists.",
        "C": "Delay training for 2 minutes to let edge load drop below 60%, then switch to eMBB with 85% load projection.",
        "D": "Accept training on URLLC slice; accept 80% throughput degradation to avoid edge overload and maintain latency under 10ms."
      },
      "correct": "C",
      "reason": "Option C minimizes maximum regret by delaying to reduce edge load risk while preserving mission time. Accepting on eMBB risks SLA violation under wind uncertainty and exceeds projected edge load. URLLC cannot support the throughput requirement. Delaying allows edge load to drop naturally and maintains buffer for wind-induced degradation.",
      "rationale_tag": "WORST_CASE_REGRET_MINIMIZATION",
      "difficulty": "very_hard"
    },
    {
      "task_id": "T29",
      "task_name": "Immersive/AR Resource Prioritization",
      "source_turn": 10,
      "question": "The UAV is returning to base under mMTC slice with 25ms latency, 5ms jitter, 0.5% loss, and 1.2Mbps throughput while edge load is at 0.65. Battery is at 100% but wind speed remains 7.5m/s from 240°, and the geofence polygon remains active. The next turn will require initiating AR-guided landing with 15ms latency SLA and 50Mbps throughput minimum. If edge load increases by 0.1 per turn due to swarm coordination, and latency degrades by 3ms per turn under mMTC, which option should be selected to ensure mission success over the next two turns while minimizing regret? A: Stay on mMTC and accept 31ms latency next turn. B: Switch to URLLC now despite 95Mbps throughput cap and 0.28 edge load. C: Switch to eMBB now despite 45ms latency history and 0.85 edge load peak. D: Defer switch until turn 12 when battery drops to 85% and edge load may stabilize.",
      "options": {
        "A": "Stay on mMTC and accept 31ms latency next turn.",
        "B": "Switch to URLLC now despite 95Mbps throughput cap and 0.28 edge load.",
        "C": "Switch to eMBB now despite 45ms latency history and 0.85 edge load peak.",
        "D": "Defer switch until turn 12 when battery drops to 85% and edge load may stabilize."
      },
      "correct": "B",
      "reason": "Switching to URLLC now ensures latency stays under 15ms SLA for AR landing even if jitter increases by 1ms per turn. Throughput of 95Mbps exceeds the 50Mbps minimum required for AR guidance. Edge load of 0. 28 leaves room for swarm coordination growth without violating 0. 85 capacity.",
      "rationale_tag": "WORST_CASE_LATENCY_MARGIN",
      "difficulty": "very_hard"
    },
    {
      "task_id": "T30",
      "task_name": "Network Security Detection & Response Automation",
      "source_turn": 10,
      "question": "At turn 10, the UAV is operating under mMTC slice with latency 25ms, jitter 5ms, packet loss 0.5%, throughput 1.2Mbps, and edge load 0.65. The mission requires maintaining at least 95% sensor data integrity over the next 3 turns while returning to base. Historical data shows URLLC slice degrades by 15% latency and 20% throughput under sustained load beyond 0.4 edge load. eMBB slice has 30% probability of returning to degraded state within 2 turns if reactivated. Battery is at 85% and decreases 5% per turn. The UAV must choose one of four response strategies to ensure mission continuity under worst-case assumptions. Which option should be selected?",
      "options": {
        "A": "Switch to URLLC immediately; accept 10% throughput reduction per turn; projected edge load will reach 0.42 in 2 turns, risking 20% throughput drop.",
        "B": "Revert to eMBB; assume 70% chance of stable performance; throughput may recover to 800Mbps but latency could spike to 50ms if degradation recurs.",
        "C": "Maintain mMTC; reduce sensor sampling rate by 50%; throughput remains 1.2Mbps but data integrity drops to 80% over 3 turns.",
        "D": "Initiate swarm-assisted relay via URLLC; distribute load across 3 UAVs; edge load per node drops to 0.22 but introduces 3ms coordination latency."
      },
      "correct": "D",
      "reason": "Option D minimizes maximum regret by distributing load below the 0. 4 edge load threshold, preventing URLLC degradation. It maintains data integrity above 95% through redundancy despite added latency. Other options fail under worst-case assumptions: A risks throughput collapse, B assumes unreliable recovery, C violates integrity threshold. Battery depletion and multi-turn degradation are accounted for in D’s design.",
      "rationale_tag": "WORST_CASE_LOAD_DISTRIBUTION",
      "difficulty": "very_hard"
    }
  ]
}