{
  "initial_state": {
    "domain": "uav",
    "time_s": 0.0,
    "env": {
      "weather": "dust",
      "wind_mps": 8.0,
      "wind_dir_deg": 240.0
    },
    "airspace": {
      "alt_bounds": [
        10.0,
        300.0
      ],
      "geofence": [
        {
          "type": "polygon",
          "points": [
            [
              0.0,
              0.0
            ],
            [
              2000.0,
              0.0
            ],
            [
              2000.0,
              1500.0
            ],
            [
              0.0,
              1500.0
            ]
          ]
        }
      ]
    },
    "uav": {
      "pose": {
        "x": 100.0,
        "y": 100.0,
        "z": 50.0,
        "yaw": 240.0
      },
      "speed_mps": 25.0,
      "energy": {
        "battery_pct": 100.0
      },
      "sensors": {
        "rgb": "ok",
        "thermal": "ok",
        "lidar": "offline",
        "radar": "offline",
        "gnss": "ok",
        "imu": "ok",
        "magnetometer": "ok",
        "barometer": "ok"
      },
      "payloads": []
    },
    "policy": {
      "alt_bounds": [
        10.0,
        300.0
      ]
    },
    "safety_flags": {
      "nfz_violation": false,
      "separation_breach": false
    }
  },
  "dialogue": [
    {
      "turn": 1,
      "speaker": "agent",
      "intent": "initiate_mission",
      "actions": [
        {
          "type": "mcp",
          "name": "read_telemetry",
          "args": {}
        },
        {
          "type": "a2a",
          "task": "swarm_heartbeat",
          "to": "uav_swarm_agent",
          "payload": {
            "status": "active",
            "position": {
              "x": 100.0,
              "y": 100.0,
              "z": 50.0
            }
          }
        }
      ],
      "obs": [
        {
          "tool": "read_telemetry",
          "result": {
            "pose": {
              "x": 100.0,
              "y": 100.0,
              "z": 50.0
            },
            "battery_pct": 100.0,
            "speed_mps": 25.0
          }
        },
        {
          "task": "swarm_heartbeat",
          "from": "uav_swarm_agent",
          "status": "ok",
          "payload": {
            "ack": true
          }
        }
      ],
      "net": {
        "slice": "URLLC",
        "lat_ms": 5,
        "jitter_ms": 1,
        "loss_pct": 0.1,
        "throughput_mbps": 50,
        "edge_load": 0.3
      }
    },
    {
      "turn": 2,
      "speaker": "user",
      "intent": "confirm_mission_start",
      "actions": [
        {
          "type": "mcp",
          "name": "set_waypoint",
          "args": {
            "x": 1800.0,
            "y": 1400.0,
            "z": 150.0
          }
        }
      ],
      "obs": [
        {
          "tool": "set_waypoint",
          "result": {
            "status": "accepted",
            "eta_s": 120
          }
        }
      ],
      "net": {
        "slice": "eMBB",
        "lat_ms": 12,
        "jitter_ms": 3,
        "loss_pct": 0.5,
        "throughput_mbps": 120,
        "edge_load": 0.6
      }
    },
    {
      "turn": 3,
      "speaker": "agent",
      "intent": "adjust_flight_path_for_wind",
      "actions": [
        {
          "type": "mcp",
          "name": "read_weather",
          "args": {}
        },
        {
          "type": "mcp",
          "name": "adjust_heading",
          "args": {
            "delta_deg": -15
          }
        }
      ],
      "obs": [
        {
          "tool": "read_weather",
          "result": {
            "wind_mps": 8.0,
            "wind_dir_deg": 240.0
          }
        },
        {
          "tool": "adjust_heading",
          "result": {
            "new_yaw": 225.0,
            "status": "applied"
          }
        }
      ],
      "net": {
        "slice": "URLLC",
        "lat_ms": 6,
        "jitter_ms": 1.2,
        "loss_pct": 0.2,
        "throughput_mbps": 45,
        "edge_load": 0.4
      }
    },
    {
      "turn": 4,
      "speaker": "user",
      "intent": "request_thermal_scan",
      "actions": [
        {
          "type": "mcp",
          "name": "activate_sensor",
          "args": {
            "sensor": "thermal"
          }
        }
      ],
      "obs": [
        {
          "tool": "activate_sensor",
          "result": {
            "sensor": "thermal",
            "status": "activated"
          }
        }
      ],
      "net": {
        "slice": "eMBB",
        "lat_ms": 15,
        "jitter_ms": 5,
        "loss_pct": 1.0,
        "throughput_mbps": 100,
        "edge_load": 0.7
      }
    },
    {
      "turn": 5,
      "speaker": "agent",
      "intent": "detect_network_degradation",
      "actions": [
        {
          "type": "mcp",
          "name": "read_telemetry",
          "args": {}
        }
      ],
      "obs": [
        {
          "tool": "read_telemetry",
          "result": {
            "pose": {
              "x": 600.0,
              "y": 600.0,
              "z": 150.0
            },
            "battery_pct": 92.0,
            "speed_mps": 22.0
          }
        }
      ],
      "net": {
        "slice": "mMTC",
        "lat_ms": 50,
        "jitter_ms": 20,
        "loss_pct": 5.0,
        "throughput_mbps": 1,
        "edge_load": 0.9
      }
    },
    {
      "turn": 6,
      "speaker": "user",
      "intent": "abort_thermal_scan_due_to_latency",
      "actions": [
        {
          "type": "mcp",
          "name": "deactivate_sensor",
          "args": {
            "sensor": "thermal"
          }
        }
      ],
      "obs": [
        {
          "tool": "deactivate_sensor",
          "result": {
            "sensor": "thermal",
            "status": "deactivated"
          }
        }
      ],
      "net": {
        "slice": "URLLC",
        "lat_ms": 8,
        "jitter_ms": 2,
        "loss_pct": 0.3,
        "throughput_mbps": 55,
        "edge_load": 0.5
      }
    },
    {
      "turn": 7,
      "speaker": "agent",
      "intent": "initiate_collision_avoidance_scan",
      "actions": [
        {
          "type": "a2a",
          "task": "collision_avoidance",
          "to": "uav_swarm_agent",
          "payload": {
            "position": {
              "x": 800.0,
              "y": 800.0,
              "z": 150.0
            },
            "velocity": 22.0
          }
        }
      ],
      "obs": [
        {
          "task": "collision_avoidance",
          "from": "uav_swarm_agent",
          "status": "clear",
          "payload": {
            "obstacles": []
          }
        }
      ],
      "net": {
        "slice": "URLLC",
        "lat_ms": 7,
        "jitter_ms": 1.5,
        "loss_pct": 0.1,
        "throughput_mbps": 52,
        "edge_load": 0.4
      }
    },
    {
      "turn": 8,
      "speaker": "user",
      "intent": "request_emergency_hover",
      "actions": [
        {
          "type": "mcp",
          "name": "set_hover",
          "args": {
            "duration_s": 30
          }
        }
      ],
      "obs": [
        {
          "tool": "set_hover",
          "result": {
            "status": "executing",
            "duration_s": 30
          }
        }
      ],
      "net": {
        "slice": "URLLC",
        "lat_ms": 6,
        "jitter_ms": 1,
        "loss_pct": 0.05,
        "throughput_mbps": 60,
        "edge_load": 0.35
      }
    },
    {
      "turn": 9,
      "speaker": "agent",
      "intent": "resume_mission_after_hover",
      "actions": [
        {
          "type": "mcp",
          "name": "resume_waypoint",
          "args": {}
        },
        {
          "type": "mcp",
          "name": "read_telemetry",
          "args": {}
        }
      ],
      "obs": [
        {
          "tool": "resume_waypoint",
          "result": {
            "status": "resumed",
            "target": {
              "x": 1800.0,
              "y": 1400.0,
              "z": 150.0
            }
          }
        },
        {
          "tool": "read_telemetry",
          "result": {
            "pose": {
              "x": 800.0,
              "y": 800.0,
              "z": 150.0
            },
            "battery_pct": 88.0,
            "speed_mps": 0.0
          }
        }
      ],
      "net": {
        "slice": "URLLC",
        "lat_ms": 5,
        "jitter_ms": 1,
        "loss_pct": 0.1,
        "throughput_mbps": 58,
        "edge_load": 0.3
      }
    },
    {
      "turn": 10,
      "speaker": "user",
      "intent": "confirm_final_approach",
      "actions": [
        {
          "type": "mcp",
          "name": "activate_rgb_camera",
          "args": {}
        }
      ],
      "obs": [
        {
          "tool": "activate_rgb_camera",
          "result": {
            "status": "streaming",
            "resolution": "1080p"
          }
        }
      ],
      "net": {
        "slice": "eMBB",
        "lat_ms": 10,
        "jitter_ms": 2,
        "loss_pct": 0.4,
        "throughput_mbps": 110,
        "edge_load": 0.55
      }
    },
    {
      "turn": 11,
      "speaker": "agent",
      "intent": "complete_mission_and_land",
      "actions": [
        {
          "type": "mcp",
          "name": "land_uav",
          "args": {
            "x": 1900.0,
            "y": 1450.0,
            "z": 10.0
          }
        }
      ],
      "obs": [
        {
          "tool": "land_uav",
          "result": {
            "status": "completed",
            "final_pose": {
              "x": 1900.0,
              "y": 1450.0,
              "z": 10.0
            }
          }
        }
      ],
      "net": {
        "slice": "URLLC",
        "lat_ms": 4,
        "jitter_ms": 0.8,
        "loss_pct": 0.05,
        "throughput_mbps": 65,
        "edge_load": 0.2
      }
    }
  ],
  "final_state": {
    "domain": "uav",
    "time_s": 240.0,
    "env": {
      "weather": "dust",
      "wind_mps": 8.0,
      "wind_dir_deg": 240.0
    },
    "airspace": {
      "alt_bounds": [
        10.0,
        300.0
      ],
      "geofence": [
        {
          "type": "polygon",
          "points": [
            [
              0.0,
              0.0
            ],
            [
              2000.0,
              0.0
            ],
            [
              2000.0,
              1500.0
            ],
            [
              0.0,
              1500.0
            ]
          ]
        }
      ]
    },
    "uav": {
      "pose": {
        "x": 1900.0,
        "y": 1450.0,
        "z": 10.0,
        "yaw": 225.0
      },
      "speed_mps": 0.0,
      "energy": {
        "battery_pct": 82.0
      },
      "sensors": {
        "rgb": "streaming",
        "thermal": "ok",
        "lidar": "offline",
        "radar": "offline",
        "gnss": "ok",
        "imu": "ok",
        "magnetometer": "ok",
        "barometer": "ok"
      },
      "payloads": []
    },
    "policy": {
      "alt_bounds": [
        10.0,
        300.0
      ]
    },
    "safety_flags": {
      "nfz_violation": false,
      "separation_breach": false
    }
  },
  "success": true,
  "_meta": {
    "seed": 42,
    "ts": 1764071489,
    "ts_iso": "2025-11-25T11:51:29Z",
    "gen_time_s": 39.51711130142212,
    "attempts_used": 1,
    "generation_failed": false,
    "usage": {
      "prompt_tokens": 1064,
      "completion_tokens": 3465,
      "total_tokens": 4529,
      "cost": 0.0029392,
      "is_byok": false,
      "prompt_tokens_details": {
        "cached_tokens": 608,
        "audio_tokens": 0,
        "video_tokens": 0
      },
      "cost_details": {
        "upstream_inference_cost": null,
        "upstream_inference_prompt_cost": 0.0001672,
        "upstream_inference_completions_cost": 0.002772
      },
      "completion_tokens_details": {
        "reasoning_tokens": 0,
        "image_tokens": 0
      }
    }
  }
}