{
  "initial_state": {
    "domain": "uav",
    "time_s": 0.0,
    "env": {
      "weather": "thermal_updrafts",
      "wind_mps": 6.5,
      "wind_dir_deg": 240.0
    },
    "airspace": {
      "alt_bounds": [
        10.0,
        200.0
      ],
      "geofence": [
        {
          "type": "polygon",
          "points": [
            [
              0,
              0
            ],
            [
              2000,
              0
            ],
            [
              2000,
              1500
            ],
            [
              0,
              1500
            ]
          ]
        }
      ]
    },
    "uav": {
      "pose": {
        "x": 100.0,
        "y": 100.0,
        "z": 50.0,
        "yaw": 90.0
      },
      "speed_mps": 55.0,
      "energy": {
        "battery_pct": 100.0
      },
      "sensors": {
        "rgb": "ok",
        "thermal": "ok",
        "lidar": "ok",
        "radar": "offline",
        "gnss": "ok",
        "imu": "ok",
        "magnetometer": "ok",
        "barometer": "ok"
      },
      "payloads": []
    },
    "policy": {
      "alt_bounds": [
        10.0,
        200.0
      ]
    },
    "safety_flags": {
      "nfz_violation": false,
      "separation_breach": false
    }
  },
  "dialogue": [
    {
      "turn": 1,
      "speaker": "agent",
      "intent": "initiate_mission",
      "actions": [
        {
          "type": "mcp",
          "name": "read_telemetry",
          "args": {}
        }
      ],
      "obs": [
        {
          "tool": "read_telemetry",
          "result": {
            "pose": {
              "x": 100.0,
              "y": 100.0,
              "z": 50.0,
              "yaw": 90.0
            },
            "speed_mps": 55.0,
            "battery_pct": 100.0
          }
        }
      ],
      "net": {
        "slice": "URLLC",
        "lat_ms": 3.2,
        "jitter_ms": 0.8,
        "loss_pct": 0.01,
        "throughput_mbps": 50,
        "edge_load": 0.35
      }
    },
    {
      "turn": 2,
      "speaker": "user",
      "intent": "confirm_mission_start",
      "actions": [],
      "obs": [],
      "net": {
        "slice": "URLLC",
        "lat_ms": 3.1,
        "jitter_ms": 0.7,
        "loss_pct": 0.02,
        "throughput_mbps": 52,
        "edge_load": 0.36
      }
    },
    {
      "turn": 3,
      "speaker": "agent",
      "intent": "check_sensor_status",
      "actions": [
        {
          "type": "mcp",
          "name": "diagnose_sensors",
          "args": {}
        }
      ],
      "obs": [
        {
          "tool": "diagnose_sensors",
          "result": {
            "radar": "offline",
            "recommended_action": "reroute_to_compensate"
          }
        }
      ],
      "net": {
        "slice": "eMBB",
        "lat_ms": 12.5,
        "jitter_ms": 2.1,
        "loss_pct": 0.05,
        "throughput_mbps": 120,
        "edge_load": 0.68
      }
    },
    {
      "turn": 4,
      "speaker": "user",
      "intent": "request_reroute",
      "actions": [
        {
          "type": "mcp",
          "name": "compute_reroute",
          "args": {
            "avoid_radar_dependent_tasks": true
          }
        }
      ],
      "obs": [
        {
          "tool": "compute_reroute",
          "result": {
            "waypoints": [
              [
                300,
                150,
                60
              ],
              [
                600,
                400,
                70
              ]
            ],
            "estimated_duration_s": 180
          }
        }
      ],
      "net": {
        "slice": "eMBB",
        "lat_ms": 13.0,
        "jitter_ms": 2.3,
        "loss_pct": 0.06,
        "throughput_mbps": 115,
        "edge_load": 0.71
      }
    },
    {
      "turn": 5,
      "speaker": "agent",
      "intent": "initiate_swarm_coordination",
      "actions": [
        {
          "type": "a2a",
          "task": "collision_avoidance",
          "to": "uav_swarm_agent",
          "payload": {
            "current_pose": {
              "x": 100.0,
              "y": 100.0,
              "z": 50.0
            },
            "waypoints": [
              [
                300,
                150,
                60
              ],
              [
                600,
                400,
                70
              ]
            ]
          }
        }
      ],
      "obs": [
        {
          "task": "collision_avoidance",
          "from": "uav_swarm_agent",
          "status": "ok",
          "payload": {
            "clearance": true,
            "adjusted_waypoints": [
              [
                300,
                150,
                60
              ],
              [
                600,
                400,
                70
              ]
            ]
          }
        }
      ],
      "net": {
        "slice": "URLLC",
        "lat_ms": 4.1,
        "jitter_ms": 1.0,
        "loss_pct": 0.03,
        "throughput_mbps": 45,
        "edge_load": 0.42
      }
    },
    {
      "turn": 6,
      "speaker": "user",
      "intent": "request_high_res_scan",
      "actions": [
        {
          "type": "mcp",
          "name": "activate_sensor",
          "args": {
            "sensor": "rgb",
            "mode": "high_resolution"
          }
        }
      ],
      "obs": [
        {
          "tool": "activate_sensor",
          "result": {
            "sensor": "rgb",
            "status": "active",
            "mode": "high_resolution",
            "power_draw_pct_per_min": 8.0
          }
        }
      ],
      "net": {
        "slice": "eMBB",
        "lat_ms": 15.0,
        "jitter_ms": 3.0,
        "loss_pct": 0.1,
        "throughput_mbps": 100,
        "edge_load": 0.78
      }
    },
    {
      "turn": 7,
      "speaker": "agent",
      "intent": "adapt_to_network_degradation",
      "actions": [
        {
          "type": "mcp",
          "name": "reduce_sensor_resolution",
          "args": {
            "sensor": "rgb",
            "target": "medium"
          }
        }
      ],
      "obs": [
        {
          "tool": "reduce_sensor_resolution",
          "result": {
            "sensor": "rgb",
            "previous_mode": "high_resolution",
            "current_mode": "medium",
            "power_draw_pct_per_min": 4.5
          }
        }
      ],
      "net": {
        "slice": "mMTC",
        "lat_ms": 25.0,
        "jitter_ms": 8.0,
        "loss_pct": 1.2,
        "throughput_mbps": 1.5,
        "edge_load": 0.85
      }
    },
    {
      "turn": 8,
      "speaker": "user",
      "intent": "query_battery_and_position",
      "actions": [
        {
          "type": "mcp",
          "name": "read_telemetry",
          "args": {}
        }
      ],
      "obs": [
        {
          "tool": "read_telemetry",
          "result": {
            "pose": {
              "x": 450.0,
              "y": 320.0,
              "z": 68.0,
              "yaw": 85.0
            },
            "speed_mps": 52.0,
            "battery_pct": 88.5
          }
        }
      ],
      "net": {
        "slice": "URLLC",
        "lat_ms": 5.0,
        "jitter_ms": 1.2,
        "loss_pct": 0.04,
        "throughput_mbps": 40,
        "edge_load": 0.5
      }
    },
    {
      "turn": 9,
      "speaker": "agent",
      "intent": "prepare_for_landing",
      "actions": [
        {
          "type": "mcp",
          "name": "plan_landing_approach",
          "args": {
            "target_zone": "landing_pad_01"
          }
        }
      ],
      "obs": [
        {
          "tool": "plan_landing_approach",
          "result": {
            "target": "landing_pad_01",
            "approach_vector": [
              1800,
              1400,
              50
            ],
            "glide_slope_deg": 3.5,
            "estimated_batt_at_landing": 76.0
          }
        }
      ],
      "net": {
        "slice": "URLLC",
        "lat_ms": 3.8,
        "jitter_ms": 0.9,
        "loss_pct": 0.02,
        "throughput_mbps": 48,
        "edge_load": 0.4
      }
    },
    {
      "turn": 10,
      "speaker": "user",
      "intent": "approve_landing",
      "actions": [],
      "obs": [],
      "net": {
        "slice": "URLLC",
        "lat_ms": 3.7,
        "jitter_ms": 0.8,
        "loss_pct": 0.01,
        "throughput_mbps": 50,
        "edge_load": 0.38
      }
    },
    {
      "turn": 11,
      "speaker": "agent",
      "intent": "execute_landing",
      "actions": [
        {
          "type": "mcp",
          "name": "execute_maneuver",
          "args": {
            "maneuver": "land",
            "target": "landing_pad_01"
          }
        }
      ],
      "obs": [
        {
          "tool": "execute_maneuver",
          "result": {
            "maneuver": "land",
            "status": "completed",
            "final_pose": {
              "x": 1800,
              "y": 1400,
              "z": 10.0,
              "yaw": 85.0
            },
            "battery_pct": 76.0
          }
        }
      ],
      "net": {
        "slice": "URLLC",
        "lat_ms": 4.0,
        "jitter_ms": 1.0,
        "loss_pct": 0.01,
        "throughput_mbps": 51,
        "edge_load": 0.37
      }
    }
  ],
  "final_state": {
    "domain": "uav",
    "time_s": 660.0,
    "env": {
      "weather": "thermal_updrafts",
      "wind_mps": 6.5,
      "wind_dir_deg": 240.0
    },
    "airspace": {
      "alt_bounds": [
        10.0,
        200.0
      ],
      "geofence": [
        {
          "type": "polygon",
          "points": [
            [
              0,
              0
            ],
            [
              2000,
              0
            ],
            [
              2000,
              1500
            ],
            [
              0,
              1500
            ]
          ]
        }
      ]
    },
    "uav": {
      "pose": {
        "x": 1800,
        "y": 1400,
        "z": 10.0,
        "yaw": 85.0
      },
      "speed_mps": 0.0,
      "energy": {
        "battery_pct": 76.0
      },
      "sensors": {
        "rgb": "ok",
        "thermal": "ok",
        "lidar": "ok",
        "radar": "offline",
        "gnss": "ok",
        "imu": "ok",
        "magnetometer": "ok",
        "barometer": "ok"
      },
      "payloads": []
    },
    "policy": {
      "alt_bounds": [
        10.0,
        200.0
      ]
    },
    "safety_flags": {
      "nfz_violation": false,
      "separation_breach": false
    }
  },
  "success": true,
  "_meta": {
    "seed": 42,
    "ts": 1763885877,
    "ts_iso": "2025-11-23T08:17:57Z",
    "gen_time_s": 99.56699013710022,
    "attempts_used": 2,
    "generation_failed": false,
    "usage": {
      "prompt_tokens": 1106,
      "completion_tokens": 3280,
      "total_tokens": 4386,
      "cost": 0.00280044,
      "is_byok": false,
      "prompt_tokens_details": {
        "cached_tokens": 608,
        "audio_tokens": 0,
        "video_tokens": 0
      },
      "cost_details": {
        "upstream_inference_cost": null,
        "upstream_inference_prompt_cost": 0.00017644,
        "upstream_inference_completions_cost": 0.002624
      },
      "completion_tokens_details": {
        "reasoning_tokens": 0,
        "image_tokens": 0
      }
    }
  }
}