{
  "initial_state": {
    "domain": "uav",
    "time_s": 0.0,
    "env": {
      "weather": "dust",
      "wind_mps": 8.0,
      "wind_dir_deg": 210.0
    },
    "airspace": {
      "alt_bounds": [
        0.0,
        60.0
      ],
      "geofence": [
        {
          "type": "polygon",
          "points": [
            [
              0,
              0
            ],
            [
              200,
              0
            ],
            [
              200,
              150
            ],
            [
              0,
              150
            ]
          ]
        }
      ]
    },
    "uav": {
      "pose": {
        "x": 10.0,
        "y": 30.0,
        "z": 5.0,
        "yaw": 210.0
      },
      "speed_mps": 45.0,
      "energy": {
        "battery_pct": 100.0
      },
      "sensors": {
        "rgb": "ok",
        "thermal": "offline",
        "lidar": "ok",
        "radar": "offline",
        "gnss": "offline",
        "imu": "ok",
        "magnetometer": "ok",
        "barometer": "ok"
      },
      "payloads": []
    },
    "policy": {
      "alt_bounds": [
        0.0,
        60.0
      ]
    },
    "safety_flags": {
      "nfz_violation": false,
      "separation_breach": false
    }
  },
  "dialogue": [
    {
      "turn": 1,
      "speaker": "agent",
      "intent": "initiate mission and assess sensor status",
      "actions": [
        {
          "type": "mcp",
          "name": "read_telemetry",
          "args": {}
        },
        {
          "type": "mcp",
          "name": "check_sensors",
          "args": {}
        }
      ],
      "obs": [
        {
          "tool": "read_telemetry",
          "result": {
            "pose": {
              "x": 10.0,
              "y": 30.0,
              "z": 5.0,
              "yaw": 210.0
            },
            "speed_mps": 45.0,
            "battery_pct": 100.0
          }
        },
        {
          "tool": "check_sensors",
          "result": {
            "status": "partial",
            "offline": [
              "thermal",
              "radar",
              "gnss"
            ],
            "online": [
              "rgb",
              "lidar",
              "imu",
              "magnetometer",
              "barometer"
            ]
          }
        }
      ],
      "net": {
        "slice": "eMBB",
        "lat_ms": 12,
        "jitter_ms": 3,
        "loss_pct": 0.1,
        "throughput_mbps": 850,
        "edge_load": 0.45
      }
    },
    {
      "turn": 2,
      "speaker": "user",
      "intent": "request mission plan and redundancy strategy",
      "actions": [
        {
          "type": "mcp",
          "name": "get_mission_plan",
          "args": {}
        }
      ],
      "obs": [
        {
          "tool": "get_mission_plan",
          "result": {
            "waypoints": [
              [
                50,
                60,
                15
              ],
              [
                120,
                90,
                25
              ],
              [
                180,
                120,
                10
              ]
            ],
            "objective": "touch-and-go survey in sandstorm conditions",
            "duration_estimate_s": 180
          }
        }
      ],
      "net": {
        "slice": "eMBB",
        "lat_ms": 11,
        "jitter_ms": 2,
        "loss_pct": 0.05,
        "throughput_mbps": 900,
        "edge_load": 0.5
      }
    },
    {
      "turn": 3,
      "speaker": "agent",
      "intent": "request swarm coordination for navigation fallback",
      "actions": [
        {
          "type": "a2a",
          "task": "request_relative_nav",
          "to": "uav_swarm_agent",
          "payload": {
            "uav_id": "uav-7",
            "current_pose": {
              "x": 10.0,
              "y": 30.0,
              "z": 5.0
            },
            "last_known_gnss": null
          }
        }
      ],
      "obs": [
        {
          "task": "request_relative_nav",
          "from": "uav_swarm_agent",
          "status": "ok",
          "payload": {
            "relative_fix": {
              "x": 9.8,
              "y": 30.3,
              "z": 5.1
            },
            "confidence": 0.87
          }
        }
      ],
      "net": {
        "slice": "URLLC",
        "lat_ms": 5,
        "jitter_ms": 1,
        "loss_pct": 0.01,
        "throughput_mbps": 50,
        "edge_load": 0.3
      }
    },
    {
      "turn": 4,
      "speaker": "user",
      "intent": "approve takeoff with caution",
      "actions": [
        {
          "type": "mcp",
          "name": "arm_motors",
          "args": {
            "throttle_pct": 30
          }
        }
      ],
      "obs": [
        {
          "tool": "arm_motors",
          "result": {
            "status": "armed",
            "throttle": 30,
            "timestamp": 1.2
          }
        }
      ],
      "net": {
        "slice": "URLLC",
        "lat_ms": 6,
        "jitter_ms": 1.2,
        "loss_pct": 0.02,
        "throughput_mbps": 45,
        "edge_load": 0.32
      }
    },
    {
      "turn": 5,
      "speaker": "agent",
      "intent": "execute takeoff and verify climb",
      "actions": [
        {
          "type": "mcp",
          "name": "takeoff",
          "args": {
            "target_alt_m": 15.0
          }
        },
        {
          "type": "mcp",
          "name": "read_telemetry",
          "args": {}
        }
      ],
      "obs": [
        {
          "tool": "takeoff",
          "result": {
            "status": "success",
            "target": 15.0,
            "actual": 15.0,
            "duration_s": 8.2
          }
        },
        {
          "tool": "read_telemetry",
          "result": {
            "pose": {
              "x": 10.1,
              "y": 30.2,
              "z": 15.0,
              "yaw": 210.0
            },
            "speed_mps": 12.0,
            "battery_pct": 98.7
          }
        }
      ],
      "net": {
        "slice": "URLLC",
        "lat_ms": 7,
        "jitter_ms": 1.5,
        "loss_pct": 0.03,
        "throughput_mbps": 40,
        "edge_load": 0.35
      }
    },
    {
      "turn": 6,
      "speaker": "user",
      "intent": "report network degradation and request telemetry compression",
      "actions": [
        {
          "type": "mcp",
          "name": "set_telemetry_compression",
          "args": {
            "level": "high"
          }
        }
      ],
      "obs": [
        {
          "tool": "set_telemetry_compression",
          "result": {
            "status": "applied",
            "level": "high",
            "bandwidth_saved_pct": 65
          }
        }
      ],
      "net": {
        "slice": "mMTC",
        "lat_ms": 45,
        "jitter_ms": 15,
        "loss_pct": 2.5,
        "throughput_mbps": 1.2,
        "edge_load": 0.85
      }
    },
    {
      "turn": 7,
      "speaker": "agent",
      "intent": "navigate to first waypoint using lidar and relative positioning",
      "actions": [
        {
          "type": "mcp",
          "name": "navigate",
          "args": {
            "waypoint": [
              50,
              60,
              15
            ],
            "planner": "lidar_localization"
          }
        }
      ],
      "obs": [
        {
          "tool": "navigate",
          "result": {
            "status": "in_progress",
            "eta_s": 28,
            "path_deviation_m": 1.3,
            "obstacles_detected": 2
          }
        }
      ],
      "net": {
        "slice": "mMTC",
        "lat_ms": 50,
        "jitter_ms": 18,
        "loss_pct": 3.0,
        "throughput_mbps": 0.9,
        "edge_load": 0.88
      }
    },
    {
      "turn": 8,
      "speaker": "user",
      "intent": "request status and battery check",
      "actions": [
        {
          "type": "mcp",
          "name": "read_telemetry",
          "args": {}
        }
      ],
      "obs": [
        {
          "tool": "read_telemetry",
          "result": {
            "pose": {
              "x": 48.7,
              "y": 58.9,
              "z": 15.0,
              "yaw": 205.0
            },
            "speed_mps": 22.0,
            "battery_pct": 95.1
          }
        }
      ],
      "net": {
        "slice": "URLLC",
        "lat_ms": 8,
        "jitter_ms": 2,
        "loss_pct": 0.04,
        "throughput_mbps": 35,
        "edge_load": 0.4
      }
    },
    {
      "turn": 9,
      "speaker": "agent",
      "intent": "perform touch-and-go at waypoint",
      "actions": [
        {
          "type": "mcp",
          "name": "descend",
          "args": {
            "target_alt_m": 3.0
          }
        },
        {
          "type": "mcp",
          "name": "capture_image",
          "args": {
            "sensor": "rgb",
            "mode": "high_res"
          }
        },
        {
          "type": "mcp",
          "name": "ascend",
          "args": {
            "target_alt_m": 15.0
          }
        }
      ],
      "obs": [
        {
          "tool": "descend",
          "result": {
            "status": "completed",
            "target": 3.0,
            "actual": 3.0
          }
        },
        {
          "tool": "capture_image",
          "result": {
            "status": "success",
            "image_id": "img_7a3f2e",
            "visibility_m": 12.5
          }
        },
        {
          "tool": "ascend",
          "result": {
            "status": "completed",
            "target": 15.0,
            "actual": 15.0
          }
        }
      ],
      "net": {
        "slice": "URLLC",
        "lat_ms": 6,
        "jitter_ms": 1.1,
        "loss_pct": 0.02,
        "throughput_mbps": 48,
        "edge_load": 0.33
      }
    },
    {
      "turn": 10,
      "speaker": "user",
      "intent": "request return and confirm safety",
      "actions": [
        {
          "type": "mcp",
          "name": "check_safety_bounds",
          "args": {}
        }
      ],
      "obs": [
        {
          "tool": "check_safety_bounds",
          "result": {
            "within_alt_bounds": true,
            "inside_geofence": true,
            "nfz_violation": false,
            "separation_breach": false
          }
        }
      ],
      "net": {
        "slice": "URLLC",
        "lat_ms": 5,
        "jitter_ms": 0.9,
        "loss_pct": 0.01,
        "throughput_mbps": 50,
        "edge_load": 0.3
      }
    },
    {
      "turn": 11,
      "speaker": "agent",
      "intent": "return to origin and land",
      "actions": [
        {
          "type": "mcp",
          "name": "navigate",
          "args": {
            "waypoint": [
              10,
              30,
              15
            ]
          }
        },
        {
          "type": "mcp",
          "name": "land",
          "args": {}
        }
      ],
      "obs": [
        {
          "tool": "navigate",
          "result": {
            "status": "completed",
            "waypoint": [
              10,
              30,
              15
            ],
            "duration_s": 25.4
          }
        },
        {
          "tool": "land",
          "result": {
            "status": "success",
            "final_pose": {
              "x": 10.0,
              "y": 30.0,
              "z": 0.0,
              "yaw": 210.0
            }
          }
        }
      ],
      "net": {
        "slice": "URLLC",
        "lat_ms": 7,
        "jitter_ms": 1.3,
        "loss_pct": 0.02,
        "throughput_mbps": 46,
        "edge_load": 0.34
      }
    }
  ],
  "final_state": {
    "domain": "uav",
    "time_s": 75.0,
    "env": {
      "weather": "dust",
      "wind_mps": 8.0,
      "wind_dir_deg": 210.0
    },
    "airspace": {
      "alt_bounds": [
        0.0,
        60.0
      ],
      "geofence": [
        {
          "type": "polygon",
          "points": [
            [
              0,
              0
            ],
            [
              200,
              0
            ],
            [
              200,
              150
            ],
            [
              0,
              150
            ]
          ]
        }
      ]
    },
    "uav": {
      "pose": {
        "x": 10.0,
        "y": 30.0,
        "z": 0.0,
        "yaw": 210.0
      },
      "speed_mps": 0.0,
      "energy": {
        "battery_pct": 90.2
      },
      "sensors": {
        "rgb": "ok",
        "thermal": "offline",
        "lidar": "ok",
        "radar": "offline",
        "gnss": "offline",
        "imu": "ok",
        "magnetometer": "ok",
        "barometer": "ok"
      },
      "payloads": [
        {
          "type": "image",
          "id": "img_7a3f2e",
          "status": "captured"
        }
      ]
    },
    "policy": {
      "alt_bounds": [
        0.0,
        60.0
      ]
    },
    "safety_flags": {
      "nfz_violation": false,
      "separation_breach": false
    }
  },
  "success": true,
  "_meta": {
    "seed": 42,
    "ts": 1763891362,
    "ts_iso": "2025-11-23T09:49:22Z",
    "gen_time_s": 64.67750430107117,
    "attempts_used": 1,
    "generation_failed": false,
    "usage": {
      "prompt_tokens": 1039,
      "completion_tokens": 3794,
      "total_tokens": 4833,
      "cost": 0.0031969,
      "is_byok": false,
      "prompt_tokens_details": {
        "cached_tokens": 608,
        "audio_tokens": 0,
        "video_tokens": 0
      },
      "cost_details": {
        "upstream_inference_cost": null,
        "upstream_inference_prompt_cost": 0.0001617,
        "upstream_inference_completions_cost": 0.0030352
      },
      "completion_tokens_details": {
        "reasoning_tokens": 0,
        "image_tokens": 0
      }
    }
  }
}