{
  "initial_state": {
    "domain": "uav",
    "time_s": 0.0,
    "env": {
      "weather": "dust",
      "wind_mps": 8.0,
      "wind_dir_deg": 240.0
    },
    "airspace": {
      "alt_bounds": [
        5.0,
        150.0
      ],
      "geofence": [
        {
          "type": "polygon",
          "points": [
            [
              0.0,
              0.0
            ],
            [
              500.0,
              0.0
            ],
            [
              500.0,
              300.0
            ],
            [
              0.0,
              300.0
            ]
          ]
        }
      ]
    },
    "uav": {
      "pose": {
        "x": 50.0,
        "y": 50.0,
        "z": 10.0,
        "yaw": 90.0
      },
      "speed_mps": 35.0,
      "energy": {
        "battery_pct": 100.0
      },
      "sensors": {
        "rgb": "ok",
        "thermal": "ok",
        "lidar": "ok",
        "radar": "offline",
        "gnss": "ok",
        "imu": "ok",
        "magnetometer": "ok",
        "barometer": "ok"
      },
      "payloads": []
    },
    "policy": {
      "alt_bounds": [
        5.0,
        150.0
      ]
    },
    "safety_flags": {
      "nfz_violation": false,
      "separation_breach": false
    }
  },
  "dialogue": [
    {
      "turn": 1,
      "speaker": "agent",
      "intent": "initiate inspection mission",
      "actions": [
        {
          "type": "mcp",
          "name": "read_telemetry",
          "args": {}
        },
        {
          "type": "mcp",
          "name": "plan_route",
          "args": {
            "waypoints": [
              [
                100.0,
                100.0,
                20.0
              ],
              [
                200.0,
                150.0,
                25.0
              ],
              [
                400.0,
                250.0,
                30.0
              ]
            ],
            "task": "bridge_inspection"
          }
        }
      ],
      "obs": [
        {
          "tool": "read_telemetry",
          "result": {
            "pose": {
              "x": 50.0,
              "y": 50.0,
              "z": 10.0
            },
            "battery_pct": 100.0,
            "speed_mps": 35.0
          }
        },
        {
          "tool": "plan_route",
          "result": {
            "route_id": "r_001",
            "estimated_duration_s": 180,
            "waypoints": [
              [
                100.0,
                100.0,
                20.0
              ],
              [
                200.0,
                150.0,
                25.0
              ],
              [
                400.0,
                250.0,
                30.0
              ]
            ]
          }
        }
      ],
      "net": {
        "slice": "eMBB",
        "lat_ms": 12,
        "jitter_ms": 2,
        "loss_pct": 0.1,
        "throughput_mbps": 850,
        "edge_load": 0.3
      }
    },
    {
      "turn": 2,
      "speaker": "user",
      "intent": "approve route and request thermal activation",
      "actions": [
        {
          "type": "mcp",
          "name": "activate_sensor",
          "args": {
            "sensor": "thermal",
            "mode": "high_res"
          }
        }
      ],
      "obs": [
        {
          "tool": "activate_sensor",
          "result": {
            "sensor": "thermal",
            "status": "activated",
            "mode": "high_res"
          }
        }
      ],
      "net": {
        "slice": "eMBB",
        "lat_ms": 11,
        "jitter_ms": 1.8,
        "loss_pct": 0.05,
        "throughput_mbps": 870,
        "edge_load": 0.32
      }
    },
    {
      "turn": 3,
      "speaker": "agent",
      "intent": "execute planned route",
      "actions": [
        {
          "type": "mcp",
          "name": "execute_maneuver",
          "args": {
            "maneuver": "goto_waypoint",
            "target": [
              100.0,
              100.0,
              20.0
            ],
            "speed_mps": 30.0
          }
        }
      ],
      "obs": [
        {
          "tool": "execute_maneuver",
          "result": {
            "status": "in_progress",
            "target": [
              100.0,
              100.0,
              20.0
            ],
            "eta_s": 45
          }
        }
      ],
      "net": {
        "slice": "URLLC",
        "lat_ms": 8,
        "jitter_ms": 0.9,
        "loss_pct": 0.02,
        "throughput_mbps": 120,
        "edge_load": 0.4
      }
    },
    {
      "turn": 4,
      "speaker": "user",
      "intent": "monitor progress and check for swarm coordination",
      "actions": [
        {
          "type": "a2a",
          "task": "status_request",
          "to": "uav_swarm_agent",
          "payload": {
            "uav_id": "uav_01",
            "request": "position_and_health"
          }
        }
      ],
      "obs": [
        {
          "task": "status_request",
          "from": "uav_swarm_agent",
          "status": "ok",
          "payload": {
            "uav_id": "uav_02",
            "pose": [
              90.0,
              95.0,
              19.5
            ],
            "battery_pct": 98.7,
            "status": "nominal"
          }
        }
      ],
      "net": {
        "slice": "mMTC",
        "lat_ms": 25,
        "jitter_ms": 5,
        "loss_pct": 0.5,
        "throughput_mbps": 1.2,
        "edge_load": 0.65
      }
    },
    {
      "turn": 5,
      "speaker": "agent",
      "intent": "detect network degradation and adapt",
      "actions": [
        {
          "type": "mcp",
          "name": "read_telemetry",
          "args": {}
        }
      ],
      "obs": [
        {
          "tool": "read_telemetry",
          "result": {
            "pose": {
              "x": 95.0,
              "y": 97.0,
              "z": 19.8
            },
            "battery_pct": 99.2,
            "speed_mps": 28.0
          }
        }
      ],
      "net": {
        "slice": "mMTC",
        "lat_ms": 30,
        "jitter_ms": 8,
        "loss_pct": 1.2,
        "throughput_mbps": 0.8,
        "edge_load": 0.78
      }
    },
    {
      "turn": 6,
      "speaker": "user",
      "intent": "request high-res RGB capture despite network issues",
      "actions": [
        {
          "type": "mcp",
          "name": "capture_image",
          "args": {
            "sensor": "rgb",
            "resolution": "4k",
            "target": [
              105.0,
              105.0
            ]
          }
        }
      ],
      "obs": [
        {
          "tool": "capture_image",
          "result": {
            "status": "queued",
            "reason": "network_constrained",
            "retry_s": 15
          }
        }
      ],
      "net": {
        "slice": "mMTC",
        "lat_ms": 35,
        "jitter_ms": 10,
        "loss_pct": 2.0,
        "throughput_mbps": 0.5,
        "edge_load": 0.85
      }
    },
    {
      "turn": 7,
      "speaker": "agent",
      "intent": "switch to URLLC and retry capture",
      "actions": [
        {
          "type": "mcp",
          "name": "switch_network_slice",
          "args": {
            "target_slice": "URLLC"
          }
        },
        {
          "type": "mcp",
          "name": "capture_image",
          "args": {
            "sensor": "rgb",
            "resolution": "1080p",
            "target": [
              105.0,
              105.0
            ]
          }
        }
      ],
      "obs": [
        {
          "tool": "switch_network_slice",
          "result": {
            "status": "success",
            "current_slice": "URLLC"
          }
        },
        {
          "tool": "capture_image",
          "result": {
            "status": "success",
            "image_id": "img_001",
            "resolution": "1080p",
            "target": [
              105.0,
              105.0
            ]
          }
        }
      ],
      "net": {
        "slice": "URLLC",
        "lat_ms": 7,
        "jitter_ms": 0.8,
        "loss_pct": 0.01,
        "throughput_mbps": 150,
        "edge_load": 0.42
      }
    },
    {
      "turn": 8,
      "speaker": "user",
      "intent": "request data offload for analysis",
      "actions": [
        {
          "type": "mcp",
          "name": "offload_data",
          "args": {
            "data_ids": [
              "img_001"
            ],
            "destination": "edge_analytics_03"
          }
        }
      ],
      "obs": [
        {
          "tool": "offload_data",
          "result": {
            "status": "success",
            "data_ids": [
              "img_001"
            ],
            "transferred_mb": 4.2,
            "rtt_ms": 9
          }
        }
      ],
      "net": {
        "slice": "URLLC",
        "lat_ms": 9,
        "jitter_ms": 1.0,
        "loss_pct": 0.03,
        "throughput_mbps": 140,
        "edge_load": 0.45
      }
    },
    {
      "turn": 9,
      "speaker": "agent",
      "intent": "proceed to next waypoint with swarm sync",
      "actions": [
        {
          "type": "a2a",
          "task": "synchronize_maneuver",
          "to": "uav_swarm_agent",
          "payload": {
            "maneuver": "goto_waypoint",
            "target": [
              200.0,
              150.0,
              25.0
            ],
            "formation": "delta"
          }
        },
        {
          "type": "mcp",
          "name": "execute_maneuver",
          "args": {
            "maneuver": "goto_waypoint",
            "target": [
              200.0,
              150.0,
              25.0
            ],
            "speed_mps": 25.0
          }
        }
      ],
      "obs": [
        {
          "task": "synchronize_maneuver",
          "from": "uav_swarm_agent",
          "status": "acknowledged",
          "payload": {
            "uav_ids": [
              "uav_02",
              "uav_03"
            ],
            "eta_s": 62
          }
        },
        {
          "tool": "execute_maneuver",
          "result": {
            "status": "in_progress",
            "target": [
              200.0,
              150.0,
              25.0
            ],
            "eta_s": 60
          }
        }
      ],
      "net": {
        "slice": "URLLC",
        "lat_ms": 8,
        "jitter_ms": 0.7,
        "loss_pct": 0.02,
        "throughput_mbps": 130,
        "edge_load": 0.5
      }
    },
    {
      "turn": 10,
      "speaker": "user",
      "intent": "verify safety and geofence compliance",
      "actions": [
        {
          "type": "mcp",
          "name": "check_geofence",
          "args": {}
        }
      ],
      "obs": [
        {
          "tool": "check_geofence",
          "result": {
            "status": "within_bounds",
            "distance_to_boundary_m": 100.0,
            "nfz_violation": false
          }
        }
      ],
      "net": {
        "slice": "URLLC",
        "lat_ms": 7,
        "jitter_ms": 0.6,
        "loss_pct": 0.01,
        "throughput_mbps": 160,
        "edge_load": 0.4
      }
    }
  ],
  "final_state": {
    "domain": "uav",
    "time_s": 180.0,
    "env": {
      "weather": "dust",
      "wind_mps": 8.0,
      "wind_dir_deg": 240.0
    },
    "airspace": {
      "alt_bounds": [
        5.0,
        150.0
      ],
      "geofence": [
        {
          "type": "polygon",
          "points": [
            [
              0.0,
              0.0
            ],
            [
              500.0,
              0.0
            ],
            [
              500.0,
              300.0
            ],
            [
              0.0,
              300.0
            ]
          ]
        }
      ]
    },
    "uav": {
      "pose": {
        "x": 200.0,
        "y": 150.0,
        "z": 25.0,
        "yaw": 90.0
      },
      "speed_mps": 0.0,
      "energy": {
        "battery_pct": 95.0
      },
      "sensors": {
        "rgb": "ok",
        "thermal": "active",
        "lidar": "ok",
        "radar": "offline",
        "gnss": "ok",
        "imu": "ok",
        "magnetometer": "ok",
        "barometer": "ok"
      },
      "payloads": []
    },
    "policy": {
      "alt_bounds": [
        5.0,
        150.0
      ]
    },
    "safety_flags": {
      "nfz_violation": false,
      "separation_breach": false
    }
  },
  "success": true,
  "_meta": {
    "seed": 42,
    "ts": 1763856240,
    "ts_iso": "2025-11-23T00:04:00Z",
    "gen_time_s": 46.04712915420532,
    "attempts_used": 1,
    "generation_failed": false,
    "usage": {
      "prompt_tokens": 1054,
      "completion_tokens": 3588,
      "total_tokens": 4642,
      "cost": 0.00298788,
      "is_byok": false,
      "prompt_tokens_details": {
        "cached_tokens": 1040,
        "audio_tokens": 0,
        "video_tokens": 0
      },
      "cost_details": {
        "upstream_inference_cost": null,
        "upstream_inference_prompt_cost": 0.00011748,
        "upstream_inference_completions_cost": 0.0028704
      },
      "completion_tokens_details": {
        "reasoning_tokens": 0,
        "image_tokens": 0
      }
    }
  }
}