{
  "initial_state": {
    "domain": "uav",
    "time_s": 0.0,
    "env": {
      "weather": "snow",
      "wind_mps": 7.0,
      "wind_dir_deg": 240.0
    },
    "airspace": {
      "alt_bounds": [
        20.0,
        150.0
      ],
      "geofence": [
        {
          "type": "polygon",
          "points": [
            [
              100.0,
              100.0
            ],
            [
              500.0,
              100.0
            ],
            [
              500.0,
              500.0
            ],
            [
              100.0,
              500.0
            ]
          ]
        }
      ]
    },
    "uav": {
      "pose": {
        "x": 150.0,
        "y": 300.0,
        "z": 30.0,
        "yaw": 90.0
      },
      "speed_mps": 25.0,
      "energy": {
        "battery_pct": 100.0
      },
      "sensors": {
        "rgb": "ok",
        "thermal": "ok",
        "lidar": "ok",
        "radar": "offline",
        "gnss": "ok",
        "imu": "ok",
        "magnetometer": "ok",
        "barometer": "ok"
      },
      "payloads": []
    },
    "policy": {
      "alt_bounds": [
        20.0,
        150.0
      ]
    },
    "safety_flags": {
      "nfz_violation": false,
      "separation_breach": false
    }
  },
  "dialogue": [
    {
      "turn": 1,
      "speaker": "agent",
      "intent": "initiate_search_mission",
      "actions": [
        {
          "type": "mcp",
          "name": "read_telemetry",
          "args": {}
        },
        {
          "type": "a2a",
          "task": "request_swarm_coverage",
          "to": "uav_swarm_agent",
          "payload": {
            "area": "northeast_quadrant",
            "priority": "high"
          }
        }
      ],
      "obs": [
        {
          "tool": "read_telemetry",
          "result": {
            "pose": {
              "x": 150.0,
              "y": 300.0,
              "z": 30.0
            },
            "battery_pct": 100.0,
            "speed_mps": 25.0
          }
        },
        {
          "task": "request_swarm_coverage",
          "from": "uav_swarm_agent",
          "status": "acknowledged",
          "payload": {
            "assigned_area": "northeast_quadrant",
            "expected_completion": "t+180s"
          }
        }
      ],
      "net": {
        "slice": "eMBB",
        "lat_ms": 12,
        "jitter_ms": 2,
        "loss_pct": 0.1,
        "throughput_mbps": 850,
        "edge_load": 0.35
      }
    },
    {
      "turn": 2,
      "speaker": "user",
      "intent": "confirm_mission_start",
      "actions": [],
      "obs": [],
      "net": {
        "slice": "eMBB",
        "lat_ms": 11,
        "jitter_ms": 1.8,
        "loss_pct": 0.05,
        "throughput_mbps": 870,
        "edge_load": 0.33
      }
    },
    {
      "turn": 3,
      "speaker": "agent",
      "intent": "adjust_flight_path_for_weather",
      "actions": [
        {
          "type": "mcp",
          "name": "set_heading",
          "args": {
            "target_heading": 110.0
          }
        },
        {
          "type": "mcp",
          "name": "read_weather_sensor",
          "args": {}
        }
      ],
      "obs": [
        {
          "tool": "set_heading",
          "result": {
            "status": "executing",
            "current_heading": 110.0
          }
        },
        {
          "tool": "read_weather_sensor",
          "result": {
            "wind_mps": 8.2,
            "precipitation": "moderate_snow"
          }
        }
      ],
      "net": {
        "slice": "URLLC",
        "lat_ms": 8,
        "jitter_ms": 1.2,
        "loss_pct": 0.02,
        "throughput_mbps": 120,
        "edge_load": 0.4
      }
    },
    {
      "turn": 4,
      "speaker": "user",
      "intent": "request_thermal_scan",
      "actions": [
        {
          "type": "mcp",
          "name": "activate_sensor",
          "args": {
            "sensor": "thermal"
          }
        }
      ],
      "obs": [
        {
          "tool": "activate_sensor",
          "result": {
            "sensor": "thermal",
            "status": "active"
          }
        }
      ],
      "net": {
        "slice": "URLLC",
        "lat_ms": 7,
        "jitter_ms": 1.0,
        "loss_pct": 0.01,
        "throughput_mbps": 110,
        "edge_load": 0.42
      }
    },
    {
      "turn": 5,
      "speaker": "agent",
      "intent": "detect_anomaly_via_thermal",
      "actions": [
        {
          "type": "mcp",
          "name": "capture_thermal_image",
          "args": {
            "resolution": "high"
          }
        }
      ],
      "obs": [
        {
          "tool": "capture_thermal_image",
          "result": {
            "anomaly_detected": true,
            "location": {
              "x": 420.0,
              "y": 410.0,
              "z": 25.0
            },
            "temperature_c": 36.7
          }
        }
      ],
      "net": {
        "slice": "eMBB",
        "lat_ms": 15,
        "jitter_ms": 3,
        "loss_pct": 0.3,
        "throughput_mbps": 780,
        "edge_load": 0.5
      }
    },
    {
      "turn": 6,
      "speaker": "user",
      "intent": "verify_anomaly_and_approach",
      "actions": [
        {
          "type": "mcp",
          "name": "set_waypoint",
          "args": {
            "x": 420.0,
            "y": 410.0,
            "z": 40.0
          }
        }
      ],
      "obs": [
        {
          "tool": "set_waypoint",
          "result": {
            "status": "accepted",
            "eta_s": 45
          }
        }
      ],
      "net": {
        "slice": "URLLC",
        "lat_ms": 9,
        "jitter_ms": 1.5,
        "loss_pct": 0.05,
        "throughput_mbps": 130,
        "edge_load": 0.55
      }
    },
    {
      "turn": 7,
      "speaker": "agent",
      "intent": "perform_risk_assessment",
      "actions": [
        {
          "type": "mcp",
          "name": "check_geofence",
          "args": {
            "x": 420.0,
            "y": 410.0
          }
        },
        {
          "type": "a2a",
          "task": "collision_avoidance_check",
          "to": "uav_swarm_agent",
          "payload": {
            "current_pose": {
              "x": 400.0,
              "y": 390.0,
              "z": 38.0
            }
          }
        }
      ],
      "obs": [
        {
          "tool": "check_geofence",
          "result": {
            "inside": true
          }
        },
        {
          "task": "collision_avoidance_check",
          "from": "uav_swarm_agent",
          "status": "clear",
          "payload": {
            "nearest_uav": "uav_3",
            "distance_m": 85.0
          }
        }
      ],
      "net": {
        "slice": "URLLC",
        "lat_ms": 10,
        "jitter_ms": 1.8,
        "loss_pct": 0.1,
        "throughput_mbps": 100,
        "edge_load": 0.6
      }
    },
    {
      "turn": 8,
      "speaker": "user",
      "intent": "initiate_high_res_visual_confirmation",
      "actions": [
        {
          "type": "mcp",
          "name": "activate_sensor",
          "args": {
            "sensor": "rgb"
          }
        },
        {
          "type": "mcp",
          "name": "capture_rgb_image",
          "args": {
            "mode": "zoom_4x"
          }
        }
      ],
      "obs": [
        {
          "tool": "activate_sensor",
          "result": {
            "sensor": "rgb",
            "status": "active"
          }
        },
        {
          "tool": "capture_rgb_image",
          "result": {
            "classification": "human",
            "confidence": 0.96,
            "location_verified": true
          }
        }
      ],
      "net": {
        "slice": "eMBB",
        "lat_ms": 25,
        "jitter_ms": 8,
        "loss_pct": 1.2,
        "throughput_mbps": 300,
        "edge_load": 0.85
      }
    },
    {
      "turn": 9,
      "speaker": "agent",
      "intent": "adapt_due_to_network_degradation",
      "actions": [
        {
          "type": "mcp",
          "name": "reduce_video_streaming",
          "args": {
            "resolution": "medium"
          }
        },
        {
          "type": "a2a",
          "task": "report_target_acquired",
          "to": "command_center_agent",
          "payload": {
            "target_type": "human",
            "location": {
              "x": 420.0,
              "y": 410.0,
              "z": 40.0
            },
            "confidence": 0.94
          }
        }
      ],
      "obs": [
        {
          "tool": "reduce_video_streaming",
          "result": {
            "resolution": "medium",
            "bandwidth_saved_mbps": 450
          }
        },
        {
          "task": "report_target_acquired",
          "from": "command_center_agent",
          "status": "received",
          "payload": {
            "ack_id": "ACK-7721",
            "response_team_dispatched": true
          }
        }
      ],
      "net": {
        "slice": "mMTC",
        "lat_ms": 45,
        "jitter_ms": 15,
        "loss_pct": 2.5,
        "throughput_mbps": 1.2,
        "edge_load": 0.92
      }
    },
    {
      "turn": 10,
      "speaker": "user",
      "intent": "prepare_for_return",
      "actions": [
        {
          "type": "mcp",
          "name": "calculate_return_path",
          "args": {
            "home": {
              "x": 150.0,
              "y": 300.0,
              "z": 30.0
            }
          }
        }
      ],
      "obs": [
        {
          "tool": "calculate_return_path",
          "result": {
            "path_valid": true,
            "waypoints": [
              {
                "x": 350.0,
                "y": 320.0,
                "z": 50.0
              },
              {
                "x": 250.0,
                "y": 310.0,
                "z": 40.0
              },
              {
                "x": 150.0,
                "y": 300.0,
                "z": 30.0
              }
            ],
            "estimated_duration_s": 90
          }
        }
      ],
      "net": {
        "slice": "URLLC",
        "lat_ms": 11,
        "jitter_ms": 2.0,
        "loss_pct": 0.08,
        "throughput_mbps": 140,
        "edge_load": 0.65
      }
    },
    {
      "turn": 11,
      "speaker": "agent",
      "intent": "execute_return_and_land",
      "actions": [
        {
          "type": "mcp",
          "name": "follow_waypoints",
          "args": {
            "waypoints": [
              {
                "x": 350.0,
                "y": 320.0,
                "z": 50.0
              },
              {
                "x": 250.0,
                "y": 310.0,
                "z": 40.0
              },
              {
                "x": 150.0,
                "y": 300.0,
                "z": 30.0
              }
            ]
          }
        },
        {
          "type": "mcp",
          "name": "land",
          "args": {}
        }
      ],
      "obs": [
        {
          "tool": "follow_waypoints",
          "result": {
            "status": "completed",
            "total_distance_m": 380.0
          }
        },
        {
          "tool": "land",
          "result": {
            "status": "success",
            "final_battery_pct": 68.0
          }
        }
      ],
      "net": {
        "slice": "URLLC",
        "lat_ms": 9,
        "jitter_ms": 1.3,
        "loss_pct": 0.03,
        "throughput_mbps": 125,
        "edge_load": 0.5
      }
    }
  ],
  "final_state": {
    "domain": "uav",
    "time_s": 320.0,
    "env": {
      "weather": "snow",
      "wind_mps": 7.0,
      "wind_dir_deg": 240.0
    },
    "airspace": {
      "alt_bounds": [
        20.0,
        150.0
      ],
      "geofence": [
        {
          "type": "polygon",
          "points": [
            [
              100.0,
              100.0
            ],
            [
              500.0,
              100.0
            ],
            [
              500.0,
              500.0
            ],
            [
              100.0,
              500.0
            ]
          ]
        }
      ]
    },
    "uav": {
      "pose": {
        "x": 150.0,
        "y": 300.0,
        "z": 30.0,
        "yaw": 90.0
      },
      "speed_mps": 0.0,
      "energy": {
        "battery_pct": 68.0
      },
      "sensors": {
        "rgb": "standby",
        "thermal": "standby",
        "lidar": "ok",
        "radar": "offline",
        "gnss": "ok",
        "imu": "ok",
        "magnetometer": "ok",
        "barometer": "ok"
      },
      "payloads": []
    },
    "policy": {
      "alt_bounds": [
        20.0,
        150.0
      ]
    },
    "safety_flags": {
      "nfz_violation": false,
      "separation_breach": false
    }
  },
  "success": true,
  "_meta": {
    "seed": 42,
    "ts": 1763854623,
    "ts_iso": "2025-11-22T23:37:03Z",
    "gen_time_s": 54.984539270401,
    "attempts_used": 1,
    "generation_failed": false,
    "usage": {
      "prompt_tokens": 1072,
      "completion_tokens": 3893,
      "total_tokens": 4965,
      "cost": 0.00323408,
      "is_byok": false,
      "prompt_tokens_details": {
        "cached_tokens": 1056,
        "audio_tokens": 0,
        "video_tokens": 0
      },
      "cost_details": {
        "upstream_inference_cost": null,
        "upstream_inference_prompt_cost": 0.00011968,
        "upstream_inference_completions_cost": 0.0031144
      },
      "completion_tokens_details": {
        "reasoning_tokens": 0,
        "image_tokens": 0
      }
    }
  }
}