{
  "initial_state": {
    "domain": "uav",
    "time_s": 0.0,
    "env": {
      "weather": "good",
      "wind_mps": 6.0,
      "wind_dir_deg": 240.0
    },
    "airspace": {
      "alt_bounds": [
        10.0,
        300.0
      ],
      "geofence": [
        {
          "type": "polygon",
          "points": [
            [
              1000,
              1000
            ],
            [
              3000,
              1000
            ],
            [
              3000,
              3000
            ],
            [
              1000,
              3000
            ]
          ]
        }
      ]
    },
    "uav": {
      "pose": {
        "x": 1200.0,
        "y": 1200.0,
        "z": 50.0,
        "yaw": 45.0
      },
      "speed_mps": 22.0,
      "energy": {
        "battery_pct": 100.0
      },
      "sensors": {
        "rgb": "ok",
        "thermal": "offline",
        "lidar": "offline",
        "radar": "offline",
        "gnss": "ok",
        "imu": "ok",
        "magnetometer": "ok",
        "barometer": "ok"
      },
      "payloads": []
    },
    "policy": {
      "alt_bounds": [
        10.0,
        300.0
      ]
    },
    "safety_flags": {
      "nfz_violation": false,
      "separation_breach": false
    }
  },
  "dialogue": [
    {
      "turn": 1,
      "speaker": "agent",
      "intent": "initialize_survey_mission",
      "actions": [
        {
          "type": "mcp",
          "name": "read_telemetry",
          "args": {}
        },
        {
          "type": "mcp",
          "name": "activate_sensor",
          "args": {
            "sensor": "thermal"
          }
        }
      ],
      "obs": [
        {
          "tool": "read_telemetry",
          "result": {
            "pose": {
              "x": 1200.0,
              "y": 1200.0,
              "z": 50.0
            },
            "battery_pct": 100.0
          }
        },
        {
          "tool": "activate_sensor",
          "result": {
            "sensor": "thermal",
            "status": "activated"
          }
        }
      ],
      "net": {
        "slice": "eMBB",
        "lat_ms": 12,
        "jitter_ms": 2,
        "loss_pct": 0.1,
        "throughput_mbps": 850,
        "edge_load": 0.35
      }
    },
    {
      "turn": 2,
      "speaker": "user",
      "intent": "confirm_mission_start",
      "actions": [],
      "obs": [],
      "net": {
        "slice": "eMBB",
        "lat_ms": 11,
        "jitter_ms": 1.8,
        "loss_pct": 0.05,
        "throughput_mbps": 870,
        "edge_load": 0.33
      }
    },
    {
      "turn": 3,
      "speaker": "agent",
      "intent": "navigate_to_survey_area",
      "actions": [
        {
          "type": "mcp",
          "name": "set_waypoint",
          "args": {
            "x": 2000.0,
            "y": 2000.0,
            "z": 150.0
          }
        },
        {
          "type": "a2a",
          "task": "collision_avoidance",
          "to": "uav_swarm_agent",
          "payload": {
            "current_pose": {
              "x": 1200.0,
              "y": 1200.0,
              "z": 50.0
            },
            "target_waypoint": {
              "x": 2000.0,
              "y": 2000.0,
              "z": 150.0
            }
          }
        }
      ],
      "obs": [
        {
          "tool": "set_waypoint",
          "result": {
            "status": "accepted",
            "eta_s": 42
          }
        },
        {
          "task": "collision_avoidance",
          "from": "uav_swarm_agent",
          "status": "ok",
          "payload": {
            "safe_path": true,
            "risk_score": 0.02
          }
        }
      ],
      "net": {
        "slice": "URLLC",
        "lat_ms": 8,
        "jitter_ms": 1,
        "loss_pct": 0.02,
        "throughput_mbps": 120,
        "edge_load": 0.28
      }
    },
    {
      "turn": 4,
      "speaker": "user",
      "intent": "request_sensor_status",
      "actions": [
        {
          "type": "mcp",
          "name": "read_sensors",
          "args": {}
        }
      ],
      "obs": [
        {
          "tool": "read_sensors",
          "result": {
            "thermal": "ok",
            "rgb": "ok",
            "lidar": "offline"
          }
        }
      ],
      "net": {
        "slice": "eMBB",
        "lat_ms": 13,
        "jitter_ms": 2.1,
        "loss_pct": 0.15,
        "throughput_mbps": 820,
        "edge_load": 0.37
      }
    },
    {
      "turn": 5,
      "speaker": "agent",
      "intent": "detect_anomaly",
      "actions": [
        {
          "type": "mcp",
          "name": "run_detection_model",
          "args": {
            "sensor": "thermal",
            "bbox": [
              1900,
              1900,
              2100,
              2100
            ]
          }
        }
      ],
      "obs": [
        {
          "tool": "run_detection_model",
          "result": {
            "detections": [
              {
                "class": "oil_slick",
                "confidence": 0.87,
                "bbox": [
                  1950,
                  1960,
                  2010,
                  2020
                ]
              }
            ]
          }
        }
      ],
      "net": {
        "slice": "eMBB",
        "lat_ms": 14,
        "jitter_ms": 2.5,
        "loss_pct": 0.2,
        "throughput_mbps": 800,
        "edge_load": 0.41
      }
    },
    {
      "turn": 6,
      "speaker": "user",
      "intent": "request_detection_confirmation",
      "actions": [],
      "obs": [],
      "net": {
        "slice": "URLLC",
        "lat_ms": 9,
        "jitter_ms": 1.2,
        "loss_pct": 0.03,
        "throughput_mbps": 110,
        "edge_load": 0.3
      }
    },
    {
      "turn": 7,
      "speaker": "agent",
      "intent": "capture_high_res_image",
      "actions": [
        {
          "type": "mcp",
          "name": "capture_image",
          "args": {
            "sensor": "rgb",
            "resolution": "4k",
            "target": {
              "x": 1980,
              "y": 1990
            }
          }
        }
      ],
      "obs": [
        {
          "tool": "capture_image",
          "result": {
            "status": "success",
            "image_id": "IMG_2024_001",
            "stored": true
          }
        }
      ],
      "net": {
        "slice": "eMBB",
        "lat_ms": 15,
        "jitter_ms": 3,
        "loss_pct": 0.5,
        "throughput_mbps": 750,
        "edge_load": 0.45
      }
    },
    {
      "turn": 8,
      "speaker": "user",
      "intent": "initiate_data_offload",
      "actions": [
        {
          "type": "mcp",
          "name": "offload_data",
          "args": {
            "data_ids": [
              "IMG_2024_001"
            ],
            "priority": "high"
          }
        }
      ],
      "obs": [
        {
          "tool": "offload_data",
          "result": {
            "status": "queued",
            "estimated_completion": 6.2
          }
        }
      ],
      "net": {
        "slice": "eMBB",
        "lat_ms": 16,
        "jitter_ms": 4,
        "loss_pct": 1.2,
        "throughput_mbps": 680,
        "edge_load": 0.52
      }
    },
    {
      "turn": 9,
      "speaker": "agent",
      "intent": "adapt_to_network_degradation",
      "actions": [
        {
          "type": "mcp",
          "name": "reduce_stream_quality",
          "args": {
            "stream": "telemetry",
            "quality": "low"
          }
        },
        {
          "type": "a2a",
          "task": "handover_data",
          "to": "uav_relay_agent",
          "payload": {
            "data_id": "IMG_2024_001",
            "size_mb": 12.4
          }
        }
      ],
      "obs": [
        {
          "tool": "reduce_stream_quality",
          "result": {
            "stream": "telemetry",
            "new_quality": "low",
            "bandwidth_saved_mbps": 150
          }
        },
        {
          "task": "handover_data",
          "from": "uav_relay_agent",
          "status": "accepted",
          "payload": {
            "via": "mMTC",
            "eta_min": 3.1
          }
        }
      ],
      "net": {
        "slice": "mMTC",
        "lat_ms": 45,
        "jitter_ms": 12,
        "loss_pct": 2.5,
        "throughput_mbps": 1.2,
        "edge_load": 0.68
      }
    },
    {
      "turn": 10,
      "speaker": "user",
      "intent": "request_return_to_base",
      "actions": [],
      "obs": [],
      "net": {
        "slice": "URLLC",
        "lat_ms": 10,
        "jitter_ms": 1.5,
        "loss_pct": 0.04,
        "throughput_mbps": 100,
        "edge_load": 0.32
      }
    },
    {
      "turn": 11,
      "speaker": "agent",
      "intent": "return_and_land",
      "actions": [
        {
          "type": "mcp",
          "name": "set_waypoint",
          "args": {
            "x": 1200.0,
            "y": 1200.0,
            "z": 30.0
          }
        },
        {
          "type": "mcp",
          "name": "land",
          "args": {}
        }
      ],
      "obs": [
        {
          "tool": "set_waypoint",
          "result": {
            "status": "accepted",
            "eta_s": 38
          }
        },
        {
          "tool": "land",
          "result": {
            "status": "initiated"
          }
        }
      ],
      "net": {
        "slice": "URLLC",
        "lat_ms": 7,
        "jitter_ms": 0.8,
        "loss_pct": 0.01,
        "throughput_mbps": 130,
        "edge_load": 0.25
      }
    }
  ],
  "final_state": {
    "domain": "uav",
    "time_s": 120.0,
    "env": {
      "weather": "good",
      "wind_mps": 6.0,
      "wind_dir_deg": 240.0
    },
    "airspace": {
      "alt_bounds": [
        10.0,
        300.0
      ],
      "geofence": [
        {
          "type": "polygon",
          "points": [
            [
              1000,
              1000
            ],
            [
              3000,
              1000
            ],
            [
              3000,
              3000
            ],
            [
              1000,
              3000
            ]
          ]
        }
      ]
    },
    "uav": {
      "pose": {
        "x": 1200.0,
        "y": 1200.0,
        "z": 5.0,
        "yaw": 45.0
      },
      "speed_mps": 0.0,
      "energy": {
        "battery_pct": 78.0
      },
      "sensors": {
        "rgb": "ok",
        "thermal": "ok",
        "lidar": "offline",
        "radar": "offline",
        "gnss": "ok",
        "imu": "ok",
        "magnetometer": "ok",
        "barometer": "ok"
      },
      "payloads": []
    },
    "policy": {
      "alt_bounds": [
        10.0,
        300.0
      ]
    },
    "safety_flags": {
      "nfz_violation": false,
      "separation_breach": false
    }
  },
  "success": true,
  "_meta": {
    "seed": 42,
    "ts": 1764049013,
    "ts_iso": "2025-11-25T05:36:53Z",
    "gen_time_s": 47.136199951171875,
    "attempts_used": 1,
    "generation_failed": false,
    "usage": {
      "prompt_tokens": 1057,
      "completion_tokens": 3366,
      "total_tokens": 4423,
      "cost": 0.00285318,
      "is_byok": false,
      "prompt_tokens_details": {
        "cached_tokens": 656,
        "audio_tokens": 0,
        "video_tokens": 0
      },
      "cost_details": {
        "upstream_inference_cost": null,
        "upstream_inference_prompt_cost": 0.00016038,
        "upstream_inference_completions_cost": 0.0026928
      },
      "completion_tokens_details": {
        "reasoning_tokens": 0,
        "image_tokens": 0
      }
    }
  }
}