{
  "initial_state": {
    "domain": "uav",
    "time_s": 0.0,
    "env": {
      "weather": "lightning_risk",
      "wind_mps": 8.0,
      "wind_dir_deg": 240.0
    },
    "airspace": {
      "alt_bounds": [
        30.0,
        180.0
      ],
      "geofence": [
        {
          "type": "polygon",
          "points": [
            [
              0,
              0
            ],
            [
              400,
              0
            ],
            [
              400,
              300
            ],
            [
              0,
              300
            ]
          ]
        }
      ]
    },
    "uav": {
      "pose": {
        "x": 50.0,
        "y": 50.0,
        "z": 40.0,
        "yaw": 90.0
      },
      "speed_mps": 18.0,
      "energy": {
        "battery_pct": 100.0
      },
      "sensors": {
        "rgb": "ok",
        "thermal": "ok",
        "lidar": "ok",
        "radar": "offline",
        "gnss": "ok",
        "imu": "ok",
        "magnetometer": "ok",
        "barometer": "ok"
      },
      "payloads": []
    },
    "policy": {
      "alt_bounds": [
        30.0,
        180.0
      ]
    },
    "safety_flags": {
      "nfz_violation": false,
      "separation_breach": false
    }
  },
  "dialogue": [
    {
      "turn": 1,
      "speaker": "agent",
      "intent": "initiate_medical_delivery_mission",
      "actions": [
        {
          "type": "mcp",
          "name": "read_telemetry",
          "args": {}
        },
        {
          "type": "a2a",
          "task": "request_weather_update",
          "to": "weather_monitor_agent",
          "payload": {
            "location": {
              "x": 50.0,
              "y": 50.0
            }
          }
        }
      ],
      "obs": [
        {
          "tool": "read_telemetry",
          "result": {
            "pose": {
              "x": 50.0,
              "y": 50.0,
              "z": 40.0
            },
            "battery_pct": 100.0,
            "speed_mps": 18.0
          }
        },
        {
          "task": "request_weather_update",
          "from": "weather_monitor_agent",
          "status": "ok",
          "payload": {
            "risk": "lightning_risk",
            "wind_mps": 8.0,
            "advisory": "proceed_with_caution"
          }
        }
      ],
      "net": {
        "slice": "eMBB",
        "lat_ms": 12,
        "jitter_ms": 2,
        "loss_pct": 0.1,
        "throughput_mbps": 850,
        "edge_load": 0.35
      }
    },
    {
      "turn": 2,
      "speaker": "user",
      "intent": "confirm_delivery_route",
      "actions": [
        {
          "type": "mcp",
          "name": "set_waypoint",
          "args": {
            "x": 350.0,
            "y": 250.0,
            "z": 100.0
          }
        }
      ],
      "obs": [
        {
          "tool": "set_waypoint",
          "result": {
            "status": "accepted",
            "eta_s": 42.5,
            "path_valid": true
          }
        }
      ],
      "net": {
        "slice": "eMBB",
        "lat_ms": 14,
        "jitter_ms": 3,
        "loss_pct": 0.2,
        "throughput_mbps": 800,
        "edge_load": 0.4
      }
    },
    {
      "turn": 3,
      "speaker": "agent",
      "intent": "ascend_to_safe_altitude_due_to_wind",
      "actions": [
        {
          "type": "mcp",
          "name": "adjust_altitude",
          "args": {
            "target_z": 120.0
          }
        },
        {
          "type": "a2a",
          "task": "check_separation",
          "to": "uav_swarm_agent",
          "payload": {
            "current_pose": {
              "x": 50.0,
              "y": 50.0,
              "z": 40.0
            }
          }
        }
      ],
      "obs": [
        {
          "tool": "adjust_altitude",
          "result": {
            "status": "executing",
            "target_z": 120.0
          }
        },
        {
          "task": "check_separation",
          "from": "uav_swarm_agent",
          "status": "ok",
          "payload": {
            "closest_uav_distance": 85.0,
            "safe": true
          }
        }
      ],
      "net": {
        "slice": "URLLC",
        "lat_ms": 8,
        "jitter_ms": 1,
        "loss_pct": 0.05,
        "throughput_mbps": 100,
        "edge_load": 0.2
      }
    },
    {
      "turn": 4,
      "speaker": "user",
      "intent": "request_thermal_scan_for_landing_zone",
      "actions": [
        {
          "type": "mcp",
          "name": "activate_sensor",
          "args": {
            "sensor": "thermal"
          }
        },
        {
          "type": "mcp",
          "name": "capture_thermal_image",
          "args": {
            "target": {
              "x": 350.0,
              "y": 250.0
            }
          }
        }
      ],
      "obs": [
        {
          "tool": "activate_sensor",
          "result": {
            "sensor": "thermal",
            "status": "activated"
          }
        },
        {
          "tool": "capture_thermal_image",
          "result": {
            "status": "success",
            "hotspot_detected": false,
            "image_id": "th_7721"
          }
        }
      ],
      "net": {
        "slice": "eMBB",
        "lat_ms": 16,
        "jitter_ms": 4,
        "loss_pct": 0.3,
        "throughput_mbps": 750,
        "edge_load": 0.5
      }
    },
    {
      "turn": 5,
      "speaker": "agent",
      "intent": "detect_network_degradation_and_adapt",
      "actions": [
        {
          "type": "mcp",
          "name": "read_network_metrics",
          "args": {}
        }
      ],
      "obs": [
        {
          "tool": "read_network_metrics",
          "result": {
            "slice": "eMBB",
            "lat_ms": 45,
            "jitter_ms": 12,
            "loss_pct": 5.2,
            "throughput_mbps": 200,
            "recommendation": "switch_to_URLLC_for_control"
          }
        }
      ],
      "net": {
        "slice": "eMBB",
        "lat_ms": 45,
        "jitter_ms": 12,
        "loss_pct": 5.2,
        "throughput_mbps": 200,
        "edge_load": 0.85
      }
    },
    {
      "turn": 6,
      "speaker": "user",
      "intent": "prioritize_control_stability_over_bandwidth",
      "actions": [
        {
          "type": "mcp",
          "name": "switch_network_slice",
          "args": {
            "target_slice": "URLLC"
          }
        }
      ],
      "obs": [
        {
          "tool": "switch_network_slice",
          "result": {
            "status": "success",
            "old_slice": "eMBB",
            "new_slice": "URLLC",
            "lat_ms": 9,
            "loss_pct": 0.1
          }
        }
      ],
      "net": {
        "slice": "URLLC",
        "lat_ms": 9,
        "jitter_ms": 1,
        "loss_pct": 0.1,
        "throughput_mbps": 120,
        "edge_load": 0.3
      }
    },
    {
      "turn": 7,
      "speaker": "agent",
      "intent": "resume_navigation_with_reduced_sensing",
      "actions": [
        {
          "type": "mcp",
          "name": "read_telemetry",
          "args": {}
        },
        {
          "type": "a2a",
          "task": "update_swarm_position",
          "to": "uav_swarm_agent",
          "payload": {
            "pose": {
              "x": 180.0,
              "y": 140.0,
              "z": 120.0
            },
            "battery_pct": 88.5
          }
        }
      ],
      "obs": [
        {
          "tool": "read_telemetry",
          "result": {
            "pose": {
              "x": 180.0,
              "y": 140.0,
              "z": 120.0
            },
            "battery_pct": 88.5,
            "speed_mps": 16.0
          }
        },
        {
          "task": "update_swarm_position",
          "from": "uav_swarm_agent",
          "status": "acknowledged",
          "payload": {
            "next_check_in": 10
          }
        }
      ],
      "net": {
        "slice": "URLLC",
        "lat_ms": 7,
        "jitter_ms": 0.8,
        "loss_pct": 0.08,
        "throughput_mbps": 110,
        "edge_load": 0.25
      }
    },
    {
      "turn": 8,
      "speaker": "user",
      "intent": "prepare_for_medical_drop",
      "actions": [
        {
          "type": "mcp",
          "name": "activate_payload",
          "args": {
            "payload": "medical_delivery_box"
          }
        }
      ],
      "obs": [
        {
          "tool": "activate_payload",
          "result": {
            "payload": "medical_delivery_box",
            "status": "armed",
            "release_altitude": 50.0
          }
        }
      ],
      "net": {
        "slice": "URLLC",
        "lat_ms": 8,
        "jitter_ms": 1.1,
        "loss_pct": 0.1,
        "throughput_mbps": 115,
        "edge_load": 0.28
      }
    },
    {
      "turn": 9,
      "speaker": "agent",
      "intent": "descend_and_verify_landing_zone",
      "actions": [
        {
          "type": "mcp",
          "name": "adjust_altitude",
          "args": {
            "target_z": 60.0
          }
        },
        {
          "type": "mcp",
          "name": "capture_rgb_image",
          "args": {
            "target": {
              "x": 350.0,
              "y": 250.0
            }
          }
        }
      ],
      "obs": [
        {
          "tool": "adjust_altitude",
          "result": {
            "status": "executing",
            "target_z": 60.0
          }
        },
        {
          "tool": "capture_rgb_image",
          "result": {
            "status": "success",
            "obstacle_detected": false,
            "image_id": "rgb_8892"
          }
        }
      ],
      "net": {
        "slice": "URLLC",
        "lat_ms": 9,
        "jitter_ms": 1.2,
        "loss_pct": 0.12,
        "throughput_mbps": 105,
        "edge_load": 0.32
      }
    },
    {
      "turn": 10,
      "speaker": "user",
      "intent": "authorize_medical_package_release",
      "actions": [
        {
          "type": "mcp",
          "name": "release_payload",
          "args": {
            "payload": "medical_delivery_box"
          }
        }
      ],
      "obs": [
        {
          "tool": "release_payload",
          "result": {
            "status": "success",
            "timestamp": 98.7,
            "impact_zone_clear": true
          }
        }
      ],
      "net": {
        "slice": "URLLC",
        "lat_ms": 7,
        "jitter_ms": 0.9,
        "loss_pct": 0.05,
        "throughput_mbps": 125,
        "edge_load": 0.22
      }
    },
    {
      "turn": 11,
      "speaker": "agent",
      "intent": "initiate_return_and_report_success",
      "actions": [
        {
          "type": "mcp",
          "name": "set_waypoint",
          "args": {
            "x": 50.0,
            "y": 50.0,
            "z": 50.0
          }
        },
        {
          "type": "a2a",
          "task": "mission_complete",
          "to": "mission_control_agent",
          "payload": {
            "outcome": "success",
            "battery_remaining": 76.0
          }
        }
      ],
      "obs": [
        {
          "tool": "set_waypoint",
          "result": {
            "status": "accepted",
            "eta_s": 38.0
          }
        },
        {
          "task": "mission_complete",
          "from": "mission_control_agent",
          "status": "acknowledged",
          "payload": {
            "next_mission_id": "med-del-772"
          }
        }
      ],
      "net": {
        "slice": "URLLC",
        "lat_ms": 8,
        "jitter_ms": 1.0,
        "loss_pct": 0.07,
        "throughput_mbps": 120,
        "edge_load": 0.26
      }
    }
  ],
  "final_state": {
    "domain": "uav",
    "time_s": 105.0,
    "env": {
      "weather": "lightning_risk",
      "wind_mps": 8.0,
      "wind_dir_deg": 240.0
    },
    "airspace": {
      "alt_bounds": [
        30.0,
        180.0
      ],
      "geofence": [
        {
          "type": "polygon",
          "points": [
            [
              0,
              0
            ],
            [
              400,
              0
            ],
            [
              400,
              300
            ],
            [
              0,
              300
            ]
          ]
        }
      ]
    },
    "uav": {
      "pose": {
        "x": 320.0,
        "y": 230.0,
        "z": 60.0,
        "yaw": 270.0
      },
      "speed_mps": 15.0,
      "energy": {
        "battery_pct": 76.0
      },
      "sensors": {
        "rgb": "ok",
        "thermal": "ok",
        "lidar": "ok",
        "radar": "offline",
        "gnss": "ok",
        "imu": "ok",
        "magnetometer": "ok",
        "barometer": "ok"
      },
      "payloads": []
    },
    "policy": {
      "alt_bounds": [
        30.0,
        180.0
      ]
    },
    "safety_flags": {
      "nfz_violation": false,
      "separation_breach": false
    }
  },
  "success": true,
  "_meta": {
    "seed": 42,
    "ts": 1763965389,
    "ts_iso": "2025-11-24T06:23:09Z",
    "gen_time_s": 51.76073622703552,
    "attempts_used": 1,
    "generation_failed": false,
    "usage": {
      "prompt_tokens": 1045,
      "completion_tokens": 3836,
      "total_tokens": 4881,
      "cost": 0.00323182,
      "is_byok": false,
      "prompt_tokens_details": {
        "cached_tokens": 608,
        "audio_tokens": 0,
        "video_tokens": 0
      },
      "cost_details": {
        "upstream_inference_cost": null,
        "upstream_inference_prompt_cost": 0.00016302,
        "upstream_inference_completions_cost": 0.0030688
      },
      "completion_tokens_details": {
        "reasoning_tokens": 0,
        "image_tokens": 0
      }
    }
  }
}