{
  "initial_state": {
    "domain": "uav",
    "time_s": 0.0,
    "env": {
      "weather": "icing",
      "wind_mps": 8.5,
      "wind_dir_deg": 240.0
    },
    "airspace": {
      "alt_bounds": [
        50.0,
        300.0
      ],
      "geofence": [
        {
          "type": "polygon",
          "points": [
            [
              0,
              0
            ],
            [
              800,
              0
            ],
            [
              800,
              600
            ],
            [
              0,
              600
            ]
          ]
        }
      ]
    },
    "uav": {
      "pose": {
        "x": 100.0,
        "y": 100.0,
        "z": 120.0,
        "yaw": 90.0
      },
      "speed_mps": 18.0,
      "energy": {
        "battery_pct": 100.0
      },
      "sensors": {
        "rgb": "ok",
        "thermal": "ok",
        "lidar": "ok",
        "radar": "offline",
        "gnss": "ok",
        "imu": "ok",
        "magnetometer": "ok",
        "barometer": "ok"
      },
      "payloads": []
    },
    "policy": {
      "alt_bounds": [
        50.0,
        300.0
      ]
    },
    "safety_flags": {
      "nfz_violation": false,
      "separation_breach": false
    }
  },
  "dialogue": [
    {
      "turn": 1,
      "speaker": "agent",
      "intent": "initiate mission and check telemetry",
      "actions": [
        {
          "type": "mcp",
          "name": "read_telemetry",
          "args": {}
        }
      ],
      "obs": [
        {
          "tool": "read_telemetry",
          "result": {
            "pose": {
              "x": 100.0,
              "y": 100.0,
              "z": 120.0,
              "yaw": 90.0
            },
            "speed_mps": 18.0,
            "battery_pct": 100.0,
            "sensors": {
              "radar": "offline"
            }
          }
        }
      ],
      "net": {
        "slice": "eMBB",
        "lat_ms": 15,
        "jitter_ms": 3,
        "loss_pct": 0.1,
        "throughput_mbps": 850,
        "edge_load": 0.4
      }
    },
    {
      "turn": 2,
      "speaker": "user",
      "intent": "confirm radar issue and request repair",
      "actions": [
        {
          "type": "mcp",
          "name": "repair_sensor",
          "args": {
            "sensor": "radar"
          }
        }
      ],
      "obs": [
        {
          "tool": "repair_sensor",
          "result": {
            "sensor": "radar",
            "status": "success",
            "message": "Radar restored."
          }
        }
      ],
      "net": {
        "slice": "URLLC",
        "lat_ms": 8,
        "jitter_ms": 1,
        "loss_pct": 0.05,
        "throughput_mbps": 100,
        "edge_load": 0.3
      }
    },
    {
      "turn": 3,
      "speaker": "agent",
      "intent": "verify sensor recovery and plan route",
      "actions": [
        {
          "type": "mcp",
          "name": "read_telemetry",
          "args": {}
        },
        {
          "type": "mcp",
          "name": "plan_route",
          "args": {
            "destination": {
              "x": 700,
              "y": 500,
              "z": 200
            }
          }
        }
      ],
      "obs": [
        {
          "tool": "read_telemetry",
          "result": {
            "sensors": {
              "radar": "ok"
            }
          }
        },
        {
          "tool": "plan_route",
          "result": {
            "route": [
              {
                "x": 100,
                "y": 100,
                "z": 120
              },
              {
                "x": 300,
                "y": 300,
                "z": 180
              },
              {
                "x": 700,
                "y": 500,
                "z": 200
              }
            ],
            "eta_s": 120
          }
        }
      ],
      "net": {
        "slice": "eMBB",
        "lat_ms": 18,
        "jitter_ms": 4,
        "loss_pct": 0.2,
        "throughput_mbps": 900,
        "edge_load": 0.5
      }
    },
    {
      "turn": 4,
      "speaker": "user",
      "intent": "approve route and request swarm coordination",
      "actions": [
        {
          "type": "a2a",
          "task": "route_approval",
          "to": "uav_swarm_agent",
          "payload": {
            "route_id": "R772",
            "approval": true
          }
        }
      ],
      "obs": [
        {
          "task": "route_approval",
          "from": "uav_swarm_agent",
          "status": "ok",
          "payload": {
            "ack": true,
            "message": "Route R772 accepted by swarm."
          }
        }
      ],
      "net": {
        "slice": "URLLC",
        "lat_ms": 7,
        "jitter_ms": 1,
        "loss_pct": 0.02,
        "throughput_mbps": 120,
        "edge_load": 0.2
      }
    },
    {
      "turn": 5,
      "speaker": "agent",
      "intent": "initiate flight and monitor weather",
      "actions": [
        {
          "type": "mcp",
          "name": "takeoff",
          "args": {
            "target_alt": 200
          }
        },
        {
          "type": "mcp",
          "name": "monitor_weather",
          "args": {}
        }
      ],
      "obs": [
        {
          "tool": "takeoff",
          "result": {
            "status": "success",
            "current_alt": 200
          }
        },
        {
          "tool": "monitor_weather",
          "result": {
            "weather": "icing",
            "risk_level": "high",
            "advice": "Activate de-icing system."
          }
        }
      ],
      "net": {
        "slice": "eMBB",
        "lat_ms": 20,
        "jitter_ms": 5,
        "loss_pct": 0.3,
        "throughput_mbps": 800,
        "edge_load": 0.6
      }
    },
    {
      "turn": 6,
      "speaker": "user",
      "intent": "activate de-icing and confirm",
      "actions": [
        {
          "type": "mcp",
          "name": "activate_system",
          "args": {
            "system": "de_icing",
            "activate": true
          }
        }
      ],
      "obs": [
        {
          "tool": "activate_system",
          "result": {
            "system": "de_icing",
            "status": "active",
            "message": "De-icing system engaged."
          }
        }
      ],
      "net": {
        "slice": "URLLC",
        "lat_ms": 6,
        "jitter_ms": 1,
        "loss_pct": 0.01,
        "throughput_mbps": 90,
        "edge_load": 0.25
      }
    },
    {
      "turn": 7,
      "speaker": "agent",
      "intent": "check network degradation and adapt",
      "actions": [
        {
          "type": "mcp",
          "name": "check_network",
          "args": {}
        }
      ],
      "obs": [
        {
          "tool": "check_network",
          "result": {
            "slice": "mMTC",
            "lat_ms": 120,
            "jitter_ms": 25,
            "loss_pct": 5.0,
            "throughput_mbps": 1.5,
            "edge_load": 0.9
          }
        }
      ],
      "net": {
        "slice": "mMTC",
        "lat_ms": 120,
        "jitter_ms": 25,
        "loss_pct": 5.0,
        "throughput_mbps": 1.5,
        "edge_load": 0.9
      }
    },
    {
      "turn": 8,
      "speaker": "user",
      "intent": "request minimal telemetry due to poor link",
      "actions": [
        {
          "type": "mcp",
          "name": "read_telemetry",
          "args": {
            "fields": [
              "pose",
              "battery_pct"
            ]
          }
        }
      ],
      "obs": [
        {
          "tool": "read_telemetry",
          "result": {
            "pose": {
              "x": 300.0,
              "y": 300.0,
              "z": 180.0
            },
            "battery_pct": 88.0
          }
        }
      ],
      "net": {
        "slice": "mMTC",
        "lat_ms": 130,
        "jitter_ms": 30,
        "loss_pct": 6.0,
        "throughput_mbps": 1.2,
        "edge_load": 0.92
      }
    },
    {
      "turn": 9,
      "speaker": "agent",
      "intent": "resume navigation when link improves",
      "actions": [
        {
          "type": "mcp",
          "name": "check_network",
          "args": {}
        }
      ],
      "obs": [
        {
          "tool": "check_network",
          "result": {
            "slice": "URLLC",
            "lat_ms": 9,
            "jitter_ms": 2,
            "loss_pct": 0.1,
            "throughput_mbps": 110,
            "edge_load": 0.35
          }
        }
      ],
      "net": {
        "slice": "URLLC",
        "lat_ms": 9,
        "jitter_ms": 2,
        "loss_pct": 0.1,
        "throughput_mbps": 110,
        "edge_load": 0.35
      }
    },
    {
      "turn": 10,
      "speaker": "user",
      "intent": "command waypoint update",
      "actions": [
        {
          "type": "mcp",
          "name": "update_waypoint",
          "args": {
            "index": 1,
            "position": {
              "x": 320,
              "y": 310,
              "z": 190
            }
          }
        }
      ],
      "obs": [
        {
          "tool": "update_waypoint",
          "result": {
            "index": 1,
            "status": "updated",
            "message": "Waypoint adjusted to avoid turbulence zone."
          }
        }
      ],
      "net": {
        "slice": "URLLC",
        "lat_ms": 10,
        "jitter_ms": 2,
        "loss_pct": 0.08,
        "throughput_mbps": 105,
        "edge_load": 0.38
      }
    },
    {
      "turn": 11,
      "speaker": "agent",
      "intent": "confirm arrival and mission completion",
      "actions": [
        {
          "type": "mcp",
          "name": "read_telemetry",
          "args": {}
        }
      ],
      "obs": [
        {
          "tool": "read_telemetry",
          "result": {
            "pose": {
              "x": 700.0,
              "y": 500.0,
              "z": 200.0
            },
            "battery_pct": 76.0,
            "status": "mission_complete"
          }
        }
      ],
      "net": {
        "slice": "eMBB",
        "lat_ms": 16,
        "jitter_ms": 3,
        "loss_pct": 0.15,
        "throughput_mbps": 880,
        "edge_load": 0.42
      }
    }
  ],
  "final_state": {
    "domain": "uav",
    "time_s": 120.0,
    "env": {
      "weather": "icing",
      "wind_mps": 8.5,
      "wind_dir_deg": 240.0
    },
    "airspace": {
      "alt_bounds": [
        50.0,
        300.0
      ],
      "geofence": [
        {
          "type": "polygon",
          "points": [
            [
              0,
              0
            ],
            [
              800,
              0
            ],
            [
              800,
              600
            ],
            [
              0,
              600
            ]
          ]
        }
      ]
    },
    "uav": {
      "pose": {
        "x": 700.0,
        "y": 500.0,
        "z": 200.0,
        "yaw": 90.0
      },
      "speed_mps": 0.0,
      "energy": {
        "battery_pct": 76.0
      },
      "sensors": {
        "rgb": "ok",
        "thermal": "ok",
        "lidar": "ok",
        "radar": "ok",
        "gnss": "ok",
        "imu": "ok",
        "magnetometer": "ok",
        "barometer": "ok"
      },
      "payloads": []
    },
    "policy": {
      "alt_bounds": [
        50.0,
        300.0
      ]
    },
    "safety_flags": {
      "nfz_violation": false,
      "separation_breach": false
    }
  },
  "success": true,
  "_meta": {
    "seed": 42,
    "ts": 1763756310,
    "ts_iso": "2025-11-21T20:18:30Z",
    "gen_time_s": 38.70662212371826,
    "attempts_used": 1,
    "generation_failed": false,
    "usage": {
      "prompt_tokens": 1041,
      "completion_tokens": 3457,
      "total_tokens": 4498,
      "cost": 0.00341987,
      "is_byok": false,
      "prompt_tokens_details": {
        "cached_tokens": 0,
        "audio_tokens": 0,
        "video_tokens": 0
      },
      "cost_details": {
        "upstream_inference_cost": null,
        "upstream_inference_prompt_cost": 0.00023943,
        "upstream_inference_completions_cost": 0.00318044
      },
      "completion_tokens_details": {
        "reasoning_tokens": 0,
        "image_tokens": 0
      }
    }
  }
}