{
  "initial_state": {
    "domain": "uav",
    "time_s": 0.0,
    "env": {
      "weather": "dust",
      "wind_mps": 12.0,
      "wind_dir_deg": 240.0
    },
    "airspace": {
      "alt_bounds": [
        10.0,
        450.0
      ],
      "geofence": [
        {
          "type": "polygon",
          "points": [
            [
              0,
              0
            ],
            [
              800,
              0
            ],
            [
              800,
              600
            ],
            [
              0,
              600
            ]
          ]
        }
      ]
    },
    "uav": {
      "pose": {
        "x": 100.0,
        "y": 100.0,
        "z": 50.0,
        "yaw": 90.0
      },
      "speed_mps": 35.0,
      "energy": {
        "battery_pct": 100.0
      },
      "sensors": {
        "rgb": "ok",
        "thermal": "ok",
        "lidar": "ok",
        "radar": "offline",
        "gnss": "ok",
        "imu": "ok",
        "magnetometer": "ok",
        "barometer": "ok"
      },
      "payloads": []
    },
    "policy": {
      "alt_bounds": [
        10.0,
        450.0
      ]
    },
    "safety_flags": {
      "nfz_violation": false,
      "separation_breach": false
    }
  },
  "dialogue": [
    {
      "turn": 1,
      "speaker": "agent",
      "intent": "initiate mission and assess environment",
      "actions": [
        {
          "type": "mcp",
          "name": "read_telemetry",
          "args": {}
        },
        {
          "type": "mcp",
          "name": "check_sensors",
          "args": {}
        }
      ],
      "obs": [
        {
          "tool": "read_telemetry",
          "result": {
            "pose": {
              "x": 100.0,
              "y": 100.0,
              "z": 50.0,
              "yaw": 90.0
            },
            "speed_mps": 35.0,
            "battery_pct": 100.0
          }
        },
        {
          "tool": "check_sensors",
          "result": {
            "status": "partial",
            "details": {
              "radar": "offline",
              "others": "ok"
            }
          }
        }
      ],
      "net": {
        "slice": "eMBB",
        "lat_ms": 18,
        "jitter_ms": 3,
        "loss_pct": 0.1,
        "throughput_mbps": 850,
        "edge_load": 0.45
      }
    },
    {
      "turn": 2,
      "speaker": "user",
      "intent": "request mission plan and sensor recovery",
      "actions": [
        {
          "type": "mcp",
          "name": "restart_sensor",
          "args": {
            "sensor": "radar"
          }
        }
      ],
      "obs": [
        {
          "tool": "restart_sensor",
          "result": {
            "sensor": "radar",
            "status": "success",
            "message": "radar reinitialized"
          }
        }
      ],
      "net": {
        "slice": "URLLC",
        "lat_ms": 8,
        "jitter_ms": 1,
        "loss_pct": 0.05,
        "throughput_mbps": 120,
        "edge_load": 0.3
      }
    },
    {
      "turn": 3,
      "speaker": "agent",
      "intent": "verify sensor recovery and initiate swarm coordination",
      "actions": [
        {
          "type": "mcp",
          "name": "check_sensors",
          "args": {}
        },
        {
          "type": "a2a",
          "task": "swarm_formation",
          "to": "uav_swarm_agent",
          "payload": {
            "leader_pose": {
              "x": 100.0,
              "y": 100.0,
              "z": 50.0
            },
            "formation": "delta"
          }
        }
      ],
      "obs": [
        {
          "tool": "check_sensors",
          "result": {
            "status": "ok",
            "details": "all sensors online"
          }
        },
        {
          "task": "swarm_formation",
          "from": "uav_swarm_agent",
          "status": "acknowledged",
          "payload": {
            "formation_status": "initiated"
          }
        }
      ],
      "net": {
        "slice": "URLLC",
        "lat_ms": 9,
        "jitter_ms": 1.2,
        "loss_pct": 0.08,
        "throughput_mbps": 110,
        "edge_load": 0.35
      }
    },
    {
      "turn": 4,
      "speaker": "user",
      "intent": "adjust mission altitude due to dust conditions",
      "actions": [
        {
          "type": "mcp",
          "name": "set_altitude",
          "args": {
            "target_z": 120.0
          }
        }
      ],
      "obs": [
        {
          "tool": "set_altitude",
          "result": {
            "status": "executing",
            "target": 120.0,
            "current": 65.0
          }
        }
      ],
      "net": {
        "slice": "eMBB",
        "lat_ms": 25,
        "jitter_ms": 6,
        "loss_pct": 0.3,
        "throughput_mbps": 700,
        "edge_load": 0.6
      }
    },
    {
      "turn": 5,
      "speaker": "agent",
      "intent": "monitor ascent and initiate thermal imaging",
      "actions": [
        {
          "type": "mcp",
          "name": "read_telemetry",
          "args": {}
        },
        {
          "type": "mcp",
          "name": "capture_thermal",
          "args": {
            "duration": 10
          }
        }
      ],
      "obs": [
        {
          "tool": "read_telemetry",
          "result": {
            "pose": {
              "x": 102.0,
              "y": 105.0,
              "z": 110.0,
              "yaw": 90.0
            },
            "battery_pct": 98.7,
            "speed_mps": 30.0
          }
        },
        {
          "tool": "capture_thermal",
          "result": {
            "status": "completed",
            "data_uri": "thermal_log_120m_5a7b.json"
          }
        }
      ],
      "net": {
        "slice": "eMBB",
        "lat_ms": 22,
        "jitter_ms": 5,
        "loss_pct": 0.2,
        "throughput_mbps": 780,
        "edge_load": 0.55
      }
    },
    {
      "turn": 6,
      "speaker": "user",
      "intent": "detect network degradation and request fallback",
      "actions": [
        {
          "type": "mcp",
          "name": "diagnose_network",
          "args": {}
        }
      ],
      "obs": [
        {
          "tool": "diagnose_network",
          "result": {
            "current_slice": "eMBB",
            "recommendation": "switch to URLLC due to rising jitter"
          }
        }
      ],
      "net": {
        "slice": "eMBB",
        "lat_ms": 45,
        "jitter_ms": 18,
        "loss_pct": 1.5,
        "throughput_mbps": 300,
        "edge_load": 0.85
      }
    },
    {
      "turn": 7,
      "speaker": "agent",
      "intent": "adapt to network degradation and ensure safety",
      "actions": [
        {
          "type": "mcp",
          "name": "switch_network_slice",
          "args": {
            "target": "URLLC"
          }
        },
        {
          "type": "a2a",
          "task": "collision_avoidance",
          "to": "uav_swarm_agent",
          "payload": {
            "current_pose": {
              "x": 102.0,
              "y": 105.0,
              "z": 110.0
            },
            "velocity": 30.0
          }
        }
      ],
      "obs": [
        {
          "tool": "switch_network_slice",
          "result": {
            "status": "success",
            "new_slice": "URLLC"
          }
        },
        {
          "task": "collision_avoidance",
          "from": "uav_swarm_agent",
          "status": "clear",
          "payload": {
            "risk_level": "low"
          }
        }
      ],
      "net": {
        "slice": "URLLC",
        "lat_ms": 10,
        "jitter_ms": 1.5,
        "loss_pct": 0.1,
        "throughput_mbps": 100,
        "edge_load": 0.4
      }
    },
    {
      "turn": 8,
      "speaker": "user",
      "intent": "request return to base due to battery and weather",
      "actions": [
        {
          "type": "mcp",
          "name": "set_waypoint",
          "args": {
            "x": 50.0,
            "y": 50.0,
            "z": 40.0
          }
        }
      ],
      "obs": [
        {
          "tool": "set_waypoint",
          "result": {
            "status": "accepted",
            "eta_s": 42,
            "route": "direct"
          }
        }
      ],
      "net": {
        "slice": "URLLC",
        "lat_ms": 9,
        "jitter_ms": 1.1,
        "loss_pct": 0.07,
        "throughput_mbps": 115,
        "edge_load": 0.38
      }
    },
    {
      "turn": 9,
      "speaker": "agent",
      "intent": "monitor return and log final telemetry",
      "actions": [
        {
          "type": "mcp",
          "name": "read_telemetry",
          "args": {}
        },
        {
          "type": "mcp",
          "name": "log_mission_data",
          "args": {
            "target_file": "mission_final_8eab18fe50b6.json"
          }
        }
      ],
      "obs": [
        {
          "tool": "read_telemetry",
          "result": {
            "pose": {
              "x": 75.0,
              "y": 75.0,
              "z": 60.0,
              "yaw": 270.0
            },
            "battery_pct": 92.3,
            "speed_mps": 28.0
          }
        },
        {
          "tool": "log_mission_data",
          "result": {
            "status": "success",
            "file": "mission_final_8eab18fe50b6.json"
          }
        }
      ],
      "net": {
        "slice": "URLLC",
        "lat_ms": 8.5,
        "jitter_ms": 0.9,
        "loss_pct": 0.05,
        "throughput_mbps": 125,
        "edge_load": 0.32
      }
    }
  ],
  "final_state": {
    "domain": "uav",
    "time_s": 250.0,
    "env": {
      "weather": "dust",
      "wind_mps": 12.0,
      "wind_dir_deg": 240.0
    },
    "airspace": {
      "alt_bounds": [
        10.0,
        450.0
      ],
      "geofence": [
        {
          "type": "polygon",
          "points": [
            [
              0,
              0
            ],
            [
              800,
              0
            ],
            [
              800,
              600
            ],
            [
              0,
              600
            ]
          ]
        }
      ]
    },
    "uav": {
      "pose": {
        "x": 50.0,
        "y": 50.0,
        "z": 40.0,
        "yaw": 270.0
      },
      "speed_mps": 0.0,
      "energy": {
        "battery_pct": 92.3
      },
      "sensors": {
        "rgb": "ok",
        "thermal": "ok",
        "lidar": "ok",
        "radar": "ok",
        "gnss": "ok",
        "imu": "ok",
        "magnetometer": "ok",
        "barometer": "ok"
      },
      "payloads": []
    },
    "policy": {
      "alt_bounds": [
        10.0,
        450.0
      ]
    },
    "safety_flags": {
      "nfz_violation": false,
      "separation_breach": false
    }
  },
  "success": true,
  "_meta": {
    "seed": 42,
    "ts": 1763996021,
    "ts_iso": "2025-11-24T14:53:41Z",
    "gen_time_s": 58.4196503162384,
    "attempts_used": 1,
    "generation_failed": false,
    "usage": {
      "prompt_tokens": 1048,
      "completion_tokens": 3237,
      "total_tokens": 4285,
      "cost": 0.00275328,
      "is_byok": false,
      "prompt_tokens_details": {
        "cached_tokens": 608,
        "audio_tokens": 0,
        "video_tokens": 0
      },
      "cost_details": {
        "upstream_inference_cost": null,
        "upstream_inference_prompt_cost": 0.00016368,
        "upstream_inference_completions_cost": 0.0025896
      },
      "completion_tokens_details": {
        "reasoning_tokens": 0,
        "image_tokens": 0
      }
    }
  }
}