{
  "initial_state": {
    "domain": "uav",
    "time_s": 0.0,
    "env": {
      "weather": "icing",
      "wind_mps": 8.0,
      "wind_dir_deg": 270.0
    },
    "airspace": {
      "alt_bounds": [
        10.0,
        120.0
      ],
      "geofence": [
        {
          "type": "polygon",
          "points": [
            [
              100,
              100
            ],
            [
              500,
              100
            ],
            [
              500,
              400
            ],
            [
              100,
              400
            ]
          ]
        }
      ]
    },
    "uav": {
      "pose": {
        "x": 110.0,
        "y": 250.0,
        "z": 20.0,
        "yaw": 90.0
      },
      "speed_mps": 35.0,
      "energy": {
        "battery_pct": 100.0
      },
      "sensors": {
        "rgb": "ok",
        "thermal": "offline",
        "lidar": "ok",
        "radar": "offline",
        "gnss": "ok",
        "imu": "ok",
        "magnetometer": "ok",
        "barometer": "ok"
      },
      "payloads": []
    },
    "policy": {
      "alt_bounds": [
        10.0,
        120.0
      ]
    },
    "safety_flags": {
      "nfz_violation": false,
      "separation_breach": false
    }
  },
  "dialogue": [
    {
      "turn": 1,
      "speaker": "agent",
      "intent": "initiate mission and check telemetry",
      "actions": [
        {
          "type": "mcp",
          "name": "read_telemetry",
          "args": {}
        }
      ],
      "obs": [
        {
          "tool": "read_telemetry",
          "result": {
            "pose": {
              "x": 110.0,
              "y": 250.0,
              "z": 20.0,
              "yaw": 90.0
            },
            "speed_mps": 35.0,
            "battery_pct": 100.0,
            "sensors": {
              "thermal": "offline",
              "radar": "offline"
            }
          }
        }
      ],
      "net": {
        "slice": "URLLC",
        "lat_ms": 3,
        "jitter_ms": 0.5,
        "loss_pct": 0.01,
        "throughput_mbps": 50,
        "edge_load": 0.3
      }
    },
    {
      "turn": 2,
      "speaker": "user",
      "intent": "approve takeoff and request thermal sensor restart",
      "actions": [
        {
          "type": "mcp",
          "name": "restart_sensor",
          "args": {
            "sensor": "thermal"
          }
        }
      ],
      "obs": [
        {
          "tool": "restart_sensor",
          "result": {
            "sensor": "thermal",
            "status": "success",
            "message": "thermal sensor restarted"
          }
        }
      ],
      "net": {
        "slice": "eMBB",
        "lat_ms": 12,
        "jitter_ms": 2.1,
        "loss_pct": 0.05,
        "throughput_mbps": 120,
        "edge_load": 0.6
      }
    },
    {
      "turn": 3,
      "speaker": "agent",
      "intent": "verify sensor status and initiate climb",
      "actions": [
        {
          "type": "mcp",
          "name": "read_telemetry",
          "args": {}
        },
        {
          "type": "mcp",
          "name": "set_altitude",
          "args": {
            "target_z": 80.0
          }
        }
      ],
      "obs": [
        {
          "tool": "read_telemetry",
          "result": {
            "sensors": {
              "thermal": "ok"
            }
          }
        },
        {
          "tool": "set_altitude",
          "result": {
            "status": "executing",
            "target_z": 80.0
          }
        }
      ],
      "net": {
        "slice": "URLLC",
        "lat_ms": 4,
        "jitter_ms": 0.7,
        "loss_pct": 0.02,
        "throughput_mbps": 45,
        "edge_load": 0.4
      }
    },
    {
      "turn": 4,
      "speaker": "user",
      "intent": "request swarm coordination for path planning",
      "actions": [
        {
          "type": "a2a",
          "task": "path_optimization",
          "to": "uav_swarm_agent",
          "payload": {
            "route": [
              [
                150,
                300
              ],
              [
                400,
                350
              ]
            ],
            "altitude": 80.0
          }
        }
      ],
      "obs": [
        {
          "task": "path_optimization",
          "from": "uav_swarm_agent",
          "status": "ok",
          "payload": {
            "optimized_route": [
              [
                160,
                290
              ],
              [
                390,
                340
              ]
            ],
            "eta": 45
          }
        }
      ],
      "net": {
        "slice": "mMTC",
        "lat_ms": 25,
        "jitter_ms": 5.0,
        "loss_pct": 0.5,
        "throughput_mbps": 1,
        "edge_load": 0.8
      }
    },
    {
      "turn": 5,
      "speaker": "agent",
      "intent": "adjust route and monitor battery under wind resistance",
      "actions": [
        {
          "type": "mcp",
          "name": "set_waypoint",
          "args": {
            "x": 160.0,
            "y": 290.0,
            "z": 80.0
          }
        },
        {
          "type": "mcp",
          "name": "read_telemetry",
          "args": {}
        }
      ],
      "obs": [
        {
          "tool": "set_waypoint",
          "result": {
            "status": "accepted",
            "waypoint": [
              160.0,
              290.0,
              80.0
            ]
          }
        },
        {
          "tool": "read_telemetry",
          "result": {
            "battery_pct": 96.2,
            "speed_mps": 32.1,
            "wind_resistance_factor": 1.15
          }
        }
      ],
      "net": {
        "slice": "URLLC",
        "lat_ms": 3,
        "jitter_ms": 0.6,
        "loss_pct": 0.01,
        "throughput_mbps": 55,
        "edge_load": 0.35
      }
    },
    {
      "turn": 6,
      "speaker": "user",
      "intent": "report network degradation and request fallback protocol",
      "actions": [
        {
          "type": "mcp",
          "name": "activate_fallback_mode",
          "args": {
            "mode": "low_bandwidth"
          }
        }
      ],
      "obs": [
        {
          "tool": "activate_fallback_mode",
          "result": {
            "mode": "low_bandwidth",
            "status": "active",
            "reduced_sensors": [
              "rgb"
            ]
          }
        }
      ],
      "net": {
        "slice": "URLLC",
        "lat_ms": 80,
        "jitter_ms": 15.0,
        "loss_pct": 5.0,
        "throughput_mbps": 10,
        "edge_load": 0.95
      }
    },
    {
      "turn": 7,
      "speaker": "agent",
      "intent": "reduce telemetry frequency and maintain course",
      "actions": [
        {
          "type": "mcp",
          "name": "set_telemetry_interval",
          "args": {
            "interval_s": 5.0
          }
        },
        {
          "type": "mcp",
          "name": "read_telemetry",
          "args": {}
        }
      ],
      "obs": [
        {
          "tool": "set_telemetry_interval",
          "result": {
            "interval_s": 5.0
          }
        },
        {
          "tool": "read_telemetry",
          "result": {
            "pose": {
              "x": 280.0,
              "y": 320.0,
              "z": 80.0
            },
            "battery_pct": 92.1
          }
        }
      ],
      "net": {
        "slice": "mMTC",
        "lat_ms": 120,
        "jitter_ms": 25.0,
        "loss_pct": 8.0,
        "throughput_mbps": 0.5,
        "edge_load": 0.98
      }
    },
    {
      "turn": 8,
      "speaker": "user",
      "intent": "authorize return to base due to icing risk",
      "actions": [
        {
          "type": "mcp",
          "name": "set_waypoint",
          "args": {
            "x": 110.0,
            "y": 250.0,
            "z": 20.0
          }
        }
      ],
      "obs": [
        {
          "tool": "set_waypoint",
          "result": {
            "status": "accepted",
            "waypoint": [
              110.0,
              250.0,
              20.0
            ]
          }
        }
      ],
      "net": {
        "slice": "URLLC",
        "lat_ms": 6,
        "jitter_ms": 1.0,
        "loss_pct": 0.1,
        "throughput_mbps": 60,
        "edge_load": 0.5
      }
    },
    {
      "turn": 9,
      "speaker": "agent",
      "intent": "prepare for landing and verify geofence compliance",
      "actions": [
        {
          "type": "mcp",
          "name": "check_geofence",
          "args": {}
        },
        {
          "type": "mcp",
          "name": "prepare_landing",
          "args": {}
        }
      ],
      "obs": [
        {
          "tool": "check_geofence",
          "result": {
            "status": "within",
            "distance_to_boundary": 14.14
          }
        },
        {
          "tool": "prepare_landing",
          "result": {
            "status": "ready",
            "checks": [
              "altitude_ok",
              "speed_ok",
              "battery_sufficient"
            ]
          }
        }
      ],
      "net": {
        "slice": "URLLC",
        "lat_ms": 3,
        "jitter_ms": 0.4,
        "loss_pct": 0.01,
        "throughput_mbps": 50,
        "edge_load": 0.3
      }
    },
    {
      "turn": 10,
      "speaker": "user",
      "intent": "confirm safe landing",
      "actions": [],
      "obs": [],
      "net": {
        "slice": "URLLC",
        "lat_ms": 2,
        "jitter_ms": 0.3,
        "loss_pct": 0.0,
        "throughput_mbps": 55,
        "edge_load": 0.25
      }
    }
  ],
  "final_state": {
    "domain": "uav",
    "time_s": 120.0,
    "env": {
      "weather": "icing",
      "wind_mps": 8.0,
      "wind_dir_deg": 270.0
    },
    "airspace": {
      "alt_bounds": [
        10.0,
        120.0
      ],
      "geofence": [
        {
          "type": "polygon",
          "points": [
            [
              100,
              100
            ],
            [
              500,
              100
            ],
            [
              500,
              400
            ],
            [
              100,
              400
            ]
          ]
        }
      ]
    },
    "uav": {
      "pose": {
        "x": 110.0,
        "y": 250.0,
        "z": 20.0,
        "yaw": 90.0
      },
      "speed_mps": 0.0,
      "energy": {
        "battery_pct": 88.5
      },
      "sensors": {
        "rgb": "ok",
        "thermal": "ok",
        "lidar": "ok",
        "radar": "offline",
        "gnss": "ok",
        "imu": "ok",
        "magnetometer": "ok",
        "barometer": "ok"
      },
      "payloads": []
    },
    "policy": {
      "alt_bounds": [
        10.0,
        120.0
      ]
    },
    "safety_flags": {
      "nfz_violation": false,
      "separation_breach": false
    }
  },
  "success": true,
  "_meta": {
    "seed": 42,
    "ts": 1763944645,
    "ts_iso": "2025-11-24T00:37:25Z",
    "gen_time_s": 39.546345233917236,
    "attempts_used": 1,
    "generation_failed": false,
    "usage": {
      "prompt_tokens": 1068,
      "completion_tokens": 3312,
      "total_tokens": 4380,
      "cost": 0.0028124,
      "is_byok": false,
      "prompt_tokens_details": {
        "cached_tokens": 656,
        "audio_tokens": 0,
        "video_tokens": 0
      },
      "cost_details": {
        "upstream_inference_cost": null,
        "upstream_inference_prompt_cost": 0.0001628,
        "upstream_inference_completions_cost": 0.0026496
      },
      "completion_tokens_details": {
        "reasoning_tokens": 0,
        "image_tokens": 0
      }
    }
  }
}