{
  "initial_state": {
    "domain": "uav",
    "time_s": 0.0,
    "env": {
      "weather": "heat_haze,ash_suspension",
      "wind_mps": 8.5,
      "wind_dir_deg": 210.0
    },
    "airspace": {
      "alt_bounds": [
        20.0,
        180.0
      ],
      "geofence": [
        {
          "type": "polygon",
          "points": [
            [
              100.0,
              100.0
            ],
            [
              500.0,
              100.0
            ],
            [
              500.0,
              500.0
            ],
            [
              100.0,
              500.0
            ]
          ]
        }
      ]
    },
    "uav": {
      "pose": {
        "x": 120.0,
        "y": 120.0,
        "z": 50.0,
        "yaw": 90.0
      },
      "speed_mps": 18.0,
      "energy": {
        "battery_pct": 100.0
      },
      "sensors": {
        "rgb": "ok",
        "thermal": "ok",
        "lidar": "offline",
        "radar": "offline",
        "gnss": "ok",
        "imu": "ok",
        "magnetometer": "ok",
        "barometer": "ok"
      },
      "payloads": []
    },
    "policy": {
      "alt_bounds": [
        20.0,
        180.0
      ]
    },
    "safety_flags": {
      "nfz_violation": false,
      "separation_breach": false
    }
  },
  "dialogue": [
    {
      "turn": 1,
      "speaker": "agent",
      "intent": "initiate_survey_mission",
      "actions": [
        {
          "type": "mcp",
          "name": "read_telemetry",
          "args": {}
        },
        {
          "type": "a2a",
          "task": "swarm_formation",
          "to": "uav_swarm_agent",
          "payload": {
            "leader": "uav_main",
            "pattern": "delta",
            "waypoints": [
              {
                "x": 200.0,
                "y": 200.0,
                "z": 80.0
              },
              {
                "x": 300.0,
                "y": 300.0,
                "z": 100.0
              }
            ]
          }
        }
      ],
      "obs": [
        {
          "tool": "read_telemetry",
          "result": {
            "pose": {
              "x": 120.0,
              "y": 120.0,
              "z": 50.0
            },
            "battery_pct": 100.0,
            "speed_mps": 18.0
          }
        },
        {
          "task": "swarm_formation",
          "from": "uav_swarm_agent",
          "status": "acknowledged",
          "payload": {
            "formation_status": "initiated"
          }
        }
      ],
      "net": {
        "slice": "eMBB",
        "lat_ms": 12,
        "jitter_ms": 2,
        "loss_pct": 0.1,
        "throughput_mbps": 850,
        "edge_load": 0.35
      }
    },
    {
      "turn": 2,
      "speaker": "user",
      "intent": "confirm_mission_and_monitor",
      "actions": [
        {
          "type": "mcp",
          "name": "get_swarm_status",
          "args": {}
        }
      ],
      "obs": [
        {
          "tool": "get_swarm_status",
          "result": {
            "swarm_size": 5,
            "status": "forming",
            "leader": "uav_main"
          }
        }
      ],
      "net": {
        "slice": "eMBB",
        "lat_ms": 14,
        "jitter_ms": 3,
        "loss_pct": 0.2,
        "throughput_mbps": 800,
        "edge_load": 0.4
      }
    },
    {
      "turn": 3,
      "speaker": "agent",
      "intent": "adjust_altitude_for_thermal_imaging",
      "actions": [
        {
          "type": "mcp",
          "name": "set_altitude",
          "args": {
            "target_z": 75.0
          }
        },
        {
          "type": "mcp",
          "name": "activate_sensor",
          "args": {
            "sensor": "thermal"
          }
        }
      ],
      "obs": [
        {
          "tool": "set_altitude",
          "result": {
            "status": "executing",
            "target": 75.0,
            "current": 62.0
          }
        },
        {
          "tool": "activate_sensor",
          "result": {
            "sensor": "thermal",
            "status": "active"
          }
        }
      ],
      "net": {
        "slice": "URLLC",
        "lat_ms": 8,
        "jitter_ms": 1,
        "loss_pct": 0.05,
        "throughput_mbps": 120,
        "edge_load": 0.25
      }
    },
    {
      "turn": 4,
      "speaker": "user",
      "intent": "request_high_res_visual",
      "actions": [
        {
          "type": "mcp",
          "name": "activate_sensor",
          "args": {
            "sensor": "rgb"
          }
        },
        {
          "type": "a2a",
          "task": "request_high_res_image",
          "to": "uav_recon_agent",
          "payload": {
            "target_area": {
              "x": 250.0,
              "y": 250.0
            },
            "resolution": "4K"
          }
        }
      ],
      "obs": [
        {
          "tool": "activate_sensor",
          "result": {
            "sensor": "rgb",
            "status": "active"
          }
        },
        {
          "task": "request_high_res_image",
          "from": "uav_recon_agent",
          "status": "processing",
          "payload": {
            "eta_seconds": 15
          }
        }
      ],
      "net": {
        "slice": "eMBB",
        "lat_ms": 16,
        "jitter_ms": 4,
        "loss_pct": 0.3,
        "throughput_mbps": 750,
        "edge_load": 0.5
      }
    },
    {
      "turn": 5,
      "speaker": "agent",
      "intent": "detect_network_degradation_and_adapt",
      "actions": [
        {
          "type": "mcp",
          "name": "read_network_metrics",
          "args": {}
        },
        {
          "type": "mcp",
          "name": "reduce_streaming_resolution",
          "args": {
            "stream": "video",
            "target": "720p"
          }
        }
      ],
      "obs": [
        {
          "tool": "read_network_metrics",
          "result": {
            "slice": "eMBB",
            "lat_ms": 45,
            "jitter_ms": 12,
            "loss_pct": 5.2,
            "throughput_mbps": 200,
            "edge_load": 0.85
          }
        },
        {
          "tool": "reduce_streaming_resolution",
          "result": {
            "stream": "video",
            "from": "4K",
            "to": "720p",
            "status": "applied"
          }
        }
      ],
      "net": {
        "slice": "mMTC",
        "lat_ms": 48,
        "jitter_ms": 14,
        "loss_pct": 5.5,
        "throughput_mbps": 1.5,
        "edge_load": 0.88
      }
    },
    {
      "turn": 6,
      "speaker": "user",
      "intent": "instruct_return_if_unstable",
      "actions": [
        {
          "type": "mcp",
          "name": "check_uav_stability",
          "args": {}
        }
      ],
      "obs": [
        {
          "tool": "check_uav_stability",
          "result": {
            "attitude_stable": true,
            "wind_impact": "moderate",
            "control_response": "normal"
          }
        }
      ],
      "net": {
        "slice": "URLLC",
        "lat_ms": 9,
        "jitter_ms": 1,
        "loss_pct": 0.08,
        "throughput_mbps": 100,
        "edge_load": 0.3
      }
    },
    {
      "turn": 7,
      "speaker": "agent",
      "intent": "resume_survey_with_adapted_sensors",
      "actions": [
        {
          "type": "mcp",
          "name": "capture_image",
          "args": {
            "sensor": "thermal",
            "target": {
              "x": 300.0,
              "y": 300.0
            }
          }
        },
        {
          "type": "a2a",
          "task": "relay_data",
          "to": "satellite_agent",
          "payload": {
            "data_type": "thermal_image",
            "size_mb": 4.2,
            "priority": "high"
          }
        }
      ],
      "obs": [
        {
          "tool": "capture_image",
          "result": {
            "sensor": "thermal",
            "status": "captured",
            "file": "thermal_003.jpg"
          }
        },
        {
          "task": "relay_data",
          "from": "satellite_agent",
          "status": "queued",
          "payload": {
            "estimated_transmit_time": 8
          }
        }
      ],
      "net": {
        "slice": "URLLC",
        "lat_ms": 10,
        "jitter_ms": 1.5,
        "loss_pct": 0.1,
        "throughput_mbps": 95,
        "edge_load": 0.32
      }
    },
    {
      "turn": 8,
      "speaker": "user",
      "intent": "approve_waypoint_advance",
      "actions": [
        {
          "type": "mcp",
          "name": "set_waypoint",
          "args": {
            "x": 400.0,
            "y": 400.0,
            "z": 90.0
          }
        }
      ],
      "obs": [
        {
          "tool": "set_waypoint",
          "result": {
            "status": "accepted",
            "target": {
              "x": 400.0,
              "y": 400.0,
              "z": 90.0
            }
          }
        }
      ],
      "net": {
        "slice": "URLLC",
        "lat_ms": 7,
        "jitter_ms": 0.8,
        "loss_pct": 0.05,
        "throughput_mbps": 110,
        "edge_load": 0.28
      }
    },
    {
      "turn": 9,
      "speaker": "agent",
      "intent": "perform_mid_mission_telemetry_check",
      "actions": [
        {
          "type": "mcp",
          "name": "read_telemetry",
          "args": {}
        },
        {
          "type": "a2a",
          "task": "update_swarm_position",
          "to": "uav_swarm_agent",
          "payload": {
            "current_pose": {
              "x": 380.0,
              "y": 380.0,
              "z": 88.0
            }
          }
        }
      ],
      "obs": [
        {
          "tool": "read_telemetry",
          "result": {
            "pose": {
              "x": 380.0,
              "y": 380.0,
              "z": 88.0
            },
            "battery_pct": 76.0,
            "speed_mps": 16.5
          }
        },
        {
          "task": "update_swarm_position",
          "from": "uav_swarm_agent",
          "status": "updated",
          "payload": {
            "next_waypoint": "final_approach"
          }
        }
      ],
      "net": {
        "slice": "URLLC",
        "lat_ms": 8,
        "jitter_ms": 1.2,
        "loss_pct": 0.07,
        "throughput_mbps": 105,
        "edge_load": 0.3
      }
    },
    {
      "turn": 10,
      "speaker": "user",
      "intent": "initiate_return_sequence",
      "actions": [
        {
          "type": "mcp",
          "name": "set_return_path",
          "args": {
            "mode": "direct",
            "safe_alt": 60.0
          }
        }
      ],
      "obs": [
        {
          "tool": "set_return_path",
          "result": {
            "status": "initiated",
            "path": "direct",
            "waypoints": [
              {
                "x": 120.0,
                "y": 120.0,
                "z": 60.0
              }
            ]
          }
        }
      ],
      "net": {
        "slice": "URLLC",
        "lat_ms": 9,
        "jitter_ms": 1.1,
        "loss_pct": 0.06,
        "throughput_mbps": 100,
        "edge_load": 0.31
      }
    },
    {
      "turn": 11,
      "speaker": "agent",
      "intent": "land_and_power_down",
      "actions": [
        {
          "type": "mcp",
          "name": "land",
          "args": {
            "precision": true
          }
        },
        {
          "type": "mcp",
          "name": "deactivate_sensor",
          "args": {
            "sensor": "thermal"
          }
        }
      ],
      "obs": [
        {
          "tool": "land",
          "result": {
            "status": "completed",
            "final_pose": {
              "x": 120.0,
              "y": 120.0,
              "z": 0.0
            }
          }
        },
        {
          "tool": "deactivate_sensor",
          "result": {
            "sensor": "thermal",
            "status": "off"
          }
        }
      ],
      "net": {
        "slice": "URLLC",
        "lat_ms": 6,
        "jitter_ms": 0.5,
        "loss_pct": 0.02,
        "throughput_mbps": 120,
        "edge_load": 0.2
      }
    }
  ],
  "final_state": {
    "domain": "uav",
    "time_s": 125.0,
    "env": {
      "weather": "heat_haze,ash_suspension",
      "wind_mps": 8.5,
      "wind_dir_deg": 210.0
    },
    "airspace": {
      "alt_bounds": [
        20.0,
        180.0
      ],
      "geofence": [
        {
          "type": "polygon",
          "points": [
            [
              100.0,
              100.0
            ],
            [
              500.0,
              100.0
            ],
            [
              500.0,
              500.0
            ],
            [
              100.0,
              500.0
            ]
          ]
        }
      ]
    },
    "uav": {
      "pose": {
        "x": 120.0,
        "y": 120.0,
        "z": 0.0,
        "yaw": 90.0
      },
      "speed_mps": 0.0,
      "energy": {
        "battery_pct": 68.0
      },
      "sensors": {
        "rgb": "ok",
        "thermal": "ok",
        "lidar": "offline",
        "radar": "offline",
        "gnss": "ok",
        "imu": "ok",
        "magnetometer": "ok",
        "barometer": "ok"
      },
      "payloads": []
    },
    "policy": {
      "alt_bounds": [
        20.0,
        180.0
      ]
    },
    "safety_flags": {
      "nfz_violation": false,
      "separation_breach": false
    }
  },
  "success": true,
  "_meta": {
    "seed": 42,
    "ts": 1763727658,
    "ts_iso": "2025-11-21T12:20:58Z",
    "gen_time_s": 186.76526260375977,
    "attempts_used": 1,
    "generation_failed": false,
    "usage": {
      "prompt_tokens": 1076,
      "completion_tokens": 4050,
      "total_tokens": 5126,
      "cost": 0.00244584,
      "is_byok": false,
      "prompt_tokens_details": {
        "cached_tokens": 0,
        "audio_tokens": 0,
        "video_tokens": 0
      },
      "cost_details": {
        "upstream_inference_cost": null,
        "upstream_inference_prompt_cost": 9.684e-05,
        "upstream_inference_completions_cost": 0.002349
      },
      "completion_tokens_details": {
        "reasoning_tokens": 0,
        "image_tokens": 0
      }
    }
  }
}