{
  "initial_state": {
    "domain": "uav",
    "time_s": 0.0,
    "env": {
      "weather": "icing",
      "wind_mps": 8.5,
      "wind_dir_deg": 240.0
    },
    "airspace": {
      "alt_bounds": [
        30.0,
        300.0
      ],
      "geofence": [
        {
          "type": "polygon",
          "points": [
            [
              0.0,
              0.0
            ],
            [
              2000.0,
              0.0
            ],
            [
              2000.0,
              1500.0
            ],
            [
              0.0,
              1500.0
            ]
          ]
        }
      ]
    },
    "uav": {
      "pose": {
        "x": 100.0,
        "y": 100.0,
        "z": 50.0,
        "yaw": 90.0
      },
      "speed_mps": 35.0,
      "energy": {
        "battery_pct": 100.0
      },
      "sensors": {
        "rgb": "ok",
        "thermal": "ok",
        "lidar": "ok",
        "radar": "offline",
        "gnss": "ok",
        "imu": "ok",
        "magnetometer": "ok",
        "barometer": "ok"
      },
      "payloads": []
    },
    "policy": {
      "alt_bounds": [
        30.0,
        300.0
      ]
    },
    "safety_flags": {
      "nfz_violation": false,
      "separation_breach": false
    }
  },
  "dialogue": [
    {
      "turn": 1,
      "speaker": "agent",
      "intent": "initiate mission and check telemetry",
      "actions": [
        {
          "type": "mcp",
          "name": "read_telemetry",
          "args": {}
        }
      ],
      "obs": [
        {
          "tool": "read_telemetry",
          "result": {
            "pose": {
              "x": 100.0,
              "y": 100.0,
              "z": 50.0,
              "yaw": 90.0
            },
            "speed_mps": 35.0,
            "battery_pct": 100.0,
            "sensors": {
              "radar": "offline"
            }
          }
        }
      ],
      "net": {
        "slice": "eMBB",
        "lat_ms": 12,
        "jitter_ms": 2,
        "loss_pct": 0.1,
        "throughput_mbps": 850,
        "edge_load": 0.45
      }
    },
    {
      "turn": 2,
      "speaker": "user",
      "intent": "request radar diagnostics and reroute plan",
      "actions": [
        {
          "type": "mcp",
          "name": "run_diagnostic",
          "args": {
            "system": "radar"
          }
        }
      ],
      "obs": [
        {
          "tool": "run_diagnostic",
          "result": {
            "system": "radar",
            "status": "failed",
            "error": "icing on antenna array"
          }
        }
      ],
      "net": {
        "slice": "URLLC",
        "lat_ms": 8,
        "jitter_ms": 1,
        "loss_pct": 0.05,
        "throughput_mbps": 120,
        "edge_load": 0.3
      }
    },
    {
      "turn": 3,
      "speaker": "agent",
      "intent": "coordinate swarm for alternate sensing",
      "actions": [
        {
          "type": "a2a",
          "task": "request_thermal_tracking",
          "to": "uav_swarm_agent",
          "payload": {
            "target_area": {
              "x": 1500,
              "y": 750
            },
            "priority": "high"
          }
        }
      ],
      "obs": [
        {
          "task": "request_thermal_tracking",
          "from": "uav_swarm_agent",
          "status": "acknowledged",
          "payload": {
            "estimated_arrival": 45,
            "confidence": 0.92
          }
        }
      ],
      "net": {
        "slice": "URLLC",
        "lat_ms": 9,
        "jitter_ms": 1.5,
        "loss_pct": 0.08,
        "throughput_mbps": 110,
        "edge_load": 0.35
      }
    },
    {
      "turn": 4,
      "speaker": "user",
      "intent": "approve ascent and adjust speed",
      "actions": [
        {
          "type": "mcp",
          "name": "set_speed",
          "args": {
            "speed_mps": 28.0
          }
        },
        {
          "type": "mcp",
          "name": "set_altitude",
          "args": {
            "z": 120.0
          }
        }
      ],
      "obs": [
        {
          "tool": "set_speed",
          "result": {
            "achieved": 28.0,
            "status": "stable"
          }
        },
        {
          "tool": "set_altitude",
          "result": {
            "target": 120.0,
            "status": "climbing"
          }
        }
      ],
      "net": {
        "slice": "eMBB",
        "lat_ms": 14,
        "jitter_ms": 3,
        "loss_pct": 0.2,
        "throughput_mbps": 800,
        "edge_load": 0.5
      }
    },
    {
      "turn": 5,
      "speaker": "agent",
      "intent": "initiate visual convoy scan",
      "actions": [
        {
          "type": "mcp",
          "name": "capture_rgb",
          "args": {
            "area": "convoy_approach",
            "resolution": "4k"
          }
        }
      ],
      "obs": [
        {
          "tool": "capture_rgb",
          "result": {
            "status": "success",
            "image_id": "rgb_0017",
            "vehicles_detected": 6,
            "confidence": 0.96
          }
        }
      ],
      "net": {
        "slice": "eMBB",
        "lat_ms": 16,
        "jitter_ms": 4,
        "loss_pct": 0.3,
        "throughput_mbps": 750,
        "edge_load": 0.55
      }
    },
    {
      "turn": 6,
      "speaker": "user",
      "intent": "report network degradation and request fallback",
      "actions": [],
      "obs": [],
      "net": {
        "slice": "mMTC",
        "lat_ms": 120,
        "jitter_ms": 25,
        "loss_pct": 5.0,
        "throughput_mbps": 1.2,
        "edge_load": 0.85
      }
    },
    {
      "turn": 7,
      "speaker": "agent",
      "intent": "reduce sensing load and switch to periodic pings",
      "actions": [
        {
          "type": "mcp",
          "name": "set_sensor_mode",
          "args": {
            "sensor": "rgb",
            "mode": "low_res_timelapse",
            "interval_s": 30
          }
        },
        {
          "type": "mcp",
          "name": "send_ping",
          "args": {}
        }
      ],
      "obs": [
        {
          "tool": "set_sensor_mode",
          "result": {
            "sensor": "rgb",
            "mode": "low_res_timelapse",
            "interval_s": 30
          }
        },
        {
          "tool": "send_ping",
          "result": {
            "latency_ms": 118,
            "status": "received"
          }
        }
      ],
      "net": {
        "slice": "mMTC",
        "lat_ms": 118,
        "jitter_ms": 22,
        "loss_pct": 4.8,
        "throughput_mbps": 1.3,
        "edge_load": 0.82
      }
    },
    {
      "turn": 8,
      "speaker": "user",
      "intent": "authorize return to base due to weather",
      "actions": [
        {
          "type": "mcp",
          "name": "set_waypoint",
          "args": {
            "x": 100.0,
            "y": 100.0,
            "z": 45.0
          }
        }
      ],
      "obs": [
        {
          "tool": "set_waypoint",
          "result": {
            "waypoint": {
              "x": 100.0,
              "y": 100.0,
              "z": 45.0
            },
            "eta_s": 132,
            "status": "accepted"
          }
        }
      ],
      "net": {
        "slice": "URLLC",
        "lat_ms": 10,
        "jitter_ms": 1.2,
        "loss_pct": 0.1,
        "throughput_mbps": 150,
        "edge_load": 0.38
      }
    },
    {
      "turn": 9,
      "speaker": "agent",
      "intent": "confirm safe return trajectory",
      "actions": [
        {
          "type": "mcp",
          "name": "check_geofence",
          "args": {}
        },
        {
          "type": "mcp",
          "name": "read_telemetry",
          "args": {}
        }
      ],
      "obs": [
        {
          "tool": "check_geofence",
          "result": {
            "status": "within_bounds",
            "distance_to_boundary": 100.0
          }
        },
        {
          "tool": "read_telemetry",
          "result": {
            "pose": {
              "x": 890.0,
              "y": 670.0,
              "z": 110.0
            },
            "battery_pct": 78.3,
            "speed_mps": 28.0
          }
        }
      ],
      "net": {
        "slice": "URLLC",
        "lat_ms": 9,
        "jitter_ms": 1,
        "loss_pct": 0.07,
        "throughput_mbps": 140,
        "edge_load": 0.33
      }
    }
  ],
  "final_state": {
    "domain": "uav",
    "time_s": 132.0,
    "env": {
      "weather": "icing",
      "wind_mps": 8.5,
      "wind_dir_deg": 240.0
    },
    "airspace": {
      "alt_bounds": [
        30.0,
        300.0
      ],
      "geofence": [
        {
          "type": "polygon",
          "points": [
            [
              0.0,
              0.0
            ],
            [
              2000.0,
              0.0
            ],
            [
              2000.0,
              1500.0
            ],
            [
              0.0,
              1500.0
            ]
          ]
        }
      ]
    },
    "uav": {
      "pose": {
        "x": 100.0,
        "y": 100.0,
        "z": 45.0,
        "yaw": 270.0
      },
      "speed_mps": 0.0,
      "energy": {
        "battery_pct": 72.5
      },
      "sensors": {
        "rgb": "ok",
        "thermal": "ok",
        "lidar": "ok",
        "radar": "offline",
        "gnss": "ok",
        "imu": "ok",
        "magnetometer": "ok",
        "barometer": "ok"
      },
      "payloads": []
    },
    "policy": {
      "alt_bounds": [
        30.0,
        300.0
      ]
    },
    "safety_flags": {
      "nfz_violation": false,
      "separation_breach": false
    }
  },
  "success": true,
  "_meta": {
    "seed": 42,
    "ts": 1763820926,
    "ts_iso": "2025-11-22T14:15:26Z",
    "gen_time_s": 51.969478130340576,
    "attempts_used": 1,
    "generation_failed": false,
    "usage": {
      "prompt_tokens": 1062,
      "completion_tokens": 3017,
      "total_tokens": 4079,
      "cost": 0.00253108,
      "is_byok": false,
      "prompt_tokens_details": {
        "cached_tokens": 1056,
        "audio_tokens": 0,
        "video_tokens": 0
      },
      "cost_details": {
        "upstream_inference_cost": null,
        "upstream_inference_prompt_cost": 0.00011748,
        "upstream_inference_completions_cost": 0.0024136
      },
      "completion_tokens_details": {
        "reasoning_tokens": 0,
        "image_tokens": 0
      }
    }
  }
}