{
  "initial_state": {
    "domain": "uav",
    "time_s": 0.0,
    "env": {
      "weather": "icing",
      "wind_mps": 8.0,
      "wind_dir_deg": 270.0
    },
    "airspace": {
      "alt_bounds": [
        15.0,
        120.0
      ],
      "geofence": [
        {
          "type": "polygon",
          "points": [
            [
              0,
              0
            ],
            [
              800,
              0
            ],
            [
              800,
              600
            ],
            [
              0,
              600
            ]
          ]
        }
      ]
    },
    "uav": {
      "pose": {
        "x": 100.0,
        "y": 100.0,
        "z": 30.0,
        "yaw": 90.0
      },
      "speed_mps": 18.0,
      "energy": {
        "battery_pct": 100.0
      },
      "sensors": {
        "rgb": "ok",
        "thermal": "ok",
        "lidar": "ok",
        "radar": "offline",
        "gnss": "ok",
        "imu": "ok",
        "magnetometer": "ok",
        "barometer": "ok"
      },
      "payloads": []
    },
    "policy": {
      "alt_bounds": [
        15.0,
        120.0
      ]
    },
    "safety_flags": {
      "nfz_violation": false,
      "separation_breach": false
    }
  },
  "dialogue": [
    {
      "turn": 1,
      "speaker": "agent",
      "intent": "initiate mission and check telemetry",
      "actions": [
        {
          "type": "mcp",
          "name": "read_telemetry",
          "args": {}
        }
      ],
      "obs": [
        {
          "tool": "read_telemetry",
          "result": {
            "pose": {
              "x": 100.0,
              "y": 100.0,
              "z": 30.0,
              "yaw": 90.0
            },
            "speed_mps": 18.0,
            "battery_pct": 100.0,
            "sensors": {
              "radar": "offline"
            }
          }
        }
      ],
      "net": {
        "slice": "URLLC",
        "lat_ms": 3.2,
        "jitter_ms": 0.8,
        "loss_pct": 0.01,
        "throughput_mbps": 50,
        "edge_load": 0.35
      }
    },
    {
      "turn": 2,
      "speaker": "user",
      "intent": "confirm radar issue and request repair",
      "actions": [
        {
          "type": "mcp",
          "name": "repair_sensor",
          "args": {
            "sensor": "radar"
          }
        }
      ],
      "obs": [
        {
          "tool": "repair_sensor",
          "result": {
            "sensor": "radar",
            "status": "repairing",
            "eta_s": 15
          }
        }
      ],
      "net": {
        "slice": "eMBB",
        "lat_ms": 12.5,
        "jitter_ms": 3.0,
        "loss_pct": 0.1,
        "throughput_mbps": 120,
        "edge_load": 0.65
      }
    },
    {
      "turn": 3,
      "speaker": "agent",
      "intent": "initiate swarm coordination for path planning",
      "actions": [
        {
          "type": "a2a",
          "task": "path_plan",
          "to": "uav_swarm_agent",
          "payload": {
            "target": [
              700,
              500
            ],
            "uav_id": "uav_01"
          }
        }
      ],
      "obs": [
        {
          "task": "path_plan",
          "from": "uav_swarm_agent",
          "status": "ok",
          "payload": {
            "route": [
              [
                100,
                100
              ],
              [
                300,
                200
              ],
              [
                500,
                400
              ],
              [
                700,
                500
              ]
            ],
            "eta_s": 85
          }
        }
      ],
      "net": {
        "slice": "URLLC",
        "lat_ms": 4.1,
        "jitter_ms": 1.0,
        "loss_pct": 0.02,
        "throughput_mbps": 45,
        "edge_load": 0.4
      }
    },
    {
      "turn": 4,
      "speaker": "user",
      "intent": "request thermal imaging at waypoint",
      "actions": [
        {
          "type": "mcp",
          "name": "capture_thermal",
          "args": {
            "location": [
              300,
              200
            ],
            "resolution": "high"
          }
        }
      ],
      "obs": [
        {
          "tool": "capture_thermal",
          "result": {
            "status": "success",
            "data_uri": "thermal_uav01_wp1_300x200.tiff",
            "anomalies_detected": 1
          }
        }
      ],
      "net": {
        "slice": "eMBB",
        "lat_ms": 14.0,
        "jitter_ms": 3.5,
        "loss_pct": 0.15,
        "throughput_mbps": 110,
        "edge_load": 0.7
      }
    },
    {
      "turn": 5,
      "speaker": "agent",
      "intent": "detect network degradation and adapt",
      "actions": [
        {
          "type": "mcp",
          "name": "read_telemetry",
          "args": {}
        }
      ],
      "obs": [
        {
          "tool": "read_telemetry",
          "result": {
            "battery_pct": 92.5,
            "z": 45.0,
            "x": 305.0,
            "y": 198.0
          }
        }
      ],
      "net": {
        "slice": "mMTC",
        "lat_ms": 25.0,
        "jitter_ms": 10.0,
        "loss_pct": 1.2,
        "throughput_mbps": 1.5,
        "edge_load": 0.85
      }
    },
    {
      "turn": 6,
      "speaker": "user",
      "intent": "abort high-bandwidth tasks due to poor link",
      "actions": [
        {
          "type": "mcp",
          "name": "set_video_streaming",
          "args": {
            "enabled": false
          }
        }
      ],
      "obs": [
        {
          "tool": "set_video_streaming",
          "result": {
            "status": "disabled",
            "bandwidth_saved_mbps": 40
          }
        }
      ],
      "net": {
        "slice": "mMTC",
        "lat_ms": 27.0,
        "jitter_ms": 12.0,
        "loss_pct": 1.5,
        "throughput_mbps": 1.2,
        "edge_load": 0.88
      }
    },
    {
      "turn": 7,
      "speaker": "agent",
      "intent": "resume coordination using low-latency slice",
      "actions": [
        {
          "type": "a2a",
          "task": "collision_avoidance",
          "to": "uav_swarm_agent",
          "payload": {
            "current_position": [
              305,
              198,
              45
            ],
            "velocity": [
              18,
              0.5
            ]
          }
        }
      ],
      "obs": [
        {
          "task": "collision_avoidance",
          "from": "uav_swarm_agent",
          "status": "ok",
          "payload": {
            "recommended_heading": 85,
            "safe": true
          }
        }
      ],
      "net": {
        "slice": "URLLC",
        "lat_ms": 3.8,
        "jitter_ms": 0.9,
        "loss_pct": 0.03,
        "throughput_mbps": 48,
        "edge_load": 0.38
      }
    },
    {
      "turn": 8,
      "speaker": "user",
      "intent": "approve final approach",
      "actions": [
        {
          "type": "mcp",
          "name": "set_heading",
          "args": {
            "degrees": 85
          }
        }
      ],
      "obs": [
        {
          "tool": "set_heading",
          "result": {
            "status": "executing",
            "target_yaw": 85
          }
        }
      ],
      "net": {
        "slice": "URLLC",
        "lat_ms": 3.5,
        "jitter_ms": 0.7,
        "loss_pct": 0.01,
        "throughput_mbps": 52,
        "edge_load": 0.33
      }
    },
    {
      "turn": 9,
      "speaker": "agent",
      "intent": "verify final position and battery",
      "actions": [
        {
          "type": "mcp",
          "name": "read_telemetry",
          "args": {}
        }
      ],
      "obs": [
        {
          "tool": "read_telemetry",
          "result": {
            "pose": {
              "x": 698.0,
              "y": 497.0,
              "z": 50.0,
              "yaw": 85.0
            },
            "battery_pct": 78.3,
            "speed_mps": 12.0
          }
        }
      ],
      "net": {
        "slice": "URLLC",
        "lat_ms": 3.3,
        "jitter_ms": 0.8,
        "loss_pct": 0.02,
        "throughput_mbps": 50,
        "edge_load": 0.36
      }
    },
    {
      "turn": 10,
      "speaker": "user",
      "intent": "confirm mission success and return",
      "actions": [
        {
          "type": "mcp",
          "name": "return_to_base",
          "args": {
            "base": [
              100,
              100
            ]
          }
        }
      ],
      "obs": [
        {
          "tool": "return_to_base",
          "result": {
            "status": "initiated",
            "route": [
              [
                698,
                497
              ],
              [
                100,
                100
              ]
            ],
            "eta_s": 75
          }
        }
      ],
      "net": {
        "slice": "URLLC",
        "lat_ms": 3.6,
        "jitter_ms": 0.9,
        "loss_pct": 0.01,
        "throughput_mbps": 49,
        "edge_load": 0.34
      }
    }
  ],
  "final_state": {
    "domain": "uav",
    "time_s": 180.0,
    "env": {
      "weather": "icing",
      "wind_mps": 8.0,
      "wind_dir_deg": 270.0
    },
    "airspace": {
      "alt_bounds": [
        15.0,
        120.0
      ],
      "geofence": [
        {
          "type": "polygon",
          "points": [
            [
              0,
              0
            ],
            [
              800,
              0
            ],
            [
              800,
              600
            ],
            [
              0,
              600
            ]
          ]
        }
      ]
    },
    "uav": {
      "pose": {
        "x": 698.0,
        "y": 497.0,
        "z": 50.0,
        "yaw": 85.0
      },
      "speed_mps": 12.0,
      "energy": {
        "battery_pct": 78.3
      },
      "sensors": {
        "rgb": "ok",
        "thermal": "ok",
        "lidar": "ok",
        "radar": "ok",
        "gnss": "ok",
        "imu": "ok",
        "magnetometer": "ok",
        "barometer": "ok"
      },
      "payloads": []
    },
    "policy": {
      "alt_bounds": [
        15.0,
        120.0
      ]
    },
    "safety_flags": {
      "nfz_violation": false,
      "separation_breach": false
    }
  },
  "success": true,
  "_meta": {
    "seed": 42,
    "ts": 1763937613,
    "ts_iso": "2025-11-23T22:40:13Z",
    "gen_time_s": 107.53437376022339,
    "attempts_used": 2,
    "generation_failed": false,
    "usage": {
      "prompt_tokens": 1097,
      "completion_tokens": 3087,
      "total_tokens": 4184,
      "cost": 0.00263878,
      "is_byok": false,
      "prompt_tokens_details": {
        "cached_tokens": 656,
        "audio_tokens": 0,
        "video_tokens": 0
      },
      "cost_details": {
        "upstream_inference_cost": null,
        "upstream_inference_prompt_cost": 0.00016918,
        "upstream_inference_completions_cost": 0.0024696
      },
      "completion_tokens_details": {
        "reasoning_tokens": 0,
        "image_tokens": 0
      }
    }
  }
}