{
  "initial_state": {
    "domain": "uav",
    "time_s": 0.0,
    "env": {
      "weather": "lightning_risk",
      "wind_mps": 8.5,
      "wind_dir_deg": 240.0
    },
    "airspace": {
      "alt_bounds": [
        1000.0,
        4500.0
      ],
      "geofence": [
        {
          "type": "polygon",
          "points": [
            [
              500,
              500
            ],
            [
              500,
              2500
            ],
            [
              3000,
              2500
            ],
            [
              3000,
              500
            ]
          ]
        }
      ]
    },
    "uav": {
      "pose": {
        "x": 700.0,
        "y": 700.0,
        "z": 1200.0,
        "yaw": 90.0
      },
      "speed_mps": 35.0,
      "energy": {
        "battery_pct": 100.0
      },
      "sensors": {
        "rgb": "ok",
        "thermal": "ok",
        "lidar": "offline",
        "radar": "ok",
        "gnss": "ok",
        "imu": "ok",
        "magnetometer": "ok",
        "barometer": "ok"
      },
      "payloads": []
    },
    "policy": {
      "alt_bounds": [
        1000.0,
        4500.0
      ]
    },
    "safety_flags": {
      "nfz_violation": false,
      "separation_breach": false
    }
  },
  "dialogue": [
    {
      "turn": 1,
      "speaker": "agent",
      "intent": "initiate_mission",
      "actions": [
        {
          "type": "mcp",
          "name": "read_telemetry",
          "args": {}
        },
        {
          "type": "a2a",
          "task": "status_check",
          "to": "uav_swarm_agent",
          "payload": {
            "uav_id": "uav-01",
            "status": "standby"
          }
        }
      ],
      "obs": [
        {
          "tool": "read_telemetry",
          "result": {
            "pose": {
              "x": 700.0,
              "y": 700.0,
              "z": 1200.0
            },
            "battery_pct": 100.0,
            "speed_mps": 35.0
          }
        },
        {
          "task": "status_check",
          "from": "uav_swarm_agent",
          "status": "ok",
          "payload": {
            "response": "all_clear"
          }
        }
      ],
      "net": {
        "slice": "URLLC",
        "lat_ms": 5,
        "jitter_ms": 1,
        "loss_pct": 0.1,
        "throughput_mbps": 50,
        "edge_load": 0.3
      }
    },
    {
      "turn": 2,
      "speaker": "user",
      "intent": "confirm_mission_start",
      "actions": [
        {
          "type": "mcp",
          "name": "set_waypoint",
          "args": {
            "x": 2000,
            "y": 2000,
            "z": 3000
          }
        }
      ],
      "obs": [
        {
          "tool": "set_waypoint",
          "result": {
            "status": "accepted",
            "eta_s": 65
          }
        }
      ],
      "net": {
        "slice": "eMBB",
        "lat_ms": 20,
        "jitter_ms": 5,
        "loss_pct": 0.5,
        "throughput_mbps": 120,
        "edge_load": 0.6
      }
    },
    {
      "turn": 3,
      "speaker": "agent",
      "intent": "navigate_to_waypoint",
      "actions": [
        {
          "type": "mcp",
          "name": "execute_maneuver",
          "args": {
            "maneuver": "climb_and_head_east",
            "target": {
              "x": 2000,
              "y": 2000,
              "z": 3000
            }
          }
        },
        {
          "type": "a2a",
          "task": "collision_avoidance",
          "to": "uav_swarm_agent",
          "payload": {
            "current_pose": {
              "x": 700,
              "y": 700,
              "z": 1200
            },
            "target": {
              "x": 2000,
              "y": 2000,
              "z": 3000
            }
          }
        }
      ],
      "obs": [
        {
          "tool": "execute_maneuver",
          "result": {
            "status": "in_progress",
            "current_alt": 1800
          }
        },
        {
          "task": "collision_avoidance",
          "from": "uav_swarm_agent",
          "status": "ok",
          "payload": {
            "recommended_alt": 3000,
            "conflict_risk": 0.02
          }
        }
      ],
      "net": {
        "slice": "URLLC",
        "lat_ms": 6,
        "jitter_ms": 1.2,
        "loss_pct": 0.2,
        "throughput_mbps": 45,
        "edge_load": 0.4
      }
    },
    {
      "turn": 4,
      "speaker": "user",
      "intent": "request_sensor_update",
      "actions": [
        {
          "type": "mcp",
          "name": "activate_sensor",
          "args": {
            "sensor": "thermal"
          }
        }
      ],
      "obs": [
        {
          "tool": "activate_sensor",
          "result": {
            "sensor": "thermal",
            "status": "active"
          }
        }
      ],
      "net": {
        "slice": "eMBB",
        "lat_ms": 25,
        "jitter_ms": 8,
        "loss_pct": 1.0,
        "throughput_mbps": 100,
        "edge_load": 0.7
      }
    },
    {
      "turn": 5,
      "speaker": "agent",
      "intent": "detect_anomaly",
      "actions": [
        {
          "type": "mcp",
          "name": "scan_area",
          "args": {
            "mode": "thermal",
            "radius_m": 300
          }
        }
      ],
      "obs": [
        {
          "tool": "scan_area",
          "result": {
            "anomalies": [
              {
                "type": "heat_signature",
                "x": 2100,
                "y": 1950,
                "confidence": 0.87
              }
            ]
          }
        }
      ],
      "net": {
        "slice": "URLLC",
        "lat_ms": 7,
        "jitter_ms": 1.5,
        "loss_pct": 0.3,
        "throughput_mbps": 40,
        "edge_load": 0.5
      }
    },
    {
      "turn": 6,
      "speaker": "user",
      "intent": "investigate_anomaly",
      "actions": [
        {
          "type": "mcp",
          "name": "set_waypoint",
          "args": {
            "x": 2100,
            "y": 1950,
            "z": 2800
          }
        }
      ],
      "obs": [
        {
          "tool": "set_waypoint",
          "result": {
            "status": "accepted",
            "eta_s": 20
          }
        }
      ],
      "net": {
        "slice": "mMTC",
        "lat_ms": 100,
        "jitter_ms": 20,
        "loss_pct": 5.0,
        "throughput_mbps": 1,
        "edge_load": 0.9
      }
    },
    {
      "turn": 7,
      "speaker": "agent",
      "intent": "adjust_for_network_degradation",
      "actions": [
        {
          "type": "mcp",
          "name": "read_telemetry",
          "args": {}
        }
      ],
      "obs": [
        {
          "tool": "read_telemetry",
          "result": {
            "pose": {
              "x": 1950,
              "y": 1900,
              "z": 2750
            },
            "battery_pct": 92.3,
            "speed_mps": 30.0
          }
        }
      ],
      "net": {
        "slice": "URLLC",
        "lat_ms": 8,
        "jitter_ms": 2,
        "loss_pct": 0.4,
        "throughput_mbps": 35,
        "edge_load": 0.6
      }
    },
    {
      "turn": 8,
      "speaker": "user",
      "intent": "confirm_target",
      "actions": [
        {
          "type": "mcp",
          "name": "capture_image",
          "args": {
            "sensor": "rgb",
            "target": {
              "x": 2100,
              "y": 1950
            }
          }
        }
      ],
      "obs": [
        {
          "tool": "capture_image",
          "result": {
            "status": "success",
            "image_id": "img_2100_1950_8",
            "analysis": "civilian_campsite"
          }
        }
      ],
      "net": {
        "slice": "eMBB",
        "lat_ms": 30,
        "jitter_ms": 10,
        "loss_pct": 0.8,
        "throughput_mbps": 90,
        "edge_load": 0.65
      }
    },
    {
      "turn": 9,
      "speaker": "agent",
      "intent": "assess_safety_and_return",
      "actions": [
        {
          "type": "mcp",
          "name": "check_geofence",
          "args": {}
        },
        {
          "type": "a2a",
          "task": "return_plan",
          "to": "uav_swarm_agent",
          "payload": {
            "return_route": "direct",
            "estimated_battery_on_return": 78
          }
        }
      ],
      "obs": [
        {
          "tool": "check_geofence",
          "result": {
            "inside": true,
            "distance_to_boundary": 450
          }
        },
        {
          "task": "return_plan",
          "from": "uav_swarm_agent",
          "status": "approved",
          "payload": {
            "route_id": "return_01"
          }
        }
      ],
      "net": {
        "slice": "URLLC",
        "lat_ms": 6,
        "jitter_ms": 1.1,
        "loss_pct": 0.15,
        "throughput_mbps": 48,
        "edge_load": 0.35
      }
    },
    {
      "turn": 10,
      "speaker": "user",
      "intent": "authorize_return",
      "actions": [
        {
          "type": "mcp",
          "name": "set_waypoint",
          "args": {
            "x": 700,
            "y": 700,
            "z": 1200
          }
        }
      ],
      "obs": [
        {
          "tool": "set_waypoint",
          "result": {
            "status": "accepted",
            "eta_s": 70
          }
        }
      ],
      "net": {
        "slice": "URLLC",
        "lat_ms": 5.5,
        "jitter_ms": 0.9,
        "loss_pct": 0.1,
        "throughput_mbps": 52,
        "edge_load": 0.3
      }
    }
  ],
  "final_state": {
    "domain": "uav",
    "time_s": 250.0,
    "env": {
      "weather": "lightning_risk",
      "wind_mps": 8.5,
      "wind_dir_deg": 240.0
    },
    "airspace": {
      "alt_bounds": [
        1000.0,
        4500.0
      ],
      "geofence": [
        {
          "type": "polygon",
          "points": [
            [
              500,
              500
            ],
            [
              500,
              2500
            ],
            [
              3000,
              2500
            ],
            [
              3000,
              500
            ]
          ]
        }
      ]
    },
    "uav": {
      "pose": {
        "x": 1000.0,
        "y": 1000.0,
        "z": 1500.0,
        "yaw": 270.0
      },
      "speed_mps": 32.0,
      "energy": {
        "battery_pct": 85.0
      },
      "sensors": {
        "rgb": "ok",
        "thermal": "active",
        "lidar": "offline",
        "radar": "ok",
        "gnss": "ok",
        "imu": "ok",
        "magnetometer": "ok",
        "barometer": "ok"
      },
      "payloads": []
    },
    "policy": {
      "alt_bounds": [
        1000.0,
        4500.0
      ]
    },
    "safety_flags": {
      "nfz_violation": false,
      "separation_breach": false
    }
  },
  "success": true,
  "_meta": {
    "seed": 42,
    "ts": 1763676825,
    "ts_iso": "2025-11-20T22:13:45Z",
    "gen_time_s": 70.56730437278748,
    "attempts_used": 1,
    "generation_failed": false,
    "usage": {
      "prompt_tokens": 1075,
      "completion_tokens": 3405,
      "total_tokens": 4480,
      "cost": 0.00289362,
      "is_byok": false,
      "prompt_tokens_details": {
        "cached_tokens": 608,
        "audio_tokens": 0,
        "video_tokens": 0
      },
      "cost_details": {
        "upstream_inference_cost": null,
        "upstream_inference_prompt_cost": 0.00016962,
        "upstream_inference_completions_cost": 0.002724
      },
      "completion_tokens_details": {
        "reasoning_tokens": 0,
        "image_tokens": 0
      }
    }
  }
}