{
  "episode_id": "6gb_prompt_99f47cc1dcf8d868",
  "questions": [
    {
      "task_id": "T1",
      "task_name": "Intent Feasibility Assessment",
      "source_turn": 7,
      "question": "The UAV is currently operating under mMTC slice with 110ms latency, 30ms jitter, 6% loss, and 1.2Mbps throughput while edge load is at 0.85. The mission requires thermal imaging at 2Hz sampling, which consumes 80Mbps and tolerates no more than 50ms latency and 1% loss. The next turn may see edge load rise to 0.92 under worst-case congestion, and thermal sensor recovery is uncertain with 40% probability of failure. If the UAV continues sampling at 2Hz, it risks violating SLA in 1 turn; if it reduces to 0.5Hz, it meets SLA but loses 75% of thermal data fidelity. Switching to URLLC now yields 9ms latency and 0.1% loss but only 130Mbps throughput, which is insufficient for 2Hz sampling. Waiting one turn risks 100% mission failure if edge load hits 0.92 and no slice switch occurs. Which option should be selected?",
      "options": {
        "A": "Continue 2Hz sampling under mMTC; accept 100% SLA violation risk in 1 turn if edge load reaches 0.92.",
        "B": "Reduce sampling to 0.5Hz under mMTC; meet SLA with 25% data fidelity, but risk 100% failure if thermal sensor remains offline.",
        "C": "Switch immediately to URLLC; accept 80Mbps over-subscription (130Mbps available) and 0% data loss, but risk 100% failure if sensor doesn't recover.",
        "D": "Wait one turn for potential network recovery; risk 100% mission failure if edge load hits 0.92 and no slice switch occurs."
      },
      "correct": "B",
      "reason": "Option B minimizes maximum regret by ensuring SLA compliance under worst-case edge load and jitter. Although it sacrifices data fidelity, it avoids mission failure from SLA violation or sensor unreliability. Option A fails under worst-case load. Option C over-subscribes bandwidth and assumes sensor recovery. Option D risks total failure with no mitigation.",
      "rationale_tag": "WORST_CASE_REGRET_MINIMIZATION",
      "difficulty": "very_hard"
    },
    {
      "task_id": "T2",
      "task_name": "Intent Conflict Resolution",
      "source_turn": 7,
      "question": "The UAV is operating under lightning risk with battery at 100 percent and thermal sensor offline. At turn 7, network slice is mMTC with latency 110 ms, jitter 30 ms, loss 6 percent, throughput 1.2 Mbps, and edge load 0.85. The mission intent requires thermal imaging every 5 seconds, but current slice cannot support it. Policy allows altitude up to 12 meters, and UAV is at 3 meters. If the UAV ascends to 10 meters, edge load may increase to 0.92 due to terrain shadowing, and latency may rise to 130 ms under worst-case jitter. If it remains at 3 meters, thermal imaging fails again at turn 8, and battery depletes 3 percent per minute due to idle hovering. If it switches to URLLC now, throughput drops to 130 Mbps but latency drops to 9 ms, though edge load increases to 0.25 and thermal imaging still fails due to prior fault. Which option should be selected?",
      "options": {
        "A": "Ascend to 10 meters and remain on mMTC, accepting higher latency and edge load to preserve battery for future thermal attempts.",
        "B": "Switch immediately to URLLC slice to minimize latency, accepting throughput loss and no thermal imaging, but enabling faster telemetry updates.",
        "C": "Remain at 3 meters on mMTC, reduce sampling to 30 seconds, and wait for network recovery, accepting 3 percent battery loss per minute and no thermal data.",
        "D": "Descend to 1 meter to reduce edge load to 0.75, switch to eMBB for 800 Mbps throughput, and attempt thermal imaging despite 14 ms latency and 0.15 percent loss."
      },
      "correct": "C",
      "reason": "Remaining at 3 meters on mMTC with reduced sampling minimizes immediate battery drain while preserving the option to retry thermal imaging if network recovers. Ascending increases edge load and latency beyond safe margins under worst-case jitter. Switching to URLLC does not resolve the thermal sensor fault and wastes capacity. Descending to 1 meter risks violating minimum altitude policy and does not fix the sensor issue. Future regret is minimized by conserving battery and avoiding irreversible network or altitude commitments.",
      "rationale_tag": "WORST_CASE_BATTERY_CONSERVATION",
      "difficulty": "very_hard"
    },
    {
      "task_id": "T5",
      "task_name": "Slice Switching Decision",
      "source_turn": 7,
      "question": "The UAV is currently operating on mMTC slice with latency 110ms, jitter 30ms, packet loss 6%, throughput 1.2Mbps, and edge load 0.85. The mission requires thermal imaging, which failed to enable on URLLC at turn 8 due to insufficient throughput. The eMBB slice offers 800Mbps throughput but latency 14ms and edge load 0.35. URLLC offers 160Mbps throughput with 6ms latency but edge load 0.18. The policy mandates latency under 20ms for critical control and throughput above 100Mbps for sensor streaming. If network degradation persists for two more turns, and edge load increases by 0.05 per turn on mMTC, which option should be selected to minimize maximum regret while maintaining mission continuity?",
      "options": {
        "A": "Switch to eMBB immediately: latency 14ms is under SLA, throughput 800Mbps exceeds requirement, edge load 0.35 is sustainable for 3 turns.",
        "B": "Stay on mMTC: throughput 1.2Mbps is below requirement, but latency 110ms may still allow basic telemetry; edge load will reach 0.95 in 2 turns.",
        "C": "Switch to URLLC: throughput 160Mbps meets minimum, latency 6ms is optimal, but thermal imaging previously failed under similar conditions.",
        "D": "Switch to eMBB after 1 turn: projected edge load on mMTC will be 0.90, latency may exceed 120ms, risking mission abort."
      },
      "correct": "A",
      "reason": "Switching to eMBB immediately satisfies both latency and throughput SLAs with a large margin. The edge load of 0. 35 allows for three more turns before reaching critical load. Staying on mMTC risks throughput violation and edge overload within two turns. URLLC failed previously for thermal imaging despite meeting throughput, indicating hidden constraints.",
      "rationale_tag": "SLA_COMPLIANCE_WITH_FUTURE_MARGIN",
      "difficulty": "very_hard"
    },
    {
      "task_id": "T6",
      "task_name": "Slice Fairness vs Safety",
      "source_turn": 7,
      "question": "The UAV is operating under lightning risk with wind at 1.5 m/s and is currently using mMTC slice with 110 ms latency, 30 ms jitter, 6% loss, and 1.2 Mbps throughput while edge load is at 0.85. The thermal sensor remains offline, and the mission requires high-fidelity imaging for safety-critical terrain analysis. If the network degrades further by 10% in latency and 20% in loss over the next turn, and the UAV must maintain at least 80% image capture success rate to avoid mission failure, which option should be selected to balance fairness across swarm members while preserving safety margins? Option A prioritizes URLLC for control but caps throughput at 130 Mbps. Option B reverts to eMBB despite higher jitter and 18 ms latency. Option C maintains mMTC with reduced sampling to conserve bandwidth. Option D switches to a hybrid slice with 90 ms latency and 2.5 Mbps throughput but increases edge load to 0.95. Which option should be selected?",
      "options": {
        "A": "Prioritize URLLC for control with 9 ms latency and 130 Mbps throughput, accepting reduced imaging fidelity.",
        "B": "Revert to eMBB with 14 ms latency and 800 Mbps throughput, risking jitter-induced frame loss.",
        "C": "Maintain mMTC with 110 ms latency and 1.2 Mbps throughput, reducing sampling to 1 Hz to conserve bandwidth.",
        "D": "Switch to hybrid slice with 90 ms latency and 2.5 Mbps throughput, increasing edge load to 0.95."
      },
      "correct": "D",
      "reason": "The hybrid slice provides sufficient throughput to maintain image capture success above 80% even under projected degradation. It avoids the throughput ceiling of URLLC and the high jitter of eMBB. Although edge load increases to 0. 95, it remains below the critical threshold of 1. 0.",
      "rationale_tag": "WORST_CASE_THROUGHPUT_MARGIN",
      "difficulty": "very_hard"
    },
    {
      "task_id": "T7",
      "task_name": "Compute Placement Decision",
      "source_turn": 7,
      "question": "The UAV is currently operating under mMTC slice with 110ms latency, 30ms jitter, 6% packet loss, and 1.2Mbps throughput while edge load is at 85%. The mission requires thermal imaging inference with SLA of 50ms latency and 99.9% reliability. Thermal sensor is offline due to heater fault but can be re-enabled with 2s warm-up. Edge inference would consume 0.85 edge_load units per inference, while onboard inference consumes 0.15 battery_pct per inference. Battery is at 85% and depletes at 0.5% per minute. If network degrades further to 150ms latency and 10% loss next turn, onboard inference will take 120ms due to CPU throttling. Which option should be selected?",
      "options": {
        "A": "Use edge inference now; it meets SLA with 0.85 edge_load and 110ms latency, and edge load will drop to 0.7 next turn if network recovers.",
        "B": "Use onboard inference now; it consumes only 0.15 battery_pct and avoids network dependency, though latency is 120ms under current throttling.",
        "C": "Delay inference for 2s to warm up thermal sensor and use edge inference next turn; projected edge_load will be 0.75 and latency 90ms if network improves slightly.",
        "D": "Switch to URLLC slice now; latency drops to 9ms but throughput is only 130Mbps, insufficient for thermal data; edge_load would rise to 0.9 under peak load."
      },
      "correct": "B",
      "reason": "Onboard inference avoids network dependency which is degrading and may violate SLA next turn. Although current latency is 120ms, it is acceptable under worst-case throttling and does not risk edge overload. Battery cost is minimal at 0. 15 per inference and 85% remaining allows 50+ inferences. Edge inference would push load to 0.",
      "rationale_tag": "WORST_CASE_ONBOARD_SAFETY",
      "difficulty": "very_hard"
    },
    {
      "task_id": "T8",
      "task_name": "Graceful Degradation under Edge Overload",
      "source_turn": 7,
      "question": "The UAV is currently operating under mMTC slice with edge_load at 0.85, latency at 110 ms, and packet loss at 6.0%. The SLA requires latency under 100 ms and loss under 5.0% for autonomous navigation. The thermal sensor remains offline, and battery is at 85%. If edge_load increases by 0.05 per turn and latency grows by 10 ms per turn under mMTC, while URLLC offers 9 ms latency and 0.1% loss but only 130 Mbps throughput, which option minimizes maximum regret over the next two turns? Option A: Stay on mMTC and reduce autonomy to manual override. Option B: Switch to URLLC and disable lidar to fit throughput. Option C: Maintain current autonomy and wait for edge_load to drop. Option D: Switch to eMBB and accept 14 ms latency with 0.15% loss. Which option should be selected?",
      "options": {
        "A": "Stay on mMTC and reduce autonomy to manual override.",
        "B": "Switch to URLLC and disable lidar to fit throughput.",
        "C": "Maintain current autonomy and wait for edge_load to drop.",
        "D": "Switch to eMBB and accept 14 ms latency with 0.15% loss."
      },
      "correct": "A",
      "reason": "Staying on mMTC and reducing autonomy avoids immediate SLA violation while preserving mission continuity. Switching to URLLC risks throughput saturation if lidar is disabled, which may compromise navigation integrity. Waiting for edge_load to drop ignores the deterministic upward trend that will breach SLA in one turn. eMBB’s 14 ms latency is acceptable now but may degrade under increasing load, and its throughput is insufficient for full autonomy. The worst-case regret is minimized by accepting manual control now rather than risking autonomous failure later.",
      "rationale_tag": "WORST_CASE_REGRET_MINIMIZATION",
      "difficulty": "very_hard"
    },
    {
      "task_id": "T9",
      "task_name": "Trust-Aware Offloading",
      "source_turn": 7,
      "question": "The UAV is operating under lightning risk with thermal and radar sensors offline, and network slice has degraded to mMTC with 110ms latency, 30ms jitter, 6% loss, and 1.2Mbps throughput at 85% edge load. Policy mandates altitude between 1.0m and 12.0m, and current altitude is 3.0m. If the UAV continues surveying, projected edge load in turn 8 will reach 0.92 under worst-case jitter growth, exceeding the 0.90 trust threshold for offloading. URLLC slice offers 9ms latency and 130Mbps throughput but is constrained to 0.30 edge load capacity. eMBB slice has 14ms latency and 800Mbps throughput but is already at 0.35 edge load. The mission requires thermal imaging, which failed to enable in turn 8, and GNSS remains offline. Given the risk of violating trust thresholds and the need to preserve battery for return, which option should be selected?",
      "options": {
        "A": "Offload thermal processing to edge via URLLC slice, accepting 0.25 edge load increase and risking 0.95 load in turn 9 if jitter worsens.",
        "B": "Continue local processing on UAV, reducing sensor sampling to 5Hz to conserve battery, accepting 100% local compute load and 6% packet loss.",
        "C": "Switch to eMBB slice for offloading, accepting 0.35 to 0.45 edge load increase and 18ms latency, risking trust violation if load exceeds 0.90 in turn 8.",
        "D": "Abort survey and initiate return to home, accepting 0% offloading but preserving 100% battery and avoiding any trust threshold violation."
      },
      "correct": "D",
      "reason": "The UAV is already at 85% edge load under mMTC with high jitter and loss, and worst-case projection shows 92% load in turn 8, exceeding the 90% trust threshold. URLLC cannot absorb additional load without violating its 30% capacity limit. eMBB would push load beyond 90% under worst-case jitter. Local processing incurs 6% loss and risks battery depletion. Returning to home avoids all trust violations and preserves battery for safe landing, minimizing maximum regret across all plausible futures.",
      "rationale_tag": "TRUST_THRESHOLD_VIOLATION_AVOIDANCE",
      "difficulty": "very_hard"
    },
    {
      "task_id": "T10",
      "task_name": "SLA Violation Prediction",
      "source_turn": 7,
      "question": "At turn 7, the UAV is operating under mMTC slice with latency 110ms, jitter 30ms, packet loss 6%, throughput 1.2Mbps, and edge load 0.85. The SLA requires latency < 50ms, jitter < 5ms, loss < 1%, and throughput > 10Mbps for critical control. The UAV must complete 3 more survey waypoints over the next 2 turns, each requiring 500MB of data transmission. If the network degrades further by 10% in loss and 20% in throughput per turn, and edge load increases by 0.05 per turn, which option minimizes the probability of SLA violation across all 3 waypoints while ensuring mission completion? Option A: Switch to URLLC now, accepting 130Mbps throughput but risking edge load spike to 0.35. Option B: Stay on mMTC, reduce sampling rate by 50%, accepting 20% data loss per waypoint. Option C: Switch to eMBB, accepting 800Mbps throughput but latency 14ms and jitter 2.5ms, risking SLA breach if edge load exceeds 0.9. Option D: Abort mission and return immediately, forfeiting 70% of survey data but guaranteeing no SLA violation. Which option should be selected?",
      "options": {
        "A": "Switch to URLLC now, accepting 130Mbps throughput but risking edge load spike to 0.35.",
        "B": "Stay on mMTC, reduce sampling rate by 50%, accepting 20% data loss per waypoint.",
        "C": "Switch to eMBB, accepting 800Mbps throughput but latency 14ms and jitter 2.5ms, risking SLA breach if edge load exceeds 0.9.",
        "D": "Abort mission and return immediately, forfeiting 70% of survey data but guaranteeing no SLA violation."
      },
      "correct": "C",
      "reason": "Option C avoids immediate SLA violation by meeting latency and jitter thresholds while providing sufficient throughput for the remaining waypoints. Although edge load may reach 0. 9 in the worst case, it remains under the critical threshold of 1. 0. Option A risks edge load exceeding 0.",
      "rationale_tag": "WORST_CASE_MARGIN_BALANCE",
      "difficulty": "very_hard"
    },
    {
      "task_id": "T13",
      "task_name": "Swarm-Level Slice Negotiation",
      "source_turn": 7,
      "question": "The UAV is operating under lightning risk with wind at 1.5 m/s and is currently on mMTC slice with 110 ms latency, 30 ms jitter, 6% loss, and 1.2 Mbps throughput while edge load is at 0.85. The thermal sensor remains offline despite attempted reactivation, and the next three turns require either continued sensor sampling at reduced rate or reactivation attempts under uncertain recovery probability of 40%. If the UAV remains on mMTC for two more turns, edge load may rise to 0.95, risking SLA violation at 0.98. Switching to URLLC now would reduce latency to 9 ms but cap throughput at 130 Mbps, insufficient for full sensor reactivation. eMBB offers 800 Mbps but increases latency to 14 ms and edge load to 0.35, which may not sustain swarm coordination if another agent joins. Which option should be selected?",
      "options": {
        "A": "Stay on mMTC for 2 more turns to preserve battery, accepting 6% loss and 1.2 Mbps throughput, then reassess.",
        "B": "Switch immediately to URLLC to guarantee sub-10 ms latency for control, accepting 130 Mbps throughput and 0.25 edge load.",
        "C": "Switch to eMBB to enable thermal sensor reactivation, accepting 14 ms latency and 0.35 edge load, risking swarm coordination if another agent joins.",
        "D": "Negotiate a hybrid slice with 50% URLLC and 50% eMBB bandwidth, accepting 11 ms latency, 450 Mbps throughput, and 0.3 edge load, pending swarm agent approval."
      },
      "correct": "B",
      "reason": "Switching to URLLC minimizes maximum regret by ensuring control latency remains under 10 ms for the next three turns, which is critical under lightning risk. Although throughput is capped at 130 Mbps, it exceeds the 1. 2 Mbps current limit and supports minimal telemetry. The 0. 25 edge load leaves a 0.",
      "rationale_tag": "WORST_CASE_LATENCY_MARGIN",
      "difficulty": "very_hard"
    },
    {
      "task_id": "T14",
      "task_name": "Scheduler Reconfiguration Adaptation",
      "source_turn": 11,
      "question": "The UAV is returning to home under URLLC slice with 6ms latency, 0.9ms jitter, 0.05% loss, 160Mbps throughput, and 0.18 edge load. Battery is at 78% and decreasing at 3% per turn. Thermal sensor remains offline despite prior enable attempt. Mission policy requires 95% data integrity over next 3 turns. If network degrades to mMTC (120ms latency, 25ms jitter, 5% loss) in turn 12, and edge load exceeds 0.9 in turn 13, which reconfiguration minimizes maximum regret? Option A: Maintain URLLC, reduce sampling to 5s intervals, accept 2% data loss. Option B: Switch to eMBB, increase sampling to 1s, tolerate 10% packet loss. Option C: Preemptively switch to mMTC, cache all data locally, defer transmission until edge load drops below 0.7. Option D: Keep current settings, rely on SLA guarantees despite observed degradation trends. Which option should be selected?",
      "options": {
        "A": "Maintain URLLC, reduce sampling to 5s intervals, accept 2% data loss.",
        "B": "Switch to eMBB, increase sampling to 1s, tolerate 10% packet loss.",
        "C": "Preemptively switch to mMTC, cache all data locally, defer transmission until edge load drops below 0.7.",
        "D": "Keep current settings, rely on SLA guarantees despite observed degradation trends."
      },
      "correct": "C",
      "reason": "Option C minimizes maximum regret by avoiding transmission during predicted high-loss conditions. Caching preserves data integrity while waiting for edge load to fall below 0. 7, which is projected within 2 turns. Other options risk violating the 95% data integrity policy under worst-case network degradation. Battery depletion rate makes prolonged transmission risky under mMTC, but local caching avoids that penalty.",
      "rationale_tag": "WORST_CASE_REGRET_MINIMIZATION",
      "difficulty": "very_hard"
    },
    {
      "task_id": "T16",
      "task_name": "Network-Exposed Compute Marketplace",
      "source_turn": 7,
      "question": "The UAV is operating under lightning risk with battery at 100 percent and thermal sensor offline. Network slice mMTC is active with latency 110 ms, jitter 30 ms, loss 6 percent, throughput 1.2 Mbps, and edge load 0.85. The operator must decide whether to expose edge compute to a third-party analytics service that requires 2 Mbps throughput and 50 ms latency SLA. If exposed, the service will consume 0.15 edge load and generate 0.8 Mbps downstream traffic. The next turn may see edge load rise to 0.95 under worst-case weather degradation. URLLC slice offers 9 ms latency and 130 Mbps throughput but is reserved for critical control. eMBB slice has 14 ms latency and 800 Mbps throughput but edge load is already 0.35 and rising. Which option should be selected?",
      "options": {
        "A": "Expose compute via mMTC with throttled analytics to 1.2 Mbps, accepting 60 ms latency violation and 0.85+0.15=1.0 edge load risk.",
        "B": "Expose compute via eMBB, accepting 14 ms latency and 0.35+0.15=0.5 edge load, but risking future overload if weather worsens.",
        "C": "Expose compute via URLLC, violating policy by diverting 0.15 edge load from control, but guaranteeing 9 ms latency and 130 Mbps.",
        "D": "Do not expose compute, preserving edge load headroom and avoiding SLA breach, but forgoing revenue and analytics value."
      },
      "correct": "D",
      "reason": "Exposing compute under mMTC violates latency SLA by 60 ms and risks edge load saturation at 1. 0. eMBB appears viable now but edge load may hit 0. 95 next turn, leaving no margin for control or recovery. URLLC violates policy and risks mission failure by diverting critical resources.",
      "rationale_tag": "WORST_CASE_REGRET_MINIMIZATION",
      "difficulty": "very_hard"
    },
    {
      "task_id": "T17",
      "task_name": "Network-Knowledge RAG Augmentation",
      "source_turn": 7,
      "question": "The UAV is operating under lightning risk with thermal and radar sensors offline, and network slice has degraded to mMTC with 110ms latency, 30ms jitter, 6% loss, and 1.2Mbps throughput at 85% edge load. Policy requires telemetry exposure for RAG augmentation under 50ms latency and 95% reliability, but current slice violates both. Thermal imaging reactivation failed at turn 8 under URLLC with 9ms latency and 0.1% loss. If network degradation persists for one more turn, edge load may reach 0.9, increasing latency to 130ms. Projected sensor data volume for RAG is 2.5MB per 10s, requiring 2Mbps sustained throughput. Which option should be selected to minimize maximum regret over the next two turns while preserving mission continuity?",
      "options": {
        "A": "Expose only GNSS and IMU telemetry under current mMTC slice, accepting 6% loss and 110ms latency, as these sensors are critical for navigation and have minimal data volume.",
        "B": "Switch to URLLC slice despite 130ms projected latency next turn, because it offers 0.05% loss and 160Mbps throughput, which exceeds the 2Mbps requirement and may recover if edge load drops.",
        "C": "Delay RAG augmentation for 2 turns, reducing sensor sampling to 1Hz to lower data volume to 0.5MB/10s, then reevaluate under projected edge load of 0.9 and 130ms latency.",
        "D": "Expose full telemetry under eMBB slice with 14ms latency and 800Mbps throughput, ignoring current mMTC degradation, assuming network will revert to eMBB within 1 turn as observed at turn 9."
      },
      "correct": "C",
      "reason": "Option C minimizes maximum regret by reducing data volume to match mMTC capacity and deferring exposure until after the worst-case latency projection. It avoids violating policy by not exposing telemetry under unacceptable latency or loss. Other options either violate policy immediately or assume recovery that may not occur under persistent degradation. The 0. 5MB/10s volume under 1Hz sampling fits within 1.",
      "rationale_tag": "WORST_CASE_REGRET_MINIMIZATION",
      "difficulty": "very_hard"
    },
    {
      "task_id": "T18",
      "task_name": "AI Agent Identity & Onboarding",
      "source_turn": 8,
      "question": "The UAV agent is operating under lightning risk with degraded thermal and GNSS sensors, and the network has cycled through eMBB, URLLC, and mMTC slices with fluctuating QoS. At turn 8, the user attempts to re-enable thermal imaging, which fails despite URLLC slice availability (latency 9ms, loss 0.1%, throughput 130Mbps, edge_load 0.25). The agent must now decide whether to re-attempt thermal activation under URLLC, switch to eMBB for higher throughput despite higher latency, defer thermal use until landing, or register a new identity with reduced sensor privileges. The thermal sensor requires at least 150Mbps throughput and 5ms latency to function, and the mission must complete within 3 turns before battery drops below 20%. Which option should be selected?",
      "options": {
        "A": "Re-attempt thermal activation under URLLC slice, accepting 9ms latency and 130Mbps throughput as sufficient for partial operation.",
        "B": "Switch to eMBB slice (800Mbps, 14ms latency) to meet throughput requirement, accepting higher latency and jitter for sensor functionality.",
        "C": "Defer thermal imaging until landing, preserving current network state and avoiding risk of mission failure due to sensor overload.",
        "D": "Register a new agent identity with reduced sensor privileges, disabling thermal imaging permanently and reallocating bandwidth to GNSS recovery."
      },
      "correct": "D",
      "reason": "The thermal sensor requires 150Mbps and 5ms latency, which URLLC at turn 8 fails to meet. Switching to eMBB increases throughput but exceeds latency tolerance and risks mission failure if network degrades further. Deferring thermal use ignores the need for sensor data in the next 3 turns. Registering a new identity with reduced privileges minimizes regret by ensuring mission continuity under worst-case network conditions while preserving core telemetry functions.",
      "rationale_tag": "WORST_CASE_REGRET_MINIMIZATION",
      "difficulty": "very_hard"
    },
    {
      "task_id": "T20",
      "task_name": "Agent-to-Agent Communication Management",
      "source_turn": 7,
      "question": "The UAV is currently operating under mMTC slice with 110ms latency, 30ms jitter, 6% loss, and 1.2Mbps throughput while edge load is at 0.85. The thermal sensor remains offline due to prior failure, and the mission requires continued telemetry and image capture over the next two turns. The weather agent forecasts lightning risk will persist for at least 3 more turns, and the swarm coordination protocol requires sub-10ms latency for safe formation adjustments. If the UAV switches to URLLC now, latency drops to 9ms but throughput caps at 130Mbps, insufficient for high-res image bursts. If it remains on mMTC, latency may spike to 150ms next turn with 8% loss under worst-case weather degradation. If it switches to eMBB, throughput rises to 800Mbps but latency jumps to 14ms, risking swarm desynchronization. Which option should be selected to minimize maximum regret across the next two turns while maintaining mission continuity?",
      "options": {
        "A": "Switch to URLLC immediately: latency 9ms, throughput 130Mbps, edge load 0.25 — sufficient for telemetry but not image bursts.",
        "B": "Remain on mMTC: latency 110ms, throughput 1.2Mbps, edge load 0.85 — risk of 150ms latency and 8% loss next turn.",
        "C": "Switch to eMBB: latency 14ms, throughput 800Mbps, edge load 0.35 — exceeds swarm latency threshold but supports imaging.",
        "D": "Request hybrid slice: latency 10ms, throughput 200Mbps, edge load 0.3 — not currently available per network policy."
      },
      "correct": "A",
      "reason": "Switching to URLLC minimizes worst-case latency regret under persistent lightning risk while maintaining acceptable edge load. Although throughput is limited, the mission can prioritize telemetry over image bursts for the next two turns. Remaining on mMTC risks violating the 10ms swarm latency SLA next turn under worst-case degradation. eMBB exceeds the latency threshold and increases desynchronization risk. Hybrid slice is not policy-authorized and cannot be assumed available.",
      "rationale_tag": "WORST_CASE_LATENCY_REGRET",
      "difficulty": "very_hard"
    },
    {
      "task_id": "T21",
      "task_name": "Device-Network Task Offload Arbitration",
      "source_turn": 7,
      "question": "The UAV is operating under lightning risk with battery at 100 percent and thermal sensor offline. At turn 7, network slice is mMTC with latency 110 ms, jitter 30 ms, loss 6 percent, throughput 1.2 Mbps, and edge load 0.85. The agent reduced sensor sampling to mitigate degradation. At turn 8, user attempted to re-enable thermal imaging but failed, and network switched to URLLC with latency 9 ms, jitter 1.2 ms, loss 0.1 percent, throughput 130 Mbps, edge load 0.25. The thermal model requires 150 Mbps throughput and 10 ms latency to operate. If the network reverts to mMTC in turn 9 with 10 percent higher latency and 2 percent higher loss, and edge load increases to 0.9, which offload strategy minimizes maximum regret over the next two turns while preserving mission continuity? Option A: Offload thermal processing to edge under URLLC now, accepting 10 percent risk of edge overload. Option B: Keep thermal disabled and offload RGB processing to cloud under eMBB, accepting 18 ms latency. Option C: Attempt local thermal processing with 50 percent reduced resolution, accepting 20 percent accuracy loss. Option D: Wait for network recovery to eMBB in turn 9, accepting 100 percent thermal downtime until then.",
      "options": {
        "A": "Offload thermal processing to edge under URLLC now, accepting 10 percent risk of edge overload.",
        "B": "Keep thermal disabled and offload RGB processing to cloud under eMBB, accepting 18 ms latency.",
        "C": "Attempt local thermal processing with 50 percent reduced resolution, accepting 20 percent accuracy loss.",
        "D": "Wait for network recovery to eMBB in turn 9, accepting 100 percent thermal downtime until then."
      },
      "correct": "A",
      "reason": "Option A is correct because it leverages the current URLLC slice which meets the 10 ms latency requirement and provides 130 Mbps throughput, close to the 150 Mbps needed. The 10 percent edge overload risk is acceptable given the 0. 25 edge load and projected 0. 9 load in turn 9 under mMTC. Option D fails because network reversion to mMTC in turn 9 increases latency to 121 ms and loss to 7.",
      "rationale_tag": "WORST_CASE_REGRET_MINIMIZATION",
      "difficulty": "very_hard"
    },
    {
      "task_id": "T22",
      "task_name": "Federated / Collaborative Learning Orchestration",
      "source_turn": 7,
      "question": "The UAV is currently operating under mMTC slice with 110ms latency, 30ms jitter, 6% loss, and 1.2Mbps throughput while edge load is at 0.85. Thermal imaging remains offline due to heater fault, and battery is at 100%. The next three turns will involve returning to base, but federated model updates must be scheduled before landing to preserve privacy and avoid retransmission penalties. Option A schedules training now using 0.8Mbps bandwidth, projecting 120s completion with 5% packet loss risk. Option B defers training until turn 9 when eMBB slice returns, expecting 800Mbps throughput but risking 15% latency spike if network degrades again. Option C uses URLLC slice now at 130Mbps with 9ms latency but only 0.25 edge load margin, risking overload if swarm coordination resumes. Option D skips training entirely to preserve battery and bandwidth for return, accepting 100% model staleness penalty. Which option should be selected?",
      "options": {
        "A": "Schedule federated training now using mMTC slice with 0.8Mbps bandwidth, accepting 5% packet loss risk and 120s duration.",
        "B": "Defer training until turn 9 when eMBB slice is available, risking 15% latency spike if network degrades again.",
        "C": "Use URLLC slice now at 130Mbps with 9ms latency, accepting 0.25 edge load margin and overload risk if swarm resumes.",
        "D": "Skip training entirely to preserve battery and bandwidth for return, accepting 100% model staleness penalty."
      },
      "correct": "C",
      "reason": "Option C minimizes maximum regret by leveraging URLLC’s low latency and sufficient throughput while edge load remains below 0. 3. Although edge load margin is tight at 0. 25, swarm coordination was deactivated by turn 4 and no reactivation is scheduled, making overload unlikely. Deferring to turn 9 risks latency spikes under uncertain network recovery, while mMTC training incurs high loss and duration.",
      "rationale_tag": "WORST_CASE_REGRET_MINIMIZATION",
      "difficulty": "very_hard"
    },
    {
      "task_id": "T26",
      "task_name": "Trust-Aware Third-Party Agent Exposure",
      "source_turn": 8,
      "question": "The UAV is operating under lightning risk with thermal imaging offline and GNSS offline, relying on IMU and barometer for navigation. Network slice switched to URLLC at turn 8 with latency 9ms, jitter 1.2ms, loss 0.1%, throughput 130Mbps, edge load 0.25. Thermal imaging enable failed despite URLLC, suggesting hardware or firmware dependency. At turn 7, mMTC slice had 6% loss and 110ms latency, degrading further. A third-party analytics agent requests full telemetry and thermal control API access for predictive failure modeling. Regulatory policy permits exposure only if SLA latency <10ms and edge load <0.3 for next 2 turns. Worst-case projection: edge load increases 0.05 per turn under URLLC if thermal subsystem remains active. Which option should be selected?",
      "options": {
        "A": "Grant full access: URLLC latency 9ms < 10ms SLA, edge load 0.25 < 0.3, and thermal enable attempt was recent.",
        "B": "Grant telemetry-only access: thermal control API is risky due to prior failure; telemetry alone satisfies SLA with margin.",
        "C": "Deny all access: thermal subsystem is faulty, and worst-case edge load projection exceeds 0.3 in turn 9.",
        "D": "Grant conditional access: allow thermal control API only if edge load remains below 0.28 in turn 9, otherwise revoke."
      },
      "correct": "C",
      "reason": "The thermal subsystem has already failed to enable despite URLLC, indicating a hardware or firmware issue not resolved by network quality. Worst-case edge load projection increases by 0. 05 per turn, reaching 0. 30 at turn 9, which violates the SLA threshold of 0. 3.",
      "rationale_tag": "WORST_CASE_REGRET",
      "difficulty": "very_hard"
    },
    {
      "task_id": "T27",
      "task_name": "Agent Lifecycle & Management",
      "source_turn": 11,
      "question": "The UAV is returning to home at 18 m/s with 100% battery and currently using URLLC slice with 6 ms latency and 0.05% loss. The edge load is 0.18 and will rise to 0.25 if thermal imaging is re-enabled. The mission SLA requires latency under 10 ms and loss under 0.1% for critical control. Thermal imaging failed at turn 8 and is not essential for return. If network degrades again to mMTC levels (latency 120 ms, loss 5%) in the next turn, the UAV must still execute safe landing. Option A: Keep URLLC, disable thermal, land immediately. Option B: Switch to eMBB to save edge load, accept 14 ms latency. Option C: Re-enable thermal imaging now, accept edge load 0.25 and 9 ms latency. Option D: Wait one turn to see if network improves, then decide. Which option should be selected?",
      "options": {
        "A": "Keep URLLC, disable thermal, land immediately.",
        "B": "Switch to eMBB to save edge load, accept 14 ms latency.",
        "C": "Re-enable thermal imaging now, accept edge load 0.25 and 9 ms latency.",
        "D": "Wait one turn to see if network improves, then decide."
      },
      "correct": "A",
      "reason": "Keeping URLLC ensures latency remains under 10 ms even if network degrades next turn. Disabling thermal avoids increasing edge load to 0. 25 which could trigger congestion. Landing immediately prevents exposure to future mMTC degradation which would violate SLA. Waiting or switching to eMBB risks exceeding latency limits during critical landing phase.",
      "rationale_tag": "WORST_CASE_LANDING_SLA",
      "difficulty": "very_hard"
    },
    {
      "task_id": "T28",
      "task_name": "6G Model Training-as-a-Service Decision",
      "source_turn": 11,
      "question": "The UAV is returning to base under URLLC slice with 160 Mbps throughput, 6 ms latency, 0.05% loss, and 0.18 edge load. A customer requests immediate LLM fine-tuning using 120 Mbps sustained throughput for 3 turns, with SLA requiring <10 ms latency and <0.1% loss. Current battery is 78%, and thermal sensor remains offline. If network degrades to mMTC next turn (latency 120 ms, loss 5%, throughput 1.5 Mbps), the training will fail. Projected edge load under training would rise to 0.75. The UAV must also complete telemetry upload (requires 50 Mbps) before landing. Which option should be selected?",
      "options": {
        "A": "Accept training now; current URLLC metrics meet SLA, and edge load 0.75 is under 0.8 threshold.",
        "B": "Reject training; projected edge load 0.75 risks exceeding 0.8 if network degrades next turn, and telemetry upload may fail.",
        "C": "Accept training but throttle to 80 Mbps to preserve 50 Mbps for telemetry; latency may rise to 11 ms, violating SLA.",
        "D": "Delay training until next mission; current battery 78% and offline thermal sensor increase risk of failure during training."
      },
      "correct": "B",
      "reason": "Accepting training now risks violating SLA if network degrades to mMTC next turn, which would cause latency to spike to 120 ms and loss to 5 percent. Projected edge load of 0. 75 is close to the 0. 8 threshold and may exceed it under worst-case load growth. Telemetry upload requires 50 Mbps and cannot be guaranteed if training consumes 120 Mbps.",
      "rationale_tag": "WORST_CASE_REGRET_MINIMIZATION",
      "difficulty": "very_hard"
    },
    {
      "task_id": "T29",
      "task_name": "Immersive/AR Resource Prioritization",
      "source_turn": 11,
      "question": "The UAV is returning to home under URLLC slice with 6ms latency, 0.9ms jitter, 0.05% loss, 160Mbps throughput, and 0.18 edge load. Battery is at 78% and descending at 18m/s. A new AR overlay request arrives requiring 200Mbps throughput and <10ms latency for 3 turns. The thermal sensor remains offline. The edge load will rise to 0.35 if AR is enabled. URLLC can support 180Mbps max under current conditions. eMBB offers 800Mbps but latency spikes to 18ms during route planning. mMTC is saturated at 1.2Mbps. If network degradation persists for one more turn, edge load may hit 0.9. Which option should be selected?",
      "options": {
        "A": "Enable AR on URLLC with throttled resolution to fit 160Mbps, accepting 10% frame drop under worst-case jitter.",
        "B": "Switch to eMBB for AR, accepting 18ms latency and risking SLA violation if jitter increases by 2ms next turn.",
        "C": "Defer AR until landing, preserving battery and avoiding edge overload, but losing real-time situational awareness for 3 turns.",
        "D": "Enable AR on mMTC with adaptive bitrate, accepting 50% packet loss and 120ms latency, relying on retransmission buffers."
      },
      "correct": "C",
      "reason": "Enabling AR on URLLC exceeds its 180Mbps capacity and risks frame drops under jitter uncertainty. eMBB introduces latency that may breach SLA if jitter rises as seen in turn 5. mMTC cannot support AR quality even with retransmissions. Deferring AR avoids edge overload and preserves battery for safe landing, minimizing maximum regret across all plausible futures including continued degradation.",
      "rationale_tag": "WORST_CASE_REGRET_MINIMIZATION",
      "difficulty": "very_hard"
    },
    {
      "task_id": "T30",
      "task_name": "Network Security Detection & Response Automation",
      "source_turn": 7,
      "question": "At turn 7, the network has degraded to mMTC slice with latency 110ms, jitter 30ms, packet loss 6%, throughput 1.2Mbps, and edge load 0.85. The UAV is at 3m altitude with 100% battery, thermal sensor offline, and mission requires thermal imaging within 3 turns. The SLA mandates latency under 20ms and loss under 1% for critical payloads. If the degradation persists, thermal imaging will fail again at turn 8. URLLC slice at turn 8 showed 9ms latency and 0.1% loss but only 130Mbps throughput, insufficient for thermal streaming. eMBB slice at turn 9 recovered to 14ms latency and 0.15% loss with 800Mbps throughput, but edge load is rising. The UAV must decide: A) Force thermal imaging on URLLC despite throughput limit, risking mission failure; B) Wait for eMBB recovery, risking SLA violation if degradation persists; C) Switch to mMTC and reduce sampling, accepting degraded data; D) Abort mission and return home immediately. Which option should be selected?",
      "options": {
        "A": "Force thermal imaging on URLLC despite throughput limit, risking mission failure",
        "B": "Wait for eMBB recovery, risking SLA violation if degradation persists",
        "C": "Switch to mMTC and reduce sampling, accepting degraded data",
        "D": "Abort mission and return home immediately"
      },
      "correct": "B",
      "reason": "Waiting for eMBB recovery minimizes maximum regret because it preserves mission integrity while edge load remains below 0. 9 and latency is projected to stay under 20ms if recovery continues. Forcing thermal on URLLC risks immediate failure due to throughput mismatch. mMTC cannot meet SLA even under best case. Aborting incurs full mission loss.",
      "rationale_tag": "WORST_CASE_REGRET_MINIMIZATION",
      "difficulty": "very_hard"
    }
  ]
}