{
  "initial_state": {
    "domain": "uav",
    "time_s": 0.0,
    "env": {
      "weather": "rain",
      "wind_mps": 8.0,
      "wind_dir_deg": 240.0
    },
    "airspace": {
      "alt_bounds": [
        10.0,
        120.0
      ],
      "geofence": [
        {
          "type": "polygon",
          "points": [
            [
              0.0,
              0.0
            ],
            [
              300.0,
              0.0
            ],
            [
              300.0,
              400.0
            ],
            [
              0.0,
              400.0
            ]
          ]
        }
      ]
    },
    "uav": {
      "pose": {
        "x": 50.0,
        "y": 50.0,
        "z": 20.0,
        "yaw": 90.0
      },
      "speed_mps": 18.0,
      "energy": {
        "battery_pct": 100.0
      },
      "sensors": {
        "rgb": "ok",
        "thermal": "ok",
        "lidar": "ok",
        "radar": "offline",
        "gnss": "ok",
        "imu": "ok",
        "magnetometer": "ok",
        "barometer": "ok"
      },
      "payloads": []
    },
    "policy": {
      "alt_bounds": [
        10.0,
        120.0
      ]
    },
    "safety_flags": {
      "nfz_violation": false,
      "separation_breach": false
    }
  },
  "dialogue": [
    {
      "turn": 1,
      "speaker": "agent",
      "intent": "initiate inspection mission under adverse weather",
      "actions": [
        {
          "type": "mcp",
          "name": "read_telemetry",
          "args": {}
        },
        {
          "type": "mcp",
          "name": "activate_sensor",
          "args": {
            "sensor": "lidar"
          }
        }
      ],
      "obs": [
        {
          "tool": "read_telemetry",
          "result": {
            "pose": {
              "x": 50.0,
              "y": 50.0,
              "z": 20.0
            },
            "battery_pct": 100.0,
            "speed_mps": 18.0
          }
        },
        {
          "tool": "activate_sensor",
          "result": {
            "sensor": "lidar",
            "status": "activated"
          }
        }
      ],
      "net": {
        "slice": "eMBB",
        "lat_ms": 12,
        "jitter_ms": 3,
        "loss_pct": 0.1,
        "throughput_mbps": 850,
        "edge_load": 0.45
      }
    },
    {
      "turn": 2,
      "speaker": "user",
      "intent": "request status and confirm mission start",
      "actions": [
        {
          "type": "mcp",
          "name": "get_mission_status",
          "args": {}
        }
      ],
      "obs": [
        {
          "tool": "get_mission_status",
          "result": {
            "status": "initialized",
            "next_waypoint": [
              150.0,
              100.0,
              30.0
            ]
          }
        }
      ],
      "net": {
        "slice": "eMBB",
        "lat_ms": 11,
        "jitter_ms": 2,
        "loss_pct": 0.05,
        "throughput_mbps": 900,
        "edge_load": 0.42
      }
    },
    {
      "turn": 3,
      "speaker": "agent",
      "intent": "navigate to first inspection point",
      "actions": [
        {
          "type": "mcp",
          "name": "set_waypoint",
          "args": {
            "x": 150.0,
            "y": 100.0,
            "z": 30.0
          }
        }
      ],
      "obs": [
        {
          "tool": "set_waypoint",
          "result": {
            "target": [
              150.0,
              100.0,
              30.0
            ],
            "status": "accepted"
          }
        }
      ],
      "net": {
        "slice": "URLLC",
        "lat_ms": 8,
        "jitter_ms": 1,
        "loss_pct": 0.02,
        "throughput_mbps": 120,
        "edge_load": 0.38
      }
    },
    {
      "turn": 4,
      "speaker": "user",
      "intent": "check for nearby UAVs and request swarm coordination",
      "actions": [
        {
          "type": "a2a",
          "task": "proximity_inquiry",
          "to": "uav_swarm_agent",
          "payload": {
            "position": [
              150.0,
              100.0,
              30.0
            ],
            "radius_m": 50
          }
        }
      ],
      "obs": [
        {
          "task": "proximity_inquiry",
          "from": "uav_swarm_agent",
          "status": "ok",
          "payload": {
            "nearby_uavs": [],
            "recommended_separation": 25.0
          }
        }
      ],
      "net": {
        "slice": "mMTC",
        "lat_ms": 25,
        "jitter_ms": 5,
        "loss_pct": 0.3,
        "throughput_mbps": 1.2,
        "edge_load": 0.65
      }
    },
    {
      "turn": 5,
      "speaker": "agent",
      "intent": "adjust altitude due to wind gusts and sensor drift",
      "actions": [
        {
          "type": "mcp",
          "name": "read_telemetry",
          "args": {}
        },
        {
          "type": "mcp",
          "name": "adjust_altitude",
          "args": {
            "delta_z": 5.0
          }
        }
      ],
      "obs": [
        {
          "tool": "read_telemetry",
          "result": {
            "pose": {
              "x": 148.2,
              "y": 99.1,
              "z": 29.3
            },
            "battery_pct": 98.7,
            "speed_mps": 16.5
          }
        },
        {
          "tool": "adjust_altitude",
          "result": {
            "new_z": 34.3,
            "status": "executed"
          }
        }
      ],
      "net": {
        "slice": "URLLC",
        "lat_ms": 7,
        "jitter_ms": 1,
        "loss_pct": 0.01,
        "throughput_mbps": 100,
        "edge_load": 0.41
      }
    },
    {
      "turn": 6,
      "speaker": "user",
      "intent": "request thermal imaging at current location",
      "actions": [
        {
          "type": "mcp",
          "name": "capture_image",
          "args": {
            "sensor": "thermal",
            "mode": "high_res"
          }
        }
      ],
      "obs": [
        {
          "tool": "capture_image",
          "result": {
            "sensor": "thermal",
            "status": "success",
            "image_id": "thm_001",
            "anomaly_detected": true,
            "anomaly_type": "overheating_joint"
          }
        }
      ],
      "net": {
        "slice": "eMBB",
        "lat_ms": 14,
        "jitter_ms": 4,
        "loss_pct": 0.2,
        "throughput_mbps": 780,
        "edge_load": 0.52
      }
    },
    {
      "turn": 7,
      "speaker": "agent",
      "intent": "report anomaly and suggest closer inspection",
      "actions": [
        {
          "type": "a2a",
          "task": "request_support_uav",
          "to": "uav_swarm_agent",
          "payload": {
            "task": "thermal_verification",
            "position": [
              150.0,
              100.0,
              34.3
            ],
            "priority": "high"
          }
        }
      ],
      "obs": [
        {
          "task": "request_support_uav",
          "from": "uav_swarm_agent",
          "status": "assigned",
          "payload": {
            "support_uav_id": "uav-7",
            "eta_s": 32
          }
        }
      ],
      "net": {
        "slice": "mMTC",
        "lat_ms": 30,
        "jitter_ms": 8,
        "loss_pct": 1.1,
        "throughput_mbps": 0.8,
        "edge_load": 0.78
      }
    },
    {
      "turn": 8,
      "speaker": "user",
      "intent": "authorize closer inspection and reduce speed",
      "actions": [
        {
          "type": "mcp",
          "name": "set_speed",
          "args": {
            "speed_mps": 8.0
          }
        },
        {
          "type": "mcp",
          "name": "set_waypoint",
          "args": {
            "x": 152.0,
            "y": 102.0,
            "z": 32.0
          }
        }
      ],
      "obs": [
        {
          "tool": "set_speed",
          "result": {
            "speed_mps": 8.0,
            "status": "updated"
          }
        },
        {
          "tool": "set_waypoint",
          "result": {
            "target": [
              152.0,
              102.0,
              32.0
            ],
            "status": "accepted"
          }
        }
      ],
      "net": {
        "slice": "URLLC",
        "lat_ms": 6,
        "jitter_ms": 1,
        "loss_pct": 0.01,
        "throughput_mbps": 110,
        "edge_load": 0.39
      }
    },
    {
      "turn": 9,
      "speaker": "agent",
      "intent": "capture high-res RGB image with stabilized platform",
      "actions": [
        {
          "type": "mcp",
          "name": "stabilize_platform",
          "args": {
            "mode": "gimbal_lock"
          }
        },
        {
          "type": "mcp",
          "name": "capture_image",
          "args": {
            "sensor": "rgb",
            "mode": "ultra_res"
          }
        }
      ],
      "obs": [
        {
          "tool": "stabilize_platform",
          "result": {
            "status": "locked",
            "drift_compensation": "active"
          }
        },
        {
          "tool": "capture_image",
          "result": {
            "sensor": "rgb",
            "status": "success",
            "image_id": "rgb_005",
            "resolution": "8K"
          }
        }
      ],
      "net": {
        "slice": "eMBB",
        "lat_ms": 13,
        "jitter_ms": 3,
        "loss_pct": 0.15,
        "throughput_mbps": 820,
        "edge_load": 0.5
      }
    },
    {
      "turn": 10,
      "speaker": "user",
      "intent": "initiate return and data offload",
      "actions": [
        {
          "type": "mcp",
          "name": "return_to_home",
          "args": {}
        },
        {
          "type": "mcp",
          "name": "offload_data",
          "args": {
            "target": "edge_station_3",
            "data_ids": [
              "thm_001",
              "rgb_005"
            ]
          }
        }
      ],
      "obs": [
        {
          "tool": "return_to_home",
          "result": {
            "status": "en_route",
            "home": [
              50.0,
              50.0,
              20.0
            ]
          }
        },
        {
          "tool": "offload_data",
          "result": {
            "target": "edge_station_3",
            "status": "queued",
            "size_mb": 2140
          }
        }
      ],
      "net": {
        "slice": "eMBB",
        "lat_ms": 16,
        "jitter_ms": 5,
        "loss_pct": 0.4,
        "throughput_mbps": 700,
        "edge_load": 0.6
      }
    },
    {
      "turn": 11,
      "speaker": "agent",
      "intent": "confirm safe return and system status",
      "actions": [
        {
          "type": "mcp",
          "name": "read_telemetry",
          "args": {}
        },
        {
          "type": "mcp",
          "name": "diagnose_sensors",
          "args": {}
        }
      ],
      "obs": [
        {
          "tool": "read_telemetry",
          "result": {
            "pose": {
              "x": 75.3,
              "y": 62.1,
              "z": 22.0
            },
            "battery_pct": 86.4,
            "speed_mps": 12.0
          }
        },
        {
          "tool": "diagnose_sensors",
          "result": {
            "status": "nominal",
            "degraded": [],
            "offline": [
              "radar"
            ]
          }
        }
      ],
      "net": {
        "slice": "URLLC",
        "lat_ms": 9,
        "jitter_ms": 2,
        "loss_pct": 0.03,
        "throughput_mbps": 95,
        "edge_load": 0.44
      }
    }
  ],
  "final_state": {
    "domain": "uav",
    "time_s": 120.0,
    "env": {
      "weather": "rain",
      "wind_mps": 8.0,
      "wind_dir_deg": 240.0
    },
    "airspace": {
      "alt_bounds": [
        10.0,
        120.0
      ],
      "geofence": [
        {
          "type": "polygon",
          "points": [
            [
              0.0,
              0.0
            ],
            [
              300.0,
              0.0
            ],
            [
              300.0,
              400.0
            ],
            [
              0.0,
              400.0
            ]
          ]
        }
      ]
    },
    "uav": {
      "pose": {
        "x": 75.3,
        "y": 62.1,
        "z": 22.0,
        "yaw": 270.0
      },
      "speed_mps": 12.0,
      "energy": {
        "battery_pct": 86.4
      },
      "sensors": {
        "rgb": "ok",
        "thermal": "ok",
        "lidar": "ok",
        "radar": "offline",
        "gnss": "ok",
        "imu": "ok",
        "magnetometer": "ok",
        "barometer": "ok"
      },
      "payloads": []
    },
    "policy": {
      "alt_bounds": [
        10.0,
        120.0
      ]
    },
    "safety_flags": {
      "nfz_violation": false,
      "separation_breach": false
    }
  },
  "success": true,
  "_meta": {
    "seed": 42,
    "ts": 1763958487,
    "ts_iso": "2025-11-24T04:28:07Z",
    "gen_time_s": 49.85262942314148,
    "attempts_used": 1,
    "generation_failed": false,
    "usage": {
      "prompt_tokens": 1059,
      "completion_tokens": 3772,
      "total_tokens": 4831,
      "cost": 0.0031837,
      "is_byok": false,
      "prompt_tokens_details": {
        "cached_tokens": 608,
        "audio_tokens": 0,
        "video_tokens": 0
      },
      "cost_details": {
        "upstream_inference_cost": null,
        "upstream_inference_prompt_cost": 0.0001661,
        "upstream_inference_completions_cost": 0.0030176
      },
      "completion_tokens_details": {
        "reasoning_tokens": 0,
        "image_tokens": 0
      }
    }
  }
}