{
  "episode_id": "6gb_prompt_a8bb0d8e86428801",
  "questions": [
    {
      "task_id": "T28",
      "task_name": "6G Model Training-as-a-Service Decision",
      "source_turn": 11,
      "question": "The UAV is preparing for landing with restored sensors and a stable URLLC slice showing 7ms latency, 1% jitter, 0.05% loss, 200Mbps throughput, and 0.3 edge load. A customer requests immediate LLM fine-tuning using 150Mbps sustained throughput for 3 turns, with SLA requiring <10ms latency and <0.1% loss. Historical data shows edge load increases 0.1 per turn under training load, and worst-case jitter may spike to 3ms. If training begins now, projected edge load in turn 13 will be 0.5, risking violation if wind shear returns. Alternatively, delaying training until turn 14 allows edge load to drop to 0.25 but forfeits 2 turns of revenue. A third option uses eMBB at 800Mbps but with 18ms latency, violating SLA. A fourth option throttles training to 100Mbps to preserve edge load under 0.4, but extends training to 5 turns, risking battery depletion. Which option should be selected?",
      "options": {
        "A": "Start training now on URLLC: 200Mbps throughput, 7ms latency, edge load 0.3 → projected 0.5 in turn 13, within SLA if no wind shear.",
        "B": "Delay until turn 14: edge load drops to 0.25, but loses 2 turns of revenue; training completes in 3 turns with 0.35 edge load.",
        "C": "Use eMBB slice: 800Mbps throughput, but 18ms latency violates SLA; edge load 0.6, risking overload if training extends.",
        "D": "Throttle to 100Mbps: extends training to 5 turns, edge load stays under 0.4, but battery may drop below 20% by turn 16."
      },
      "correct": "B",
      "reason": "Delaying until turn 14 ensures edge load starts at 0. 25 and peaks at 0. 35, well below the 0. 85 overload threshold observed in turn 6. Starting now risks edge load reaching 0.",
      "rationale_tag": "WORST_CASE_REGRET_MINIMIZATION",
      "difficulty": "very_hard"
    },
    {
      "task_id": "T29",
      "task_name": "Immersive/AR Resource Prioritization",
      "source_turn": 11,
      "question": "The UAV is preparing for landing with restored sensors and a planned landing zone, but network conditions are volatile: eMBB slice latency is 18ms with 0.25% loss and 800Mbps throughput at 0.6 edge load, while URLLC slice offers 7ms latency, 0.05% loss, 200Mbps throughput, and 0.3 edge load. Wind shear persists at 8m/s from 240°, and fog reduces visibility, increasing collision risk. The swarm requires sub-10ms latency for coordination, and the landing sequence demands 150Mbps minimum throughput for AR-guided descent. If edge load exceeds 0.85, the system may crash. Over the next two turns, latency may degrade by 20% under fog, and throughput may drop 30% if wind shear intensifies. Which option should be selected to ensure safe landing while preserving AR immersion and minimizing regret across plausible futures?",
      "options": {
        "A": "Switch to URLLC slice immediately; accept 200Mbps throughput knowing it exceeds the 150Mbps landing minimum, and tolerate 0.3 edge load to preserve sub-10ms latency for swarm coordination.",
        "B": "Remain on eMBB slice; leverage 800Mbps throughput for AR rendering, accept 18ms latency assuming it will not exceed 21.6ms under fog, and monitor edge load which is currently 0.6 and may rise to 0.72 under stress.",
        "C": "Switch to mMTC slice temporarily; accept 1.2Mbps throughput and 120ms latency to reduce edge load from 0.6 to 0.4, then switch back to URLLC after one turn when edge load stabilizes.",
        "D": "Split resources: allocate 50% to URLLC for latency-critical swarm and 50% to eMBB for throughput-intensive AR, accepting 10ms latency and 500Mbps throughput with edge load at 0.75, assuming no further degradation."
      },
      "correct": "A",
      "reason": "URLLC slice guarantees sub-10ms latency required for swarm coordination even under 20% degradation, which eMBB cannot ensure. The 200Mbps throughput exceeds the 150Mbps landing minimum, making it sufficient for AR guidance. Edge load at 0. 3 is safely below the 0. 85 crash threshold and allows margin for future increases.",
      "rationale_tag": "WORST_CASE_LATENCY_SAFETY",
      "difficulty": "very_hard"
    }
  ]
}