{
  "initial_state": {
    "domain": "uav",
    "time_s": 0.0,
    "env": {
      "weather": "snow",
      "wind_mps": 6.5,
      "wind_dir_deg": 240.0
    },
    "airspace": {
      "alt_bounds": [
        20.0,
        120.0
      ],
      "geofence": [
        {
          "type": "polygon",
          "points": [
            [
              0,
              0
            ],
            [
              0,
              500
            ],
            [
              500,
              500
            ],
            [
              500,
              0
            ]
          ]
        }
      ]
    },
    "uav": {
      "pose": {
        "x": 50.0,
        "y": 50.0,
        "z": 50.0,
        "yaw": 90.0
      },
      "speed_mps": 18.0,
      "energy": {
        "battery_pct": 100.0
      },
      "sensors": {
        "rgb": "ok",
        "thermal": "offline",
        "lidar": "ok",
        "radar": "offline",
        "gnss": "ok",
        "imu": "ok",
        "magnetometer": "ok",
        "barometer": "ok"
      },
      "payloads": []
    },
    "policy": {
      "alt_bounds": [
        20.0,
        120.0
      ]
    },
    "safety_flags": {
      "nfz_violation": false,
      "separation_breach": false
    }
  },
  "dialogue": [
    {
      "turn": 1,
      "speaker": "agent",
      "intent": "initiate mission and check telemetry",
      "actions": [
        {
          "type": "mcp",
          "name": "read_telemetry",
          "args": {}
        }
      ],
      "obs": [
        {
          "tool": "read_telemetry",
          "result": {
            "pose": {
              "x": 50.0,
              "y": 50.0,
              "z": 50.0
            },
            "battery_pct": 100.0,
            "speed_mps": 18.0
          }
        }
      ],
      "net": {
        "slice": "URLLC",
        "lat_ms": 5,
        "jitter_ms": 1,
        "loss_pct": 0.01,
        "throughput_mbps": 50,
        "edge_load": 0.3
      }
    },
    {
      "turn": 2,
      "speaker": "user",
      "intent": "confirm mission start and request route to target",
      "actions": [
        {
          "type": "mcp",
          "name": "set_waypoint",
          "args": {
            "x": 400,
            "y": 400,
            "z": 80
          }
        }
      ],
      "obs": [
        {
          "tool": "set_waypoint",
          "result": {
            "status": "accepted",
            "eta_s": 45
          }
        }
      ],
      "net": {
        "slice": "eMBB",
        "lat_ms": 12,
        "jitter_ms": 3,
        "loss_pct": 0.1,
        "throughput_mbps": 100,
        "edge_load": 0.5
      }
    },
    {
      "turn": 3,
      "speaker": "agent",
      "intent": "initiate swarm coordination for path validation",
      "actions": [
        {
          "type": "a2a",
          "task": "collision_avoidance",
          "to": "uav_swarm_agent",
          "payload": {
            "route": [
              {
                "x": 50,
                "y": 50,
                "z": 50
              },
              {
                "x": 400,
                "y": 400,
                "z": 80
              }
            ]
          }
        }
      ],
      "obs": [
        {
          "task": "collision_avoidance",
          "from": "uav_swarm_agent",
          "status": "ok",
          "payload": {
            "clearance": true,
            "suggested_alt": 80
          }
        }
      ],
      "net": {
        "slice": "URLLC",
        "lat_ms": 6,
        "jitter_ms": 1.5,
        "loss_pct": 0.02,
        "throughput_mbps": 45,
        "edge_load": 0.4
      }
    },
    {
      "turn": 4,
      "speaker": "user",
      "intent": "request thermal sensor activation",
      "actions": [
        {
          "type": "mcp",
          "name": "activate_sensor",
          "args": {
            "sensor": "thermal"
          }
        }
      ],
      "obs": [
        {
          "tool": "activate_sensor",
          "result": {
            "sensor": "thermal",
            "status": "failed",
            "reason": "hardware_fault"
          }
        }
      ],
      "net": {
        "slice": "mMTC",
        "lat_ms": 50,
        "jitter_ms": 10,
        "loss_pct": 1.2,
        "throughput_mbps": 1,
        "edge_load": 0.8
      }
    },
    {
      "turn": 5,
      "speaker": "agent",
      "intent": "adapt to sensor failure and degraded network",
      "actions": [
        {
          "type": "mcp",
          "name": "switch_sensor_mode",
          "args": {
            "primary": "lidar",
            "fallback": "rgb"
          }
        }
      ],
      "obs": [
        {
          "tool": "switch_sensor_mode",
          "result": {
            "status": "success",
            "active": "lidar"
          }
        }
      ],
      "net": {
        "slice": "URLLC",
        "lat_ms": 4,
        "jitter_ms": 0.8,
        "loss_pct": 0.01,
        "throughput_mbps": 55,
        "edge_load": 0.35
      }
    },
    {
      "turn": 6,
      "speaker": "user",
      "intent": "verify current position and battery",
      "actions": [
        {
          "type": "mcp",
          "name": "read_telemetry",
          "args": {}
        }
      ],
      "obs": [
        {
          "tool": "read_telemetry",
          "result": {
            "pose": {
              "x": 180.0,
              "y": 180.0,
              "z": 80.0
            },
            "battery_pct": 88.5,
            "speed_mps": 17.5
          }
        }
      ],
      "net": {
        "slice": "eMBB",
        "lat_ms": 15,
        "jitter_ms": 4,
        "loss_pct": 0.2,
        "throughput_mbps": 90,
        "edge_load": 0.6
      }
    },
    {
      "turn": 7,
      "speaker": "agent",
      "intent": "initiate mid-mission swarm sync",
      "actions": [
        {
          "type": "a2a",
          "task": "update_swarm_position",
          "to": "uav_swarm_agent",
          "payload": {
            "uav_id": "uav_01",
            "x": 180,
            "y": 180,
            "z": 80
          }
        }
      ],
      "obs": [
        {
          "task": "update_swarm_position",
          "from": "uav_swarm_agent",
          "status": "acknowledged",
          "payload": {
            "next_sync": 30
          }
        }
      ],
      "net": {
        "slice": "URLLC",
        "lat_ms": 5,
        "jitter_ms": 1,
        "loss_pct": 0.01,
        "throughput_mbps": 50,
        "edge_load": 0.3
      }
    },
    {
      "turn": 8,
      "speaker": "user",
      "intent": "request emergency hover due to signal degradation",
      "actions": [
        {
          "type": "mcp",
          "name": "set_hover",
          "args": {}
        }
      ],
      "obs": [
        {
          "tool": "set_hover",
          "result": {
            "status": "active",
            "reason": "network_stability_check"
          }
        }
      ],
      "net": {
        "slice": "mMTC",
        "lat_ms": 200,
        "jitter_ms": 50,
        "loss_pct": 5.0,
        "throughput_mbps": 0.5,
        "edge_load": 0.95
      }
    },
    {
      "turn": 9,
      "speaker": "agent",
      "intent": "resume mission after network recovery",
      "actions": [
        {
          "type": "mcp",
          "name": "resume_route",
          "args": {}
        }
      ],
      "obs": [
        {
          "tool": "resume_route",
          "result": {
            "status": "resumed",
            "eta_s": 28
          }
        }
      ],
      "net": {
        "slice": "URLLC",
        "lat_ms": 6,
        "jitter_ms": 1.2,
        "loss_pct": 0.03,
        "throughput_mbps": 48,
        "edge_load": 0.38
      }
    },
    {
      "turn": 10,
      "speaker": "user",
      "intent": "confirm arrival and mission completion",
      "actions": [
        {
          "type": "mcp",
          "name": "read_telemetry",
          "args": {}
        }
      ],
      "obs": [
        {
          "tool": "read_telemetry",
          "result": {
            "pose": {
              "x": 400.0,
              "y": 400.0,
              "z": 80.0
            },
            "battery_pct": 76.0,
            "speed_mps": 0.0
          }
        }
      ],
      "net": {
        "slice": "URLLC",
        "lat_ms": 5,
        "jitter_ms": 1,
        "loss_pct": 0.01,
        "throughput_mbps": 52,
        "edge_load": 0.32
      }
    }
  ],
  "final_state": {
    "domain": "uav",
    "time_s": 45.0,
    "env": {
      "weather": "snow",
      "wind_mps": 6.5,
      "wind_dir_deg": 240.0
    },
    "airspace": {
      "alt_bounds": [
        20.0,
        120.0
      ],
      "geofence": [
        {
          "type": "polygon",
          "points": [
            [
              0,
              0
            ],
            [
              0,
              500
            ],
            [
              500,
              500
            ],
            [
              500,
              0
            ]
          ]
        }
      ]
    },
    "uav": {
      "pose": {
        "x": 400.0,
        "y": 400.0,
        "z": 80.0,
        "yaw": 90.0
      },
      "speed_mps": 0.0,
      "energy": {
        "battery_pct": 76.0
      },
      "sensors": {
        "rgb": "ok",
        "thermal": "offline",
        "lidar": "ok",
        "radar": "offline",
        "gnss": "ok",
        "imu": "ok",
        "magnetometer": "ok",
        "barometer": "ok"
      },
      "payloads": []
    },
    "policy": {
      "alt_bounds": [
        20.0,
        120.0
      ]
    },
    "safety_flags": {
      "nfz_violation": false,
      "separation_breach": false
    }
  },
  "success": true,
  "_meta": {
    "seed": 42,
    "ts": 1763695847,
    "ts_iso": "2025-11-21T03:30:47Z",
    "gen_time_s": 57.02478337287903,
    "attempts_used": 1,
    "generation_failed": false,
    "usage": {
      "prompt_tokens": 1040,
      "completion_tokens": 2969,
      "total_tokens": 4009,
      "cost": 0.00253536,
      "is_byok": false,
      "prompt_tokens_details": {
        "cached_tokens": 624,
        "audio_tokens": 0,
        "video_tokens": 0
      },
      "cost_details": {
        "upstream_inference_cost": null,
        "upstream_inference_prompt_cost": 0.00016016,
        "upstream_inference_completions_cost": 0.0023752
      },
      "completion_tokens_details": {
        "reasoning_tokens": 0,
        "image_tokens": 0
      }
    }
  }
}