{
  "initial_state": {
    "domain": "uav",
    "time_s": 0.0,
    "env": {
      "weather": "hail",
      "wind_mps": 7.5,
      "wind_dir_deg": 240.0
    },
    "airspace": {
      "alt_bounds": [
        5.0,
        120.0
      ],
      "geofence": [
        {
          "type": "polygon",
          "points": [
            [
              0.0,
              0.0
            ],
            [
              200.0,
              0.0
            ],
            [
              200.0,
              200.0
            ],
            [
              0.0,
              200.0
            ]
          ]
        }
      ]
    },
    "uav": {
      "pose": {
        "x": 20.0,
        "y": 20.0,
        "z": 10.0,
        "yaw": 90.0
      },
      "speed_mps": 18.0,
      "energy": {
        "battery_pct": 100.0
      },
      "sensors": {
        "rgb": "ok",
        "thermal": "ok",
        "lidar": "ok",
        "radar": "offline",
        "gnss": "ok",
        "imu": "ok",
        "magnetometer": "ok",
        "barometer": "ok"
      },
      "payloads": []
    },
    "policy": {
      "alt_bounds": [
        5.0,
        120.0
      ]
    },
    "safety_flags": {
      "nfz_violation": false,
      "separation_breach": false
    }
  },
  "dialogue": [
    {
      "turn": 1,
      "speaker": "agent",
      "intent": "initiate inspection mission under adverse weather",
      "actions": [
        {
          "type": "mcp",
          "name": "read_telemetry",
          "args": {}
        },
        {
          "type": "mcp",
          "name": "activate_sensor",
          "args": {
            "sensor": "thermal"
          }
        }
      ],
      "obs": [
        {
          "tool": "read_telemetry",
          "result": {
            "pose": {
              "x": 20.0,
              "y": 20.0,
              "z": 10.0
            },
            "battery_pct": 100.0,
            "speed_mps": 18.0
          }
        },
        {
          "tool": "activate_sensor",
          "result": {
            "sensor": "thermal",
            "status": "activated"
          }
        }
      ],
      "net": {
        "slice": "eMBB",
        "lat_ms": 12,
        "jitter_ms": 2,
        "loss_pct": 0.1,
        "throughput_mbps": 850,
        "edge_load": 0.45
      }
    },
    {
      "turn": 2,
      "speaker": "user",
      "intent": "request weather adaptation plan",
      "actions": [
        {
          "type": "mcp",
          "name": "get_weather_status",
          "args": {}
        }
      ],
      "obs": [
        {
          "tool": "get_weather_status",
          "result": {
            "weather": "hail",
            "risk_level": "high",
            "advice": "reduce altitude and speed"
          }
        }
      ],
      "net": {
        "slice": "URLLC",
        "lat_ms": 8,
        "jitter_ms": 1,
        "loss_pct": 0.05,
        "throughput_mbps": 120,
        "edge_load": 0.3
      }
    },
    {
      "turn": 3,
      "speaker": "agent",
      "intent": "adjust flight parameters for hail safety",
      "actions": [
        {
          "type": "mcp",
          "name": "set_speed",
          "args": {
            "speed_mps": 12.0
          }
        },
        {
          "type": "mcp",
          "name": "set_altitude",
          "args": {
            "z": 8.0
          }
        }
      ],
      "obs": [
        {
          "tool": "set_speed",
          "result": {
            "achieved": 12.0,
            "status": "stable"
          }
        },
        {
          "tool": "set_altitude",
          "result": {
            "target": 8.0,
            "status": "descending"
          }
        }
      ],
      "net": {
        "slice": "URLLC",
        "lat_ms": 9,
        "jitter_ms": 1.5,
        "loss_pct": 0.08,
        "throughput_mbps": 110,
        "edge_load": 0.32
      }
    },
    {
      "turn": 4,
      "speaker": "user",
      "intent": "authorize spiral inspection of tower",
      "actions": [
        {
          "type": "a2a",
          "task": "request_flight_path",
          "to": "planning_agent",
          "payload": {
            "target": "tower_45",
            "pattern": "spiral",
            "resolution": "high"
          }
        }
      ],
      "obs": [
        {
          "task": "request_flight_path",
          "from": "planning_agent",
          "status": "ok",
          "payload": {
            "waypoints": [
              {
                "x": 45.0,
                "y": 45.0,
                "z": 15.0
              },
              {
                "x": 45.5,
                "y": 45.5,
                "z": 25.0
              }
            ],
            "estimated_duration_s": 90
          }
        }
      ],
      "net": {
        "slice": "eMBB",
        "lat_ms": 15,
        "jitter_ms": 3,
        "loss_pct": 0.2,
        "throughput_mbps": 700,
        "edge_load": 0.6
      }
    },
    {
      "turn": 5,
      "speaker": "agent",
      "intent": "execute spiral inspection with sensor coordination",
      "actions": [
        {
          "type": "mcp",
          "name": "follow_waypoints",
          "args": {
            "waypoints": [
              {
                "x": 45.0,
                "y": 45.0,
                "z": 15.0
              },
              {
                "x": 45.5,
                "y": 45.5,
                "z": 25.0
              }
            ]
          }
        },
        {
          "type": "mcp",
          "name": "capture_image",
          "args": {
            "sensor": "rgb",
            "mode": "burst",
            "count": 5
          }
        }
      ],
      "obs": [
        {
          "tool": "follow_waypoints",
          "result": {
            "status": "in_progress",
            "current_waypoint": 0
          }
        },
        {
          "tool": "capture_image",
          "result": {
            "captured": 5,
            "format": "jpg",
            "stored_at": "/data/images/tower_45_001.jpg"
          }
        }
      ],
      "net": {
        "slice": "eMBB",
        "lat_ms": 14,
        "jitter_ms": 2.5,
        "loss_pct": 0.15,
        "throughput_mbps": 780,
        "edge_load": 0.55
      }
    },
    {
      "turn": 6,
      "speaker": "user",
      "intent": "check for nearby UAVs and coordinate",
      "actions": [
        {
          "type": "a2a",
          "task": "collision_avoidance_check",
          "to": "uav_swarm_agent",
          "payload": {
            "current_pose": {
              "x": 45.0,
              "y": 45.0,
              "z": 15.0
            },
            "trajectory": "spiral_up"
          }
        }
      ],
      "obs": [
        {
          "task": "collision_avoidance_check",
          "from": "uav_swarm_agent",
          "status": "clear",
          "payload": {
            "nearest_uav": "uav_7",
            "distance_m": 42.3,
            "relative_velocity": 3.1
          }
        }
      ],
      "net": {
        "slice": "URLLC",
        "lat_ms": 7,
        "jitter_ms": 0.8,
        "loss_pct": 0.02,
        "throughput_mbps": 150,
        "edge_load": 0.25
      }
    },
    {
      "turn": 7,
      "speaker": "agent",
      "intent": "detect hail-induced damage with thermal imaging",
      "actions": [
        {
          "type": "mcp",
          "name": "run_diagnostic",
          "args": {
            "test": "thermal_scan",
            "target_area": "tower_base"
          }
        }
      ],
      "obs": [
        {
          "tool": "run_diagnostic",
          "result": {
            "anomaly_detected": true,
            "location": "tower_base_nw",
            "temperature_delta_c": 6.7,
            "confidence": 0.92
          }
        }
      ],
      "net": {
        "slice": "mMTC",
        "lat_ms": 25,
        "jitter_ms": 5,
        "loss_pct": 0.5,
        "throughput_mbps": 1.2,
        "edge_load": 0.75
      }
    },
    {
      "turn": 8,
      "speaker": "user",
      "intent": "request damage report and mitigation",
      "actions": [
        {
          "type": "mcp",
          "name": "generate_report",
          "args": {
            "type": "structural_damage",
            "priority": "high"
          }
        }
      ],
      "obs": [
        {
          "tool": "generate_report",
          "result": {
            "status": "completed",
            "report_id": "RPT-4567",
            "findings": [
              "hail impact on tower base",
              "thermal anomaly indicates internal damage"
            ],
            "recommendations": [
              "schedule maintenance",
              "reinforce base coating"
            ]
          }
        }
      ],
      "net": {
        "slice": "eMBB",
        "lat_ms": 16,
        "jitter_ms": 3.2,
        "loss_pct": 0.18,
        "throughput_mbps": 720,
        "edge_load": 0.58
      }
    },
    {
      "turn": 9,
      "speaker": "agent",
      "intent": "return to safe holding point",
      "actions": [
        {
          "type": "mcp",
          "name": "set_waypoint",
          "args": {
            "x": 25.0,
            "y": 25.0,
            "z": 10.0
          }
        }
      ],
      "obs": [
        {
          "tool": "set_waypoint",
          "result": {
            "waypoint_set": {
              "x": 25.0,
              "y": 25.0,
              "z": 10.0
            },
            "status": "en_route"
          }
        }
      ],
      "net": {
        "slice": "URLLC",
        "lat_ms": 10,
        "jitter_ms": 1.2,
        "loss_pct": 0.07,
        "throughput_mbps": 130,
        "edge_load": 0.35
      }
    },
    {
      "turn": 10,
      "speaker": "user",
      "intent": "confirm mission success and data upload",
      "actions": [
        {
          "type": "mcp",
          "name": "upload_data",
          "args": {
            "destination": "cloud_inspection_db",
            "data_ids": [
              "RPT-4567",
              "/data/images/tower_45_001.jpg"
            ]
          }
        }
      ],
      "obs": [
        {
          "tool": "upload_data",
          "result": {
            "status": "success",
            "uploaded": 2,
            "failed": 0,
            "bandwidth_used_mbps": 85
          }
        }
      ],
      "net": {
        "slice": "eMBB",
        "lat_ms": 13,
        "jitter_ms": 2.1,
        "loss_pct": 0.12,
        "throughput_mbps": 800,
        "edge_load": 0.5
      }
    }
  ],
  "final_state": {
    "domain": "uav",
    "time_s": 120.0,
    "env": {
      "weather": "hail",
      "wind_mps": 7.5,
      "wind_dir_deg": 240.0
    },
    "airspace": {
      "alt_bounds": [
        5.0,
        120.0
      ],
      "geofence": [
        {
          "type": "polygon",
          "points": [
            [
              0.0,
              0.0
            ],
            [
              200.0,
              0.0
            ],
            [
              200.0,
              200.0
            ],
            [
              0.0,
              200.0
            ]
          ]
        }
      ]
    },
    "uav": {
      "pose": {
        "x": 25.0,
        "y": 25.0,
        "z": 10.0,
        "yaw": 90.0
      },
      "speed_mps": 10.0,
      "energy": {
        "battery_pct": 88.5
      },
      "sensors": {
        "rgb": "ok",
        "thermal": "ok",
        "lidar": "ok",
        "radar": "offline",
        "gnss": "ok",
        "imu": "ok",
        "magnetometer": "ok",
        "barometer": "ok"
      },
      "payloads": []
    },
    "policy": {
      "alt_bounds": [
        5.0,
        120.0
      ]
    },
    "safety_flags": {
      "nfz_violation": false,
      "separation_breach": false
    }
  },
  "success": true,
  "_meta": {
    "seed": 42,
    "ts": 1763970199,
    "ts_iso": "2025-11-24T07:43:19Z",
    "gen_time_s": 119.93119788169861,
    "attempts_used": 2,
    "generation_failed": false,
    "usage": {
      "prompt_tokens": 1106,
      "completion_tokens": 3510,
      "total_tokens": 4616,
      "cost": 0.00298444,
      "is_byok": false,
      "prompt_tokens_details": {
        "cached_tokens": 608,
        "audio_tokens": 0,
        "video_tokens": 0
      },
      "cost_details": {
        "upstream_inference_cost": null,
        "upstream_inference_prompt_cost": 0.00017644,
        "upstream_inference_completions_cost": 0.002808
      },
      "completion_tokens_details": {
        "reasoning_tokens": 0,
        "image_tokens": 0
      }
    }
  }
}