{
  "initial_state": {
    "domain": "uav",
    "time_s": 0.0,
    "env": {
      "weather": "snow",
      "wind_mps": 8.5,
      "wind_dir_deg": 290.0
    },
    "airspace": {
      "alt_bounds": [
        100.0,
        700.0
      ],
      "geofence": [
        {
          "type": "polygon",
          "points": [
            [
              500,
              500
            ],
            [
              2500,
              500
            ],
            [
              2500,
              2000
            ],
            [
              500,
              2000
            ]
          ]
        }
      ]
    },
    "uav": {
      "pose": {
        "x": 700.0,
        "y": 600.0,
        "z": 300.0,
        "yaw": 280.0
      },
      "speed_mps": 35.0,
      "energy": {
        "battery_pct": 100.0
      },
      "sensors": {
        "rgb": "ok",
        "thermal": "ok",
        "lidar": "offline",
        "radar": "ok",
        "gnss": "ok",
        "imu": "ok",
        "magnetometer": "ok",
        "barometer": "ok"
      },
      "payloads": []
    },
    "policy": {
      "alt_bounds": [
        100.0,
        700.0
      ]
    },
    "safety_flags": {
      "nfz_violation": false,
      "separation_breach": false
    }
  },
  "dialogue": [
    {
      "turn": 1,
      "speaker": "agent",
      "intent": "initiate_mission",
      "actions": [
        {
          "type": "mcp",
          "name": "read_telemetry",
          "args": {}
        }
      ],
      "obs": [
        {
          "tool": "read_telemetry",
          "result": {
            "pose": {
              "x": 700.0,
              "y": 600.0,
              "z": 300.0,
              "yaw": 280.0
            },
            "speed_mps": 35.0,
            "battery_pct": 100.0
          }
        }
      ],
      "net": {
        "slice": "eMBB",
        "lat_ms": 12,
        "jitter_ms": 3,
        "loss_pct": 0.1,
        "throughput_mbps": 850,
        "edge_load": 0.45
      }
    },
    {
      "turn": 2,
      "speaker": "user",
      "intent": "confirm_mission_start",
      "actions": [
        {
          "type": "mcp",
          "name": "check_weather",
          "args": {}
        }
      ],
      "obs": [
        {
          "tool": "check_weather",
          "result": {
            "weather": "snow",
            "wind_mps": 8.5,
            "wind_dir_deg": 290.0
          }
        }
      ],
      "net": {
        "slice": "eMBB",
        "lat_ms": 11,
        "jitter_ms": 2,
        "loss_pct": 0.1,
        "throughput_mbps": 870,
        "edge_load": 0.47
      }
    },
    {
      "turn": 3,
      "speaker": "agent",
      "intent": "request_swarm_coordination",
      "actions": [
        {
          "type": "a2a",
          "task": "collision_avoidance",
          "to": "uav_swarm_agent",
          "payload": {
            "current_pose": {
              "x": 700.0,
              "y": 600.0,
              "z": 300.0
            },
            "speed_mps": 35.0,
            "trajectory": [
              750.0,
              650.0,
              320.0
            ]
          }
        }
      ],
      "obs": [
        {
          "task": "collision_avoidance",
          "from": "uav_swarm_agent",
          "status": "ok",
          "payload": {
            "clearance": true,
            "recommended_alt": 320.0
          }
        }
      ],
      "net": {
        "slice": "URLLC",
        "lat_ms": 8,
        "jitter_ms": 1,
        "loss_pct": 0.05,
        "throughput_mbps": 120,
        "edge_load": 0.3
      }
    },
    {
      "turn": 4,
      "speaker": "user",
      "intent": "adjust_route_due_to_weather",
      "actions": [
        {
          "type": "mcp",
          "name": "plan_route",
          "args": {
            "origin": [
              700.0,
              600.0
            ],
            "destination": [
              2200.0,
              1800.0
            ],
            "obstacles": [
              "snow_accumulation_zone"
            ]
          }
        }
      ],
      "obs": [
        {
          "tool": "plan_route",
          "result": {
            "route": [
              [
                700.0,
                600.0
              ],
              [
                1200.0,
                1000.0
              ],
              [
                2200.0,
                1800.0
              ]
            ],
            "eta_s": 142.5,
            "battery_impact_pct": 18.3
          }
        }
      ],
      "net": {
        "slice": "eMBB",
        "lat_ms": 15,
        "jitter_ms": 4,
        "loss_pct": 0.2,
        "throughput_mbps": 800,
        "edge_load": 0.52
      }
    },
    {
      "turn": 5,
      "speaker": "agent",
      "intent": "execute_waypoint_transition",
      "actions": [
        {
          "type": "mcp",
          "name": "move_to",
          "args": {
            "waypoint": {
              "x": 1200.0,
              "y": 1000.0,
              "z": 320.0
            },
            "speed_mps": 35.0
          }
        }
      ],
      "obs": [
        {
          "tool": "move_to",
          "result": {
            "status": "in_progress",
            "current_pose": {
              "x": 950.0,
              "y": 800.0,
              "z": 320.0
            },
            "battery_pct": 96.2
          }
        }
      ],
      "net": {
        "slice": "URLLC",
        "lat_ms": 9,
        "jitter_ms": 1.5,
        "loss_pct": 0.08,
        "throughput_mbps": 110,
        "edge_load": 0.35
      }
    },
    {
      "turn": 6,
      "speaker": "user",
      "intent": "monitor_sensor_status",
      "actions": [
        {
          "type": "mcp",
          "name": "diagnose_sensor",
          "args": {
            "sensor": "lidar"
          }
        }
      ],
      "obs": [
        {
          "tool": "diagnose_sensor",
          "result": {
            "sensor": "lidar",
            "status": "offline",
            "diagnosis": "snow ingress detected",
            "recommendation": "switch to radar-thermal fusion"
          }
        }
      ],
      "net": {
        "slice": "mMTC",
        "lat_ms": 45,
        "jitter_ms": 12,
        "loss_pct": 2.1,
        "throughput_mbps": 1.2,
        "edge_load": 0.78
      }
    },
    {
      "turn": 7,
      "speaker": "agent",
      "intent": "adapt_sensing_strategy",
      "actions": [
        {
          "type": "mcp",
          "name": "activate_sensor_fusion",
          "args": {
            "mode": "radar_thermal",
            "confidence": 0.87
          }
        }
      ],
      "obs": [
        {
          "tool": "activate_sensor_fusion",
          "result": {
            "mode": "radar_thermal",
            "status": "active",
            "obstacle_detection_range_m": 450
          }
        }
      ],
      "net": {
        "slice": "URLLC",
        "lat_ms": 10,
        "jitter_ms": 2,
        "loss_pct": 0.12,
        "throughput_mbps": 100,
        "edge_load": 0.4
      }
    },
    {
      "turn": 8,
      "speaker": "user",
      "intent": "request_status_update",
      "actions": [
        {
          "type": "mcp",
          "name": "read_telemetry",
          "args": {}
        }
      ],
      "obs": [
        {
          "tool": "read_telemetry",
          "result": {
            "pose": {
              "x": 1200.0,
              "y": 1000.0,
              "z": 320.0
            },
            "speed_mps": 35.0,
            "battery_pct": 94.1
          }
        }
      ],
      "net": {
        "slice": "eMBB",
        "lat_ms": 13,
        "jitter_ms": 3,
        "loss_pct": 0.15,
        "throughput_mbps": 820,
        "edge_load": 0.5
      }
    },
    {
      "turn": 9,
      "speaker": "agent",
      "intent": "proceed_to_final_destination",
      "actions": [
        {
          "type": "mcp",
          "name": "move_to",
          "args": {
            "waypoint": {
              "x": 2200.0,
              "y": 1800.0,
              "z": 350.0
            },
            "speed_mps": 30.0
          }
        }
      ],
      "obs": [
        {
          "tool": "move_to",
          "result": {
            "status": "in_progress",
            "current_pose": {
              "x": 1700.0,
              "y": 1400.0,
              "z": 350.0
            },
            "battery_pct": 88.7
          }
        }
      ],
      "net": {
        "slice": "URLLC",
        "lat_ms": 8,
        "jitter_ms": 1,
        "loss_pct": 0.07,
        "throughput_mbps": 115,
        "edge_load": 0.33
      }
    },
    {
      "turn": 10,
      "speaker": "user",
      "intent": "verify_geofence_compliance",
      "actions": [
        {
          "type": "mcp",
          "name": "check_geofence",
          "args": {}
        }
      ],
      "obs": [
        {
          "tool": "check_geofence",
          "result": {
            "inside": true,
            "distance_to_boundary_m": 300.0,
            "violation_risk": "low"
          }
        }
      ],
      "net": {
        "slice": "mMTC",
        "lat_ms": 50,
        "jitter_ms": 15,
        "loss_pct": 3.0,
        "throughput_mbps": 0.8,
        "edge_load": 0.82
      }
    },
    {
      "turn": 11,
      "speaker": "agent",
      "intent": "complete_mission_and_land",
      "actions": [
        {
          "type": "mcp",
          "name": "land",
          "args": {
            "target_location": {
              "x": 2200.0,
              "y": 1800.0
            }
          }
        }
      ],
      "obs": [
        {
          "tool": "land",
          "result": {
            "status": "completed",
            "final_pose": {
              "x": 2200.0,
              "y": 1800.0,
              "z": 100.0
            },
            "battery_pct": 82.4
          }
        }
      ],
      "net": {
        "slice": "URLLC",
        "lat_ms": 7,
        "jitter_ms": 0.8,
        "loss_pct": 0.05,
        "throughput_mbps": 130,
        "edge_load": 0.28
      }
    }
  ],
  "final_state": {
    "domain": "uav",
    "time_s": 150.0,
    "env": {
      "weather": "snow",
      "wind_mps": 8.5,
      "wind_dir_deg": 290.0
    },
    "airspace": {
      "alt_bounds": [
        100.0,
        700.0
      ],
      "geofence": [
        {
          "type": "polygon",
          "points": [
            [
              500,
              500
            ],
            [
              2500,
              500
            ],
            [
              2500,
              2000
            ],
            [
              500,
              2000
            ]
          ]
        }
      ]
    },
    "uav": {
      "pose": {
        "x": 2200.0,
        "y": 1800.0,
        "z": 100.0,
        "yaw": 280.0
      },
      "speed_mps": 0.0,
      "energy": {
        "battery_pct": 82.4
      },
      "sensors": {
        "rgb": "ok",
        "thermal": "ok",
        "lidar": "offline",
        "radar": "ok",
        "gnss": "ok",
        "imu": "ok",
        "magnetometer": "ok",
        "barometer": "ok"
      },
      "payloads": []
    },
    "policy": {
      "alt_bounds": [
        100.0,
        700.0
      ]
    },
    "safety_flags": {
      "nfz_violation": false,
      "separation_breach": false
    }
  },
  "success": true,
  "_meta": {
    "seed": 42,
    "ts": 1763744141,
    "ts_iso": "2025-11-21T16:55:41Z",
    "gen_time_s": 52.06784725189209,
    "attempts_used": 1,
    "generation_failed": false,
    "usage": {
      "prompt_tokens": 1058,
      "completion_tokens": 3560,
      "total_tokens": 4618,
      "cost": 0.00301388,
      "is_byok": false,
      "prompt_tokens_details": {
        "cached_tokens": 608,
        "audio_tokens": 0,
        "video_tokens": 0
      },
      "cost_details": {
        "upstream_inference_cost": null,
        "upstream_inference_prompt_cost": 0.00016588,
        "upstream_inference_completions_cost": 0.002848
      },
      "completion_tokens_details": {
        "reasoning_tokens": 0,
        "image_tokens": 0
      }
    }
  }
}