{
  "initial_state": {
    "domain": "uav",
    "time_s": 0.0,
    "env": {
      "weather": "thermal_updrafts,lightning_risk",
      "wind_mps": 18.0,
      "wind_dir_deg": 270.0
    },
    "airspace": {
      "alt_bounds": [
        50.0,
        600.0
      ],
      "geofence": [
        {
          "type": "polygon",
          "points": [
            [
              0,
              0
            ],
            [
              2000,
              0
            ],
            [
              2000,
              2000
            ],
            [
              0,
              2000
            ]
          ]
        }
      ]
    },
    "uav": {
      "pose": {
        "x": 100.0,
        "y": 100.0,
        "z": 100.0,
        "yaw": 90.0
      },
      "speed_mps": 25.0,
      "energy": {
        "battery_pct": 100.0
      },
      "sensors": {
        "rgb": "ok",
        "thermal": "offline",
        "lidar": "offline",
        "radar": "offline",
        "gnss": "ok",
        "imu": "ok",
        "magnetometer": "ok",
        "barometer": "ok"
      },
      "payloads": []
    },
    "policy": {
      "alt_bounds": [
        50.0,
        600.0
      ]
    },
    "safety_flags": {
      "nfz_violation": false,
      "separation_breach": false
    }
  },
  "dialogue": [
    {
      "turn": 1,
      "speaker": "agent",
      "intent": "initiate_mission_and_assess_conditions",
      "actions": [
        {
          "type": "mcp",
          "name": "read_telemetry",
          "args": {}
        },
        {
          "type": "mcp",
          "name": "assess_weather_impact",
          "args": {
            "wind_mps": 18.0,
            "weather": "thermal_updrafts,lightning_risk"
          }
        }
      ],
      "obs": [
        {
          "tool": "read_telemetry",
          "result": {
            "pose": {
              "x": 100.0,
              "y": 100.0,
              "z": 100.0
            },
            "battery_pct": 100.0,
            "sensors": {
              "thermal": "offline"
            }
          }
        },
        {
          "tool": "assess_weather_impact",
          "result": {
            "crosswind_risk": "high",
            "lightning_threat": "moderate",
            "recommendation": "delay thermal activation"
          }
        }
      ],
      "net": {
        "slice": "URLLC",
        "lat_ms": 5,
        "jitter_ms": 1,
        "loss_pct": 0.01,
        "throughput_mbps": 50,
        "edge_load": 0.3
      }
    },
    {
      "turn": 2,
      "speaker": "user",
      "intent": "request_sensor_activation_and_path_adjustment",
      "actions": [
        {
          "type": "mcp",
          "name": "activate_sensor",
          "args": {
            "sensor": "thermal"
          }
        },
        {
          "type": "mcp",
          "name": "set_waypoint",
          "args": {
            "x": 1500,
            "y": 1500,
            "z": 400
          }
        }
      ],
      "obs": [
        {
          "tool": "activate_sensor",
          "result": {
            "sensor": "thermal",
            "status": "failed",
            "reason": "high lightning risk prohibits thermal activation"
          }
        },
        {
          "tool": "set_waypoint",
          "result": {
            "waypoint": {
              "x": 1500,
              "y": 1500,
              "z": 400
            },
            "status": "accepted"
          }
        }
      ],
      "net": {
        "slice": "eMBB",
        "lat_ms": 12,
        "jitter_ms": 3,
        "loss_pct": 0.1,
        "throughput_mbps": 120,
        "edge_load": 0.6
      }
    },
    {
      "turn": 3,
      "speaker": "agent",
      "intent": "initiate_collision_avoidance_swarm_coordination",
      "actions": [
        {
          "type": "a2a",
          "task": "collision_avoidance",
          "to": "uav_swarm_agent",
          "payload": {
            "current_pose": {
              "x": 100.0,
              "y": 100.0,
              "z": 100.0
            },
            "waypoint": {
              "x": 1500,
              "y": 1500,
              "z": 400
            },
            "timestamp": 1.2
          }
        }
      ],
      "obs": [
        {
          "task": "collision_avoidance",
          "from": "uav_swarm_agent",
          "status": "ok",
          "payload": {
            "clear_path": true,
            "recommended_alt_adjust": 0
          }
        }
      ],
      "net": {
        "slice": "URLLC",
        "lat_ms": 6,
        "jitter_ms": 1.2,
        "loss_pct": 0.02,
        "throughput_mbps": 45,
        "edge_load": 0.35
      }
    },
    {
      "turn": 4,
      "speaker": "user",
      "intent": "request_emergency_descent_due_to_wind_shear",
      "actions": [
        {
          "type": "mcp",
          "name": "read_wind_profile",
          "args": {
            "alt_range": [
              100,
              500
            ]
          }
        },
        {
          "type": "mcp",
          "name": "adjust_altitude",
          "args": {
            "target_z": 80
          }
        }
      ],
      "obs": [
        {
          "tool": "read_wind_profile",
          "result": {
            "shear_layer_detected": true,
            "max_shear": 15.0,
            "alt_critical": 120
          }
        },
        {
          "tool": "adjust_altitude",
          "result": {
            "target_z": 80,
            "status": "executing",
            "reason": "avoid wind shear layer"
          }
        }
      ],
      "net": {
        "slice": "URLLC",
        "lat_ms": 4,
        "jitter_ms": 0.8,
        "loss_pct": 0.01,
        "throughput_mbps": 55,
        "edge_load": 0.25
      }
    },
    {
      "turn": 5,
      "speaker": "agent",
      "intent": "monitor_battery_and_compensate_for_crosswind",
      "actions": [
        {
          "type": "mcp",
          "name": "compute_energy_consumption",
          "args": {
            "speed": 25,
            "crosswind_comp": true
          }
        },
        {
          "type": "mcp",
          "name": "adjust_heading",
          "args": {
            "delta_yaw": -15
          }
        }
      ],
      "obs": [
        {
          "tool": "compute_energy_consumption",
          "result": {
            "rate_pct_per_min": 2.1,
            "estimated_endurance": 42
          }
        },
        {
          "tool": "adjust_heading",
          "result": {
            "original_yaw": 90,
            "new_yaw": 75,
            "status": "applied"
          }
        }
      ],
      "net": {
        "slice": "URLLC",
        "lat_ms": 5,
        "jitter_ms": 1,
        "loss_pct": 0.01,
        "throughput_mbps": 50,
        "edge_load": 0.3
      }
    },
    {
      "turn": 6,
      "speaker": "user",
      "intent": "request_high_res_imagery_despite_network_degradation",
      "actions": [
        {
          "type": "mcp",
          "name": "activate_sensor",
          "args": {
            "sensor": "lidar"
          }
        }
      ],
      "obs": [
        {
          "tool": "activate_sensor",
          "result": {
            "sensor": "lidar",
            "status": "failed",
            "reason": "network degradation prevents high-bandwidth sensor activation"
          }
        }
      ],
      "net": {
        "slice": "eMBB",
        "lat_ms": 45,
        "jitter_ms": 15,
        "loss_pct": 5.0,
        "throughput_mbps": 15,
        "edge_load": 0.9
      }
    },
    {
      "turn": 7,
      "speaker": "agent",
      "intent": "switch_to_mmtc_and_retry_lidar_with_compression",
      "actions": [
        {
          "type": "mcp",
          "name": "switch_network_slice",
          "args": {
            "target": "mMTC"
          }
        },
        {
          "type": "mcp",
          "name": "activate_sensor",
          "args": {
            "sensor": "lidar",
            "mode": "low_res_compressed"
          }
        }
      ],
      "obs": [
        {
          "tool": "switch_network_slice",
          "result": {
            "from": "eMBB",
            "to": "mMTC",
            "status": "success"
          }
        },
        {
          "tool": "activate_sensor",
          "result": {
            "sensor": "lidar",
            "mode": "low_res_compressed",
            "status": "active"
          }
        }
      ],
      "net": {
        "slice": "mMTC",
        "lat_ms": 25,
        "jitter_ms": 5,
        "loss_pct": 1.0,
        "throughput_mbps": 1.2,
        "edge_load": 0.4
      }
    },
    {
      "turn": 8,
      "speaker": "user",
      "intent": "confirm_geofence_compliance_and_proceed",
      "actions": [
        {
          "type": "mcp",
          "name": "check_geofence",
          "args": {}
        }
      ],
      "obs": [
        {
          "tool": "check_geofence",
          "result": {
            "current_position": {
              "x": 450,
              "y": 460,
              "z": 80
            },
            "inside": true,
            "distance_to_boundary": 460
          }
        }
      ],
      "net": {
        "slice": "URLLC",
        "lat_ms": 5,
        "jitter_ms": 1.1,
        "loss_pct": 0.02,
        "throughput_mbps": 48,
        "edge_load": 0.32
      }
    },
    {
      "turn": 9,
      "speaker": "agent",
      "intent": "resume_normal_operations_and_reenable_thermal",
      "actions": [
        {
          "type": "mcp",
          "name": "assess_weather_impact",
          "args": {
            "wind_mps": 12.0,
            "weather": "thermal_updrafts"
          }
        },
        {
          "type": "mcp",
          "name": "activate_sensor",
          "args": {
            "sensor": "thermal"
          }
        }
      ],
      "obs": [
        {
          "tool": "assess_weather_impact",
          "result": {
            "lightning_threat": "low",
            "recommendation": "thermal activation safe"
          }
        },
        {
          "tool": "activate_sensor",
          "result": {
            "sensor": "thermal",
            "status": "active"
          }
        }
      ],
      "net": {
        "slice": "URLLC",
        "lat_ms": 6,
        "jitter_ms": 1.3,
        "loss_pct": 0.01,
        "throughput_mbps": 52,
        "edge_load": 0.28
      }
    },
    {
      "turn": 10,
      "speaker": "user",
      "intent": "request_return_to_base",
      "actions": [
        {
          "type": "mcp",
          "name": "set_waypoint",
          "args": {
            "x": 100,
            "y": 100,
            "z": 100
          }
        }
      ],
      "obs": [
        {
          "tool": "set_waypoint",
          "result": {
            "waypoint": {
              "x": 100,
              "y": 100,
              "z": 100
            },
            "status": "accepted"
          }
        }
      ],
      "net": {
        "slice": "URLLC",
        "lat_ms": 5,
        "jitter_ms": 0.9,
        "loss_pct": 0.01,
        "throughput_mbps": 50,
        "edge_load": 0.3
      }
    }
  ],
  "final_state": {
    "domain": "uav",
    "time_s": 600.0,
    "env": {
      "weather": "thermal_updrafts",
      "wind_mps": 12.0,
      "wind_dir_deg": 270.0
    },
    "airspace": {
      "alt_bounds": [
        50.0,
        600.0
      ],
      "geofence": [
        {
          "type": "polygon",
          "points": [
            [
              0,
              0
            ],
            [
              2000,
              0
            ],
            [
              2000,
              2000
            ],
            [
              0,
              2000
            ]
          ]
        }
      ]
    },
    "uav": {
      "pose": {
        "x": 100.0,
        "y": 100.0,
        "z": 100.0,
        "yaw": 75.0
      },
      "speed_mps": 20.0,
      "energy": {
        "battery_pct": 78.0
      },
      "sensors": {
        "rgb": "ok",
        "thermal": "ok",
        "lidar": "active",
        "radar": "offline",
        "gnss": "ok",
        "imu": "ok",
        "magnetometer": "ok",
        "barometer": "ok"
      },
      "payloads": []
    },
    "policy": {
      "alt_bounds": [
        50.0,
        600.0
      ]
    },
    "safety_flags": {
      "nfz_violation": false,
      "separation_breach": false
    }
  },
  "success": true,
  "_meta": {
    "seed": 42,
    "ts": 1763956034,
    "ts_iso": "2025-11-24T03:47:14Z",
    "gen_time_s": 56.97911214828491,
    "attempts_used": 1,
    "generation_failed": false,
    "usage": {
      "prompt_tokens": 1059,
      "completion_tokens": 3636,
      "total_tokens": 4695,
      "cost": 0.00302562,
      "is_byok": false,
      "prompt_tokens_details": {
        "cached_tokens": 1056,
        "audio_tokens": 0,
        "video_tokens": 0
      },
      "cost_details": {
        "upstream_inference_cost": null,
        "upstream_inference_prompt_cost": 0.00011682,
        "upstream_inference_completions_cost": 0.0029088
      },
      "completion_tokens_details": {
        "reasoning_tokens": 0,
        "image_tokens": 0
      }
    }
  }
}