{
  "initial_state": {
    "domain": "uav",
    "time_s": 0.0,
    "env": {
      "weather": "dust",
      "wind_mps": 9.5,
      "wind_dir_deg": 240.0
    },
    "airspace": {
      "alt_bounds": [
        5.0,
        120.0
      ],
      "geofence": [
        {
          "type": "polygon",
          "points": [
            [
              0,
              0
            ],
            [
              200,
              0
            ],
            [
              200,
              150
            ],
            [
              0,
              150
            ]
          ]
        }
      ]
    },
    "uav": {
      "pose": {
        "x": 10.0,
        "y": 10.0,
        "z": 20.0,
        "yaw": 90.0
      },
      "speed_mps": 22.0,
      "energy": {
        "battery_pct": 100.0
      },
      "sensors": {
        "rgb": "ok",
        "thermal": "ok",
        "lidar": "ok",
        "radar": "offline",
        "gnss": "ok",
        "imu": "ok",
        "magnetometer": "ok",
        "barometer": "ok"
      },
      "payloads": []
    },
    "policy": {
      "alt_bounds": [
        5.0,
        120.0
      ]
    },
    "safety_flags": {
      "nfz_violation": false,
      "separation_breach": false
    }
  },
  "dialogue": [
    {
      "turn": 1,
      "speaker": "agent",
      "intent": "initiate inspection mission under dust conditions",
      "actions": [
        {
          "type": "mcp",
          "name": "read_telemetry",
          "args": {}
        },
        {
          "type": "a2a",
          "task": "request_weather_update",
          "to": "weather_agent",
          "payload": {
            "location": [
              10.0,
              10.0
            ],
            "horizon": 300
          }
        }
      ],
      "obs": [
        {
          "tool": "read_telemetry",
          "result": {
            "pose": {
              "x": 10.0,
              "y": 10.0,
              "z": 20.0
            },
            "battery_pct": 100.0,
            "speed_mps": 22.0
          }
        },
        {
          "task": "request_weather_update",
          "from": "weather_agent",
          "status": "ok",
          "payload": {
            "forecast": "dust storm intensifying",
            "visibility_m": 400,
            "wind_gusts_mps": 14.0
          }
        }
      ],
      "net": {
        "slice": "eMBB",
        "lat_ms": 18,
        "jitter_ms": 3,
        "loss_pct": 0.1,
        "throughput_mbps": 120,
        "edge_load": 0.45
      }
    },
    {
      "turn": 2,
      "speaker": "user",
      "intent": "approve altitude increase for better visibility",
      "actions": [
        {
          "type": "mcp",
          "name": "set_altitude",
          "args": {
            "target_z": 80.0
          }
        }
      ],
      "obs": [
        {
          "tool": "set_altitude",
          "result": {
            "status": "accepted",
            "target_z": 80.0,
            "estimated_time_s": 4.2
          }
        }
      ],
      "net": {
        "slice": "eMBB",
        "lat_ms": 20,
        "jitter_ms": 4,
        "loss_pct": 0.2,
        "throughput_mbps": 110,
        "edge_load": 0.5
      }
    },
    {
      "turn": 3,
      "speaker": "agent",
      "intent": "ascend and monitor sensor stability",
      "actions": [
        {
          "type": "mcp",
          "name": "execute_maneuver",
          "args": {
            "maneuver": "climb",
            "target_z": 80.0
          }
        },
        {
          "type": "mcp",
          "name": "check_sensors",
          "args": {}
        }
      ],
      "obs": [
        {
          "tool": "execute_maneuver",
          "result": {
            "status": "in_progress",
            "current_z": 50.0,
            "time_remaining_s": 2.1
          }
        },
        {
          "tool": "check_sensors",
          "result": {
            "issues": [
              "radar still offline",
              "gnss signal degraded"
            ]
          }
        }
      ],
      "net": {
        "slice": "URLLC",
        "lat_ms": 8,
        "jitter_ms": 1,
        "loss_pct": 0.05,
        "throughput_mbps": 50,
        "edge_load": 0.3
      }
    },
    {
      "turn": 4,
      "speaker": "user",
      "intent": "switch to visual navigation due to gnss issue",
      "actions": [
        {
          "type": "mcp",
          "name": "activate_sensor",
          "args": {
            "sensor": "lidar"
          }
        },
        {
          "type": "a2a",
          "task": "activate_visual_odometry",
          "to": "navigation_subagent",
          "payload": {
            "fallback_mode": true
          }
        }
      ],
      "obs": [
        {
          "tool": "activate_sensor",
          "result": {
            "sensor": "lidar",
            "status": "active"
          }
        },
        {
          "task": "activate_visual_odometry",
          "from": "navigation_subagent",
          "status": "ok",
          "payload": {
            "mode": "lidar-visual fusion",
            "drift_rate_est": 0.3
          }
        }
      ],
      "net": {
        "slice": "URLLC",
        "lat_ms": 7,
        "jitter_ms": 1,
        "loss_pct": 0.03,
        "throughput_mbps": 45,
        "edge_load": 0.25
      }
    },
    {
      "turn": 5,
      "speaker": "agent",
      "intent": "proceed to inspection waypoint",
      "actions": [
        {
          "type": "mcp",
          "name": "set_waypoint",
          "args": {
            "x": 150.0,
            "y": 75.0,
            "z": 80.0
          }
        }
      ],
      "obs": [
        {
          "tool": "set_waypoint",
          "result": {
            "waypoint_id": "wp_01",
            "eta_s": 18.5,
            "path_clear": true
          }
        }
      ],
      "net": {
        "slice": "eMBB",
        "lat_ms": 25,
        "jitter_ms": 6,
        "loss_pct": 1.5,
        "throughput_mbps": 80,
        "edge_load": 0.6
      }
    },
    {
      "turn": 6,
      "speaker": "user",
      "intent": "request high-res thermal capture at waypoint",
      "actions": [
        {
          "type": "mcp",
          "name": "schedule_payload_task",
          "args": {
            "payload": "thermal_camera",
            "action": "capture",
            "mode": "high_res",
            "trigger": "on_waypoint_reach"
          }
        }
      ],
      "obs": [
        {
          "tool": "schedule_payload_task",
          "result": {
            "task_id": "thm_001",
            "status": "scheduled",
            "expected_data_size_mb": 12.5
          }
        }
      ],
      "net": {
        "slice": "eMBB",
        "lat_ms": 30,
        "jitter_ms": 10,
        "loss_pct": 2.0,
        "throughput_mbps": 60,
        "edge_load": 0.75
      }
    },
    {
      "turn": 7,
      "speaker": "agent",
      "intent": "adapt to network degradation by compressing data",
      "actions": [
        {
          "type": "mcp",
          "name": "adjust_compression",
          "args": {
            "codec": "h265",
            "quality": "medium",
            "target_size_mb": 5.0
          }
        },
        {
          "type": "a2a",
          "task": "notify_data_compression",
          "to": "ground_station_agent",
          "payload": {
            "reduced_bandwidth": true,
            "estimated_completion": 0.68
          }
        }
      ],
      "obs": [
        {
          "tool": "adjust_compression",
          "result": {
            "status": "applied",
            "actual_size_mb": 4.8
          }
        },
        {
          "task": "notify_data_compression",
          "from": "ground_station_agent",
          "status": "acknowledged",
          "payload": {
            "buffer_available": true
          }
        }
      ],
      "net": {
        "slice": "mMTC",
        "lat_ms": 50,
        "jitter_ms": 20,
        "loss_pct": 5.0,
        "throughput_mbps": 1.2,
        "edge_load": 0.9
      }
    },
    {
      "turn": 8,
      "speaker": "user",
      "intent": "abort high-res task due to poor link",
      "actions": [
        {
          "type": "mcp",
          "name": "cancel_task",
          "args": {
            "task_id": "thm_001"
          }
        },
        {
          "type": "mcp",
          "name": "capture_image",
          "args": {
            "sensor": "thermal",
            "resolution": "low"
          }
        }
      ],
      "obs": [
        {
          "tool": "cancel_task",
          "result": {
            "task_id": "thm_001",
            "status": "terminated",
            "data_saved_mb": 0.0
          }
        },
        {
          "tool": "capture_image",
          "result": {
            "image_id": "thm_002",
            "resolution": "320x240",
            "size_mb": 0.4,
            "quality": "usable"
          }
        }
      ],
      "net": {
        "slice": "URLLC",
        "lat_ms": 9,
        "jitter_ms": 2,
        "loss_pct": 0.1,
        "throughput_mbps": 55,
        "edge_load": 0.35
      }
    },
    {
      "turn": 9,
      "speaker": "agent",
      "intent": "return to base due to battery and weather",
      "actions": [
        {
          "type": "mcp",
          "name": "calculate_return_path",
          "args": {
            "home": [
              10.0,
              10.0
            ],
            "buffer_battery_pct": 20.0
          }
        }
      ],
      "obs": [
        {
          "tool": "calculate_return_path",
          "result": {
            "path_valid": true,
            "required_battery_pct": 18.0,
            "current_battery_pct": 88.0
          }
        }
      ],
      "net": {
        "slice": "URLLC",
        "lat_ms": 7,
        "jitter_ms": 1,
        "loss_pct": 0.05,
        "throughput_mbps": 60,
        "edge_load": 0.2
      }
    },
    {
      "turn": 10,
      "speaker": "user",
      "intent": "confirm return to base",
      "actions": [
        {
          "type": "mcp",
          "name": "set_waypoint",
          "args": {
            "x": 10.0,
            "y": 10.0,
            "z": 20.0
          }
        }
      ],
      "obs": [
        {
          "tool": "set_waypoint",
          "result": {
            "waypoint_id": "home",
            "eta_s": 22.0,
            "status": "locked"
          }
        }
      ],
      "net": {
        "slice": "URLLC",
        "lat_ms": 8,
        "jitter_ms": 1,
        "loss_pct": 0.04,
        "throughput_mbps": 58,
        "edge_load": 0.22
      }
    },
    {
      "turn": 11,
      "speaker": "agent",
      "intent": "land safely and report completion",
      "actions": [
        {
          "type": "mcp",
          "name": "execute_maneuver",
          "args": {
            "maneuver": "land",
            "target_z": 5.0
          }
        },
        {
          "type": "a2a",
          "task": "mission_summary",
          "to": "mission_control_agent",
          "payload": {
            "images_captured": 1,
            "data_transmitted_mb": 4.8,
            "battery_remaining_pct": 72.0
          }
        }
      ],
      "obs": [
        {
          "tool": "execute_maneuver",
          "result": {
            "status": "completed",
            "final_z": 5.0,
            "ground_contact": true
          }
        },
        {
          "task": "mission_summary",
          "from": "mission_control_agent",
          "status": "received",
          "payload": {
            "archive_id": "m_20250405_01a",
            "status": "archived"
          }
        }
      ],
      "net": {
        "slice": "URLLC",
        "lat_ms": 6,
        "jitter_ms": 1,
        "loss_pct": 0.02,
        "throughput_mbps": 65,
        "edge_load": 0.18
      }
    }
  ],
  "final_state": {
    "domain": "uav",
    "time_s": 125.0,
    "env": {
      "weather": "dust",
      "wind_mps": 10.2,
      "wind_dir_deg": 245.0
    },
    "airspace": {
      "alt_bounds": [
        5.0,
        120.0
      ],
      "geofence": [
        {
          "type": "polygon",
          "points": [
            [
              0,
              0
            ],
            [
              200,
              0
            ],
            [
              200,
              150
            ],
            [
              0,
              150
            ]
          ]
        }
      ]
    },
    "uav": {
      "pose": {
        "x": 10.0,
        "y": 10.0,
        "z": 5.0,
        "yaw": 90.0
      },
      "speed_mps": 0.0,
      "energy": {
        "battery_pct": 72.0
      },
      "sensors": {
        "rgb": "ok",
        "thermal": "ok",
        "lidar": "active",
        "radar": "offline",
        "gnss": "recovering",
        "imu": "ok",
        "magnetometer": "ok",
        "barometer": "ok"
      },
      "payloads": []
    },
    "policy": {
      "alt_bounds": [
        5.0,
        120.0
      ]
    },
    "safety_flags": {
      "nfz_violation": false,
      "separation_breach": false
    }
  },
  "success": true,
  "_meta": {
    "seed": 42,
    "ts": 1764068133,
    "ts_iso": "2025-11-25T10:55:33Z",
    "gen_time_s": 43.61075019836426,
    "attempts_used": 1,
    "generation_failed": false,
    "usage": {
      "prompt_tokens": 1047,
      "completion_tokens": 3804,
      "total_tokens": 4851,
      "cost": 0.00320666,
      "is_byok": false,
      "prompt_tokens_details": {
        "cached_tokens": 608,
        "audio_tokens": 0,
        "video_tokens": 0
      },
      "cost_details": {
        "upstream_inference_cost": null,
        "upstream_inference_prompt_cost": 0.00016346,
        "upstream_inference_completions_cost": 0.0030432
      },
      "completion_tokens_details": {
        "reasoning_tokens": 0,
        "image_tokens": 0
      }
    }
  }
}