{
  "initial_state": {
    "domain": "uav",
    "time_s": 0.0,
    "env": {
      "weather": "snow",
      "wind_mps": 3.5,
      "wind_dir_deg": 210.0
    },
    "airspace": {
      "alt_bounds": [
        1.0,
        15.0
      ],
      "geofence": [
        {
          "type": "polygon",
          "points": [
            [
              0.0,
              0.0
            ],
            [
              50.0,
              0.0
            ],
            [
              50.0,
              40.0
            ],
            [
              0.0,
              40.0
            ]
          ]
        }
      ]
    },
    "uav": {
      "pose": {
        "x": 5.0,
        "y": 5.0,
        "z": 3.0,
        "yaw": 90.0
      },
      "speed_mps": 22.0,
      "energy": {
        "battery_pct": 100.0
      },
      "sensors": {
        "rgb": "ok",
        "thermal": "ok",
        "lidar": "ok",
        "radar": "offline",
        "gnss": "ok",
        "imu": "ok",
        "magnetometer": "ok",
        "barometer": "ok"
      },
      "payloads": []
    },
    "policy": {
      "alt_bounds": [
        1.0,
        15.0
      ]
    },
    "safety_flags": {
      "nfz_violation": false,
      "separation_breach": false
    }
  },
  "dialogue": [
    {
      "turn": 1,
      "speaker": "agent",
      "intent": "initiate_recon_mission",
      "actions": [
        {
          "type": "mcp",
          "name": "read_telemetry",
          "args": {}
        },
        {
          "type": "a2a",
          "task": "request_weather_update",
          "to": "weather_agent",
          "payload": {
            "location": {
              "x": 5.0,
              "y": 5.0
            }
          }
        }
      ],
      "obs": [
        {
          "tool": "read_telemetry",
          "result": {
            "pose": {
              "x": 5.0,
              "y": 5.0,
              "z": 3.0
            },
            "battery_pct": 100.0,
            "speed_mps": 22.0
          }
        },
        {
          "task": "request_weather_update",
          "from": "weather_agent",
          "status": "ok",
          "payload": {
            "precipitation": "snow",
            "visibility_m": 800
          }
        }
      ],
      "net": {
        "slice": "eMBB",
        "lat_ms": 12,
        "jitter_ms": 2,
        "loss_pct": 0.1,
        "throughput_mbps": 950,
        "edge_load": 0.3
      }
    },
    {
      "turn": 2,
      "speaker": "user",
      "intent": "approve_mission",
      "actions": [
        {
          "type": "mcp",
          "name": "set_waypoint",
          "args": {
            "x": 40.0,
            "y": 35.0,
            "z": 12.0
          }
        }
      ],
      "obs": [
        {
          "tool": "set_waypoint",
          "result": {
            "status": "accepted",
            "eta_s": 45
          }
        }
      ],
      "net": {
        "slice": "eMBB",
        "lat_ms": 14,
        "jitter_ms": 3,
        "loss_pct": 0.2,
        "throughput_mbps": 920,
        "edge_load": 0.35
      }
    },
    {
      "turn": 3,
      "speaker": "agent",
      "intent": "navigate_to_waypoint",
      "actions": [
        {
          "type": "mcp",
          "name": "execute_maneuver",
          "args": {
            "maneuver": "fly_to",
            "target": {
              "x": 40.0,
              "y": 35.0,
              "z": 12.0
            }
          }
        }
      ],
      "obs": [
        {
          "tool": "execute_maneuver",
          "result": {
            "status": "in_progress",
            "current_speed": 18.0,
            "battery_drain_rate_pct_per_s": 0.05
          }
        }
      ],
      "net": {
        "slice": "URLLC",
        "lat_ms": 8,
        "jitter_ms": 1,
        "loss_pct": 0.05,
        "throughput_mbps": 100,
        "edge_load": 0.2
      }
    },
    {
      "turn": 4,
      "speaker": "user",
      "intent": "request_status_update",
      "actions": [
        {
          "type": "mcp",
          "name": "read_telemetry",
          "args": {}
        }
      ],
      "obs": [
        {
          "tool": "read_telemetry",
          "result": {
            "pose": {
              "x": 22.0,
              "y": 18.0,
              "z": 10.5
            },
            "battery_pct": 97.8,
            "speed_mps": 18.0
          }
        }
      ],
      "net": {
        "slice": "eMBB",
        "lat_ms": 15,
        "jitter_ms": 4,
        "loss_pct": 0.3,
        "throughput_mbps": 880,
        "edge_load": 0.4
      }
    },
    {
      "turn": 5,
      "speaker": "agent",
      "intent": "detect_anomaly",
      "actions": [
        {
          "type": "mcp",
          "name": "activate_sensor",
          "args": {
            "sensor": "thermal"
          }
        },
        {
          "type": "a2a",
          "task": "collision_avoidance_scan",
          "to": "uav_swarm_agent",
          "payload": {
            "current_pose": {
              "x": 22.0,
              "y": 18.0,
              "z": 10.5
            },
            "velocity": 18.0
          }
        }
      ],
      "obs": [
        {
          "tool": "activate_sensor",
          "result": {
            "status": "active",
            "data_rate_kbps": 2048
          }
        },
        {
          "task": "collision_avoidance_scan",
          "from": "uav_swarm_agent",
          "status": "ok",
          "payload": {
            "obstacles": [],
            "recommended_alt": 11.0
          }
        }
      ],
      "net": {
        "slice": "URLLC",
        "lat_ms": 7,
        "jitter_ms": 1,
        "loss_pct": 0.04,
        "throughput_mbps": 120,
        "edge_load": 0.18
      }
    },
    {
      "turn": 6,
      "speaker": "user",
      "intent": "adjust_altitude_due_to_snow",
      "actions": [
        {
          "type": "mcp",
          "name": "set_waypoint",
          "args": {
            "x": 40.0,
            "y": 35.0,
            "z": 14.0
          }
        }
      ],
      "obs": [
        {
          "tool": "set_waypoint",
          "result": {
            "status": "updated",
            "new_z": 14.0
          }
        }
      ],
      "net": {
        "slice": "mMTC",
        "lat_ms": 50,
        "jitter_ms": 10,
        "loss_pct": 1.5,
        "throughput_mbps": 1.2,
        "edge_load": 0.7
      }
    },
    {
      "turn": 7,
      "speaker": "agent",
      "intent": "adapt_to_network_degradation",
      "actions": [
        {
          "type": "mcp",
          "name": "execute_maneuver",
          "args": {
            "maneuver": "climb",
            "target_z": 14.0
          }
        },
        {
          "type": "mcp",
          "name": "deactivate_sensor",
          "args": {
            "sensor": "rgb"
          }
        }
      ],
      "obs": [
        {
          "tool": "execute_maneuver",
          "result": {
            "status": "completed",
            "final_z": 14.0
          }
        },
        {
          "tool": "deactivate_sensor",
          "result": {
            "status": "deactivated",
            "power_saved_watts": 15
          }
        }
      ],
      "net": {
        "slice": "mMTC",
        "lat_ms": 55,
        "jitter_ms": 12,
        "loss_pct": 2.0,
        "throughput_mbps": 0.8,
        "edge_load": 0.75
      }
    },
    {
      "turn": 8,
      "speaker": "user",
      "intent": "resume_high_fidelity_sensing",
      "actions": [
        {
          "type": "mcp",
          "name": "activate_sensor",
          "args": {
            "sensor": "lidar"
          }
        }
      ],
      "obs": [
        {
          "tool": "activate_sensor",
          "result": {
            "status": "active",
            "resolution": "high",
            "fov_deg": 360
          }
        }
      ],
      "net": {
        "slice": "URLLC",
        "lat_ms": 9,
        "jitter_ms": 1,
        "loss_pct": 0.06,
        "throughput_mbps": 110,
        "edge_load": 0.22
      }
    },
    {
      "turn": 9,
      "speaker": "agent",
      "intent": "perform_recon_scan",
      "actions": [
        {
          "type": "mcp",
          "name": "capture_image",
          "args": {
            "sensor": "thermal",
            "mode": "target_lock"
          }
        },
        {
          "type": "a2a",
          "task": "transmit_data",
          "to": "ground_station",
          "payload": {
            "data_size_mb": 45,
            "priority": "high"
          }
        }
      ],
      "obs": [
        {
          "tool": "capture_image",
          "result": {
            "status": "success",
            "target_confirmed": "warehouse_structure"
          }
        },
        {
          "task": "transmit_data",
          "from": "ground_station",
          "status": "queued",
          "payload": {
            "estimated_transmit_time_s": 8
          }
        }
      ],
      "net": {
        "slice": "URLLC",
        "lat_ms": 10,
        "jitter_ms": 2,
        "loss_pct": 0.08,
        "throughput_mbps": 105,
        "edge_load": 0.25
      }
    },
    {
      "turn": 10,
      "speaker": "user",
      "intent": "return_to_base",
      "actions": [
        {
          "type": "mcp",
          "name": "set_waypoint",
          "args": {
            "x": 5.0,
            "y": 5.0,
            "z": 3.0
          }
        }
      ],
      "obs": [
        {
          "tool": "set_waypoint",
          "result": {
            "status": "accepted",
            "eta_s": 50
          }
        }
      ],
      "net": {
        "slice": "eMBB",
        "lat_ms": 13,
        "jitter_ms": 3,
        "loss_pct": 0.15,
        "throughput_mbps": 900,
        "edge_load": 0.32
      }
    },
    {
      "turn": 11,
      "speaker": "agent",
      "intent": "complete_mission",
      "actions": [
        {
          "type": "mcp",
          "name": "execute_maneuver",
          "args": {
            "maneuver": "return_to_home"
          }
        },
        {
          "type": "mcp",
          "name": "read_telemetry",
          "args": {}
        }
      ],
      "obs": [
        {
          "tool": "execute_maneuver",
          "result": {
            "status": "completed",
            "final_pose": {
              "x": 5.0,
              "y": 5.0,
              "z": 3.0
            }
          }
        },
        {
          "tool": "read_telemetry",
          "result": {
            "pose": {
              "x": 5.0,
              "y": 5.0,
              "z": 3.0
            },
            "battery_pct": 88.2,
            "sensors": {
              "status": "all_off"
            }
          }
        }
      ],
      "net": {
        "slice": "URLLC",
        "lat_ms": 8,
        "jitter_ms": 1,
        "loss_pct": 0.05,
        "throughput_mbps": 115,
        "edge_load": 0.19
      }
    }
  ],
  "final_state": {
    "domain": "uav",
    "time_s": 150.0,
    "env": {
      "weather": "snow",
      "wind_mps": 3.5,
      "wind_dir_deg": 210.0
    },
    "airspace": {
      "alt_bounds": [
        1.0,
        15.0
      ],
      "geofence": [
        {
          "type": "polygon",
          "points": [
            [
              0.0,
              0.0
            ],
            [
              50.0,
              0.0
            ],
            [
              50.0,
              40.0
            ],
            [
              0.0,
              40.0
            ]
          ]
        }
      ]
    },
    "uav": {
      "pose": {
        "x": 5.0,
        "y": 5.0,
        "z": 3.0,
        "yaw": 90.0
      },
      "speed_mps": 0.0,
      "energy": {
        "battery_pct": 88.2
      },
      "sensors": {
        "rgb": "off",
        "thermal": "off",
        "lidar": "off",
        "radar": "offline",
        "gnss": "ok",
        "imu": "ok",
        "magnetometer": "ok",
        "barometer": "ok"
      },
      "payloads": []
    },
    "policy": {
      "alt_bounds": [
        1.0,
        15.0
      ]
    },
    "safety_flags": {
      "nfz_violation": false,
      "separation_breach": false
    }
  },
  "success": true,
  "_meta": {
    "seed": 42,
    "ts": 1763820988,
    "ts_iso": "2025-11-22T14:16:28Z",
    "gen_time_s": 58.74093699455261,
    "attempts_used": 1,
    "generation_failed": false,
    "usage": {
      "prompt_tokens": 1043,
      "completion_tokens": 3688,
      "total_tokens": 4731,
      "cost": 0.00311298,
      "is_byok": false,
      "prompt_tokens_details": {
        "cached_tokens": 608,
        "audio_tokens": 0,
        "video_tokens": 0
      },
      "cost_details": {
        "upstream_inference_cost": null,
        "upstream_inference_prompt_cost": 0.00016258,
        "upstream_inference_completions_cost": 0.0029504
      },
      "completion_tokens_details": {
        "reasoning_tokens": 0,
        "image_tokens": 0
      }
    }
  }
}