{
  "initial_state": {
    "domain": "uav",
    "time_s": 0.0,
    "env": {
      "weather": "lightning_risk",
      "wind_mps": 8.0,
      "wind_dir_deg": 270.0
    },
    "airspace": {
      "alt_bounds": [
        5.0,
        120.0
      ],
      "geofence": [
        {
          "type": "polygon",
          "points": [
            [
              0.0,
              0.0
            ],
            [
              200.0,
              0.0
            ],
            [
              200.0,
              150.0
            ],
            [
              0.0,
              150.0
            ]
          ]
        }
      ]
    },
    "uav": {
      "pose": {
        "x": 10.0,
        "y": 10.0,
        "z": 15.0,
        "yaw": 90.0
      },
      "speed_mps": 15.0,
      "energy": {
        "battery_pct": 100.0
      },
      "sensors": {
        "rgb": "ok",
        "thermal": "offline",
        "lidar": "ok",
        "radar": "offline",
        "gnss": "ok",
        "imu": "ok",
        "magnetometer": "ok",
        "barometer": "ok"
      },
      "payloads": []
    },
    "policy": {
      "alt_bounds": [
        5.0,
        120.0
      ]
    },
    "safety_flags": {
      "nfz_violation": false,
      "separation_breach": false
    }
  },
  "dialogue": [
    {
      "turn": 1,
      "speaker": "agent",
      "intent": "initiate_mission",
      "actions": [
        {
          "type": "mcp",
          "name": "read_telemetry",
          "args": {}
        },
        {
          "type": "a2a",
          "task": "swarm_formation",
          "to": "uav_swarm_agent",
          "payload": {
            "formation": "delta",
            "leader": "uav_01"
          }
        }
      ],
      "obs": [
        {
          "tool": "read_telemetry",
          "result": {
            "pose": {
              "x": 10.0,
              "y": 10.0,
              "z": 15.0
            },
            "battery_pct": 100.0,
            "speed_mps": 15.0
          }
        },
        {
          "task": "swarm_formation",
          "from": "uav_swarm_agent",
          "status": "ok",
          "payload": {
            "ack": true
          }
        }
      ],
      "net": {
        "slice": "eMBB",
        "lat_ms": 12,
        "jitter_ms": 2,
        "loss_pct": 0.1,
        "throughput_mbps": 850,
        "edge_load": 0.3
      }
    },
    {
      "turn": 2,
      "speaker": "user",
      "intent": "confirm_mission_start",
      "actions": [
        {
          "type": "mcp",
          "name": "verify_geofence",
          "args": {}
        }
      ],
      "obs": [
        {
          "tool": "verify_geofence",
          "result": {
            "inside": true,
            "boundary_distance_m": 10.0
          }
        }
      ],
      "net": {
        "slice": "eMBB",
        "lat_ms": 11,
        "jitter_ms": 1.8,
        "loss_pct": 0.05,
        "throughput_mbps": 870,
        "edge_load": 0.32
      }
    },
    {
      "turn": 3,
      "speaker": "agent",
      "intent": "adjust_flight_plan_for_weather",
      "actions": [
        {
          "type": "mcp",
          "name": "update_flight_plan",
          "args": {
            "waypoints": [
              {
                "x": 50.0,
                "y": 30.0,
                "z": 40.0
              },
              {
                "x": 100.0,
                "y": 80.0,
                "z": 60.0
              }
            ],
            "speed_mps": 12.0
          }
        }
      ],
      "obs": [
        {
          "tool": "update_flight_plan",
          "result": {
            "accepted": true,
            "execution_time_s": 0.8
          }
        }
      ],
      "net": {
        "slice": "URLLC",
        "lat_ms": 8,
        "jitter_ms": 1.2,
        "loss_pct": 0.02,
        "throughput_mbps": 120,
        "edge_load": 0.4
      }
    },
    {
      "turn": 4,
      "speaker": "user",
      "intent": "request_sensor_activation",
      "actions": [
        {
          "type": "mcp",
          "name": "activate_sensor",
          "args": {
            "sensor": "thermal"
          }
        }
      ],
      "obs": [
        {
          "tool": "activate_sensor",
          "result": {
            "sensor": "thermal",
            "status": "failed",
            "reason": "hardware_fault"
          }
        }
      ],
      "net": {
        "slice": "URLLC",
        "lat_ms": 7,
        "jitter_ms": 1.0,
        "loss_pct": 0.01,
        "throughput_mbps": 110,
        "edge_load": 0.45
      }
    },
    {
      "turn": 5,
      "speaker": "agent",
      "intent": "compensate_sensor_failure",
      "actions": [
        {
          "type": "mcp",
          "name": "activate_sensor",
          "args": {
            "sensor": "lidar"
          }
        },
        {
          "type": "a2a",
          "task": "data_fusion_request",
          "to": "uav_swarm_agent",
          "payload": {
            "source": "lidar",
            "target": "thermal_emulation"
          }
        }
      ],
      "obs": [
        {
          "tool": "activate_sensor",
          "result": {
            "sensor": "lidar",
            "status": "active"
          }
        },
        {
          "task": "data_fusion_request",
          "from": "uav_swarm_agent",
          "status": "processing",
          "payload": {
            "estimated_thermal": "available"
          }
        }
      ],
      "net": {
        "slice": "mMTC",
        "lat_ms": 50,
        "jitter_ms": 10,
        "loss_pct": 0.5,
        "throughput_mbps": 1.2,
        "edge_load": 0.6
      }
    },
    {
      "turn": 6,
      "speaker": "user",
      "intent": "check_battery_and_weather_risk",
      "actions": [
        {
          "type": "mcp",
          "name": "read_telemetry",
          "args": {}
        }
      ],
      "obs": [
        {
          "tool": "read_telemetry",
          "result": {
            "pose": {
              "x": 48.2,
              "y": 29.1,
              "z": 39.5
            },
            "battery_pct": 94.3,
            "speed_mps": 11.8
          }
        }
      ],
      "net": {
        "slice": "URLLC",
        "lat_ms": 9,
        "jitter_ms": 1.5,
        "loss_pct": 0.03,
        "throughput_mbps": 100,
        "edge_load": 0.55
      }
    },
    {
      "turn": 7,
      "speaker": "agent",
      "intent": "avoid_lightning_risk_zone",
      "actions": [
        {
          "type": "mcp",
          "name": "update_flight_plan",
          "args": {
            "waypoints": [
              {
                "x": 60.0,
                "y": 40.0,
                "z": 50.0
              },
              {
                "x": 110.0,
                "y": 90.0,
                "z": 70.0
              }
            ],
            "speed_mps": 10.0
          }
        }
      ],
      "obs": [
        {
          "tool": "update_flight_plan",
          "result": {
            "accepted": true,
            "execution_time_s": 0.7
          }
        }
      ],
      "net": {
        "slice": "URLLC",
        "lat_ms": 7,
        "jitter_ms": 1.1,
        "loss_pct": 0.01,
        "throughput_mbps": 130,
        "edge_load": 0.5
      }
    },
    {
      "turn": 8,
      "speaker": "user",
      "intent": "request_emergency_hover",
      "actions": [
        {
          "type": "mcp",
          "name": "set_mode",
          "args": {
            "mode": "hover"
          }
        }
      ],
      "obs": [
        {
          "tool": "set_mode",
          "result": {
            "mode": "hover",
            "ack": true,
            "timestamp": 8.7
          }
        }
      ],
      "net": {
        "slice": "URLLC",
        "lat_ms": 6,
        "jitter_ms": 0.9,
        "loss_pct": 0.0,
        "throughput_mbps": 150,
        "edge_load": 0.4
      }
    },
    {
      "turn": 9,
      "speaker": "agent",
      "intent": "resume_mission_after_clearance",
      "actions": [
        {
          "type": "mcp",
          "name": "read_telemetry",
          "args": {}
        }
      ],
      "obs": [
        {
          "tool": "read_telemetry",
          "result": {
            "pose": {
              "x": 60.0,
              "y": 40.0,
              "z": 50.0
            },
            "battery_pct": 92.1,
            "speed_mps": 0.0
          }
        }
      ],
      "net": {
        "slice": "mMTC",
        "lat_ms": 60,
        "jitter_ms": 15,
        "loss_pct": 1.2,
        "throughput_mbps": 0.8,
        "edge_load": 0.75
      }
    },
    {
      "turn": 10,
      "speaker": "user",
      "intent": "authorize_continuation",
      "actions": [
        {
          "type": "mcp",
          "name": "verify_altitude_compliance",
          "args": {}
        }
      ],
      "obs": [
        {
          "tool": "verify_altitude_compliance",
          "result": {
            "current_z": 50.0,
            "within_bounds": true
          }
        }
      ],
      "net": {
        "slice": "URLLC",
        "lat_ms": 8,
        "jitter_ms": 1.3,
        "loss_pct": 0.02,
        "throughput_mbps": 140,
        "edge_load": 0.5
      }
    },
    {
      "turn": 11,
      "speaker": "agent",
      "intent": "complete_mission_and_return",
      "actions": [
        {
          "type": "mcp",
          "name": "update_flight_plan",
          "args": {
            "waypoints": [
              {
                "x": 10.0,
                "y": 10.0,
                "z": 15.0
              }
            ],
            "speed_mps": 14.0
          }
        }
      ],
      "obs": [
        {
          "tool": "update_flight_plan",
          "result": {
            "accepted": true,
            "execution_time_s": 0.6
          }
        }
      ],
      "net": {
        "slice": "URLLC",
        "lat_ms": 7,
        "jitter_ms": 1.0,
        "loss_pct": 0.01,
        "throughput_mbps": 160,
        "edge_load": 0.4
      }
    }
  ],
  "final_state": {
    "domain": "uav",
    "time_s": 120.0,
    "env": {
      "weather": "lightning_risk",
      "wind_mps": 8.0,
      "wind_dir_deg": 270.0
    },
    "airspace": {
      "alt_bounds": [
        5.0,
        120.0
      ],
      "geofence": [
        {
          "type": "polygon",
          "points": [
            [
              0.0,
              0.0
            ],
            [
              200.0,
              0.0
            ],
            [
              200.0,
              150.0
            ],
            [
              0.0,
              150.0
            ]
          ]
        }
      ]
    },
    "uav": {
      "pose": {
        "x": 15.3,
        "y": 12.7,
        "z": 16.2,
        "yaw": 92.0
      },
      "speed_mps": 13.8,
      "energy": {
        "battery_pct": 88.5
      },
      "sensors": {
        "rgb": "ok",
        "thermal": "offline",
        "lidar": "active",
        "radar": "offline",
        "gnss": "ok",
        "imu": "ok",
        "magnetometer": "ok",
        "barometer": "ok"
      },
      "payloads": []
    },
    "policy": {
      "alt_bounds": [
        5.0,
        120.0
      ]
    },
    "safety_flags": {
      "nfz_violation": false,
      "separation_breach": false
    }
  },
  "success": true,
  "_meta": {
    "seed": 42,
    "ts": 1763672465,
    "ts_iso": "2025-11-20T21:01:05Z",
    "gen_time_s": 81.28969740867615,
    "attempts_used": 1,
    "generation_failed": false,
    "usage": {
      "prompt_tokens": 1066,
      "completion_tokens": 3462,
      "total_tokens": 4528,
      "cost": 0.00293724,
      "is_byok": false,
      "prompt_tokens_details": {
        "cached_tokens": 608,
        "audio_tokens": 0,
        "video_tokens": 0
      },
      "cost_details": {
        "upstream_inference_cost": null,
        "upstream_inference_prompt_cost": 0.00016764,
        "upstream_inference_completions_cost": 0.0027696
      },
      "completion_tokens_details": {
        "reasoning_tokens": 0,
        "image_tokens": 0
      }
    }
  }
}