{
  "initial_state": {
    "domain": "uav",
    "time_s": 0.0,
    "env": {
      "weather": "snow",
      "wind_mps": 6.0,
      "wind_dir_deg": 270.0
    },
    "airspace": {
      "alt_bounds": [
        5.0,
        120.0
      ],
      "geofence": [
        {
          "type": "polygon",
          "points": [
            [
              0.0,
              0.0
            ],
            [
              200.0,
              0.0
            ],
            [
              200.0,
              150.0
            ],
            [
              0.0,
              150.0
            ]
          ]
        }
      ]
    },
    "uav": {
      "pose": {
        "x": 10.0,
        "y": 10.0,
        "z": 10.0,
        "yaw": 90.0
      },
      "speed_mps": 22.0,
      "energy": {
        "battery_pct": 100.0
      },
      "sensors": {
        "rgb": "ok",
        "thermal": "ok",
        "lidar": "ok",
        "radar": "offline",
        "gnss": "ok",
        "imu": "ok",
        "magnetometer": "ok",
        "barometer": "ok"
      },
      "payloads": []
    },
    "policy": {
      "alt_bounds": [
        5.0,
        120.0
      ]
    },
    "safety_flags": {
      "nfz_violation": false,
      "separation_breach": false
    }
  },
  "dialogue": [
    {
      "turn": 1,
      "speaker": "agent",
      "intent": "initiate_mission",
      "actions": [
        {
          "type": "mcp",
          "name": "read_telemetry",
          "args": {}
        },
        {
          "type": "a2a",
          "task": "swarm_status_check",
          "to": "uav_swarm_agent",
          "payload": {
            "uav_id": "uav_01",
            "status": "standby"
          }
        }
      ],
      "obs": [
        {
          "tool": "read_telemetry",
          "result": {
            "pose": {
              "x": 10.0,
              "y": 10.0,
              "z": 10.0
            },
            "battery_pct": 100.0,
            "speed_mps": 22.0
          }
        },
        {
          "task": "swarm_status_check",
          "from": "uav_swarm_agent",
          "status": "ok",
          "payload": {
            "swarm_online": 3,
            "leader": "uav_01"
          }
        }
      ],
      "net": {
        "slice": "URLLC",
        "lat_ms": 3,
        "jitter_ms": 1,
        "loss_pct": 0.1,
        "throughput_mbps": 50,
        "edge_load": 0.3
      }
    },
    {
      "turn": 2,
      "speaker": "user",
      "intent": "confirm_takeoff",
      "actions": [
        {
          "type": "mcp",
          "name": "set_altitude",
          "args": {
            "target_z": 80.0
          }
        }
      ],
      "obs": [
        {
          "tool": "set_altitude",
          "result": {
            "status": "accepted",
            "target_z": 80.0
          }
        }
      ],
      "net": {
        "slice": "eMBB",
        "lat_ms": 12,
        "jitter_ms": 5,
        "loss_pct": 0.5,
        "throughput_mbps": 120,
        "edge_load": 0.6
      }
    },
    {
      "turn": 3,
      "speaker": "agent",
      "intent": "ascend_to_inspection_height",
      "actions": [
        {
          "type": "mcp",
          "name": "execute_maneuver",
          "args": {
            "maneuver": "climb",
            "target_z": 80.0
          }
        },
        {
          "type": "mcp",
          "name": "activate_sensor",
          "args": {
            "sensor": "rgb"
          }
        }
      ],
      "obs": [
        {
          "tool": "execute_maneuver",
          "result": {
            "status": "in_progress",
            "current_z": 45.0
          }
        },
        {
          "tool": "activate_sensor",
          "result": {
            "sensor": "rgb",
            "status": "active"
          }
        }
      ],
      "net": {
        "slice": "URLLC",
        "lat_ms": 4,
        "jitter_ms": 1.2,
        "loss_pct": 0.2,
        "throughput_mbps": 45,
        "edge_load": 0.4
      }
    },
    {
      "turn": 4,
      "speaker": "user",
      "intent": "request_radar_status",
      "actions": [
        {
          "type": "mcp",
          "name": "diagnose_sensor",
          "args": {
            "sensor": "radar"
          }
        }
      ],
      "obs": [
        {
          "tool": "diagnose_sensor",
          "result": {
            "sensor": "radar",
            "status": "offline",
            "diagnosis": "frozen_component",
            "recommendation": "thaw_cycle_required"
          }
        }
      ],
      "net": {
        "slice": "mMTC",
        "lat_ms": 20,
        "jitter_ms": 10,
        "loss_pct": 1.5,
        "throughput_mbps": 1,
        "edge_load": 0.8
      }
    },
    {
      "turn": 5,
      "speaker": "agent",
      "intent": "adapt_to_sensor_failure",
      "actions": [
        {
          "type": "mcp",
          "name": "run_thaw_cycle",
          "args": {
            "component": "radar"
          }
        },
        {
          "type": "a2a",
          "task": "request_thermal_compensation",
          "to": "uav_thermal_agent",
          "payload": {
            "uav_id": "uav_01",
            "priority": "high"
          }
        }
      ],
      "obs": [
        {
          "tool": "run_thaw_cycle",
          "result": {
            "component": "radar",
            "status": "warming",
            "eta_seconds": 60
          }
        },
        {
          "task": "request_thermal_compensation",
          "from": "uav_thermal_agent",
          "status": "acknowledged",
          "payload": {
            "action": "activate_heater",
            "target": "radar_array"
          }
        }
      ],
      "net": {
        "slice": "URLLC",
        "lat_ms": 5,
        "jitter_ms": 1.5,
        "loss_pct": 0.3,
        "throughput_mbps": 55,
        "edge_load": 0.35
      }
    },
    {
      "turn": 6,
      "speaker": "user",
      "intent": "redirect_to_waypoint",
      "actions": [
        {
          "type": "mcp",
          "name": "set_waypoint",
          "args": {
            "x": 150.0,
            "y": 100.0,
            "z": 80.0
          }
        }
      ],
      "obs": [
        {
          "tool": "set_waypoint",
          "result": {
            "waypoint": {
              "x": 150.0,
              "y": 100.0,
              "z": 80.0
            },
            "status": "queued"
          }
        }
      ],
      "net": {
        "slice": "eMBB",
        "lat_ms": 15,
        "jitter_ms": 8,
        "loss_pct": 2.0,
        "throughput_mbps": 80,
        "edge_load": 0.9
      }
    },
    {
      "turn": 7,
      "speaker": "agent",
      "intent": "navigate_to_waypoint",
      "actions": [
        {
          "type": "mcp",
          "name": "execute_maneuver",
          "args": {
            "maneuver": "waypoint_nav",
            "target": {
              "x": 150.0,
              "y": 100.0,
              "z": 80.0
            }
          }
        },
        {
          "type": "mcp",
          "name": "capture_image",
          "args": {
            "sensor": "rgb",
            "mode": "facade_scan"
          }
        }
      ],
      "obs": [
        {
          "tool": "execute_maneuver",
          "result": {
            "status": "reached",
            "current_pose": {
              "x": 150.0,
              "y": 100.0,
              "z": 80.0
            }
          }
        },
        {
          "tool": "capture_image",
          "result": {
            "image_id": "img_001",
            "status": "captured",
            "resolution": "4096x2160"
          }
        }
      ],
      "net": {
        "slice": "URLLC",
        "lat_ms": 3.5,
        "jitter_ms": 0.9,
        "loss_pct": 0.1,
        "throughput_mbps": 50,
        "edge_load": 0.3
      }
    },
    {
      "turn": 8,
      "speaker": "user",
      "intent": "initiate_return",
      "actions": [
        {
          "type": "mcp",
          "name": "set_home",
          "args": {}
        }
      ],
      "obs": [
        {
          "tool": "set_home",
          "result": {
            "home_location": {
              "x": 10.0,
              "y": 10.0,
              "z": 5.0
            },
            "status": "confirmed"
          }
        }
      ],
      "net": {
        "slice": "mMTC",
        "lat_ms": 25,
        "jitter_ms": 12,
        "loss_pct": 3.0,
        "throughput_mbps": 0.8,
        "edge_load": 0.95
      }
    },
    {
      "turn": 9,
      "speaker": "agent",
      "intent": "return_and_conserve",
      "actions": [
        {
          "type": "mcp",
          "name": "execute_maneuver",
          "args": {
            "maneuver": "return_home"
          }
        },
        {
          "type": "a2a",
          "task": "report_status",
          "to": "mission_control",
          "payload": {
            "uav_id": "uav_01",
            "battery_pct": 68.0,
            "images_captured": 1,
            "status": "returning"
          }
        }
      ],
      "obs": [
        {
          "tool": "execute_maneuver",
          "result": {
            "status": "in_progress",
            "current_z": 40.0,
            "distance_to_home": 45.3
          }
        },
        {
          "task": "report_status",
          "from": "mission_control",
          "status": "received",
          "payload": {
            "ack_id": "ack_901",
            "next_steps": "land_and_recharge"
          }
        }
      ],
      "net": {
        "slice": "URLLC",
        "lat_ms": 4,
        "jitter_ms": 1.1,
        "loss_pct": 0.2,
        "throughput_mbps": 48,
        "edge_load": 0.4
      }
    },
    {
      "turn": 10,
      "speaker": "user",
      "intent": "confirm_landing",
      "actions": [
        {
          "type": "mcp",
          "name": "land",
          "args": {
            "precision": true
          }
        }
      ],
      "obs": [
        {
          "tool": "land",
          "result": {
            "status": "completed",
            "touchdown_z": 5.0,
            "precision": true
          }
        }
      ],
      "net": {
        "slice": "URLLC",
        "lat_ms": 3,
        "jitter_ms": 0.8,
        "loss_pct": 0.05,
        "throughput_mbps": 52,
        "edge_load": 0.25
      }
    }
  ],
  "final_state": {
    "domain": "uav",
    "time_s": 320.0,
    "env": {
      "weather": "snow",
      "wind_mps": 6.0,
      "wind_dir_deg": 270.0
    },
    "airspace": {
      "alt_bounds": [
        5.0,
        120.0
      ],
      "geofence": [
        {
          "type": "polygon",
          "points": [
            [
              0.0,
              0.0
            ],
            [
              200.0,
              0.0
            ],
            [
              200.0,
              150.0
            ],
            [
              0.0,
              150.0
            ]
          ]
        }
      ]
    },
    "uav": {
      "pose": {
        "x": 10.0,
        "y": 10.0,
        "z": 5.0,
        "yaw": 90.0
      },
      "speed_mps": 0.0,
      "energy": {
        "battery_pct": 65.0
      },
      "sensors": {
        "rgb": "active",
        "thermal": "ok",
        "lidar": "ok",
        "radar": "warming",
        "gnss": "ok",
        "imu": "ok",
        "magnetometer": "ok",
        "barometer": "ok"
      },
      "payloads": [
        {
          "type": "image",
          "id": "img_001",
          "status": "stored"
        }
      ]
    },
    "policy": {
      "alt_bounds": [
        5.0,
        120.0
      ]
    },
    "safety_flags": {
      "nfz_violation": false,
      "separation_breach": false
    }
  },
  "success": true,
  "_meta": {
    "seed": 42,
    "ts": 1763924578,
    "ts_iso": "2025-11-23T19:02:58Z",
    "gen_time_s": 47.987066984176636,
    "attempts_used": 1,
    "generation_failed": false,
    "usage": {
      "prompt_tokens": 1065,
      "completion_tokens": 3569,
      "total_tokens": 4634,
      "cost": 0.00302086,
      "is_byok": false,
      "prompt_tokens_details": {
        "cached_tokens": 624,
        "audio_tokens": 0,
        "video_tokens": 0
      },
      "cost_details": {
        "upstream_inference_cost": null,
        "upstream_inference_prompt_cost": 0.00016566,
        "upstream_inference_completions_cost": 0.0028552
      },
      "completion_tokens_details": {
        "reasoning_tokens": 0,
        "image_tokens": 0
      }
    }
  }
}