{
  "initial_state": {
    "domain": "uav",
    "time_s": 0.0,
    "env": {
      "weather": "icing",
      "wind_mps": 6.5,
      "wind_dir_deg": 240.0
    },
    "airspace": {
      "alt_bounds": [
        10.0,
        120.0
      ],
      "geofence": [
        {
          "type": "polygon",
          "points": [
            [
              0.0,
              0.0
            ],
            [
              1000.0,
              0.0
            ],
            [
              1000.0,
              800.0
            ],
            [
              0.0,
              800.0
            ]
          ]
        }
      ]
    },
    "uav": {
      "pose": {
        "x": 50.0,
        "y": 50.0,
        "z": 25.0,
        "yaw": 90.0
      },
      "speed_mps": 32.0,
      "energy": {
        "battery_pct": 100.0
      },
      "sensors": {
        "rgb": "ok",
        "thermal": "offline",
        "lidar": "ok",
        "radar": "offline",
        "gnss": "ok",
        "imu": "ok",
        "magnetometer": "ok",
        "barometer": "ok"
      },
      "payloads": []
    },
    "policy": {
      "alt_bounds": [
        10.0,
        120.0
      ]
    },
    "safety_flags": {
      "nfz_violation": false,
      "separation_breach": false
    }
  },
  "dialogue": [
    {
      "turn": 1,
      "speaker": "agent",
      "intent": "initiate_mission",
      "actions": [
        {
          "type": "mcp",
          "name": "read_telemetry",
          "args": {}
        }
      ],
      "obs": [
        {
          "tool": "read_telemetry",
          "result": {
            "pose": {
              "x": 50.0,
              "y": 50.0,
              "z": 25.0
            },
            "battery_pct": 100.0,
            "speed_mps": 32.0
          }
        }
      ],
      "net": {
        "slice": "URLLC",
        "lat_ms": 3,
        "jitter_ms": 0.5,
        "loss_pct": 0.01,
        "throughput_mbps": 50,
        "edge_load": 0.3
      }
    },
    {
      "turn": 2,
      "speaker": "user",
      "intent": "confirm_mission",
      "actions": [
        {
          "type": "mcp",
          "name": "set_waypoint",
          "args": {
            "x": 900.0,
            "y": 700.0,
            "z": 100.0
          }
        }
      ],
      "obs": [
        {
          "tool": "set_waypoint",
          "result": {
            "status": "accepted",
            "target": {
              "x": 900.0,
              "y": 700.0,
              "z": 100.0
            }
          }
        }
      ],
      "net": {
        "slice": "eMBB",
        "lat_ms": 12,
        "jitter_ms": 2.1,
        "loss_pct": 0.05,
        "throughput_mbps": 120,
        "edge_load": 0.6
      }
    },
    {
      "turn": 3,
      "speaker": "agent",
      "intent": "verify_route_safety",
      "actions": [
        {
          "type": "mcp",
          "name": "check_geofence",
          "args": {
            "waypoints": [
              {
                "x": 900.0,
                "y": 700.0,
                "z": 100.0
              }
            ]
          }
        }
      ],
      "obs": [
        {
          "tool": "check_geofence",
          "result": {
            "status": "valid",
            "inside": true
          }
        }
      ],
      "net": {
        "slice": "URLLC",
        "lat_ms": 4,
        "jitter_ms": 0.7,
        "loss_pct": 0.02,
        "throughput_mbps": 45,
        "edge_load": 0.4
      }
    },
    {
      "turn": 4,
      "speaker": "user",
      "intent": "request_sensor_status",
      "actions": [
        {
          "type": "mcp",
          "name": "get_sensor_status",
          "args": {}
        }
      ],
      "obs": [
        {
          "tool": "get_sensor_status",
          "result": {
            "rgb": "ok",
            "thermal": "offline",
            "lidar": "ok",
            "radar": "offline"
          }
        }
      ],
      "net": {
        "slice": "mMTC",
        "lat_ms": 25,
        "jitter_ms": 10,
        "loss_pct": 1.2,
        "throughput_mbps": 1,
        "edge_load": 0.8
      }
    },
    {
      "turn": 5,
      "speaker": "agent",
      "intent": "compensate_sensor_failure",
      "actions": [
        {
          "type": "a2a",
          "task": "request_thermal_data",
          "to": "uav_swarm_agent",
          "payload": {
            "target_area": {
              "x": 900.0,
              "y": 700.0
            }
          }
        }
      ],
      "obs": [
        {
          "task": "request_thermal_data",
          "from": "uav_swarm_agent",
          "status": "ok",
          "payload": {
            "thermal_data": "received",
            "anomaly_detected": false
          }
        }
      ],
      "net": {
        "slice": "URLLC",
        "lat_ms": 5,
        "jitter_ms": 0.8,
        "loss_pct": 0.03,
        "throughput_mbps": 50,
        "edge_load": 0.35
      }
    },
    {
      "turn": 6,
      "speaker": "user",
      "intent": "adjust_altitude_due_to_icing",
      "actions": [
        {
          "type": "mcp",
          "name": "set_altitude",
          "args": {
            "z": 80.0
          }
        }
      ],
      "obs": [
        {
          "tool": "set_altitude",
          "result": {
            "status": "executed",
            "target_z": 80.0
          }
        }
      ],
      "net": {
        "slice": "URLLC",
        "lat_ms": 3,
        "jitter_ms": 0.4,
        "loss_pct": 0.01,
        "throughput_mbps": 55,
        "edge_load": 0.3
      }
    },
    {
      "turn": 7,
      "speaker": "agent",
      "intent": "monitor_battery_and_wind",
      "actions": [
        {
          "type": "mcp",
          "name": "read_telemetry",
          "args": {}
        }
      ],
      "obs": [
        {
          "tool": "read_telemetry",
          "result": {
            "battery_pct": 88.5,
            "wind_mps": 7.2,
            "wind_dir_deg": 250.0
          }
        }
      ],
      "net": {
        "slice": "URLLC",
        "lat_ms": 4,
        "jitter_ms": 0.6,
        "loss_pct": 0.02,
        "throughput_mbps": 48,
        "edge_load": 0.45
      }
    },
    {
      "turn": 8,
      "speaker": "user",
      "intent": "initiate_emergency_check",
      "actions": [
        {
          "type": "a2a",
          "task": "collision_risk_assessment",
          "to": "uav_swarm_agent",
          "payload": {
            "own_pose": {
              "x": 850.0,
              "y": 680.0,
              "z": 80.0
            }
          }
        }
      ],
      "obs": [
        {
          "task": "collision_risk_assessment",
          "from": "uav_swarm_agent",
          "status": "clear",
          "payload": {
            "risk_level": "low",
            "conflicting_agents": []
          }
        }
      ],
      "net": {
        "slice": "URLLC",
        "lat_ms": 6,
        "jitter_ms": 1.0,
        "loss_pct": 0.04,
        "throughput_mbps": 42,
        "edge_load": 0.5
      }
    },
    {
      "turn": 9,
      "speaker": "agent",
      "intent": "prepare_for_landing",
      "actions": [
        {
          "type": "mcp",
          "name": "activate_lidar",
          "args": {}
        }
      ],
      "obs": [
        {
          "tool": "activate_lidar",
          "result": {
            "status": "active",
            "mode": "high_res"
          }
        }
      ],
      "net": {
        "slice": "URLLC",
        "lat_ms": 3,
        "jitter_ms": 0.5,
        "loss_pct": 0.01,
        "throughput_mbps": 50,
        "edge_load": 0.3
      }
    },
    {
      "turn": 10,
      "speaker": "user",
      "intent": "confirm_landing_approval",
      "actions": [
        {
          "type": "mcp",
          "name": "confirm_landing_zone",
          "args": {
            "x": 895.0,
            "y": 695.0
          }
        }
      ],
      "obs": [
        {
          "tool": "confirm_landing_zone",
          "result": {
            "status": "safe",
            "obstacles": []
          }
        }
      ],
      "net": {
        "slice": "URLLC",
        "lat_ms": 4,
        "jitter_ms": 0.6,
        "loss_pct": 0.02,
        "throughput_mbps": 46,
        "edge_load": 0.4
      }
    }
  ],
  "final_state": {
    "domain": "uav",
    "time_s": 320.0,
    "env": {
      "weather": "icing",
      "wind_mps": 7.2,
      "wind_dir_deg": 250.0
    },
    "airspace": {
      "alt_bounds": [
        10.0,
        120.0
      ],
      "geofence": [
        {
          "type": "polygon",
          "points": [
            [
              0.0,
              0.0
            ],
            [
              1000.0,
              0.0
            ],
            [
              1000.0,
              800.0
            ],
            [
              0.0,
              800.0
            ]
          ]
        }
      ]
    },
    "uav": {
      "pose": {
        "x": 895.0,
        "y": 695.0,
        "z": 80.0,
        "yaw": 90.0
      },
      "speed_mps": 5.0,
      "energy": {
        "battery_pct": 85.2
      },
      "sensors": {
        "rgb": "ok",
        "thermal": "offline",
        "lidar": "ok",
        "radar": "offline",
        "gnss": "ok",
        "imu": "ok",
        "magnetometer": "ok",
        "barometer": "ok"
      },
      "payloads": []
    },
    "policy": {
      "alt_bounds": [
        10.0,
        120.0
      ]
    },
    "safety_flags": {
      "nfz_violation": false,
      "separation_breach": false
    }
  },
  "success": true,
  "_meta": {
    "seed": 42,
    "ts": 1764008428,
    "ts_iso": "2025-11-24T18:20:28Z",
    "gen_time_s": 40.751052379608154,
    "attempts_used": 1,
    "generation_failed": false,
    "usage": {
      "prompt_tokens": 1063,
      "completion_tokens": 3009,
      "total_tokens": 4072,
      "cost": 0.0025249,
      "is_byok": false,
      "prompt_tokens_details": {
        "cached_tokens": 1056,
        "audio_tokens": 0,
        "video_tokens": 0
      },
      "cost_details": {
        "upstream_inference_cost": null,
        "upstream_inference_prompt_cost": 0.0001177,
        "upstream_inference_completions_cost": 0.0024072
      },
      "completion_tokens_details": {
        "reasoning_tokens": 0,
        "image_tokens": 0
      }
    }
  }
}