{
  "initial_state": {
    "domain": "uav",
    "time_s": 0.0,
    "env": {
      "weather": "good",
      "wind_mps": 8.5,
      "wind_dir_deg": 240.0
    },
    "airspace": {
      "alt_bounds": [
        5.0,
        120.0
      ],
      "geofence": [
        {
          "type": "polygon",
          "points": [
            [
              0.0,
              0.0
            ],
            [
              200.0,
              0.0
            ],
            [
              200.0,
              150.0
            ],
            [
              0.0,
              150.0
            ]
          ]
        }
      ]
    },
    "uav": {
      "pose": {
        "x": 20.0,
        "y": 20.0,
        "z": 10.0,
        "yaw": 90.0
      },
      "speed_mps": 22.0,
      "energy": {
        "battery_pct": 100.0
      },
      "sensors": {
        "rgb": "ok",
        "thermal": "offline",
        "lidar": "ok",
        "radar": "offline",
        "gnss": "ok",
        "imu": "ok",
        "magnetometer": "ok",
        "barometer": "ok"
      },
      "payloads": []
    },
    "policy": {
      "alt_bounds": [
        5.0,
        120.0
      ]
    },
    "safety_flags": {
      "nfz_violation": false,
      "separation_breach": false
    }
  },
  "dialogue": [
    {
      "turn": 1,
      "speaker": "agent",
      "intent": "initiate_mission",
      "actions": [
        {
          "type": "mcp",
          "name": "read_telemetry",
          "args": {}
        }
      ],
      "obs": [
        {
          "tool": "read_telemetry",
          "result": {
            "pose": {
              "x": 20.0,
              "y": 20.0,
              "z": 10.0
            },
            "battery_pct": 100.0,
            "speed_mps": 22.0
          }
        }
      ],
      "net": {
        "slice": "eMBB",
        "lat_ms": 12,
        "jitter_ms": 2,
        "loss_pct": 0.1,
        "throughput_mbps": 850,
        "edge_load": 0.4
      }
    },
    {
      "turn": 2,
      "speaker": "user",
      "intent": "confirm_takeoff",
      "actions": [
        {
          "type": "mcp",
          "name": "check_geofence",
          "args": {
            "point": {
              "x": 20.0,
              "y": 20.0
            }
          }
        }
      ],
      "obs": [
        {
          "tool": "check_geofence",
          "result": {
            "inside": true,
            "violation": false
          }
        }
      ],
      "net": {
        "slice": "URLLC",
        "lat_ms": 8,
        "jitter_ms": 1,
        "loss_pct": 0.05,
        "throughput_mbps": 100,
        "edge_load": 0.3
      }
    },
    {
      "turn": 3,
      "speaker": "agent",
      "intent": "ascend_to_survey_altitude",
      "actions": [
        {
          "type": "mcp",
          "name": "set_altitude",
          "args": {
            "target_z": 80.0
          }
        }
      ],
      "obs": [
        {
          "tool": "set_altitude",
          "result": {
            "status": "executing",
            "target": 80.0,
            "current_z": 45.2
          }
        }
      ],
      "net": {
        "slice": "eMBB",
        "lat_ms": 15,
        "jitter_ms": 3,
        "loss_pct": 0.2,
        "throughput_mbps": 700,
        "edge_load": 0.5
      }
    },
    {
      "turn": 4,
      "speaker": "user",
      "intent": "request_sensor_status",
      "actions": [
        {
          "type": "mcp",
          "name": "diagnose_sensors",
          "args": {}
        }
      ],
      "obs": [
        {
          "tool": "diagnose_sensors",
          "result": {
            "status": "partial",
            "offline": [
              "thermal",
              "radar"
            ]
          }
        }
      ],
      "net": {
        "slice": "mMTC",
        "lat_ms": 25,
        "jitter_ms": 10,
        "loss_pct": 1.5,
        "throughput_mbps": 1,
        "edge_load": 0.8
      }
    },
    {
      "turn": 5,
      "speaker": "agent",
      "intent": "compensate_sensor_failure",
      "actions": [
        {
          "type": "a2a",
          "task": "request_thermal_data",
          "to": "uav_swarm_agent",
          "payload": {
            "area": {
              "center": {
                "x": 100.0,
                "y": 75.0
              },
              "radius": 30.0
            }
          }
        }
      ],
      "obs": [
        {
          "task": "request_thermal_data",
          "from": "uav_swarm_agent",
          "status": "ok",
          "payload": {
            "data_received": true,
            "coverage": 0.85
          }
        }
      ],
      "net": {
        "slice": "URLLC",
        "lat_ms": 9,
        "jitter_ms": 1.5,
        "loss_pct": 0.1,
        "throughput_mbps": 120,
        "edge_load": 0.35
      }
    },
    {
      "turn": 6,
      "speaker": "user",
      "intent": "adjust_mission_path",
      "actions": [
        {
          "type": "mcp",
          "name": "update_waypoints",
          "args": {
            "waypoints": [
              {
                "x": 50.0,
                "y": 60.0,
                "z": 80.0
              },
              {
                "x": 150.0,
                "y": 100.0,
                "z": 80.0
              }
            ]
          }
        }
      ],
      "obs": [
        {
          "tool": "update_waypoints",
          "result": {
            "status": "updated",
            "count": 2
          }
        }
      ],
      "net": {
        "slice": "eMBB",
        "lat_ms": 14,
        "jitter_ms": 2.5,
        "loss_pct": 0.3,
        "throughput_mbps": 750,
        "edge_load": 0.45
      }
    },
    {
      "turn": 7,
      "speaker": "agent",
      "intent": "detect_network_degradation",
      "actions": [
        {
          "type": "mcp",
          "name": "monitor_network",
          "args": {}
        }
      ],
      "obs": [
        {
          "tool": "monitor_network",
          "result": {
            "slice": "eMBB",
            "lat_ms": 45,
            "jitter_ms": 20,
            "loss_pct": 5.0,
            "throughput_mbps": 200,
            "edge_load": 0.9
          }
        }
      ],
      "net": {
        "slice": "eMBB",
        "lat_ms": 45,
        "jitter_ms": 20,
        "loss_pct": 5.0,
        "throughput_mbps": 200,
        "edge_load": 0.9
      }
    },
    {
      "turn": 8,
      "speaker": "user",
      "intent": "initiate_fail_safe_mode",
      "actions": [
        {
          "type": "mcp",
          "name": "switch_network_slice",
          "args": {
            "target": "URLLC"
          }
        }
      ],
      "obs": [
        {
          "tool": "switch_network_slice",
          "result": {
            "status": "success",
            "new_slice": "URLLC"
          }
        }
      ],
      "net": {
        "slice": "URLLC",
        "lat_ms": 10,
        "jitter_ms": 2,
        "loss_pct": 0.2,
        "throughput_mbps": 150,
        "edge_load": 0.4
      }
    },
    {
      "turn": 9,
      "speaker": "agent",
      "intent": "resume_survey_with_adaptation",
      "actions": [
        {
          "type": "mcp",
          "name": "capture_image",
          "args": {
            "mode": "rgb",
            "resolution": "1080p"
          }
        }
      ],
      "obs": [
        {
          "tool": "capture_image",
          "result": {
            "status": "success",
            "file": "img_001.jpg",
            "size_kb": 1024
          }
        }
      ],
      "net": {
        "slice": "URLLC",
        "lat_ms": 11,
        "jitter_ms": 1.8,
        "loss_pct": 0.15,
        "throughput_mbps": 140,
        "edge_load": 0.42
      }
    },
    {
      "turn": 10,
      "speaker": "user",
      "intent": "request_return",
      "actions": [
        {
          "type": "mcp",
          "name": "set_home_position",
          "args": {}
        }
      ],
      "obs": [
        {
          "tool": "set_home_position",
          "result": {
            "position": {
              "x": 20.0,
              "y": 20.0,
              "z": 10.0
            }
          }
        }
      ],
      "net": {
        "slice": "URLLC",
        "lat_ms": 9,
        "jitter_ms": 1.2,
        "loss_pct": 0.1,
        "throughput_mbps": 130,
        "edge_load": 0.38
      }
    },
    {
      "turn": 11,
      "speaker": "agent",
      "intent": "execute_return_and_land",
      "actions": [
        {
          "type": "mcp",
          "name": "return_to_home",
          "args": {}
        }
      ],
      "obs": [
        {
          "tool": "return_to_home",
          "result": {
            "status": "completed",
            "final_pose": {
              "x": 20.0,
              "y": 20.0,
              "z": 5.0
            },
            "battery_pct": 68.0
          }
        }
      ],
      "net": {
        "slice": "URLLC",
        "lat_ms": 8,
        "jitter_ms": 1,
        "loss_pct": 0.05,
        "throughput_mbps": 110,
        "edge_load": 0.3
      }
    }
  ],
  "final_state": {
    "domain": "uav",
    "time_s": 120.0,
    "env": {
      "weather": "good",
      "wind_mps": 8.5,
      "wind_dir_deg": 240.0
    },
    "airspace": {
      "alt_bounds": [
        5.0,
        120.0
      ],
      "geofence": [
        {
          "type": "polygon",
          "points": [
            [
              0.0,
              0.0
            ],
            [
              200.0,
              0.0
            ],
            [
              200.0,
              150.0
            ],
            [
              0.0,
              150.0
            ]
          ]
        }
      ]
    },
    "uav": {
      "pose": {
        "x": 20.0,
        "y": 20.0,
        "z": 5.0,
        "yaw": 90.0
      },
      "speed_mps": 0.0,
      "energy": {
        "battery_pct": 68.0
      },
      "sensors": {
        "rgb": "ok",
        "thermal": "offline",
        "lidar": "ok",
        "radar": "offline",
        "gnss": "ok",
        "imu": "ok",
        "magnetometer": "ok",
        "barometer": "ok"
      },
      "payloads": []
    },
    "policy": {
      "alt_bounds": [
        5.0,
        120.0
      ]
    },
    "safety_flags": {
      "nfz_violation": false,
      "separation_breach": false
    }
  },
  "success": true,
  "_meta": {
    "seed": 42,
    "ts": 1763927936,
    "ts_iso": "2025-11-23T19:58:56Z",
    "gen_time_s": 53.42082381248474,
    "attempts_used": 1,
    "generation_failed": false,
    "usage": {
      "prompt_tokens": 1056,
      "completion_tokens": 3207,
      "total_tokens": 4263,
      "cost": 0.00268352,
      "is_byok": false,
      "prompt_tokens_details": {
        "cached_tokens": 1040,
        "audio_tokens": 0,
        "video_tokens": 0
      },
      "cost_details": {
        "upstream_inference_cost": null,
        "upstream_inference_prompt_cost": 0.00011792,
        "upstream_inference_completions_cost": 0.0025656
      },
      "completion_tokens_details": {
        "reasoning_tokens": 0,
        "image_tokens": 0
      }
    }
  }
}