{
  "episode_id": "6gb_prompt_ae3ad3e1c5ac0244",
  "questions": [
    {
      "task_id": "T5",
      "task_name": "Slice Switching Decision",
      "source_turn": 9,
      "question": "At turn 9, the UAV is capturing inspection data under mMTC slice with 8.0 ms latency, 2.0 ms jitter, 0.5% loss, 1.2 Mbps throughput, and 0.85 edge load. The policy requires latency < 10 ms and throughput > 1 Mbps for data capture. URLLC slice offers 4.0 ms latency, 0.9 ms jitter, 0.01% loss, 55 Mbps throughput, and 0.33 edge load but is currently reserved for collision avoidance. eMBB offers 15.0 ms latency, 3.5 ms jitter, 0.1% loss, 100 Mbps throughput, and 0.75 edge load. If mMTC degrades further by 20% in throughput and 10% in loss over the next turn, and URLLC must remain available for swarm coordination in turn 10, which option should be selected to avoid violating SLA while minimizing future regret?",
      "options": {
        "A": "Switch to URLLC immediately to ensure latency and loss compliance, accepting risk of collision avoidance failure in turn 10.",
        "B": "Stay on mMTC, accepting 1.2 Mbps throughput and 0.5% loss, assuming no further degradation and that SLA allows 1 Mbps minimum.",
        "C": "Switch to eMBB, accepting 15.0 ms latency and 3.5 ms jitter, but gaining 100 Mbps throughput and avoiding mMTC degradation risk.",
        "D": "Delay decision until turn 10, monitoring mMTC metrics, and switch only if throughput drops below 1 Mbps or loss exceeds 0.6%."
      },
      "correct": "D",
      "reason": "Staying on mMTC at turn 9 meets current SLA with 1. 2 Mbps throughput above the 1 Mbps minimum and 0. 5% loss within tolerance. Projecting 20% throughput degradation yields 0. 96 Mbps, which violates SLA in turn 10, but switching prematurely to URLLC risks collision avoidance failure.",
      "rationale_tag": "WORST_CASE_SLAMINIMIZATION",
      "difficulty": "very_hard"
    },
    {
      "task_id": "T13",
      "task_name": "Swarm-Level Slice Negotiation",
      "source_turn": 10,
      "question": "The UAV is currently operating under URLCC slice with 4.0 ms latency, 0.9 ms jitter, 0.01% loss, 55 Mbps throughput, and 0.33 edge load. A swarm coordination request will arrive in turn 11 requiring 3.5 ms latency and 0.7 ms jitter, while the next telemetry update in turn 12 may spike edge load to 0.8 under eMBB. The current mission requires 3 more image captures, each consuming 1.2 Mbps and increasing edge load by 0.05 per capture. Weather degradation may increase latency by 1.5 ms and jitter by 0.4 ms in the next turn. If the UAV switches to eMBB now, throughput rises to 120 Mbps but latency jumps to 15 ms and jitter to 3.5 ms. If it stays on URLLC, edge load may exceed 0.75 in turn 12, risking SLA violation. If it switches to mMTC, latency drops to 8 ms but loss rises to 0.5% and throughput falls to 1.2 Mbps. Which option should be selected?",
      "options": {
        "A": "Stay on URLLC: current latency and jitter meet swarm requirements, and edge load is below 0.5.",
        "B": "Switch to eMBB: higher throughput supports future image captures, and edge load is currently low.",
        "C": "Switch to mMTC: lower latency than eMBB and sufficient for non-critical telemetry, preserving URLLC for swarm.",
        "D": "Negotiate hybrid slice: allocate 70% URLLC for swarm and 30% eMBB for telemetry, accepting 5 ms latency and 1.3 ms jitter."
      },
      "correct": "D",
      "reason": "The hybrid slice minimizes maximum regret by balancing immediate swarm latency needs with future edge load pressure. URLLC alone risks SLA violation in turn 12 due to cumulative edge load from image captures. eMBB fails the swarm latency requirement even under best case. mMTC introduces unacceptable loss for telemetry. Only the hybrid option maintains sub-5 ms latency under weather degradation while capping edge load below 0.",
      "rationale_tag": "WORST_CASE_REGRET_MINIMIZATION",
      "difficulty": "very_hard"
    },
    {
      "task_id": "T21",
      "task_name": "Device-Network Task Offload Arbitration",
      "source_turn": 9,
      "question": "The UAV is capturing high-resolution inspection imagery under fog conditions with wind at 6.0 m/s. Current network slice is mMTC with 8.0 ms latency, 2.0 ms jitter, 0.5% loss, 1.2 Mbps throughput, and 85% edge load. The image must be transmitted within 12 ms to meet SLA, but the next turn may see edge load rise to 90% under worst-case fog persistence. URLLC offers 4.0 ms latency with 0.9 ms jitter and 55 Mbps throughput but is currently at 33% edge load. eMBB provides 15.0 ms latency with 3.5 ms jitter and 100 Mbps throughput but edge load is 75%. If transmission fails, the UAV must re-capture, consuming 15% battery and delaying mission by 2 turns. Which option should be selected?",
      "options": {
        "A": "Transmit via mMTC now; it meets current SLA and avoids switching overhead.",
        "B": "Switch to URLLC immediately; it guarantees sub-12ms latency even if edge load rises to 90%.",
        "C": "Wait one turn and retry mMTC; fog may clear, reducing edge load to 75% and improving throughput.",
        "D": "Switch to eMBB; its higher throughput ensures faster transmission despite higher latency."
      },
      "correct": "B",
      "reason": "URLLC maintains sub-12ms latency even under worst-case edge load of 90% and jitter of 1. 2ms. mMTC fails under worst-case load due to increased latency and loss. eMBB exceeds SLA latency even at mean values. Waiting risks re-capture cost and mission delay.",
      "rationale_tag": "WORST_CASE_LATENCY_MARGIN",
      "difficulty": "very_hard"
    },
    {
      "task_id": "T27",
      "task_name": "Agent Lifecycle & Management",
      "source_turn": 11,
      "question": "The UAV is returning to base under foggy conditions with wind at 6.0 m/s from 240 degrees. Its current battery is at 100%, but sensor diagnostics show thermal, lidar, and radar are offline except radar was reactivated at turn 4. Network slice usage has oscillated: URLLC at 3.2–5.0 ms latency, eMBB at 12.0–15.0 ms, and mMTC at 8.0 ms with 0.5% loss. Edge load peaked at 0.85 during mMTC image capture. Policy requires altitude between 20–150m and mandates SLA compliance for latency under 10ms and loss under 0.1%. If wind increases by 20% next turn and edge load rises by 0.15 due to swarm coordination, which lifecycle action minimizes maximum regret over the next two turns? A: Instantiate a backup agent with 50% battery and URLLC slice to share load. B: Scale down to single-agent mode and migrate to eMBB to conserve battery. C: Retire the current agent and instantiate a fresh one with full sensors and URLLC. D: Maintain current agent but preemptively switch to eMBB to avoid edge overload.",
      "options": {
        "A": "Instantiate a backup agent with 50% battery and URLLC slice to share load.",
        "B": "Scale down to single-agent mode and migrate to eMBB to conserve battery.",
        "C": "Retire the current agent and instantiate a fresh one with full sensors and URLLC.",
        "D": "Maintain current agent but preemptively switch to eMBB to avoid edge overload."
      },
      "correct": "A",
      "reason": "The current agent has partial sensor capability and is operating under URLLC with acceptable latency but rising edge load. A backup agent with 50% battery can absorb coordination load without violating SLA, since URLLC latency remains under 10ms even with 20% wind increase. Scaling down or switching to eMBB risks latency violation under worst-case jitter and loss. Retiring and restarting incurs unnecessary downtime and battery waste. The backup agent minimizes regret by preserving SLA compliance while distributing load under projected edge stress.",
      "rationale_tag": "WORST_CASE_REGRET_MINIMIZATION",
      "difficulty": "very_hard"
    }
  ]
}