{
  "initial_state": {
    "domain": "uav",
    "time_s": 0.0,
    "env": {
      "weather": "thermal_updrafts",
      "wind_mps": 6.0,
      "wind_dir_deg": 135.0
    },
    "airspace": {
      "alt_bounds": [
        5.0,
        60.0
      ],
      "geofence": [
        {
          "type": "polygon",
          "points": [
            [
              0.0,
              0.0
            ],
            [
              250.0,
              0.0
            ],
            [
              250.0,
              200.0
            ],
            [
              0.0,
              200.0
            ]
          ]
        }
      ]
    },
    "uav": {
      "pose": {
        "x": 20.0,
        "y": 20.0,
        "z": 10.0,
        "yaw": 90.0
      },
      "speed_mps": 15.0,
      "energy": {
        "battery_pct": 100.0
      },
      "sensors": {
        "rgb": "ok",
        "thermal": "ok",
        "lidar": "offline",
        "radar": "offline",
        "gnss": "ok",
        "imu": "ok",
        "magnetometer": "ok",
        "barometer": "ok"
      },
      "payloads": []
    },
    "policy": {
      "alt_bounds": [
        5.0,
        60.0
      ]
    },
    "safety_flags": {
      "nfz_violation": false,
      "separation_breach": false
    }
  },
  "dialogue": [
    {
      "turn": 1,
      "speaker": "agent",
      "intent": "initiate_survey_mission",
      "actions": [
        {
          "type": "mcp",
          "name": "read_telemetry",
          "args": {}
        },
        {
          "type": "a2a",
          "task": "request_swarm_coverage",
          "to": "uav_swarm_agent",
          "payload": {
            "area": "northeast_quadrant",
            "priority": "high"
          }
        }
      ],
      "obs": [
        {
          "tool": "read_telemetry",
          "result": {
            "pose": {
              "x": 20.0,
              "y": 20.0,
              "z": 10.0
            },
            "battery_pct": 100.0,
            "speed_mps": 15.0
          }
        },
        {
          "task": "request_swarm_coverage",
          "from": "uav_swarm_agent",
          "status": "acknowledged",
          "payload": {
            "assigned_uavs": 3,
            "expected_arrival_s": 120
          }
        }
      ],
      "net": {
        "slice": "eMBB",
        "lat_ms": 12,
        "jitter_ms": 2,
        "loss_pct": 0.1,
        "throughput_mbps": 850,
        "edge_load": 0.35
      }
    },
    {
      "turn": 2,
      "speaker": "user",
      "intent": "approve_swarm_and_adjust_altitude",
      "actions": [
        {
          "type": "mcp",
          "name": "set_altitude",
          "args": {
            "target_z": 45.0
          }
        }
      ],
      "obs": [
        {
          "tool": "set_altitude",
          "result": {
            "status": "command_accepted",
            "target_z": 45.0
          }
        }
      ],
      "net": {
        "slice": "eMBB",
        "lat_ms": 14,
        "jitter_ms": 3,
        "loss_pct": 0.2,
        "throughput_mbps": 800,
        "edge_load": 0.4
      }
    },
    {
      "turn": 3,
      "speaker": "agent",
      "intent": "ascend_and_verify_sensor_status",
      "actions": [
        {
          "type": "mcp",
          "name": "read_telemetry",
          "args": {}
        },
        {
          "type": "mcp",
          "name": "diagnose_sensor",
          "args": {
            "sensor": "lidar"
          }
        }
      ],
      "obs": [
        {
          "tool": "read_telemetry",
          "result": {
            "pose": {
              "x": 20.0,
              "y": 20.0,
              "z": 32.0
            },
            "battery_pct": 98.7,
            "speed_mps": 12.0
          }
        },
        {
          "tool": "diagnose_sensor",
          "result": {
            "sensor": "lidar",
            "status": "faulty_connection",
            "suggestion": "retry_power_cycle"
          }
        }
      ],
      "net": {
        "slice": "URLLC",
        "lat_ms": 8,
        "jitter_ms": 1,
        "loss_pct": 0.05,
        "throughput_mbps": 120,
        "edge_load": 0.25
      }
    },
    {
      "turn": 4,
      "speaker": "user",
      "intent": "restart_lidar_and_continue",
      "actions": [
        {
          "type": "mcp",
          "name": "restart_sensor",
          "args": {
            "sensor": "lidar"
          }
        }
      ],
      "obs": [
        {
          "tool": "restart_sensor",
          "result": {
            "sensor": "lidar",
            "status": "online",
            "diagnostic_code": 200
          }
        }
      ],
      "net": {
        "slice": "URLLC",
        "lat_ms": 7,
        "jitter_ms": 1,
        "loss_pct": 0.02,
        "throughput_mbps": 110,
        "edge_load": 0.2
      }
    },
    {
      "turn": 5,
      "speaker": "agent",
      "intent": "proceed_to_survey_point",
      "actions": [
        {
          "type": "mcp",
          "name": "navigate_to",
          "args": {
            "x": 200.0,
            "y": 180.0,
            "z": 50.0
          }
        }
      ],
      "obs": [
        {
          "tool": "navigate_to",
          "result": {
            "status": "en_route",
            "eta_s": 45,
            "path_valid": true
          }
        }
      ],
      "net": {
        "slice": "eMBB",
        "lat_ms": 15,
        "jitter_ms": 4,
        "loss_pct": 0.3,
        "throughput_mbps": 780,
        "edge_load": 0.45
      }
    },
    {
      "turn": 6,
      "speaker": "user",
      "intent": "report_interference_and_switch_slice",
      "actions": [
        {
          "type": "mcp",
          "name": "switch_network_slice",
          "args": {
            "target": "URLLC"
          }
        }
      ],
      "obs": [
        {
          "tool": "switch_network_slice",
          "result": {
            "from": "eMBB",
            "to": "URLLC",
            "status": "completed"
          }
        }
      ],
      "net": {
        "slice": "URLLC",
        "lat_ms": 6,
        "jitter_ms": 1,
        "loss_pct": 0.01,
        "throughput_mbps": 100,
        "edge_load": 0.18
      }
    },
    {
      "turn": 7,
      "speaker": "agent",
      "intent": "detect_heat_signature_and_alert",
      "actions": [
        {
          "type": "mcp",
          "name": "activate_sensor",
          "args": {
            "sensor": "thermal"
          }
        },
        {
          "type": "a2a",
          "task": "report_thermal_anomaly",
          "to": "rescue_coordinator",
          "payload": {
            "location": {
              "x": 202.1,
              "y": 178.3,
              "z": 50.0
            },
            "confidence": 0.96
          }
        }
      ],
      "obs": [
        {
          "tool": "activate_sensor",
          "result": {
            "sensor": "thermal",
            "status": "active"
          }
        },
        {
          "task": "report_thermal_anomaly",
          "from": "rescue_coordinator",
          "status": "received",
          "payload": {
            "response_team_dispatched": true,
            "eta_min": 8
          }
        }
      ],
      "net": {
        "slice": "URLLC",
        "lat_ms": 5,
        "jitter_ms": 1,
        "loss_pct": 0.01,
        "throughput_mbps": 95,
        "edge_load": 0.15
      }
    },
    {
      "turn": 8,
      "speaker": "user",
      "intent": "initiate_emergency_hover",
      "actions": [
        {
          "type": "mcp",
          "name": "set_hover",
          "args": {}
        }
      ],
      "obs": [
        {
          "tool": "set_hover",
          "result": {
            "status": "hovering",
            "pose": {
              "x": 200.2,
              "y": 179.8,
              "z": 50.0
            }
          }
        }
      ],
      "net": {
        "slice": "URLLC",
        "lat_ms": 4,
        "jitter_ms": 0.8,
        "loss_pct": 0.0,
        "throughput_mbps": 90,
        "edge_load": 0.12
      }
    },
    {
      "turn": 9,
      "speaker": "agent",
      "intent": "monitor_and_conserve_energy",
      "actions": [
        {
          "type": "mcp",
          "name": "read_telemetry",
          "args": {}
        },
        {
          "type": "mcp",
          "name": "reduce_power",
          "args": {
            "components": [
              "rgb",
              "gnss"
            ],
            "mode": "low_power"
          }
        }
      ],
      "obs": [
        {
          "tool": "read_telemetry",
          "result": {
            "pose": {
              "x": 200.2,
              "y": 179.8,
              "z": 50.0
            },
            "battery_pct": 95.3,
            "speed_mps": 0.0
          }
        },
        {
          "tool": "reduce_power",
          "result": {
            "components": [
              "rgb",
              "gnss"
            ],
            "status": "power_reduced",
            "savings_pct": 12
          }
        }
      ],
      "net": {
        "slice": "mMTC",
        "lat_ms": 20,
        "jitter_ms": 10,
        "loss_pct": 0.5,
        "throughput_mbps": 1.2,
        "edge_load": 0.1
      }
    },
    {
      "turn": 10,
      "speaker": "user",
      "intent": "resume_and_return_to_base",
      "actions": [
        {
          "type": "mcp",
          "name": "navigate_to",
          "args": {
            "x": 20.0,
            "y": 20.0,
            "z": 10.0
          }
        }
      ],
      "obs": [
        {
          "tool": "navigate_to",
          "result": {
            "status": "en_route",
            "eta_s": 95,
            "path_valid": true
          }
        }
      ],
      "net": {
        "slice": "URLLC",
        "lat_ms": 7,
        "jitter_ms": 1.2,
        "loss_pct": 0.03,
        "throughput_mbps": 105,
        "edge_load": 0.16
      }
    },
    {
      "turn": 11,
      "speaker": "agent",
      "intent": "confirm_safe_landing",
      "actions": [
        {
          "type": "mcp",
          "name": "read_telemetry",
          "args": {}
        }
      ],
      "obs": [
        {
          "tool": "read_telemetry",
          "result": {
            "pose": {
              "x": 20.0,
              "y": 20.0,
              "z": 10.0
            },
            "battery_pct": 91.2,
            "speed_mps": 0.0
          }
        }
      ],
      "net": {
        "slice": "URLLC",
        "lat_ms": 6,
        "jitter_ms": 1,
        "loss_pct": 0.0,
        "throughput_mbps": 100,
        "edge_load": 0.14
      }
    }
  ],
  "final_state": {
    "domain": "uav",
    "time_s": 210.0,
    "env": {
      "weather": "thermal_updrafts",
      "wind_mps": 6.0,
      "wind_dir_deg": 135.0
    },
    "airspace": {
      "alt_bounds": [
        5.0,
        60.0
      ],
      "geofence": [
        {
          "type": "polygon",
          "points": [
            [
              0.0,
              0.0
            ],
            [
              250.0,
              0.0
            ],
            [
              250.0,
              200.0
            ],
            [
              0.0,
              200.0
            ]
          ]
        }
      ]
    },
    "uav": {
      "pose": {
        "x": 20.0,
        "y": 20.0,
        "z": 10.0,
        "yaw": 90.0
      },
      "speed_mps": 0.0,
      "energy": {
        "battery_pct": 91.2
      },
      "sensors": {
        "rgb": "low_power",
        "thermal": "active",
        "lidar": "online",
        "radar": "offline",
        "gnss": "low_power",
        "imu": "ok",
        "magnetometer": "ok",
        "barometer": "ok"
      },
      "payloads": []
    },
    "policy": {
      "alt_bounds": [
        5.0,
        60.0
      ]
    },
    "safety_flags": {
      "nfz_violation": false,
      "separation_breach": false
    }
  },
  "success": true,
  "_meta": {
    "seed": 42,
    "ts": 1764057312,
    "ts_iso": "2025-11-25T07:55:12Z",
    "gen_time_s": 50.09106779098511,
    "attempts_used": 1,
    "generation_failed": false,
    "usage": {
      "prompt_tokens": 1064,
      "completion_tokens": 3572,
      "total_tokens": 4636,
      "cost": 0.00302304,
      "is_byok": false,
      "prompt_tokens_details": {
        "cached_tokens": 624,
        "audio_tokens": 0,
        "video_tokens": 0
      },
      "cost_details": {
        "upstream_inference_cost": null,
        "upstream_inference_prompt_cost": 0.00016544,
        "upstream_inference_completions_cost": 0.0028576
      },
      "completion_tokens_details": {
        "reasoning_tokens": 0,
        "image_tokens": 0
      }
    }
  }
}