{
  "initial_state": {
    "domain": "uav",
    "time_s": 0.0,
    "env": {
      "weather": "rain",
      "wind_mps": 7.5,
      "wind_dir_deg": 240.0
    },
    "airspace": {
      "alt_bounds": [
        20.0,
        180.0
      ],
      "geofence": [
        {
          "type": "polygon",
          "points": [
            [
              0.0,
              0.0
            ],
            [
              300.0,
              0.0
            ],
            [
              300.0,
              400.0
            ],
            [
              0.0,
              400.0
            ]
          ]
        }
      ]
    },
    "uav": {
      "pose": {
        "x": 50.0,
        "y": 50.0,
        "z": 50.0,
        "yaw": 90.0
      },
      "speed_mps": 22.0,
      "energy": {
        "battery_pct": 100.0
      },
      "sensors": {
        "rgb": "ok",
        "thermal": "ok",
        "lidar": "offline",
        "radar": "offline",
        "gnss": "ok",
        "imu": "ok",
        "magnetometer": "ok",
        "barometer": "ok"
      },
      "payloads": []
    },
    "policy": {
      "alt_bounds": [
        20.0,
        180.0
      ]
    },
    "safety_flags": {
      "nfz_violation": false,
      "separation_breach": false
    }
  },
  "dialogue": [
    {
      "turn": 1,
      "speaker": "agent",
      "intent": "initiate_survey_mission",
      "actions": [
        {
          "type": "mcp",
          "name": "read_telemetry",
          "args": {}
        },
        {
          "type": "mcp",
          "name": "set_waypoint",
          "args": {
            "x": 250.0,
            "y": 350.0,
            "z": 100.0
          }
        }
      ],
      "obs": [
        {
          "tool": "read_telemetry",
          "result": {
            "pose": {
              "x": 50.0,
              "y": 50.0,
              "z": 50.0
            },
            "battery_pct": 100.0
          }
        },
        {
          "tool": "set_waypoint",
          "result": {
            "status": "accepted",
            "eta_s": 45.2
          }
        }
      ],
      "net": {
        "slice": "eMBB",
        "lat_ms": 12,
        "jitter_ms": 2,
        "loss_pct": 0.1,
        "throughput_mbps": 850,
        "edge_load": 0.35
      }
    },
    {
      "turn": 2,
      "speaker": "user",
      "intent": "confirm_mission_and_monitor",
      "actions": [
        {
          "type": "mcp",
          "name": "read_telemetry",
          "args": {}
        }
      ],
      "obs": [
        {
          "tool": "read_telemetry",
          "result": {
            "speed_mps": 22.0,
            "battery_pct": 99.8,
            "pose": {
              "x": 68.3,
              "y": 68.3,
              "z": 58.0
            }
          }
        }
      ],
      "net": {
        "slice": "eMBB",
        "lat_ms": 11,
        "jitter_ms": 1.8,
        "loss_pct": 0.05,
        "throughput_mbps": 870,
        "edge_load": 0.33
      }
    },
    {
      "turn": 3,
      "speaker": "agent",
      "intent": "detect_network_degradation",
      "actions": [
        {
          "type": "mcp",
          "name": "activate_sensor",
          "args": {
            "sensor": "lidar"
          }
        },
        {
          "type": "a2a",
          "task": "collision_avoidance",
          "to": "uav_swarm_agent",
          "payload": {
            "current_pose": {
              "x": 68.3,
              "y": 68.3,
              "z": 58.0
            },
            "waypoint": {
              "x": 250.0,
              "y": 350.0,
              "z": 100.0
            }
          }
        }
      ],
      "obs": [
        {
          "tool": "activate_sensor",
          "result": {
            "sensor": "lidar",
            "status": "failed",
            "reason": "insufficient_bandwidth"
          }
        },
        {
          "task": "collision_avoidance",
          "from": "uav_swarm_agent",
          "status": "ok",
          "payload": {
            "risk_level": "low",
            "recommended_alt": 105.0
          }
        }
      ],
      "net": {
        "slice": "eMBB",
        "lat_ms": 95,
        "jitter_ms": 25,
        "loss_pct": 8.2,
        "throughput_mbps": 120,
        "edge_load": 0.88
      }
    },
    {
      "turn": 4,
      "speaker": "user",
      "intent": "request_network_switch",
      "actions": [
        {
          "type": "mcp",
          "name": "switch_network_slice",
          "args": {
            "target": "URLLC"
          }
        }
      ],
      "obs": [
        {
          "tool": "switch_network_slice",
          "result": {
            "status": "success",
            "previous": "eMBB",
            "current": "URLLC"
          }
        }
      ],
      "net": {
        "slice": "URLLC",
        "lat_ms": 8,
        "jitter_ms": 1.2,
        "loss_pct": 0.02,
        "throughput_mbps": 150,
        "edge_load": 0.42
      }
    },
    {
      "turn": 5,
      "speaker": "agent",
      "intent": "resume_navigation_with_safety_check",
      "actions": [
        {
          "type": "mcp",
          "name": "read_telemetry",
          "args": {}
        },
        {
          "type": "mcp",
          "name": "check_geofence",
          "args": {}
        }
      ],
      "obs": [
        {
          "tool": "read_telemetry",
          "result": {
            "pose": {
              "x": 110.5,
              "y": 120.1,
              "z": 88.0
            },
            "battery_pct": 99.5,
            "speed_mps": 20.5
          }
        },
        {
          "tool": "check_geofence",
          "result": {
            "status": "within_bounds",
            "distance_to_boundary": 89.9
          }
        }
      ],
      "net": {
        "slice": "URLLC",
        "lat_ms": 9,
        "jitter_ms": 1.5,
        "loss_pct": 0.03,
        "throughput_mbps": 145,
        "edge_load": 0.44
      }
    },
    {
      "turn": 6,
      "speaker": "user",
      "intent": "request_thermal_image",
      "actions": [
        {
          "type": "mcp",
          "name": "capture_image",
          "args": {
            "sensor": "thermal",
            "mode": "high_res"
          }
        }
      ],
      "obs": [
        {
          "tool": "capture_image",
          "result": {
            "sensor": "thermal",
            "status": "success",
            "image_id": "thm_9582",
            "data_size_mb": 4.2
          }
        }
      ],
      "net": {
        "slice": "URLLC",
        "lat_ms": 10,
        "jitter_ms": 1.6,
        "loss_pct": 0.04,
        "throughput_mbps": 140,
        "edge_load": 0.48
      }
    },
    {
      "turn": 7,
      "speaker": "agent",
      "intent": "detect_anomaly_and_report",
      "actions": [
        {
          "type": "mcp",
          "name": "analyze_thermal_image",
          "args": {
            "image_id": "thm_9582"
          }
        },
        {
          "type": "a2a",
          "task": "request_assistance",
          "to": "base_station_agent",
          "payload": {
            "issue": "overheating_component_detected",
            "image_id": "thm_9582",
            "uav_pose": {
              "x": 110.5,
              "y": 120.1,
              "z": 88.0
            }
          }
        }
      ],
      "obs": [
        {
          "tool": "analyze_thermal_image",
          "result": {
            "anomaly": "overheating_motor",
            "confidence": 0.94
          }
        },
        {
          "task": "request_assistance",
          "from": "base_station_agent",
          "status": "acknowledged",
          "payload": {
            "recommendation": "proceed_with_cooling_sequence",
            "next_steps": [
              "reduce_speed",
              "increase_altitude_for_airflow"
            ]
          }
        }
      ],
      "net": {
        "slice": "URLLC",
        "lat_ms": 11,
        "jitter_ms": 1.7,
        "loss_pct": 0.05,
        "throughput_mbps": 138,
        "edge_load": 0.51
      }
    },
    {
      "turn": 8,
      "speaker": "user",
      "intent": "authorize_cooling_procedure",
      "actions": [
        {
          "type": "mcp",
          "name": "set_speed",
          "args": {
            "speed_mps": 12.0
          }
        },
        {
          "type": "mcp",
          "name": "set_waypoint",
          "args": {
            "x": 110.5,
            "y": 120.1,
            "z": 120.0
          }
        }
      ],
      "obs": [
        {
          "tool": "set_speed",
          "result": {
            "status": "applied",
            "previous": 20.5,
            "current": 12.0
          }
        },
        {
          "tool": "set_waypoint",
          "result": {
            "status": "accepted",
            "eta_s": 28.0
          }
        }
      ],
      "net": {
        "slice": "URLLC",
        "lat_ms": 10,
        "jitter_ms": 1.4,
        "loss_pct": 0.03,
        "throughput_mbps": 142,
        "edge_load": 0.47
      }
    },
    {
      "turn": 9,
      "speaker": "agent",
      "intent": "verify_cooling_and_resume",
      "actions": [
        {
          "type": "mcp",
          "name": "read_telemetry",
          "args": {}
        },
        {
          "type": "mcp",
          "name": "activate_sensor",
          "args": {
            "sensor": "lidar"
          }
        }
      ],
      "obs": [
        {
          "tool": "read_telemetry",
          "result": {
            "pose": {
              "x": 110.5,
              "y": 120.1,
              "z": 120.0
            },
            "battery_pct": 99.2,
            "speed_mps": 12.0
          }
        },
        {
          "tool": "activate_sensor",
          "result": {
            "sensor": "lidar",
            "status": "active"
          }
        }
      ],
      "net": {
        "slice": "URLLC",
        "lat_ms": 9,
        "jitter_ms": 1.3,
        "loss_pct": 0.02,
        "throughput_mbps": 146,
        "edge_load": 0.43
      }
    },
    {
      "turn": 10,
      "speaker": "user",
      "intent": "resume_original_mission",
      "actions": [
        {
          "type": "mcp",
          "name": "set_waypoint",
          "args": {
            "x": 250.0,
            "y": 350.0,
            "z": 100.0
          }
        }
      ],
      "obs": [
        {
          "tool": "set_waypoint",
          "result": {
            "status": "accepted",
            "eta_s": 62.5
          }
        }
      ],
      "net": {
        "slice": "URLLC",
        "lat_ms": 10,
        "jitter_ms": 1.5,
        "loss_pct": 0.04,
        "throughput_mbps": 144,
        "edge_load": 0.45
      }
    },
    {
      "turn": 11,
      "speaker": "agent",
      "intent": "complete_mission_and_prepare_landing",
      "actions": [
        {
          "type": "mcp",
          "name": "read_telemetry",
          "args": {}
        },
        {
          "type": "a2a",
          "task": "confirm_separation",
          "to": "uav_swarm_agent",
          "payload": {
            "current_pose": {
              "x": 245.0,
              "y": 340.0,
              "z": 100.0
            }
          }
        }
      ],
      "obs": [
        {
          "tool": "read_telemetry",
          "result": {
            "pose": {
              "x": 245.0,
              "y": 340.0,
              "z": 100.0
            },
            "battery_pct": 95.1,
            "speed_mps": 22.0
          }
        },
        {
          "task": "confirm_separation",
          "from": "uav_swarm_agent",
          "status": "ok",
          "payload": {
            "separation_distance": 45.2,
            "status": "safe"
          }
        }
      ],
      "net": {
        "slice": "URLLC",
        "lat_ms": 9,
        "jitter_ms": 1.2,
        "loss_pct": 0.01,
        "throughput_mbps": 150,
        "edge_load": 0.4
      }
    }
  ],
  "final_state": {
    "domain": "uav",
    "time_s": 310.0,
    "env": {
      "weather": "rain",
      "wind_mps": 7.5,
      "wind_dir_deg": 240.0
    },
    "airspace": {
      "alt_bounds": [
        20.0,
        180.0
      ],
      "geofence": [
        {
          "type": "polygon",
          "points": [
            [
              0.0,
              0.0
            ],
            [
              300.0,
              0.0
            ],
            [
              300.0,
              400.0
            ],
            [
              0.0,
              400.0
            ]
          ]
        }
      ]
    },
    "uav": {
      "pose": {
        "x": 245.0,
        "y": 340.0,
        "z": 100.0,
        "yaw": 90.0
      },
      "speed_mps": 22.0,
      "energy": {
        "battery_pct": 95.1
      },
      "sensors": {
        "rgb": "ok",
        "thermal": "ok",
        "lidar": "ok",
        "radar": "offline",
        "gnss": "ok",
        "imu": "ok",
        "magnetometer": "ok",
        "barometer": "ok"
      },
      "payloads": []
    },
    "policy": {
      "alt_bounds": [
        20.0,
        180.0
      ]
    },
    "safety_flags": {
      "nfz_violation": false,
      "separation_breach": false
    }
  },
  "success": true,
  "_meta": {
    "seed": 42,
    "ts": 1763820855,
    "ts_iso": "2025-11-22T14:14:15Z",
    "gen_time_s": 301.6015431880951,
    "attempts_used": 2,
    "generation_failed": false,
    "usage": {
      "prompt_tokens": 1107,
      "completion_tokens": 4014,
      "total_tokens": 5121,
      "cost": 0.00250803,
      "is_byok": false,
      "prompt_tokens_details": {
        "cached_tokens": 0,
        "audio_tokens": 0,
        "video_tokens": 0
      },
      "cost_details": {
        "upstream_inference_cost": null,
        "upstream_inference_prompt_cost": 9.963e-05,
        "upstream_inference_completions_cost": 0.0024084
      },
      "completion_tokens_details": {
        "reasoning_tokens": 0,
        "image_tokens": 0
      }
    }
  }
}