{
  "initial_state": {
    "domain": "uav",
    "time_s": 0.0,
    "env": {
      "weather": "good",
      "wind_mps": 5.0,
      "wind_dir_deg": 180.0
    },
    "airspace": {
      "alt_bounds": [
        20.0,
        150.0
      ],
      "geofence": [
        {
          "type": "polygon",
          "points": [
            [
              0.0,
              0.0
            ],
            [
              1000.0,
              0.0
            ],
            [
              1000.0,
              800.0
            ],
            [
              0.0,
              800.0
            ]
          ]
        }
      ]
    },
    "uav": {
      "pose": {
        "x": 100.0,
        "y": 100.0,
        "z": 20.0,
        "yaw": 90.0
      },
      "speed_mps": 25.0,
      "energy": {
        "battery_pct": 100.0
      },
      "sensors": {
        "rgb": "ok",
        "thermal": "offline",
        "lidar": "offline",
        "radar": "offline",
        "gnss": "ok",
        "imu": "ok",
        "magnetometer": "ok",
        "barometer": "ok"
      },
      "payloads": []
    },
    "policy": {
      "alt_bounds": [
        20.0,
        150.0
      ]
    },
    "safety_flags": {
      "nfz_violation": false,
      "separation_breach": false
    }
  },
  "dialogue": [
    {
      "turn": 1,
      "speaker": "agent",
      "intent": "initiate_survey_mission",
      "actions": [
        {
          "type": "mcp",
          "name": "read_telemetry",
          "args": {}
        },
        {
          "type": "a2a",
          "task": "swarm_formation",
          "to": "uav_swarm_agent",
          "payload": {
            "leader": true,
            "formation": "diamond",
            "waypoints": [
              [
                200.0,
                200.0,
                50.0
              ],
              [
                400.0,
                400.0,
                70.0
              ]
            ]
          }
        }
      ],
      "obs": [
        {
          "tool": "read_telemetry",
          "result": {
            "pose": {
              "x": 100.0,
              "y": 100.0,
              "z": 20.0
            },
            "battery_pct": 100.0,
            "speed_mps": 25.0
          }
        },
        {
          "task": "swarm_formation",
          "from": "uav_swarm_agent",
          "status": "ok",
          "payload": {
            "ack": true,
            "formation_locked": true
          }
        }
      ],
      "net": {
        "slice": "eMBB",
        "lat_ms": 12,
        "jitter_ms": 2,
        "loss_pct": 0.1,
        "throughput_mbps": 850,
        "edge_load": 0.35
      }
    },
    {
      "turn": 2,
      "speaker": "user",
      "intent": "approve_mission_and_request_updates",
      "actions": [
        {
          "type": "mcp",
          "name": "set_update_rate",
          "args": {
            "rate_hz": 2
          }
        }
      ],
      "obs": [
        {
          "tool": "set_update_rate",
          "result": {
            "rate_hz": 2,
            "confirmed": true
          }
        }
      ],
      "net": {
        "slice": "eMBB",
        "lat_ms": 11,
        "jitter_ms": 1.8,
        "loss_pct": 0.05,
        "throughput_mbps": 870,
        "edge_load": 0.37
      }
    },
    {
      "turn": 3,
      "speaker": "agent",
      "intent": "ascend_and_proceed_to_first_waypoint",
      "actions": [
        {
          "type": "mcp",
          "name": "set_altitude",
          "args": {
            "target_z": 50.0
          }
        },
        {
          "type": "mcp",
          "name": "set_heading",
          "args": {
            "target_yaw": 45.0
          }
        }
      ],
      "obs": [
        {
          "tool": "set_altitude",
          "result": {
            "target_z": 50.0,
            "status": "executing"
          }
        },
        {
          "tool": "set_heading",
          "result": {
            "target_yaw": 45.0,
            "status": "completed"
          }
        }
      ],
      "net": {
        "slice": "URLLC",
        "lat_ms": 8,
        "jitter_ms": 1.2,
        "loss_pct": 0.02,
        "throughput_mbps": 120,
        "edge_load": 0.4
      }
    },
    {
      "turn": 4,
      "speaker": "user",
      "intent": "request_thermal_sensor_activation",
      "actions": [
        {
          "type": "mcp",
          "name": "activate_sensor",
          "args": {
            "sensor": "thermal"
          }
        }
      ],
      "obs": [
        {
          "tool": "activate_sensor",
          "result": {
            "sensor": "thermal",
            "status": "failed",
            "reason": "hardware_fault"
          }
        }
      ],
      "net": {
        "slice": "URLLC",
        "lat_ms": 9,
        "jitter_ms": 1.5,
        "loss_pct": 0.03,
        "throughput_mbps": 110,
        "edge_load": 0.42
      }
    },
    {
      "turn": 5,
      "speaker": "agent",
      "intent": "report_sensor_failure_and_continue",
      "actions": [
        {
          "type": "mcp",
          "name": "read_telemetry",
          "args": {}
        },
        {
          "type": "a2a",
          "task": "compensate_sensor_gap",
          "to": "uav_swarm_agent",
          "payload": {
            "failed_sensor": "thermal",
            "request_rgb_coverage": true
          }
        }
      ],
      "obs": [
        {
          "tool": "read_telemetry",
          "result": {
            "pose": {
              "x": 140.0,
              "y": 140.0,
              "z": 50.0
            },
            "battery_pct": 98.7,
            "speed_mps": 24.8
          }
        },
        {
          "task": "compensate_sensor_gap",
          "from": "uav_swarm_agent",
          "status": "acknowledged",
          "payload": {
            "rgb_coverage_assigned": true
          }
        }
      ],
      "net": {
        "slice": "mMTC",
        "lat_ms": 25,
        "jitter_ms": 5,
        "loss_pct": 0.8,
        "throughput_mbps": 1.2,
        "edge_load": 0.65
      }
    },
    {
      "turn": 6,
      "speaker": "user",
      "intent": "instruct_to_reduce_speed_due_to_wind_gusts",
      "actions": [
        {
          "type": "mcp",
          "name": "set_speed",
          "args": {
            "target_speed": 18.0
          }
        }
      ],
      "obs": [
        {
          "tool": "set_speed",
          "result": {
            "target_speed": 18.0,
            "status": "completed"
          }
        }
      ],
      "net": {
        "slice": "URLLC",
        "lat_ms": 7,
        "jitter_ms": 1.0,
        "loss_pct": 0.01,
        "throughput_mbps": 150,
        "edge_load": 0.38
      }
    },
    {
      "turn": 7,
      "speaker": "agent",
      "intent": "detect_network_degradation_and_adapt",
      "actions": [
        {
          "type": "mcp",
          "name": "read_network_state",
          "args": {}
        }
      ],
      "obs": [
        {
          "tool": "read_network_state",
          "result": {
            "slice": "mMTC",
            "lat_ms": 45,
            "jitter_ms": 12,
            "loss_pct": 3.2,
            "throughput_mbps": 0.8,
            "edge_load": 0.88
          }
        }
      ],
      "net": {
        "slice": "mMTC",
        "lat_ms": 45,
        "jitter_ms": 12,
        "loss_pct": 3.2,
        "throughput_mbps": 0.8,
        "edge_load": 0.88
      }
    },
    {
      "turn": 8,
      "speaker": "user",
      "intent": "request_switch_to_low_bandwidth_mode",
      "actions": [
        {
          "type": "mcp",
          "name": "set_comms_profile",
          "args": {
            "profile": "low_bandwidth"
          }
        }
      ],
      "obs": [
        {
          "tool": "set_comms_profile",
          "result": {
            "profile": "low_bandwidth",
            "status": "active"
          }
        }
      ],
      "net": {
        "slice": "URLLC",
        "lat_ms": 10,
        "jitter_ms": 2.1,
        "loss_pct": 0.05,
        "throughput_mbps": 95,
        "edge_load": 0.52
      }
    },
    {
      "turn": 9,
      "speaker": "agent",
      "intent": "resume_navigation_with_reduced_updates",
      "actions": [
        {
          "type": "mcp",
          "name": "set_update_rate",
          "args": {
            "rate_hz": 0.5
          }
        },
        {
          "type": "mcp",
          "name": "proceed_to_waypoint",
          "args": {
            "wp_index": 1
          }
        }
      ],
      "obs": [
        {
          "tool": "set_update_rate",
          "result": {
            "rate_hz": 0.5,
            "confirmed": true
          }
        },
        {
          "tool": "proceed_to_waypoint",
          "result": {
            "wp_index": 1,
            "status": "reached"
          }
        }
      ],
      "net": {
        "slice": "URLLC",
        "lat_ms": 9,
        "jitter_ms": 1.8,
        "loss_pct": 0.04,
        "throughput_mbps": 100,
        "edge_load": 0.5
      }
    },
    {
      "turn": 10,
      "speaker": "user",
      "intent": "request_return_to_home",
      "actions": [
        {
          "type": "mcp",
          "name": "set_home_location",
          "args": {
            "x": 100.0,
            "y": 100.0,
            "z": 20.0
          }
        }
      ],
      "obs": [
        {
          "tool": "set_home_location",
          "result": {
            "home_set": true,
            "location": {
              "x": 100.0,
              "y": 100.0,
              "z": 20.0
            }
          }
        }
      ],
      "net": {
        "slice": "URLLC",
        "lat_ms": 8,
        "jitter_ms": 1.5,
        "loss_pct": 0.02,
        "throughput_mbps": 110,
        "edge_load": 0.45
      }
    },
    {
      "turn": 11,
      "speaker": "agent",
      "intent": "execute_return_and_land",
      "actions": [
        {
          "type": "mcp",
          "name": "return_to_home",
          "args": {}
        },
        {
          "type": "a2a",
          "task": "swarm_disband",
          "to": "uav_swarm_agent",
          "payload": {
            "reason": "mission_complete"
          }
        }
      ],
      "obs": [
        {
          "tool": "return_to_home",
          "result": {
            "status": "completed",
            "final_pose": {
              "x": 100.0,
              "y": 100.0,
              "z": 20.0
            }
          }
        },
        {
          "task": "swarm_disband",
          "from": "uav_swarm_agent",
          "status": "ok",
          "payload": {
            "disbanded": true
          }
        }
      ],
      "net": {
        "slice": "URLLC",
        "lat_ms": 7,
        "jitter_ms": 1.2,
        "loss_pct": 0.01,
        "throughput_mbps": 130,
        "edge_load": 0.4
      }
    }
  ],
  "final_state": {
    "domain": "uav",
    "time_s": 120.0,
    "env": {
      "weather": "good",
      "wind_mps": 5.0,
      "wind_dir_deg": 180.0
    },
    "airspace": {
      "alt_bounds": [
        20.0,
        150.0
      ],
      "geofence": [
        {
          "type": "polygon",
          "points": [
            [
              0.0,
              0.0
            ],
            [
              1000.0,
              0.0
            ],
            [
              1000.0,
              800.0
            ],
            [
              0.0,
              800.0
            ]
          ]
        }
      ]
    },
    "uav": {
      "pose": {
        "x": 100.0,
        "y": 100.0,
        "z": 20.0,
        "yaw": 90.0
      },
      "speed_mps": 0.0,
      "energy": {
        "battery_pct": 88.5
      },
      "sensors": {
        "rgb": "ok",
        "thermal": "offline",
        "lidar": "offline",
        "radar": "offline",
        "gnss": "ok",
        "imu": "ok",
        "magnetometer": "ok",
        "barometer": "ok"
      },
      "payloads": []
    },
    "policy": {
      "alt_bounds": [
        20.0,
        150.0
      ]
    },
    "safety_flags": {
      "nfz_violation": false,
      "separation_breach": false
    }
  },
  "success": true,
  "_meta": {
    "seed": 42,
    "ts": 1763662611,
    "ts_iso": "2025-11-20T18:16:51Z",
    "gen_time_s": 55.95998024940491,
    "attempts_used": 1,
    "generation_failed": false,
    "usage": {
      "prompt_tokens": 1061,
      "completion_tokens": 3624,
      "total_tokens": 4685,
      "cost": 0.00306574,
      "is_byok": false,
      "prompt_tokens_details": {
        "cached_tokens": 608,
        "audio_tokens": 0,
        "video_tokens": 0
      },
      "cost_details": {
        "upstream_inference_cost": null,
        "upstream_inference_prompt_cost": 0.00016654,
        "upstream_inference_completions_cost": 0.0028992
      },
      "completion_tokens_details": {
        "reasoning_tokens": 0,
        "image_tokens": 0
      }
    }
  }
}