{
  "initial_state": {
    "domain": "uav",
    "time_s": 0.0,
    "env": {
      "weather": "ash_cloud,thermal_updrafts,lightning_risk",
      "wind_mps": 16.5,
      "wind_dir_deg": 240.0
    },
    "airspace": {
      "alt_bounds": [
        10.0,
        180.0
      ],
      "geofence": [
        {
          "type": "polygon",
          "points": [
            [
              500,
              500
            ],
            [
              2500,
              500
            ],
            [
              2500,
              2000
            ],
            [
              500,
              2000
            ]
          ]
        }
      ]
    },
    "uav": {
      "pose": {
        "x": 600.0,
        "y": 550.0,
        "z": 20.0,
        "yaw": 80.0
      },
      "speed_mps": 32.0,
      "energy": {
        "battery_pct": 100.0
      },
      "sensors": {
        "rgb": "ok",
        "thermal": "ok",
        "lidar": "ok",
        "radar": "offline",
        "gnss": "ok",
        "imu": "ok",
        "magnetometer": "ok",
        "barometer": "ok"
      },
      "payloads": []
    },
    "policy": {
      "alt_bounds": [
        10.0,
        180.0
      ]
    },
    "safety_flags": {
      "nfz_violation": false,
      "separation_breach": false
    }
  },
  "dialogue": [
    {
      "turn": 1,
      "speaker": "agent",
      "intent": "initiate_mission_and_check_status",
      "actions": [
        {
          "type": "mcp",
          "name": "read_telemetry",
          "args": {}
        },
        {
          "type": "mcp",
          "name": "check_sensors",
          "args": {}
        }
      ],
      "obs": [
        {
          "tool": "read_telemetry",
          "result": {
            "pose": {
              "x": 600.0,
              "y": 550.0,
              "z": 20.0
            },
            "speed_mps": 32.0,
            "battery_pct": 100.0
          }
        },
        {
          "tool": "check_sensors",
          "result": {
            "status": "partial",
            "issues": [
              "radar_offline"
            ]
          }
        }
      ],
      "net": {
        "slice": "eMBB",
        "lat_ms": 12,
        "jitter_ms": 2,
        "loss_pct": 0.1,
        "throughput_mbps": 850,
        "edge_load": 0.35
      }
    },
    {
      "turn": 2,
      "speaker": "user",
      "intent": "confirm_mission_start",
      "actions": [],
      "obs": [],
      "net": {
        "slice": "eMBB",
        "lat_ms": 11,
        "jitter_ms": 1.8,
        "loss_pct": 0.05,
        "throughput_mbps": 870,
        "edge_load": 0.37
      }
    },
    {
      "turn": 3,
      "speaker": "agent",
      "intent": "request_swarm_coordination_for_routing",
      "actions": [
        {
          "type": "a2a",
          "task": "route_optimization",
          "to": "uav_swarm_agent",
          "payload": {
            "current_pose": {
              "x": 600.0,
              "y": 550.0,
              "z": 20.0
            },
            "target_area": "northeast_sector",
            "obstacles": [
              "ash_cloud",
              "thermal_turbulence"
            ]
          }
        }
      ],
      "obs": [
        {
          "task": "route_optimization",
          "from": "uav_swarm_agent",
          "status": "ok",
          "payload": {
            "recommended_route": [
              {
                "x": 800,
                "y": 700,
                "z": 60
              },
              {
                "x": 1500,
                "y": 1200,
                "z": 100
              }
            ],
            "hazard_avoidance": true
          }
        }
      ],
      "net": {
        "slice": "URLLC",
        "lat_ms": 8,
        "jitter_ms": 0.9,
        "loss_pct": 0.02,
        "throughput_mbps": 120,
        "edge_load": 0.42
      }
    },
    {
      "turn": 4,
      "speaker": "user",
      "intent": "approve_route_and_request_monitoring",
      "actions": [
        {
          "type": "mcp",
          "name": "activate_sensor_monitoring",
          "args": {
            "sensors": [
              "thermal",
              "lidar"
            ],
            "interval_ms": 500
          }
        }
      ],
      "obs": [
        {
          "tool": "activate_sensor_monitoring",
          "result": {
            "status": "active",
            "sensors": [
              "thermal",
              "lidar"
            ]
          }
        }
      ],
      "net": {
        "slice": "eMBB",
        "lat_ms": 14,
        "jitter_ms": 3,
        "loss_pct": 0.2,
        "throughput_mbps": 800,
        "edge_load": 0.51
      }
    },
    {
      "turn": 5,
      "speaker": "agent",
      "intent": "execute_waypoint_transition",
      "actions": [
        {
          "type": "mcp",
          "name": "set_waypoint",
          "args": {
            "x": 800,
            "y": 700,
            "z": 60,
            "speed": 25
          }
        }
      ],
      "obs": [
        {
          "tool": "set_waypoint",
          "result": {
            "status": "acknowledged",
            "eta_s": 18.4,
            "fuel_consumption_rate": 1.2
          }
        }
      ],
      "net": {
        "slice": "URLLC",
        "lat_ms": 7,
        "jitter_ms": 0.8,
        "loss_pct": 0.01,
        "throughput_mbps": 110,
        "edge_load": 0.48
      }
    },
    {
      "turn": 6,
      "speaker": "user",
      "intent": "report_network_anomaly",
      "actions": [],
      "obs": [],
      "net": {
        "slice": "eMBB",
        "lat_ms": 98,
        "jitter_ms": 25,
        "loss_pct": 8.5,
        "throughput_mbps": 120,
        "edge_load": 0.89
      }
    },
    {
      "turn": 7,
      "speaker": "agent",
      "intent": "adapt_to_network_degradation",
      "actions": [
        {
          "type": "mcp",
          "name": "reduce_sensor_streaming",
          "args": {
            "target_bandwidth_kbps": 512
          }
        },
        {
          "type": "a2a",
          "task": "heartbeat",
          "to": "uav_swarm_agent",
          "payload": {
            "status": "degraded_link",
            "last_known_pose": {
              "x": 785.3,
              "y": 692.1,
              "z": 58.7
            }
          }
        }
      ],
      "obs": [
        {
          "tool": "reduce_sensor_streaming",
          "result": {
            "status": "applied",
            "bandwidth_used_kbps": 498
          }
        },
        {
          "task": "heartbeat",
          "from": "uav_swarm_agent",
          "status": "received",
          "payload": {
            "ack": true
          }
        }
      ],
      "net": {
        "slice": "mMTC",
        "lat_ms": 45,
        "jitter_ms": 12,
        "loss_pct": 2.1,
        "throughput_mbps": 1.2,
        "edge_load": 0.67
      }
    },
    {
      "turn": 8,
      "speaker": "user",
      "intent": "instruct_altitude_adjustment_due_to_ash",
      "actions": [
        {
          "type": "mcp",
          "name": "read_weather_hazard",
          "args": {}
        }
      ],
      "obs": [
        {
          "tool": "read_weather_hazard",
          "result": {
            "hazard": "ash_cloud",
            "altitude_range": [
              40,
              75
            ],
            "density": "high"
          }
        }
      ],
      "net": {
        "slice": "URLLC",
        "lat_ms": 9,
        "jitter_ms": 1.1,
        "loss_pct": 0.03,
        "throughput_mbps": 95,
        "edge_load": 0.53
      }
    },
    {
      "turn": 9,
      "speaker": "agent",
      "intent": "avoid_ash_cloud_by_climbing",
      "actions": [
        {
          "type": "mcp",
          "name": "set_waypoint",
          "args": {
            "x": 800,
            "y": 700,
            "z": 85,
            "speed": 20
          }
        }
      ],
      "obs": [
        {
          "tool": "set_waypoint",
          "result": {
            "status": "acknowledged",
            "eta_s": 10.2,
            "battery_after": 97.6
          }
        }
      ],
      "net": {
        "slice": "URLLC",
        "lat_ms": 8,
        "jitter_ms": 0.7,
        "loss_pct": 0.01,
        "throughput_mbps": 105,
        "edge_load": 0.5
      }
    },
    {
      "turn": 10,
      "speaker": "user",
      "intent": "request_status_update",
      "actions": [
        {
          "type": "mcp",
          "name": "read_telemetry",
          "args": {}
        }
      ],
      "obs": [
        {
          "tool": "read_telemetry",
          "result": {
            "pose": {
              "x": 800.0,
              "y": 700.0,
              "z": 85.0
            },
            "speed_mps": 20.0,
            "battery_pct": 97.6,
            "safety_flags": {
              "nfz_violation": false,
              "separation_breach": false
            }
          }
        }
      ],
      "net": {
        "slice": "eMBB",
        "lat_ms": 13,
        "jitter_ms": 2.1,
        "loss_pct": 0.1,
        "throughput_mbps": 830,
        "edge_load": 0.41
      }
    },
    {
      "turn": 11,
      "speaker": "agent",
      "intent": "report_completion_and_prepare_next_phase",
      "actions": [
        {
          "type": "a2a",
          "task": "update_mission_status",
          "to": "uav_swarm_agent",
          "payload": {
            "phase": "waypoint_reached",
            "next_action": "scan_target_area"
          }
        }
      ],
      "obs": [
        {
          "task": "update_mission_status",
          "from": "uav_swarm_agent",
          "status": "confirmed",
          "payload": {
            "next_task_assigned": "thermal_scan"
          }
        }
      ],
      "net": {
        "slice": "URLLC",
        "lat_ms": 7,
        "jitter_ms": 0.6,
        "loss_pct": 0.01,
        "throughput_mbps": 115,
        "edge_load": 0.44
      }
    }
  ],
  "final_state": {
    "domain": "uav",
    "time_s": 120.0,
    "env": {
      "weather": "ash_cloud,thermal_updrafts,lightning_risk",
      "wind_mps": 16.5,
      "wind_dir_deg": 240.0
    },
    "airspace": {
      "alt_bounds": [
        10.0,
        180.0
      ],
      "geofence": [
        {
          "type": "polygon",
          "points": [
            [
              500,
              500
            ],
            [
              2500,
              500
            ],
            [
              2500,
              2000
            ],
            [
              500,
              2000
            ]
          ]
        }
      ]
    },
    "uav": {
      "pose": {
        "x": 800.0,
        "y": 700.0,
        "z": 85.0,
        "yaw": 80.0
      },
      "speed_mps": 20.0,
      "energy": {
        "battery_pct": 97.6
      },
      "sensors": {
        "rgb": "ok",
        "thermal": "ok",
        "lidar": "ok",
        "radar": "offline",
        "gnss": "ok",
        "imu": "ok",
        "magnetometer": "ok",
        "barometer": "ok"
      },
      "payloads": []
    },
    "policy": {
      "alt_bounds": [
        10.0,
        180.0
      ]
    },
    "safety_flags": {
      "nfz_violation": false,
      "separation_breach": false
    }
  },
  "success": true,
  "_meta": {
    "seed": 42,
    "ts": 1763756908,
    "ts_iso": "2025-11-21T20:28:28Z",
    "gen_time_s": 55.68904495239258,
    "attempts_used": 1,
    "generation_failed": false,
    "usage": {
      "prompt_tokens": 1077,
      "completion_tokens": 3460,
      "total_tokens": 4537,
      "cost": 0.00293806,
      "is_byok": false,
      "prompt_tokens_details": {
        "cached_tokens": 608,
        "audio_tokens": 0,
        "video_tokens": 0
      },
      "cost_details": {
        "upstream_inference_cost": null,
        "upstream_inference_prompt_cost": 0.00017006,
        "upstream_inference_completions_cost": 0.002768
      },
      "completion_tokens_details": {
        "reasoning_tokens": 0,
        "image_tokens": 0
      }
    }
  }
}