{
  "initial_state": {
    "domain": "uav",
    "time_s": 0.0,
    "env": {
      "weather": "fog",
      "wind_mps": 8.5,
      "wind_dir_deg": 240.0
    },
    "airspace": {
      "alt_bounds": [
        20.0,
        180.0
      ],
      "geofence": [
        {
          "type": "polygon",
          "points": [
            [
              0.0,
              0.0
            ],
            [
              300.0,
              0.0
            ],
            [
              300.0,
              250.0
            ],
            [
              0.0,
              250.0
            ]
          ]
        }
      ]
    },
    "uav": {
      "pose": {
        "x": 20.0,
        "y": 20.0,
        "z": 20.0,
        "yaw": 90.0
      },
      "speed_mps": 45.0,
      "energy": {
        "battery_pct": 100.0
      },
      "sensors": {
        "rgb": "ok",
        "thermal": "ok",
        "lidar": "ok",
        "radar": "offline",
        "gnss": "ok",
        "imu": "ok",
        "magnetometer": "ok",
        "barometer": "ok"
      },
      "payloads": [
        {
          "id": "main_imager",
          "type": "gimbaled_camera",
          "category": "imaging_optical",
          "mass_kg": 1.2,
          "power_W": 45,
          "drag_cdA": 0.02,
          "mount": "gimbal",
          "data": {
            "stream": "video",
            "bitrate_mbps": 15,
            "storage_GB": 256
          },
          "operating": {
            "fov_deg": 85,
            "resolution": "1920x1080@60"
          },
          "constraints": {
            "min_alt_m": 30,
            "max_alt_m": 150,
            "day_night": "day"
          }
        },
        {
          "id": "thermal_sensor",
          "type": "thermal_camera_lwir",
          "category": "imaging_thermal",
          "mass_kg": 0.9,
          "power_W": 38,
          "drag_cdA": 0.015,
          "mount": "gimbal",
          "data": {
            "stream": "video",
            "bitrate_mbps": 10,
            "storage_GB": 128
          },
          "operating": {
            "fov_deg": 70,
            "wavelength": "LWIR",
            "resolution": "640x512@30"
          },
          "constraints": {
            "min_alt_m": 25,
            "max_alt_m": 200,
            "day_night": "both"
          }
        },
        {
          "id": "mapping_lidar",
          "type": "lidar",
          "category": "imaging_advanced",
          "mass_kg": 2.1,
          "power_W": 65,
          "drag_cdA": 0.03,
          "mount": "belly",
          "data": {
            "stream": "pointcloud",
            "bitrate_mbps": 80,
            "storage_GB": 512
          },
          "operating": {
            "range_m": 200,
            "resolution": "10cm"
          },
          "constraints": {
            "min_alt_m": 40,
            "max_alt_m": 120,
            "day_night": "both"
          }
        }
      ]
    },
    "policy": {
      "alt_bounds": [
        20.0,
        180.0
      ]
    },
    "safety_flags": {
      "nfz_violation": false,
      "separation_breach": false
    }
  },
  "dialogue": [
    {
      "turn": 1,
      "speaker": "agent",
      "intent": "initiate_mission",
      "actions": [
        {
          "type": "mcp",
          "name": "read_telemetry",
          "args": {}
        }
      ],
      "obs": [
        {
          "tool": "read_telemetry",
          "result": {
            "pose": {
              "x": 20.0,
              "y": 20.0,
              "z": 20.0
            },
            "battery_pct": 100.0,
            "speed_mps": 45.0
          }
        }
      ],
      "net": {
        "slice": "URLLC",
        "lat_ms": 5,
        "jitter_ms": 1,
        "loss_pct": 0.01,
        "throughput_mbps": 100,
        "edge_load": 0.3
      }
    },
    {
      "turn": 2,
      "speaker": "user",
      "intent": "confirm_takeoff",
      "actions": [],
      "obs": [],
      "net": {
        "slice": "URLLC",
        "lat_ms": 6,
        "jitter_ms": 1.2,
        "loss_pct": 0.02,
        "throughput_mbps": 95,
        "edge_load": 0.32
      }
    },
    {
      "turn": 3,
      "speaker": "agent",
      "intent": "ascend_to_survey_altitude",
      "actions": [
        {
          "type": "mcp",
          "name": "set_altitude",
          "args": {
            "target_z": 100.0
          }
        }
      ],
      "obs": [
        {
          "tool": "set_altitude",
          "result": {
            "status": "executing",
            "target": 100.0,
            "current_z": 60.0,
            "time_to_completion_s": 12.5
          }
        }
      ],
      "net": {
        "slice": "eMBB",
        "lat_ms": 15,
        "jitter_ms": 3,
        "loss_pct": 0.1,
        "throughput_mbps": 200,
        "edge_load": 0.45
      }
    },
    {
      "turn": 4,
      "speaker": "user",
      "intent": "activate_thermal_imaging",
      "actions": [
        {
          "type": "mcp",
          "name": "activate_payload",
          "args": {
            "payload_id": "thermal_sensor"
          }
        }
      ],
      "obs": [
        {
          "tool": "activate_payload",
          "result": {
            "payload_id": "thermal_sensor",
            "status": "active",
            "bitrate_mbps": 10
          }
        }
      ],
      "net": {
        "slice": "eMBB",
        "lat_ms": 16,
        "jitter_ms": 3.5,
        "loss_pct": 0.12,
        "throughput_mbps": 195,
        "edge_load": 0.48
      }
    },
    {
      "turn": 5,
      "speaker": "agent",
      "intent": "detect_obstacles",
      "actions": [
        {
          "type": "mcp",
          "name": "lidar_scan",
          "args": {
            "range_m": 150
          }
        }
      ],
      "obs": [
        {
          "tool": "lidar_scan",
          "result": {
            "obstacles": [
              {
                "x": 180.0,
                "y": 120.0,
                "z": 110.0,
                "type": "building"
              }
            ],
            "status": "complete"
          }
        }
      ],
      "net": {
        "slice": "URLLC",
        "lat_ms": 8,
        "jitter_ms": 1.5,
        "loss_pct": 0.03,
        "throughput_mbps": 80,
        "edge_load": 0.5
      }
    },
    {
      "turn": 6,
      "speaker": "user",
      "intent": "request_swarm_coordination",
      "actions": [
        {
          "type": "a2a",
          "task": "collision_avoidance",
          "to": "uav_swarm_agent",
          "payload": {
            "current_pose": {
              "x": 20.0,
              "y": 20.0,
              "z": 100.0
            },
            "waypoints": [
              {
                "x": 250.0,
                "y": 200.0,
                "z": 100.0
              }
            ]
          }
        }
      ],
      "obs": [
        {
          "task": "collision_avoidance",
          "from": "uav_swarm_agent",
          "status": "ok",
          "payload": {
            "clearance": true,
            "recommended_alt": 105.0
          }
        }
      ],
      "net": {
        "slice": "URLLC",
        "lat_ms": 9,
        "jitter_ms": 1.8,
        "loss_pct": 0.04,
        "throughput_mbps": 75,
        "edge_load": 0.52
      }
    },
    {
      "turn": 7,
      "speaker": "agent",
      "intent": "adjust_route_for_safety",
      "actions": [
        {
          "type": "mcp",
          "name": "set_waypoint",
          "args": {
            "x": 250.0,
            "y": 200.0,
            "z": 105.0
          }
        }
      ],
      "obs": [
        {
          "tool": "set_waypoint",
          "result": {
            "status": "updated",
            "waypoint": {
              "x": 250.0,
              "y": 200.0,
              "z": 105.0
            }
          }
        }
      ],
      "net": {
        "slice": "URLLC",
        "lat_ms": 7,
        "jitter_ms": 1.3,
        "loss_pct": 0.02,
        "throughput_mbps": 85,
        "edge_load": 0.49
      }
    },
    {
      "turn": 8,
      "speaker": "user",
      "intent": "report_network_degradation",
      "actions": [],
      "obs": [],
      "net": {
        "slice": "mMTC",
        "lat_ms": 120,
        "jitter_ms": 25,
        "loss_pct": 2.5,
        "throughput_mbps": 1,
        "edge_load": 0.85
      }
    },
    {
      "turn": 9,
      "speaker": "agent",
      "intent": "conserve_bandwidth_and_stabilize",
      "actions": [
        {
          "type": "mcp",
          "name": "reduce_stream_bitrate",
          "args": {
            "target_mbps": 5
          }
        },
        {
          "type": "mcp",
          "name": "read_telemetry",
          "args": {}
        }
      ],
      "obs": [
        {
          "tool": "reduce_stream_bitrate",
          "result": {
            "achieved_mbps": 5.2,
            "streams_affected": [
              "main_imager",
              "thermal_sensor"
            ]
          }
        },
        {
          "tool": "read_telemetry",
          "result": {
            "pose": {
              "x": 140.0,
              "y": 130.0,
              "z": 105.0
            },
            "battery_pct": 88.5,
            "speed_mps": 42.0
          }
        }
      ],
      "net": {
        "slice": "mMTC",
        "lat_ms": 115,
        "jitter_ms": 23,
        "loss_pct": 2.3,
        "throughput_mbps": 1.2,
        "edge_load": 0.82
      }
    },
    {
      "turn": 10,
      "speaker": "user",
      "intent": "resume_full_sensing",
      "actions": [
        {
          "type": "mcp",
          "name": "activate_payload",
          "args": {
            "payload_id": "mapping_lidar"
          }
        }
      ],
      "obs": [
        {
          "tool": "activate_payload",
          "result": {
            "payload_id": "mapping_lidar",
            "status": "active",
            "bitrate_mbps": 80
          }
        }
      ],
      "net": {
        "slice": "eMBB",
        "lat_ms": 18,
        "jitter_ms": 4,
        "loss_pct": 0.15,
        "throughput_mbps": 180,
        "edge_load": 0.6
      }
    },
    {
      "turn": 11,
      "speaker": "agent",
      "intent": "complete_survey_and_return",
      "actions": [
        {
          "type": "mcp",
          "name": "return_to_home",
          "args": {}
        }
      ],
      "obs": [
        {
          "tool": "return_to_home",
          "result": {
            "status": "initiated",
            "home_pose": {
              "x": 20.0,
              "y": 20.0,
              "z": 20.0
            },
            "estimated_time_s": 45
          }
        }
      ],
      "net": {
        "slice": "URLLC",
        "lat_ms": 6,
        "jitter_ms": 1.1,
        "loss_pct": 0.01,
        "throughput_mbps": 110,
        "edge_load": 0.35
      }
    }
  ],
  "final_state": {
    "domain": "uav",
    "time_s": 135.0,
    "env": {
      "weather": "fog",
      "wind_mps": 8.5,
      "wind_dir_deg": 240.0
    },
    "airspace": {
      "alt_bounds": [
        20.0,
        180.0
      ],
      "geofence": [
        {
          "type": "polygon",
          "points": [
            [
              0.0,
              0.0
            ],
            [
              300.0,
              0.0
            ],
            [
              300.0,
              250.0
            ],
            [
              0.0,
              250.0
            ]
          ]
        }
      ]
    },
    "uav": {
      "pose": {
        "x": 45.0,
        "y": 50.0,
        "z": 80.0,
        "yaw": 270.0
      },
      "speed_mps": 38.0,
      "energy": {
        "battery_pct": 76.0
      },
      "sensors": {
        "rgb": "ok",
        "thermal": "ok",
        "lidar": "ok",
        "radar": "offline",
        "gnss": "ok",
        "imu": "ok",
        "magnetometer": "ok",
        "barometer": "ok"
      },
      "payloads": [
        {
          "id": "main_imager",
          "type": "gimbaled_camera",
          "category": "imaging_optical",
          "mass_kg": 1.2,
          "power_W": 45,
          "drag_cdA": 0.02,
          "mount": "gimbal",
          "data": {
            "stream": "video",
            "bitrate_mbps": 15,
            "storage_GB": 256
          },
          "operating": {
            "fov_deg": 85,
            "resolution": "1920x1080@60"
          },
          "constraints": {
            "min_alt_m": 30,
            "max_alt_m": 150,
            "day_night": "day"
          }
        },
        {
          "id": "thermal_sensor",
          "type": "thermal_camera_lwir",
          "category": "imaging_thermal",
          "mass_kg": 0.9,
          "power_W": 38,
          "drag_cdA": 0.015,
          "mount": "gimbal",
          "data": {
            "stream": "video",
            "bitrate_mbps": 10,
            "storage_GB": 128
          },
          "operating": {
            "fov_deg": 70,
            "wavelength": "LWIR",
            "resolution": "640x512@30"
          },
          "constraints": {
            "min_alt_m": 25,
            "max_alt_m": 200,
            "day_night": "both"
          }
        },
        {
          "id": "mapping_lidar",
          "type": "lidar",
          "category": "imaging_advanced",
          "mass_kg": 2.1,
          "power_W": 65,
          "drag_cdA": 0.03,
          "mount": "belly",
          "data": {
            "stream": "pointcloud",
            "bitrate_mbps": 80,
            "storage_GB": 512
          },
          "operating": {
            "range_m": 200,
            "resolution": "10cm"
          },
          "constraints": {
            "min_alt_m": 40,
            "max_alt_m": 120,
            "day_night": "both"
          }
        }
      ]
    },
    "policy": {
      "alt_bounds": [
        20.0,
        180.0
      ]
    },
    "safety_flags": {
      "nfz_violation": false,
      "separation_breach": false
    }
  },
  "success": true,
  "_meta": {
    "seed": 42,
    "ts": 1763957617,
    "ts_iso": "2025-11-24T04:13:37Z",
    "gen_time_s": 174.42992663383484,
    "attempts_used": 3,
    "generation_failed": false,
    "usage": {
      "prompt_tokens": 1642,
      "completion_tokens": 4347,
      "total_tokens": 5989,
      "cost": 0.00365932,
      "is_byok": false,
      "prompt_tokens_details": {
        "cached_tokens": 1632,
        "audio_tokens": 0,
        "video_tokens": 0
      },
      "cost_details": {
        "upstream_inference_cost": null,
        "upstream_inference_prompt_cost": 0.00018172,
        "upstream_inference_completions_cost": 0.0034776
      },
      "completion_tokens_details": {
        "reasoning_tokens": 0,
        "image_tokens": 0
      }
    }
  }
}