{
  "initial_state": {
    "domain": "uav",
    "time_s": 0.0,
    "env": {
      "weather": "icing",
      "wind_mps": 8.5,
      "wind_dir_deg": 240.0
    },
    "airspace": {
      "alt_bounds": [
        0.0,
        150.0
      ],
      "geofence": [
        {
          "type": "polygon",
          "points": [
            [
              0,
              0
            ],
            [
              3000,
              0
            ],
            [
              3000,
              2500
            ],
            [
              0,
              2500
            ]
          ]
        }
      ]
    },
    "uav": {
      "pose": {
        "x": 100.0,
        "y": 1250.0,
        "z": 30.0,
        "yaw": 90.0
      },
      "speed_mps": 18.0,
      "energy": {
        "battery_pct": 100.0
      },
      "sensors": {
        "rgb": "ok",
        "thermal": "offline",
        "lidar": "ok",
        "radar": "offline",
        "gnss": "ok",
        "imu": "ok",
        "magnetometer": "ok",
        "barometer": "ok"
      },
      "payloads": []
    },
    "policy": {
      "alt_bounds": [
        0.0,
        150.0
      ]
    },
    "safety_flags": {
      "nfz_violation": false,
      "separation_breach": false
    }
  },
  "dialogue": [
    {
      "turn": 1,
      "speaker": "agent",
      "intent": "initiate mission and check telemetry",
      "actions": [
        {
          "type": "mcp",
          "name": "read_telemetry",
          "args": {}
        }
      ],
      "obs": [
        {
          "tool": "read_telemetry",
          "result": {
            "pose": {
              "x": 100.0,
              "y": 1250.0,
              "z": 30.0,
              "yaw": 90.0
            },
            "speed_mps": 18.0,
            "battery_pct": 100.0,
            "sensors": {
              "rgb": "ok",
              "thermal": "offline",
              "lidar": "ok",
              "radar": "offline",
              "gnss": "ok",
              "imu": "ok"
            }
          }
        }
      ],
      "net": {
        "slice": "eMBB",
        "lat_ms": 12,
        "jitter_ms": 2,
        "loss_pct": 0.1,
        "throughput_mbps": 850,
        "edge_load": 0.45
      }
    },
    {
      "turn": 2,
      "speaker": "user",
      "intent": "confirm mission start and request thermal sensor restart",
      "actions": [
        {
          "type": "mcp",
          "name": "restart_sensor",
          "args": {
            "sensor": "thermal"
          }
        }
      ],
      "obs": [
        {
          "tool": "restart_sensor",
          "result": {
            "sensor": "thermal",
            "status": "failed",
            "reason": "icing prevents thermal sensor activation"
          }
        }
      ],
      "net": {
        "slice": "eMBB",
        "lat_ms": 14,
        "jitter_ms": 3,
        "loss_pct": 0.2,
        "throughput_mbps": 800,
        "edge_load": 0.5
      }
    },
    {
      "turn": 3,
      "speaker": "agent",
      "intent": "assess sensor failure and initiate swarm coordination",
      "actions": [
        {
          "type": "a2a",
          "task": "request_thermal_scan",
          "to": "uav_swarm_agent",
          "payload": {
            "target_area": {
              "x_min": 1000,
              "x_max": 1500,
              "y_min": 1000,
              "y_max": 1800
            },
            "priority": "high"
          }
        }
      ],
      "obs": [
        {
          "task": "request_thermal_scan",
          "from": "uav_swarm_agent",
          "status": "acknowledged",
          "payload": {
            "eta": 45,
            "uav_id": "uav-7"
          }
        }
      ],
      "net": {
        "slice": "URLLC",
        "lat_ms": 8,
        "jitter_ms": 1,
        "loss_pct": 0.05,
        "throughput_mbps": 120,
        "edge_load": 0.3
      }
    },
    {
      "turn": 4,
      "speaker": "user",
      "intent": "request immediate climb to 100m for better LoS",
      "actions": [
        {
          "type": "mcp",
          "name": "set_altitude",
          "args": {
            "target_z": 100.0
          }
        }
      ],
      "obs": [
        {
          "tool": "set_altitude",
          "result": {
            "target_z": 100.0,
            "status": "executing",
            "expected_duration_s": 12
          }
        }
      ],
      "net": {
        "slice": "URLLC",
        "lat_ms": 7,
        "jitter_ms": 1,
        "loss_pct": 0.03,
        "throughput_mbps": 110,
        "edge_load": 0.35
      }
    },
    {
      "turn": 5,
      "speaker": "agent",
      "intent": "monitor climb and check for obstacles",
      "actions": [
        {
          "type": "mcp",
          "name": "scan_environment",
          "args": {
            "sensor": "lidar",
            "range_m": 200
          }
        }
      ],
      "obs": [
        {
          "tool": "scan_environment",
          "result": {
            "obstacles": [
              {
                "x": 1100,
                "y": 1300,
                "z": 85,
                "type": "tower",
                "confidence": 0.98
              }
            ],
            "clear_path": false
          }
        }
      ],
      "net": {
        "slice": "eMBB",
        "lat_ms": 15,
        "jitter_ms": 4,
        "loss_pct": 0.3,
        "throughput_mbps": 750,
        "edge_load": 0.6
      }
    },
    {
      "turn": 6,
      "speaker": "user",
      "intent": "request reroute to avoid tower",
      "actions": [
        {
          "type": "mcp",
          "name": "compute_path",
          "args": {
            "start": {
              "x": 100.0,
              "y": 1250.0,
              "z": 100.0
            },
            "goal": {
              "x": 2000,
              "y": 1200.0,
              "z": 100.0
            },
            "obstacles": [
              {
                "x": 1100,
                "y": 1300,
                "z": 85,
                "radius": 15
              }
            ]
          }
        }
      ],
      "obs": [
        {
          "tool": "compute_path",
          "result": {
            "waypoints": [
              {
                "x": 100.0,
                "y": 1250.0,
                "z": 100.0
              },
              {
                "x": 1050.0,
                "y": 1280.0,
                "z": 100.0
              },
              {
                "x": 1150.0,
                "y": 1220.0,
                "z": 100.0
              },
              {
                "x": 2000.0,
                "y": 1200.0,
                "z": 100.0
              }
            ],
            "safe": true
          }
        }
      ],
      "net": {
        "slice": "eMBB",
        "lat_ms": 18,
        "jitter_ms": 5,
        "loss_pct": 0.5,
        "throughput_mbps": 700,
        "edge_load": 0.7
      }
    },
    {
      "turn": 7,
      "speaker": "agent",
      "intent": "execute path and monitor network degradation",
      "actions": [
        {
          "type": "mcp",
          "name": "follow_path",
          "args": {
            "waypoints": [
              {
                "x": 1050.0,
                "y": 1280.0,
                "z": 100.0
              },
              {
                "x": 1150.0,
                "y": 1220.0,
                "z": 100.0
              },
              {
                "x": 2000.0,
                "y": 1200.0,
                "z": 100.0
              }
            ]
          }
        }
      ],
      "obs": [
        {
          "tool": "follow_path",
          "result": {
            "status": "in_progress",
            "current_waypoint_idx": 0,
            "eta_to_next_s": 38
          }
        }
      ],
      "net": {
        "slice": "mMTC",
        "lat_ms": 45,
        "jitter_ms": 12,
        "loss_pct": 2.1,
        "throughput_mbps": 1.2,
        "edge_load": 0.9
      }
    },
    {
      "turn": 8,
      "speaker": "user",
      "intent": "request status update under poor link",
      "actions": [
        {
          "type": "mcp",
          "name": "read_telemetry",
          "args": {}
        }
      ],
      "obs": [
        {
          "tool": "read_telemetry",
          "result": {
            "pose": {
              "x": 1060.2,
              "y": 1278.1,
              "z": 100.0,
              "yaw": 88.5
            },
            "speed_mps": 16.5,
            "battery_pct": 96.3,
            "sensors": {
              "lidar": "ok",
              "gnss": "degraded"
            }
          }
        }
      ],
      "net": {
        "slice": "mMTC",
        "lat_ms": 50,
        "jitter_ms": 15,
        "loss_pct": 2.5,
        "throughput_mbps": 0.9,
        "edge_load": 0.92
      }
    },
    {
      "turn": 9,
      "speaker": "agent",
      "intent": "initiate low-bandwidth coordination due to network stress",
      "actions": [
        {
          "type": "a2a",
          "task": "relay_status",
          "to": "mission_control",
          "payload": {
            "uav_id": "uav-3",
            "status": "on_route",
            "battery": 96,
            "last_seen": 8.5
          }
        }
      ],
      "obs": [
        {
          "task": "relay_status",
          "from": "mission_control",
          "status": "received",
          "payload": {
            "ack_id": "ack_3a8f2",
            "next_poll_s": 30
          }
        }
      ],
      "net": {
        "slice": "URLLC",
        "lat_ms": 9,
        "jitter_ms": 2,
        "loss_pct": 0.1,
        "throughput_mbps": 100,
        "edge_load": 0.4
      }
    },
    {
      "turn": 10,
      "speaker": "user",
      "intent": "authorize landing at destination zone",
      "actions": [
        {
          "type": "mcp",
          "name": "set_destination",
          "args": {
            "x": 2900,
            "y": 1200,
            "z": 20
          }
        }
      ],
      "obs": [
        {
          "tool": "set_destination",
          "result": {
            "status": "accepted",
            "eta_s": 112,
            "fuel_required_pct": 6.2
          }
        }
      ],
      "net": {
        "slice": "URLLC",
        "lat_ms": 8,
        "jitter_ms": 1,
        "loss_pct": 0.05,
        "throughput_mbps": 115,
        "edge_load": 0.38
      }
    },
    {
      "turn": 11,
      "speaker": "agent",
      "intent": "verify final approach and safety",
      "actions": [
        {
          "type": "mcp",
          "name": "check_safety",
          "args": {}
        }
      ],
      "obs": [
        {
          "tool": "check_safety",
          "result": {
            "nfz_violation": false,
            "separation_breach": false,
            "obstacle_free": true,
            "battery_sufficient": true
          }
        }
      ],
      "net": {
        "slice": "URLLC",
        "lat_ms": 7,
        "jitter_ms": 1,
        "loss_pct": 0.02,
        "throughput_mbps": 125,
        "edge_load": 0.3
      }
    }
  ],
  "final_state": {
    "domain": "uav",
    "time_s": 120.0,
    "env": {
      "weather": "icing",
      "wind_mps": 8.5,
      "wind_dir_deg": 240.0
    },
    "airspace": {
      "alt_bounds": [
        0.0,
        150.0
      ],
      "geofence": [
        {
          "type": "polygon",
          "points": [
            [
              0,
              0
            ],
            [
              3000,
              0
            ],
            [
              3000,
              2500
            ],
            [
              0,
              2500
            ]
          ]
        }
      ]
    },
    "uav": {
      "pose": {
        "x": 2850.0,
        "y": 1205.0,
        "z": 25.0,
        "yaw": 92.0
      },
      "speed_mps": 10.0,
      "energy": {
        "battery_pct": 89.8
      },
      "sensors": {
        "rgb": "ok",
        "thermal": "offline",
        "lidar": "ok",
        "radar": "offline",
        "gnss": "ok",
        "imu": "ok",
        "magnetometer": "ok",
        "barometer": "ok"
      },
      "payloads": []
    },
    "policy": {
      "alt_bounds": [
        0.0,
        150.0
      ]
    },
    "safety_flags": {
      "nfz_violation": false,
      "separation_breach": false
    }
  },
  "success": true,
  "_meta": {
    "seed": 42,
    "ts": 1763740645,
    "ts_iso": "2025-11-21T15:57:25Z",
    "gen_time_s": 68.51346230506897,
    "attempts_used": 1,
    "generation_failed": false,
    "usage": {
      "prompt_tokens": 1047,
      "completion_tokens": 3723,
      "total_tokens": 4770,
      "cost": 0.00314186,
      "is_byok": false,
      "prompt_tokens_details": {
        "cached_tokens": 608,
        "audio_tokens": 0,
        "video_tokens": 0
      },
      "cost_details": {
        "upstream_inference_cost": null,
        "upstream_inference_prompt_cost": 0.00016346,
        "upstream_inference_completions_cost": 0.0029784
      },
      "completion_tokens_details": {
        "reasoning_tokens": 0,
        "image_tokens": 0
      }
    }
  }
}