{
  "initial_state": {
    "domain": "uav",
    "time_s": 0.0,
    "env": {
      "weather": "hail",
      "wind_mps": 8.0,
      "wind_dir_deg": 210.0
    },
    "airspace": {
      "alt_bounds": [
        10.0,
        120.0
      ],
      "geofence": [
        {
          "type": "polygon",
          "points": [
            [
              0.0,
              0.0
            ],
            [
              200.0,
              0.0
            ],
            [
              200.0,
              150.0
            ],
            [
              0.0,
              150.0
            ]
          ]
        }
      ]
    },
    "uav": {
      "pose": {
        "x": 20.0,
        "y": 20.0,
        "z": 15.0,
        "yaw": 90.0
      },
      "speed_mps": 35.0,
      "energy": {
        "battery_pct": 100.0
      },
      "sensors": {
        "rgb": "ok",
        "thermal": "offline",
        "lidar": "ok",
        "radar": "offline",
        "gnss": "ok",
        "imu": "ok",
        "magnetometer": "ok",
        "barometer": "ok"
      },
      "payloads": []
    },
    "policy": {
      "alt_bounds": [
        10.0,
        120.0
      ]
    },
    "safety_flags": {
      "nfz_violation": false,
      "separation_breach": false
    }
  },
  "dialogue": [
    {
      "turn": 1,
      "speaker": "agent",
      "intent": "initiate mission under adverse weather",
      "actions": [
        {
          "type": "mcp",
          "name": "read_telemetry",
          "args": {}
        },
        {
          "type": "a2a",
          "task": "request_weather_compensation",
          "to": "weather_adaptation_agent",
          "payload": {
            "current_weather": "hail",
            "wind_mps": 8.0
          }
        }
      ],
      "obs": [
        {
          "tool": "read_telemetry",
          "result": {
            "pose": {
              "x": 20.0,
              "y": 20.0,
              "z": 15.0,
              "yaw": 90.0
            },
            "speed_mps": 35.0,
            "battery_pct": 100.0
          }
        },
        {
          "task": "request_weather_compensation",
          "from": "weather_adaptation_agent",
          "status": "ok",
          "payload": {
            "recommended_speed": 25.0,
            "thrust_bias": 0.15
          }
        }
      ],
      "net": {
        "slice": "URLLC",
        "lat_ms": 3.2,
        "jitter_ms": 0.8,
        "loss_pct": 0.1,
        "throughput_mbps": 50,
        "edge_load": 0.3
      }
    },
    {
      "turn": 2,
      "speaker": "user",
      "intent": "confirm mission start and safety checks",
      "actions": [
        {
          "type": "mcp",
          "name": "check_safety_constraints",
          "args": {}
        }
      ],
      "obs": [
        {
          "tool": "check_safety_constraints",
          "result": {
            "geofence_compliant": true,
            "alt_within_bounds": true,
            "battery_ok": true
          }
        }
      ],
      "net": {
        "slice": "URLLC",
        "lat_ms": 3.1,
        "jitter_ms": 0.7,
        "loss_pct": 0.1,
        "throughput_mbps": 52,
        "edge_load": 0.32
      }
    },
    {
      "turn": 3,
      "speaker": "agent",
      "intent": "adjust flight parameters for hail",
      "actions": [
        {
          "type": "mcp",
          "name": "set_speed",
          "args": {
            "speed_mps": 25.0
          }
        },
        {
          "type": "mcp",
          "name": "activate_sensor",
          "args": {
            "sensor": "lidar"
          }
        }
      ],
      "obs": [
        {
          "tool": "set_speed",
          "result": {
            "achieved": 25.0,
            "status": "stable"
          }
        },
        {
          "tool": "activate_sensor",
          "result": {
            "sensor": "lidar",
            "status": "active"
          }
        }
      ],
      "net": {
        "slice": "URLLC",
        "lat_ms": 3.3,
        "jitter_ms": 0.9,
        "loss_pct": 0.2,
        "throughput_mbps": 48,
        "edge_load": 0.35
      }
    },
    {
      "turn": 4,
      "speaker": "user",
      "intent": "request visual inspection of bridge pylon",
      "actions": [
        {
          "type": "mcp",
          "name": "set_waypoint",
          "args": {
            "x": 120.0,
            "y": 80.0,
            "z": 40.0
          }
        }
      ],
      "obs": [
        {
          "tool": "set_waypoint",
          "result": {
            "waypoint_set": [
              120.0,
              80.0,
              40.0
            ],
            "eta_s": 120.0
          }
        }
      ],
      "net": {
        "slice": "eMBB",
        "lat_ms": 12.5,
        "jitter_ms": 4.0,
        "loss_pct": 0.8,
        "throughput_mbps": 120,
        "edge_load": 0.7
      }
    },
    {
      "turn": 5,
      "speaker": "agent",
      "intent": "initiate high-res imaging with fallback",
      "actions": [
        {
          "type": "mcp",
          "name": "capture_image",
          "args": {
            "mode": "rgb",
            "resolution": "high"
          }
        },
        {
          "type": "a2a",
          "task": "request_lidar_mapping",
          "to": "mapping_agent",
          "payload": {
            "target_area": [
              115.0,
              75.0,
              125.0,
              85.0
            ]
          }
        }
      ],
      "obs": [
        {
          "tool": "capture_image",
          "result": {
            "status": "failed",
            "reason": "hail occlusion"
          }
        },
        {
          "task": "request_lidar_mapping",
          "from": "mapping_agent",
          "status": "ok",
          "payload": {
            "map_coverage": 0.92,
            "confidence": "high"
          }
        }
      ],
      "net": {
        "slice": "eMBB",
        "lat_ms": 13.0,
        "jitter_ms": 4.5,
        "loss_pct": 1.2,
        "throughput_mbps": 110,
        "edge_load": 0.75
      }
    },
    {
      "turn": 6,
      "speaker": "user",
      "intent": "switch to thermal inspection despite sensor offline",
      "actions": [
        {
          "type": "mcp",
          "name": "restart_sensor",
          "args": {
            "sensor": "thermal"
          }
        }
      ],
      "obs": [
        {
          "tool": "restart_sensor",
          "result": {
            "sensor": "thermal",
            "status": "failed",
            "reason": "hardware_fault"
          }
        }
      ],
      "net": {
        "slice": "mMTC",
        "lat_ms": 25.0,
        "jitter_ms": 10.0,
        "loss_pct": 2.5,
        "throughput_mbps": 1.5,
        "edge_load": 0.85
      }
    },
    {
      "turn": 7,
      "speaker": "agent",
      "intent": "adapt to degraded network and sensor failure",
      "actions": [
        {
          "type": "mcp",
          "name": "read_telemetry",
          "args": {}
        },
        {
          "type": "a2a",
          "task": "request_data_fusion",
          "to": "fusion_agent",
          "payload": {
            "sources": [
              "lidar",
              "rgb"
            ],
            "target": "pylon_3"
          }
        }
      ],
      "obs": [
        {
          "tool": "read_telemetry",
          "result": {
            "pose": {
              "x": 118.0,
              "y": 79.0,
              "z": 39.5,
              "yaw": 88.0
            },
            "battery_pct": 94.0,
            "speed_mps": 25.0
          }
        },
        {
          "task": "request_data_fusion",
          "from": "fusion_agent",
          "status": "ok",
          "payload": {
            "fused_model_quality": "high",
            "defect_detected": true,
            "confidence": 0.87
          }
        }
      ],
      "net": {
        "slice": "URLLC",
        "lat_ms": 4.0,
        "jitter_ms": 1.0,
        "loss_pct": 0.3,
        "throughput_mbps": 45,
        "edge_load": 0.4
      }
    },
    {
      "turn": 8,
      "speaker": "user",
      "intent": "abort or continue based on defect detection",
      "actions": [
        {
          "type": "mcp",
          "name": "get_defect_report",
          "args": {
            "target": "pylon_3"
          }
        }
      ],
      "obs": [
        {
          "tool": "get_defect_report",
          "result": {
            "defect_type": "crack",
            "length_cm": 12.3,
            "depth_cm": 2.1,
            "urgency": "high"
          }
        }
      ],
      "net": {
        "slice": "URLLC",
        "lat_ms": 3.8,
        "jitter_ms": 0.9,
        "loss_pct": 0.2,
        "throughput_mbps": 47,
        "edge_load": 0.38
      }
    },
    {
      "turn": 9,
      "speaker": "agent",
      "intent": "recommend emergency inspection protocol",
      "actions": [
        {
          "type": "a2a",
          "task": "notify_inspection_team",
          "to": "ground_control",
          "payload": {
            "defect_severity": "high",
            "location": "pylon_3",
            "image_lidar_fused": true
          }
        },
        {
          "type": "mcp",
          "name": "set_waypoint",
          "args": {
            "x": 10.0,
            "y": 10.0,
            "z": 20.0
          }
        }
      ],
      "obs": [
        {
          "task": "notify_inspection_team",
          "from": "ground_control",
          "status": "acknowledged",
          "payload": {
            "response_eta_min": 15
          }
        },
        {
          "tool": "set_waypoint",
          "result": {
            "waypoint_set": [
              10.0,
              10.0,
              20.0
            ],
            "eta_s": 95.0
          }
        }
      ],
      "net": {
        "slice": "URLLC",
        "lat_ms": 3.5,
        "jitter_ms": 0.8,
        "loss_pct": 0.1,
        "throughput_mbps": 50,
        "edge_load": 0.33
      }
    },
    {
      "turn": 10,
      "speaker": "user",
      "intent": "approve return and log incident",
      "actions": [
        {
          "type": "mcp",
          "name": "log_incident",
          "args": {
            "type": "structural_defect",
            "severity": "high",
            "evidence": "fused_lidar_rgb"
          }
        }
      ],
      "obs": [
        {
          "tool": "log_incident",
          "result": {
            "log_id": "INC-2024-8891",
            "status": "recorded"
          }
        }
      ],
      "net": {
        "slice": "mMTC",
        "lat_ms": 22.0,
        "jitter_ms": 9.0,
        "loss_pct": 2.0,
        "throughput_mbps": 2.0,
        "edge_load": 0.8
      }
    }
  ],
  "final_state": {
    "domain": "uav",
    "time_s": 600.0,
    "env": {
      "weather": "hail",
      "wind_mps": 8.0,
      "wind_dir_deg": 210.0
    },
    "airspace": {
      "alt_bounds": [
        10.0,
        120.0
      ],
      "geofence": [
        {
          "type": "polygon",
          "points": [
            [
              0.0,
              0.0
            ],
            [
              200.0,
              0.0
            ],
            [
              200.0,
              150.0
            ],
            [
              0.0,
              150.0
            ]
          ]
        }
      ]
    },
    "uav": {
      "pose": {
        "x": 10.0,
        "y": 10.0,
        "z": 20.0,
        "yaw": 85.0
      },
      "speed_mps": 25.0,
      "energy": {
        "battery_pct": 88.0
      },
      "sensors": {
        "rgb": "ok",
        "thermal": "offline",
        "lidar": "ok",
        "radar": "offline",
        "gnss": "ok",
        "imu": "ok",
        "magnetometer": "ok",
        "barometer": "ok"
      },
      "payloads": []
    },
    "policy": {
      "alt_bounds": [
        10.0,
        120.0
      ]
    },
    "safety_flags": {
      "nfz_violation": false,
      "separation_breach": false
    }
  },
  "success": true,
  "_meta": {
    "seed": 42,
    "ts": 1763752700,
    "ts_iso": "2025-11-21T19:18:20Z",
    "gen_time_s": 45.23702907562256,
    "attempts_used": 1,
    "generation_failed": false,
    "usage": {
      "prompt_tokens": 1063,
      "completion_tokens": 3568,
      "total_tokens": 4631,
      "cost": 0.00322414,
      "is_byok": false,
      "prompt_tokens_details": {
        "cached_tokens": 0,
        "audio_tokens": 0,
        "video_tokens": 0
      },
      "cost_details": {
        "upstream_inference_cost": null,
        "upstream_inference_prompt_cost": 0.00019134,
        "upstream_inference_completions_cost": 0.0030328
      },
      "completion_tokens_details": {
        "reasoning_tokens": 0,
        "image_tokens": 0
      }
    }
  }
}