{
  "initial_state": {
    "domain": "uav",
    "time_s": 0.0,
    "env": {
      "weather": "snow",
      "wind_mps": 3.0,
      "wind_dir_deg": 120.0
    },
    "airspace": {
      "alt_bounds": [
        0.5,
        8.0
      ],
      "geofence": [
        {
          "type": "polygon",
          "points": [
            [
              0.0,
              0.0
            ],
            [
              20.0,
              0.0
            ],
            [
              20.0,
              15.0
            ],
            [
              0.0,
              15.0
            ]
          ]
        }
      ]
    },
    "uav": {
      "pose": {
        "x": 2.0,
        "y": 2.0,
        "z": 1.5,
        "yaw": 90.0
      },
      "speed_mps": 15.0,
      "energy": {
        "battery_pct": 100.0
      },
      "sensors": {
        "rgb": "ok",
        "thermal": "offline",
        "lidar": "ok",
        "radar": "offline",
        "gnss": "ok",
        "imu": "ok",
        "magnetometer": "ok",
        "barometer": "ok"
      },
      "payloads": []
    },
    "policy": {
      "alt_bounds": [
        0.5,
        8.0
      ]
    },
    "safety_flags": {
      "nfz_violation": false,
      "separation_breach": false
    }
  },
  "dialogue": [
    {
      "turn": 1,
      "speaker": "agent",
      "intent": "initiate mission and check telemetry",
      "actions": [
        {
          "type": "mcp",
          "name": "read_telemetry",
          "args": {}
        }
      ],
      "obs": [
        {
          "tool": "read_telemetry",
          "result": {
            "pose": {
              "x": 2.0,
              "y": 2.0,
              "z": 1.5,
              "yaw": 90.0
            },
            "battery_pct": 100.0,
            "sensors": {
              "thermal": "offline",
              "radar": "offline"
            }
          }
        }
      ],
      "net": {
        "slice": "URLLC",
        "lat_ms": 5,
        "jitter_ms": 1,
        "loss_pct": 0.01,
        "throughput_mbps": 50,
        "edge_load": 0.3
      }
    },
    {
      "turn": 2,
      "speaker": "user",
      "intent": "authorize takeoff and thermal sensor restart",
      "actions": [
        {
          "type": "mcp",
          "name": "restart_sensor",
          "args": {
            "sensor": "thermal"
          }
        }
      ],
      "obs": [
        {
          "tool": "restart_sensor",
          "result": {
            "sensor": "thermal",
            "status": "success"
          }
        }
      ],
      "net": {
        "slice": "URLLC",
        "lat_ms": 6,
        "jitter_ms": 1.2,
        "loss_pct": 0.02,
        "throughput_mbps": 48,
        "edge_load": 0.35
      }
    },
    {
      "turn": 3,
      "speaker": "agent",
      "intent": "verify sensor status and plan path to waypoint",
      "actions": [
        {
          "type": "mcp",
          "name": "read_telemetry",
          "args": {}
        },
        {
          "type": "mcp",
          "name": "plan_path",
          "args": {
            "target": {
              "x": 18.0,
              "y": 12.0,
              "z": 6.0
            }
          }
        }
      ],
      "obs": [
        {
          "tool": "read_telemetry",
          "result": {
            "sensors": {
              "thermal": "ok"
            }
          }
        },
        {
          "tool": "plan_path",
          "result": {
            "path": [
              [
                2.0,
                2.0,
                1.5
              ],
              [
                8.0,
                6.0,
                3.0
              ],
              [
                18.0,
                12.0,
                6.0
              ]
            ],
            "estimated_duration_s": 45,
            "energy_cost_pct": 8.2
          }
        }
      ],
      "net": {
        "slice": "eMBB",
        "lat_ms": 12,
        "jitter_ms": 3,
        "loss_pct": 0.1,
        "throughput_mbps": 120,
        "edge_load": 0.6
      }
    },
    {
      "turn": 4,
      "speaker": "user",
      "intent": "approve path and request swarm coordination for surveillance",
      "actions": [
        {
          "type": "a2a",
          "task": "surveillance_pattern",
          "to": "uav_swarm_agent",
          "payload": {
            "uav_id": "uav_01",
            "waypoints": [
              [
                18.0,
                12.0,
                6.0
              ],
              [
                15.0,
                10.0,
                5.0
              ]
            ]
          }
        }
      ],
      "obs": [
        {
          "task": "surveillance_pattern",
          "from": "uav_swarm_agent",
          "status": "ok",
          "payload": {
            "assigned_role": "lead",
            "formation": "delta"
          }
        }
      ],
      "net": {
        "slice": "eMBB",
        "lat_ms": 15,
        "jitter_ms": 4,
        "loss_pct": 0.2,
        "throughput_mbps": 110,
        "edge_load": 0.7
      }
    },
    {
      "turn": 5,
      "speaker": "agent",
      "intent": "execute flight to first waypoint",
      "actions": [
        {
          "type": "mcp",
          "name": "fly_to",
          "args": {
            "waypoint": {
              "x": 8.0,
              "y": 6.0,
              "z": 3.0
            },
            "speed": 12.0
          }
        }
      ],
      "obs": [
        {
          "tool": "fly_to",
          "result": {
            "status": "in_progress",
            "eta_s": 22,
            "battery_pct": 95.1
          }
        }
      ],
      "net": {
        "slice": "URLLC",
        "lat_ms": 7,
        "jitter_ms": 1.5,
        "loss_pct": 0.03,
        "throughput_mbps": 55,
        "edge_load": 0.4
      }
    },
    {
      "turn": 6,
      "speaker": "user",
      "intent": "request real-time video stream despite weather",
      "actions": [
        {
          "type": "mcp",
          "name": "start_video_stream",
          "args": {
            "resolution": "720p",
            "bitrate_kbps": 800
          }
        }
      ],
      "obs": [
        {
          "tool": "start_video_stream",
          "result": {
            "status": "active",
            "stream_id": "vid_01a",
            "resolution": "720p"
          }
        }
      ],
      "net": {
        "slice": "eMBB",
        "lat_ms": 25,
        "jitter_ms": 10,
        "loss_pct": 1.5,
        "throughput_mbps": 80,
        "edge_load": 0.85
      }
    },
    {
      "turn": 7,
      "speaker": "agent",
      "intent": "detect network degradation and adapt",
      "actions": [
        {
          "type": "mcp",
          "name": "read_telemetry",
          "args": {}
        },
        {
          "type": "mcp",
          "name": "reduce_stream_quality",
          "args": {
            "stream_id": "vid_01a",
            "resolution": "480p"
          }
        }
      ],
      "obs": [
        {
          "tool": "read_telemetry",
          "result": {
            "pose": {
              "x": 8.0,
              "y": 6.0,
              "z": 3.0
            },
            "battery_pct": 95.1
          }
        },
        {
          "tool": "reduce_stream_quality",
          "result": {
            "stream_id": "vid_01a",
            "resolution": "480p",
            "status": "adjusted"
          }
        }
      ],
      "net": {
        "slice": "mMTC",
        "lat_ms": 50,
        "jitter_ms": 20,
        "loss_pct": 3.0,
        "throughput_mbps": 5,
        "edge_load": 0.95
      }
    },
    {
      "turn": 8,
      "speaker": "user",
      "intent": "abort video and prepare for landing",
      "actions": [
        {
          "type": "mcp",
          "name": "stop_video_stream",
          "args": {
            "stream_id": "vid_01a"
          }
        }
      ],
      "obs": [
        {
          "tool": "stop_video_stream",
          "result": {
            "stream_id": "vid_01a",
            "status": "terminated"
          }
        }
      ],
      "net": {
        "slice": "URLLC",
        "lat_ms": 8,
        "jitter_ms": 1.8,
        "loss_pct": 0.05,
        "throughput_mbps": 60,
        "edge_load": 0.5
      }
    },
    {
      "turn": 9,
      "speaker": "agent",
      "intent": "navigate to final waypoint and scan area",
      "actions": [
        {
          "type": "mcp",
          "name": "fly_to",
          "args": {
            "waypoint": {
              "x": 18.0,
              "y": 12.0,
              "z": 6.0
            }
          }
        },
        {
          "type": "mcp",
          "name": "capture_image",
          "args": {
            "mode": "rgb"
          }
        }
      ],
      "obs": [
        {
          "tool": "fly_to",
          "result": {
            "status": "reached",
            "battery_pct": 88.3
          }
        },
        {
          "tool": "capture_image",
          "result": {
            "image_id": "img_9a",
            "status": "saved"
          }
        }
      ],
      "net": {
        "slice": "URLLC",
        "lat_ms": 6,
        "jitter_ms": 1.1,
        "loss_pct": 0.01,
        "throughput_mbps": 52,
        "edge_load": 0.38
      }
    },
    {
      "turn": 10,
      "speaker": "user",
      "intent": "confirm mission success and return to base",
      "actions": [
        {
          "type": "mcp",
          "name": "return_to_base",
          "args": {}
        }
      ],
      "obs": [
        {
          "tool": "return_to_base",
          "result": {
            "status": "initiated",
            "route": [
              [
                18.0,
                12.0,
                6.0
              ],
              [
                2.0,
                2.0,
                1.5
              ]
            ]
          }
        }
      ],
      "net": {
        "slice": "URLLC",
        "lat_ms": 5,
        "jitter_ms": 0.9,
        "loss_pct": 0.0,
        "throughput_mbps": 58,
        "edge_load": 0.32
      }
    }
  ],
  "final_state": {
    "domain": "uav",
    "time_s": 120.0,
    "env": {
      "weather": "snow",
      "wind_mps": 3.0,
      "wind_dir_deg": 120.0
    },
    "airspace": {
      "alt_bounds": [
        0.5,
        8.0
      ],
      "geofence": [
        {
          "type": "polygon",
          "points": [
            [
              0.0,
              0.0
            ],
            [
              20.0,
              0.0
            ],
            [
              20.0,
              15.0
            ],
            [
              0.0,
              15.0
            ]
          ]
        }
      ]
    },
    "uav": {
      "pose": {
        "x": 2.0,
        "y": 2.0,
        "z": 1.5,
        "yaw": 90.0
      },
      "speed_mps": 0.0,
      "energy": {
        "battery_pct": 80.5
      },
      "sensors": {
        "rgb": "ok",
        "thermal": "ok",
        "lidar": "ok",
        "radar": "offline",
        "gnss": "ok",
        "imu": "ok",
        "magnetometer": "ok",
        "barometer": "ok"
      },
      "payloads": []
    },
    "policy": {
      "alt_bounds": [
        0.5,
        8.0
      ]
    },
    "safety_flags": {
      "nfz_violation": false,
      "separation_breach": false
    }
  },
  "success": true,
  "_meta": {
    "seed": 42,
    "ts": 1763952908,
    "ts_iso": "2025-11-24T02:55:08Z",
    "gen_time_s": 44.98346757888794,
    "attempts_used": 1,
    "generation_failed": false,
    "usage": {
      "prompt_tokens": 1049,
      "completion_tokens": 3278,
      "total_tokens": 4327,
      "cost": 0.00278454,
      "is_byok": false,
      "prompt_tokens_details": {
        "cached_tokens": 624,
        "audio_tokens": 0,
        "video_tokens": 0
      },
      "cost_details": {
        "upstream_inference_cost": null,
        "upstream_inference_prompt_cost": 0.00016214,
        "upstream_inference_completions_cost": 0.0026224
      },
      "completion_tokens_details": {
        "reasoning_tokens": 0,
        "image_tokens": 0
      }
    }
  }
}