{
  "initial_state": {
    "domain": "uav",
    "time_s": 0.0,
    "env": {
      "weather": "fog",
      "wind_mps": 6.0,
      "wind_dir_deg": 240.0
    },
    "airspace": {
      "alt_bounds": [
        0.0,
        300.0
      ],
      "geofence": [
        {
          "type": "polygon",
          "points": [
            [
              0,
              0
            ],
            [
              2000,
              0
            ],
            [
              2000,
              1500
            ],
            [
              0,
              1500
            ]
          ]
        }
      ]
    },
    "uav": {
      "pose": {
        "x": 100.0,
        "y": 750.0,
        "z": 50.0,
        "yaw": 90.0
      },
      "speed_mps": 45.0,
      "energy": {
        "battery_pct": 100.0
      },
      "sensors": {
        "rgb": "ok",
        "thermal": "offline",
        "lidar": "ok",
        "radar": "ok",
        "gnss": "ok",
        "imu": "ok",
        "magnetometer": "ok",
        "barometer": "ok"
      },
      "payloads": []
    },
    "policy": {
      "alt_bounds": [
        0.0,
        300.0
      ]
    },
    "safety_flags": {
      "nfz_violation": false,
      "separation_breach": false
    }
  },
  "dialogue": [
    {
      "turn": 1,
      "speaker": "agent",
      "intent": "initiate_survey_mission",
      "actions": [
        {
          "type": "mcp",
          "name": "read_telemetry",
          "args": {}
        },
        {
          "type": "a2a",
          "task": "request_weather_update",
          "to": "weather_agent",
          "payload": {
            "location": {
              "x": 100.0,
              "y": 750.0
            }
          }
        }
      ],
      "obs": [
        {
          "tool": "read_telemetry",
          "result": {
            "pose": {
              "x": 100.0,
              "y": 750.0,
              "z": 50.0
            },
            "battery_pct": 100.0,
            "speed_mps": 45.0
          }
        },
        {
          "task": "request_weather_update",
          "from": "weather_agent",
          "status": "ok",
          "payload": {
            "weather": "fog",
            "visibility_m": 300
          }
        }
      ],
      "net": {
        "slice": "eMBB",
        "lat_ms": 12,
        "jitter_ms": 2,
        "loss_pct": 0.1,
        "throughput_mbps": 850,
        "edge_load": 0.45
      }
    },
    {
      "turn": 2,
      "speaker": "user",
      "intent": "approve_mission",
      "actions": [
        {
          "type": "mcp",
          "name": "update_policy",
          "args": {
            "alt_bounds": [
              50.0,
              250.0
            ]
          }
        }
      ],
      "obs": [
        {
          "tool": "update_policy",
          "result": {
            "alt_bounds": [
              50.0,
              250.0
            ],
            "status": "updated"
          }
        }
      ],
      "net": {
        "slice": "eMBB",
        "lat_ms": 14,
        "jitter_ms": 3,
        "loss_pct": 0.2,
        "throughput_mbps": 800,
        "edge_load": 0.5
      }
    },
    {
      "turn": 3,
      "speaker": "agent",
      "intent": "adjust_flight_plan_for_weather",
      "actions": [
        {
          "type": "mcp",
          "name": "set_speed",
          "args": {
            "speed_mps": 35.0
          }
        },
        {
          "type": "mcp",
          "name": "activate_sensor",
          "args": {
            "sensor": "lidar"
          }
        }
      ],
      "obs": [
        {
          "tool": "set_speed",
          "result": {
            "speed_mps": 35.0,
            "status": "adjusted"
          }
        },
        {
          "tool": "activate_sensor",
          "result": {
            "sensor": "lidar",
            "status": "active"
          }
        }
      ],
      "net": {
        "slice": "URLLC",
        "lat_ms": 8,
        "jitter_ms": 1,
        "loss_pct": 0.05,
        "throughput_mbps": 120,
        "edge_load": 0.3
      }
    },
    {
      "turn": 4,
      "speaker": "user",
      "intent": "request_swarm_coordination",
      "actions": [
        {
          "type": "a2a",
          "task": "initiate_swarm_formation",
          "to": "uav_swarm_agent",
          "payload": {
            "formation": "delta",
            "uav_ids": [
              "uav_01",
              "uav_02",
              "uav_03"
            ]
          }
        }
      ],
      "obs": [
        {
          "task": "initiate_swarm_formation",
          "from": "uav_swarm_agent",
          "status": "acknowledged",
          "payload": {
            "formation_status": "pending"
          }
        }
      ],
      "net": {
        "slice": "mMTC",
        "lat_ms": 100,
        "jitter_ms": 15,
        "loss_pct": 1.2,
        "throughput_mbps": 1.5,
        "edge_load": 0.75
      }
    },
    {
      "turn": 5,
      "speaker": "agent",
      "intent": "handle_network_degradation",
      "actions": [
        {
          "type": "mcp",
          "name": "read_telemetry",
          "args": {}
        }
      ],
      "obs": [
        {
          "tool": "read_telemetry",
          "result": {
            "pose": {
              "x": 210.0,
              "y": 750.0,
              "z": 60.0
            },
            "battery_pct": 97.3,
            "speed_mps": 35.0
          }
        }
      ],
      "net": {
        "slice": "URLLC",
        "lat_ms": 9,
        "jitter_ms": 1.5,
        "loss_pct": 0.08,
        "throughput_mbps": 110,
        "edge_load": 0.35
      }
    },
    {
      "turn": 6,
      "speaker": "user",
      "intent": "report_anomaly",
      "actions": [
        {
          "type": "mcp",
          "name": "trigger_emergency_protocol",
          "args": {
            "level": 2,
            "reason": "unexpected_wind_shear"
          }
        }
      ],
      "obs": [
        {
          "tool": "trigger_emergency_protocol",
          "result": {
            "status": "active",
            "level": 2,
            "actions_taken": [
              "altitude_stabilized",
              "speed_reduced_to_25mps"
            ]
          }
        }
      ],
      "net": {
        "slice": "URLLC",
        "lat_ms": 7,
        "jitter_ms": 1,
        "loss_pct": 0.03,
        "throughput_mbps": 150,
        "edge_load": 0.25
      }
    },
    {
      "turn": 7,
      "speaker": "agent",
      "intent": "resume_mission_with_caution",
      "actions": [
        {
          "type": "mcp",
          "name": "set_heading",
          "args": {
            "yaw_deg": 120.0
          }
        },
        {
          "type": "a2a",
          "task": "collision_avoidance_check",
          "to": "uav_swarm_agent",
          "payload": {
            "current_pose": {
              "x": 210.0,
              "y": 750.0,
              "z": 60.0
            }
          }
        }
      ],
      "obs": [
        {
          "tool": "set_heading",
          "result": {
            "yaw_deg": 120.0,
            "status": "updated"
          }
        },
        {
          "task": "collision_avoidance_check",
          "from": "uav_swarm_agent",
          "status": "clear",
          "payload": {
            "nearest_uav_distance": 85.0,
            "safe": true
          }
        }
      ],
      "net": {
        "slice": "URLLC",
        "lat_ms": 8,
        "jitter_ms": 1.2,
        "loss_pct": 0.06,
        "throughput_mbps": 130,
        "edge_load": 0.3
      }
    },
    {
      "turn": 8,
      "speaker": "user",
      "intent": "request_data_downlink",
      "actions": [
        {
          "type": "mcp",
          "name": "capture_image",
          "args": {
            "sensor": "rgb",
            "mode": "high_res"
          }
        }
      ],
      "obs": [
        {
          "tool": "capture_image",
          "result": {
            "sensor": "rgb",
            "status": "success",
            "image_id": "img_001a",
            "size_mb": 12.4
          }
        }
      ],
      "net": {
        "slice": "eMBB",
        "lat_ms": 20,
        "jitter_ms": 5,
        "loss_pct": 0.5,
        "throughput_mbps": 600,
        "edge_load": 0.65
      }
    },
    {
      "turn": 9,
      "speaker": "agent",
      "intent": "transmit_data_with_adaptation",
      "actions": [
        {
          "type": "mcp",
          "name": "compress_and_transmit",
          "args": {
            "image_id": "img_001a",
            "target_slice": "eMBB",
            "compression_ratio": 0.3
          }
        }
      ],
      "obs": [
        {
          "tool": "compress_and_transmit",
          "result": {
            "image_id": "img_001a",
            "status": "transmitted",
            "size_after_mb": 3.7,
            "latency_ack_ms": 22
          }
        }
      ],
      "net": {
        "slice": "eMBB",
        "lat_ms": 22,
        "jitter_ms": 6,
        "loss_pct": 0.6,
        "throughput_mbps": 580,
        "edge_load": 0.68
      }
    },
    {
      "turn": 10,
      "speaker": "user",
      "intent": "initiate_return",
      "actions": [
        {
          "type": "mcp",
          "name": "set_home_waypoint",
          "args": {
            "x": 100.0,
            "y": 750.0,
            "z": 50.0
          }
        }
      ],
      "obs": [
        {
          "tool": "set_home_waypoint",
          "result": {
            "waypoint": {
              "x": 100.0,
              "y": 750.0,
              "z": 50.0
            },
            "status": "set"
          }
        }
      ],
      "net": {
        "slice": "URLLC",
        "lat_ms": 9,
        "jitter_ms": 1.1,
        "loss_pct": 0.04,
        "throughput_mbps": 140,
        "edge_load": 0.28
      }
    },
    {
      "turn": 11,
      "speaker": "agent",
      "intent": "complete_mission_safely",
      "actions": [
        {
          "type": "mcp",
          "name": "land",
          "args": {}
        }
      ],
      "obs": [
        {
          "tool": "land",
          "result": {
            "status": "completed",
            "final_pose": {
              "x": 100.0,
              "y": 750.0,
              "z": 0.0
            },
            "battery_pct": 88.5
          }
        }
      ],
      "net": {
        "slice": "URLLC",
        "lat_ms": 6,
        "jitter_ms": 0.8,
        "loss_pct": 0.02,
        "throughput_mbps": 160,
        "edge_load": 0.2
      }
    }
  ],
  "final_state": {
    "domain": "uav",
    "time_s": 180.0,
    "env": {
      "weather": "fog",
      "wind_mps": 6.0,
      "wind_dir_deg": 240.0
    },
    "airspace": {
      "alt_bounds": [
        0.0,
        300.0
      ],
      "geofence": [
        {
          "type": "polygon",
          "points": [
            [
              0,
              0
            ],
            [
              2000,
              0
            ],
            [
              2000,
              1500
            ],
            [
              0,
              1500
            ]
          ]
        }
      ]
    },
    "uav": {
      "pose": {
        "x": 100.0,
        "y": 750.0,
        "z": 0.0,
        "yaw": 120.0
      },
      "speed_mps": 0.0,
      "energy": {
        "battery_pct": 88.5
      },
      "sensors": {
        "rgb": "ok",
        "thermal": "offline",
        "lidar": "ok",
        "radar": "ok",
        "gnss": "ok",
        "imu": "ok",
        "magnetometer": "ok",
        "barometer": "ok"
      },
      "payloads": []
    },
    "policy": {
      "alt_bounds": [
        50.0,
        250.0
      ]
    },
    "safety_flags": {
      "nfz_violation": false,
      "separation_breach": false
    }
  },
  "success": true,
  "_meta": {
    "seed": 42,
    "ts": 1763957348,
    "ts_iso": "2025-11-24T04:09:08Z",
    "gen_time_s": 53.16156816482544,
    "attempts_used": 1,
    "generation_failed": false,
    "usage": {
      "prompt_tokens": 1048,
      "completion_tokens": 3605,
      "total_tokens": 4653,
      "cost": 0.00300016,
      "is_byok": false,
      "prompt_tokens_details": {
        "cached_tokens": 1040,
        "audio_tokens": 0,
        "video_tokens": 0
      },
      "cost_details": {
        "upstream_inference_cost": null,
        "upstream_inference_prompt_cost": 0.00011616,
        "upstream_inference_completions_cost": 0.002884
      },
      "completion_tokens_details": {
        "reasoning_tokens": 0,
        "image_tokens": 0
      }
    }
  }
}