{
  "initial_state": {
    "domain": "uav",
    "time_s": 0.0,
    "env": {
      "weather": "good",
      "wind_mps": 6.0,
      "wind_dir_deg": 180.0
    },
    "airspace": {
      "alt_bounds": [
        10.0,
        120.0
      ],
      "geofence": [
        {
          "type": "polygon",
          "points": [
            [
              0.0,
              0.0
            ],
            [
              200.0,
              0.0
            ],
            [
              200.0,
              150.0
            ],
            [
              0.0,
              150.0
            ]
          ]
        }
      ]
    },
    "uav": {
      "pose": {
        "x": 20.0,
        "y": 20.0,
        "z": 10.0,
        "yaw": 90.0
      },
      "speed_mps": 22.0,
      "energy": {
        "battery_pct": 100.0
      },
      "sensors": {
        "rgb": "ok",
        "thermal": "offline",
        "lidar": "ok",
        "radar": "offline",
        "gnss": "ok",
        "imu": "ok",
        "magnetometer": "ok",
        "barometer": "ok"
      },
      "payloads": []
    },
    "policy": {
      "alt_bounds": [
        10.0,
        120.0
      ]
    },
    "safety_flags": {
      "nfz_violation": false,
      "separation_breach": false
    }
  },
  "dialogue": [
    {
      "turn": 1,
      "speaker": "agent",
      "intent": "initiate mission and check telemetry",
      "actions": [
        {
          "type": "mcp",
          "name": "read_telemetry",
          "args": {}
        }
      ],
      "obs": [
        {
          "tool": "read_telemetry",
          "result": {
            "pose": {
              "x": 20.0,
              "y": 20.0,
              "z": 10.0,
              "yaw": 90.0
            },
            "speed_mps": 22.0,
            "battery_pct": 100.0,
            "sensors": {
              "gnss": "ok",
              "imu": "ok"
            }
          }
        }
      ],
      "net": {
        "slice": "eMBB",
        "lat_ms": 12,
        "jitter_ms": 2,
        "loss_pct": 0.1,
        "throughput_mbps": 850,
        "edge_load": 0.35
      }
    },
    {
      "turn": 2,
      "speaker": "user",
      "intent": "authorize takeoff and mapping",
      "actions": [],
      "obs": [],
      "net": {
        "slice": "eMBB",
        "lat_ms": 11,
        "jitter_ms": 1.8,
        "loss_pct": 0.05,
        "throughput_mbps": 870,
        "edge_load": 0.37
      }
    },
    {
      "turn": 3,
      "speaker": "agent",
      "intent": "ascend to mapping altitude",
      "actions": [
        {
          "type": "mcp",
          "name": "set_altitude",
          "args": {
            "target_z": 80.0
          }
        }
      ],
      "obs": [
        {
          "tool": "set_altitude",
          "result": {
            "status": "executing",
            "target_z": 80.0,
            "current_z": 45.2,
            "battery_pct": 98.7
          }
        }
      ],
      "net": {
        "slice": "URLLC",
        "lat_ms": 8,
        "jitter_ms": 1.2,
        "loss_pct": 0.02,
        "throughput_mbps": 120,
        "edge_load": 0.41
      }
    },
    {
      "turn": 4,
      "speaker": "user",
      "intent": "request status and sensor activation",
      "actions": [
        {
          "type": "mcp",
          "name": "activate_sensor",
          "args": {
            "sensor": "thermal"
          }
        }
      ],
      "obs": [
        {
          "tool": "activate_sensor",
          "result": {
            "sensor": "thermal",
            "status": "failed",
            "reason": "hardware_fault"
          }
        }
      ],
      "net": {
        "slice": "URLLC",
        "lat_ms": 9,
        "jitter_ms": 1.5,
        "loss_pct": 0.03,
        "throughput_mbps": 110,
        "edge_load": 0.43
      }
    },
    {
      "turn": 5,
      "speaker": "agent",
      "intent": "initiate area scan with lidar",
      "actions": [
        {
          "type": "mcp",
          "name": "start_scan",
          "args": {
            "mode": "lidar_3d",
            "area": [
              [
                50.0,
                50.0
              ],
              [
                150.0,
                50.0
              ],
              [
                150.0,
                120.0
              ],
              [
                50.0,
                120.0
              ]
            ]
          }
        }
      ],
      "obs": [
        {
          "tool": "start_scan",
          "result": {
            "status": "started",
            "scan_id": "scan_001",
            "coverage_progress": 0.0,
            "battery_pct": 96.1
          }
        }
      ],
      "net": {
        "slice": "eMBB",
        "lat_ms": 14,
        "jitter_ms": 3,
        "loss_pct": 0.2,
        "throughput_mbps": 800,
        "edge_load": 0.52
      }
    },
    {
      "turn": 6,
      "speaker": "user",
      "intent": "check for nearby UAVs and coordinate",
      "actions": [
        {
          "type": "a2a",
          "task": "proximity_inquiry",
          "to": "uav_swarm_agent",
          "payload": {
            "uav_id": "uav_7",
            "pose": {
              "x": 75.0,
              "y": 60.0,
              "z": 82.0
            }
          }
        }
      ],
      "obs": [
        {
          "task": "proximity_inquiry",
          "from": "uav_swarm_agent",
          "status": "ok",
          "payload": {
            "nearby_uavs": [
              {
                "id": "uav_3",
                "distance_m": 42.3,
                "relative_heading": 15
              }
            ],
            "recommended_separation": true
          }
        }
      ],
      "net": {
        "slice": "URLLC",
        "lat_ms": 7,
        "jitter_ms": 1.0,
        "loss_pct": 0.01,
        "throughput_mbps": 130,
        "edge_load": 0.39
      }
    },
    {
      "turn": 7,
      "speaker": "agent",
      "intent": "adjust path for separation",
      "actions": [
        {
          "type": "mcp",
          "name": "adjust_heading",
          "args": {
            "delta_yaw": 10.0
          }
        }
      ],
      "obs": [
        {
          "tool": "adjust_heading",
          "result": {
            "status": "completed",
            "original_yaw": 90.0,
            "new_yaw": 100.0,
            "battery_pct": 95.8
          }
        }
      ],
      "net": {
        "slice": "URLLC",
        "lat_ms": 6,
        "jitter_ms": 0.9,
        "loss_pct": 0.01,
        "throughput_mbps": 140,
        "edge_load": 0.38
      }
    },
    {
      "turn": 8,
      "speaker": "user",
      "intent": "report network degradation and request fallback",
      "actions": [],
      "obs": [],
      "net": {
        "slice": "mMTC",
        "lat_ms": 120,
        "jitter_ms": 25,
        "loss_pct": 5.0,
        "throughput_mbps": 1.2,
        "edge_load": 0.85
      }
    },
    {
      "turn": 9,
      "speaker": "agent",
      "intent": "switch to low-bandwidth mode and cache data",
      "actions": [
        {
          "type": "mcp",
          "name": "set_sensor_mode",
          "args": {
            "mode": "low_bandwidth",
            "sensors": [
              "lidar"
            ],
            "downsample_factor": 4
          }
        }
      ],
      "obs": [
        {
          "tool": "set_sensor_mode",
          "result": {
            "status": "applied",
            "mode": "low_bandwidth",
            "downsample_factor": 4,
            "battery_pct": 94.9
          }
        }
      ],
      "net": {
        "slice": "mMTC",
        "lat_ms": 115,
        "jitter_ms": 28,
        "loss_pct": 6.2,
        "throughput_mbps": 0.9,
        "edge_load": 0.88
      }
    },
    {
      "turn": 10,
      "speaker": "user",
      "intent": "approve return to base",
      "actions": [
        {
          "type": "mcp",
          "name": "request_return_path",
          "args": {
            "target": "home"
          }
        }
      ],
      "obs": [
        {
          "tool": "request_return_path",
          "result": {
            "path_valid": true,
            "waypoints": [
              [
                70.0,
                70.0,
                60.0
              ],
              [
                30.0,
                30.0,
                30.0
              ],
              [
                20.0,
                20.0,
                10.0
              ]
            ],
            "estimated_time_s": 68
          }
        }
      ],
      "net": {
        "slice": "URLLC",
        "lat_ms": 10,
        "jitter_ms": 1.6,
        "loss_pct": 0.08,
        "throughput_mbps": 100,
        "edge_load": 0.51
      }
    },
    {
      "turn": 11,
      "speaker": "agent",
      "intent": "execute return and land",
      "actions": [
        {
          "type": "mcp",
          "name": "execute_mission",
          "args": {
            "mission": "return_and_land"
          }
        }
      ],
      "obs": [
        {
          "tool": "execute_mission",
          "result": {
            "status": "completed",
            "final_pose": {
              "x": 20.0,
              "y": 20.0,
              "z": 10.0
            },
            "battery_pct": 88.3,
            "landing_status": "soft"
          }
        }
      ],
      "net": {
        "slice": "URLLC",
        "lat_ms": 7,
        "jitter_ms": 1.1,
        "loss_pct": 0.04,
        "throughput_mbps": 135,
        "edge_load": 0.4
      }
    }
  ],
  "final_state": {
    "domain": "uav",
    "time_s": 185.0,
    "env": {
      "weather": "good",
      "wind_mps": 6.0,
      "wind_dir_deg": 180.0
    },
    "airspace": {
      "alt_bounds": [
        10.0,
        120.0
      ],
      "geofence": [
        {
          "type": "polygon",
          "points": [
            [
              0.0,
              0.0
            ],
            [
              200.0,
              0.0
            ],
            [
              200.0,
              150.0
            ],
            [
              0.0,
              150.0
            ]
          ]
        }
      ]
    },
    "uav": {
      "pose": {
        "x": 20.0,
        "y": 20.0,
        "z": 10.0,
        "yaw": 100.0
      },
      "speed_mps": 0.0,
      "energy": {
        "battery_pct": 88.3
      },
      "sensors": {
        "rgb": "ok",
        "thermal": "offline",
        "lidar": "ok",
        "radar": "offline",
        "gnss": "ok",
        "imu": "ok",
        "magnetometer": "ok",
        "barometer": "ok"
      },
      "payloads": []
    },
    "policy": {
      "alt_bounds": [
        10.0,
        120.0
      ]
    },
    "safety_flags": {
      "nfz_violation": false,
      "separation_breach": false
    }
  },
  "success": true,
  "_meta": {
    "seed": 42,
    "ts": 1763834264,
    "ts_iso": "2025-11-22T17:57:44Z",
    "gen_time_s": 55.88092660903931,
    "attempts_used": 1,
    "generation_failed": false,
    "usage": {
      "prompt_tokens": 1060,
      "completion_tokens": 3239,
      "total_tokens": 4299,
      "cost": 0.0004299,
      "is_byok": false,
      "prompt_tokens_details": {
        "cached_tokens": 0,
        "audio_tokens": 0,
        "video_tokens": 0
      },
      "cost_details": {
        "upstream_inference_cost": null,
        "upstream_inference_prompt_cost": 0.000106,
        "upstream_inference_completions_cost": 0.0003239
      },
      "completion_tokens_details": {
        "reasoning_tokens": 0,
        "image_tokens": 0
      }
    }
  }
}