{
  "initial_state": {
    "domain": "uav",
    "time_s": 0.0,
    "env": {
      "weather": "icing",
      "wind_mps": 8.5,
      "wind_dir_deg": 240.0
    },
    "airspace": {
      "alt_bounds": [
        20.0,
        150.0
      ],
      "geofence": [
        {
          "type": "polygon",
          "points": [
            [
              200,
              100
            ],
            [
              1000,
              100
            ],
            [
              1000,
              900
            ],
            [
              200,
              900
            ]
          ]
        }
      ]
    },
    "uav": {
      "pose": {
        "x": 300.0,
        "y": 150.0,
        "z": 50.0,
        "yaw": 80.0
      },
      "speed_mps": 22.0,
      "energy": {
        "battery_pct": 100.0
      },
      "sensors": {
        "rgb": "ok",
        "thermal": "offline",
        "lidar": "ok",
        "radar": "offline",
        "gnss": "ok",
        "imu": "ok",
        "magnetometer": "ok",
        "barometer": "ok"
      },
      "payloads": []
    },
    "policy": {
      "alt_bounds": [
        20.0,
        150.0
      ]
    },
    "safety_flags": {
      "nfz_violation": false,
      "separation_breach": false
    }
  },
  "dialogue": [
    {
      "turn": 1,
      "speaker": "agent",
      "intent": "initiate mission and check telemetry",
      "actions": [
        {
          "type": "mcp",
          "name": "read_telemetry",
          "args": {}
        }
      ],
      "obs": [
        {
          "tool": "read_telemetry",
          "result": {
            "pose": {
              "x": 300.0,
              "y": 150.0,
              "z": 50.0,
              "yaw": 80.0
            },
            "speed_mps": 22.0,
            "battery_pct": 100.0,
            "sensors": {
              "gnss": "ok",
              "imu": "ok"
            }
          }
        }
      ],
      "net": {
        "slice": "URLLC",
        "lat_ms": 3.2,
        "jitter_ms": 0.8,
        "loss_pct": 0.01,
        "throughput_mbps": 50,
        "edge_load": 0.3
      }
    },
    {
      "turn": 2,
      "speaker": "user",
      "intent": "confirm mission start and request route plan",
      "actions": [
        {
          "type": "mcp",
          "name": "plan_route",
          "args": {
            "start": [
              300,
              150
            ],
            "goal": [
              900,
              800
            ],
            "obstacles": []
          }
        }
      ],
      "obs": [
        {
          "tool": "plan_route",
          "result": {
            "waypoints": [
              [
                400,
                250
              ],
              [
                600,
                500
              ],
              [
                900,
                800
              ]
            ],
            "estimated_time_s": 120.0,
            "battery_used_pct": 15.0
          }
        }
      ],
      "net": {
        "slice": "eMBB",
        "lat_ms": 12.5,
        "jitter_ms": 2.1,
        "loss_pct": 0.05,
        "throughput_mbps": 120,
        "edge_load": 0.6
      }
    },
    {
      "turn": 3,
      "speaker": "agent",
      "intent": "execute route with safety checks",
      "actions": [
        {
          "type": "mcp",
          "name": "execute_waypoints",
          "args": {
            "waypoints": [
              [
                400,
                250
              ],
              [
                600,
                500
              ],
              [
                900,
                800
              ]
            ],
            "speed_limit": 25.0
          }
        }
      ],
      "obs": [
        {
          "tool": "execute_waypoints",
          "result": {
            "status": "in_progress",
            "current_waypoint_idx": 0,
            "next_waypoint": [
              400,
              250
            ],
            "eta_s": 25.0
          }
        }
      ],
      "net": {
        "slice": "URLLC",
        "lat_ms": 4.1,
        "jitter_ms": 1.0,
        "loss_pct": 0.02,
        "throughput_mbps": 60,
        "edge_load": 0.4
      }
    },
    {
      "turn": 4,
      "speaker": "user",
      "intent": "monitor progress and check thermal sensor status",
      "actions": [
        {
          "type": "mcp",
          "name": "diagnose_sensor",
          "args": {
            "sensor": "thermal"
          }
        }
      ],
      "obs": [
        {
          "tool": "diagnose_sensor",
          "result": {
            "sensor": "thermal",
            "status": "offline",
            "diagnosis": "icing on lens detected",
            "recommendation": "activate de-icing or use lidar alternative"
          }
        }
      ],
      "net": {
        "slice": "mMTC",
        "lat_ms": 20.0,
        "jitter_ms": 5.0,
        "loss_pct": 0.5,
        "throughput_mbps": 1.0,
        "edge_load": 0.8
      }
    },
    {
      "turn": 5,
      "speaker": "agent",
      "intent": "adapt to sensor failure and request swarm coordination",
      "actions": [
        {
          "type": "a2a",
          "task": "request_lidar_assist",
          "to": "uav_swarm_agent",
          "payload": {
            "uav_id": "uav_01",
            "area": [
              600,
              500,
              100
            ],
            "priority": "high"
          }
        }
      ],
      "obs": [
        {
          "task": "request_lidar_assist",
          "from": "uav_swarm_agent",
          "status": "ok",
          "payload": {
            "uav_id": "uav_03",
            "assigned": true,
            "eta_s": 18.0
          }
        }
      ],
      "net": {
        "slice": "URLLC",
        "lat_ms": 3.8,
        "jitter_ms": 0.9,
        "loss_pct": 0.01,
        "throughput_mbps": 55,
        "edge_load": 0.35
      }
    },
    {
      "turn": 6,
      "speaker": "user",
      "intent": "verify geofence compliance and request status",
      "actions": [
        {
          "type": "mcp",
          "name": "check_geofence",
          "args": {}
        }
      ],
      "obs": [
        {
          "tool": "check_geofence",
          "result": {
            "inside": true,
            "distance_to_boundary_m": 100.0,
            "status": "clear"
          }
        }
      ],
      "net": {
        "slice": "URLLC",
        "lat_ms": 4.0,
        "jitter_ms": 1.1,
        "loss_pct": 0.02,
        "throughput_mbps": 50,
        "edge_load": 0.4
      }
    },
    {
      "turn": 7,
      "speaker": "agent",
      "intent": "adjust altitude due to wind shear",
      "actions": [
        {
          "type": "mcp",
          "name": "adjust_altitude",
          "args": {
            "target_z": 70.0,
            "reason": "wind shear at 50m"
          }
        }
      ],
      "obs": [
        {
          "tool": "adjust_altitude",
          "result": {
            "status": "executing",
            "target_z": 70.0,
            "current_z": 58.0,
            "climb_rate_mps": 2.0
          }
        }
      ],
      "net": {
        "slice": "URLLC",
        "lat_ms": 3.5,
        "jitter_ms": 0.7,
        "loss_pct": 0.01,
        "throughput_mbps": 65,
        "edge_load": 0.3
      }
    },
    {
      "turn": 8,
      "speaker": "user",
      "intent": "request battery and environment update",
      "actions": [
        {
          "type": "mcp",
          "name": "read_telemetry",
          "args": {}
        }
      ],
      "obs": [
        {
          "tool": "read_telemetry",
          "result": {
            "pose": {
              "x": 500.0,
              "y": 400.0,
              "z": 70.0,
              "yaw": 85.0
            },
            "speed_mps": 20.0,
            "battery_pct": 88.0,
            "env": {
              "wind_mps": 10.2,
              "wind_dir_deg": 250.0
            }
          }
        }
      ],
      "net": {
        "slice": "eMBB",
        "lat_ms": 15.0,
        "jitter_ms": 3.0,
        "loss_pct": 0.1,
        "throughput_mbps": 100,
        "edge_load": 0.7
      }
    },
    {
      "turn": 9,
      "speaker": "agent",
      "intent": "prepare for landing and confirm separation",
      "actions": [
        {
          "type": "a2a",
          "task": "check_separation",
          "to": "atc_agent",
          "payload": {
            "uav_id": "uav_01",
            "current_pose": {
              "x": 500.0,
              "y": 400.0,
              "z": 70.0
            }
          }
        }
      ],
      "obs": [
        {
          "task": "check_separation",
          "from": "atc_agent",
          "status": "ok",
          "payload": {
            "separation_m": 150.0,
            "other_uavs": [
              "uav_02",
              "uav_03"
            ]
          }
        }
      ],
      "net": {
        "slice": "URLLC",
        "lat_ms": 3.9,
        "jitter_ms": 0.8,
        "loss_pct": 0.01,
        "throughput_mbps": 58,
        "edge_load": 0.32
      }
    },
    {
      "turn": 10,
      "speaker": "user",
      "intent": "authorize final approach",
      "actions": [
        {
          "type": "mcp",
          "name": "authorize_landing",
          "args": {
            "landing_zone": [
              900,
              800
            ]
          }
        }
      ],
      "obs": [
        {
          "tool": "authorize_landing",
          "result": {
            "status": "authorized",
            "landing_zone": [
              900,
              800
            ],
            "risk_level": "low"
          }
        }
      ],
      "net": {
        "slice": "URLLC",
        "lat_ms": 4.2,
        "jitter_ms": 1.0,
        "loss_pct": 0.02,
        "throughput_mbps": 52,
        "edge_load": 0.38
      }
    },
    {
      "turn": 11,
      "speaker": "agent",
      "intent": "complete mission and report",
      "actions": [
        {
          "type": "mcp",
          "name": "land_uav",
          "args": {
            "target": [
              900,
              800
            ]
          }
        }
      ],
      "obs": [
        {
          "tool": "land_uav",
          "result": {
            "status": "completed",
            "final_pose": {
              "x": 900.0,
              "y": 800.0,
              "z": 20.0,
              "yaw": 85.0
            },
            "battery_pct": 75.0,
            "flight_time_s": 135.0
          }
        }
      ],
      "net": {
        "slice": "URLLC",
        "lat_ms": 3.7,
        "jitter_ms": 0.9,
        "loss_pct": 0.01,
        "throughput_mbps": 60,
        "edge_load": 0.3
      }
    }
  ],
  "final_state": {
    "domain": "uav",
    "time_s": 135.0,
    "env": {
      "weather": "icing",
      "wind_mps": 10.2,
      "wind_dir_deg": 250.0
    },
    "airspace": {
      "alt_bounds": [
        20.0,
        150.0
      ],
      "geofence": [
        {
          "type": "polygon",
          "points": [
            [
              200,
              100
            ],
            [
              1000,
              100
            ],
            [
              1000,
              900
            ],
            [
              200,
              900
            ]
          ]
        }
      ]
    },
    "uav": {
      "pose": {
        "x": 900.0,
        "y": 800.0,
        "z": 20.0,
        "yaw": 85.0
      },
      "speed_mps": 0.0,
      "energy": {
        "battery_pct": 75.0
      },
      "sensors": {
        "rgb": "ok",
        "thermal": "offline",
        "lidar": "ok",
        "radar": "offline",
        "gnss": "ok",
        "imu": "ok",
        "magnetometer": "ok",
        "barometer": "ok"
      },
      "payloads": []
    },
    "policy": {
      "alt_bounds": [
        20.0,
        150.0
      ]
    },
    "safety_flags": {
      "nfz_violation": false,
      "separation_breach": false
    }
  },
  "success": true,
  "_meta": {
    "seed": 42,
    "ts": 1763993276,
    "ts_iso": "2025-11-24T14:07:56Z",
    "gen_time_s": 45.176865100860596,
    "attempts_used": 1,
    "generation_failed": false,
    "usage": {
      "prompt_tokens": 1053,
      "completion_tokens": 3646,
      "total_tokens": 4699,
      "cost": 0.00307982,
      "is_byok": false,
      "prompt_tokens_details": {
        "cached_tokens": 624,
        "audio_tokens": 0,
        "video_tokens": 0
      },
      "cost_details": {
        "upstream_inference_cost": null,
        "upstream_inference_prompt_cost": 0.00016302,
        "upstream_inference_completions_cost": 0.0029168
      },
      "completion_tokens_details": {
        "reasoning_tokens": 0,
        "image_tokens": 0
      }
    }
  }
}