{
  "initial_state": {
    "domain": "uav",
    "time_s": 0.0,
    "env": {
      "weather": "fog",
      "wind_mps": 7.5,
      "wind_dir_deg": 240.0
    },
    "airspace": {
      "alt_bounds": [
        5.0,
        80.0
      ],
      "geofence": [
        {
          "type": "polygon",
          "points": [
            [
              0,
              0
            ],
            [
              0,
              150
            ],
            [
              120,
              150
            ],
            [
              120,
              0
            ]
          ]
        }
      ]
    },
    "uav": {
      "pose": {
        "x": 10.0,
        "y": 10.0,
        "z": 15.0,
        "yaw": 90.0
      },
      "speed_mps": 18.0,
      "energy": {
        "battery_pct": 100.0
      },
      "sensors": {
        "rgb": "ok",
        "thermal": "ok",
        "lidar": "ok",
        "radar": "offline",
        "gnss": "ok",
        "imu": "ok",
        "magnetometer": "ok",
        "barometer": "ok"
      },
      "payloads": []
    },
    "policy": {
      "alt_bounds": [
        5.0,
        80.0
      ]
    },
    "safety_flags": {
      "nfz_violation": false,
      "separation_breach": false
    }
  },
  "dialogue": [
    {
      "turn": 1,
      "speaker": "agent",
      "intent": "initiate mission and check telemetry",
      "actions": [
        {
          "type": "mcp",
          "name": "read_telemetry",
          "args": {}
        }
      ],
      "obs": [
        {
          "tool": "read_telemetry",
          "result": {
            "pose": {
              "x": 10.0,
              "y": 10.0,
              "z": 15.0,
              "yaw": 90.0
            },
            "speed_mps": 18.0,
            "battery_pct": 100.0,
            "sensors": {
              "radar": "offline"
            }
          }
        }
      ],
      "net": {
        "slice": "eMBB",
        "lat_ms": 12,
        "jitter_ms": 2,
        "loss_pct": 0.1,
        "throughput_mbps": 850,
        "edge_load": 0.45
      }
    },
    {
      "turn": 2,
      "speaker": "user",
      "intent": "request status and radar fix",
      "actions": [
        {
          "type": "mcp",
          "name": "diagnose_sensor",
          "args": {
            "sensor": "radar"
          }
        }
      ],
      "obs": [
        {
          "tool": "diagnose_sensor",
          "result": {
            "sensor": "radar",
            "status": "faulty",
            "recommendation": "restart or bypass"
          }
        }
      ],
      "net": {
        "slice": "eMBB",
        "lat_ms": 11,
        "jitter_ms": 1.8,
        "loss_pct": 0.05,
        "throughput_mbps": 870,
        "edge_load": 0.48
      }
    },
    {
      "turn": 3,
      "speaker": "agent",
      "intent": "attempt radar restart and plan path",
      "actions": [
        {
          "type": "mcp",
          "name": "restart_sensor",
          "args": {
            "sensor": "radar"
          }
        },
        {
          "type": "mcp",
          "name": "plan_path",
          "args": {
            "goal": {
              "x": 100.0,
              "y": 140.0,
              "z": 40.0
            },
            "obstacles": true
          }
        }
      ],
      "obs": [
        {
          "tool": "restart_sensor",
          "result": {
            "sensor": "radar",
            "success": true,
            "new_status": "ok"
          }
        },
        {
          "tool": "plan_path",
          "result": {
            "path": [
              [
                10.0,
                10.0,
                15.0
              ],
              [
                30.0,
                50.0,
                25.0
              ],
              [
                60.0,
                100.0,
                35.0
              ],
              [
                100.0,
                140.0,
                40.0
              ]
            ],
            "estimated_duration_s": 98.5,
            "battery_cost_pct": 12.3
          }
        }
      ],
      "net": {
        "slice": "URLLC",
        "lat_ms": 8,
        "jitter_ms": 1.2,
        "loss_pct": 0.02,
        "throughput_mbps": 120,
        "edge_load": 0.3
      }
    },
    {
      "turn": 4,
      "speaker": "user",
      "intent": "approve path and request swarm coordination",
      "actions": [
        {
          "type": "a2a",
          "task": "collision_avoidance",
          "to": "uav_swarm_agent",
          "payload": {
            "current_pose": {
              "x": 10.0,
              "y": 10.0,
              "z": 15.0
            },
            "planned_path": [
              [
                10.0,
                10.0,
                15.0
              ],
              [
                30.0,
                50.0,
                25.0
              ],
              [
                60.0,
                100.0,
                35.0
              ],
              [
                100.0,
                140.0,
                40.0
              ]
            ],
            "id": "uav_01"
          }
        }
      ],
      "obs": [
        {
          "task": "collision_avoidance",
          "from": "uav_swarm_agent",
          "status": "ok",
          "payload": {
            "clearance": true,
            "recommended_alt_offset": 0.0
          }
        }
      ],
      "net": {
        "slice": "URLLC",
        "lat_ms": 7,
        "jitter_ms": 1.0,
        "loss_pct": 0.01,
        "throughput_mbps": 130,
        "edge_load": 0.32
      }
    },
    {
      "turn": 5,
      "speaker": "agent",
      "intent": "execute takeoff and initial move",
      "actions": [
        {
          "type": "mcp",
          "name": "takeoff",
          "args": {
            "target_alt": 25.0
          }
        },
        {
          "type": "mcp",
          "name": "move_to",
          "args": {
            "waypoint": {
              "x": 30.0,
              "y": 50.0,
              "z": 25.0
            }
          }
        }
      ],
      "obs": [
        {
          "tool": "takeoff",
          "result": {
            "status": "completed",
            "final_alt": 25.0
          }
        },
        {
          "tool": "move_to",
          "result": {
            "status": "in_progress",
            "progress_pct": 45.0
          }
        }
      ],
      "net": {
        "slice": "eMBB",
        "lat_ms": 15,
        "jitter_ms": 3,
        "loss_pct": 0.2,
        "throughput_mbps": 800,
        "edge_load": 0.65
      }
    },
    {
      "turn": 6,
      "speaker": "user",
      "intent": "request real-time video feed",
      "actions": [
        {
          "type": "mcp",
          "name": "stream_video",
          "args": {
            "camera": "rgb",
            "resolution": "1080p",
            "duration_s": 30
          }
        }
      ],
      "obs": [
        {
          "tool": "stream_video",
          "result": {
            "status": "started",
            "bitrate_kbps": 4500,
            "estimated_battery_impact": 8.2
          }
        }
      ],
      "net": {
        "slice": "eMBB",
        "lat_ms": 25,
        "jitter_ms": 8,
        "loss_pct": 1.5,
        "throughput_mbps": 700,
        "edge_load": 0.8
      }
    },
    {
      "turn": 7,
      "speaker": "agent",
      "intent": "detect network degradation and adapt",
      "actions": [
        {
          "type": "mcp",
          "name": "adjust_streaming_quality",
          "args": {
            "target_resolution": "720p",
            "bitrate_limit_kbps": 2000
          }
        },
        {
          "type": "mcp",
          "name": "read_telemetry",
          "args": {}
        }
      ],
      "obs": [
        {
          "tool": "adjust_streaming_quality",
          "result": {
            "resolution": "720p",
            "bitrate_kbps": 1980,
            "status": "applied"
          }
        },
        {
          "tool": "read_telemetry",
          "result": {
            "pose": {
              "x": 30.0,
              "y": 50.0,
              "z": 25.0
            },
            "battery_pct": 96.5,
            "wind_mps": 8.2
          }
        }
      ],
      "net": {
        "slice": "mMTC",
        "lat_ms": 50,
        "jitter_ms": 20,
        "loss_pct": 5.0,
        "throughput_mbps": 1.5,
        "edge_load": 0.95
      }
    },
    {
      "turn": 8,
      "speaker": "user",
      "intent": "abort video and proceed to goal",
      "actions": [
        {
          "type": "mcp",
          "name": "stop_stream",
          "args": {
            "stream_id": "rgb_live_01"
          }
        }
      ],
      "obs": [
        {
          "tool": "stop_stream",
          "result": {
            "stream_id": "rgb_live_01",
            "status": "terminated"
          }
        }
      ],
      "net": {
        "slice": "URLLC",
        "lat_ms": 9,
        "jitter_ms": 1.5,
        "loss_pct": 0.03,
        "throughput_mbps": 110,
        "edge_load": 0.5
      }
    },
    {
      "turn": 9,
      "speaker": "agent",
      "intent": "resume mission with final approach",
      "actions": [
        {
          "type": "mcp",
          "name": "move_to",
          "args": {
            "waypoint": {
              "x": 100.0,
              "y": 140.0,
              "z": 40.0
            }
          }
        },
        {
          "type": "a2a",
          "task": "confirm_landing_zone",
          "to": "uav_swarm_agent",
          "payload": {
            "target": {
              "x": 100.0,
              "y": 140.0,
              "z": 40.0
            }
          }
        }
      ],
      "obs": [
        {
          "tool": "move_to",
          "result": {
            "status": "completed",
            "final_pose": {
              "x": 100.0,
              "y": 140.0,
              "z": 40.0
            }
          }
        },
        {
          "task": "confirm_landing_zone",
          "from": "uav_swarm_agent",
          "status": "confirmed",
          "payload": {
            "obstacle_free": true,
            "surface_stable": true
          }
        }
      ],
      "net": {
        "slice": "URLLC",
        "lat_ms": 7,
        "jitter_ms": 1.1,
        "loss_pct": 0.01,
        "throughput_mbps": 125,
        "edge_load": 0.4
      }
    },
    {
      "turn": 10,
      "speaker": "user",
      "intent": "request return plan",
      "actions": [
        {
          "type": "mcp",
          "name": "plan_path",
          "args": {
            "goal": {
              "x": 10.0,
              "y": 10.0,
              "z": 15.0
            }
          }
        }
      ],
      "obs": [
        {
          "tool": "plan_path",
          "result": {
            "path": [
              [
                100.0,
                140.0,
                40.0
              ],
              [
                70.0,
                80.0,
                30.0
              ],
              [
                10.0,
                10.0,
                15.0
              ]
            ],
            "estimated_duration_s": 85.0,
            "battery_cost_pct": 10.8
          }
        }
      ],
      "net": {
        "slice": "eMBB",
        "lat_ms": 13,
        "jitter_ms": 2.1,
        "loss_pct": 0.1,
        "throughput_mbps": 820,
        "edge_load": 0.52
      }
    },
    {
      "turn": 11,
      "speaker": "agent",
      "intent": "initiate return and land",
      "actions": [
        {
          "type": "mcp",
          "name": "move_to",
          "args": {
            "waypoint": {
              "x": 10.0,
              "y": 10.0,
              "z": 15.0
            }
          }
        },
        {
          "type": "mcp",
          "name": "land",
          "args": {}
        }
      ],
      "obs": [
        {
          "tool": "move_to",
          "result": {
            "status": "completed",
            "final_pose": {
              "x": 10.0,
              "y": 10.0,
              "z": 15.0
            }
          }
        },
        {
          "tool": "land",
          "result": {
            "status": "completed",
            "final_battery_pct": 85.7
          }
        }
      ],
      "net": {
        "slice": "URLLC",
        "lat_ms": 8,
        "jitter_ms": 1.3,
        "loss_pct": 0.02,
        "throughput_mbps": 115,
        "edge_load": 0.38
      }
    }
  ],
  "final_state": {
    "domain": "uav",
    "time_s": 183.5,
    "env": {
      "weather": "fog",
      "wind_mps": 7.5,
      "wind_dir_deg": 240.0
    },
    "airspace": {
      "alt_bounds": [
        5.0,
        80.0
      ],
      "geofence": [
        {
          "type": "polygon",
          "points": [
            [
              0,
              0
            ],
            [
              0,
              150
            ],
            [
              120,
              150
            ],
            [
              120,
              0
            ]
          ]
        }
      ]
    },
    "uav": {
      "pose": {
        "x": 10.0,
        "y": 10.0,
        "z": 5.0,
        "yaw": 90.0
      },
      "speed_mps": 0.0,
      "energy": {
        "battery_pct": 85.7
      },
      "sensors": {
        "rgb": "ok",
        "thermal": "ok",
        "lidar": "ok",
        "radar": "ok",
        "gnss": "ok",
        "imu": "ok",
        "magnetometer": "ok",
        "barometer": "ok"
      },
      "payloads": []
    },
    "policy": {
      "alt_bounds": [
        5.0,
        80.0
      ]
    },
    "safety_flags": {
      "nfz_violation": false,
      "separation_breach": false
    }
  },
  "success": true,
  "_meta": {
    "seed": 42,
    "ts": 1763670881,
    "ts_iso": "2025-11-20T20:34:41Z",
    "gen_time_s": 88.73473191261292,
    "attempts_used": 1,
    "generation_failed": false,
    "usage": {
      "prompt_tokens": 1043,
      "completion_tokens": 4046,
      "total_tokens": 5089,
      "cost": 0.00335186,
      "is_byok": false,
      "prompt_tokens_details": {
        "cached_tokens": 1040,
        "audio_tokens": 0,
        "video_tokens": 0
      },
      "cost_details": {
        "upstream_inference_cost": null,
        "upstream_inference_prompt_cost": 0.00011506,
        "upstream_inference_completions_cost": 0.0032368
      },
      "completion_tokens_details": {
        "reasoning_tokens": 0,
        "image_tokens": 0
      }
    }
  }
}