{
  "initial_state": {
    "domain": "uav",
    "time_s": 0.0,
    "env": {
      "weather": "icing",
      "wind_mps": 8.0,
      "wind_dir_deg": 240.0
    },
    "airspace": {
      "alt_bounds": [
        100.0,
        2500.0
      ],
      "geofence": [
        {
          "type": "polygon",
          "points": [
            [
              0.0,
              0.0
            ],
            [
              3000.0,
              0.0
            ],
            [
              3000.0,
              2000.0
            ],
            [
              0.0,
              2000.0
            ]
          ]
        }
      ]
    },
    "uav": {
      "pose": {
        "x": 100.0,
        "y": 100.0,
        "z": 300.0,
        "yaw": 90.0
      },
      "speed_mps": 35.0,
      "energy": {
        "battery_pct": 100.0
      },
      "sensors": {
        "rgb": "ok",
        "thermal": "ok",
        "lidar": "offline",
        "radar": "ok",
        "gnss": "ok",
        "imu": "ok",
        "magnetometer": "ok",
        "barometer": "ok"
      },
      "payloads": []
    },
    "policy": {
      "alt_bounds": [
        100.0,
        2500.0
      ]
    },
    "safety_flags": {
      "nfz_violation": false,
      "separation_breach": false
    }
  },
  "dialogue": [
    {
      "turn": 1,
      "speaker": "agent",
      "intent": "initiate_mission",
      "actions": [
        {
          "type": "mcp",
          "name": "read_telemetry",
          "args": {}
        }
      ],
      "obs": [
        {
          "tool": "read_telemetry",
          "result": {
            "pose": {
              "x": 100.0,
              "y": 100.0,
              "z": 300.0,
              "yaw": 90.0
            },
            "speed_mps": 35.0,
            "battery_pct": 100.0
          }
        }
      ],
      "net": {
        "slice": "eMBB",
        "lat_ms": 12,
        "jitter_ms": 2,
        "loss_pct": 0.1,
        "throughput_mbps": 850,
        "edge_load": 0.3
      }
    },
    {
      "turn": 2,
      "speaker": "user",
      "intent": "confirm_mission_start",
      "actions": [
        {
          "type": "mcp",
          "name": "check_weather",
          "args": {}
        }
      ],
      "obs": [
        {
          "tool": "check_weather",
          "result": {
            "weather": "icing",
            "wind_mps": 8.0,
            "wind_dir_deg": 240.0
          }
        }
      ],
      "net": {
        "slice": "eMBB",
        "lat_ms": 11,
        "jitter_ms": 1.8,
        "loss_pct": 0.1,
        "throughput_mbps": 870,
        "edge_load": 0.32
      }
    },
    {
      "turn": 3,
      "speaker": "agent",
      "intent": "assess_risk_and_plan_route",
      "actions": [
        {
          "type": "mcp",
          "name": "plan_route",
          "args": {
            "destination": {
              "x": 2500.0,
              "y": 1800.0,
              "z": 500.0
            },
            "avoid_icing": true
          }
        }
      ],
      "obs": [
        {
          "tool": "plan_route",
          "result": {
            "waypoints": [
              {
                "x": 600.0,
                "y": 400.0,
                "z": 400.0
              },
              {
                "x": 1500.0,
                "y": 1000.0,
                "z": 600.0
              },
              {
                "x": 2500.0,
                "y": 1800.0,
                "z": 500.0
              }
            ],
            "estimated_time_s": 180,
            "battery_usage_pct": 12.5
          }
        }
      ],
      "net": {
        "slice": "URLLC",
        "lat_ms": 8,
        "jitter_ms": 1.2,
        "loss_pct": 0.05,
        "throughput_mbps": 100,
        "edge_load": 0.4
      }
    },
    {
      "turn": 4,
      "speaker": "user",
      "intent": "request_swarm_coordination",
      "actions": [
        {
          "type": "a2a",
          "task": "collision_avoidance",
          "to": "uav_swarm_agent",
          "payload": {
            "current_pose": {
              "x": 100.0,
              "y": 100.0,
              "z": 300.0
            },
            "route": [
              {
                "x": 600.0,
                "y": 400.0,
                "z": 400.0
              },
              {
                "x": 1500.0,
                "y": 1000.0,
                "z": 600.0
              },
              {
                "x": 2500.0,
                "y": 1800.0,
                "z": 500.0
              }
            ]
          }
        }
      ],
      "obs": [
        {
          "task": "collision_avoidance",
          "from": "uav_swarm_agent",
          "status": "ok",
          "payload": {
            "conflicts": [],
            "recommended_alt_offset": 0
          }
        }
      ],
      "net": {
        "slice": "URLLC",
        "lat_ms": 9,
        "jitter_ms": 1.5,
        "loss_pct": 0.08,
        "throughput_mbps": 95,
        "edge_load": 0.45
      }
    },
    {
      "turn": 5,
      "speaker": "agent",
      "intent": "execute_first_leg",
      "actions": [
        {
          "type": "mcp",
          "name": "move_to_waypoint",
          "args": {
            "waypoint": {
              "x": 600.0,
              "y": 400.0,
              "z": 400.0
            }
          }
        }
      ],
      "obs": [
        {
          "tool": "move_to_waypoint",
          "result": {
            "status": "reached",
            "time_used_s": 45,
            "battery_pct": 97.2,
            "pose": {
              "x": 600.0,
              "y": 400.0,
              "z": 400.0,
              "yaw": 95.0
            }
          }
        }
      ],
      "net": {
        "slice": "eMBB",
        "lat_ms": 13,
        "jitter_ms": 2.1,
        "loss_pct": 0.2,
        "throughput_mbps": 800,
        "edge_load": 0.5
      }
    },
    {
      "turn": 6,
      "speaker": "user",
      "intent": "monitor_sensor_status",
      "actions": [
        {
          "type": "mcp",
          "name": "diagnose_sensor",
          "args": {
            "sensor": "lidar"
          }
        }
      ],
      "obs": [
        {
          "tool": "diagnose_sensor",
          "result": {
            "sensor": "lidar",
            "status": "offline",
            "reason": "icing_on_lens",
            "suggested_action": "activate_heater"
          }
        }
      ],
      "net": {
        "slice": "mMTC",
        "lat_ms": 200,
        "jitter_ms": 50,
        "loss_pct": 1.5,
        "throughput_mbps": 1.2,
        "edge_load": 0.75
      }
    },
    {
      "turn": 7,
      "speaker": "agent",
      "intent": "resolve_sensor_failure",
      "actions": [
        {
          "type": "mcp",
          "name": "activate_heater",
          "args": {
            "target": "lidar"
          }
        }
      ],
      "obs": [
        {
          "tool": "activate_heater",
          "result": {
            "target": "lidar",
            "status": "heating_started",
            "estimated_clear_time_s": 30
          }
        }
      ],
      "net": {
        "slice": "URLLC",
        "lat_ms": 7,
        "jitter_ms": 1.0,
        "loss_pct": 0.04,
        "throughput_mbps": 110,
        "edge_load": 0.42
      }
    },
    {
      "turn": 8,
      "speaker": "user",
      "intent": "request_thermal_scan",
      "actions": [
        {
          "type": "mcp",
          "name": "capture_thermal",
          "args": {
            "area": {
              "center": {
                "x": 600.0,
                "y": 400.0
              },
              "radius_m": 50.0
            }
          }
        }
      ],
      "obs": [
        {
          "tool": "capture_thermal",
          "result": {
            "status": "success",
            "anomalies_detected": 1,
            "anomaly_location": {
              "x": 620.0,
              "y": 390.0
            },
            "confidence": 0.93
          }
        }
      ],
      "net": {
        "slice": "eMBB",
        "lat_ms": 14,
        "jitter_ms": 2.3,
        "loss_pct": 0.15,
        "throughput_mbps": 820,
        "edge_load": 0.52
      }
    },
    {
      "turn": 9,
      "speaker": "agent",
      "intent": "proceed_to_next_waypoint",
      "actions": [
        {
          "type": "mcp",
          "name": "move_to_waypoint",
          "args": {
            "waypoint": {
              "x": 1500.0,
              "y": 1000.0,
              "z": 600.0
            }
          }
        }
      ],
      "obs": [
        {
          "tool": "move_to_waypoint",
          "result": {
            "status": "reached",
            "time_used_s": 55,
            "battery_pct": 92.1,
            "pose": {
              "x": 1500.0,
              "y": 1000.0,
              "z": 600.0,
              "yaw": 105.0
            }
          }
        }
      ],
      "net": {
        "slice": "URLLC",
        "lat_ms": 8,
        "jitter_ms": 1.3,
        "loss_pct": 0.06,
        "throughput_mbps": 105,
        "edge_load": 0.48
      }
    },
    {
      "turn": 10,
      "speaker": "user",
      "intent": "verify_lidar_recovery",
      "actions": [
        {
          "type": "mcp",
          "name": "test_sensor",
          "args": {
            "sensor": "lidar"
          }
        }
      ],
      "obs": [
        {
          "tool": "test_sensor",
          "result": {
            "sensor": "lidar",
            "status": "ok",
            "diagnostic_code": 0
          }
        }
      ],
      "net": {
        "slice": "mMTC",
        "lat_ms": 180,
        "jitter_ms": 45,
        "loss_pct": 2.0,
        "throughput_mbps": 1.0,
        "edge_load": 0.8
      }
    },
    {
      "turn": 11,
      "speaker": "agent",
      "intent": "complete_mission_and_return",
      "actions": [
        {
          "type": "mcp",
          "name": "move_to_waypoint",
          "args": {
            "waypoint": {
              "x": 100.0,
              "y": 100.0,
              "z": 300.0
            }
          }
        }
      ],
      "obs": [
        {
          "tool": "move_to_waypoint",
          "result": {
            "status": "reached",
            "time_used_s": 60,
            "battery_pct": 86.5,
            "pose": {
              "x": 100.0,
              "y": 100.0,
              "z": 300.0,
              "yaw": 90.0
            }
          }
        }
      ],
      "net": {
        "slice": "URLLC",
        "lat_ms": 7.5,
        "jitter_ms": 1.1,
        "loss_pct": 0.05,
        "throughput_mbps": 108,
        "edge_load": 0.41
      }
    }
  ],
  "final_state": {
    "domain": "uav",
    "time_s": 160.0,
    "env": {
      "weather": "icing",
      "wind_mps": 8.0,
      "wind_dir_deg": 240.0
    },
    "airspace": {
      "alt_bounds": [
        100.0,
        2500.0
      ],
      "geofence": [
        {
          "type": "polygon",
          "points": [
            [
              0.0,
              0.0
            ],
            [
              3000.0,
              0.0
            ],
            [
              3000.0,
              2000.0
            ],
            [
              0.0,
              2000.0
            ]
          ]
        }
      ]
    },
    "uav": {
      "pose": {
        "x": 100.0,
        "y": 100.0,
        "z": 300.0,
        "yaw": 90.0
      },
      "speed_mps": 0.0,
      "energy": {
        "battery_pct": 86.5
      },
      "sensors": {
        "rgb": "ok",
        "thermal": "ok",
        "lidar": "ok",
        "radar": "ok",
        "gnss": "ok",
        "imu": "ok",
        "magnetometer": "ok",
        "barometer": "ok"
      },
      "payloads": []
    },
    "policy": {
      "alt_bounds": [
        100.0,
        2500.0
      ]
    },
    "safety_flags": {
      "nfz_violation": false,
      "separation_breach": false
    }
  },
  "success": true,
  "_meta": {
    "seed": 42,
    "ts": 1763725680,
    "ts_iso": "2025-11-21T11:48:00Z",
    "gen_time_s": 67.67676782608032,
    "attempts_used": 1,
    "generation_failed": false,
    "usage": {
      "prompt_tokens": 1070,
      "completion_tokens": 3781,
      "total_tokens": 4851,
      "cost": 0.00319332,
      "is_byok": false,
      "prompt_tokens_details": {
        "cached_tokens": 608,
        "audio_tokens": 0,
        "video_tokens": 0
      },
      "cost_details": {
        "upstream_inference_cost": null,
        "upstream_inference_prompt_cost": 0.00016852,
        "upstream_inference_completions_cost": 0.0030248
      },
      "completion_tokens_details": {
        "reasoning_tokens": 0,
        "image_tokens": 0
      }
    }
  }
}