{
  "initial_state": {
    "domain": "uav",
    "time_s": 0.0,
    "env": {
      "weather": "dust",
      "wind_mps": 6.0,
      "wind_dir_deg": 180.0
    },
    "airspace": {
      "alt_bounds": [
        10.0,
        120.0
      ],
      "geofence": [
        {
          "type": "polygon",
          "points": [
            [
              0,
              0
            ],
            [
              0,
              1000
            ],
            [
              800,
              1000
            ],
            [
              800,
              0
            ]
          ]
        }
      ]
    },
    "uav": {
      "pose": {
        "x": 100.0,
        "y": 100.0,
        "z": 50.0,
        "yaw": 90.0
      },
      "speed_mps": 25.0,
      "energy": {
        "battery_pct": 100.0
      },
      "sensors": {
        "rgb": "ok",
        "thermal": "ok",
        "lidar": "ok",
        "radar": "offline",
        "gnss": "ok",
        "imu": "ok",
        "magnetometer": "ok",
        "barometer": "ok"
      },
      "payloads": []
    },
    "policy": {
      "alt_bounds": [
        10.0,
        120.0
      ]
    },
    "safety_flags": {
      "nfz_violation": false,
      "separation_breach": false
    }
  },
  "dialogue": [
    {
      "turn": 1,
      "speaker": "agent",
      "intent": "initiate_mission",
      "actions": [
        {
          "type": "mcp",
          "name": "read_telemetry",
          "args": {}
        }
      ],
      "obs": [
        {
          "tool": "read_telemetry",
          "result": {
            "pose": {
              "x": 100.0,
              "y": 100.0,
              "z": 50.0,
              "yaw": 90.0
            },
            "speed_mps": 25.0,
            "battery_pct": 100.0
          }
        }
      ],
      "net": {
        "slice": "eMBB",
        "lat_ms": 12,
        "jitter_ms": 3,
        "loss_pct": 0.1,
        "throughput_mbps": 850,
        "edge_load": 0.45
      }
    },
    {
      "turn": 2,
      "speaker": "user",
      "intent": "confirm_mission_start",
      "actions": [],
      "obs": [],
      "net": {
        "slice": "eMBB",
        "lat_ms": 11,
        "jitter_ms": 2,
        "loss_pct": 0.05,
        "throughput_mbps": 870,
        "edge_load": 0.47
      }
    },
    {
      "turn": 3,
      "speaker": "agent",
      "intent": "request_swarm_coordination",
      "actions": [
        {
          "type": "a2a",
          "task": "collision_avoidance",
          "to": "uav_swarm_agent",
          "payload": {
            "current_pose": {
              "x": 100.0,
              "y": 100.0,
              "z": 50.0
            },
            "target_waypoint": {
              "x": 400.0,
              "y": 500.0,
              "z": 60.0
            }
          }
        }
      ],
      "obs": [
        {
          "task": "collision_avoidance",
          "from": "uav_swarm_agent",
          "status": "ok",
          "payload": {
            "safe": true,
            "recommended_alt": 60.0
          }
        }
      ],
      "net": {
        "slice": "URLLC",
        "lat_ms": 8,
        "jitter_ms": 1,
        "loss_pct": 0.01,
        "throughput_mbps": 120,
        "edge_load": 0.3
      }
    },
    {
      "turn": 4,
      "speaker": "user",
      "intent": "approve_waypoint",
      "actions": [
        {
          "type": "mcp",
          "name": "set_waypoint",
          "args": {
            "x": 400.0,
            "y": 500.0,
            "z": 60.0
          }
        }
      ],
      "obs": [
        {
          "tool": "set_waypoint",
          "result": {
            "status": "accepted",
            "eta_s": 45.2
          }
        }
      ],
      "net": {
        "slice": "URLLC",
        "lat_ms": 9,
        "jitter_ms": 1.2,
        "loss_pct": 0.02,
        "throughput_mbps": 110,
        "edge_load": 0.32
      }
    },
    {
      "turn": 5,
      "speaker": "agent",
      "intent": "monitor_environment",
      "actions": [
        {
          "type": "mcp",
          "name": "activate_sensor",
          "args": {
            "sensor": "lidar"
          }
        }
      ],
      "obs": [
        {
          "tool": "activate_sensor",
          "result": {
            "sensor": "lidar",
            "status": "active",
            "range_m": 150
          }
        }
      ],
      "net": {
        "slice": "eMBB",
        "lat_ms": 15,
        "jitter_ms": 4,
        "loss_pct": 0.3,
        "throughput_mbps": 800,
        "edge_load": 0.55
      }
    },
    {
      "turn": 6,
      "speaker": "user",
      "intent": "report_dust_interference",
      "actions": [],
      "obs": [],
      "net": {
        "slice": "mMTC",
        "lat_ms": 120,
        "jitter_ms": 25,
        "loss_pct": 5.0,
        "throughput_mbps": 1.2,
        "edge_load": 0.85
      }
    },
    {
      "turn": 7,
      "speaker": "agent",
      "intent": "adapt_to_degraded_network",
      "actions": [
        {
          "type": "mcp",
          "name": "read_telemetry",
          "args": {}
        }
      ],
      "obs": [
        {
          "tool": "read_telemetry",
          "result": {
            "pose": {
              "x": 250.0,
              "y": 300.0,
              "z": 60.0
            },
            "speed_mps": 22.0,
            "battery_pct": 96.5
          }
        }
      ],
      "net": {
        "slice": "URLLC",
        "lat_ms": 10,
        "jitter_ms": 2,
        "loss_pct": 0.1,
        "throughput_mbps": 100,
        "edge_load": 0.4
      }
    },
    {
      "turn": 8,
      "speaker": "user",
      "intent": "request_status_update",
      "actions": [
        {
          "type": "mcp",
          "name": "get_system_health",
          "args": {}
        }
      ],
      "obs": [
        {
          "tool": "get_system_health",
          "result": {
            "sensors": {
              "status": "degraded",
              "issues": [
                "radar_offline"
              ]
            },
            "battery_pct": 96.5,
            "thermal_load": 0.68
          }
        }
      ],
      "net": {
        "slice": "URLLC",
        "lat_ms": 9,
        "jitter_ms": 1.5,
        "loss_pct": 0.05,
        "throughput_mbps": 115,
        "edge_load": 0.38
      }
    },
    {
      "turn": 9,
      "speaker": "agent",
      "intent": "initiate_return",
      "actions": [
        {
          "type": "mcp",
          "name": "set_waypoint",
          "args": {
            "x": 100.0,
            "y": 100.0,
            "z": 50.0
          }
        }
      ],
      "obs": [
        {
          "tool": "set_waypoint",
          "result": {
            "status": "accepted",
            "eta_s": 52.0
          }
        }
      ],
      "net": {
        "slice": "URLLC",
        "lat_ms": 8,
        "jitter_ms": 1,
        "loss_pct": 0.01,
        "throughput_mbps": 125,
        "edge_load": 0.31
      }
    },
    {
      "turn": 10,
      "speaker": "user",
      "intent": "acknowledge_return",
      "actions": [],
      "obs": [],
      "net": {
        "slice": "URLLC",
        "lat_ms": 9,
        "jitter_ms": 1.3,
        "loss_pct": 0.03,
        "throughput_mbps": 118,
        "edge_load": 0.33
      }
    },
    {
      "turn": 11,
      "speaker": "agent",
      "intent": "land_uav",
      "actions": [
        {
          "type": "mcp",
          "name": "execute_landing",
          "args": {}
        }
      ],
      "obs": [
        {
          "tool": "execute_landing",
          "result": {
            "status": "completed",
            "final_pose": {
              "x": 100.0,
              "y": 100.0,
              "z": 10.0
            }
          }
        }
      ],
      "net": {
        "slice": "URLLC",
        "lat_ms": 7,
        "jitter_ms": 0.8,
        "loss_pct": 0.0,
        "throughput_mbps": 130,
        "edge_load": 0.28
      }
    }
  ],
  "final_state": {
    "domain": "uav",
    "time_s": 120.0,
    "env": {
      "weather": "dust",
      "wind_mps": 6.0,
      "wind_dir_deg": 180.0
    },
    "airspace": {
      "alt_bounds": [
        10.0,
        120.0
      ],
      "geofence": [
        {
          "type": "polygon",
          "points": [
            [
              0,
              0
            ],
            [
              0,
              1000
            ],
            [
              800,
              1000
            ],
            [
              800,
              0
            ]
          ]
        }
      ]
    },
    "uav": {
      "pose": {
        "x": 100.0,
        "y": 100.0,
        "z": 10.0,
        "yaw": 90.0
      },
      "speed_mps": 0.0,
      "energy": {
        "battery_pct": 92.0
      },
      "sensors": {
        "rgb": "ok",
        "thermal": "ok",
        "lidar": "ok",
        "radar": "offline",
        "gnss": "ok",
        "imu": "ok",
        "magnetometer": "ok",
        "barometer": "ok"
      },
      "payloads": []
    },
    "policy": {
      "alt_bounds": [
        10.0,
        120.0
      ]
    },
    "safety_flags": {
      "nfz_violation": false,
      "separation_breach": false
    }
  },
  "success": true,
  "_meta": {
    "seed": 42,
    "ts": 1763834511,
    "ts_iso": "2025-11-22T18:01:51Z",
    "gen_time_s": 107.85301399230957,
    "attempts_used": 2,
    "generation_failed": false,
    "usage": {
      "prompt_tokens": 1089,
      "completion_tokens": 2912,
      "total_tokens": 4001,
      "cost": 0.00245654,
      "is_byok": false,
      "prompt_tokens_details": {
        "cached_tokens": 1024,
        "audio_tokens": 0,
        "video_tokens": 0
      },
      "cost_details": {
        "upstream_inference_cost": null,
        "upstream_inference_prompt_cost": 0.00012694,
        "upstream_inference_completions_cost": 0.0023296
      },
      "completion_tokens_details": {
        "reasoning_tokens": 0,
        "image_tokens": 0
      }
    }
  }
}