{
  "episode_id": "6gb_prompt_3e8ea024ca08ab0f",
  "questions": [
    {
      "task_id": "T5",
      "task_name": "Slice Switching Decision",
      "source_turn": 7,
      "question": "At turn 7 the UAV is streaming data on eMBB while the network shows latency 35 ms, jitter 15 ms, loss 2.1 percent, throughput 300 Mbps, and edge load 0.88. Earlier on eMBB the latency ranged from 18 to 25 ms with edge load between 0.45 and 0.65, while URLLC showed latency from 7 to 10 ms but throughput only 100 to 130 Mbps. The operator receives an advice to switch slices immediately, but the data stream initiated at turn 6 was already reduced once at turn 9 after a prior switch. Over the last three turns, edge load increased by 0.23 and latency increased by 10 ms on eMBB, indicating uncertain but worsening congestion. If congestion persists one more turn, the worst observed latency of 35 ms and edge load of 0.88 may repeat or slightly worsen. Switching to URLLC would stabilize latency but constrain throughput for the queued upload requested at turn 10, which historically used 780 to 820 Mbps on eMBB. Remaining on eMBB risks further loss beyond 2.1 percent, while switching risks multi turn backlog and delayed mission completion. The decision must minimize maximum regret over the next two turns assuming worst case persistence of current conditions. Which option should be selected?",
      "options": {
        "A": "Stay on eMBB despite 35 ms latency and 0.88 edge load, accepting possible loss above 2.1 percent to preserve 300 Mbps throughput for the upcoming upload.",
        "B": "Switch immediately to URLLC with 9 ms latency and 110 Mbps throughput to minimize control risk this turn.",
        "C": "Defer switching for one turn while reducing stream load again, using the fact that eMBB previously operated at 25 ms latency and 0.65 edge load.",
        "D": "Switch to mMTC based on its prior availability despite its 45 ms latency, 1.2 percent loss, and 1.5 Mbps throughput."
      },
      "correct": "C",
      "reason": "Deferring the switch limits worst case regret because it avoids immediate throughput collapse while keeping the option to switch if congestion persists. The observed ranges show eMBB previously tolerating lower load and latency, so one more turn does not strictly violate past performance bounds. An immediate URLLC switch would constrain throughput to near 110 Mbps and create a multi turn backlog for the upload. mMTC fails even under average conditions due to extreme throughput and latency. Thus the defer and reduce option best balances latency risk against future data loss.",
      "rationale_tag": "MINIMAX_REGRET_UNDER_CONGESTION",
      "difficulty": "very_hard"
    },
    {
      "task_id": "T6",
      "task_name": "Slice Fairness vs Safety",
      "source_turn": 7,
      "question": "At turn 7 the UAV reports eMBB latency of 35 ms, jitter of 15 ms, loss of 2.1 percent, throughput of 300 Mbps, and edge load of 0.88 while streaming video. The same episode shows that URLLC at nearby turns delivers latency between 7 and 10 ms, jitter of 1 to 2 ms, loss below 0.1 percent, throughput between 100 and 130 Mbps, and edge load around 0.3 to 0.4. Policy altitude bounds span from 10.0 to 450.0 meters, so loss of control during maneuvering is safety critical. Battery is still at 100 percent, so mission time is not yet constrained, but network contention is expected to persist for the next two to three turns. The operator must choose a slice and streaming posture that is fair to other swarm traffic while minimizing worst case safety risk. If degradation persists one more turn, edge load above 0.85 is known to trigger scheduler backoff for non safety traffic. A myopic choice would optimize current throughput, but future regret must be considered if safety traffic is preempted. Another option appears acceptable at mean values but fails if jitter remains near its observed peak. No option avoids all downsides over the next turns. Which option should be selected?",
      "options": {
        "A": "Remain on eMBB at 300 Mbps despite edge load 0.88 to preserve fairness, accepting 35 ms latency and 15 ms jitter for the next turns.",
        "B": "Switch fully to URLLC with throughput capped near 110 Mbps and edge load near 0.35, prioritizing low latency even if other swarm uploads are delayed.",
        "C": "Alternate slices each turn, using eMBB now and URLLC next, assuming jitter drops back toward 5 ms and edge load falls below 0.75.",
        "D": "Stay on eMBB but further reduce stream bitrate so edge load falls just under 0.85 while keeping latency near 35 ms."
      },
      "correct": "B",
      "reason": "The eMBB option operates above the 0. 85 edge load backoff point and risks worst case scheduler penalties if degradation persists another turn. Alternating slices assumes jitter and load recover, which is not guaranteed given the observed peak values. Reducing bitrate on eMBB still leaves latency and jitter high during maneuvering within the altitude bounds, creating safety risk. URLLC minimizes worst case latency and jitter across future turns, and although it limits throughput, it yields the smallest maximum regret under persistent contention.",
      "rationale_tag": "MINIMAX_REGRET",
      "difficulty": "very_hard"
    },
    {
      "task_id": "T11",
      "task_name": "Preemptive Autonomy Downgrade",
      "source_turn": 7,
      "question": "At turn 7 the UAV is flying at 22.0 mps with battery at 100.0 percent and altitude within the policy bounds of 10.0 to 450.0 meters. Network telemetry shows eMBB latency at 35 ms with jitter 15 ms, loss 2.1 percent, throughput 300 Mbps, and edge load 0.88. One turn earlier the stream was active at high bitrate, and one turn later a switch to URLLC produced latency 9 ms with edge load 0.35 but throughput only 110 Mbps. The mission must consider the next two turns where dust and wind at 8.5 mps may persist and thermal and radar sensors remain offline. If degradation persists for one more turn, worst case latency must be assumed as latency plus jitter and edge load may increase toward saturation. A preemptive autonomy downgrade is allowed if it reduces the chance of violating policy bounds or losing control authority. Four downgrade options trade sensing quality, network robustness, and maneuver aggressiveness. Each option carries some downside within the next one to three turns. Which option should be selected?",
      "options": {
        "A": "Maintain current autonomy and speed at 22.0 mps on eMBB despite edge load 0.88 and loss 2.1 percent to maximize throughput 300 Mbps this turn.",
        "B": "Immediately switch to URLLC and keep full autonomy and speed 22.0 mps accepting throughput 110 Mbps and edge load 0.35.",
        "C": "Downgrade autonomy to reduced mode, cap speed below 22.0 mps, and accept URLLC characteristics with latency 9 ms and edge load 0.35.",
        "D": "Descend toward the lower policy bound near 10.0 meters to reduce wind impact while staying on eMBB with latency 35 ms."
      },
      "correct": "C",
      "reason": "Option C minimizes worst case latency while also reducing maneuver aggressiveness, which lowers future regret if network degradation persists. The reduced speed offsets the lower throughput of 110 Mbps and keeps control stable under high jitter conditions. Maintaining full speed or autonomy leaves little margin when worst case latency is considered over the next turns. Descending or staying on eMBB risks policy or control violations if edge load increases again.",
      "rationale_tag": "MINIMAX_REGRET",
      "difficulty": "very_hard"
    },
    {
      "task_id": "T12",
      "task_name": "Conservative Continuation Decision",
      "source_turn": 8,
      "question": "At turn 8 the operator has authorized a switch to URLLC after degradation, and the UAV is at 25.0 m altitude moving at 22.0 mps with battery at 100.0 percent. The airspace policy allows altitude between 10.0 and 450.0 m, creating a bounded safety range under dusty weather and 8.5 mps wind. Network telemetry now shows URLLC latency of 9 ms with jitter 1 ms, loss 0.08 percent, throughput 110 Mbps, and edge load 0.35, but earlier eMBB reached edge load 0.88 with loss 2.1 percent. The mission plan requires continuing for the next two turns to finish navigation before return, with reduced streaming already applied. If edge load rebounds toward the prior peak, URLLC capacity may tighten while eMBB may again degrade. A conservative continuation must minimize worst case regret over the next one to three turns rather than maximize current throughput. One option is to continue on URLLC with reduced stream at the current altitude. Another is to climb toward mid band altitude to gain link margin while staying on URLLC. A third is to switch back to eMBB immediately to upload more data now. A fourth is to pause the mission despite having full battery and being inside altitude bounds. Considering altitude limits, observed edge load volatility, and multi turn network risk, which option should be selected?",
      "options": {
        "A": "Continue on URLLC at 25.0 m with reduced stream, accepting 110 Mbps throughput and 0.35 edge load as a buffer against a rebound toward 0.88 over the next two turns.",
        "B": "Climb toward higher altitude within the 10.0 to 450.0 m bounds to improve link conditions while remaining on URLLC despite the added maneuver risk.",
        "C": "Switch back to eMBB now to exploit 780 to 820 Mbps throughput seen earlier, assuming the 0.88 edge load spike was transient.",
        "D": "Pause the mission and hold position even with 100.0 percent battery and acceptable URLLC latency of 9 ms to avoid any future degradation."
      },
      "correct": "A",
      "reason": "Option A preserves the lowest worst case network risk because URLLC showed stable low latency and low loss after the switch while staying far from altitude bounds. Climbing adds maneuver exposure under dust and wind without reducing the risk of URLLC saturation in future turns. Switching to eMBB optimizes the current turn but fails under the plausible worst case where edge load returns toward the previously observed peak. Pausing the mission creates guaranteed regret by delaying completion even though two turn continuation remains feasible within all numeric limits.",
      "rationale_tag": "MINIMAX_REGRET",
      "difficulty": "very_hard"
    },
    {
      "task_id": "T18",
      "task_name": "AI Agent Identity & Onboarding",
      "source_turn": 8,
      "question": "During turn 8 the operator must finalize identity onboarding for a UAV agent that has switched slices multiple times. Across turns 1 to 9 the observed one way latency values include 7, 8, 9, 18, 20, 25 and 35 ms while jitter spans from 1 to 15 ms and loss ranges from 0.05 to 2.1 percent. Edge load peaked at 0.88 on eMBB in turn 7 and dropped to 0.3 to 0.35 on URLLC in turns 8 and 9. Throughput simultaneously fell from 850 and 800 Mbps on early eMBB turns to 110 to 130 Mbps on URLLC. Battery remains at 100 percent so power is not the limiting factor over the next three turns. The identity service can be bound either to a persistent device identity or to a session scoped network identity tied to a slice. A persistent binding reduces reauthentication cost next turn but amplifies risk if worst case latency or loss recurs. A session scoped identity increases reauth frequency but limits blast radius under degradation. Assume the worst case repeats for one more turn and recovery is uncertain. Which onboarding option should be selected?",
      "options": {
        "A": "Bind a persistent device identity over URLLC since current latency is 9 ms and edge load is 0.35, accepting future risk if loss rises again.",
        "B": "Bind a persistent device identity over eMBB because throughput was 820 Mbps at 22 ms in turn 10, assuming conditions revert.",
        "C": "Use a session scoped network identity on URLLC to cap impact if latency returns to 35 ms and loss to 2.1 percent despite added reauth cost.",
        "D": "Delay onboarding for one turn to observe whether jitter stabilizes below 3 ms and edge load stays under 0.5."
      },
      "correct": "C",
      "reason": "The worst observed latency and loss are much higher than the current URLLC values, so persistence carries high downside if degradation repeats. Session scoped identity limits exposure when jitter ranges up to 15 ms and loss reaches 2. 1 percent. Over the next turns the added reauthentication cost is smaller than the regret of a compromised persistent binding. This choice minimizes maximum regret under uncertain recovery.",
      "rationale_tag": "MINIMAX_REGRET_UNDER_UNCERTAINTY",
      "difficulty": "very_hard"
    },
    {
      "task_id": "T19",
      "task_name": "AI Agent Interoperability & Federation",
      "source_turn": 7,
      "question": "At turn 7 the UAV must federate data between the planning agent, network orchestrator, and base analytics while network quality degrades. The eMBB slice shows latency 35 ms, jitter 15 ms, loss 2.1 percent, throughput 300 Mbps, and edge load 0.88 at this turn. Earlier turns show URLLC latency values of 7 to 10 ms with jitter 1 to 2 ms, loss between 0.05 and 0.1 percent, throughput from 100 to 130 Mbps, and edge load from 0.3 to 0.4. The base analytics requires sustained throughput above 120 Mbps, while the planning agent requires worst case latency below 40 ms to avoid compounding route error. Battery remains at 100 percent so energy is not the immediate constraint, but policy requires the mission to continue for at least two more turns. There is uncertainty that eMBB loss could persist at the observed 2.1 percent for the next two turns if edge load remains above 0.85. There is also uncertainty that URLLC throughput could dip to the observed 100 Mbps in the next turn if contention rises. If federation fails, the regret is a forced abort in turn 9 or 10 rather than graceful completion. Considering worst case bounds over the next two turns, the agent must choose one federation and slice strategy. Which option should be selected?",
      "options": {
        "A": "Federate all agents on eMBB now because 300 Mbps throughput exceeds the 120 Mbps requirement despite 35 ms latency and 0.88 edge load.",
        "B": "Federate planning and control on URLLC and defer base analytics to the queued upload on eMBB because URLLC latency stays under 10 ms with edge load near 0.3.",
        "C": "Federate everything on URLLC because loss is 0.1 percent or lower and latency is under 10 ms even if throughput drops toward 100 Mbps.",
        "D": "Pause federation for one turn to wait for recovery since earlier eMBB turns had latency near 20 ms and loss below 0.3 percent."
      },
      "correct": "B",
      "reason": "Option B keeps worst case latency under the 40 ms bound for planning even if jitter rises, and avoids the 2. 1 percent loss risk seen on eMBB when edge load is 0. 88. It limits regret by allowing analytics to tolerate delay via queued upload while preserving control safety over two more turns. Option A fails under worst case loss persistence, option C risks violating the 120 Mbps analytics need if throughput hits 100 Mbps, and option D ignores the requirement to continue federation across the next turns.",
      "rationale_tag": "MINIMAX_REGRET_FEDERATION",
      "difficulty": "very_hard"
    }
  ]
}