{
  "initial_state": {
    "domain": "uav",
    "time_s": 0.0,
    "env": {
      "weather": "lightning_risk",
      "wind_mps": 8.0,
      "wind_dir_deg": 210.0
    },
    "airspace": {
      "alt_bounds": [
        0.0,
        250.0
      ],
      "geofence": [
        {
          "type": "polygon",
          "points": [
            [
              100.0,
              100.0
            ],
            [
              300.0,
              100.0
            ],
            [
              300.0,
              300.0
            ],
            [
              100.0,
              300.0
            ]
          ]
        }
      ]
    },
    "uav": {
      "pose": {
        "x": 115.0,
        "y": 115.0,
        "z": 10.0,
        "yaw": 85.0
      },
      "speed_mps": 35.0,
      "energy": {
        "battery_pct": 100.0
      },
      "sensors": {
        "rgb": "ok",
        "thermal": "ok",
        "lidar": "ok",
        "radar": "offline",
        "gnss": "ok",
        "imu": "ok",
        "magnetometer": "ok",
        "barometer": "ok"
      },
      "payloads": []
    },
    "policy": {
      "alt_bounds": [
        0.0,
        250.0
      ]
    },
    "safety_flags": {
      "nfz_violation": false,
      "separation_breach": false
    }
  },
  "dialogue": [
    {
      "turn": 1,
      "speaker": "agent",
      "intent": "initiate_inspection_mission",
      "actions": [
        {
          "type": "mcp",
          "name": "read_telemetry",
          "args": {}
        },
        {
          "type": "a2a",
          "task": "request_weather_update",
          "to": "weather_monitor_agent",
          "payload": {
            "location": [
              200.0,
              200.0
            ],
            "radius_km": 10.0
          }
        }
      ],
      "obs": [
        {
          "tool": "read_telemetry",
          "result": {
            "pose": {
              "x": 115.0,
              "y": 115.0,
              "z": 10.0,
              "yaw": 85.0
            },
            "battery_pct": 100.0,
            "speed_mps": 35.0
          }
        },
        {
          "task": "request_weather_update",
          "from": "weather_monitor_agent",
          "status": "ok",
          "payload": {
            "lightning_risk": "high",
            "precipitation_mmh": 0.2,
            "update_interval_s": 30
          }
        }
      ],
      "net": {
        "slice": "eMBB",
        "lat_ms": 12,
        "jitter_ms": 2,
        "loss_pct": 0.1,
        "throughput_mbps": 850,
        "edge_load": 0.35
      }
    },
    {
      "turn": 2,
      "speaker": "user",
      "intent": "confirm_mission_start",
      "actions": [
        {
          "type": "mcp",
          "name": "set_altitude",
          "args": {
            "target_z": 120.0
          }
        }
      ],
      "obs": [
        {
          "tool": "set_altitude",
          "result": {
            "status": "accepted",
            "target_z": 120.0,
            "estimated_time_s": 18.5
          }
        }
      ],
      "net": {
        "slice": "eMBB",
        "lat_ms": 11,
        "jitter_ms": 1.8,
        "loss_pct": 0.05,
        "throughput_mbps": 920,
        "edge_load": 0.32
      }
    },
    {
      "turn": 3,
      "speaker": "agent",
      "intent": "ascend_to_inspection_height",
      "actions": [
        {
          "type": "mcp",
          "name": "execute_maneuver",
          "args": {
            "maneuver": "climb",
            "target_z": 120.0,
            "rate_mps": 6.0
          }
        },
        {
          "type": "a2a",
          "task": "announce_trajectory",
          "to": "uav_swarm_agent",
          "payload": {
            "uav_id": "uav-7",
            "trajectory": [
              {
                "x": 115.0,
                "y": 115.0,
                "z": 120.0
              }
            ],
            "eta_s": 19
          }
        }
      ],
      "obs": [
        {
          "tool": "execute_maneuver",
          "result": {
            "status": "in_progress",
            "current_z": 65.0,
            "time_remaining_s": 9.2
          }
        },
        {
          "task": "announce_trajectory",
          "from": "uav_swarm_agent",
          "status": "acknowledged",
          "payload": {
            "next_check_s": 10,
            "conflicts": []
          }
        }
      ],
      "net": {
        "slice": "URLLC",
        "lat_ms": 8,
        "jitter_ms": 0.9,
        "loss_pct": 0.01,
        "throughput_mbps": 120,
        "edge_load": 0.28
      }
    },
    {
      "turn": 4,
      "speaker": "user",
      "intent": "request_sensor_diagnostic",
      "actions": [
        {
          "type": "mcp",
          "name": "run_diagnostic",
          "args": {
            "sensor": "radar"
          }
        }
      ],
      "obs": [
        {
          "tool": "run_diagnostic",
          "result": {
            "sensor": "radar",
            "status": "faulty_antenna",
            "recommendation": "avoid radar-dependent tasks"
          }
        }
      ],
      "net": {
        "slice": "mMTC",
        "lat_ms": 45,
        "jitter_ms": 12,
        "loss_pct": 1.8,
        "throughput_mbps": 1.2,
        "edge_load": 0.75
      }
    },
    {
      "turn": 5,
      "speaker": "agent",
      "intent": "adapt_sensing_strategy_due_to_radar_failure",
      "actions": [
        {
          "type": "mcp",
          "name": "activate_sensor",
          "args": {
            "sensor": "lidar"
          }
        },
        {
          "type": "a2a",
          "task": "request_radar_coverage",
          "to": "uav_swarm_agent",
          "payload": {
            "area_of_interest": [
              200.0,
              200.0
            ],
            "radius_m": 50.0
          }
        }
      ],
      "obs": [
        {
          "tool": "activate_sensor",
          "result": {
            "sensor": "lidar",
            "status": "active"
          }
        },
        {
          "task": "request_radar_coverage",
          "from": "uav_swarm_agent",
          "status": "assigned",
          "payload": {
            "responding_uav": "uav-12",
            "eta_coverage": 22
          }
        }
      ],
      "net": {
        "slice": "URLLC",
        "lat_ms": 9,
        "jitter_ms": 1.1,
        "loss_pct": 0.02,
        "throughput_mbps": 110,
        "edge_load": 0.31
      }
    },
    {
      "turn": 6,
      "speaker": "user",
      "intent": "initiate_spiral_inspection",
      "actions": [
        {
          "type": "mcp",
          "name": "set_mission_profile",
          "args": {
            "profile": "spiral_inspect",
            "center": [
              200.0,
              200.0
            ],
            "radius_start": 80.0,
            "radius_end": 20.0,
            "altitude": 120.0,
            "laps": 2
          }
        }
      ],
      "obs": [
        {
          "tool": "set_mission_profile",
          "result": {
            "status": "scheduled",
            "estimated_duration_s": 142,
            "energy_required_pct": 18.5
          }
        }
      ],
      "net": {
        "slice": "eMBB",
        "lat_ms": 14,
        "jitter_ms": 2.5,
        "loss_pct": 0.2,
        "throughput_mbps": 800,
        "edge_load": 0.41
      }
    },
    {
      "turn": 7,
      "speaker": "agent",
      "intent": "execute_spiral_inspection",
      "actions": [
        {
          "type": "mcp",
          "name": "start_mission",
          "args": {}
        },
        {
          "type": "a2a",
          "task": "stream_telemetry",
          "to": "ground_control",
          "payload": {
            "interval_ms": 200,
            "include": [
              "pose",
              "battery",
              "lidar"
            ]
          }
        }
      ],
      "obs": [
        {
          "tool": "start_mission",
          "result": {
            "status": "running",
            "current_lap": 1,
            "progress_pct": 12.0
          }
        },
        {
          "task": "stream_telemetry",
          "from": "ground_control",
          "status": "streaming",
          "payload": {
            "bitrate_kbps": 1500,
            "latency_profile": "stable"
          }
        }
      ],
      "net": {
        "slice": "eMBB",
        "lat_ms": 13,
        "jitter_ms": 2.1,
        "loss_pct": 0.15,
        "throughput_mbps": 880,
        "edge_load": 0.38
      }
    },
    {
      "turn": 8,
      "speaker": "user",
      "intent": "monitor_battery_and_abort_if_risky",
      "actions": [
        {
          "type": "mcp",
          "name": "read_telemetry",
          "args": {}
        }
      ],
      "obs": [
        {
          "tool": "read_telemetry",
          "result": {
            "pose": {
              "x": 195.3,
              "y": 210.7,
              "z": 120.0,
              "yaw": 178.4
            },
            "battery_pct": 88.2,
            "speed_mps": 28.0
          }
        }
      ],
      "net": {
        "slice": "URLLC",
        "lat_ms": 7,
        "jitter_ms": 0.8,
        "loss_pct": 0.01,
        "throughput_mbps": 130,
        "edge_load": 0.29
      }
    },
    {
      "turn": 9,
      "speaker": "agent",
      "intent": "complete_inspection_and_prepare_return",
      "actions": [
        {
          "type": "mcp",
          "name": "complete_mission",
          "args": {}
        },
        {
          "type": "a2a",
          "task": "report_mission_completion",
          "to": "mission_control",
          "payload": {
            "uav_id": "uav-7",
            "tasks_completed": 1,
            "data_volume_gb": 4.7,
            "anomalies_detected": 3
          }
        }
      ],
      "obs": [
        {
          "tool": "complete_mission",
          "result": {
            "status": "success",
            "total_time_s": 139,
            "battery_remaining_pct": 82.1
          }
        },
        {
          "task": "report_mission_completion",
          "from": "mission_control",
          "status": "logged",
          "payload": {
            "archive_id": "arc-2025-7d50530c20bd",
            "next_mission_eta": 3600
          }
        }
      ],
      "net": {
        "slice": "URLLC",
        "lat_ms": 8,
        "jitter_ms": 1.0,
        "loss_pct": 0.01,
        "throughput_mbps": 125,
        "edge_load": 0.3
      }
    },
    {
      "turn": 10,
      "speaker": "user",
      "intent": "command_return_to_home",
      "actions": [
        {
          "type": "mcp",
          "name": "set_waypoint",
          "args": {
            "x": 115.0,
            "y": 115.0,
            "z": 10.0
          }
        }
      ],
      "obs": [
        {
          "tool": "set_waypoint",
          "result": {
            "status": "accepted",
            "eta_s": 42,
            "route_valid": true
          }
        }
      ],
      "net": {
        "slice": "mMTC",
        "lat_ms": 50,
        "jitter_ms": 15,
        "loss_pct": 2.1,
        "throughput_mbps": 0.9,
        "edge_load": 0.8
      }
    },
    {
      "turn": 11,
      "speaker": "agent",
      "intent": "return_to_home_with_network_adaptation",
      "actions": [
        {
          "type": "mcp",
          "name": "execute_maneuver",
          "args": {
            "maneuver": "return_to_home",
            "speed_mps": 25.0
          }
        },
        {
          "type": "a2a",
          "task": "reduce_streaming_quality",
          "to": "ground_control",
          "payload": {
            "bitrate_target_kbps": 300,
            "priority": "telemetry_only"
          }
        }
      ],
      "obs": [
        {
          "tool": "execute_maneuver",
          "result": {
            "status": "in_progress",
            "current_pose": {
              "x": 150.2,
              "y": 160.1,
              "z": 65.0
            },
            "time_remaining_s": 28
          }
        },
        {
          "task": "reduce_streaming_quality",
          "from": "ground_control",
          "status": "adjusted",
          "payload": {
            "actual_bitrate_kbps": 295,
            "streams_active": [
              "pose",
              "battery"
            ]
          }
        }
      ],
      "net": {
        "slice": "mMTC",
        "lat_ms": 52,
        "jitter_ms": 16,
        "loss_pct": 2.3,
        "throughput_mbps": 0.85,
        "edge_load": 0.82
      }
    }
  ],
  "final_state": {
    "domain": "uav",
    "time_s": 240.0,
    "env": {
      "weather": "lightning_risk",
      "wind_mps": 8.0,
      "wind_dir_deg": 210.0
    },
    "airspace": {
      "alt_bounds": [
        0.0,
        250.0
      ],
      "geofence": [
        {
          "type": "polygon",
          "points": [
            [
              100.0,
              100.0
            ],
            [
              300.0,
              100.0
            ],
            [
              300.0,
              300.0
            ],
            [
              100.0,
              300.0
            ]
          ]
        }
      ]
    },
    "uav": {
      "pose": {
        "x": 115.0,
        "y": 115.0,
        "z": 10.0,
        "yaw": 85.0
      },
      "speed_mps": 0.0,
      "energy": {
        "battery_pct": 76.3
      },
      "sensors": {
        "rgb": "ok",
        "thermal": "ok",
        "lidar": "active",
        "radar": "offline",
        "gnss": "ok",
        "imu": "ok",
        "magnetometer": "ok",
        "barometer": "ok"
      },
      "payloads": []
    },
    "policy": {
      "alt_bounds": [
        0.0,
        250.0
      ]
    },
    "safety_flags": {
      "nfz_violation": false,
      "separation_breach": false
    }
  },
  "success": true,
  "_meta": {
    "seed": 42,
    "ts": 1763923070,
    "ts_iso": "2025-11-23T18:37:50Z",
    "gen_time_s": 53.8231999874115,
    "attempts_used": 1,
    "generation_failed": false,
    "usage": {
      "prompt_tokens": 1073,
      "completion_tokens": 4174,
      "total_tokens": 5247,
      "cost": 0.00350838,
      "is_byok": false,
      "prompt_tokens_details": {
        "cached_tokens": 608,
        "audio_tokens": 0,
        "video_tokens": 0
      },
      "cost_details": {
        "upstream_inference_cost": null,
        "upstream_inference_prompt_cost": 0.00016918,
        "upstream_inference_completions_cost": 0.0033392
      },
      "completion_tokens_details": {
        "reasoning_tokens": 0,
        "image_tokens": 0
      }
    }
  }
}