{
  "episode_id": "6gb_prompt_571b72b0f55fa347",
  "questions": [
    {
      "task_id": "T3",
      "task_name": "Intent Drift Detection",
      "source_turn": 8,
      "question": "A mission starts as a routine delivery with stable eMBB and URLLC usage and altitude within policy bounds of 0.5 to 25.0. By turn 6 the network abruptly shifts to mMTC with latency 120 and loss 5.0 while the mission goal is still nominal. In turn 7 the agent reduces telemetry rate even though speed remains 22.0 and battery is 100.0, signaling adaptation rather than abort. At turn 8 the user requests an emergency reroute due to fog with a return to URLLC showing latency 9 and edge load 0.52. The loss over the degraded window ranges from 5.0 to 5.2, creating uncertainty about persistence into the next turn. Historically URLLC had throughput only 120 to 170 compared to eMBB 800 to 900, so capacity is tighter even when latency improves. If degradation persists one more turn, safety intent may dominate over delivery intent despite later resume commands. If recovery holds, resuming delivery minimizes delay but risks oscillation. The agent must decide which signal best indicates a subtle intent drift rather than a temporary adaptation. Which option should be selected?",
      "options": {
        "A": "Treat the emergency reroute at turn 8 with latency 9 and loss 0.03 as a permanent intent shift because URLLC metrics improved immediately.",
        "B": "Flag intent drift when telemetry reduction at turn 7 coincides with mMTC latency around 118 to 120 and loss rising toward 5.2 across turns.",
        "C": "Ignore drift because battery is 100.0 and speed 22.0 remain unchanged, implying delivery intent continuity.",
        "D": "Assume drift only if eMBB throughput below 800 persists for two more turns after turn 10."
      },
      "correct": "B",
      "reason": "The telemetry reduction aligns with a sustained jump in latency from under 10 to about 120 and a loss range that worsens to 5. 2. This change occurs before the explicit reroute request and persists across two turns, indicating intent adaptation under uncertainty. URLLC recovery later reduces latency but introduces capacity risk given much lower throughput. Flagging drift at turn 7 minimizes worst case regret if degradation continues one more turn.",
      "rationale_tag": "INTENT_DRIFT_UNDER_NETWORK_STRESS",
      "difficulty": "very_hard"
    },
    {
      "task_id": "T4",
      "task_name": "Slice Selection Reasoning",
      "source_turn": 10,
      "question": "At turn 10 the UAV resumes normal operations after a reroute and must choose a slice for the final two to three turns of flight in persistent fog. Recent telemetry shows eMBB latency of 10 to 13 ms, jitter of 1.5 to 2.1 ms, loss of 0.08 to 0.1 percent, throughput of 800 to 900 Mbps, and edge load of 0.4 to 0.45. URLLC in the same episode showed latency of 7 to 9 ms, jitter of 0.7 to 1.1 ms, loss of 0.01 to 0.03 percent, throughput of 140 to 170 Mbps, and edge load of 0.38 to 0.52. A degradation event two turns earlier reached edge load 0.88 with latency above 118 ms on mMTC, so recovery is uncertain for the next turns. The final approach requires continuous control updates at speed 22.0 mps and cannot tolerate sustained latency above 10 ms if fog thickens again. Throughput demand is moderate because only RGB sensors are active, but loss spikes would force a go around costing extra battery even from 100 percent. If edge load drifts back toward the upper observed values, URLLC latency may rise toward its worst observed 9 ms while eMBB may rise toward 13 ms. A single turn view favors higher throughput, but a multi turn view must consider worst case persistence of congestion. Considering the next two turns and minimizing maximum regret under worst case load, which slice should be selected?",
      "options": {
        "A": "Select eMBB because 800 to 900 Mbps throughput with 0.4 to 0.45 edge load supports sensors and its mean latency near 10 ms is acceptable now.",
        "B": "Select URLLC because 7 to 9 ms latency and 0.7 to 1.1 ms jitter stay below 10 ms even if edge load increases toward 0.52.",
        "C": "Select a hybrid slice to balance 140 to 170 Mbps throughput with sub 10 ms latency and moderate edge load around 0.5.",
        "D": "Select mMTC because prior degradation is unlikely to repeat and low throughput reduces congestion impact."
      },
      "correct": "C",
      "reason": "Hybrid minimizes worst case regret by keeping latency below the 10 ms threshold while avoiding URLLC edge load expansion toward 0. 52 over multiple turns. eMBB exceeds the latency bound at its observed 13 ms under congestion and would fail if fog driven control demand persists. URLLC alone risks capacity pressure across two turns given its lower throughput and rising edge load, increasing future instability. mMTC already showed catastrophic latency and loss and would repeat that risk if conditions persist.",
      "rationale_tag": "MINIMAX_REGRET_UNDER_CONGESTION",
      "difficulty": "very_hard"
    },
    {
      "task_id": "T5",
      "task_name": "Slice Switching Decision",
      "source_turn": 8,
      "question": "At turn 8 the network returns to URLLC with latency 9 ms, jitter between 1.1 ms and later 1.0 ms, loss 0.03 pct, throughput 140 Mbps, and edge load 0.52. Earlier at turns 6 and 7 the system experienced mMTC with latency 120 ms to 118 ms, jitter 25 ms to 26 ms, loss 5.0 pct to 5.2 pct, throughput 1.2 Mbps to 1.0 Mbps, and edge load rising from 0.88 to 0.89. The eMBB slice observed at turns 4 and 10 shows latency 13 ms and 10 ms, jitter 2.1 ms and 1.5 ms, loss 0.1 pct and 0.08 pct, throughput 800 Mbps and 880 Mbps, and edge load 0.45 and 0.4. The UAV is flying at speed 22.0 mps with battery 100.0 pct and just accepted a higher altitude reroute under fog. Assume jitter may stay at the upper observed bound for the next two turns and edge load may revert toward the last increasing trend. A slice switch now would consume one turn and expose the next turn to the same uncertainty. Over the next one to three turns the mission requires stable control rather than peak throughput. Under a single turn view eMBB appears attractive due to throughput, and under a mean view URLLC appears safest due to low latency. Under a worst case view mMTC remains unacceptable even if it briefly reduces edge load. Considering regret if degradation persists for two more turns, which option should be selected?",
      "options": {
        "A": "Stay on URLLC with latency 9 ms and jitter up to 1.1 ms, accepting throughput 140 Mbps and edge load 0.52.",
        "B": "Switch to eMBB targeting latency 10 to 13 ms with jitter up to 2.1 ms, leveraging throughput 800 to 880 Mbps at edge load 0.4 to 0.45.",
        "C": "Switch to mMTC despite latency 118 to 120 ms and loss above 5.0 pct because edge load may drop below 0.89.",
        "D": "Delay one turn and then switch to eMBB after confirming edge load remains near 0.4."
      },
      "correct": "A",
      "reason": "URLLC keeps worst case latency near ten milliseconds even when jitter is at its upper bound, which maintains control stability. Switching to eMBB adds a turn of exposure and raises worst case delay and jitter over multiple turns despite higher throughput. mMTC fails immediately under worst case latency and loss even if edge load improves. Delaying a switch risks repeating the earlier degradation pattern and increases maximum regret over two turns.",
      "rationale_tag": "MINIMAX_REGRET",
      "difficulty": "very_hard"
    },
    {
      "task_id": "T9",
      "task_name": "Trust-Aware Offloading",
      "source_turn": 6,
      "question": "At turn 6 the UAV experiences a network downgrade while flying at 22.0 mps with battery at 100.0 pct and fog still present. The active slice reports latency of 120 ms, jitter of 25 ms, loss of 5.0 pct, throughput of 1.2 Mbps, and edge_load of 0.88. In the immediately following turn the same slice shows latency of 118 ms, jitter of 26 ms, loss of 5.2 pct, throughput of 1.0 Mbps, and edge_load of 0.89. Earlier URLLC turns showed latency between 7 and 9 ms with edge_load between 0.41 and 0.52, but those conditions have not been sustained for more than one turn. The mission policy constrains altitude between 0.5 and 25.0 and the UAV is currently compliant after the reroute. An operator considers offloading perception to the edge now to reduce onboard compute load. If the degradation persists for the next two turns, worst case loss and jitter would bound edge trustworthiness. If recovery does not occur, future turns would resemble the mMTC pattern rather than the earlier URLLC snapshot. Each candidate action trades immediate relief against possible future rework or safety rollback. Considering worst case network uncertainty and regret over the next three turns, which option should be selected?",
      "options": {
        "A": "Proceed with edge offloading now because latency of 118 to 120 ms is lower than earlier flight time scales and battery remains at 100.0 pct.",
        "B": "Proceed with edge offloading assuming mean conditions since throughput was previously 140 to 170 Mbps on URLLC and edge_load is below 0.9.",
        "C": "Delay offloading for one turn to observe whether loss stabilizes from 5.0 to 5.2 pct while maintaining current local processing.",
        "D": "Reject edge offloading and keep local processing because worst case loss of 5.2 pct with jitter of 26 ms and edge_load near 0.89 could persist for multiple turns."
      },
      "correct": "D",
      "reason": "The mMTC turns show a loss range up to 5. 2 pct and jitter up to 26 ms, which is significantly worse than earlier URLLC snapshots. Edge load near 0. 89 increases the chance that these conditions persist for the next two turns rather than quickly recovering. Under the worst case, offloading would require rollback and reprocessing, creating higher regret than staying local.",
      "rationale_tag": "WORST_CASE_TRUST",
      "difficulty": "very_hard"
    },
    {
      "task_id": "T15",
      "task_name": "Decision Consistency under Replanning",
      "source_turn": 7,
      "question": "At turn 7 the agent has just reduced telemetry after observing a network shift to mMTC with latency between 118 and 120 ms and loss between 5.0 and 5.2 percent. Earlier at turn 5 the system successfully flew under URLLC at 7 ms latency and 0.01 percent loss with edge load around 0.41. At turn 6 edge load spiked to 0.88 to 0.89 while throughput fell from hundreds of Mbps to about 1.0 to 1.2 Mbps. At turn 8 a reroute is approved and the network briefly recovers to URLLC with latency 9 ms jitter 1.1 ms loss 0.03 percent and edge load 0.52. At turn 10 the slice returns to eMBB at 10 ms latency 0.08 percent loss and edge load 0.4 suggesting partial stabilization. Battery is still 100 percent and speed remains 22 mps so mission risk is dominated by communication stability rather than energy. Assume the worst case that the mMTC conditions from turn 6 to 7 can recur for one of the next two turns with the same ranges while fog persists. The agent must choose a consistent replanning policy now to minimize maximum regret over the next two turns without contradicting the earlier reduction in telemetry. Each option trades immediate performance against the risk of another spike in latency jitter loss and edge load. Which option should be selected?",
      "options": {
        "A": "Immediately restore full telemetry and lock the slice to URLLC based on observed 7 to 9 ms latency and loss below 0.03 percent despite prior edge load reaching 0.89.",
        "B": "Keep reduced telemetry but force URLLC whenever edge load is at or below 0.52 as seen at turn 8 to preserve low latency in the next turn.",
        "C": "Return to full telemetry on eMBB since turn 10 shows 10 ms latency 0.08 percent loss and edge load 0.4 indicating recovery.",
        "D": "Maintain reduced telemetry and avoid forcing any slice changes for the next two turns to remain robust if latency returns to 120 ms loss to 5.2 percent and edge load to 0.89."
      },
      "correct": "D",
      "reason": "Option D remains feasible under the worst case of 120 ms latency 5. 2 percent loss and 0. 89 edge load because it does not assume recovery will persist. It is consistent with the earlier telemetry reduction and avoids contradictory oscillations when conditions fluctuate across turns. Options A and B rely on URLLC availability that previously coincided with rising edge load and could fail if degradation recurs.",
      "rationale_tag": "MINIMAX_REGRET_UNDER_UNCERTAINTY",
      "difficulty": "very_hard"
    },
    {
      "task_id": "T19",
      "task_name": "AI Agent Interoperability & Federation",
      "source_turn": 6,
      "question": "At turn 6 the operator observes severe network degradation while the UAV is mid mission and still coordinating with a swarm agent for shared path and state updates. The mMTC slice shows latency of 120 ms with jitter 25 ms and loss 5.0 percent while throughput is only 1.2 Mbps and edge load is 0.88. Earlier successful coordination used URLLC at 8 ms latency and eMBB near 12 ms latency, but slice switching incurs overhead and risks incompatibility between agents. The UAV speed is 22.0 mps with battery at 100.0 percent, so extra coordination delays translate directly into distance flown before corrections. The fog forces operation within altitude bounds of 0.5 to 25.0, and worst case altitude selection may require another reroute over the next two turns. If the next two turns remain at mMTC conditions, shared state may arrive too late to be useful for collision avoidance. If conditions recover to URLLC, aggressive federation could still overload the edge at 0.88 and above. A conservative federation reduces data volume but risks myopic decisions if recovery occurs. The goal is to choose a federation and slice strategy that minimizes worst case regret over the next three turns under uncertain recovery. Which option should be selected?",
      "options": {
        "A": "Maintain full swarm federation over mMTC using 1.2 Mbps despite 120 ms latency and 5.0 percent loss to preserve compatibility immediately.",
        "B": "Switch all agents to URLLC now to target 8 ms latency even though throughput drops to around 140 Mbps and edge load previously reached 0.52.",
        "C": "Defer federation and operate solo for two turns, resuming full sharing only if latency returns near 10 ms on eMBB.",
        "D": "Use partial federation with reduced state over eMBB at about 10 to 13 ms latency while capping edge load near 0.45."
      },
      "correct": "D",
      "reason": "Option D balances latency and load by staying within previously observed eMBB conditions while avoiding the extreme loss and jitter seen on mMTC. Its worst case latency margin remains acceptable across altitude bounds without assuming URLLC capacity will hold. It limits future regret if degradation persists for two more turns because partial state still arrives in time. Other options either fail under worst case loss or rely on optimistic recovery.",
      "rationale_tag": "MINIMAX_REGRET_FEDERATION",
      "difficulty": "very_hard"
    },
    {
      "task_id": "T21",
      "task_name": "Device-Network Task Offload Arbitration",
      "source_turn": 6,
      "question": "At turn 6 the UAV encounters a network downgrade while maintaining speed 22.0 and battery_pct 100.0 during fog. The mMTC slice reports latency 120 and jitter 25 with loss 5.0 and throughput 1.2 and edge_load 0.88, while the immediately following turn shows latency 118 and jitter 26 with loss 5.2 and throughput 1.0 and edge_load 0.89. Earlier turns show eMBB latency 10 to 13 with throughput 800 to 900 and URLLC latency 7 to 9 with throughput 140 to 170 under edge_load near 0.4 to 0.52. The AI task requires sustained inference over the next two turns and can run on device or be offloaded to edge, peer, or cloud. The altitude must remain within 0.5 and 25.0 and no battery recharge occurs in the next three turns. Assume worst case that the mMTC conditions persist one more turn before recovery, and that offloading increases radio usage proportional to throughput shortfall. A myopic choice could exploit the current URLLC slice, but capacity may tighten if edge_load rises from 0.88 to 0.89. A conservative choice could keep inference on device, but compute load affects future maneuvering margin during fog. Peer offload shares the same slice characteristics as mMTC during congestion. Which option should be selected to minimize maximum regret over the next three turns?",
      "options": {
        "A": "Offload to URLLC edge now because latency 8 to 9 and jitter 1.0 keep response fast despite throughput 140 to 170 and edge_load around 0.5.",
        "B": "Offload to cloud over mMTC since throughput 1.0 to 1.2 is nonzero and battery is 100.0 so retries are tolerable.",
        "C": "Keep inference on device to avoid 118 to 120 latency and 5.0 to 5.2 loss, accepting local compute cost at speed 22.0.",
        "D": "Offload to a peer because shared mMTC load 0.88 to 0.89 spreads risk while staying within altitude bounds 0.5 to 25.0."
      },
      "correct": "C",
      "reason": "The worst case combines 120 latency with 26 jitter and over 5. 0 loss for at least one more turn, which breaks remote inference stability even if averages seem acceptable. URLLC appears good now but edge_load has already climbed to 0. 52 and earlier spikes to 0. 88 show capacity risk over multiple turns.",
      "rationale_tag": "MINIMAX_REGRET",
      "difficulty": "very_hard"
    },
    {
      "task_id": "T23",
      "task_name": "Network-Assisted Digital Twin Control",
      "source_turn": 6,
      "question": "At turn 6 the digital twin receives telemetry over mMTC with latency reported as 120 ms, jitter 25 ms, loss 5.0 percent, throughput 1.2 Mbps, and edge load 0.88. At turn 7 the same slice shows latency 118 ms, jitter 26 ms, loss 5.2 percent, throughput 1.0 Mbps, and edge load 0.89 after telemetry reduction. The UAV is flying at 22.0 mps with battery at 100.0 percent and must stay within altitude bounds of 0.5 to 25.0 meters in dense fog. URLLC is available as seen at turns 8 and 9 with latency 9 ms to 8 ms, jitter 1.1 ms to 1.0 ms, loss 0.03 percent to 0.02 percent, throughput 140 to 160 Mbps, and edge load around 0.52 to 0.5. eMBB is also available as seen at turns 4 and 10 with latency 13 ms to 10 ms, jitter 2.1 ms to 1.5 ms, loss 0.1 percent to 0.08 percent, throughput 800 to 880 Mbps, and edge load 0.45 to 0.4. Assume the fog persists and network conditions may remain at their worst observed values for the next two turns. The digital twin must support command feedback during a possible reroute while avoiding overload that could cascade into loss of control. A single turn improvement is insufficient if the following turn degrades. Considering worst case latency and load over the next two turns, which network supply strategy should be selected?",
      "options": {
        "A": "Keep mMTC with reduced telemetry since latency dropped to 118 ms and throughput remains at 1.0 Mbps, accepting edge load near 0.89 for the next turns.",
        "B": "Switch immediately to URLLC for full twin synchronization because latency is 8 to 9 ms and loss is below 0.03 percent, despite edge load around 0.52.",
        "C": "Switch to eMBB for twin state and commands since throughput is 800 to 880 Mbps with latency 10 to 13 ms and edge load no higher than 0.45.",
        "D": "Hybrid strategy keeping commands on URLLC and bulk twin telemetry on eMBB, tolerating combined edge loads of 0.52 and 0.45 across slices."
      },
      "correct": "D",
      "reason": "The worst case mMTC latency and loss remain high and edge load is projected to worsen, making option A fragile over two turns. Pure URLLC in option B minimizes latency but concentrates load on a slice already above 0. 5 and risks regret if demand persists. Pure eMBB in option C handles throughput but has higher latency and jitter than URLLC during a reroute. The hybrid option spreads load while keeping low latency commands and high throughput telemetry, which minimizes maximum regret if poor conditions persist for another turn.",
      "rationale_tag": "MINIMAX_REGRET_UNDER_WORST_CASE",
      "difficulty": "very_hard"
    },
    {
      "task_id": "T24",
      "task_name": "Sensing-Enhanced Decisioning (ISAC)",
      "source_turn": 6,
      "question": "At turn 6 the UAV is in fog with thermal and radar offline while RGB and LiDAR are available and GNSS is stable. The network abruptly shifts to mMTC with latency 120 ms, jitter 25 ms, loss 5.0 percent, throughput 1.2 Mbps, and edge load 0.88. In the prior turn the network showed loss 5.2 percent and throughput 1.0 Mbps, establishing a plausible worst case over the next two turns. Policy altitude bounds remain 0.5 to 25.0 m and the UAV is flying at 22.0 mps, so perception latency directly affects collision margin. RGB streaming alone previously operated under eMBB at 800 to 900 Mbps, while URLLC earlier sustained only 120 to 170 Mbps. The operator must choose a sensing and fusion strategy that the network should provide for the next one to three turns assuming degradation may persist. If perception exceeds network tolerance for one more turn, rerouting at higher altitude could violate the fog safety intent even if policy bounds are met. Conversely, overconstraining sensing could reduce situational awareness in fog. Each option below has a near term cost and a future risk under uncertain recovery. The decision must minimize worst case regret across the next two turns rather than optimize the current snapshot. Which option should be selected?",
      "options": {
        "A": "Provide full RGB plus LiDAR raw-stream fusion over mMTC using current 1.2 Mbps despite 5.0 to 5.2 percent loss, accepting temporary backlog growth.",
        "B": "Provide RGB only with aggressive downsampling sized for 1.0 to 1.2 Mbps, deferring LiDAR entirely until edge load drops below 0.45.",
        "C": "Provide LiDAR-only sparse point fusion with edge preprocessing, targeting tolerance to 120 ms latency and 25 to 26 ms jitter while keeping throughput under 1.2 Mbps.",
        "D": "Switch to URLLC and provide RGB plus LiDAR feature-level fusion at 120 to 170 Mbps, assuming edge load will fall from 0.88 to 0.52 as seen earlier."
      },
      "correct": "C",
      "reason": "The LiDAR sparse fusion fits within the observed worst case throughput while remaining usable under 120 ms latency and 25 ms jitter. RGB based options implicitly require far more than 1. 2 Mbps and fail if loss stays near 5. 2 percent for another turn. Switching to URLLC assumes recovery in edge load that is not guaranteed and risks overload if mMTC conditions persist.",
      "rationale_tag": "MINIMAX_REGRET_UNDER_UNCERTAINTY",
      "difficulty": "very_hard"
    },
    {
      "task_id": "T25",
      "task_name": "AI-Agent-based Disaster / Public-Safety Coordination",
      "source_turn": 6,
      "question": "At turn 6 the UAV experiences a sharp network degradation while operating in fog with wind at 3.0 mps and remaining battery at 100.0 percent. The mMTC slice shows latency of 120 ms, jitter of 25 ms, loss of 5.0 percent, throughput of 1.2 Mbps and edge load of 0.88. Earlier URLLC operation in turns 5 and 9 showed latency between 7 and 8 ms, jitter between 0.8 and 1.0 ms, loss near 0.01 to 0.02 percent and edge load near 0.41 to 0.50. The airspace altitude policy allows a range from 0.5 to 25.0 meters, and the reroute in turn 8 already moved the UAV upward within that bound. Assume fog density may persist for the next two turns and network conditions may remain at the worst values observed for each slice. If edge load trends continue similarly, mMTC edge load may increase by a comparable increment as seen from turn 6 to 7, while URLLC may fluctuate within its prior range. The operator must choose a coordination and slice strategy now that minimizes worst case operational regret over the next two turns rather than optimizing only the current turn. One option favors immediate safety signaling, one favors throughput recovery, one favors conservative autonomy, and one favors mixed coordination with escalation. Which option should be selected?",
      "options": {
        "A": "Lock the UAV to URLLC for the next two turns and escalate to swarm coordination, accepting edge load around 0.50 and low throughput near 150 Mbps to preserve low latency under fog.",
        "B": "Remain on mMTC with reduced telemetry at 1.0 to 1.2 Mbps and avoid escalation, relying on autonomy while edge load stays near 0.89.",
        "C": "Switch back to eMBB to regain throughput near 800 to 900 Mbps and moderate latency near 10 to 13 ms, assuming the degradation was transient.",
        "D": "Use URLLC only for command and control while keeping bulk telemetry deferred, and prepare escalation if edge load rises above its recent 0.52 level."
      },
      "correct": "D",
      "reason": "This option balances low latency control with reduced future edge load growth by not saturating URLLC with bulk data. It remains valid even if fog and degradation persist for two more turns because URLLC latency stays near single digit milliseconds while projected edge load remains below the mMTC worst case. Pure URLLC risks future congestion, while mMTC fails under worst case loss and latency, and eMBB assumes recovery that may not occur. The mixed approach minimizes maximum regret across plausible futures.",
      "rationale_tag": "MINIMAX_REGRET_UNDER_NETWORK_DEGRADATION",
      "difficulty": "very_hard"
    },
    {
      "task_id": "T29",
      "task_name": "Immersive/AR Resource Prioritization",
      "source_turn": 10,
      "question": "At turn 10 an immersive AR guidance overlay is resumed for final approach while network metrics show eMBB latency 10 ms, jitter 1.5 ms, loss 0.08 percent, throughput 880 Mbps, and edge load 0.4. In earlier turns the same session experienced mMTC degradation with latency between 118 and 120 ms, jitter 25 to 26 ms, loss around 5 percent, throughput near 1.0 to 1.2 Mbps, and edge load up to 0.89. URLLC moments in turns 8 and 9 delivered latency 8 to 9 ms, jitter 1.0 to 1.1 ms, throughput 140 to 160 Mbps, and edge load around 0.5. The AR pipeline requires both low motion latency and sustained video throughput over the next two turns during fog where recovery is uncertain. Assume the edge load could increase next turn by the same 0.12 jump observed from 0.38 to 0.5 previously if congestion recurs. One option prioritizes current turn smoothness, another spreads resources for fairness, another anticipates worst case recurrence, and another locks low latency but caps bandwidth. If mMTC conditions reappear for one of the next two turns, only one choice keeps worst case latency bounded while avoiding starvation of the AR video stream. Considering worst case latency, projected edge load, and regret over two turns, which option should be selected?",
      "options": {
        "A": "Keep eMBB with 880 Mbps at edge load 0.4 to maximize current visual fidelity despite possible jump toward 0.52 or higher.",
        "B": "Switch fully to URLLC with 8 to 9 ms latency and 140 to 160 Mbps even if edge load holds near 0.5.",
        "C": "Allocate a mixed slice reserving URLLC latency for control and eMBB throughput capped near 800 Mbps to keep projected edge load below 0.52.",
        "D": "Defer AR updates and accept mMTC-like throughput around 1.2 Mbps to minimize edge load risk if latency rises toward 120 ms."
      },
      "correct": "C",
      "reason": "Option C balances latency and throughput using margins seen in both URLLC and eMBB states while keeping projected edge load below the 0. 52 level observed during reroute. It avoids the worst case 118 to 120 ms latency risk that would break immersion if mMTC recurs for a turn. Pure eMBB optimizes the current turn but risks congestion regret if edge load jumps. Pure URLLC protects latency but incurs future regret from insufficient throughput for AR video over two turns.",
      "rationale_tag": "MINIMAX_REGRET",
      "difficulty": "very_hard"
    }
  ]
}