{
  "initial_state": {
    "domain": "uav",
    "time_s": 0.0,
    "env": {
      "weather": "good",
      "wind_mps": 8.0,
      "wind_dir_deg": 270.0
    },
    "airspace": {
      "alt_bounds": [
        15.0,
        120.0
      ],
      "geofence": [
        {
          "type": "polygon",
          "points": [
            [
              0.0,
              0.0
            ],
            [
              800.0,
              0.0
            ],
            [
              800.0,
              600.0
            ],
            [
              0.0,
              600.0
            ]
          ]
        }
      ]
    },
    "uav": {
      "pose": {
        "x": 50.0,
        "y": 50.0,
        "z": 50.0,
        "yaw": 90.0
      },
      "speed_mps": 18.0,
      "energy": {
        "battery_pct": 100.0
      },
      "sensors": {
        "rgb": "ok",
        "thermal": "ok",
        "lidar": "ok",
        "radar": "offline",
        "gnss": "ok",
        "imu": "ok",
        "magnetometer": "ok",
        "barometer": "ok"
      },
      "payloads": []
    },
    "policy": {
      "alt_bounds": [
        15.0,
        120.0
      ]
    },
    "safety_flags": {
      "nfz_violation": false,
      "separation_breach": false
    }
  },
  "dialogue": [
    {
      "turn": 1,
      "speaker": "agent",
      "intent": "initiate_recon_mission",
      "actions": [
        {
          "type": "mcp",
          "name": "read_telemetry",
          "args": {}
        },
        {
          "type": "a2a",
          "task": "request_swarm_coverage",
          "to": "uav_swarm_agent",
          "payload": {
            "target_area": [
              100.0,
              100.0,
              700.0,
              500.0
            ],
            "priority": "high"
          }
        }
      ],
      "obs": [
        {
          "tool": "read_telemetry",
          "result": {
            "pose": {
              "x": 50.0,
              "y": 50.0,
              "z": 50.0
            },
            "battery_pct": 100.0,
            "speed_mps": 18.0
          }
        },
        {
          "task": "request_swarm_coverage",
          "from": "uav_swarm_agent",
          "status": "acknowledged",
          "payload": {
            "assigned_uavs": 3,
            "estimated_completion": "120s"
          }
        }
      ],
      "net": {
        "slice": "eMBB",
        "lat_ms": 12,
        "jitter_ms": 2,
        "loss_pct": 0.1,
        "throughput_mbps": 850,
        "edge_load": 0.35
      }
    },
    {
      "turn": 2,
      "speaker": "user",
      "intent": "confirm_mission_start",
      "actions": [
        {
          "type": "mcp",
          "name": "set_mission_param",
          "args": {
            "param": "auto_capture",
            "value": true
          }
        }
      ],
      "obs": [
        {
          "tool": "set_mission_param",
          "result": {
            "param": "auto_capture",
            "value": true,
            "status": "applied"
          }
        }
      ],
      "net": {
        "slice": "eMBB",
        "lat_ms": 11,
        "jitter_ms": 1.8,
        "loss_pct": 0.05,
        "throughput_mbps": 900,
        "edge_load": 0.3
      }
    },
    {
      "turn": 3,
      "speaker": "agent",
      "intent": "navigate_to_first_waypoint",
      "actions": [
        {
          "type": "mcp",
          "name": "set_waypoint",
          "args": {
            "x": 200.0,
            "y": 150.0,
            "z": 60.0
          }
        },
        {
          "type": "mcp",
          "name": "activate_sensor",
          "args": {
            "sensor": "rgb"
          }
        }
      ],
      "obs": [
        {
          "tool": "set_waypoint",
          "result": {
            "status": "accepted",
            "eta_s": 15.2
          }
        },
        {
          "tool": "activate_sensor",
          "result": {
            "sensor": "rgb",
            "status": "active"
          }
        }
      ],
      "net": {
        "slice": "URLLC",
        "lat_ms": 8,
        "jitter_ms": 1.2,
        "loss_pct": 0.02,
        "throughput_mbps": 120,
        "edge_load": 0.4
      }
    },
    {
      "turn": 4,
      "speaker": "user",
      "intent": "request_thermal_imaging",
      "actions": [
        {
          "type": "mcp",
          "name": "activate_sensor",
          "args": {
            "sensor": "thermal"
          }
        }
      ],
      "obs": [
        {
          "tool": "activate_sensor",
          "result": {
            "sensor": "thermal",
            "status": "active"
          }
        }
      ],
      "net": {
        "slice": "URLLC",
        "lat_ms": 9,
        "jitter_ms": 1.5,
        "loss_pct": 0.01,
        "throughput_mbps": 110,
        "edge_load": 0.42
      }
    },
    {
      "turn": 5,
      "speaker": "agent",
      "intent": "detect_anomaly",
      "actions": [
        {
          "type": "mcp",
          "name": "run_analysis",
          "args": {
            "algorithm": "thermal_anomaly_detect",
            "params": {
              "threshold_c": 5.0
            }
          }
        }
      ],
      "obs": [
        {
          "tool": "run_analysis",
          "result": {
            "anomaly_found": true,
            "location": {
              "x": 205.3,
              "y": 152.1,
              "z": 60.0
            },
            "temp_delta_c": 7.2
          }
        }
      ],
      "net": {
        "slice": "eMBB",
        "lat_ms": 25,
        "jitter_ms": 5,
        "loss_pct": 0.5,
        "throughput_mbps": 700,
        "edge_load": 0.6
      }
    },
    {
      "turn": 6,
      "speaker": "user",
      "intent": "investigate_anomaly",
      "actions": [
        {
          "type": "mcp",
          "name": "set_waypoint",
          "args": {
            "x": 205.0,
            "y": 152.0,
            "z": 45.0
          }
        }
      ],
      "obs": [
        {
          "tool": "set_waypoint",
          "result": {
            "status": "accepted",
            "eta_s": 8.7
          }
        }
      ],
      "net": {
        "slice": "URLLC",
        "lat_ms": 7,
        "jitter_ms": 1.0,
        "loss_pct": 0.01,
        "throughput_mbps": 130,
        "edge_load": 0.45
      }
    },
    {
      "turn": 7,
      "speaker": "agent",
      "intent": "capture_closeup",
      "actions": [
        {
          "type": "mcp",
          "name": "capture_image",
          "args": {
            "mode": "high_res",
            "sensors": [
              "rgb",
              "thermal"
            ]
          }
        }
      ],
      "obs": [
        {
          "tool": "capture_image",
          "result": {
            "status": "success",
            "image_id": "IMG_205",
            "storage_used_mb": 45.2
          }
        }
      ],
      "net": {
        "slice": "mMTC",
        "lat_ms": 50,
        "jitter_ms": 10,
        "loss_pct": 2.0,
        "throughput_mbps": 1.5,
        "edge_load": 0.8
      }
    },
    {
      "turn": 8,
      "speaker": "user",
      "intent": "report_anomaly_and_return",
      "actions": [
        {
          "type": "a2a",
          "task": "submit_anomaly_report",
          "to": "central_command_agent",
          "payload": {
            "anomaly_id": "ANOM_8812",
            "location": {
              "x": 205.3,
              "y": 152.1,
              "z": 60.0
            },
            "severity": "medium"
          }
        }
      ],
      "obs": [
        {
          "task": "submit_anomaly_report",
          "from": "central_command_agent",
          "status": "received",
          "payload": {
            "ack_id": "ACK_9921",
            "next_steps": "return_to_base"
          }
        }
      ],
      "net": {
        "slice": "URLLC",
        "lat_ms": 10,
        "jitter_ms": 2.1,
        "loss_pct": 0.03,
        "throughput_mbps": 100,
        "edge_load": 0.5
      }
    },
    {
      "turn": 9,
      "speaker": "agent",
      "intent": "return_to_base",
      "actions": [
        {
          "type": "mcp",
          "name": "set_waypoint",
          "args": {
            "x": 50.0,
            "y": 50.0,
            "z": 50.0
          }
        },
        {
          "type": "mcp",
          "name": "deactivate_sensor",
          "args": {
            "sensor": "thermal"
          }
        }
      ],
      "obs": [
        {
          "tool": "set_waypoint",
          "result": {
            "status": "accepted",
            "eta_s": 22.4
          }
        },
        {
          "tool": "deactivate_sensor",
          "result": {
            "sensor": "thermal",
            "status": "deactivated"
          }
        }
      ],
      "net": {
        "slice": "URLLC",
        "lat_ms": 9,
        "jitter_ms": 1.3,
        "loss_pct": 0.02,
        "throughput_mbps": 115,
        "edge_load": 0.48
      }
    },
    {
      "turn": 10,
      "speaker": "user",
      "intent": "monitor_return",
      "actions": [
        {
          "type": "mcp",
          "name": "read_telemetry",
          "args": {}
        }
      ],
      "obs": [
        {
          "tool": "read_telemetry",
          "result": {
            "pose": {
              "x": 120.5,
              "y": 98.3,
              "z": 50.0
            },
            "battery_pct": 78.4,
            "speed_mps": 16.2
          }
        }
      ],
      "net": {
        "slice": "mMTC",
        "lat_ms": 60,
        "jitter_ms": 15,
        "loss_pct": 3.5,
        "throughput_mbps": 0.8,
        "edge_load": 0.9
      }
    },
    {
      "turn": 11,
      "speaker": "agent",
      "intent": "land_safely",
      "actions": [
        {
          "type": "mcp",
          "name": "execute_landing",
          "args": {
            "target": "home"
          }
        }
      ],
      "obs": [
        {
          "tool": "execute_landing",
          "result": {
            "status": "completed",
            "final_battery_pct": 72.1,
            "landing_time_s": 28.1
          }
        }
      ],
      "net": {
        "slice": "URLLC",
        "lat_ms": 6,
        "jitter_ms": 0.8,
        "loss_pct": 0.01,
        "throughput_mbps": 150,
        "edge_load": 0.4
      }
    }
  ],
  "final_state": {
    "domain": "uav",
    "time_s": 120.5,
    "env": {
      "weather": "good",
      "wind_mps": 8.0,
      "wind_dir_deg": 270.0
    },
    "airspace": {
      "alt_bounds": [
        15.0,
        120.0
      ],
      "geofence": [
        {
          "type": "polygon",
          "points": [
            [
              0.0,
              0.0
            ],
            [
              800.0,
              0.0
            ],
            [
              800.0,
              600.0
            ],
            [
              0.0,
              600.0
            ]
          ]
        }
      ]
    },
    "uav": {
      "pose": {
        "x": 50.0,
        "y": 50.0,
        "z": 0.0,
        "yaw": 90.0
      },
      "speed_mps": 0.0,
      "energy": {
        "battery_pct": 72.1
      },
      "sensors": {
        "rgb": "ok",
        "thermal": "ok",
        "lidar": "ok",
        "radar": "offline",
        "gnss": "ok",
        "imu": "ok",
        "magnetometer": "ok",
        "barometer": "ok"
      },
      "payloads": []
    },
    "policy": {
      "alt_bounds": [
        15.0,
        120.0
      ]
    },
    "safety_flags": {
      "nfz_violation": false,
      "separation_breach": false
    }
  },
  "success": true,
  "_meta": {
    "seed": 42,
    "ts": 1763872365,
    "ts_iso": "2025-11-23T04:32:45Z",
    "gen_time_s": 43.16205716133118,
    "attempts_used": 1,
    "generation_failed": false,
    "usage": {
      "prompt_tokens": 1061,
      "completion_tokens": 3509,
      "total_tokens": 4570,
      "cost": 0.00297198,
      "is_byok": false,
      "prompt_tokens_details": {
        "cached_tokens": 624,
        "audio_tokens": 0,
        "video_tokens": 0
      },
      "cost_details": {
        "upstream_inference_cost": null,
        "upstream_inference_prompt_cost": 0.00016478,
        "upstream_inference_completions_cost": 0.0028072
      },
      "completion_tokens_details": {
        "reasoning_tokens": 0,
        "image_tokens": 0
      }
    }
  }
}