{
  "initial_state": {
    "domain": "uav",
    "time_s": 0.0,
    "env": {
      "weather": "microburst_risk",
      "wind_mps": 8.5,
      "wind_dir_deg": 270.0
    },
    "airspace": {
      "alt_bounds": [
        15.0,
        120.0
      ],
      "geofence": [
        {
          "type": "polygon",
          "points": [
            [
              0.0,
              0.0
            ],
            [
              200.0,
              0.0
            ],
            [
              200.0,
              300.0
            ],
            [
              0.0,
              300.0
            ]
          ]
        }
      ]
    },
    "uav": {
      "pose": {
        "x": 10.0,
        "y": 10.0,
        "z": 25.0,
        "yaw": 90.0
      },
      "speed_mps": 18.0,
      "energy": {
        "battery_pct": 100.0
      },
      "sensors": {
        "rgb": "ok",
        "thermal": "offline",
        "lidar": "ok",
        "radar": "offline",
        "gnss": "ok",
        "imu": "ok",
        "magnetometer": "ok",
        "barometer": "ok"
      },
      "payloads": []
    },
    "policy": {
      "alt_bounds": [
        15.0,
        120.0
      ]
    },
    "safety_flags": {
      "nfz_violation": false,
      "separation_breach": false
    }
  },
  "dialogue": [
    {
      "turn": 1,
      "speaker": "agent",
      "intent": "initiate_mission_and_check_telemetry",
      "actions": [
        {
          "type": "mcp",
          "name": "read_telemetry",
          "args": {}
        }
      ],
      "obs": [
        {
          "tool": "read_telemetry",
          "result": {
            "pose": {
              "x": 10.0,
              "y": 10.0,
              "z": 25.0,
              "yaw": 90.0
            },
            "speed_mps": 18.0,
            "battery_pct": 100.0,
            "sensors": {
              "rgb": "ok",
              "thermal": "offline",
              "lidar": "ok",
              "radar": "offline"
            }
          }
        }
      ],
      "net": {
        "slice": "URLLC",
        "lat_ms": 3.2,
        "jitter_ms": 0.8,
        "loss_pct": 0.1,
        "throughput_mbps": 50,
        "edge_load": 0.35
      }
    },
    {
      "turn": 2,
      "speaker": "user",
      "intent": "confirm_mission_start",
      "actions": [],
      "obs": [],
      "net": {
        "slice": "URLLC",
        "lat_ms": 3.1,
        "jitter_ms": 0.7,
        "loss_pct": 0.1,
        "throughput_mbps": 52,
        "edge_load": 0.36
      }
    },
    {
      "turn": 3,
      "speaker": "agent",
      "intent": "request_swarm_coordination_for_path",
      "actions": [
        {
          "type": "a2a",
          "task": "path_planning",
          "to": "uav_swarm_agent",
          "payload": {
            "target": [
              180.0,
              280.0,
              100.0
            ],
            "current_pose": {
              "x": 10.0,
              "y": 10.0,
              "z": 25.0
            }
          }
        }
      ],
      "obs": [
        {
          "task": "path_planning",
          "from": "uav_swarm_agent",
          "status": "ok",
          "payload": {
            "waypoints": [
              [
                50.0,
                50.0,
                60.0
              ],
              [
                120.0,
                180.0,
                90.0
              ],
              [
                180.0,
                280.0,
                100.0
              ]
            ],
            "eta_s": 142.0
          }
        }
      ],
      "net": {
        "slice": "eMBB",
        "lat_ms": 12.5,
        "jitter_ms": 2.1,
        "loss_pct": 0.3,
        "throughput_mbps": 120,
        "edge_load": 0.68
      }
    },
    {
      "turn": 4,
      "speaker": "user",
      "intent": "approve_path_and_enable_sensors",
      "actions": [
        {
          "type": "mcp",
          "name": "enable_sensor",
          "args": {
            "sensor": "thermal"
          }
        }
      ],
      "obs": [
        {
          "tool": "enable_sensor",
          "result": {
            "sensor": "thermal",
            "status": "failed",
            "reason": "hardware_fault"
          }
        }
      ],
      "net": {
        "slice": "eMBB",
        "lat_ms": 13.0,
        "jitter_ms": 2.3,
        "loss_pct": 0.4,
        "throughput_mbps": 115,
        "edge_load": 0.71
      }
    },
    {
      "turn": 5,
      "speaker": "agent",
      "intent": "adjust_route_due_to_weather_and_network",
      "actions": [
        {
          "type": "mcp",
          "name": "update_flight_path",
          "args": {
            "waypoints": [
              [
                60.0,
                60.0,
                70.0
              ],
              [
                130.0,
                190.0,
                95.0
              ],
              [
                180.0,
                280.0,
                100.0
              ]
            ]
          }
        }
      ],
      "obs": [
        {
          "tool": "update_flight_path",
          "result": {
            "status": "success",
            "exec_time_s": 0.8
          }
        }
      ],
      "net": {
        "slice": "URLLC",
        "lat_ms": 4.1,
        "jitter_ms": 1.0,
        "loss_pct": 0.2,
        "throughput_mbps": 45,
        "edge_load": 0.42
      }
    },
    {
      "turn": 6,
      "speaker": "user",
      "intent": "request_status_update",
      "actions": [
        {
          "type": "mcp",
          "name": "read_telemetry",
          "args": {}
        }
      ],
      "obs": [
        {
          "tool": "read_telemetry",
          "result": {
            "pose": {
              "x": 58.3,
              "y": 59.1,
              "z": 68.4,
              "yaw": 88.7
            },
            "speed_mps": 17.2,
            "battery_pct": 94.3,
            "wind_mps": 9.1
          }
        }
      ],
      "net": {
        "slice": "URLLC",
        "lat_ms": 3.8,
        "jitter_ms": 0.9,
        "loss_pct": 0.1,
        "throughput_mbps": 48,
        "edge_load": 0.4
      }
    },
    {
      "turn": 7,
      "speaker": "agent",
      "intent": "detect_network_degradation_and_adapt",
      "actions": [
        {
          "type": "mcp",
          "name": "throttle_sensor_streaming",
          "args": {
            "target_bandwidth_kbps": 512
          }
        }
      ],
      "obs": [
        {
          "tool": "throttle_sensor_streaming",
          "result": {
            "status": "applied",
            "sensors_affected": [
              "rgb",
              "lidar"
            ]
          }
        }
      ],
      "net": {
        "slice": "mMTC",
        "lat_ms": 25.0,
        "jitter_ms": 8.0,
        "loss_pct": 2.1,
        "throughput_mbps": 1.2,
        "edge_load": 0.89
      }
    },
    {
      "turn": 8,
      "speaker": "user",
      "intent": "instruct_emergency_hover",
      "actions": [
        {
          "type": "mcp",
          "name": "set_mode",
          "args": {
            "mode": "hover"
          }
        }
      ],
      "obs": [
        {
          "tool": "set_mode",
          "result": {
            "mode": "hover",
            "status": "confirmed",
            "timestamp": 87.3
          }
        }
      ],
      "net": {
        "slice": "URLLC",
        "lat_ms": 2.9,
        "jitter_ms": 0.6,
        "loss_pct": 0.05,
        "throughput_mbps": 55,
        "edge_load": 0.33
      }
    },
    {
      "turn": 9,
      "speaker": "agent",
      "intent": "resume_mission_after_storm_awareness",
      "actions": [
        {
          "type": "mcp",
          "name": "read_weather_alert",
          "args": {}
        }
      ],
      "obs": [
        {
          "tool": "read_weather_alert",
          "result": {
            "alert": "microburst_dissipating",
            "risk_level": "low",
            "valid_until_s": 120.0
          }
        }
      ],
      "net": {
        "slice": "URLLC",
        "lat_ms": 3.3,
        "jitter_ms": 0.7,
        "loss_pct": 0.1,
        "throughput_mbps": 51,
        "edge_load": 0.37
      }
    },
    {
      "turn": 10,
      "speaker": "user",
      "intent": "authorize_resumed_flight",
      "actions": [
        {
          "type": "mcp",
          "name": "set_mode",
          "args": {
            "mode": "waypoint"
          }
        }
      ],
      "obs": [
        {
          "tool": "set_mode",
          "result": {
            "mode": "waypoint",
            "status": "engaged"
          }
        }
      ],
      "net": {
        "slice": "URLLC",
        "lat_ms": 3.0,
        "jitter_ms": 0.6,
        "loss_pct": 0.08,
        "throughput_mbps": 53,
        "edge_load": 0.35
      }
    },
    {
      "turn": 11,
      "speaker": "agent",
      "intent": "confirm_arrival_and_complete_mission",
      "actions": [
        {
          "type": "mcp",
          "name": "read_telemetry",
          "args": {}
        }
      ],
      "obs": [
        {
          "tool": "read_telemetry",
          "result": {
            "pose": {
              "x": 179.8,
              "y": 279.5,
              "z": 99.7,
              "yaw": 89.2
            },
            "speed_mps": 0.3,
            "battery_pct": 88.1,
            "status": "on_target"
          }
        }
      ],
      "net": {
        "slice": "URLLC",
        "lat_ms": 3.4,
        "jitter_ms": 0.8,
        "loss_pct": 0.1,
        "throughput_mbps": 49,
        "edge_load": 0.38
      }
    }
  ],
  "final_state": {
    "domain": "uav",
    "time_s": 118.0,
    "env": {
      "weather": "clearing",
      "wind_mps": 6.2,
      "wind_dir_deg": 275.0
    },
    "airspace": {
      "alt_bounds": [
        15.0,
        120.0
      ],
      "geofence": [
        {
          "type": "polygon",
          "points": [
            [
              0.0,
              0.0
            ],
            [
              200.0,
              0.0
            ],
            [
              200.0,
              300.0
            ],
            [
              0.0,
              300.0
            ]
          ]
        }
      ]
    },
    "uav": {
      "pose": {
        "x": 179.8,
        "y": 279.5,
        "z": 99.7,
        "yaw": 89.2
      },
      "speed_mps": 0.3,
      "energy": {
        "battery_pct": 88.1
      },
      "sensors": {
        "rgb": "throttled",
        "thermal": "offline",
        "lidar": "throttled",
        "radar": "offline",
        "gnss": "ok",
        "imu": "ok",
        "magnetometer": "ok",
        "barometer": "ok"
      },
      "payloads": []
    },
    "policy": {
      "alt_bounds": [
        15.0,
        120.0
      ]
    },
    "safety_flags": {
      "nfz_violation": false,
      "separation_breach": false
    }
  },
  "success": true,
  "_meta": {
    "seed": 42,
    "ts": 1764052035,
    "ts_iso": "2025-11-25T06:27:15Z",
    "gen_time_s": 50.97762751579285,
    "attempts_used": 1,
    "generation_failed": false,
    "usage": {
      "prompt_tokens": 1063,
      "completion_tokens": 3383,
      "total_tokens": 4446,
      "cost": 0.00286986,
      "is_byok": false,
      "prompt_tokens_details": {
        "cached_tokens": 640,
        "audio_tokens": 0,
        "video_tokens": 0
      },
      "cost_details": {
        "upstream_inference_cost": null,
        "upstream_inference_prompt_cost": 0.00016346,
        "upstream_inference_completions_cost": 0.0027064
      },
      "completion_tokens_details": {
        "reasoning_tokens": 0,
        "image_tokens": 0
      }
    }
  }
}