{
  "initial_state": {
    "domain": "uav",
    "time_s": 0.0,
    "env": {
      "weather": "good",
      "wind_mps": 8.5,
      "wind_dir_deg": 270.0
    },
    "airspace": {
      "alt_bounds": [
        10.0,
        120.0
      ],
      "geofence": [
        {
          "type": "polygon",
          "points": [
            [
              0.0,
              0.0
            ],
            [
              200.0,
              0.0
            ],
            [
              200.0,
              150.0
            ],
            [
              0.0,
              150.0
            ]
          ]
        }
      ]
    },
    "uav": {
      "pose": {
        "x": 10.0,
        "y": 10.0,
        "z": 25.0,
        "yaw": 90.0
      },
      "speed_mps": 15.0,
      "energy": {
        "battery_pct": 100.0
      },
      "sensors": {
        "rgb": "ok",
        "thermal": "offline",
        "lidar": "offline",
        "radar": "offline",
        "gnss": "ok",
        "imu": "ok",
        "magnetometer": "ok",
        "barometer": "ok"
      },
      "payloads": []
    },
    "policy": {
      "alt_bounds": [
        10.0,
        120.0
      ]
    },
    "safety_flags": {
      "nfz_violation": false,
      "separation_breach": false
    }
  },
  "dialogue": [
    {
      "turn": 1,
      "speaker": "agent",
      "intent": "initiate mission and check telemetry",
      "actions": [
        {
          "type": "mcp",
          "name": "read_telemetry",
          "args": {}
        }
      ],
      "obs": [
        {
          "tool": "read_telemetry",
          "result": {
            "pose": {
              "x": 10.0,
              "y": 10.0,
              "z": 25.0,
              "yaw": 90.0
            },
            "speed_mps": 15.0,
            "battery_pct": 100.0,
            "sensors": {
              "rgb": "ok",
              "thermal": "offline",
              "lidar": "offline",
              "radar": "offline"
            }
          }
        }
      ],
      "net": {
        "slice": "eMBB",
        "lat_ms": 12,
        "jitter_ms": 2,
        "loss_pct": 0.1,
        "throughput_mbps": 850,
        "edge_load": 0.35
      }
    },
    {
      "turn": 2,
      "speaker": "user",
      "intent": "confirm mission start and request sensor activation",
      "actions": [
        {
          "type": "mcp",
          "name": "activate_sensor",
          "args": {
            "sensor": "thermal"
          }
        }
      ],
      "obs": [
        {
          "tool": "activate_sensor",
          "result": {
            "sensor": "thermal",
            "status": "activated"
          }
        }
      ],
      "net": {
        "slice": "eMBB",
        "lat_ms": 14,
        "jitter_ms": 3,
        "loss_pct": 0.2,
        "throughput_mbps": 800,
        "edge_load": 0.4
      }
    },
    {
      "turn": 3,
      "speaker": "agent",
      "intent": "verify sensor status and plan route",
      "actions": [
        {
          "type": "mcp",
          "name": "read_telemetry",
          "args": {}
        }
      ],
      "obs": [
        {
          "tool": "read_telemetry",
          "result": {
            "sensors": {
              "thermal": "ok"
            },
            "battery_pct": 99.8
          }
        }
      ],
      "net": {
        "slice": "URLLC",
        "lat_ms": 8,
        "jitter_ms": 1,
        "loss_pct": 0.05,
        "throughput_mbps": 100,
        "edge_load": 0.3
      }
    },
    {
      "turn": 4,
      "speaker": "user",
      "intent": "request swarm coordination for area coverage",
      "actions": [
        {
          "type": "a2a",
          "task": "swarm_formation",
          "to": "uav_swarm_agent",
          "payload": {
            "pattern": "grid",
            "spacing_m": 20,
            "waypoints": [
              [
                50,
                30
              ],
              [
                100,
                30
              ],
              [
                100,
                100
              ],
              [
                50,
                100
              ]
            ]
          }
        }
      ],
      "obs": [
        {
          "task": "swarm_formation",
          "from": "uav_swarm_agent",
          "status": "acknowledged",
          "payload": {
            "assigned_role": "leader",
            "formation_ok": true
          }
        }
      ],
      "net": {
        "slice": "URLLC",
        "lat_ms": 9,
        "jitter_ms": 1.5,
        "loss_pct": 0.1,
        "throughput_mbps": 95,
        "edge_load": 0.45
      }
    },
    {
      "turn": 5,
      "speaker": "agent",
      "intent": "navigate to first waypoint",
      "actions": [
        {
          "type": "mcp",
          "name": "navigate_to",
          "args": {
            "waypoint": {
              "x": 50.0,
              "y": 30.0,
              "z": 40.0
            },
            "speed": 12.0
          }
        }
      ],
      "obs": [
        {
          "tool": "navigate_to",
          "result": {
            "status": "en_route",
            "eta_s": 4.2,
            "path_clear": true
          }
        }
      ],
      "net": {
        "slice": "eMBB",
        "lat_ms": 15,
        "jitter_ms": 4,
        "loss_pct": 0.3,
        "throughput_mbps": 750,
        "edge_load": 0.5
      }
    },
    {
      "turn": 6,
      "speaker": "user",
      "intent": "monitor progress and check for interference",
      "actions": [
        {
          "type": "mcp",
          "name": "detect_interference",
          "args": {}
        }
      ],
      "obs": [
        {
          "tool": "detect_interference",
          "result": {
            "source": "harbor_radar_jamming",
            "severity": "medium",
            "affected_sensors": [
              "gnss"
            ]
          }
        }
      ],
      "net": {
        "slice": "mMTC",
        "lat_ms": 50,
        "jitter_ms": 10,
        "loss_pct": 2.5,
        "throughput_mbps": 1.2,
        "edge_load": 0.8
      }
    },
    {
      "turn": 7,
      "speaker": "agent",
      "intent": "adapt to GNSS degradation using sensor fusion",
      "actions": [
        {
          "type": "mcp",
          "name": "enable_sensor_fusion",
          "args": {
            "mode": "imu_baro_only",
            "duration_s": 60
          }
        }
      ],
      "obs": [
        {
          "tool": "enable_sensor_fusion",
          "result": {
            "status": "active",
            "fallback_used": true,
            "position_drift_est_m": 1.8
          }
        }
      ],
      "net": {
        "slice": "URLLC",
        "lat_ms": 7,
        "jitter_ms": 1,
        "loss_pct": 0.08,
        "throughput_mbps": 110,
        "edge_load": 0.4
      }
    },
    {
      "turn": 8,
      "speaker": "user",
      "intent": "request emergency hover due to vessel detection",
      "actions": [
        {
          "type": "mcp",
          "name": "set_flight_mode",
          "args": {
            "mode": "hover",
            "timeout_s": 30
          }
        }
      ],
      "obs": [
        {
          "tool": "set_flight_mode",
          "result": {
            "mode": "hover",
            "status": "confirmed",
            "battery_pct": 98.5
          }
        }
      ],
      "net": {
        "slice": "URLLC",
        "lat_ms": 6,
        "jitter_ms": 0.8,
        "loss_pct": 0.05,
        "throughput_mbps": 120,
        "edge_load": 0.35
      }
    },
    {
      "turn": 9,
      "speaker": "agent",
      "intent": "assess surroundings and replan",
      "actions": [
        {
          "type": "mcp",
          "name": "scan_surroundings",
          "args": {
            "radius_m": 50,
            "sensor": "rgb"
          }
        }
      ],
      "obs": [
        {
          "tool": "scan_surroundings",
          "result": {
            "obstacles": [
              {
                "type": "vessel",
                "position": {
                  "x": 55.0,
                  "y": 32.0,
                  "z": 5.0
                },
                "velocity_mps": 4.0
              }
            ],
            "clear_after_s": 15
          }
        }
      ],
      "net": {
        "slice": "eMBB",
        "lat_ms": 13,
        "jitter_ms": 2.5,
        "loss_pct": 0.15,
        "throughput_mbps": 820,
        "edge_load": 0.38
      }
    },
    {
      "turn": 10,
      "speaker": "user",
      "intent": "authorize detour and resume mission",
      "actions": [
        {
          "type": "mcp",
          "name": "navigate_to",
          "args": {
            "waypoint": {
              "x": 70.0,
              "y": 50.0,
              "z": 45.0
            },
            "speed": 10.0
          }
        }
      ],
      "obs": [
        {
          "tool": "navigate_to",
          "result": {
            "status": "en_route",
            "eta_s": 8.7,
            "battery_pct": 97.9
          }
        }
      ],
      "net": {
        "slice": "URLLC",
        "lat_ms": 8,
        "jitter_ms": 1.2,
        "loss_pct": 0.07,
        "throughput_mbps": 105,
        "edge_load": 0.42
      }
    },
    {
      "turn": 11,
      "speaker": "agent",
      "intent": "confirm mission completion and return status",
      "actions": [
        {
          "type": "mcp",
          "name": "read_telemetry",
          "args": {}
        }
      ],
      "obs": [
        {
          "tool": "read_telemetry",
          "result": {
            "pose": {
              "x": 70.0,
              "y": 50.0,
              "z": 45.0,
              "yaw": 95.0
            },
            "battery_pct": 97.5,
            "safety_flags": {
              "nfz_violation": false,
              "separation_breach": false
            }
          }
        }
      ],
      "net": {
        "slice": "mMTC",
        "lat_ms": 60,
        "jitter_ms": 12,
        "loss_pct": 3.0,
        "throughput_mbps": 0.8,
        "edge_load": 0.9
      }
    }
  ],
  "final_state": {
    "domain": "uav",
    "time_s": 65.0,
    "env": {
      "weather": "good",
      "wind_mps": 8.5,
      "wind_dir_deg": 270.0
    },
    "airspace": {
      "alt_bounds": [
        10.0,
        120.0
      ],
      "geofence": [
        {
          "type": "polygon",
          "points": [
            [
              0.0,
              0.0
            ],
            [
              200.0,
              0.0
            ],
            [
              200.0,
              150.0
            ],
            [
              0.0,
              150.0
            ]
          ]
        }
      ]
    },
    "uav": {
      "pose": {
        "x": 70.0,
        "y": 50.0,
        "z": 45.0,
        "yaw": 95.0
      },
      "speed_mps": 10.0,
      "energy": {
        "battery_pct": 97.5
      },
      "sensors": {
        "rgb": "ok",
        "thermal": "ok",
        "lidar": "offline",
        "radar": "offline",
        "gnss": "degraded",
        "imu": "ok",
        "magnetometer": "ok",
        "barometer": "ok"
      },
      "payloads": []
    },
    "policy": {
      "alt_bounds": [
        10.0,
        120.0
      ]
    },
    "safety_flags": {
      "nfz_violation": false,
      "separation_breach": false
    }
  },
  "success": true,
  "_meta": {
    "seed": 42,
    "ts": 1763971120,
    "ts_iso": "2025-11-24T07:58:40Z",
    "gen_time_s": 111.2487862110138,
    "attempts_used": 2,
    "generation_failed": false,
    "usage": {
      "prompt_tokens": 1101,
      "completion_tokens": 3342,
      "total_tokens": 4443,
      "cost": 0.00284542,
      "is_byok": false,
      "prompt_tokens_details": {
        "cached_tokens": 640,
        "audio_tokens": 0,
        "video_tokens": 0
      },
      "cost_details": {
        "upstream_inference_cost": null,
        "upstream_inference_prompt_cost": 0.00017182,
        "upstream_inference_completions_cost": 0.0026736
      },
      "completion_tokens_details": {
        "reasoning_tokens": 0,
        "image_tokens": 0
      }
    }
  }
}