{
  "initial_state": {
    "domain": "uav",
    "time_s": 0.0,
    "env": {
      "weather": "fog",
      "wind_mps": 3.0,
      "wind_dir_deg": 180.0
    },
    "airspace": {
      "alt_bounds": [
        1.0,
        15.0
      ],
      "geofence": [
        {
          "type": "polygon",
          "points": [
            [
              0.0,
              0.0
            ],
            [
              50.0,
              0.0
            ],
            [
              50.0,
              40.0
            ],
            [
              0.0,
              40.0
            ]
          ]
        }
      ]
    },
    "uav": {
      "pose": {
        "x": 5.0,
        "y": 5.0,
        "z": 3.0,
        "yaw": 90.0
      },
      "speed_mps": 22.0,
      "energy": {
        "battery_pct": 100.0
      },
      "sensors": {
        "rgb": "ok",
        "thermal": "offline",
        "lidar": "ok",
        "radar": "offline",
        "gnss": "ok",
        "imu": "ok",
        "magnetometer": "ok",
        "barometer": "ok"
      },
      "payloads": []
    },
    "policy": {
      "alt_bounds": [
        1.0,
        15.0
      ]
    },
    "safety_flags": {
      "nfz_violation": false,
      "separation_breach": false
    }
  },
  "dialogue": [
    {
      "turn": 1,
      "speaker": "agent",
      "intent": "initiate_search_mission",
      "actions": [
        {
          "type": "mcp",
          "name": "read_telemetry",
          "args": {}
        },
        {
          "type": "a2a",
          "task": "request_swarm_coverage",
          "to": "uav_swarm_agent",
          "payload": {
            "target_area": [
              [
                10.0,
                10.0
              ],
              [
                40.0,
                30.0
              ]
            ],
            "priority": "high"
          }
        }
      ],
      "obs": [
        {
          "tool": "read_telemetry",
          "result": {
            "pose": {
              "x": 5.0,
              "y": 5.0,
              "z": 3.0
            },
            "battery_pct": 100.0,
            "speed_mps": 22.0
          }
        },
        {
          "task": "request_swarm_coverage",
          "from": "uav_swarm_agent",
          "status": "acknowledged",
          "payload": {
            "assigned_sector": "northeast",
            "expected_completion": "60s"
          }
        }
      ],
      "net": {
        "slice": "eMBB",
        "lat_ms": 12,
        "jitter_ms": 2,
        "loss_pct": 0.1,
        "throughput_mbps": 850,
        "edge_load": 0.45
      }
    },
    {
      "turn": 2,
      "speaker": "user",
      "intent": "confirm_mission_start",
      "actions": [],
      "obs": [],
      "net": {
        "slice": "eMBB",
        "lat_ms": 14,
        "jitter_ms": 3,
        "loss_pct": 0.2,
        "throughput_mbps": 800,
        "edge_load": 0.5
      }
    },
    {
      "turn": 3,
      "speaker": "agent",
      "intent": "adjust_flight_path_for_fog",
      "actions": [
        {
          "type": "mcp",
          "name": "set_altitude",
          "args": {
            "target_z": 12.0
          }
        },
        {
          "type": "mcp",
          "name": "activate_sensor",
          "args": {
            "sensor": "lidar"
          }
        }
      ],
      "obs": [
        {
          "tool": "set_altitude",
          "result": {
            "status": "success",
            "actual_z": 12.0
          }
        },
        {
          "tool": "activate_sensor",
          "result": {
            "sensor": "lidar",
            "status": "active"
          }
        }
      ],
      "net": {
        "slice": "URLLC",
        "lat_ms": 8,
        "jitter_ms": 1,
        "loss_pct": 0.05,
        "throughput_mbps": 120,
        "edge_load": 0.3
      }
    },
    {
      "turn": 4,
      "speaker": "user",
      "intent": "request_thermal_status",
      "actions": [
        {
          "type": "mcp",
          "name": "check_sensor_status",
          "args": {
            "sensor": "thermal"
          }
        }
      ],
      "obs": [
        {
          "tool": "check_sensor_status",
          "result": {
            "sensor": "thermal",
            "status": "offline",
            "reason": "fog_interference"
          }
        }
      ],
      "net": {
        "slice": "URLLC",
        "lat_ms": 9,
        "jitter_ms": 1.5,
        "loss_pct": 0.1,
        "throughput_mbps": 110,
        "edge_load": 0.35
      }
    },
    {
      "turn": 5,
      "speaker": "agent",
      "intent": "compensate_for_sensor_failure",
      "actions": [
        {
          "type": "mcp",
          "name": "plan_route",
          "args": {
            "waypoints": [
              [
                15.0,
                15.0
              ],
              [
                25.0,
                20.0
              ],
              [
                35.0,
                25.0
              ]
            ],
            "use_lidar": true
          }
        }
      ],
      "obs": [
        {
          "tool": "plan_route",
          "result": {
            "route_valid": true,
            "estimated_duration_s": 45,
            "battery_impact_pct": 8.5
          }
        }
      ],
      "net": {
        "slice": "eMBB",
        "lat_ms": 15,
        "jitter_ms": 4,
        "loss_pct": 0.3,
        "throughput_mbps": 750,
        "edge_load": 0.55
      }
    },
    {
      "turn": 6,
      "speaker": "user",
      "intent": "instruct_manual_override",
      "actions": [
        {
          "type": "mcp",
          "name": "read_telemetry",
          "args": {}
        }
      ],
      "obs": [
        {
          "tool": "read_telemetry",
          "result": {
            "pose": {
              "x": 14.8,
              "y": 14.9,
              "z": 12.1
            },
            "battery_pct": 91.5,
            "speed_mps": 18.0
          }
        }
      ],
      "net": {
        "slice": "mMTC",
        "lat_ms": 50,
        "jitter_ms": 10,
        "loss_pct": 2.5,
        "throughput_mbps": 1.2,
        "edge_load": 0.8
      }
    },
    {
      "turn": 7,
      "speaker": "agent",
      "intent": "adapt_to_degraded_network",
      "actions": [
        {
          "type": "mcp",
          "name": "reduce_streaming_resolution",
          "args": {
            "target": "rgb",
            "level": "low"
          }
        }
      ],
      "obs": [
        {
          "tool": "reduce_streaming_resolution",
          "result": {
            "status": "applied",
            "resolution": "640x480"
          }
        }
      ],
      "net": {
        "slice": "mMTC",
        "lat_ms": 48,
        "jitter_ms": 12,
        "loss_pct": 3.0,
        "throughput_mbps": 1.0,
        "edge_load": 0.85
      }
    },
    {
      "turn": 8,
      "speaker": "user",
      "intent": "resume_autonomous_search",
      "actions": [
        {
          "type": "a2a",
          "task": "confirm_swarm_position",
          "to": "uav_swarm_agent",
          "payload": {}
        }
      ],
      "obs": [
        {
          "task": "confirm_swarm_position",
          "from": "uav_swarm_agent",
          "status": "ok",
          "payload": {
            "swarm_pose": {
              "x": 32.0,
              "y": 28.0,
              "z": 11.5
            },
            "coverage_status": "85%"
          }
        }
      ],
      "net": {
        "slice": "URLLC",
        "lat_ms": 10,
        "jitter_ms": 2,
        "loss_pct": 0.15,
        "throughput_mbps": 130,
        "edge_load": 0.4
      }
    },
    {
      "turn": 9,
      "speaker": "agent",
      "intent": "execute_final_approach",
      "actions": [
        {
          "type": "mcp",
          "name": "set_waypoint",
          "args": {
            "x": 38.0,
            "y": 32.0,
            "z": 10.0
          }
        }
      ],
      "obs": [
        {
          "tool": "set_waypoint",
          "result": {
            "status": "reached",
            "time_s": 5.2,
            "battery_pct": 87.0
          }
        }
      ],
      "net": {
        "slice": "URLLC",
        "lat_ms": 7,
        "jitter_ms": 1,
        "loss_pct": 0.05,
        "throughput_mbps": 140,
        "edge_load": 0.3
      }
    },
    {
      "turn": 10,
      "speaker": "user",
      "intent": "request_mission_summary",
      "actions": [
        {
          "type": "mcp",
          "name": "get_mission_log",
          "args": {}
        }
      ],
      "obs": [
        {
          "tool": "get_mission_log",
          "result": {
            "waypoints_visited": 4,
            "total_distance_m": 98.7,
            "avg_speed_mps": 19.5,
            "battery_remaining_pct": 87.0
          }
        }
      ],
      "net": {
        "slice": "eMBB",
        "lat_ms": 13,
        "jitter_ms": 3,
        "loss_pct": 0.2,
        "throughput_mbps": 820,
        "edge_load": 0.48
      }
    }
  ],
  "final_state": {
    "domain": "uav",
    "time_s": 65.0,
    "env": {
      "weather": "fog",
      "wind_mps": 3.0,
      "wind_dir_deg": 180.0
    },
    "airspace": {
      "alt_bounds": [
        1.0,
        15.0
      ],
      "geofence": [
        {
          "type": "polygon",
          "points": [
            [
              0.0,
              0.0
            ],
            [
              50.0,
              0.0
            ],
            [
              50.0,
              40.0
            ],
            [
              0.0,
              40.0
            ]
          ]
        }
      ]
    },
    "uav": {
      "pose": {
        "x": 38.0,
        "y": 32.0,
        "z": 10.0,
        "yaw": 90.0
      },
      "speed_mps": 0.0,
      "energy": {
        "battery_pct": 87.0
      },
      "sensors": {
        "rgb": "ok",
        "thermal": "offline",
        "lidar": "ok",
        "radar": "offline",
        "gnss": "ok",
        "imu": "ok",
        "magnetometer": "ok",
        "barometer": "ok"
      },
      "payloads": []
    },
    "policy": {
      "alt_bounds": [
        1.0,
        15.0
      ]
    },
    "safety_flags": {
      "nfz_violation": false,
      "separation_breach": false
    }
  },
  "success": true,
  "_meta": {
    "seed": 42,
    "ts": 1763977526,
    "ts_iso": "2025-11-24T09:45:26Z",
    "gen_time_s": 41.69198298454285,
    "attempts_used": 1,
    "generation_failed": false,
    "usage": {
      "prompt_tokens": 1056,
      "completion_tokens": 3083,
      "total_tokens": 4139,
      "cost": 0.00263184,
      "is_byok": false,
      "prompt_tokens_details": {
        "cached_tokens": 608,
        "audio_tokens": 0,
        "video_tokens": 0
      },
      "cost_details": {
        "upstream_inference_cost": null,
        "upstream_inference_prompt_cost": 0.00016544,
        "upstream_inference_completions_cost": 0.0024664
      },
      "completion_tokens_details": {
        "reasoning_tokens": 0,
        "image_tokens": 0
      }
    }
  }
}