{
  "initial_state": {
    "domain": "uav",
    "time_s": 0.0,
    "env": {
      "weather": "good",
      "wind_mps": 8.0,
      "wind_dir_deg": 240.0
    },
    "airspace": {
      "alt_bounds": [
        10.0,
        150.0
      ],
      "geofence": [
        {
          "type": "polygon",
          "points": [
            [
              0.0,
              0.0
            ],
            [
              0.0,
              500.0
            ],
            [
              500.0,
              500.0
            ],
            [
              500.0,
              0.0
            ]
          ]
        }
      ]
    },
    "uav": {
      "pose": {
        "x": 25.0,
        "y": 25.0,
        "z": 10.0,
        "yaw": 90.0
      },
      "speed_mps": 35.0,
      "energy": {
        "battery_pct": 100.0
      },
      "sensors": {
        "rgb": "ok",
        "thermal": "ok",
        "lidar": "ok",
        "radar": "offline",
        "gnss": "ok",
        "imu": "ok",
        "magnetometer": "ok",
        "barometer": "ok"
      },
      "payloads": []
    },
    "policy": {
      "alt_bounds": [
        10.0,
        150.0
      ]
    },
    "safety_flags": {
      "nfz_violation": false,
      "separation_breach": false
    }
  },
  "dialogue": [
    {
      "turn": 1,
      "speaker": "agent",
      "intent": "initiate mission and check telemetry",
      "actions": [
        {
          "type": "mcp",
          "name": "read_telemetry",
          "args": {}
        }
      ],
      "obs": [
        {
          "tool": "read_telemetry",
          "result": {
            "pose": {
              "x": 25.0,
              "y": 25.0,
              "z": 10.0
            },
            "battery_pct": 100.0,
            "speed_mps": 35.0
          }
        }
      ],
      "net": {
        "slice": "eMBB",
        "lat_ms": 12,
        "jitter_ms": 2,
        "loss_pct": 0.1,
        "throughput_mbps": 850,
        "edge_load": 0.45
      }
    },
    {
      "turn": 2,
      "speaker": "user",
      "intent": "confirm mission start and assign target",
      "actions": [],
      "obs": [],
      "net": {
        "slice": "eMBB",
        "lat_ms": 11,
        "jitter_ms": 1.8,
        "loss_pct": 0.05,
        "throughput_mbps": 870,
        "edge_load": 0.42
      }
    },
    {
      "turn": 3,
      "speaker": "agent",
      "intent": "request swarm coordination for path planning",
      "actions": [
        {
          "type": "a2a",
          "task": "path_plan_request",
          "to": "uav_swarm_agent",
          "payload": {
            "target": [
              450.0,
              450.0,
              120.0
            ],
            "uav_id": "uav-01"
          }
        }
      ],
      "obs": [
        {
          "task": "path_plan_request",
          "from": "uav_swarm_agent",
          "status": "ok",
          "payload": {
            "waypoints": [
              [
                100.0,
                100.0,
                50.0
              ],
              [
                250.0,
                250.0,
                80.0
              ],
              [
                450.0,
                450.0,
                120.0
              ]
            ]
          }
        }
      ],
      "net": {
        "slice": "URLLC",
        "lat_ms": 8,
        "jitter_ms": 0.9,
        "loss_pct": 0.02,
        "throughput_mbps": 120,
        "edge_load": 0.38
      }
    },
    {
      "turn": 4,
      "speaker": "user",
      "intent": "approve flight path and enable payload",
      "actions": [
        {
          "type": "mcp",
          "name": "activate_payload",
          "args": {
            "payload_id": "water_drop_system"
          }
        }
      ],
      "obs": [
        {
          "tool": "activate_payload",
          "result": {
            "status": "activated",
            "payload_id": "water_drop_system"
          }
        }
      ],
      "net": {
        "slice": "URLLC",
        "lat_ms": 7,
        "jitter_ms": 0.8,
        "loss_pct": 0.01,
        "throughput_mbps": 110,
        "edge_load": 0.35
      }
    },
    {
      "turn": 5,
      "speaker": "agent",
      "intent": "ascend and proceed to first waypoint",
      "actions": [
        {
          "type": "mcp",
          "name": "set_pose",
          "args": {
            "target": [
              100.0,
              100.0,
              50.0
            ],
            "speed": 30.0
          }
        }
      ],
      "obs": [
        {
          "tool": "set_pose",
          "result": {
            "status": "in_progress",
            "eta_s": 12.5
          }
        }
      ],
      "net": {
        "slice": "eMBB",
        "lat_ms": 14,
        "jitter_ms": 2.5,
        "loss_pct": 0.2,
        "throughput_mbps": 800,
        "edge_load": 0.5
      }
    },
    {
      "turn": 6,
      "speaker": "user",
      "intent": "monitor progress and check sensor status",
      "actions": [
        {
          "type": "mcp",
          "name": "diagnose_sensors",
          "args": {}
        }
      ],
      "obs": [
        {
          "tool": "diagnose_sensors",
          "result": {
            "radar": "restored",
            "status": "all_operational"
          }
        }
      ],
      "net": {
        "slice": "mMTC",
        "lat_ms": 25,
        "jitter_ms": 5,
        "loss_pct": 1.5,
        "throughput_mbps": 1.2,
        "edge_load": 0.65
      }
    },
    {
      "turn": 7,
      "speaker": "agent",
      "intent": "detect network degradation and adapt",
      "actions": [
        {
          "type": "mcp",
          "name": "read_telemetry",
          "args": {}
        }
      ],
      "obs": [
        {
          "tool": "read_telemetry",
          "result": {
            "pose": {
              "x": 100.0,
              "y": 100.0,
              "z": 50.0
            },
            "battery_pct": 94.2,
            "speed_mps": 30.0
          }
        }
      ],
      "net": {
        "slice": "mMTC",
        "lat_ms": 30,
        "jitter_ms": 6,
        "loss_pct": 2.0,
        "throughput_mbps": 0.8,
        "edge_load": 0.72
      }
    },
    {
      "turn": 8,
      "speaker": "user",
      "intent": "request emergency reroute due to fire spread",
      "actions": [
        {
          "type": "a2a",
          "task": "emergency_reroute",
          "to": "fire_monitor_agent",
          "payload": {
            "new_target": [
              400.0,
              480.0,
              110.0
            ],
            "reason": "fire_spread_northeast"
          }
        }
      ],
      "obs": [
        {
          "task": "emergency_reroute",
          "from": "fire_monitor_agent",
          "status": "approved",
          "payload": {
            "updated_waypoints": [
              [
                250.0,
                250.0,
                80.0
              ],
              [
                400.0,
                480.0,
                110.0
              ]
            ]
          }
        }
      ],
      "net": {
        "slice": "URLLC",
        "lat_ms": 9,
        "jitter_ms": 1.0,
        "loss_pct": 0.03,
        "throughput_mbps": 100,
        "edge_load": 0.4
      }
    },
    {
      "turn": 9,
      "speaker": "agent",
      "intent": "execute reroute and prepare for drop",
      "actions": [
        {
          "type": "mcp",
          "name": "set_pose",
          "args": {
            "target": [
              400.0,
              480.0,
              110.0
            ],
            "speed": 25.0
          }
        }
      ],
      "obs": [
        {
          "tool": "set_pose",
          "result": {
            "status": "executing",
            "eta_s": 18.3
          }
        }
      ],
      "net": {
        "slice": "URLLC",
        "lat_ms": 8,
        "jitter_ms": 0.9,
        "loss_pct": 0.02,
        "throughput_mbps": 115,
        "edge_load": 0.39
      }
    },
    {
      "turn": 10,
      "speaker": "user",
      "intent": "confirm payload readiness for drop",
      "actions": [],
      "obs": [],
      "net": {
        "slice": "URLLC",
        "lat_ms": 7.5,
        "jitter_ms": 0.85,
        "loss_pct": 0.01,
        "throughput_mbps": 125,
        "edge_load": 0.37
      }
    },
    {
      "turn": 11,
      "speaker": "agent",
      "intent": "complete drop and return to base",
      "actions": [
        {
          "type": "mcp",
          "name": "execute_payload_drop",
          "args": {
            "target": [
              400.0,
              480.0,
              110.0
            ]
          }
        }
      ],
      "obs": [
        {
          "tool": "execute_payload_drop",
          "result": {
            "status": "success",
            "payload_released": true,
            "impact_accuracy_m": 1.2
          }
        }
      ],
      "net": {
        "slice": "URLLC",
        "lat_ms": 8.2,
        "jitter_ms": 0.95,
        "loss_pct": 0.02,
        "throughput_mbps": 118,
        "edge_load": 0.41
      }
    }
  ],
  "final_state": {
    "domain": "uav",
    "time_s": 120.0,
    "env": {
      "weather": "good",
      "wind_mps": 8.0,
      "wind_dir_deg": 240.0
    },
    "airspace": {
      "alt_bounds": [
        10.0,
        150.0
      ],
      "geofence": [
        {
          "type": "polygon",
          "points": [
            [
              0.0,
              0.0
            ],
            [
              0.0,
              500.0
            ],
            [
              500.0,
              500.0
            ],
            [
              500.0,
              0.0
            ]
          ]
        }
      ]
    },
    "uav": {
      "pose": {
        "x": 400.0,
        "y": 480.0,
        "z": 110.0,
        "yaw": 90.0
      },
      "speed_mps": 0.0,
      "energy": {
        "battery_pct": 88.5
      },
      "sensors": {
        "rgb": "ok",
        "thermal": "ok",
        "lidar": "ok",
        "radar": "ok",
        "gnss": "ok",
        "imu": "ok",
        "magnetometer": "ok",
        "barometer": "ok"
      },
      "payloads": []
    },
    "policy": {
      "alt_bounds": [
        10.0,
        150.0
      ]
    },
    "safety_flags": {
      "nfz_violation": false,
      "separation_breach": false
    }
  },
  "success": true,
  "_meta": {
    "seed": 42,
    "ts": 1763688122,
    "ts_iso": "2025-11-21T01:22:02Z",
    "gen_time_s": 55.225569009780884,
    "attempts_used": 1,
    "generation_failed": false,
    "usage": {
      "prompt_tokens": 1057,
      "completion_tokens": 3124,
      "total_tokens": 4181,
      "cost": 0.0026631,
      "is_byok": false,
      "prompt_tokens_details": {
        "cached_tokens": 624,
        "audio_tokens": 0,
        "video_tokens": 0
      },
      "cost_details": {
        "upstream_inference_cost": null,
        "upstream_inference_prompt_cost": 0.0001639,
        "upstream_inference_completions_cost": 0.0024992
      },
      "completion_tokens_details": {
        "reasoning_tokens": 0,
        "image_tokens": 0
      }
    }
  }
}