{
  "initial_state": {
    "domain": "uav",
    "time_s": 0.0,
    "env": {
      "weather": "icing",
      "wind_mps": 6.5,
      "wind_dir_deg": 240.0
    },
    "airspace": {
      "alt_bounds": [
        10.0,
        250.0
      ],
      "geofence": [
        {
          "type": "polygon",
          "points": [
            [
              0,
              0
            ],
            [
              300,
              0
            ],
            [
              300,
              200
            ],
            [
              0,
              200
            ]
          ]
        }
      ]
    },
    "uav": {
      "pose": {
        "x": 10.0,
        "y": 10.0,
        "z": 15.0,
        "yaw": 90.0
      },
      "speed_mps": 32.0,
      "energy": {
        "battery_pct": 100.0
      },
      "sensors": {
        "rgb": "ok",
        "thermal": "offline",
        "lidar": "offline",
        "radar": "ok",
        "gnss": "ok",
        "imu": "ok",
        "magnetometer": "ok",
        "barometer": "ok"
      },
      "payloads": []
    },
    "policy": {
      "alt_bounds": [
        10.0,
        250.0
      ]
    },
    "safety_flags": {
      "nfz_violation": false,
      "separation_breach": false
    }
  },
  "dialogue": [
    {
      "turn": 1,
      "speaker": "agent",
      "intent": "initiate mission and check telemetry",
      "actions": [
        {
          "type": "mcp",
          "name": "read_telemetry",
          "args": {}
        }
      ],
      "obs": [
        {
          "tool": "read_telemetry",
          "result": {
            "pose": {
              "x": 10.0,
              "y": 10.0,
              "z": 15.0
            },
            "battery_pct": 100.0,
            "sensors": {
              "thermal": "offline",
              "lidar": "offline"
            }
          }
        }
      ],
      "net": {
        "slice": "eMBB",
        "lat_ms": 12,
        "jitter_ms": 2,
        "loss_pct": 0.1,
        "throughput_mbps": 850,
        "edge_load": 0.35
      }
    },
    {
      "turn": 2,
      "speaker": "user",
      "intent": "request sensor restart and confirm mission path",
      "actions": [
        {
          "type": "mcp",
          "name": "restart_sensor",
          "args": {
            "sensor": "thermal"
          }
        },
        {
          "type": "mcp",
          "name": "restart_sensor",
          "args": {
            "sensor": "lidar"
          }
        }
      ],
      "obs": [
        {
          "tool": "restart_sensor",
          "result": {
            "sensor": "thermal",
            "status": "failed",
            "reason": "icing prevents thermal activation"
          }
        },
        {
          "tool": "restart_sensor",
          "result": {
            "sensor": "lidar",
            "status": "ok"
          }
        }
      ],
      "net": {
        "slice": "eMBB",
        "lat_ms": 14,
        "jitter_ms": 3,
        "loss_pct": 0.2,
        "throughput_mbps": 800,
        "edge_load": 0.4
      }
    },
    {
      "turn": 3,
      "speaker": "agent",
      "intent": "assess sensor status and plan route",
      "actions": [
        {
          "type": "mcp",
          "name": "compute_route",
          "args": {
            "start": [
              10,
              10
            ],
            "goal": [
              280,
              180
            ],
            "avoid": [
              "nfz_thermal_risk"
            ]
          }
        }
      ],
      "obs": [
        {
          "tool": "compute_route",
          "result": {
            "route": [
              [
                10,
                10
              ],
              [
                150,
                90
              ],
              [
                280,
                180
              ]
            ],
            "estimated_time_s": 210,
            "battery_impact_pct": 18
          }
        }
      ],
      "net": {
        "slice": "URLLC",
        "lat_ms": 8,
        "jitter_ms": 1,
        "loss_pct": 0.05,
        "throughput_mbps": 100,
        "edge_load": 0.2
      }
    },
    {
      "turn": 4,
      "speaker": "user",
      "intent": "approve route and request swarm coordination",
      "actions": [
        {
          "type": "a2a",
          "task": "collision_avoidance",
          "to": "uav_swarm_agent",
          "payload": {
            "current_pose": {
              "x": 10.0,
              "y": 10.0,
              "z": 15.0
            },
            "route": [
              [
                10,
                10
              ],
              [
                150,
                90
              ],
              [
                280,
                180
              ]
            ],
            "eta": 210
          }
        }
      ],
      "obs": [
        {
          "task": "collision_avoidance",
          "from": "uav_swarm_agent",
          "status": "ok",
          "payload": {
            "conflicts": [],
            "recommended_alt_offset": 0
          }
        }
      ],
      "net": {
        "slice": "URLLC",
        "lat_ms": 9,
        "jitter_ms": 1.2,
        "loss_pct": 0.08,
        "throughput_mbps": 95,
        "edge_load": 0.25
      }
    },
    {
      "turn": 5,
      "speaker": "agent",
      "intent": "initiate movement and monitor telemetry",
      "actions": [
        {
          "type": "mcp",
          "name": "move_to",
          "args": {
            "waypoint": [
              150,
              90
            ],
            "altitude": 45.0
          }
        },
        {
          "type": "mcp",
          "name": "read_telemetry",
          "args": {}
        }
      ],
      "obs": [
        {
          "tool": "move_to",
          "result": {
            "status": "in_progress",
            "target": [
              150,
              90
            ]
          }
        },
        {
          "tool": "read_telemetry",
          "result": {
            "pose": {
              "x": 45.2,
              "y": 32.1,
              "z": 45.0
            },
            "battery_pct": 98.7,
            "speed_mps": 32.0
          }
        }
      ],
      "net": {
        "slice": "eMBB",
        "lat_ms": 13,
        "jitter_ms": 2.5,
        "loss_pct": 0.3,
        "throughput_mbps": 780,
        "edge_load": 0.42
      }
    },
    {
      "turn": 6,
      "speaker": "user",
      "intent": "report network degradation and request fallback",
      "actions": [
        {
          "type": "mcp",
          "name": "diagnose_network",
          "args": {}
        }
      ],
      "obs": [
        {
          "tool": "diagnose_network",
          "result": {
            "current_slice": "eMBB",
            "recommendation": "switch to URLLC due to rising jitter and loss"
          }
        }
      ],
      "net": {
        "slice": "eMBB",
        "lat_ms": 45,
        "jitter_ms": 12,
        "loss_pct": 5.2,
        "throughput_mbps": 200,
        "edge_load": 0.78
      }
    },
    {
      "turn": 7,
      "speaker": "agent",
      "intent": "adapt to network degradation",
      "actions": [
        {
          "type": "mcp",
          "name": "switch_network_slice",
          "args": {
            "target": "URLLC"
          }
        },
        {
          "type": "mcp",
          "name": "read_telemetry",
          "args": {}
        }
      ],
      "obs": [
        {
          "tool": "switch_network_slice",
          "result": {
            "status": "success",
            "from": "eMBB",
            "to": "URLLC"
          }
        },
        {
          "tool": "read_telemetry",
          "result": {
            "pose": {
              "x": 98.4,
              "y": 65.3,
              "z": 45.0
            },
            "battery_pct": 96.1,
            "speed_mps": 32.0
          }
        }
      ],
      "net": {
        "slice": "URLLC",
        "lat_ms": 10,
        "jitter_ms": 1.5,
        "loss_pct": 0.12,
        "throughput_mbps": 110,
        "edge_load": 0.3
      }
    },
    {
      "turn": 8,
      "speaker": "user",
      "intent": "request image capture at waypoint",
      "actions": [
        {
          "type": "mcp",
          "name": "capture_image",
          "args": {
            "sensor": "rgb",
            "mode": "high_res"
          }
        }
      ],
      "obs": [
        {
          "tool": "capture_image",
          "result": {
            "status": "success",
            "image_id": "IMG_2024_05_12_101",
            "size_bytes": 12582912,
            "location": {
              "x": 150,
              "y": 90,
              "z": 45
            }
          }
        }
      ],
      "net": {
        "slice": "URLLC",
        "lat_ms": 11,
        "jitter_ms": 1.3,
        "loss_pct": 0.09,
        "throughput_mbps": 105,
        "edge_load": 0.32
      }
    },
    {
      "turn": 9,
      "speaker": "agent",
      "intent": "proceed to final destination",
      "actions": [
        {
          "type": "mcp",
          "name": "move_to",
          "args": {
            "waypoint": [
              280,
              180
            ],
            "altitude": 35.0
          }
        }
      ],
      "obs": [
        {
          "tool": "move_to",
          "result": {
            "status": "in_progress",
            "target": [
              280,
              180
            ]
          }
        }
      ],
      "net": {
        "slice": "mMTC",
        "lat_ms": 18,
        "jitter_ms": 5,
        "loss_pct": 1.5,
        "throughput_mbps": 10,
        "edge_load": 0.65
      }
    },
    {
      "turn": 10,
      "speaker": "user",
      "intent": "verify safety and request landing",
      "actions": [
        {
          "type": "mcp",
          "name": "check_safety_constraints",
          "args": {}
        }
      ],
      "obs": [
        {
          "tool": "check_safety_constraints",
          "result": {
            "geofence_violation": false,
            "alt_ok": true,
            "separation_ok": true,
            "battery_min_safe": 20.0,
            "current_battery": 82.3
          }
        }
      ],
      "net": {
        "slice": "mMTC",
        "lat_ms": 20,
        "jitter_ms": 6,
        "loss_pct": 1.8,
        "throughput_mbps": 8,
        "edge_load": 0.7
      }
    },
    {
      "turn": 11,
      "speaker": "agent",
      "intent": "land safely and report completion",
      "actions": [
        {
          "type": "mcp",
          "name": "land",
          "args": {
            "emergency": false
          }
        },
        {
          "type": "mcp",
          "name": "read_telemetry",
          "args": {}
        }
      ],
      "obs": [
        {
          "tool": "land",
          "result": {
            "status": "completed",
            "final_pose": {
              "x": 280,
              "y": 180,
              "z": 0.0
            }
          }
        },
        {
          "tool": "read_telemetry",
          "result": {
            "pose": {
              "x": 280,
              "y": 180,
              "z": 0.0
            },
            "battery_pct": 82.3,
            "status": "landed"
          }
        }
      ],
      "net": {
        "slice": "URLLC",
        "lat_ms": 9,
        "jitter_ms": 1.1,
        "loss_pct": 0.07,
        "throughput_mbps": 120,
        "edge_load": 0.28
      }
    }
  ],
  "final_state": {
    "domain": "uav",
    "time_s": 210.0,
    "env": {
      "weather": "icing",
      "wind_mps": 6.5,
      "wind_dir_deg": 240.0
    },
    "airspace": {
      "alt_bounds": [
        10.0,
        250.0
      ],
      "geofence": [
        {
          "type": "polygon",
          "points": [
            [
              0,
              0
            ],
            [
              300,
              0
            ],
            [
              300,
              200
            ],
            [
              0,
              200
            ]
          ]
        }
      ]
    },
    "uav": {
      "pose": {
        "x": 280,
        "y": 180,
        "z": 0.0,
        "yaw": 90.0
      },
      "speed_mps": 0.0,
      "energy": {
        "battery_pct": 82.3
      },
      "sensors": {
        "rgb": "ok",
        "thermal": "offline",
        "lidar": "ok",
        "radar": "ok",
        "gnss": "ok",
        "imu": "ok",
        "magnetometer": "ok",
        "barometer": "ok"
      },
      "payloads": []
    },
    "policy": {
      "alt_bounds": [
        10.0,
        250.0
      ]
    },
    "safety_flags": {
      "nfz_violation": false,
      "separation_breach": false
    }
  },
  "success": true,
  "_meta": {
    "seed": 42,
    "ts": 1763799509,
    "ts_iso": "2025-11-22T08:18:29Z",
    "gen_time_s": 74.20755648612976,
    "attempts_used": 1,
    "generation_failed": false,
    "usage": {
      "prompt_tokens": 1046,
      "completion_tokens": 3747,
      "total_tokens": 4793,
      "cost": 0.00316084,
      "is_byok": false,
      "prompt_tokens_details": {
        "cached_tokens": 608,
        "audio_tokens": 0,
        "video_tokens": 0
      },
      "cost_details": {
        "upstream_inference_cost": null,
        "upstream_inference_prompt_cost": 0.00016324,
        "upstream_inference_completions_cost": 0.0029976
      },
      "completion_tokens_details": {
        "reasoning_tokens": 0,
        "image_tokens": 0
      }
    }
  }
}