{
  "initial_state": {
    "domain": "uav",
    "time_s": 0.0,
    "env": {
      "weather": "gusts",
      "wind_mps": 6.0,
      "wind_dir_deg": 270.0
    },
    "airspace": {
      "alt_bounds": [
        2.0,
        30.0
      ],
      "geofence": [
        {
          "type": "polygon",
          "points": [
            [
              0.0,
              0.0
            ],
            [
              200.0,
              0.0
            ],
            [
              200.0,
              150.0
            ],
            [
              0.0,
              150.0
            ]
          ]
        }
      ]
    },
    "uav": {
      "pose": {
        "x": 10.0,
        "y": 10.0,
        "z": 10.0,
        "yaw": 90.0
      },
      "speed_mps": 28.0,
      "energy": {
        "battery_pct": 100.0
      },
      "sensors": {
        "rgb": "ok",
        "thermal": "offline",
        "lidar": "ok",
        "radar": "offline",
        "gnss": "ok",
        "imu": "ok",
        "magnetometer": "ok",
        "barometer": "ok"
      },
      "payloads": []
    },
    "policy": {
      "alt_bounds": [
        2.0,
        30.0
      ]
    },
    "safety_flags": {
      "nfz_violation": false,
      "separation_breach": false
    }
  },
  "dialogue": [
    {
      "turn": 1,
      "speaker": "agent",
      "intent": "initiate mission and check telemetry",
      "actions": [
        {
          "type": "mcp",
          "name": "read_telemetry",
          "args": {}
        }
      ],
      "obs": [
        {
          "tool": "read_telemetry",
          "result": {
            "pose": {
              "x": 10.0,
              "y": 10.0,
              "z": 10.0
            },
            "battery_pct": 100.0,
            "speed_mps": 28.0,
            "sensors": {
              "gnss": "ok",
              "imu": "ok"
            }
          }
        }
      ],
      "net": {
        "slice": "eMBB",
        "lat_ms": 12,
        "jitter_ms": 2,
        "loss_pct": 0.1,
        "throughput_mbps": 850,
        "edge_load": 0.35
      }
    },
    {
      "turn": 2,
      "speaker": "user",
      "intent": "confirm mission start and request route plan",
      "actions": [
        {
          "type": "mcp",
          "name": "request_route_plan",
          "args": {
            "destination": [
              180.0,
              140.0
            ]
          }
        }
      ],
      "obs": [
        {
          "tool": "request_route_plan",
          "result": {
            "waypoints": [
              [
                50.0,
                50.0
              ],
              [
                100.0,
                100.0
              ],
              [
                180.0,
                140.0
              ]
            ],
            "estimated_time_s": 120,
            "energy_cost_pct": 18.5
          }
        }
      ],
      "net": {
        "slice": "eMBB",
        "lat_ms": 14,
        "jitter_ms": 3,
        "loss_pct": 0.2,
        "throughput_mbps": 800,
        "edge_load": 0.4
      }
    },
    {
      "turn": 3,
      "speaker": "agent",
      "intent": "verify geofence compliance and initiate swarm coordination",
      "actions": [
        {
          "type": "mcp",
          "name": "check_geofence",
          "args": {
            "path": [
              [
                50.0,
                50.0
              ],
              [
                100.0,
                100.0
              ],
              [
                180.0,
                140.0
              ]
            ]
          }
        },
        {
          "type": "a2a",
          "task": "collision_avoidance",
          "to": "uav_swarm_agent",
          "payload": {
            "uav_id": "uav-7",
            "trajectory": [
              [
                10.0,
                10.0,
                10.0
              ],
              [
                50.0,
                50.0,
                12.0
              ]
            ]
          }
        }
      ],
      "obs": [
        {
          "tool": "check_geofence",
          "result": {
            "within_bounds": true,
            "violations": []
          }
        },
        {
          "task": "collision_avoidance",
          "from": "uav_swarm_agent",
          "status": "ok",
          "payload": {
            "clearance": "confirmed",
            "alt_adjustment_m": 0.0
          }
        }
      ],
      "net": {
        "slice": "URLLC",
        "lat_ms": 8,
        "jitter_ms": 1,
        "loss_pct": 0.05,
        "throughput_mbps": 100,
        "edge_load": 0.2
      }
    },
    {
      "turn": 4,
      "speaker": "user",
      "intent": "request sensor activation and thermal scan",
      "actions": [
        {
          "type": "mcp",
          "name": "activate_sensor",
          "args": {
            "sensor": "thermal"
          }
        },
        {
          "type": "mcp",
          "name": "capture_thermal_scan",
          "args": {
            "target_area": [
              [
                90.0,
                90.0
              ],
              [
                110.0,
                110.0
              ]
            ]
          }
        }
      ],
      "obs": [
        {
          "tool": "activate_sensor",
          "result": {
            "sensor": "thermal",
            "status": "failed",
            "reason": "hardware_fault"
          }
        },
        {
          "tool": "capture_thermal_scan",
          "result": {
            "status": "aborted",
            "reason": "prerequisite_failed"
          }
        }
      ],
      "net": {
        "slice": "eMBB",
        "lat_ms": 16,
        "jitter_ms": 4,
        "loss_pct": 0.3,
        "throughput_mbps": 750,
        "edge_load": 0.45
      }
    },
    {
      "turn": 5,
      "speaker": "agent",
      "intent": "adapt to sensor failure and reroute via lidar",
      "actions": [
        {
          "type": "mcp",
          "name": "activate_sensor",
          "args": {
            "sensor": "lidar"
          }
        },
        {
          "type": "mcp",
          "name": "plan_lidar_navigation",
          "args": {
            "waypoints": [
              [
                50.0,
                50.0
              ],
              [
                100.0,
                100.0
              ],
              [
                180.0,
                140.0
              ]
            ]
          }
        }
      ],
      "obs": [
        {
          "tool": "activate_sensor",
          "result": {
            "sensor": "lidar",
            "status": "ok"
          }
        },
        {
          "tool": "plan_lidar_navigation",
          "result": {
            "status": "success",
            "path_valid": true
          }
        }
      ],
      "net": {
        "slice": "URLLC",
        "lat_ms": 9,
        "jitter_ms": 1,
        "loss_pct": 0.04,
        "throughput_mbps": 120,
        "edge_load": 0.22
      }
    },
    {
      "turn": 6,
      "speaker": "user",
      "intent": "report network degradation and request status",
      "actions": [
        {
          "type": "mcp",
          "name": "check_network_status",
          "args": {}
        }
      ],
      "obs": [
        {
          "tool": "check_network_status",
          "result": {
            "current_slice": "mMTC",
            "lat_ms": 45,
            "jitter_ms": 12,
            "loss_pct": 2.1,
            "throughput_mbps": 10,
            "edge_load": 0.85
          }
        }
      ],
      "net": {
        "slice": "mMTC",
        "lat_ms": 45,
        "jitter_ms": 12,
        "loss_pct": 2.1,
        "throughput_mbps": 10,
        "edge_load": 0.85
      }
    },
    {
      "turn": 7,
      "speaker": "agent",
      "intent": "reduce comms load and switch to store-and-forward",
      "actions": [
        {
          "type": "mcp",
          "name": "enable_store_and_forward",
          "args": {
            "mode": "high_compression",
            "target_slice": "URLLC"
          }
        }
      ],
      "obs": [
        {
          "tool": "enable_store_and_forward",
          "result": {
            "status": "active",
            "mode": "high_compression",
            "next_sync_s": 60
          }
        }
      ],
      "net": {
        "slice": "mMTC",
        "lat_ms": 50,
        "jitter_ms": 15,
        "loss_pct": 2.5,
        "throughput_mbps": 8,
        "edge_load": 0.88
      }
    },
    {
      "turn": 8,
      "speaker": "user",
      "intent": "authorize altitude adjustment for wind compensation",
      "actions": [
        {
          "type": "mcp",
          "name": "adjust_altitude",
          "args": {
            "target_z": 14.0
          }
        }
      ],
      "obs": [
        {
          "tool": "adjust_altitude",
          "result": {
            "status": "executed",
            "from_z": 10.0,
            "to_z": 14.0,
            "reason": "gust_compensation"
          }
        }
      ],
      "net": {
        "slice": "URLLC",
        "lat_ms": 10,
        "jitter_ms": 2,
        "loss_pct": 0.08,
        "throughput_mbps": 110,
        "edge_load": 0.3
      }
    },
    {
      "turn": 9,
      "speaker": "agent",
      "intent": "perform proximity check and prepare landing",
      "actions": [
        {
          "type": "mcp",
          "name": "check_proximity",
          "args": {}
        },
        {
          "type": "a2a",
          "task": "landing_clearance",
          "to": "uav_ground_control",
          "payload": {
            "uav_id": "uav-7",
            "final_pose": [
              180.0,
              140.0,
              3.0
            ]
          }
        }
      ],
      "obs": [
        {
          "tool": "check_proximity",
          "result": {
            "obstacles_near": false,
            "distance_to_ground": 3.0
          }
        },
        {
          "task": "landing_clearance",
          "from": "uav_ground_control",
          "status": "granted",
          "payload": {
            "clearance_zone": "safe",
            "wind_factor": "acceptable"
          }
        }
      ],
      "net": {
        "slice": "URLLC",
        "lat_ms": 7,
        "jitter_ms": 1,
        "loss_pct": 0.03,
        "throughput_mbps": 130,
        "edge_load": 0.18
      }
    },
    {
      "turn": 10,
      "speaker": "user",
      "intent": "confirm mission completion and data offload",
      "actions": [
        {
          "type": "mcp",
          "name": "offload_data",
          "args": {
            "mode": "priority",
            "data_type": "lidar_logs"
          }
        }
      ],
      "obs": [
        {
          "tool": "offload_data",
          "result": {
            "status": "initiated",
            "data_type": "lidar_logs",
            "size_mb": 245,
            "estimated_completion_s": 15
          }
        }
      ],
      "net": {
        "slice": "eMBB",
        "lat_ms": 18,
        "jitter_ms": 5,
        "loss_pct": 0.4,
        "throughput_mbps": 700,
        "edge_load": 0.5
      }
    }
  ],
  "final_state": {
    "domain": "uav",
    "time_s": 120.0,
    "env": {
      "weather": "gusts",
      "wind_mps": 6.0,
      "wind_dir_deg": 270.0
    },
    "airspace": {
      "alt_bounds": [
        2.0,
        30.0
      ],
      "geofence": [
        {
          "type": "polygon",
          "points": [
            [
              0.0,
              0.0
            ],
            [
              200.0,
              0.0
            ],
            [
              200.0,
              150.0
            ],
            [
              0.0,
              150.0
            ]
          ]
        }
      ]
    },
    "uav": {
      "pose": {
        "x": 180.0,
        "y": 140.0,
        "z": 3.0,
        "yaw": 90.0
      },
      "speed_mps": 0.0,
      "energy": {
        "battery_pct": 81.5
      },
      "sensors": {
        "rgb": "ok",
        "thermal": "offline",
        "lidar": "ok",
        "radar": "offline",
        "gnss": "ok",
        "imu": "ok",
        "magnetometer": "ok",
        "barometer": "ok"
      },
      "payloads": []
    },
    "policy": {
      "alt_bounds": [
        2.0,
        30.0
      ]
    },
    "safety_flags": {
      "nfz_violation": false,
      "separation_breach": false
    }
  },
  "success": true,
  "_meta": {
    "seed": 42,
    "ts": 1763900831,
    "ts_iso": "2025-11-23T12:27:11Z",
    "gen_time_s": 43.085652112960815,
    "attempts_used": 1,
    "generation_failed": false,
    "usage": {
      "prompt_tokens": 1060,
      "completion_tokens": 3502,
      "total_tokens": 4562,
      "cost": 0.00296792,
      "is_byok": false,
      "prompt_tokens_details": {
        "cached_tokens": 608,
        "audio_tokens": 0,
        "video_tokens": 0
      },
      "cost_details": {
        "upstream_inference_cost": null,
        "upstream_inference_prompt_cost": 0.00016632,
        "upstream_inference_completions_cost": 0.0028016
      },
      "completion_tokens_details": {
        "reasoning_tokens": 0,
        "image_tokens": 0
      }
    }
  }
}