{
  "initial_state": {
    "domain": "uav",
    "time_s": 0.0,
    "env": {
      "weather": "dust",
      "wind_mps": 2.5,
      "wind_dir_deg": 135.0
    },
    "airspace": {
      "alt_bounds": [
        0.5,
        8.0
      ],
      "geofence": [
        {
          "type": "polygon",
          "points": [
            [
              0.0,
              0.0
            ],
            [
              0.0,
              20.0
            ],
            [
              15.0,
              20.0
            ],
            [
              15.0,
              0.0
            ]
          ]
        }
      ]
    },
    "uav": {
      "pose": {
        "x": 1.0,
        "y": 1.0,
        "z": 1.5,
        "yaw": 90.0
      },
      "speed_mps": 12.0,
      "energy": {
        "battery_pct": 100.0
      },
      "sensors": {
        "rgb": "ok",
        "thermal": "ok",
        "lidar": "ok",
        "radar": "offline",
        "gnss": "ok",
        "imu": "ok",
        "magnetometer": "ok",
        "barometer": "ok"
      },
      "payloads": []
    },
    "policy": {
      "alt_bounds": [
        0.5,
        8.0
      ]
    },
    "safety_flags": {
      "nfz_violation": false,
      "separation_breach": false
    }
  },
  "dialogue": [
    {
      "turn": 1,
      "speaker": "agent",
      "intent": "initiate_mission",
      "actions": [
        {
          "type": "mcp",
          "name": "read_telemetry",
          "args": {}
        },
        {
          "type": "a2a",
          "task": "swarm_sync",
          "to": "uav_swarm_agent",
          "payload": {
            "pose": {
              "x": 1.0,
              "y": 1.0,
              "z": 1.5
            },
            "mission_phase": "startup"
          }
        }
      ],
      "obs": [
        {
          "tool": "read_telemetry",
          "result": {
            "pose": {
              "x": 1.0,
              "y": 1.0,
              "z": 1.5
            },
            "battery_pct": 100.0,
            "speed_mps": 12.0
          }
        },
        {
          "task": "swarm_sync",
          "from": "uav_swarm_agent",
          "status": "ok",
          "payload": {
            "sync_time": 0.02,
            "neighbors": 2
          }
        }
      ],
      "net": {
        "slice": "URLLC",
        "lat_ms": 3.1,
        "jitter_ms": 0.8,
        "loss_pct": 0.02,
        "throughput_mbps": 50,
        "edge_load": 0.3
      }
    },
    {
      "turn": 2,
      "speaker": "user",
      "intent": "confirm_mission",
      "actions": [
        {
          "type": "mcp",
          "name": "acknowledge",
          "args": {
            "status": "confirmed"
          }
        }
      ],
      "obs": [
        {
          "tool": "acknowledge",
          "result": {
            "status": "received",
            "timestamp": 0.5
          }
        }
      ],
      "net": {
        "slice": "URLLC",
        "lat_ms": 3.3,
        "jitter_ms": 0.9,
        "loss_pct": 0.01,
        "throughput_mbps": 48,
        "edge_load": 0.32
      }
    },
    {
      "turn": 3,
      "speaker": "agent",
      "intent": "ascend_to_inspection_height",
      "actions": [
        {
          "type": "mcp",
          "name": "set_altitude",
          "args": {
            "target_z": 6.0
          }
        },
        {
          "type": "mcp",
          "name": "read_telemetry",
          "args": {}
        }
      ],
      "obs": [
        {
          "tool": "set_altitude",
          "result": {
            "status": "executing",
            "target": 6.0
          }
        },
        {
          "tool": "read_telemetry",
          "result": {
            "z": 3.2,
            "battery_pct": 99.8,
            "speed_mps": 8.0
          }
        }
      ],
      "net": {
        "slice": "eMBB",
        "lat_ms": 12.5,
        "jitter_ms": 2.1,
        "loss_pct": 0.1,
        "throughput_mbps": 120,
        "edge_load": 0.6
      }
    },
    {
      "turn": 4,
      "speaker": "user",
      "intent": "request_sensor_status",
      "actions": [
        {
          "type": "mcp",
          "name": "diagnose_sensors",
          "args": {}
        }
      ],
      "obs": [
        {
          "tool": "diagnose_sensors",
          "result": {
            "status": "partial",
            "issues": [
              {
                "sensor": "radar",
                "status": "offline"
              }
            ],
            "redundancy_active": true
          }
        }
      ],
      "net": {
        "slice": "eMBB",
        "lat_ms": 14.0,
        "jitter_ms": 3.5,
        "loss_pct": 0.3,
        "throughput_mbps": 110,
        "edge_load": 0.68
      }
    },
    {
      "turn": 5,
      "speaker": "agent",
      "intent": "compensate_sensor_failure",
      "actions": [
        {
          "type": "a2a",
          "task": "request_radar_coverage",
          "to": "uav_swarm_agent",
          "payload": {
            "area": "sector_3",
            "priority": "high"
          }
        },
        {
          "type": "mcp",
          "name": "activate_sensor_fusion",
          "args": {
            "mode": "lidar_thermal_only"
          }
        }
      ],
      "obs": [
        {
          "task": "request_radar_coverage",
          "from": "uav_swarm_agent",
          "status": "accepted",
          "payload": {
            "uav_id": "uav-7",
            "eta_coverage": 4.2
          }
        },
        {
          "tool": "activate_sensor_fusion",
          "result": {
            "mode": "lidar_thermal_only",
            "status": "active"
          }
        }
      ],
      "net": {
        "slice": "URLLC",
        "lat_ms": 4.0,
        "jitter_ms": 1.0,
        "loss_pct": 0.05,
        "throughput_mbps": 45,
        "edge_load": 0.4
      }
    },
    {
      "turn": 6,
      "speaker": "user",
      "intent": "adjust_route_due_to_dust",
      "actions": [
        {
          "type": "mcp",
          "name": "update_waypoints",
          "args": {
            "waypoints": [
              {
                "x": 5.0,
                "y": 8.0,
                "z": 6.0
              },
              {
                "x": 10.0,
                "y": 15.0,
                "z": 6.0
              }
            ]
          }
        }
      ],
      "obs": [
        {
          "tool": "update_waypoints",
          "result": {
            "status": "updated",
            "count": 2
          }
        }
      ],
      "net": {
        "slice": "mMTC",
        "lat_ms": 25.0,
        "jitter_ms": 8.0,
        "loss_pct": 1.2,
        "throughput_mbps": 1.5,
        "edge_load": 0.85
      }
    },
    {
      "turn": 7,
      "speaker": "agent",
      "intent": "proceed_with_caution",
      "actions": [
        {
          "type": "mcp",
          "name": "read_telemetry",
          "args": {}
        }
      ],
      "obs": [
        {
          "tool": "read_telemetry",
          "result": {
            "pose": {
              "x": 4.8,
              "y": 7.9,
              "z": 6.0
            },
            "battery_pct": 98.5,
            "speed_mps": 6.0
          }
        }
      ],
      "net": {
        "slice": "URLLC",
        "lat_ms": 5.2,
        "jitter_ms": 1.5,
        "loss_pct": 0.1,
        "throughput_mbps": 40,
        "edge_load": 0.5
      }
    },
    {
      "turn": 8,
      "speaker": "user",
      "intent": "request_thermal_image",
      "actions": [
        {
          "type": "mcp",
          "name": "capture_image",
          "args": {
            "sensor": "thermal",
            "target": "pipeline_joint_4"
          }
        }
      ],
      "obs": [
        {
          "tool": "capture_image",
          "result": {
            "status": "success",
            "image_id": "thermal_0017",
            "anomaly_detected": true,
            "temp_c": 87.3
          }
        }
      ],
      "net": {
        "slice": "eMBB",
        "lat_ms": 16.0,
        "jitter_ms": 4.0,
        "loss_pct": 0.5,
        "throughput_mbps": 100,
        "edge_load": 0.75
      }
    },
    {
      "turn": 9,
      "speaker": "agent",
      "intent": "report_anomaly_and_replan",
      "actions": [
        {
          "type": "a2a",
          "task": "notify_maintenance",
          "to": "ground_control_agent",
          "payload": {
            "anomaly": "overheating_joint",
            "location": "pipeline_joint_4",
            "image_id": "thermal_0017"
          }
        },
        {
          "type": "mcp",
          "name": "set_speed",
          "args": {
            "speed_mps": 4.0
          }
        }
      ],
      "obs": [
        {
          "task": "notify_maintenance",
          "from": "ground_control_agent",
          "status": "acknowledged",
          "payload": {
            "response_team": "dispatched",
            "eta_min": 15
          }
        },
        {
          "tool": "set_speed",
          "result": {
            "speed_mps": 4.0
          }
        }
      ],
      "net": {
        "slice": "URLLC",
        "lat_ms": 3.8,
        "jitter_ms": 0.9,
        "loss_pct": 0.03,
        "throughput_mbps": 52,
        "edge_load": 0.28
      }
    },
    {
      "turn": 10,
      "speaker": "user",
      "intent": "return_to_base",
      "actions": [
        {
          "type": "mcp",
          "name": "set_waypoint",
          "args": {
            "x": 1.0,
            "y": 1.0,
            "z": 1.5
          }
        }
      ],
      "obs": [
        {
          "tool": "set_waypoint",
          "result": {
            "status": "accepted",
            "eta_s": 120
          }
        }
      ],
      "net": {
        "slice": "URLLC",
        "lat_ms": 4.1,
        "jitter_ms": 1.1,
        "loss_pct": 0.04,
        "throughput_mbps": 49,
        "edge_load": 0.35
      }
    },
    {
      "turn": 11,
      "speaker": "agent",
      "intent": "confirm_return",
      "actions": [
        {
          "type": "mcp",
          "name": "read_telemetry",
          "args": {}
        }
      ],
      "obs": [
        {
          "tool": "read_telemetry",
          "result": {
            "pose": {
              "x": 2.1,
              "y": 2.3,
              "z": 1.5
            },
            "battery_pct": 96.2,
            "speed_mps": 4.0
          }
        }
      ],
      "net": {
        "slice": "URLLC",
        "lat_ms": 3.5,
        "jitter_ms": 0.7,
        "loss_pct": 0.01,
        "throughput_mbps": 55,
        "edge_load": 0.25
      }
    }
  ],
  "final_state": {
    "domain": "uav",
    "time_s": 120.0,
    "env": {
      "weather": "dust",
      "wind_mps": 2.5,
      "wind_dir_deg": 135.0
    },
    "airspace": {
      "alt_bounds": [
        0.5,
        8.0
      ],
      "geofence": [
        {
          "type": "polygon",
          "points": [
            [
              0.0,
              0.0
            ],
            [
              0.0,
              20.0
            ],
            [
              15.0,
              20.0
            ],
            [
              15.0,
              0.0
            ]
          ]
        }
      ]
    },
    "uav": {
      "pose": {
        "x": 1.0,
        "y": 1.0,
        "z": 1.5,
        "yaw": 90.0
      },
      "speed_mps": 0.0,
      "energy": {
        "battery_pct": 96.0
      },
      "sensors": {
        "rgb": "ok",
        "thermal": "ok",
        "lidar": "ok",
        "radar": "offline",
        "gnss": "ok",
        "imu": "ok",
        "magnetometer": "ok",
        "barometer": "ok"
      },
      "payloads": []
    },
    "policy": {
      "alt_bounds": [
        0.5,
        8.0
      ]
    },
    "safety_flags": {
      "nfz_violation": false,
      "separation_breach": false
    }
  },
  "success": true,
  "_meta": {
    "seed": 42,
    "ts": 1763950155,
    "ts_iso": "2025-11-24T02:09:15Z",
    "gen_time_s": 45.82726502418518,
    "attempts_used": 1,
    "generation_failed": false,
    "usage": {
      "prompt_tokens": 1047,
      "completion_tokens": 3615,
      "total_tokens": 4662,
      "cost": 0.0030537,
      "is_byok": false,
      "prompt_tokens_details": {
        "cached_tokens": 624,
        "audio_tokens": 0,
        "video_tokens": 0
      },
      "cost_details": {
        "upstream_inference_cost": null,
        "upstream_inference_prompt_cost": 0.0001617,
        "upstream_inference_completions_cost": 0.002892
      },
      "completion_tokens_details": {
        "reasoning_tokens": 0,
        "image_tokens": 0
      }
    }
  }
}