{
  "initial_state": {
    "domain": "uav",
    "time_s": 0.0,
    "env": {
      "weather": "fog",
      "wind_mps": 6.5,
      "wind_dir_deg": 240.0
    },
    "airspace": {
      "alt_bounds": [
        10.0,
        120.0
      ],
      "geofence": [
        {
          "type": "polygon",
          "points": [
            [
              0,
              0
            ],
            [
              500,
              0
            ],
            [
              500,
              400
            ],
            [
              0,
              400
            ]
          ]
        }
      ]
    },
    "uav": {
      "pose": {
        "x": 50.0,
        "y": 50.0,
        "z": 30.0,
        "yaw": 90.0
      },
      "speed_mps": 18.0,
      "energy": {
        "battery_pct": 100.0
      },
      "sensors": {
        "rgb": "ok",
        "thermal": "offline",
        "lidar": "ok",
        "radar": "offline",
        "gnss": "ok",
        "imu": "ok",
        "magnetometer": "ok",
        "barometer": "ok"
      },
      "payloads": []
    },
    "policy": {
      "alt_bounds": [
        10.0,
        120.0
      ]
    },
    "safety_flags": {
      "nfz_violation": false,
      "separation_breach": false
    }
  },
  "dialogue": [
    {
      "turn": 1,
      "speaker": "agent",
      "intent": "initiate mission and check telemetry",
      "actions": [
        {
          "type": "mcp",
          "name": "read_telemetry",
          "args": {}
        }
      ],
      "obs": [
        {
          "tool": "read_telemetry",
          "result": {
            "pose": {
              "x": 50.0,
              "y": 50.0,
              "z": 30.0
            },
            "battery_pct": 100.0,
            "speed_mps": 18.0,
            "sensors": {
              "thermal": "offline",
              "radar": "offline"
            }
          }
        }
      ],
      "net": {
        "slice": "eMBB",
        "lat_ms": 12,
        "jitter_ms": 2,
        "loss_pct": 0.1,
        "throughput_mbps": 850,
        "edge_load": 0.45
      }
    },
    {
      "turn": 2,
      "speaker": "user",
      "intent": "confirm mission start and request thermal activation",
      "actions": [
        {
          "type": "mcp",
          "name": "activate_sensor",
          "args": {
            "sensor": "thermal"
          }
        }
      ],
      "obs": [
        {
          "tool": "activate_sensor",
          "result": {
            "sensor": "thermal",
            "status": "failed",
            "reason": "sensor hardware offline"
          }
        }
      ],
      "net": {
        "slice": "eMBB",
        "lat_ms": 11,
        "jitter_ms": 1.8,
        "loss_pct": 0.05,
        "throughput_mbps": 870,
        "edge_load": 0.47
      }
    },
    {
      "turn": 3,
      "speaker": "agent",
      "intent": "assess sensor failure and plan alternate perception",
      "actions": [
        {
          "type": "mcp",
          "name": "plan_route",
          "args": {
            "goal": {
              "x": 450,
              "y": 350,
              "z": 50
            },
            "use_lidar": true
          }
        }
      ],
      "obs": [
        {
          "tool": "plan_route",
          "result": {
            "route_length_m": 560,
            "estimated_time_s": 38,
            "waypoints": [
              {
                "x": 150,
                "y": 100,
                "z": 40
              },
              {
                "x": 300,
                "y": 200,
                "z": 45
              },
              {
                "x": 450,
                "y": 350,
                "z": 50
              }
            ]
          }
        }
      ],
      "net": {
        "slice": "URLLC",
        "lat_ms": 8,
        "jitter_ms": 1,
        "loss_pct": 0.02,
        "throughput_mbps": 120,
        "edge_load": 0.3
      }
    },
    {
      "turn": 4,
      "speaker": "user",
      "intent": "approve route and request swarm coordination",
      "actions": [
        {
          "type": "a2a",
          "task": "collision_avoidance",
          "to": "uav_swarm_agent",
          "payload": {
            "current_pose": {
              "x": 50,
              "y": 50,
              "z": 30
            },
            "route": [
              {
                "x": 150,
                "y": 100,
                "z": 40
              },
              {
                "x": 300,
                "y": 200,
                "z": 45
              },
              {
                "x": 450,
                "y": 350,
                "z": 50
              }
            ]
          }
        }
      ],
      "obs": [
        {
          "task": "collision_avoidance",
          "from": "uav_swarm_agent",
          "status": "ok",
          "payload": {
            "conflicts": [],
            "recommendation": "proceed"
          }
        }
      ],
      "net": {
        "slice": "URLLC",
        "lat_ms": 9,
        "jitter_ms": 1.2,
        "loss_pct": 0.01,
        "throughput_mbps": 110,
        "edge_load": 0.32
      }
    },
    {
      "turn": 5,
      "speaker": "agent",
      "intent": "initiate movement and monitor telemetry",
      "actions": [
        {
          "type": "mcp",
          "name": "move_to",
          "args": {
            "waypoint": {
              "x": 150,
              "y": 100,
              "z": 40
            },
            "speed": 18
          }
        }
      ],
      "obs": [
        {
          "tool": "move_to",
          "result": {
            "status": "in_progress",
            "estimated_arrival_s": 6.2
          }
        }
      ],
      "net": {
        "slice": "URLLC",
        "lat_ms": 7,
        "jitter_ms": 0.9,
        "loss_pct": 0.03,
        "throughput_mbps": 105,
        "edge_load": 0.35
      }
    },
    {
      "turn": 6,
      "speaker": "user",
      "intent": "request status update and battery check",
      "actions": [
        {
          "type": "mcp",
          "name": "read_telemetry",
          "args": {}
        }
      ],
      "obs": [
        {
          "tool": "read_telemetry",
          "result": {
            "pose": {
              "x": 120.4,
              "y": 85.1,
              "z": 38.2
            },
            "battery_pct": 96.3,
            "speed_mps": 17.8,
            "status": "on_route"
          }
        }
      ],
      "net": {
        "slice": "mMTC",
        "lat_ms": 150,
        "jitter_ms": 25,
        "loss_pct": 1.2,
        "throughput_mbps": 1.5,
        "edge_load": 0.8
      }
    },
    {
      "turn": 7,
      "speaker": "agent",
      "intent": "adapt to network degradation, reduce sensing frequency",
      "actions": [
        {
          "type": "mcp",
          "name": "adjust_sensor_rate",
          "args": {
            "sensor": "lidar",
            "rate_hz": 5
          }
        }
      ],
      "obs": [
        {
          "tool": "adjust_sensor_rate",
          "result": {
            "sensor": "lidar",
            "rate_hz": 5,
            "status": "adjusted"
          }
        }
      ],
      "net": {
        "slice": "mMTC",
        "lat_ms": 160,
        "jitter_ms": 30,
        "loss_pct": 1.5,
        "throughput_mbps": 1.2,
        "edge_load": 0.85
      }
    },
    {
      "turn": 8,
      "speaker": "user",
      "intent": "instruct to resume normal sensing if network improves",
      "actions": [
        {
          "type": "mcp",
          "name": "monitor_network",
          "args": {
            "threshold": {
              "lat_ms": 50,
              "loss_pct": 0.5
            }
          }
        }
      ],
      "obs": [
        {
          "tool": "monitor_network",
          "result": {
            "status": "monitoring",
            "trigger_action": "restore_lidar_rate"
          }
        }
      ],
      "net": {
        "slice": "eMBB",
        "lat_ms": 45,
        "jitter_ms": 5,
        "loss_pct": 0.4,
        "throughput_mbps": 720,
        "edge_load": 0.5
      }
    },
    {
      "turn": 9,
      "speaker": "agent",
      "intent": "complete final leg and prepare delivery",
      "actions": [
        {
          "type": "mcp",
          "name": "move_to",
          "args": {
            "waypoint": {
              "x": 450,
              "y": 350,
              "z": 50
            },
            "speed": 12
          }
        }
      ],
      "obs": [
        {
          "tool": "move_to",
          "result": {
            "status": "arrived",
            "time_s": 36.8
          }
        }
      ],
      "net": {
        "slice": "URLLC",
        "lat_ms": 6,
        "jitter_ms": 1.1,
        "loss_pct": 0.02,
        "throughput_mbps": 130,
        "edge_load": 0.28
      }
    },
    {
      "turn": 10,
      "speaker": "user",
      "intent": "confirm arrival and initiate delivery",
      "actions": [
        {
          "type": "mcp",
          "name": "deploy_payload",
          "args": {
            "payload_id": "medkit_001"
          }
        }
      ],
      "obs": [
        {
          "tool": "deploy_payload",
          "result": {
            "payload_id": "medkit_001",
            "status": "success",
            "timestamp_s": 37.1
          }
        }
      ],
      "net": {
        "slice": "URLLC",
        "lat_ms": 5,
        "jitter_ms": 0.8,
        "loss_pct": 0.01,
        "throughput_mbps": 140,
        "edge_load": 0.25
      }
    }
  ],
  "final_state": {
    "domain": "uav",
    "time_s": 37.1,
    "env": {
      "weather": "fog",
      "wind_mps": 6.5,
      "wind_dir_deg": 240.0
    },
    "airspace": {
      "alt_bounds": [
        10.0,
        120.0
      ],
      "geofence": [
        {
          "type": "polygon",
          "points": [
            [
              0,
              0
            ],
            [
              500,
              0
            ],
            [
              500,
              400
            ],
            [
              0,
              400
            ]
          ]
        }
      ]
    },
    "uav": {
      "pose": {
        "x": 450.0,
        "y": 350.0,
        "z": 50.0,
        "yaw": 90.0
      },
      "speed_mps": 0.0,
      "energy": {
        "battery_pct": 92.1
      },
      "sensors": {
        "rgb": "ok",
        "thermal": "offline",
        "lidar": "ok",
        "radar": "offline",
        "gnss": "ok",
        "imu": "ok",
        "magnetometer": "ok",
        "barometer": "ok"
      },
      "payloads": []
    },
    "policy": {
      "alt_bounds": [
        10.0,
        120.0
      ]
    },
    "safety_flags": {
      "nfz_violation": false,
      "separation_breach": false
    }
  },
  "success": true,
  "_meta": {
    "seed": 42,
    "ts": 1763744467,
    "ts_iso": "2025-11-21T17:01:07Z",
    "gen_time_s": 50.58072638511658,
    "attempts_used": 1,
    "generation_failed": false,
    "usage": {
      "prompt_tokens": 1044,
      "completion_tokens": 3215,
      "total_tokens": 4259,
      "cost": 0.00268728,
      "is_byok": false,
      "prompt_tokens_details": {
        "cached_tokens": 1040,
        "audio_tokens": 0,
        "video_tokens": 0
      },
      "cost_details": {
        "upstream_inference_cost": null,
        "upstream_inference_prompt_cost": 0.00011528,
        "upstream_inference_completions_cost": 0.002572
      },
      "completion_tokens_details": {
        "reasoning_tokens": 0,
        "image_tokens": 0
      }
    }
  }
}