{
  "initial_state": {
    "domain": "uav",
    "time_s": 0.0,
    "env": {
      "weather": "icing",
      "wind_mps": 8.0,
      "wind_dir_deg": 270.0
    },
    "airspace": {
      "alt_bounds": [
        5.0,
        120.0
      ],
      "geofence": [
        {
          "type": "polygon",
          "points": [
            [
              100.0,
              100.0
            ],
            [
              500.0,
              100.0
            ],
            [
              500.0,
              500.0
            ],
            [
              100.0,
              500.0
            ]
          ]
        }
      ]
    },
    "uav": {
      "pose": {
        "x": 120.0,
        "y": 120.0,
        "z": 10.0,
        "yaw": 90.0
      },
      "speed_mps": 15.0,
      "energy": {
        "battery_pct": 100.0
      },
      "sensors": {
        "rgb": "ok",
        "thermal": "ok",
        "lidar": "ok",
        "radar": "offline",
        "gnss": "ok",
        "imu": "ok",
        "magnetometer": "ok",
        "barometer": "ok"
      },
      "payloads": []
    },
    "policy": {
      "alt_bounds": [
        5.0,
        120.0
      ]
    },
    "safety_flags": {
      "nfz_violation": false,
      "separation_breach": false
    }
  },
  "dialogue": [
    {
      "turn": 1,
      "speaker": "agent",
      "intent": "initiate_inspection_mission",
      "actions": [
        {
          "type": "mcp",
          "name": "read_telemetry",
          "args": {}
        }
      ],
      "obs": [
        {
          "tool": "read_telemetry",
          "result": {
            "pose": {
              "x": 120.0,
              "y": 120.0,
              "z": 10.0
            },
            "battery_pct": 100.0,
            "speed_mps": 15.0
          }
        }
      ],
      "net": {
        "slice": "URLLC",
        "lat_ms": 3.2,
        "jitter_ms": 0.8,
        "loss_pct": 0.01,
        "throughput_mbps": 50,
        "edge_load": 0.3
      }
    },
    {
      "turn": 2,
      "speaker": "user",
      "intent": "confirm_mission_start",
      "actions": [],
      "obs": [],
      "net": {
        "slice": "URLLC",
        "lat_ms": 3.5,
        "jitter_ms": 0.9,
        "loss_pct": 0.02,
        "throughput_mbps": 48,
        "edge_load": 0.32
      }
    },
    {
      "turn": 3,
      "speaker": "agent",
      "intent": "ascend_to_inspection_altitude",
      "actions": [
        {
          "type": "mcp",
          "name": "set_altitude",
          "args": {
            "target_z": 80.0
          }
        }
      ],
      "obs": [
        {
          "tool": "set_altitude",
          "result": {
            "status": "executing",
            "target_z": 80.0,
            "current_z": 45.0
          }
        }
      ],
      "net": {
        "slice": "eMBB",
        "lat_ms": 12.0,
        "jitter_ms": 3.0,
        "loss_pct": 0.1,
        "throughput_mbps": 120,
        "edge_load": 0.45
      }
    },
    {
      "turn": 4,
      "speaker": "user",
      "intent": "request_weather_assessment",
      "actions": [
        {
          "type": "mcp",
          "name": "get_weather",
          "args": {}
        }
      ],
      "obs": [
        {
          "tool": "get_weather",
          "result": {
            "condition": "icing",
            "wind_mps": 8.0,
            "risk_level": "moderate"
          }
        }
      ],
      "net": {
        "slice": "eMBB",
        "lat_ms": 11.8,
        "jitter_ms": 3.2,
        "loss_pct": 0.12,
        "throughput_mbps": 115,
        "edge_load": 0.47
      }
    },
    {
      "turn": 5,
      "speaker": "agent",
      "intent": "activate_anti_icing",
      "actions": [
        {
          "type": "mcp",
          "name": "activate_system",
          "args": {
            "system": "anti_icing"
          }
        }
      ],
      "obs": [
        {
          "tool": "activate_system",
          "result": {
            "system": "anti_icing",
            "status": "active"
          }
        }
      ],
      "net": {
        "slice": "URLLC",
        "lat_ms": 2.9,
        "jitter_ms": 0.7,
        "loss_pct": 0.01,
        "throughput_mbps": 55,
        "edge_load": 0.28
      }
    },
    {
      "turn": 6,
      "speaker": "user",
      "intent": "coordinate_swarm_avoidance",
      "actions": [
        {
          "type": "a2a",
          "task": "collision_avoidance",
          "to": "uav_swarm_agent",
          "payload": {
            "current_pose": {
              "x": 120.0,
              "y": 120.0,
              "z": 80.0
            },
            "velocity": 15.0
          }
        }
      ],
      "obs": [
        {
          "task": "collision_avoidance",
          "from": "uav_swarm_agent",
          "status": "ok",
          "payload": {
            "recommended_heading": 95.0,
            "safe": true
          }
        }
      ],
      "net": {
        "slice": "URLLC",
        "lat_ms": 3.1,
        "jitter_ms": 0.8,
        "loss_pct": 0.01,
        "throughput_mbps": 52,
        "edge_load": 0.31
      }
    },
    {
      "turn": 7,
      "speaker": "agent",
      "intent": "navigate_to_turbine",
      "actions": [
        {
          "type": "mcp",
          "name": "set_waypoint",
          "args": {
            "x": 400.0,
            "y": 400.0,
            "z": 80.0
          }
        }
      ],
      "obs": [
        {
          "tool": "set_waypoint",
          "result": {
            "status": "reached",
            "arrival_time_s": 45.6
          }
        }
      ],
      "net": {
        "slice": "eMBB",
        "lat_ms": 13.5,
        "jitter_ms": 4.0,
        "loss_pct": 0.15,
        "throughput_mbps": 110,
        "edge_load": 0.5
      }
    },
    {
      "turn": 8,
      "speaker": "user",
      "intent": "initiate_thermal_scan",
      "actions": [
        {
          "type": "mcp",
          "name": "start_sensor_scan",
          "args": {
            "sensor": "thermal",
            "duration_s": 30
          }
        }
      ],
      "obs": [
        {
          "tool": "start_sensor_scan",
          "result": {
            "sensor": "thermal",
            "status": "completed",
            "data_mb": 12.4,
            "anomalies_detected": 2
          }
        }
      ],
      "net": {
        "slice": "eMBB",
        "lat_ms": 14.0,
        "jitter_ms": 4.5,
        "loss_pct": 0.2,
        "throughput_mbps": 100,
        "edge_load": 0.55
      }
    },
    {
      "turn": 9,
      "speaker": "agent",
      "intent": "handle_network_degradation",
      "actions": [
        {
          "type": "mcp",
          "name": "reduce_video_streaming",
          "args": {
            "resolution": "480p"
          }
        }
      ],
      "obs": [
        {
          "tool": "reduce_video_streaming",
          "result": {
            "resolution": "480p",
            "bitrate_kbps": 800
          }
        }
      ],
      "net": {
        "slice": "mMTC",
        "lat_ms": 25.0,
        "jitter_ms": 10.0,
        "loss_pct": 1.5,
        "throughput_mbps": 1.2,
        "edge_load": 0.8
      }
    },
    {
      "turn": 10,
      "speaker": "user",
      "intent": "request_return_to_base",
      "actions": [
        {
          "type": "mcp",
          "name": "set_waypoint",
          "args": {
            "x": 120.0,
            "y": 120.0,
            "z": 10.0
          }
        }
      ],
      "obs": [
        {
          "tool": "set_waypoint",
          "result": {
            "status": "en_route",
            "eta_s": 65.3
          }
        }
      ],
      "net": {
        "slice": "URLLC",
        "lat_ms": 3.3,
        "jitter_ms": 0.9,
        "loss_pct": 0.02,
        "throughput_mbps": 49,
        "edge_load": 0.33
      }
    },
    {
      "turn": 11,
      "speaker": "agent",
      "intent": "land_safely",
      "actions": [
        {
          "type": "mcp",
          "name": "land",
          "args": {}
        }
      ],
      "obs": [
        {
          "tool": "land",
          "result": {
            "status": "completed",
            "final_pose": {
              "x": 120.0,
              "y": 120.0,
              "z": 0.5
            }
          }
        }
      ],
      "net": {
        "slice": "URLLC",
        "lat_ms": 3.0,
        "jitter_ms": 0.7,
        "loss_pct": 0.01,
        "throughput_mbps": 51,
        "edge_load": 0.3
      }
    }
  ],
  "final_state": {
    "domain": "uav",
    "time_s": 150.0,
    "env": {
      "weather": "icing",
      "wind_mps": 8.0,
      "wind_dir_deg": 270.0
    },
    "airspace": {
      "alt_bounds": [
        5.0,
        120.0
      ],
      "geofence": [
        {
          "type": "polygon",
          "points": [
            [
              100.0,
              100.0
            ],
            [
              500.0,
              100.0
            ],
            [
              500.0,
              500.0
            ],
            [
              100.0,
              500.0
            ]
          ]
        }
      ]
    },
    "uav": {
      "pose": {
        "x": 120.0,
        "y": 120.0,
        "z": 0.5,
        "yaw": 90.0
      },
      "speed_mps": 0.0,
      "energy": {
        "battery_pct": 68.0
      },
      "sensors": {
        "rgb": "ok",
        "thermal": "ok",
        "lidar": "ok",
        "radar": "offline",
        "gnss": "ok",
        "imu": "ok",
        "magnetometer": "ok",
        "barometer": "ok"
      },
      "payloads": []
    },
    "policy": {
      "alt_bounds": [
        5.0,
        120.0
      ]
    },
    "safety_flags": {
      "nfz_violation": false,
      "separation_breach": false
    }
  },
  "success": true,
  "_meta": {
    "seed": 42,
    "ts": 1764095617,
    "ts_iso": "2025-11-25T18:33:37Z",
    "gen_time_s": 109.67878103256226,
    "attempts_used": 1,
    "generation_failed": false,
    "usage": {
      "prompt_tokens": 1068,
      "completion_tokens": 3133,
      "total_tokens": 4201,
      "cost": 0.001530608,
      "is_byok": false,
      "prompt_tokens_details": {
        "cached_tokens": 0,
        "audio_tokens": 0,
        "video_tokens": 0
      },
      "cost_details": {
        "upstream_inference_cost": null,
        "upstream_inference_prompt_cost": 7.6896e-05,
        "upstream_inference_completions_cost": 0.001453712
      },
      "completion_tokens_details": {
        "reasoning_tokens": 0,
        "image_tokens": 0
      }
    }
  }
}