{
  "initial_state": {
    "domain": "uav",
    "time_s": 0.0,
    "env": {
      "weather": "hail",
      "wind_mps": 8.5,
      "wind_dir_deg": 240.0
    },
    "airspace": {
      "alt_bounds": [
        20.0,
        120.0
      ],
      "geofence": [
        {
          "type": "polygon",
          "points": [
            [
              0.0,
              0.0
            ],
            [
              800.0,
              0.0
            ],
            [
              800.0,
              600.0
            ],
            [
              0.0,
              600.0
            ]
          ]
        }
      ]
    },
    "uav": {
      "pose": {
        "x": 100.0,
        "y": 100.0,
        "z": 40.0,
        "yaw": 90.0
      },
      "speed_mps": 18.0,
      "energy": {
        "battery_pct": 100.0
      },
      "sensors": {
        "rgb": "ok",
        "thermal": "offline",
        "lidar": "offline",
        "radar": "offline",
        "gnss": "ok",
        "imu": "ok",
        "magnetometer": "ok",
        "barometer": "ok"
      },
      "payloads": []
    },
    "policy": {
      "alt_bounds": [
        20.0,
        120.0
      ]
    },
    "safety_flags": {
      "nfz_violation": false,
      "separation_breach": false
    }
  },
  "dialogue": [
    {
      "turn": 1,
      "speaker": "agent",
      "intent": "initiate_survey_mission",
      "actions": [
        {
          "type": "mcp",
          "name": "read_telemetry",
          "args": {}
        },
        {
          "type": "a2a",
          "task": "request_weather_update",
          "to": "weather_agent",
          "payload": {
            "location": {
              "x": 100.0,
              "y": 100.0
            }
          }
        }
      ],
      "obs": [
        {
          "tool": "read_telemetry",
          "result": {
            "pose": {
              "x": 100.0,
              "y": 100.0,
              "z": 40.0
            },
            "battery_pct": 100.0,
            "sensors": {
              "thermal": "offline"
            }
          }
        },
        {
          "task": "request_weather_update",
          "from": "weather_agent",
          "status": "ok",
          "payload": {
            "precipitation": "hail",
            "visibility_m": 450,
            "wind_gust_mps": 14.2
          }
        }
      ],
      "net": {
        "slice": "URLLC",
        "lat_ms": 8,
        "jitter_ms": 1.2,
        "loss_pct": 0.1,
        "throughput_mbps": 50,
        "edge_load": 0.35
      }
    },
    {
      "turn": 2,
      "speaker": "user",
      "intent": "approve_altitude_adjustment",
      "actions": [
        {
          "type": "mcp",
          "name": "set_altitude",
          "args": {
            "target_z": 60.0
          }
        }
      ],
      "obs": [
        {
          "tool": "set_altitude",
          "result": {
            "status": "accepted",
            "target_z": 60.0,
            "estimated_time_s": 4.2
          }
        }
      ],
      "net": {
        "slice": "eMBB",
        "lat_ms": 22,
        "jitter_ms": 4.5,
        "loss_pct": 0.3,
        "throughput_mbps": 120,
        "edge_load": 0.68
      }
    },
    {
      "turn": 3,
      "speaker": "agent",
      "intent": "ascend_to_safe_altitude",
      "actions": [
        {
          "type": "mcp",
          "name": "execute_maneuver",
          "args": {
            "maneuver": "climb",
            "target_z": 60.0,
            "rate_mps": 5.0
          }
        }
      ],
      "obs": [
        {
          "tool": "execute_maneuver",
          "result": {
            "status": "completed",
            "final_z": 60.0,
            "duration_s": 4.1,
            "energy_used_pct": 1.2
          }
        }
      ],
      "net": {
        "slice": "URLLC",
        "lat_ms": 7,
        "jitter_ms": 0.9,
        "loss_pct": 0.05,
        "throughput_mbps": 45,
        "edge_load": 0.31
      }
    },
    {
      "turn": 4,
      "speaker": "user",
      "intent": "enable_thermal_sensor",
      "actions": [
        {
          "type": "mcp",
          "name": "power_on_sensor",
          "args": {
            "sensor": "thermal"
          }
        }
      ],
      "obs": [
        {
          "tool": "power_on_sensor",
          "result": {
            "sensor": "thermal",
            "status": "failed",
            "reason": "hardware_fault_during_hail"
          }
        }
      ],
      "net": {
        "slice": "mMTC",
        "lat_ms": 120,
        "jitter_ms": 25,
        "loss_pct": 2.1,
        "throughput_mbps": 1.2,
        "edge_load": 0.85
      }
    },
    {
      "turn": 5,
      "speaker": "agent",
      "intent": "compensate_sensor_failure",
      "actions": [
        {
          "type": "a2a",
          "task": "request_lidar_support",
          "to": "uav_swarm_agent",
          "payload": {
            "requester_id": "uav_01",
            "area": "sector_4",
            "priority": "high"
          }
        }
      ],
      "obs": [
        {
          "task": "request_lidar_support",
          "from": "uav_swarm_agent",
          "status": "acknowledged",
          "payload": {
            "assigned_uav": "uav_07",
            "eta_s": 18
          }
        }
      ],
      "net": {
        "slice": "URLLC",
        "lat_ms": 9,
        "jitter_ms": 1.4,
        "loss_pct": 0.2,
        "throughput_mbps": 48,
        "edge_load": 0.37
      }
    },
    {
      "turn": 6,
      "speaker": "user",
      "intent": "reroute_around_weather",
      "actions": [
        {
          "type": "mcp",
          "name": "set_waypoint",
          "args": {
            "waypoint": {
              "x": 300.0,
              "y": 200.0,
              "z": 60.0
            }
          }
        }
      ],
      "obs": [
        {
          "tool": "set_waypoint",
          "result": {
            "status": "confirmed",
            "waypoint_id": "wp_02",
            "distance_m": 224,
            "estimated_arrival_s": 14
          }
        }
      ],
      "net": {
        "slice": "eMBB",
        "lat_ms": 25,
        "jitter_ms": 5.1,
        "loss_pct": 0.4,
        "throughput_mbps": 110,
        "edge_load": 0.72
      }
    },
    {
      "turn": 7,
      "speaker": "agent",
      "intent": "execute_waypoint_navigation",
      "actions": [
        {
          "type": "mcp",
          "name": "navigate_to_waypoint",
          "args": {
            "waypoint_id": "wp_02"
          }
        }
      ],
      "obs": [
        {
          "tool": "navigate_to_waypoint",
          "result": {
            "status": "in_progress",
            "current_speed_mps": 16.5,
            "battery_pct": 97.8,
            "obstacle_detected": false
          }
        }
      ],
      "net": {
        "slice": "URLLC",
        "lat_ms": 6,
        "jitter_ms": 1.0,
        "loss_pct": 0.08,
        "throughput_mbps": 52,
        "edge_load": 0.29
      }
    },
    {
      "turn": 8,
      "speaker": "user",
      "intent": "check_battery_and_continue",
      "actions": [
        {
          "type": "mcp",
          "name": "read_telemetry",
          "args": {}
        }
      ],
      "obs": [
        {
          "tool": "read_telemetry",
          "result": {
            "battery_pct": 97.8,
            "pose": {
              "x": 245.3,
              "y": 178.1,
              "z": 60.0
            },
            "wind_mps": 9.1
          }
        }
      ],
      "net": {
        "slice": "mMTC",
        "lat_ms": 150,
        "jitter_ms": 30,
        "loss_pct": 3.5,
        "throughput_mbps": 0.8,
        "edge_load": 0.91
      }
    },
    {
      "turn": 9,
      "speaker": "agent",
      "intent": "adapt_to_network_degradation",
      "actions": [
        {
          "type": "mcp",
          "name": "reduce_sensor_frequency",
          "args": {
            "sensor": "rgb",
            "target_hz": 5
          }
        }
      ],
      "obs": [
        {
          "tool": "reduce_sensor_frequency",
          "result": {
            "sensor": "rgb",
            "previous_hz": 30,
            "current_hz": 5,
            "bandwidth_saved_mbps": 8.5
          }
        }
      ],
      "net": {
        "slice": "URLLC",
        "lat_ms": 10,
        "jitter_ms": 1.6,
        "loss_pct": 0.15,
        "throughput_mbps": 40,
        "edge_load": 0.41
      }
    },
    {
      "turn": 10,
      "speaker": "user",
      "intent": "confirm_mission_completion",
      "actions": [
        {
          "type": "mcp",
          "name": "return_to_home",
          "args": {}
        }
      ],
      "obs": [
        {
          "tool": "return_to_home",
          "result": {
            "status": "initiated",
            "home_pose": {
              "x": 100.0,
              "y": 100.0,
              "z": 40.0
            },
            "estimated_time_s": 22
          }
        }
      ],
      "net": {
        "slice": "URLLC",
        "lat_ms": 7,
        "jitter_ms": 1.1,
        "loss_pct": 0.07,
        "throughput_mbps": 47,
        "edge_load": 0.33
      }
    }
  ],
  "final_state": {
    "domain": "uav",
    "time_s": 85.0,
    "env": {
      "weather": "hail",
      "wind_mps": 8.5,
      "wind_dir_deg": 240.0
    },
    "airspace": {
      "alt_bounds": [
        20.0,
        120.0
      ],
      "geofence": [
        {
          "type": "polygon",
          "points": [
            [
              0.0,
              0.0
            ],
            [
              800.0,
              0.0
            ],
            [
              800.0,
              600.0
            ],
            [
              0.0,
              600.0
            ]
          ]
        }
      ]
    },
    "uav": {
      "pose": {
        "x": 150.0,
        "y": 120.0,
        "z": 60.0,
        "yaw": 270.0
      },
      "speed_mps": 15.0,
      "energy": {
        "battery_pct": 95.6
      },
      "sensors": {
        "rgb": "ok",
        "thermal": "offline",
        "lidar": "offline",
        "radar": "offline",
        "gnss": "ok",
        "imu": "ok",
        "magnetometer": "ok",
        "barometer": "ok"
      },
      "payloads": []
    },
    "policy": {
      "alt_bounds": [
        20.0,
        120.0
      ]
    },
    "safety_flags": {
      "nfz_violation": false,
      "separation_breach": false
    }
  },
  "success": true,
  "_meta": {
    "seed": 42,
    "ts": 1763681609,
    "ts_iso": "2025-11-20T23:33:29Z",
    "gen_time_s": 64.3876085281372,
    "attempts_used": 1,
    "generation_failed": false,
    "usage": {
      "prompt_tokens": 1060,
      "completion_tokens": 3246,
      "total_tokens": 4306,
      "cost": 0.00276312,
      "is_byok": false,
      "prompt_tokens_details": {
        "cached_tokens": 608,
        "audio_tokens": 0,
        "video_tokens": 0
      },
      "cost_details": {
        "upstream_inference_cost": null,
        "upstream_inference_prompt_cost": 0.00016632,
        "upstream_inference_completions_cost": 0.0025968
      },
      "completion_tokens_details": {
        "reasoning_tokens": 0,
        "image_tokens": 0
      }
    }
  }
}