{
  "initial_state": {
    "domain": "uav",
    "time_s": 0.0,
    "env": {
      "weather": "dust",
      "wind_mps": 12.0,
      "wind_dir_deg": 240.0
    },
    "airspace": {
      "alt_bounds": [
        10.0,
        120.0
      ],
      "geofence": [
        {
          "type": "polygon",
          "points": [
            [
              0.0,
              0.0
            ],
            [
              200.0,
              0.0
            ],
            [
              200.0,
              150.0
            ],
            [
              0.0,
              150.0
            ]
          ]
        }
      ]
    },
    "uav": {
      "pose": {
        "x": 20.0,
        "y": 20.0,
        "z": 10.0,
        "yaw": 240.0
      },
      "speed_mps": 28.0,
      "energy": {
        "battery_pct": 100.0
      },
      "sensors": {
        "rgb": "ok",
        "thermal": "offline",
        "lidar": "offline",
        "radar": "ok",
        "gnss": "ok",
        "imu": "ok",
        "magnetometer": "ok",
        "barometer": "ok"
      },
      "payloads": []
    },
    "policy": {
      "alt_bounds": [
        10.0,
        120.0
      ]
    },
    "safety_flags": {
      "nfz_violation": false,
      "separation_breach": false
    }
  },
  "dialogue": [
    {
      "turn": 1,
      "speaker": "agent",
      "intent": "initiate inspection mission under dust conditions",
      "actions": [
        {
          "type": "mcp",
          "name": "read_telemetry",
          "args": {}
        },
        {
          "type": "mcp",
          "name": "activate_sensor",
          "args": {
            "sensor": "thermal"
          }
        }
      ],
      "obs": [
        {
          "tool": "read_telemetry",
          "result": {
            "pose": {
              "x": 20.0,
              "y": 20.0,
              "z": 10.0
            },
            "battery_pct": 100.0,
            "speed_mps": 28.0
          }
        },
        {
          "tool": "activate_sensor",
          "result": {
            "sensor": "thermal",
            "status": "failed",
            "reason": "sensor blocked by dust"
          }
        }
      ],
      "net": {
        "slice": "eMBB",
        "lat_ms": 25,
        "jitter_ms": 3,
        "loss_pct": 0.1,
        "throughput_mbps": 850,
        "edge_load": 0.4
      }
    },
    {
      "turn": 2,
      "speaker": "user",
      "intent": "request status and alternate plan",
      "actions": [
        {
          "type": "mcp",
          "name": "get_weather_report",
          "args": {}
        }
      ],
      "obs": [
        {
          "tool": "get_weather_report",
          "result": {
            "condition": "dust_storm",
            "visibility_m": 400,
            "wind_mps": 14.0,
            "recommendation": "use radar and reduce speed"
          }
        }
      ],
      "net": {
        "slice": "URLLC",
        "lat_ms": 8,
        "jitter_ms": 1,
        "loss_pct": 0.05,
        "throughput_mbps": 120,
        "edge_load": 0.3
      }
    },
    {
      "turn": 3,
      "speaker": "agent",
      "intent": "adjust flight plan for safety and sensor limitations",
      "actions": [
        {
          "type": "mcp",
          "name": "set_speed",
          "args": {
            "speed_mps": 18.0
          }
        },
        {
          "type": "mcp",
          "name": "ascend",
          "args": {
            "target_z": 60.0
          }
        }
      ],
      "obs": [
        {
          "tool": "set_speed",
          "result": {
            "status": "acknowledged",
            "actual_speed": 18.0
          }
        },
        {
          "tool": "ascend",
          "result": {
            "status": "in_progress",
            "target_z": 60.0
          }
        }
      ],
      "net": {
        "slice": "URLLC",
        "lat_ms": 9,
        "jitter_ms": 1.2,
        "loss_pct": 0.08,
        "throughput_mbps": 110,
        "edge_load": 0.35
      }
    },
    {
      "turn": 4,
      "speaker": "user",
      "intent": "verify geofence compliance and request swarm coordination",
      "actions": [
        {
          "type": "a2a",
          "task": "collision_avoidance",
          "to": "uav_swarm_agent",
          "payload": {
            "current_pose": {
              "x": 20.0,
              "y": 20.0,
              "z": 35.0
            },
            "trajectory": [
              [
                40.0,
                40.0,
                60.0
              ],
              [
                80.0,
                80.0,
                60.0
              ]
            ]
          }
        }
      ],
      "obs": [
        {
          "task": "collision_avoidance",
          "from": "uav_swarm_agent",
          "status": "ok",
          "payload": {
            "clearance": true,
            "recommended_alt": 60.0
          }
        }
      ],
      "net": {
        "slice": "URLLC",
        "lat_ms": 7,
        "jitter_ms": 0.9,
        "loss_pct": 0.04,
        "throughput_mbps": 130,
        "edge_load": 0.28
      }
    },
    {
      "turn": 5,
      "speaker": "agent",
      "intent": "proceed to inspection waypoint using radar",
      "actions": [
        {
          "type": "mcp",
          "name": "navigate_to",
          "args": {
            "x": 80.0,
            "y": 80.0,
            "z": 60.0
          }
        },
        {
          "type": "mcp",
          "name": "activate_sensor",
          "args": {
            "sensor": "radar"
          }
        }
      ],
      "obs": [
        {
          "tool": "navigate_to",
          "result": {
            "status": "en_route",
            "eta_s": 120
          }
        },
        {
          "tool": "activate_sensor",
          "result": {
            "sensor": "radar",
            "status": "active"
          }
        }
      ],
      "net": {
        "slice": "eMBB",
        "lat_ms": 30,
        "jitter_ms": 5,
        "loss_pct": 0.2,
        "throughput_mbps": 800,
        "edge_load": 0.5
      }
    },
    {
      "turn": 6,
      "speaker": "user",
      "intent": "monitor network degradation and request telemetry",
      "actions": [
        {
          "type": "mcp",
          "name": "read_telemetry",
          "args": {}
        }
      ],
      "obs": [
        {
          "tool": "read_telemetry",
          "result": {
            "pose": {
              "x": 50.0,
              "y": 50.0,
              "z": 60.0
            },
            "battery_pct": 96.0,
            "speed_mps": 18.0
          }
        }
      ],
      "net": {
        "slice": "eMBB",
        "lat_ms": 120,
        "jitter_ms": 25,
        "loss_pct": 8.0,
        "throughput_mbps": 200,
        "edge_load": 0.85
      }
    },
    {
      "turn": 7,
      "speaker": "agent",
      "intent": "adapt to network degradation by switching to mMTC",
      "actions": [
        {
          "type": "mcp",
          "name": "switch_network_slice",
          "args": {
            "target": "mMTC"
          }
        },
        {
          "type": "mcp",
          "name": "compress_and_transmit",
          "args": {
            "data_type": "radar_scan",
            "quality": "low"
          }
        }
      ],
      "obs": [
        {
          "tool": "switch_network_slice",
          "result": {
            "status": "success",
            "current_slice": "mMTC"
          }
        },
        {
          "tool": "compress_and_transmit",
          "result": {
            "status": "sent",
            "size_kb": 120,
            "reliability": "high"
          }
        }
      ],
      "net": {
        "slice": "mMTC",
        "lat_ms": 50,
        "jitter_ms": 10,
        "loss_pct": 0.5,
        "throughput_mbps": 1.2,
        "edge_load": 0.4
      }
    },
    {
      "turn": 8,
      "speaker": "user",
      "intent": "authorize final approach and thermal retry",
      "actions": [
        {
          "type": "mcp",
          "name": "activate_sensor",
          "args": {
            "sensor": "thermal",
            "override": true
          }
        }
      ],
      "obs": [
        {
          "tool": "activate_sensor",
          "result": {
            "sensor": "thermal",
            "status": "active",
            "quality": "degraded"
          }
        }
      ],
      "net": {
        "slice": "mMTC",
        "lat_ms": 48,
        "jitter_ms": 9,
        "loss_pct": 0.6,
        "throughput_mbps": 1.0,
        "edge_load": 0.42
      }
    },
    {
      "turn": 9,
      "speaker": "agent",
      "intent": "perform inspection at target",
      "actions": [
        {
          "type": "mcp",
          "name": "hover",
          "args": {
            "duration_s": 30
          }
        },
        {
          "type": "mcp",
          "name": "capture_image",
          "args": {
            "sensor": "rgb"
          }
        }
      ],
      "obs": [
        {
          "tool": "hover",
          "result": {
            "status": "completed",
            "duration_s": 30
          }
        },
        {
          "tool": "capture_image",
          "result": {
            "status": "success",
            "image_id": "IMG_8821",
            "metadata": {
              "x": 80.0,
              "y": 80.0,
              "z": 60.0
            }
          }
        }
      ],
      "net": {
        "slice": "URLLC",
        "lat_ms": 10,
        "jitter_ms": 1.5,
        "loss_pct": 0.1,
        "throughput_mbps": 100,
        "edge_load": 0.38
      }
    },
    {
      "turn": 10,
      "speaker": "user",
      "intent": "initiate return and system check",
      "actions": [
        {
          "type": "mcp",
          "name": "return_to_home",
          "args": {}
        }
      ],
      "obs": [
        {
          "tool": "return_to_home",
          "result": {
            "status": "initiated",
            "route": "direct",
            "eta_s": 150
          }
        }
      ],
      "net": {
        "slice": "URLLC",
        "lat_ms": 9,
        "jitter_ms": 1.1,
        "loss_pct": 0.07,
        "throughput_mbps": 115,
        "edge_load": 0.33
      }
    },
    {
      "turn": 11,
      "speaker": "agent",
      "intent": "confirm safe return and log mission",
      "actions": [
        {
          "type": "mcp",
          "name": "read_telemetry",
          "args": {}
        },
        {
          "type": "mcp",
          "name": "log_mission_data",
          "args": {
            "transmit": true
          }
        }
      ],
      "obs": [
        {
          "tool": "read_telemetry",
          "result": {
            "pose": {
              "x": 15.0,
              "y": 15.0,
              "z": 12.0
            },
            "battery_pct": 82.0,
            "speed_mps": 20.0
          }
        },
        {
          "tool": "log_mission_data",
          "result": {
            "status": "success",
            "stored_locally": true,
            "transmitted": true
          }
        }
      ],
      "net": {
        "slice": "eMBB",
        "lat_ms": 28,
        "jitter_ms": 3.2,
        "loss_pct": 0.12,
        "throughput_mbps": 820,
        "edge_load": 0.41
      }
    }
  ],
  "final_state": {
    "domain": "uav",
    "time_s": 320.0,
    "env": {
      "weather": "dust",
      "wind_mps": 12.0,
      "wind_dir_deg": 240.0
    },
    "airspace": {
      "alt_bounds": [
        10.0,
        120.0
      ],
      "geofence": [
        {
          "type": "polygon",
          "points": [
            [
              0.0,
              0.0
            ],
            [
              200.0,
              0.0
            ],
            [
              200.0,
              150.0
            ],
            [
              0.0,
              150.0
            ]
          ]
        }
      ]
    },
    "uav": {
      "pose": {
        "x": 15.0,
        "y": 15.0,
        "z": 12.0,
        "yaw": 240.0
      },
      "speed_mps": 0.0,
      "energy": {
        "battery_pct": 82.0
      },
      "sensors": {
        "rgb": "ok",
        "thermal": "active",
        "lidar": "offline",
        "radar": "ok",
        "gnss": "ok",
        "imu": "ok",
        "magnetometer": "ok",
        "barometer": "ok"
      },
      "payloads": []
    },
    "policy": {
      "alt_bounds": [
        10.0,
        120.0
      ]
    },
    "safety_flags": {
      "nfz_violation": false,
      "separation_breach": false
    }
  },
  "success": true,
  "_meta": {
    "seed": 42,
    "ts": 1764062693,
    "ts_iso": "2025-11-25T09:24:53Z",
    "gen_time_s": 52.181530714035034,
    "attempts_used": 1,
    "generation_failed": false,
    "usage": {
      "prompt_tokens": 1059,
      "completion_tokens": 3683,
      "total_tokens": 4742,
      "cost": 0.0031125,
      "is_byok": false,
      "prompt_tokens_details": {
        "cached_tokens": 608,
        "audio_tokens": 0,
        "video_tokens": 0
      },
      "cost_details": {
        "upstream_inference_cost": null,
        "upstream_inference_prompt_cost": 0.0001661,
        "upstream_inference_completions_cost": 0.0029464
      },
      "completion_tokens_details": {
        "reasoning_tokens": 0,
        "image_tokens": 0
      }
    }
  }
}