{
  "initial_state": {
    "domain": "uav",
    "time_s": 0.0,
    "env": {
      "weather": "icing",
      "wind_mps": 8.0,
      "wind_dir_deg": 240.0
    },
    "airspace": {
      "alt_bounds": [
        5.0,
        120.0
      ],
      "geofence": [
        {
          "type": "polygon",
          "points": [
            [
              0.0,
              0.0
            ],
            [
              200.0,
              0.0
            ],
            [
              200.0,
              150.0
            ],
            [
              0.0,
              150.0
            ]
          ]
        }
      ]
    },
    "uav": {
      "pose": {
        "x": 20.0,
        "y": 20.0,
        "z": 10.0,
        "yaw": 90.0
      },
      "speed_mps": 28.0,
      "energy": {
        "battery_pct": 100.0
      },
      "sensors": {
        "rgb": "ok",
        "thermal": "offline",
        "lidar": "ok",
        "radar": "offline",
        "gnss": "ok",
        "imu": "ok",
        "magnetometer": "ok",
        "barometer": "ok"
      },
      "payloads": []
    },
    "policy": {
      "alt_bounds": [
        5.0,
        120.0
      ]
    },
    "safety_flags": {
      "nfz_violation": false,
      "separation_breach": false
    }
  },
  "dialogue": [
    {
      "turn": 1,
      "speaker": "agent",
      "intent": "initiate mission and check telemetry",
      "actions": [
        {
          "type": "mcp",
          "name": "read_telemetry",
          "args": {}
        }
      ],
      "obs": [
        {
          "tool": "read_telemetry",
          "result": {
            "pose": {
              "x": 20.0,
              "y": 20.0,
              "z": 10.0
            },
            "battery_pct": 100.0,
            "speed_mps": 28.0,
            "sensors": {
              "gnss": "ok",
              "imu": "ok"
            }
          }
        }
      ],
      "net": {
        "slice": "URLLC",
        "lat_ms": 3.2,
        "jitter_ms": 0.8,
        "loss_pct": 0.01,
        "throughput_mbps": 50,
        "edge_load": 0.35
      }
    },
    {
      "turn": 2,
      "speaker": "user",
      "intent": "confirm mission start and request route plan",
      "actions": [
        {
          "type": "mcp",
          "name": "request_route_plan",
          "args": {
            "destination": [
              180.0,
              140.0
            ],
            "altitude": 80.0
          }
        }
      ],
      "obs": [
        {
          "tool": "request_route_plan",
          "result": {
            "route": [
              [
                20.0,
                20.0
              ],
              [
                60.0,
                50.0
              ],
              [
                120.0,
                100.0
              ],
              [
                180.0,
                140.0
              ]
            ],
            "estimated_time_s": 120.0,
            "battery_impact_pct": 15.0
          }
        }
      ],
      "net": {
        "slice": "eMBB",
        "lat_ms": 12.0,
        "jitter_ms": 2.1,
        "loss_pct": 0.05,
        "throughput_mbps": 120,
        "edge_load": 0.6
      }
    },
    {
      "turn": 3,
      "speaker": "agent",
      "intent": "coordinate with swarm for collision check",
      "actions": [
        {
          "type": "a2a",
          "task": "collision_avoidance",
          "to": "uav_swarm_agent",
          "payload": {
            "current_pose": {
              "x": 20.0,
              "y": 20.0,
              "z": 10.0
            },
            "route": [
              [
                20.0,
                20.0
              ],
              [
                60.0,
                50.0
              ],
              [
                120.0,
                100.0
              ],
              [
                180.0,
                140.0
              ]
            ]
          }
        }
      ],
      "obs": [
        {
          "task": "collision_avoidance",
          "from": "uav_swarm_agent",
          "status": "ok",
          "payload": {
            "conflicts": [],
            "advisory": "proceed"
          }
        }
      ],
      "net": {
        "slice": "URLLC",
        "lat_ms": 4.1,
        "jitter_ms": 1.0,
        "loss_pct": 0.02,
        "throughput_mbps": 45,
        "edge_load": 0.4
      }
    },
    {
      "turn": 4,
      "speaker": "user",
      "intent": "approve ascent and activate lidar",
      "actions": [
        {
          "type": "mcp",
          "name": "set_altitude",
          "args": {
            "target_z": 80.0
          }
        },
        {
          "type": "mcp",
          "name": "activate_sensor",
          "args": {
            "sensor": "lidar"
          }
        }
      ],
      "obs": [
        {
          "tool": "set_altitude",
          "result": {
            "status": "command_accepted",
            "target_z": 80.0
          }
        },
        {
          "tool": "activate_sensor",
          "result": {
            "sensor": "lidar",
            "status": "already_active"
          }
        }
      ],
      "net": {
        "slice": "eMBB",
        "lat_ms": 11.5,
        "jitter_ms": 2.3,
        "loss_pct": 0.04,
        "throughput_mbps": 110,
        "edge_load": 0.62
      }
    },
    {
      "turn": 5,
      "speaker": "agent",
      "intent": "monitor ascent and check for GNSS degradation",
      "actions": [
        {
          "type": "mcp",
          "name": "read_telemetry",
          "args": {}
        }
      ],
      "obs": [
        {
          "tool": "read_telemetry",
          "result": {
            "pose": {
              "x": 35.0,
              "y": 38.0,
              "z": 45.0
            },
            "battery_pct": 98.5,
            "gnss": "degraded",
            "imu": "ok"
          }
        }
      ],
      "net": {
        "slice": "URLLC",
        "lat_ms": 3.8,
        "jitter_ms": 1.2,
        "loss_pct": 0.03,
        "throughput_mbps": 55,
        "edge_load": 0.5
      }
    },
    {
      "turn": 6,
      "speaker": "user",
      "intent": "switch to inertial navigation due to GNSS issues",
      "actions": [
        {
          "type": "mcp",
          "name": "set_navigation_mode",
          "args": {
            "mode": "INS"
          }
        }
      ],
      "obs": [
        {
          "tool": "set_navigation_mode",
          "result": {
            "mode": "INS",
            "status": "activated",
            "fallback_reason": "GNSS signal weak"
          }
        }
      ],
      "net": {
        "slice": "URLLC",
        "lat_ms": 3.5,
        "jitter_ms": 0.9,
        "loss_pct": 0.01,
        "throughput_mbps": 50,
        "edge_load": 0.45
      }
    },
    {
      "turn": 7,
      "speaker": "agent",
      "intent": "detect network degradation, reduce telemetry frequency",
      "actions": [
        {
          "type": "mcp",
          "name": "adjust_telemetry_rate",
          "args": {
            "interval_s": 5.0
          }
        }
      ],
      "obs": [
        {
          "tool": "adjust_telemetry_rate",
          "result": {
            "interval_s": 5.0,
            "status": "updated"
          }
        }
      ],
      "net": {
        "slice": "mMTC",
        "lat_ms": 25.0,
        "jitter_ms": 8.0,
        "loss_pct": 2.5,
        "throughput_mbps": 1.0,
        "edge_load": 0.85
      }
    },
    {
      "turn": 8,
      "speaker": "user",
      "intent": "request thermal sensor diagnostics",
      "actions": [
        {
          "type": "mcp",
          "name": "diagnose_sensor",
          "args": {
            "sensor": "thermal"
          }
        }
      ],
      "obs": [
        {
          "tool": "diagnose_sensor",
          "result": {
            "sensor": "thermal",
            "status": "offline",
            "error": "icing on lens",
            "recommendation": "activate de-icing or avoid critical thermal tasks"
          }
        }
      ],
      "net": {
        "slice": "mMTC",
        "lat_ms": 27.0,
        "jitter_ms": 9.0,
        "loss_pct": 3.0,
        "throughput_mbps": 0.8,
        "edge_load": 0.88
      }
    },
    {
      "turn": 9,
      "speaker": "agent",
      "intent": "report status and request landing zone confirmation",
      "actions": [
        {
          "type": "a2a",
          "task": "request_landing_zone_status",
          "to": "ground_control_agent",
          "payload": {
            "target": [
              180.0,
              140.0
            ]
          }
        }
      ],
      "obs": [
        {
          "task": "request_landing_zone_status",
          "from": "ground_control_agent",
          "status": "confirmed",
          "payload": {
            "clear": true,
            "obstacles": []
          }
        }
      ],
      "net": {
        "slice": "URLLC",
        "lat_ms": 4.0,
        "jitter_ms": 1.1,
        "loss_pct": 0.02,
        "throughput_mbps": 48,
        "edge_load": 0.42
      }
    },
    {
      "turn": 10,
      "speaker": "user",
      "intent": "authorize final approach",
      "actions": [
        {
          "type": "mcp",
          "name": "set_waypoint",
          "args": {
            "x": 180.0,
            "y": 140.0,
            "z": 10.0
          }
        }
      ],
      "obs": [
        {
          "tool": "set_waypoint",
          "result": {
            "waypoint": [
              180.0,
              140.0,
              10.0
            ],
            "status": "accepted"
          }
        }
      ],
      "net": {
        "slice": "URLLC",
        "lat_ms": 3.7,
        "jitter_ms": 0.95,
        "loss_pct": 0.01,
        "throughput_mbps": 52,
        "edge_load": 0.38
      }
    },
    {
      "turn": 11,
      "speaker": "agent",
      "intent": "execute landing and deactivate sensors",
      "actions": [
        {
          "type": "mcp",
          "name": "land",
          "args": {}
        },
        {
          "type": "mcp",
          "name": "deactivate_sensor",
          "args": {
            "sensor": "lidar"
          }
        }
      ],
      "obs": [
        {
          "tool": "land",
          "result": {
            "status": "completed",
            "final_pose": {
              "x": 180.0,
              "y": 140.0,
              "z": 0.5
            }
          }
        },
        {
          "tool": "deactivate_sensor",
          "result": {
            "sensor": "lidar",
            "status": "deactivated"
          }
        }
      ],
      "net": {
        "slice": "URLLC",
        "lat_ms": 3.3,
        "jitter_ms": 0.8,
        "loss_pct": 0.01,
        "throughput_mbps": 54,
        "edge_load": 0.33
      }
    }
  ],
  "final_state": {
    "domain": "uav",
    "time_s": 135.0,
    "env": {
      "weather": "icing",
      "wind_mps": 8.0,
      "wind_dir_deg": 240.0
    },
    "airspace": {
      "alt_bounds": [
        5.0,
        120.0
      ],
      "geofence": [
        {
          "type": "polygon",
          "points": [
            [
              0.0,
              0.0
            ],
            [
              200.0,
              0.0
            ],
            [
              200.0,
              150.0
            ],
            [
              0.0,
              150.0
            ]
          ]
        }
      ]
    },
    "uav": {
      "pose": {
        "x": 180.0,
        "y": 140.0,
        "z": 0.5,
        "yaw": 90.0
      },
      "speed_mps": 0.0,
      "energy": {
        "battery_pct": 82.0
      },
      "sensors": {
        "rgb": "ok",
        "thermal": "offline",
        "lidar": "ok",
        "radar": "offline",
        "gnss": "ok",
        "imu": "ok",
        "magnetometer": "ok",
        "barometer": "ok"
      },
      "payloads": []
    },
    "policy": {
      "alt_bounds": [
        5.0,
        120.0
      ]
    },
    "safety_flags": {
      "nfz_violation": false,
      "separation_breach": false
    }
  },
  "success": true,
  "_meta": {
    "seed": 42,
    "ts": 1763992129,
    "ts_iso": "2025-11-24T13:48:49Z",
    "gen_time_s": 69.9829273223877,
    "attempts_used": 1,
    "generation_failed": false,
    "usage": {
      "prompt_tokens": 1067,
      "completion_tokens": 3639,
      "total_tokens": 4706,
      "cost": 0.00307906,
      "is_byok": false,
      "prompt_tokens_details": {
        "cached_tokens": 608,
        "audio_tokens": 0,
        "video_tokens": 0
      },
      "cost_details": {
        "upstream_inference_cost": null,
        "upstream_inference_prompt_cost": 0.00016786,
        "upstream_inference_completions_cost": 0.0029112
      },
      "completion_tokens_details": {
        "reasoning_tokens": 0,
        "image_tokens": 0
      }
    }
  }
}