{
  "initial_state": {
    "domain": "uav",
    "time_s": 0.0,
    "env": {
      "weather": "snow",
      "wind_mps": 9.5,
      "wind_dir_deg": 270.0
    },
    "airspace": {
      "alt_bounds": [
        30.0,
        150.0
      ],
      "geofence": [
        {
          "type": "polygon",
          "points": [
            [
              0.0,
              0.0
            ],
            [
              1000.0,
              0.0
            ],
            [
              1000.0,
              800.0
            ],
            [
              200.0,
              800.0
            ],
            [
              0.0,
              600.0
            ]
          ]
        }
      ]
    },
    "uav": {
      "pose": {
        "x": 50.0,
        "y": 50.0,
        "z": 30.0,
        "yaw": 90.0
      },
      "speed_mps": 32.0,
      "energy": {
        "battery_pct": 100.0
      },
      "sensors": {
        "rgb": "ok",
        "thermal": "ok",
        "lidar": "ok",
        "radar": "offline",
        "gnss": "ok",
        "imu": "ok",
        "magnetometer": "ok",
        "barometer": "ok"
      },
      "payloads": []
    },
    "policy": {
      "alt_bounds": [
        30.0,
        150.0
      ]
    },
    "safety_flags": {
      "nfz_violation": false,
      "separation_breach": false
    }
  },
  "dialogue": [
    {
      "turn": 1,
      "speaker": "agent",
      "intent": "initiate mission and check telemetry",
      "actions": [
        {
          "type": "mcp",
          "name": "read_telemetry",
          "args": {}
        },
        {
          "type": "mcp",
          "name": "check_weather",
          "args": {}
        }
      ],
      "obs": [
        {
          "tool": "read_telemetry",
          "result": {
            "pose": {
              "x": 50.0,
              "y": 50.0,
              "z": 30.0,
              "yaw": 90.0
            },
            "speed_mps": 32.0,
            "battery_pct": 100.0
          }
        },
        {
          "tool": "check_weather",
          "result": {
            "weather": "snow",
            "wind_mps": 9.5,
            "wind_dir_deg": 270.0
          }
        }
      ],
      "net": {
        "slice": "eMBB",
        "lat_ms": 12,
        "jitter_ms": 3,
        "loss_pct": 0.1,
        "throughput_mbps": 850,
        "edge_load": 0.35
      }
    },
    {
      "turn": 2,
      "speaker": "user",
      "intent": "confirm mission start and request route plan",
      "actions": [
        {
          "type": "mcp",
          "name": "request_route_plan",
          "args": {
            "destination": [
              950.0,
              750.0
            ]
          }
        }
      ],
      "obs": [
        {
          "tool": "request_route_plan",
          "result": {
            "route": [
              [
                50.0,
                50.0
              ],
              [
                200.0,
                300.0
              ],
              [
                600.0,
                600.0
              ],
              [
                950.0,
                750.0
              ]
            ],
            "estimated_time_s": 142.5,
            "battery_usage_pct": 18.3
          }
        }
      ],
      "net": {
        "slice": "eMBB",
        "lat_ms": 14,
        "jitter_ms": 4,
        "loss_pct": 0.2,
        "throughput_mbps": 800,
        "edge_load": 0.4
      }
    },
    {
      "turn": 3,
      "speaker": "agent",
      "intent": "initiate swarm coordination for path validation",
      "actions": [
        {
          "type": "a2a",
          "task": "collision_avoidance",
          "to": "uav_swarm_agent",
          "payload": {
            "current_pose": {
              "x": 50.0,
              "y": 50.0,
              "z": 30.0
            },
            "route": [
              [
                50.0,
                50.0
              ],
              [
                200.0,
                300.0
              ],
              [
                600.0,
                600.0
              ],
              [
                950.0,
                750.0
              ]
            ]
          }
        }
      ],
      "obs": [
        {
          "task": "collision_avoidance",
          "from": "uav_swarm_agent",
          "status": "ok",
          "payload": {
            "clearance": "all_clear",
            "recommended_alt": 45.0
          }
        }
      ],
      "net": {
        "slice": "URLLC",
        "lat_ms": 8,
        "jitter_ms": 1,
        "loss_pct": 0.05,
        "throughput_mbps": 120,
        "edge_load": 0.2
      }
    },
    {
      "turn": 4,
      "speaker": "user",
      "intent": "approve altitude adjustment and initiate flight",
      "actions": [
        {
          "type": "mcp",
          "name": "set_altitude",
          "args": {
            "target_z": 45.0
          }
        },
        {
          "type": "mcp",
          "name": "takeoff",
          "args": {}
        }
      ],
      "obs": [
        {
          "tool": "set_altitude",
          "result": {
            "status": "acknowledged",
            "target_z": 45.0
          }
        },
        {
          "tool": "takeoff",
          "result": {
            "status": "in_progress"
          }
        }
      ],
      "net": {
        "slice": "URLLC",
        "lat_ms": 9,
        "jitter_ms": 1.2,
        "loss_pct": 0.08,
        "throughput_mbps": 110,
        "edge_load": 0.25
      }
    },
    {
      "turn": 5,
      "speaker": "agent",
      "intent": "monitor telemetry during ascent under gusts",
      "actions": [
        {
          "type": "mcp",
          "name": "read_telemetry",
          "args": {}
        }
      ],
      "obs": [
        {
          "tool": "read_telemetry",
          "result": {
            "pose": {
              "x": 52.1,
              "y": 53.4,
              "z": 44.8,
              "yaw": 91.2
            },
            "speed_mps": 30.2,
            "battery_pct": 98.7
          }
        }
      ],
      "net": {
        "slice": "URLLC",
        "lat_ms": 10,
        "jitter_ms": 1.5,
        "loss_pct": 0.1,
        "throughput_mbps": 100,
        "edge_load": 0.3
      }
    },
    {
      "turn": 6,
      "speaker": "user",
      "intent": "request thermal imaging due to snow visibility",
      "actions": [
        {
          "type": "mcp",
          "name": "activate_sensor",
          "args": {
            "sensor": "thermal"
          }
        },
        {
          "type": "mcp",
          "name": "capture_thermal_image",
          "args": {}
        }
      ],
      "obs": [
        {
          "tool": "activate_sensor",
          "result": {
            "sensor": "thermal",
            "status": "active"
          }
        },
        {
          "tool": "capture_thermal_image",
          "result": {
            "image_id": "th_001",
            "objects_detected": [
              "road",
              "vehicle_heat_signature"
            ]
          }
        }
      ],
      "net": {
        "slice": "mMTC",
        "lat_ms": 50,
        "jitter_ms": 10,
        "loss_pct": 1.2,
        "throughput_mbps": 1.5,
        "edge_load": 0.6
      }
    },
    {
      "turn": 7,
      "speaker": "agent",
      "intent": "adapt to degraded network by reducing sensor usage",
      "actions": [
        {
          "type": "mcp",
          "name": "deactivate_sensor",
          "args": {
            "sensor": "rgb"
          }
        }
      ],
      "obs": [
        {
          "tool": "deactivate_sensor",
          "result": {
            "sensor": "rgb",
            "status": "deactivated"
          }
        }
      ],
      "net": {
        "slice": "mMTC",
        "lat_ms": 55,
        "jitter_ms": 12,
        "loss_pct": 1.5,
        "throughput_mbps": 1.2,
        "edge_load": 0.7
      }
    },
    {
      "turn": 8,
      "speaker": "user",
      "intent": "request emergency hold due to wind shear alert",
      "actions": [
        {
          "type": "mcp",
          "name": "hold_position",
          "args": {}
        }
      ],
      "obs": [
        {
          "tool": "hold_position",
          "result": {
            "status": "held",
            "pose": {
              "x": 515.3,
              "y": 592.1,
              "z": 45.0
            }
          }
        }
      ],
      "net": {
        "slice": "URLLC",
        "lat_ms": 7,
        "jitter_ms": 0.8,
        "loss_pct": 0.04,
        "throughput_mbps": 130,
        "edge_load": 0.18
      }
    },
    {
      "turn": 9,
      "speaker": "agent",
      "intent": "reassess route and coordinate with swarm",
      "actions": [
        {
          "type": "a2a",
          "task": "route_replan",
          "to": "uav_swarm_agent",
          "payload": {
            "current_pose": {
              "x": 515.3,
              "y": 592.1,
              "z": 45.0
            },
            "destination": [
              950.0,
              750.0
            ],
            "reason": "wind_shear"
          }
        }
      ],
      "obs": [
        {
          "task": "route_replan",
          "from": "uav_swarm_agent",
          "status": "ok",
          "payload": {
            "new_route": [
              [
                515.3,
                592.1
              ],
              [
                700.0,
                700.0
              ],
              [
                950.0,
                750.0
              ]
            ],
            "additional_climb": 10.0
          }
        }
      ],
      "net": {
        "slice": "URLLC",
        "lat_ms": 9,
        "jitter_ms": 1.1,
        "loss_pct": 0.06,
        "throughput_mbps": 125,
        "edge_load": 0.22
      }
    },
    {
      "turn": 10,
      "speaker": "user",
      "intent": "approve new route and resume flight",
      "actions": [
        {
          "type": "mcp",
          "name": "set_altitude",
          "args": {
            "target_z": 55.0
          }
        },
        {
          "type": "mcp",
          "name": "resume_route",
          "args": {}
        }
      ],
      "obs": [
        {
          "tool": "set_altitude",
          "result": {
            "status": "acknowledged",
            "target_z": 55.0
          }
        },
        {
          "tool": "resume_route",
          "result": {
            "status": "in_progress"
          }
        }
      ],
      "net": {
        "slice": "URLLC",
        "lat_ms": 8,
        "jitter_ms": 1.0,
        "loss_pct": 0.05,
        "throughput_mbps": 128,
        "edge_load": 0.2
      }
    },
    {
      "turn": 11,
      "speaker": "agent",
      "intent": "confirm arrival and mission completion",
      "actions": [
        {
          "type": "mcp",
          "name": "read_telemetry",
          "args": {}
        },
        {
          "type": "mcp",
          "name": "deliver_payload",
          "args": {}
        }
      ],
      "obs": [
        {
          "tool": "read_telemetry",
          "result": {
            "pose": {
              "x": 949.8,
              "y": 749.6,
              "z": 55.0,
              "yaw": 88.5
            },
            "speed_mps": 0.0,
            "battery_pct": 78.4
          }
        },
        {
          "tool": "deliver_payload",
          "result": {
            "status": "success",
            "timestamp_s": 152.3
          }
        }
      ],
      "net": {
        "slice": "eMBB",
        "lat_ms": 13,
        "jitter_ms": 3.5,
        "loss_pct": 0.15,
        "throughput_mbps": 820,
        "edge_load": 0.38
      }
    }
  ],
  "final_state": {
    "domain": "uav",
    "time_s": 152.3,
    "env": {
      "weather": "snow",
      "wind_mps": 9.5,
      "wind_dir_deg": 270.0
    },
    "airspace": {
      "alt_bounds": [
        30.0,
        150.0
      ],
      "geofence": [
        {
          "type": "polygon",
          "points": [
            [
              0.0,
              0.0
            ],
            [
              1000.0,
              0.0
            ],
            [
              1000.0,
              800.0
            ],
            [
              200.0,
              800.0
            ],
            [
              0.0,
              600.0
            ]
          ]
        }
      ]
    },
    "uav": {
      "pose": {
        "x": 949.8,
        "y": 749.6,
        "z": 55.0,
        "yaw": 88.5
      },
      "speed_mps": 0.0,
      "energy": {
        "battery_pct": 78.4
      },
      "sensors": {
        "rgb": "ok",
        "thermal": "active",
        "lidar": "ok",
        "radar": "offline",
        "gnss": "ok",
        "imu": "ok",
        "magnetometer": "ok",
        "barometer": "ok"
      },
      "payloads": []
    },
    "policy": {
      "alt_bounds": [
        30.0,
        150.0
      ]
    },
    "safety_flags": {
      "nfz_violation": false,
      "separation_breach": false
    }
  },
  "success": true,
  "_meta": {
    "seed": 42,
    "ts": 1763920455,
    "ts_iso": "2025-11-23T17:54:15Z",
    "gen_time_s": 90.7204737663269,
    "attempts_used": 2,
    "generation_failed": false,
    "usage": {
      "prompt_tokens": 1124,
      "completion_tokens": 3893,
      "total_tokens": 5017,
      "cost": 0.0032948,
      "is_byok": false,
      "prompt_tokens_details": {
        "cached_tokens": 608,
        "audio_tokens": 0,
        "video_tokens": 0
      },
      "cost_details": {
        "upstream_inference_cost": null,
        "upstream_inference_prompt_cost": 0.0001804,
        "upstream_inference_completions_cost": 0.0031144
      },
      "completion_tokens_details": {
        "reasoning_tokens": 0,
        "image_tokens": 0
      }
    }
  }
}