{
  "initial_state": {
    "domain": "uav",
    "time_s": 0.0,
    "env": {
      "weather": "temperature_extremes_hot",
      "wind_mps": 8.0,
      "wind_dir_deg": 270.0
    },
    "airspace": {
      "alt_bounds": [
        5.0,
        120.0
      ],
      "geofence": [
        {
          "type": "polygon",
          "points": [
            [
              100,
              100
            ],
            [
              300,
              100
            ],
            [
              300,
              300
            ],
            [
              100,
              300
            ]
          ]
        }
      ]
    },
    "uav": {
      "pose": {
        "x": 120.0,
        "y": 120.0,
        "z": 15.0,
        "yaw": 90.0
      },
      "speed_mps": 22.0,
      "energy": {
        "battery_pct": 100.0
      },
      "sensors": {
        "rgb": "ok",
        "thermal": "ok",
        "lidar": "offline",
        "radar": "ok",
        "gnss": "ok",
        "imu": "ok",
        "magnetometer": "ok",
        "barometer": "ok"
      },
      "payloads": []
    },
    "policy": {
      "alt_bounds": [
        5.0,
        120.0
      ]
    },
    "safety_flags": {
      "nfz_violation": false,
      "separation_breach": false
    }
  },
  "dialogue": [
    {
      "turn": 1,
      "speaker": "agent",
      "intent": "initiate_search_mission",
      "actions": [
        {
          "type": "mcp",
          "name": "read_telemetry",
          "args": {}
        },
        {
          "type": "a2a",
          "task": "request_swarm_coverage",
          "to": "uav_swarm_agent",
          "payload": {
            "target_area": [
              150,
              150,
              250,
              250
            ],
            "priority": "high"
          }
        }
      ],
      "obs": [
        {
          "tool": "read_telemetry",
          "result": {
            "pose": {
              "x": 120.0,
              "y": 120.0,
              "z": 15.0
            },
            "battery_pct": 100.0,
            "speed_mps": 22.0
          }
        },
        {
          "task": "request_swarm_coverage",
          "from": "uav_swarm_agent",
          "status": "ok",
          "payload": {
            "assigned_sector": "northeast",
            "expected_completion": 180
          }
        }
      ],
      "net": {
        "slice": "eMBB",
        "lat_ms": 12,
        "jitter_ms": 2,
        "loss_pct": 0.1,
        "throughput_mbps": 850,
        "edge_load": 0.35
      }
    },
    {
      "turn": 2,
      "speaker": "user",
      "intent": "confirm_mission_start",
      "actions": [],
      "obs": [],
      "net": {
        "slice": "eMBB",
        "lat_ms": 11,
        "jitter_ms": 1.8,
        "loss_pct": 0.05,
        "throughput_mbps": 870,
        "edge_load": 0.33
      }
    },
    {
      "turn": 3,
      "speaker": "agent",
      "intent": "adjust_flight_path_for_wind",
      "actions": [
        {
          "type": "mcp",
          "name": "set_heading",
          "args": {
            "heading": 85.0
          }
        },
        {
          "type": "mcp",
          "name": "read_weather",
          "args": {}
        }
      ],
      "obs": [
        {
          "tool": "set_heading",
          "result": {
            "success": true,
            "new_heading": 85.0
          }
        },
        {
          "tool": "read_weather",
          "result": {
            "wind_mps": 8.0,
            "gusts": 12.0,
            "temperature_c": 48.0
          }
        }
      ],
      "net": {
        "slice": "URLLC",
        "lat_ms": 8,
        "jitter_ms": 1.2,
        "loss_pct": 0.02,
        "throughput_mbps": 120,
        "edge_load": 0.4
      }
    },
    {
      "turn": 4,
      "speaker": "user",
      "intent": "request_thermal_scan",
      "actions": [
        {
          "type": "mcp",
          "name": "activate_sensor",
          "args": {
            "sensor": "thermal"
          }
        }
      ],
      "obs": [
        {
          "tool": "activate_sensor",
          "result": {
            "sensor": "thermal",
            "status": "activated"
          }
        }
      ],
      "net": {
        "slice": "URLLC",
        "lat_ms": 7,
        "jitter_ms": 1.0,
        "loss_pct": 0.01,
        "throughput_mbps": 110,
        "edge_load": 0.42
      }
    },
    {
      "turn": 5,
      "speaker": "agent",
      "intent": "detect_heat_signature",
      "actions": [
        {
          "type": "mcp",
          "name": "capture_thermal_image",
          "args": {
            "resolution": "high"
          }
        }
      ],
      "obs": [
        {
          "tool": "capture_thermal_image",
          "result": {
            "anomaly_detected": true,
            "location": {
              "x": 210.5,
              "y": 198.3,
              "z": 2.1
            },
            "temperature_c": 36.7
          }
        }
      ],
      "net": {
        "slice": "eMBB",
        "lat_ms": 15,
        "jitter_ms": 3,
        "loss_pct": 0.5,
        "throughput_mbps": 780,
        "edge_load": 0.55
      }
    },
    {
      "turn": 6,
      "speaker": "user",
      "intent": "verify_target_and_approach",
      "actions": [
        {
          "type": "mcp",
          "name": "set_speed",
          "args": {
            "speed_mps": 12.0
          }
        }
      ],
      "obs": [
        {
          "tool": "set_speed",
          "result": {
            "success": true,
            "new_speed": 12.0
          }
        }
      ],
      "net": {
        "slice": "URLLC",
        "lat_ms": 9,
        "jitter_ms": 1.5,
        "loss_pct": 0.03,
        "throughput_mbps": 100,
        "edge_load": 0.6
      }
    },
    {
      "turn": 7,
      "speaker": "agent",
      "intent": "initiate_close_inspection",
      "actions": [
        {
          "type": "mcp",
          "name": "set_altitude",
          "args": {
            "altitude": 10.0
          }
        },
        {
          "type": "a2a",
          "task": "request_identification",
          "to": "vision_agent",
          "payload": {
            "image_ref": "thermal_2105_1983",
            "analysis_type": "human_shape"
          }
        }
      ],
      "obs": [
        {
          "tool": "set_altitude",
          "result": {
            "success": true,
            "new_altitude": 10.0
          }
        },
        {
          "task": "request_identification",
          "from": "vision_agent",
          "status": "ok",
          "payload": {
            "classification": "human",
            "confidence": 0.94
          }
        }
      ],
      "net": {
        "slice": "URLLC",
        "lat_ms": 10,
        "jitter_ms": 1.8,
        "loss_pct": 0.04,
        "throughput_mbps": 95,
        "edge_load": 0.65
      }
    },
    {
      "turn": 8,
      "speaker": "user",
      "intent": "declare_rescue_target_confirmed",
      "actions": [
        {
          "type": "mcp",
          "name": "deploy_beacon",
          "args": {
            "type": "rescue",
            "target": {
              "x": 210.5,
              "y": 198.3
            }
          }
        }
      ],
      "obs": [
        {
          "tool": "deploy_beacon",
          "result": {
            "success": true,
            "beacon_id": "RSC-2105-1983",
            "timestamp": 47.3
          }
        }
      ],
      "net": {
        "slice": "mMTC",
        "lat_ms": 200,
        "jitter_ms": 50,
        "loss_pct": 2.5,
        "throughput_mbps": 1.2,
        "edge_load": 0.85
      }
    },
    {
      "turn": 9,
      "speaker": "agent",
      "intent": "handle_network_degradation",
      "actions": [
        {
          "type": "mcp",
          "name": "read_telemetry",
          "args": {}
        }
      ],
      "obs": [
        {
          "tool": "read_telemetry",
          "result": {
            "pose": {
              "x": 210.5,
              "y": 198.3,
              "z": 10.0
            },
            "battery_pct": 88.7,
            "speed_mps": 12.0
          }
        }
      ],
      "net": {
        "slice": "mMTC",
        "lat_ms": 210,
        "jitter_ms": 55,
        "loss_pct": 3.0,
        "throughput_mbps": 1.0,
        "edge_load": 0.88
      }
    },
    {
      "turn": 10,
      "speaker": "user",
      "intent": "order_return_to_base",
      "actions": [
        {
          "type": "mcp",
          "name": "set_waypoint",
          "args": {
            "waypoint": {
              "x": 120.0,
              "y": 120.0,
              "z": 15.0
            }
          }
        }
      ],
      "obs": [
        {
          "tool": "set_waypoint",
          "result": {
            "success": true,
            "eta_s": 68
          }
        }
      ],
      "net": {
        "slice": "URLLC",
        "lat_ms": 11,
        "jitter_ms": 2.1,
        "loss_pct": 0.06,
        "throughput_mbps": 115,
        "edge_load": 0.5
      }
    },
    {
      "turn": 11,
      "speaker": "agent",
      "intent": "monitor_return_and_conserve_power",
      "actions": [
        {
          "type": "mcp",
          "name": "deactivate_sensor",
          "args": {
            "sensor": "thermal"
          }
        },
        {
          "type": "mcp",
          "name": "read_telemetry",
          "args": {}
        }
      ],
      "obs": [
        {
          "tool": "deactivate_sensor",
          "result": {
            "sensor": "thermal",
            "status": "deactivated"
          }
        },
        {
          "tool": "read_telemetry",
          "result": {
            "pose": {
              "x": 180.2,
              "y": 150.1,
              "z": 15.0
            },
            "battery_pct": 82.3,
            "speed_mps": 22.0
          }
        }
      ],
      "net": {
        "slice": "URLLC",
        "lat_ms": 9,
        "jitter_ms": 1.3,
        "loss_pct": 0.02,
        "throughput_mbps": 125,
        "edge_load": 0.4
      }
    }
  ],
  "final_state": {
    "domain": "uav",
    "time_s": 116.0,
    "env": {
      "weather": "temperature_extremes_hot",
      "wind_mps": 8.0,
      "wind_dir_deg": 270.0
    },
    "airspace": {
      "alt_bounds": [
        5.0,
        120.0
      ],
      "geofence": [
        {
          "type": "polygon",
          "points": [
            [
              100,
              100
            ],
            [
              300,
              100
            ],
            [
              300,
              300
            ],
            [
              100,
              300
            ]
          ]
        }
      ]
    },
    "uav": {
      "pose": {
        "x": 180.2,
        "y": 150.1,
        "z": 15.0,
        "yaw": 85.0
      },
      "speed_mps": 22.0,
      "energy": {
        "battery_pct": 82.3
      },
      "sensors": {
        "rgb": "ok",
        "thermal": "ok",
        "lidar": "offline",
        "radar": "ok",
        "gnss": "ok",
        "imu": "ok",
        "magnetometer": "ok",
        "barometer": "ok"
      },
      "payloads": []
    },
    "policy": {
      "alt_bounds": [
        5.0,
        120.0
      ]
    },
    "safety_flags": {
      "nfz_violation": false,
      "separation_breach": false
    }
  },
  "success": true,
  "_meta": {
    "seed": 42,
    "ts": 1763876043,
    "ts_iso": "2025-11-23T05:34:03Z",
    "gen_time_s": 85.03622841835022,
    "attempts_used": 2,
    "generation_failed": false,
    "usage": {
      "prompt_tokens": 1101,
      "completion_tokens": 3494,
      "total_tokens": 4595,
      "cost": 0.00292302,
      "is_byok": false,
      "prompt_tokens_details": {
        "cached_tokens": 1040,
        "audio_tokens": 0,
        "video_tokens": 0
      },
      "cost_details": {
        "upstream_inference_cost": null,
        "upstream_inference_prompt_cost": 0.00012782,
        "upstream_inference_completions_cost": 0.0027952
      },
      "completion_tokens_details": {
        "reasoning_tokens": 0,
        "image_tokens": 0
      }
    }
  }
}