{
  "initial_state": {
    "domain": "uav",
    "time_s": 0.0,
    "env": {
      "weather": "dust",
      "wind_mps": 8.0,
      "wind_dir_deg": 240.0
    },
    "airspace": {
      "alt_bounds": [
        20.0,
        120.0
      ],
      "geofence": [
        {
          "type": "polygon",
          "points": [
            [
              100.0,
              100.0
            ],
            [
              300.0,
              100.0
            ],
            [
              300.0,
              300.0
            ],
            [
              100.0,
              300.0
            ]
          ]
        }
      ]
    },
    "uav": {
      "pose": {
        "x": 110.0,
        "y": 110.0,
        "z": 20.0,
        "yaw": 80.0
      },
      "speed_mps": 22.0,
      "energy": {
        "battery_pct": 100.0
      },
      "sensors": {
        "rgb": "ok",
        "thermal": "offline",
        "lidar": "offline",
        "radar": "offline",
        "gnss": "ok",
        "imu": "ok",
        "magnetometer": "ok",
        "barometer": "ok"
      },
      "payloads": []
    },
    "policy": {
      "alt_bounds": [
        20.0,
        120.0
      ]
    },
    "safety_flags": {
      "nfz_violation": false,
      "separation_breach": false
    }
  },
  "dialogue": [
    {
      "turn": 1,
      "speaker": "agent",
      "intent": "initiate_recon_mission",
      "actions": [
        {
          "type": "mcp",
          "name": "read_telemetry",
          "args": {}
        },
        {
          "type": "a2a",
          "task": "request_weather_update",
          "to": "weather_service_agent",
          "payload": {
            "location": [
              200.0,
              200.0
            ],
            "horizon": 300
          }
        }
      ],
      "obs": [
        {
          "tool": "read_telemetry",
          "result": {
            "pose": {
              "x": 110.0,
              "y": 110.0,
              "z": 20.0,
              "yaw": 80.0
            },
            "speed_mps": 22.0,
            "battery_pct": 100.0
          }
        },
        {
          "task": "request_weather_update",
          "from": "weather_service_agent",
          "status": "ok",
          "payload": {
            "precipitation": 0.0,
            "visibility_km": 1.2,
            "dust_density": 0.8,
            "wind_gust_mps": 14.0
          }
        }
      ],
      "net": {
        "slice": "eMBB",
        "lat_ms": 12,
        "jitter_ms": 2,
        "loss_pct": 0.1,
        "throughput_mbps": 850,
        "edge_load": 0.35
      }
    },
    {
      "turn": 2,
      "speaker": "user",
      "intent": "approve_flight_plan",
      "actions": [
        {
          "type": "mcp",
          "name": "set_waypoints",
          "args": {
            "waypoints": [
              {
                "x": 250.0,
                "y": 150.0,
                "z": 60.0
              },
              {
                "x": 250.0,
                "y": 250.0,
                "z": 60.0
              },
              {
                "x": 150.0,
                "y": 250.0,
                "z": 60.0
              }
            ]
          }
        }
      ],
      "obs": [
        {
          "tool": "set_waypoints",
          "result": {
            "status": "accepted",
            "execution_mode": "auto",
            "eta_s": 142.5
          }
        }
      ],
      "net": {
        "slice": "eMBB",
        "lat_ms": 10,
        "jitter_ms": 1,
        "loss_pct": 0.05,
        "throughput_mbps": 900,
        "edge_load": 0.3
      }
    },
    {
      "turn": 3,
      "speaker": "agent",
      "intent": "ascend_and_proceed",
      "actions": [
        {
          "type": "mcp",
          "name": "adjust_altitude",
          "args": {
            "target_z": 60.0
          }
        },
        {
          "type": "mcp",
          "name": "activate_sensor",
          "args": {
            "sensor": "rgb"
          }
        }
      ],
      "obs": [
        {
          "tool": "adjust_altitude",
          "result": {
            "status": "in_progress",
            "target": 60.0,
            "rate_mps": 2.0
          }
        },
        {
          "tool": "activate_sensor",
          "result": {
            "sensor": "rgb",
            "status": "active"
          }
        }
      ],
      "net": {
        "slice": "URLLC",
        "lat_ms": 5,
        "jitter_ms": 0.8,
        "loss_pct": 0.02,
        "throughput_mbps": 120,
        "edge_load": 0.4
      }
    },
    {
      "turn": 4,
      "speaker": "user",
      "intent": "request_thermal_diagnostic",
      "actions": [
        {
          "type": "mcp",
          "name": "diagnose_sensor",
          "args": {
            "sensor": "thermal"
          }
        }
      ],
      "obs": [
        {
          "tool": "diagnose_sensor",
          "result": {
            "sensor": "thermal",
            "status": "faulty",
            "error_code": 412,
            "suggested_action": "restart_power_cycle"
          }
        }
      ],
      "net": {
        "slice": "mMTC",
        "lat_ms": 18,
        "jitter_ms": 5,
        "loss_pct": 0.3,
        "throughput_mbps": 1.2,
        "edge_load": 0.65
      }
    },
    {
      "turn": 5,
      "speaker": "agent",
      "intent": "attempt_thermal_restart",
      "actions": [
        {
          "type": "mcp",
          "name": "restart_sensor",
          "args": {
            "sensor": "thermal"
          }
        },
        {
          "type": "a2a",
          "task": "notify_maintenance_log",
          "to": "fleet_ops_agent",
          "payload": {
            "uav_id": "UAV-7B",
            "event": "sensor_restart_attempt",
            "sensor": "thermal",
            "timestamp": 45.2
          }
        }
      ],
      "obs": [
        {
          "tool": "restart_sensor",
          "result": {
            "sensor": "thermal",
            "status": "failed",
            "error_code": 503,
            "reason": "hardware_fault"
          }
        },
        {
          "task": "notify_maintenance_log",
          "from": "fleet_ops_agent",
          "status": "logged",
          "payload": {
            "log_id": "LOG-8891",
            "timestamp": 45.3
          }
        }
      ],
      "net": {
        "slice": "mMTC",
        "lat_ms": 22,
        "jitter_ms": 6,
        "loss_pct": 0.5,
        "throughput_mbps": 0.9,
        "edge_load": 0.7
      }
    },
    {
      "turn": 6,
      "speaker": "user",
      "intent": "switch_to_lidar",
      "actions": [
        {
          "type": "mcp",
          "name": "activate_sensor",
          "args": {
            "sensor": "lidar"
          }
        }
      ],
      "obs": [
        {
          "tool": "activate_sensor",
          "result": {
            "sensor": "lidar",
            "status": "active"
          }
        }
      ],
      "net": {
        "slice": "URLLC",
        "lat_ms": 6,
        "jitter_ms": 1.1,
        "loss_pct": 0.03,
        "throughput_mbps": 110,
        "edge_load": 0.42
      }
    },
    {
      "turn": 7,
      "speaker": "agent",
      "intent": "resume_survey_with_lidar",
      "actions": [
        {
          "type": "mcp",
          "name": "capture_scan",
          "args": {
            "mode": "360_lidar",
            "resolution": "high"
          }
        },
        {
          "type": "a2a",
          "task": "share_scan_data",
          "to": "analysis_agent",
          "payload": {
            "scan_id": "SCAN-7721",
            "uav_pose": {
              "x": 248.1,
              "y": 149.3,
              "z": 59.8
            }
          }
        }
      ],
      "obs": [
        {
          "tool": "capture_scan",
          "result": {
            "scan_id": "SCAN-7721",
            "status": "completed",
            "point_count": 2100000
          }
        },
        {
          "task": "share_scan_data",
          "from": "analysis_agent",
          "status": "received",
          "payload": {
            "analysis_status": "processing",
            "estimated_completion": 12.0
          }
        }
      ],
      "net": {
        "slice": "eMBB",
        "lat_ms": 14,
        "jitter_ms": 3,
        "loss_pct": 0.2,
        "throughput_mbps": 780,
        "edge_load": 0.5
      }
    },
    {
      "turn": 8,
      "speaker": "user",
      "intent": "initiate_return",
      "actions": [
        {
          "type": "mcp",
          "name": "set_waypoints",
          "args": {
            "waypoints": [
              {
                "x": 110.0,
                "y": 110.0,
                "z": 25.0
              }
            ]
          }
        }
      ],
      "obs": [
        {
          "tool": "set_waypoints",
          "result": {
            "status": "accepted",
            "eta_s": 98.7
          }
        }
      ],
      "net": {
        "slice": "URLLC",
        "lat_ms": 4,
        "jitter_ms": 0.7,
        "loss_pct": 0.01,
        "throughput_mbps": 150,
        "edge_load": 0.38
      }
    },
    {
      "turn": 9,
      "speaker": "agent",
      "intent": "monitor_return_and_conserve",
      "actions": [
        {
          "type": "mcp",
          "name": "read_telemetry",
          "args": {}
        },
        {
          "type": "mcp",
          "name": "reduce_sensor_power",
          "args": {
            "sensors": [
              "lidar",
              "rgb"
            ],
            "mode": "standby"
          }
        }
      ],
      "obs": [
        {
          "tool": "read_telemetry",
          "result": {
            "pose": {
              "x": 180.4,
              "y": 210.2,
              "z": 45.6,
              "yaw": 260.1
            },
            "speed_mps": 18.3,
            "battery_pct": 76.4
          }
        },
        {
          "tool": "reduce_sensor_power",
          "result": {
            "sensors": [
              "lidar",
              "rgb"
            ],
            "mode": "standby",
            "power_saved_pct": 18.2
          }
        }
      ],
      "net": {
        "slice": "URLLC",
        "lat_ms": 5,
        "jitter_ms": 0.9,
        "loss_pct": 0.02,
        "throughput_mbps": 130,
        "edge_load": 0.41
      }
    },
    {
      "turn": 10,
      "speaker": "user",
      "intent": "confirm_safe_landing",
      "actions": [
        {
          "type": "mcp",
          "name": "verify_geofence",
          "args": {}
        }
      ],
      "obs": [
        {
          "tool": "verify_geofence",
          "result": {
            "status": "inside",
            "distance_to_boundary_min": 10.0
          }
        }
      ],
      "net": {
        "slice": "URLLC",
        "lat_ms": 3,
        "jitter_ms": 0.5,
        "loss_pct": 0.0,
        "throughput_mbps": 160,
        "edge_load": 0.32
      }
    },
    {
      "turn": 11,
      "speaker": "agent",
      "intent": "land_safely",
      "actions": [
        {
          "type": "mcp",
          "name": "execute_landing",
          "args": {
            "target_z": 20.0
          }
        }
      ],
      "obs": [
        {
          "tool": "execute_landing",
          "result": {
            "status": "completed",
            "touchdown_z": 20.0,
            "settle_time_s": 3.2
          }
        }
      ],
      "net": {
        "slice": "URLLC",
        "lat_ms": 2,
        "jitter_ms": 0.3,
        "loss_pct": 0.0,
        "throughput_mbps": 200,
        "edge_load": 0.25
      }
    }
  ],
  "final_state": {
    "domain": "uav",
    "time_s": 245.0,
    "env": {
      "weather": "dust",
      "wind_mps": 8.0,
      "wind_dir_deg": 240.0
    },
    "airspace": {
      "alt_bounds": [
        20.0,
        120.0
      ],
      "geofence": [
        {
          "type": "polygon",
          "points": [
            [
              100.0,
              100.0
            ],
            [
              300.0,
              100.0
            ],
            [
              300.0,
              300.0
            ],
            [
              100.0,
              300.0
            ]
          ]
        }
      ]
    },
    "uav": {
      "pose": {
        "x": 110.0,
        "y": 110.0,
        "z": 20.0,
        "yaw": 80.0
      },
      "speed_mps": 0.0,
      "energy": {
        "battery_pct": 72.1
      },
      "sensors": {
        "rgb": "standby",
        "thermal": "offline",
        "lidar": "standby",
        "radar": "offline",
        "gnss": "ok",
        "imu": "ok",
        "magnetometer": "ok",
        "barometer": "ok"
      },
      "payloads": []
    },
    "policy": {
      "alt_bounds": [
        20.0,
        120.0
      ]
    },
    "safety_flags": {
      "nfz_violation": false,
      "separation_breach": false
    }
  },
  "success": true,
  "_meta": {
    "seed": 42,
    "ts": 1763748350,
    "ts_iso": "2025-11-21T18:05:50Z",
    "gen_time_s": 64.13621115684509,
    "attempts_used": 1,
    "generation_failed": false,
    "usage": {
      "prompt_tokens": 1067,
      "completion_tokens": 3892,
      "total_tokens": 4959,
      "cost": 0.0032797,
      "is_byok": false,
      "prompt_tokens_details": {
        "cached_tokens": 624,
        "audio_tokens": 0,
        "video_tokens": 0
      },
      "cost_details": {
        "upstream_inference_cost": null,
        "upstream_inference_prompt_cost": 0.0001661,
        "upstream_inference_completions_cost": 0.0031136
      },
      "completion_tokens_details": {
        "reasoning_tokens": 0,
        "image_tokens": 0
      }
    }
  }
}