{
  "initial_state": {
    "domain": "uav",
    "time_s": 0.0,
    "env": {
      "weather": "dust",
      "wind_mps": 12.0,
      "wind_dir_deg": 240.0
    },
    "airspace": {
      "alt_bounds": [
        5.0,
        120.0
      ],
      "geofence": [
        {
          "type": "polygon",
          "points": [
            [
              0,
              0
            ],
            [
              200,
              0
            ],
            [
              200,
              150
            ],
            [
              0,
              150
            ]
          ]
        }
      ]
    },
    "uav": {
      "pose": {
        "x": 20.0,
        "y": 20.0,
        "z": 10.0,
        "yaw": 90.0
      },
      "speed_mps": 35.0,
      "energy": {
        "battery_pct": 100.0
      },
      "sensors": {
        "rgb": "ok",
        "thermal": "ok",
        "lidar": "ok",
        "radar": "ok",
        "gnss": "ok",
        "imu": "ok",
        "magnetometer": "ok",
        "barometer": "ok"
      },
      "payloads": []
    },
    "policy": {
      "alt_bounds": [
        5.0,
        120.0
      ]
    },
    "safety_flags": {
      "nfz_violation": false,
      "separation_breach": false
    }
  },
  "dialogue": [
    {
      "turn": 1,
      "speaker": "agent",
      "intent": "initiate_inspection_mission",
      "actions": [
        {
          "type": "mcp",
          "name": "read_telemetry",
          "args": {}
        }
      ],
      "obs": [
        {
          "tool": "read_telemetry",
          "result": {
            "pose": {
              "x": 20.0,
              "y": 20.0,
              "z": 10.0
            },
            "battery_pct": 100.0,
            "speed_mps": 35.0
          }
        }
      ],
      "net": {
        "slice": "URLLC",
        "lat_ms": 5,
        "jitter_ms": 1,
        "loss_pct": 0.01,
        "throughput_mbps": 50,
        "edge_load": 0.3
      }
    },
    {
      "turn": 2,
      "speaker": "user",
      "intent": "confirm_mission_start",
      "actions": [
        {
          "type": "mcp",
          "name": "send_command",
          "args": {
            "cmd": "proceed",
            "target": "uav_main"
          }
        }
      ],
      "obs": [
        {
          "tool": "send_command",
          "result": {
            "status": "ack",
            "cmd": "proceed"
          }
        }
      ],
      "net": {
        "slice": "URLLC",
        "lat_ms": 6,
        "jitter_ms": 1.2,
        "loss_pct": 0.02,
        "throughput_mbps": 48,
        "edge_load": 0.35
      }
    },
    {
      "turn": 3,
      "speaker": "agent",
      "intent": "ascend_to_inspection_altitude",
      "actions": [
        {
          "type": "mcp",
          "name": "set_altitude",
          "args": {
            "target_z": 80.0
          }
        }
      ],
      "obs": [
        {
          "tool": "set_altitude",
          "result": {
            "status": "executing",
            "target_z": 80.0,
            "current_z": 45.2
          }
        }
      ],
      "net": {
        "slice": "eMBB",
        "lat_ms": 25,
        "jitter_ms": 8,
        "loss_pct": 0.5,
        "throughput_mbps": 120,
        "edge_load": 0.7
      }
    },
    {
      "turn": 4,
      "speaker": "user",
      "intent": "request_swarm_coordination",
      "actions": [
        {
          "type": "a2a",
          "task": "collision_avoidance",
          "to": "uav_swarm_agent",
          "payload": {
            "uav_id": "uav_main",
            "current_pose": {
              "x": 20.0,
              "y": 20.0,
              "z": 45.2
            },
            "trajectory": "spiral_up"
          }
        }
      ],
      "obs": [
        {
          "task": "collision_avoidance",
          "from": "uav_swarm_agent",
          "status": "ok",
          "payload": {
            "clearance": true,
            "recommended_alt": 82.0
          }
        }
      ],
      "net": {
        "slice": "URLLC",
        "lat_ms": 7,
        "jitter_ms": 1.5,
        "loss_pct": 0.03,
        "throughput_mbps": 45,
        "edge_load": 0.4
      }
    },
    {
      "turn": 5,
      "speaker": "agent",
      "intent": "adjust_trajectory_for_safety",
      "actions": [
        {
          "type": "mcp",
          "name": "set_trajectory",
          "args": {
            "profile": "spiral",
            "center": {
              "x": 100.0,
              "y": 100.0
            },
            "radius": 15.0,
            "pitch": 5.0
          }
        }
      ],
      "obs": [
        {
          "tool": "set_trajectory",
          "result": {
            "status": "confirmed",
            "executing": true
          }
        }
      ],
      "net": {
        "slice": "URLLC",
        "lat_ms": 6,
        "jitter_ms": 1.1,
        "loss_pct": 0.01,
        "throughput_mbps": 52,
        "edge_load": 0.32
      }
    },
    {
      "turn": 6,
      "speaker": "user",
      "intent": "report_network_degradation",
      "actions": [
        {
          "type": "mcp",
          "name": "check_network_status",
          "args": {}
        }
      ],
      "obs": [
        {
          "tool": "check_network_status",
          "result": {
            "current_slice": "eMBB",
            "congestion": true,
            "recommended_slice": "URLLC"
          }
        }
      ],
      "net": {
        "slice": "eMBB",
        "lat_ms": 45,
        "jitter_ms": 20,
        "loss_pct": 2.1,
        "throughput_mbps": 60,
        "edge_load": 0.85
      }
    },
    {
      "turn": 7,
      "speaker": "agent",
      "intent": "switch_to_reliable_slice",
      "actions": [
        {
          "type": "mcp",
          "name": "switch_network_slice",
          "args": {
            "target": "URLLC"
          }
        }
      ],
      "obs": [
        {
          "tool": "switch_network_slice",
          "result": {
            "status": "success",
            "new_slice": "URLLC"
          }
        }
      ],
      "net": {
        "slice": "URLLC",
        "lat_ms": 5,
        "jitter_ms": 0.8,
        "loss_pct": 0.01,
        "throughput_mbps": 40,
        "edge_load": 0.28
      }
    },
    {
      "turn": 8,
      "speaker": "user",
      "intent": "request_data_stream",
      "actions": [
        {
          "type": "mcp",
          "name": "start_video_stream",
          "args": {
            "camera": "rgb",
            "resolution": "720p"
          }
        }
      ],
      "obs": [
        {
          "tool": "start_video_stream",
          "result": {
            "status": "throttled",
            "resolution": "480p",
            "reason": "bandwidth_constraint"
          }
        }
      ],
      "net": {
        "slice": "URLLC",
        "lat_ms": 8,
        "jitter_ms": 2,
        "loss_pct": 0.05,
        "throughput_mbps": 15,
        "edge_load": 0.38
      }
    },
    {
      "turn": 9,
      "speaker": "agent",
      "intent": "complete_inspection_and_descend",
      "actions": [
        {
          "type": "mcp",
          "name": "set_altitude",
          "args": {
            "target_z": 10.0
          }
        }
      ],
      "obs": [
        {
          "tool": "set_altitude",
          "result": {
            "status": "completed",
            "final_z": 10.0
          }
        }
      ],
      "net": {
        "slice": "URLLC",
        "lat_ms": 6,
        "jitter_ms": 1.0,
        "loss_pct": 0.02,
        "throughput_mbps": 48,
        "edge_load": 0.33
      }
    },
    {
      "turn": 10,
      "speaker": "user",
      "intent": "confirm_mission_success",
      "actions": [
        {
          "type": "mcp",
          "name": "read_telemetry",
          "args": {}
        }
      ],
      "obs": [
        {
          "tool": "read_telemetry",
          "result": {
            "pose": {
              "x": 20.0,
              "y": 20.0,
              "z": 10.0
            },
            "battery_pct": 87.3,
            "status": "landed"
          }
        }
      ],
      "net": {
        "slice": "URLLC",
        "lat_ms": 5,
        "jitter_ms": 0.9,
        "loss_pct": 0.01,
        "throughput_mbps": 50,
        "edge_load": 0.3
      }
    }
  ],
  "final_state": {
    "domain": "uav",
    "time_s": 120.0,
    "env": {
      "weather": "dust",
      "wind_mps": 12.0,
      "wind_dir_deg": 240.0
    },
    "airspace": {
      "alt_bounds": [
        5.0,
        120.0
      ],
      "geofence": [
        {
          "type": "polygon",
          "points": [
            [
              0,
              0
            ],
            [
              200,
              0
            ],
            [
              200,
              150
            ],
            [
              0,
              150
            ]
          ]
        }
      ]
    },
    "uav": {
      "pose": {
        "x": 20.0,
        "y": 20.0,
        "z": 10.0,
        "yaw": 90.0
      },
      "speed_mps": 0.0,
      "energy": {
        "battery_pct": 87.3
      },
      "sensors": {
        "rgb": "ok",
        "thermal": "ok",
        "lidar": "ok",
        "radar": "ok",
        "gnss": "ok",
        "imu": "ok",
        "magnetometer": "ok",
        "barometer": "ok"
      },
      "payloads": []
    },
    "policy": {
      "alt_bounds": [
        5.0,
        120.0
      ]
    },
    "safety_flags": {
      "nfz_violation": false,
      "separation_breach": false
    }
  },
  "success": true,
  "_meta": {
    "seed": 42,
    "ts": 1764079542,
    "ts_iso": "2025-11-25T14:05:42Z",
    "gen_time_s": 33.393917083740234,
    "attempts_used": 1,
    "generation_failed": false,
    "usage": {
      "prompt_tokens": 1044,
      "completion_tokens": 2910,
      "total_tokens": 3954,
      "cost": 0.0003954,
      "is_byok": false,
      "prompt_tokens_details": {
        "cached_tokens": 608,
        "audio_tokens": 0,
        "video_tokens": 0
      },
      "cost_details": {
        "upstream_inference_cost": null,
        "upstream_inference_prompt_cost": 0.0001044,
        "upstream_inference_completions_cost": 0.000291
      },
      "completion_tokens_details": {
        "reasoning_tokens": 0,
        "image_tokens": 0
      }
    }
  }
}