{
  "initial_state": {
    "domain": "uav",
    "time_s": 0.0,
    "env": {
      "weather": "thermal_updrafts,lightning_risk",
      "wind_mps": 8.5,
      "wind_dir_deg": 240.0
    },
    "airspace": {
      "alt_bounds": [
        50.0,
        450.0
      ],
      "geofence": [
        {
          "type": "polygon",
          "points": [
            [
              0,
              0
            ],
            [
              2000,
              0
            ],
            [
              2000,
              1500
            ],
            [
              0,
              1500
            ]
          ]
        }
      ]
    },
    "uav": {
      "pose": {
        "x": 100.0,
        "y": 100.0,
        "z": 100.0,
        "yaw": 60.0
      },
      "speed_mps": 22.0,
      "energy": {
        "battery_pct": 100.0
      },
      "sensors": {
        "rgb": "ok",
        "thermal": "ok",
        "lidar": "offline",
        "radar": "offline",
        "gnss": "ok",
        "imu": "ok",
        "magnetometer": "ok",
        "barometer": "ok"
      },
      "payloads": []
    },
    "policy": {
      "alt_bounds": [
        50.0,
        450.0
      ]
    },
    "safety_flags": {
      "nfz_violation": false,
      "separation_breach": false
    }
  },
  "dialogue": [
    {
      "turn": 1,
      "speaker": "agent",
      "intent": "initiate_mission_and_check_status",
      "actions": [
        {
          "type": "mcp",
          "name": "read_telemetry",
          "args": {}
        },
        {
          "type": "mcp",
          "name": "check_sensor_health",
          "args": {}
        }
      ],
      "obs": [
        {
          "tool": "read_telemetry",
          "result": {
            "pose": {
              "x": 100.0,
              "y": 100.0,
              "z": 100.0
            },
            "speed_mps": 22.0,
            "battery_pct": 100.0
          }
        },
        {
          "tool": "check_sensor_health",
          "result": {
            "status": "partial",
            "offline": [
              "lidar",
              "radar"
            ],
            "online": [
              "rgb",
              "thermal",
              "gnss",
              "imu",
              "magnetometer",
              "barometer"
            ]
          }
        }
      ],
      "net": {
        "slice": "eMBB",
        "lat_ms": 12,
        "jitter_ms": 2,
        "loss_pct": 0.1,
        "throughput_mbps": 850,
        "edge_load": 0.35
      }
    },
    {
      "turn": 2,
      "speaker": "user",
      "intent": "authorize_thermal_survey",
      "actions": [
        {
          "type": "mcp",
          "name": "set_mission_plan",
          "args": {
            "waypoints": [
              {
                "x": 500,
                "y": 600,
                "z": 300
              },
              {
                "x": 1500,
                "y": 1200,
                "z": 400
              }
            ],
            "task": "thermal_survey"
          }
        }
      ],
      "obs": [
        {
          "tool": "set_mission_plan",
          "result": {
            "status": "accepted",
            "plan_id": "TP-28371",
            "estimated_duration_s": 320,
            "battery_impact_pct": 18
          }
        }
      ],
      "net": {
        "slice": "eMBB",
        "lat_ms": 10,
        "jitter_ms": 1.5,
        "loss_pct": 0.05,
        "throughput_mbps": 900,
        "edge_load": 0.4
      }
    },
    {
      "turn": 3,
      "speaker": "agent",
      "intent": "initiate_survey_and_monitor_weather",
      "actions": [
        {
          "type": "mcp",
          "name": "activate_payload",
          "args": {
            "payload": "thermal"
          }
        },
        {
          "type": "mcp",
          "name": "request_weather_update",
          "args": {}
        }
      ],
      "obs": [
        {
          "tool": "activate_payload",
          "result": {
            "payload": "thermal",
            "status": "active"
          }
        },
        {
          "tool": "request_weather_update",
          "result": {
            "current": "thermal_updrafts,lightning_risk",
            "forecast": "increasing_lightning_risk",
            "advice": "avoid_altitudes_above_400m"
          }
        }
      ],
      "net": {
        "slice": "URLLC",
        "lat_ms": 8,
        "jitter_ms": 0.8,
        "loss_pct": 0.02,
        "throughput_mbps": 120,
        "edge_load": 0.25
      }
    },
    {
      "turn": 4,
      "speaker": "user",
      "intent": "adjust_altitude_limit_due_to_weather",
      "actions": [
        {
          "type": "mcp",
          "name": "update_policy",
          "args": {
            "alt_bounds": [
              50.0,
              400.0
            ]
          }
        }
      ],
      "obs": [
        {
          "tool": "update_policy",
          "result": {
            "alt_bounds": [
              50.0,
              400.0
            ],
            "status": "applied"
          }
        }
      ],
      "net": {
        "slice": "URLLC",
        "lat_ms": 7,
        "jitter_ms": 0.7,
        "loss_pct": 0.01,
        "throughput_mbps": 110,
        "edge_load": 0.2
      }
    },
    {
      "turn": 5,
      "speaker": "agent",
      "intent": "detect_anomaly_and_initiate_swarm_coordination",
      "actions": [
        {
          "type": "mcp",
          "name": "analyze_thermal_data",
          "args": {
            "radius_m": 100
          }
        },
        {
          "type": "a2a",
          "task": "collision_avoidance",
          "to": "uav_swarm_agent",
          "payload": {
            "uav_id": "UAV-7",
            "pose": {
              "x": 510,
              "y": 615,
              "z": 295
            },
            "velocity": 20.5
          }
        }
      ],
      "obs": [
        {
          "tool": "analyze_thermal_data",
          "result": {
            "anomaly_detected": true,
            "type": "subsurface_heat",
            "confidence": 0.93
          }
        },
        {
          "task": "collision_avoidance",
          "from": "uav_swarm_agent",
          "status": "ok",
          "payload": {
            "recommended_evasion": "climb_15m_and_turn_right"
          }
        }
      ],
      "net": {
        "slice": "URLLC",
        "lat_ms": 9,
        "jitter_ms": 1.0,
        "loss_pct": 0.03,
        "throughput_mbps": 100,
        "edge_load": 0.3
      }
    },
    {
      "turn": 6,
      "speaker": "user",
      "intent": "request_high_res_visual_confirmation",
      "actions": [
        {
          "type": "mcp",
          "name": "activate_payload",
          "args": {
            "payload": "rgb"
          }
        },
        {
          "type": "mcp",
          "name": "capture_image",
          "args": {
            "mode": "high_res",
            "target": "anomaly_zone"
          }
        }
      ],
      "obs": [
        {
          "tool": "activate_payload",
          "result": {
            "payload": "rgb",
            "status": "active"
          }
        },
        {
          "tool": "capture_image",
          "result": {
            "status": "success",
            "image_id": "IMG-92837",
            "metadata": {
              "resolution": "4096x2160",
              "target": "anomaly_zone"
            }
          }
        }
      ],
      "net": {
        "slice": "eMBB",
        "lat_ms": 15,
        "jitter_ms": 3,
        "loss_pct": 0.5,
        "throughput_mbps": 700,
        "edge_load": 0.6
      }
    },
    {
      "turn": 7,
      "speaker": "agent",
      "intent": "handle_network_degradation_and_adapt",
      "actions": [
        {
          "type": "mcp",
          "name": "read_telemetry",
          "args": {}
        }
      ],
      "obs": [
        {
          "tool": "read_telemetry",
          "result": {
            "pose": {
              "x": 505,
              "y": 605,
              "z": 298
            },
            "battery_pct": 92.5,
            "speed_mps": 21.0
          }
        }
      ],
      "net": {
        "slice": "mMTC",
        "lat_ms": 120,
        "jitter_ms": 25,
        "loss_pct": 5.0,
        "throughput_mbps": 1.5,
        "edge_load": 0.85
      }
    },
    {
      "turn": 8,
      "speaker": "user",
      "intent": "abort_high_bandwidth_tasks_and_stabilize",
      "actions": [
        {
          "type": "mcp",
          "name": "deactivate_payload",
          "args": {
            "payload": "rgb"
          }
        },
        {
          "type": "mcp",
          "name": "enter_loiter_pattern",
          "args": {
            "radius": 50,
            "duration_s": 60
          }
        }
      ],
      "obs": [
        {
          "tool": "deactivate_payload",
          "result": {
            "payload": "rgb",
            "status": "deactivated"
          }
        },
        {
          "tool": "enter_loiter_pattern",
          "result": {
            "status": "engaged",
            "pattern_center": {
              "x": 505,
              "y": 605
            }
          }
        }
      ],
      "net": {
        "slice": "URLLC",
        "lat_ms": 11,
        "jitter_ms": 1.2,
        "loss_pct": 0.1,
        "throughput_mbps": 95,
        "edge_load": 0.45
      }
    },
    {
      "turn": 9,
      "speaker": "agent",
      "intent": "resume_survey_with_adapted_plan",
      "actions": [
        {
          "type": "mcp",
          "name": "update_waypoint",
          "args": {
            "index": 1,
            "x": 1480,
            "y": 1180,
            "z": 380
          }
        },
        {
          "type": "a2a",
          "task": "data_sync",
          "to": "ground_station_agent",
          "payload": {
            "data_ids": [
              "IMG-92837",
              "TD-2837"
            ],
            "priority": "high"
          }
        }
      ],
      "obs": [
        {
          "tool": "update_waypoint",
          "result": {
            "status": "updated",
            "waypoint": {
              "index": 1,
              "x": 1480,
              "y": 1180,
              "z": 380
            }
          }
        },
        {
          "task": "data_sync",
          "from": "ground_station_agent",
          "status": "queued",
          "payload": {
            "expected_transmit_time_s": 45
          }
        }
      ],
      "net": {
        "slice": "URLLC",
        "lat_ms": 10,
        "jitter_ms": 0.9,
        "loss_pct": 0.05,
        "throughput_mbps": 105,
        "edge_load": 0.38
      }
    },
    {
      "turn": 10,
      "speaker": "user",
      "intent": "confirm_return_and_land",
      "actions": [
        {
          "type": "mcp",
          "name": "set_return_to_base",
          "args": {
            "base": "home_pad",
            "altitude_profile": "descending_spiral"
          }
        }
      ],
      "obs": [
        {
          "tool": "set_return_to_base",
          "result": {
            "status": "initiated",
            "estimated_time_to_base_s": 210,
            "landing_procedure": "active"
          }
        }
      ],
      "net": {
        "slice": "URLLC",
        "lat_ms": 9,
        "jitter_ms": 0.8,
        "loss_pct": 0.02,
        "throughput_mbps": 115,
        "edge_load": 0.3
      }
    }
  ],
  "final_state": {
    "domain": "uav",
    "time_s": 520.0,
    "env": {
      "weather": "thermal_updrafts,lightning_risk",
      "wind_mps": 8.5,
      "wind_dir_deg": 240.0
    },
    "airspace": {
      "alt_bounds": [
        50.0,
        400.0
      ],
      "geofence": [
        {
          "type": "polygon",
          "points": [
            [
              0,
              0
            ],
            [
              2000,
              0
            ],
            [
              2000,
              1500
            ],
            [
              0,
              1500
            ]
          ]
        }
      ]
    },
    "uav": {
      "pose": {
        "x": 120.0,
        "y": 130.0,
        "z": 85.0,
        "yaw": 240.0
      },
      "speed_mps": 12.0,
      "energy": {
        "battery_pct": 78.0
      },
      "sensors": {
        "rgb": "standby",
        "thermal": "standby",
        "lidar": "offline",
        "radar": "offline",
        "gnss": "ok",
        "imu": "ok",
        "magnetometer": "ok",
        "barometer": "ok"
      },
      "payloads": []
    },
    "policy": {
      "alt_bounds": [
        50.0,
        400.0
      ]
    },
    "safety_flags": {
      "nfz_violation": false,
      "separation_breach": false
    }
  },
  "success": true,
  "_meta": {
    "seed": 42,
    "ts": 1763757411,
    "ts_iso": "2025-11-21T20:36:51Z",
    "gen_time_s": 64.72464561462402,
    "attempts_used": 1,
    "generation_failed": false,
    "usage": {
      "prompt_tokens": 1064,
      "completion_tokens": 3753,
      "total_tokens": 4817,
      "cost": 0.00316784,
      "is_byok": false,
      "prompt_tokens_details": {
        "cached_tokens": 624,
        "audio_tokens": 0,
        "video_tokens": 0
      },
      "cost_details": {
        "upstream_inference_cost": null,
        "upstream_inference_prompt_cost": 0.00016544,
        "upstream_inference_completions_cost": 0.0030024
      },
      "completion_tokens_details": {
        "reasoning_tokens": 0,
        "image_tokens": 0
      }
    }
  }
}