{
  "initial_state": {
    "domain": "uav",
    "time_s": 0.0,
    "env": {
      "weather": "lightning_risk",
      "wind_mps": 8.0,
      "wind_dir_deg": 270.0
    },
    "airspace": {
      "alt_bounds": [
        10.0,
        150.0
      ],
      "geofence": [
        {
          "type": "polygon",
          "points": [
            [
              0.0,
              0.0
            ],
            [
              500.0,
              0.0
            ],
            [
              500.0,
              400.0
            ],
            [
              0.0,
              400.0
            ]
          ]
        }
      ]
    },
    "uav": {
      "pose": {
        "x": 50.0,
        "y": 50.0,
        "z": 20.0,
        "yaw": 90.0
      },
      "speed_mps": 25.0,
      "energy": {
        "battery_pct": 100.0
      },
      "sensors": {
        "rgb": "ok",
        "thermal": "offline",
        "lidar": "ok",
        "radar": "ok",
        "gnss": "ok",
        "imu": "ok",
        "magnetometer": "ok",
        "barometer": "ok"
      },
      "payloads": []
    },
    "policy": {
      "alt_bounds": [
        10.0,
        150.0
      ]
    },
    "safety_flags": {
      "nfz_violation": false,
      "separation_breach": false
    }
  },
  "dialogue": [
    {
      "turn": 1,
      "speaker": "agent",
      "intent": "initiate_mission",
      "actions": [
        {
          "type": "mcp",
          "name": "read_telemetry",
          "args": {}
        }
      ],
      "obs": [
        {
          "tool": "read_telemetry",
          "result": {
            "pose": {
              "x": 50.0,
              "y": 50.0,
              "z": 20.0,
              "yaw": 90.0
            },
            "battery_pct": 100.0,
            "speed_mps": 25.0
          }
        }
      ],
      "net": {
        "slice": "eMBB",
        "lat_ms": 12,
        "jitter_ms": 2,
        "loss_pct": 0.1,
        "throughput_mbps": 850,
        "edge_load": 0.35
      }
    },
    {
      "turn": 2,
      "speaker": "user",
      "intent": "confirm_mission_start",
      "actions": [],
      "obs": [],
      "net": {
        "slice": "eMBB",
        "lat_ms": 11,
        "jitter_ms": 1.8,
        "loss_pct": 0.05,
        "throughput_mbps": 870,
        "edge_load": 0.36
      }
    },
    {
      "turn": 3,
      "speaker": "agent",
      "intent": "check_weather_impact",
      "actions": [
        {
          "type": "mcp",
          "name": "query_weather",
          "args": {
            "radius_m": 1000
          }
        }
      ],
      "obs": [
        {
          "tool": "query_weather",
          "result": {
            "lightning_risk": "high",
            "wind_mps": 8.5,
            "gusts_mps": 14.0
          }
        }
      ],
      "net": {
        "slice": "URLLC",
        "lat_ms": 8,
        "jitter_ms": 1.2,
        "loss_pct": 0.02,
        "throughput_mbps": 120,
        "edge_load": 0.4
      }
    },
    {
      "turn": 4,
      "speaker": "user",
      "intent": "request_altitude_adjustment",
      "actions": [
        {
          "type": "mcp",
          "name": "set_altitude",
          "args": {
            "target_z": 40.0
          }
        }
      ],
      "obs": [
        {
          "tool": "set_altitude",
          "result": {
            "status": "accepted",
            "target_z": 40.0
          }
        }
      ],
      "net": {
        "slice": "URLLC",
        "lat_ms": 7,
        "jitter_ms": 1.0,
        "loss_pct": 0.01,
        "throughput_mbps": 130,
        "edge_load": 0.42
      }
    },
    {
      "turn": 5,
      "speaker": "agent",
      "intent": "execute_altitude_change",
      "actions": [
        {
          "type": "mcp",
          "name": "execute_maneuver",
          "args": {
            "maneuver": "climb",
            "target_z": 40.0
          }
        }
      ],
      "obs": [
        {
          "tool": "execute_maneuver",
          "result": {
            "status": "completed",
            "final_z": 40.0,
            "duration_s": 8.2
          }
        }
      ],
      "net": {
        "slice": "URLLC",
        "lat_ms": 9,
        "jitter_ms": 1.5,
        "loss_pct": 0.03,
        "throughput_mbps": 110,
        "edge_load": 0.45
      }
    },
    {
      "turn": 6,
      "speaker": "user",
      "intent": "initiate_swarm_coordination",
      "actions": [
        {
          "type": "a2a",
          "task": "collision_avoidance",
          "to": "uav_swarm_agent",
          "payload": {
            "current_pose": {
              "x": 50.0,
              "y": 50.0,
              "z": 40.0
            },
            "route": [
              [
                100.0,
                100.0
              ],
              [
                200.0,
                200.0
              ]
            ]
          }
        }
      ],
      "obs": [
        {
          "task": "collision_avoidance",
          "from": "uav_swarm_agent",
          "status": "ok",
          "payload": {
            "safe_to_proceed": true,
            "suggested_offset": null
          }
        }
      ],
      "net": {
        "slice": "URLLC",
        "lat_ms": 10,
        "jitter_ms": 2.0,
        "loss_pct": 0.05,
        "throughput_mbps": 100,
        "edge_load": 0.5
      }
    },
    {
      "turn": 7,
      "speaker": "agent",
      "intent": "plan_route_with_obstacles",
      "actions": [
        {
          "type": "mcp",
          "name": "plan_route",
          "args": {
            "start": [
              50.0,
              50.0
            ],
            "goal": [
              400.0,
              300.0
            ],
            "use_lidar": true
          }
        }
      ],
      "obs": [
        {
          "tool": "plan_route",
          "result": {
            "route": [
              [
                50.0,
                50.0
              ],
              [
                120.0,
                120.0
              ],
              [
                250.0,
                220.0
              ],
              [
                400.0,
                300.0
              ]
            ],
            "distance_m": 480.5,
            "estimated_time_s": 22.0
          }
        }
      ],
      "net": {
        "slice": "eMBB",
        "lat_ms": 14,
        "jitter_ms": 3.0,
        "loss_pct": 0.2,
        "throughput_mbps": 800,
        "edge_load": 0.6
      }
    },
    {
      "turn": 8,
      "speaker": "user",
      "intent": "report_network_degradation",
      "actions": [],
      "obs": [],
      "net": {
        "slice": "mMTC",
        "lat_ms": 120,
        "jitter_ms": 25,
        "loss_pct": 5.0,
        "throughput_mbps": 1.2,
        "edge_load": 0.85
      }
    },
    {
      "turn": 9,
      "speaker": "agent",
      "intent": "adapt_to_network_loss",
      "actions": [
        {
          "type": "mcp",
          "name": "read_telemetry",
          "args": {}
        }
      ],
      "obs": [
        {
          "tool": "read_telemetry",
          "result": {
            "pose": {
              "x": 120.0,
              "y": 120.0,
              "z": 40.0,
              "yaw": 90.0
            },
            "battery_pct": 94.2,
            "speed_mps": 24.8
          }
        }
      ],
      "net": {
        "slice": "URLLC",
        "lat_ms": 15,
        "jitter_ms": 3.5,
        "loss_pct": 1.2,
        "throughput_mbps": 90,
        "edge_load": 0.78
      }
    },
    {
      "turn": 10,
      "speaker": "user",
      "intent": "request_return_to_base",
      "actions": [
        {
          "type": "mcp",
          "name": "set_destination",
          "args": {
            "x": 50.0,
            "y": 50.0,
            "z": 20.0
          }
        }
      ],
      "obs": [
        {
          "tool": "set_destination",
          "result": {
            "status": "queued",
            "eta_s": 28.5
          }
        }
      ],
      "net": {
        "slice": "URLLC",
        "lat_ms": 13,
        "jitter_ms": 2.8,
        "loss_pct": 0.8,
        "throughput_mbps": 105,
        "edge_load": 0.72
      }
    },
    {
      "turn": 11,
      "speaker": "agent",
      "intent": "confirm_return_and_land",
      "actions": [
        {
          "type": "mcp",
          "name": "execute_maneuver",
          "args": {
            "maneuver": "return_to_base"
          }
        }
      ],
      "obs": [
        {
          "tool": "execute_maneuver",
          "result": {
            "status": "completed",
            "final_pose": {
              "x": 50.0,
              "y": 50.0,
              "z": 20.0
            },
            "battery_pct": 88.7
          }
        }
      ],
      "net": {
        "slice": "URLLC",
        "lat_ms": 10,
        "jitter_ms": 1.6,
        "loss_pct": 0.1,
        "throughput_mbps": 115,
        "edge_load": 0.55
      }
    }
  ],
  "final_state": {
    "domain": "uav",
    "time_s": 68.7,
    "env": {
      "weather": "lightning_risk",
      "wind_mps": 8.0,
      "wind_dir_deg": 270.0
    },
    "airspace": {
      "alt_bounds": [
        10.0,
        150.0
      ],
      "geofence": [
        {
          "type": "polygon",
          "points": [
            [
              0.0,
              0.0
            ],
            [
              500.0,
              0.0
            ],
            [
              500.0,
              400.0
            ],
            [
              0.0,
              400.0
            ]
          ]
        }
      ]
    },
    "uav": {
      "pose": {
        "x": 50.0,
        "y": 50.0,
        "z": 20.0,
        "yaw": 90.0
      },
      "speed_mps": 0.0,
      "energy": {
        "battery_pct": 88.7
      },
      "sensors": {
        "rgb": "ok",
        "thermal": "offline",
        "lidar": "ok",
        "radar": "ok",
        "gnss": "ok",
        "imu": "ok",
        "magnetometer": "ok",
        "barometer": "ok"
      },
      "payloads": []
    },
    "policy": {
      "alt_bounds": [
        10.0,
        150.0
      ]
    },
    "safety_flags": {
      "nfz_violation": false,
      "separation_breach": false
    }
  },
  "success": true,
  "_meta": {
    "seed": 42,
    "ts": 1763720544,
    "ts_iso": "2025-11-21T10:22:24Z",
    "gen_time_s": 54.75064969062805,
    "attempts_used": 1,
    "generation_failed": false,
    "usage": {
      "prompt_tokens": 1056,
      "completion_tokens": 3153,
      "total_tokens": 4209,
      "cost": 0.00268784,
      "is_byok": false,
      "prompt_tokens_details": {
        "cached_tokens": 608,
        "audio_tokens": 0,
        "video_tokens": 0
      },
      "cost_details": {
        "upstream_inference_cost": null,
        "upstream_inference_prompt_cost": 0.00016544,
        "upstream_inference_completions_cost": 0.0025224
      },
      "completion_tokens_details": {
        "reasoning_tokens": 0,
        "image_tokens": 0
      }
    }
  }
}