{
  "initial_state": {
    "domain": "uav",
    "time_s": 0.0,
    "env": {
      "weather": "lightning_risk",
      "wind_mps": 9.0,
      "wind_dir_deg": 270.0
    },
    "airspace": {
      "alt_bounds": [
        50.0,
        450.0
      ],
      "geofence": [
        {
          "type": "polygon",
          "points": [
            [
              0,
              0
            ],
            [
              2000,
              0
            ],
            [
              2000,
              1500
            ],
            [
              0,
              1500
            ]
          ]
        }
      ]
    },
    "uav": {
      "pose": {
        "x": 100.0,
        "y": 100.0,
        "z": 100.0,
        "yaw": 90.0
      },
      "speed_mps": 35.0,
      "energy": {
        "battery_pct": 100.0
      },
      "sensors": {
        "rgb": "ok",
        "thermal": "ok",
        "lidar": "offline",
        "radar": "ok",
        "gnss": "ok",
        "imu": "ok",
        "magnetometer": "ok",
        "barometer": "ok"
      },
      "payloads": []
    },
    "policy": {
      "alt_bounds": [
        50.0,
        450.0
      ]
    },
    "safety_flags": {
      "nfz_violation": false,
      "separation_breach": false
    }
  },
  "dialogue": [
    {
      "turn": 1,
      "speaker": "agent",
      "intent": "initiate_mission",
      "actions": [
        {
          "type": "mcp",
          "name": "read_telemetry",
          "args": {}
        }
      ],
      "obs": [
        {
          "tool": "read_telemetry",
          "result": {
            "pose": {
              "x": 100.0,
              "y": 100.0,
              "z": 100.0
            },
            "battery_pct": 100.0,
            "speed_mps": 35.0
          }
        }
      ],
      "net": {
        "slice": "eMBB",
        "lat_ms": 12,
        "jitter_ms": 2,
        "loss_pct": 0.1,
        "throughput_mbps": 850,
        "edge_load": 0.4
      }
    },
    {
      "turn": 2,
      "speaker": "user",
      "intent": "confirm_mission",
      "actions": [
        {
          "type": "mcp",
          "name": "set_waypoint",
          "args": {
            "x": 1800,
            "y": 1400,
            "z": 400
          }
        }
      ],
      "obs": [
        {
          "tool": "set_waypoint",
          "result": {
            "status": "accepted",
            "target": {
              "x": 1800,
              "y": 1400,
              "z": 400
            }
          }
        }
      ],
      "net": {
        "slice": "eMBB",
        "lat_ms": 11,
        "jitter_ms": 1.8,
        "loss_pct": 0.05,
        "throughput_mbps": 900,
        "edge_load": 0.42
      }
    },
    {
      "turn": 3,
      "speaker": "agent",
      "intent": "verify_route_safety",
      "actions": [
        {
          "type": "mcp",
          "name": "check_geofence",
          "args": {
            "path": [
              {
                "x": 100,
                "y": 100,
                "z": 100
              },
              {
                "x": 1800,
                "y": 1400,
                "z": 400
              }
            ]
          }
        }
      ],
      "obs": [
        {
          "tool": "check_geofence",
          "result": {
            "status": "valid",
            "within_bounds": true
          }
        }
      ],
      "net": {
        "slice": "URLLC",
        "lat_ms": 5,
        "jitter_ms": 0.8,
        "loss_pct": 0.01,
        "throughput_mbps": 100,
        "edge_load": 0.3
      }
    },
    {
      "turn": 4,
      "speaker": "user",
      "intent": "request_swarm_coordination",
      "actions": [
        {
          "type": "a2a",
          "task": "collision_avoidance",
          "to": "uav_swarm_agent",
          "payload": {
            "uav_id": "uav_01",
            "trajectory": [
              {
                "t": 0,
                "x": 100,
                "y": 100,
                "z": 100
              },
              {
                "t": 60,
                "x": 1800,
                "y": 1400,
                "z": 400
              }
            ]
          }
        }
      ],
      "obs": [
        {
          "task": "collision_avoidance",
          "from": "uav_swarm_agent",
          "status": "ok",
          "payload": {
            "conflict_found": false,
            "recommended_alt": 400
          }
        }
      ],
      "net": {
        "slice": "URLLC",
        "lat_ms": 6,
        "jitter_ms": 1.0,
        "loss_pct": 0.02,
        "throughput_mbps": 95,
        "edge_load": 0.35
      }
    },
    {
      "turn": 5,
      "speaker": "agent",
      "intent": "adjust_for_weather",
      "actions": [
        {
          "type": "mcp",
          "name": "activate_thermal_imaging",
          "args": {}
        }
      ],
      "obs": [
        {
          "tool": "activate_thermal_imaging",
          "result": {
            "status": "active",
            "mode": "storm_detection"
          }
        }
      ],
      "net": {
        "slice": "eMBB",
        "lat_ms": 15,
        "jitter_ms": 3,
        "loss_pct": 0.5,
        "throughput_mbps": 700,
        "edge_load": 0.5
      }
    },
    {
      "turn": 6,
      "speaker": "user",
      "intent": "report_network_degradation",
      "actions": [
        {
          "type": "mcp",
          "name": "read_network_status",
          "args": {}
        }
      ],
      "obs": [
        {
          "tool": "read_network_status",
          "result": {
            "slice": "mMTC",
            "lat_ms": 120,
            "jitter_ms": 25,
            "loss_pct": 5.0,
            "throughput_mbps": 1.2
          }
        }
      ],
      "net": {
        "slice": "mMTC",
        "lat_ms": 120,
        "jitter_ms": 25,
        "loss_pct": 5.0,
        "throughput_mbps": 1.2,
        "edge_load": 0.8
      }
    },
    {
      "turn": 7,
      "speaker": "agent",
      "intent": "adapt_to_network_loss",
      "actions": [
        {
          "type": "mcp",
          "name": "reduce_sensor_frequency",
          "args": {
            "sensor": "rgb",
            "target_hz": 1
          }
        }
      ],
      "obs": [
        {
          "tool": "reduce_sensor_frequency",
          "result": {
            "sensor": "rgb",
            "actual_hz": 1,
            "reason": "network_congestion"
          }
        }
      ],
      "net": {
        "slice": "mMTC",
        "lat_ms": 115,
        "jitter_ms": 28,
        "loss_pct": 6.0,
        "throughput_mbps": 1.0,
        "edge_load": 0.85
      }
    },
    {
      "turn": 8,
      "speaker": "user",
      "intent": "request_status_update",
      "actions": [
        {
          "type": "mcp",
          "name": "read_telemetry",
          "args": {}
        }
      ],
      "obs": [
        {
          "tool": "read_telemetry",
          "result": {
            "pose": {
              "x": 950.0,
              "y": 700.0,
              "z": 380.0
            },
            "battery_pct": 76.0,
            "speed_mps": 32.0
          }
        }
      ],
      "net": {
        "slice": "URLLC",
        "lat_ms": 8,
        "jitter_ms": 1.5,
        "loss_pct": 0.1,
        "throughput_mbps": 110,
        "edge_load": 0.4
      }
    },
    {
      "turn": 9,
      "speaker": "agent",
      "intent": "prepare_for_landing",
      "actions": [
        {
          "type": "mcp",
          "name": "plan_descent",
          "args": {
            "target_z": 60
          }
        }
      ],
      "obs": [
        {
          "tool": "plan_descent",
          "result": {
            "status": "planned",
            "waypoints": [
              {
                "x": 1800,
                "y": 1400,
                "z": 380
              },
              {
                "x": 1800,
                "y": 1400,
                "z": 60
              }
            ]
          }
        }
      ],
      "net": {
        "slice": "URLLC",
        "lat_ms": 7,
        "jitter_ms": 1.2,
        "loss_pct": 0.05,
        "throughput_mbps": 105,
        "edge_load": 0.38
      }
    },
    {
      "turn": 10,
      "speaker": "user",
      "intent": "approve_landing",
      "actions": [
        {
          "type": "mcp",
          "name": "execute_descent",
          "args": {}
        }
      ],
      "obs": [
        {
          "tool": "execute_descent",
          "result": {
            "status": "in_progress",
            "target_z": 60
          }
        }
      ],
      "net": {
        "slice": "URLLC",
        "lat_ms": 6,
        "jitter_ms": 1.0,
        "loss_pct": 0.02,
        "throughput_mbps": 100,
        "edge_load": 0.35
      }
    },
    {
      "turn": 11,
      "speaker": "agent",
      "intent": "confirm_landing",
      "actions": [
        {
          "type": "mcp",
          "name": "read_telemetry",
          "args": {}
        }
      ],
      "obs": [
        {
          "tool": "read_telemetry",
          "result": {
            "pose": {
              "x": 1800,
              "y": 1400,
              "z": 60
            },
            "battery_pct": 68.0,
            "speed_mps": 0.0
          }
        }
      ],
      "net": {
        "slice": "URLLC",
        "lat_ms": 5,
        "jitter_ms": 0.9,
        "loss_pct": 0.01,
        "throughput_mbps": 98,
        "edge_load": 0.33
      }
    }
  ],
  "final_state": {
    "domain": "uav",
    "time_s": 120.0,
    "env": {
      "weather": "lightning_risk",
      "wind_mps": 9.0,
      "wind_dir_deg": 270.0
    },
    "airspace": {
      "alt_bounds": [
        50.0,
        450.0
      ],
      "geofence": [
        {
          "type": "polygon",
          "points": [
            [
              0,
              0
            ],
            [
              2000,
              0
            ],
            [
              2000,
              1500
            ],
            [
              0,
              1500
            ]
          ]
        }
      ]
    },
    "uav": {
      "pose": {
        "x": 1800.0,
        "y": 1400.0,
        "z": 60.0,
        "yaw": 90.0
      },
      "speed_mps": 0.0,
      "energy": {
        "battery_pct": 68.0
      },
      "sensors": {
        "rgb": "ok",
        "thermal": "ok",
        "lidar": "offline",
        "radar": "ok",
        "gnss": "ok",
        "imu": "ok",
        "magnetometer": "ok",
        "barometer": "ok"
      },
      "payloads": []
    },
    "policy": {
      "alt_bounds": [
        50.0,
        450.0
      ]
    },
    "safety_flags": {
      "nfz_violation": false,
      "separation_breach": false
    }
  },
  "success": true,
  "_meta": {
    "seed": 42,
    "ts": 1763883299,
    "ts_iso": "2025-11-23T07:34:59Z",
    "gen_time_s": 58.74485635757446,
    "attempts_used": 1,
    "generation_failed": false,
    "usage": {
      "prompt_tokens": 1054,
      "completion_tokens": 3345,
      "total_tokens": 4399,
      "cost": 0.002841,
      "is_byok": false,
      "prompt_tokens_details": {
        "cached_tokens": 608,
        "audio_tokens": 0,
        "video_tokens": 0
      },
      "cost_details": {
        "upstream_inference_cost": null,
        "upstream_inference_prompt_cost": 0.000165,
        "upstream_inference_completions_cost": 0.002676
      },
      "completion_tokens_details": {
        "reasoning_tokens": 0,
        "image_tokens": 0
      }
    }
  }
}