{
  "initial_state": {
    "domain": "uav",
    "time_s": 0.0,
    "env": {
      "weather": "rain",
      "wind_mps": 7.5,
      "wind_dir_deg": 240.0
    },
    "airspace": {
      "alt_bounds": [
        5.0,
        120.0
      ],
      "geofence": [
        {
          "type": "polygon",
          "points": [
            [
              0.0,
              0.0
            ],
            [
              200.0,
              0.0
            ],
            [
              200.0,
              150.0
            ],
            [
              0.0,
              150.0
            ]
          ]
        }
      ]
    },
    "uav": {
      "pose": {
        "x": 10.0,
        "y": 10.0,
        "z": 10.0,
        "yaw": 90.0
      },
      "speed_mps": 15.0,
      "energy": {
        "battery_pct": 100.0
      },
      "sensors": {
        "rgb": "ok",
        "thermal": "offline",
        "lidar": "ok",
        "radar": "offline",
        "gnss": "ok",
        "imu": "ok",
        "magnetometer": "ok",
        "barometer": "ok"
      },
      "payloads": []
    },
    "policy": {
      "alt_bounds": [
        5.0,
        120.0
      ]
    },
    "safety_flags": {
      "nfz_violation": false,
      "separation_breach": false
    }
  },
  "dialogue": [
    {
      "turn": 1,
      "speaker": "agent",
      "intent": "initiate mission and check telemetry",
      "actions": [
        {
          "type": "mcp",
          "name": "read_telemetry",
          "args": {}
        }
      ],
      "obs": [
        {
          "tool": "read_telemetry",
          "result": {
            "pose": {
              "x": 10.0,
              "y": 10.0,
              "z": 10.0
            },
            "battery_pct": 100.0,
            "speed_mps": 15.0
          }
        }
      ],
      "net": {
        "slice": "eMBB",
        "lat_ms": 12,
        "jitter_ms": 3,
        "loss_pct": 0.1,
        "throughput_mbps": 850,
        "edge_load": 0.45
      }
    },
    {
      "turn": 2,
      "speaker": "user",
      "intent": "authorize mission start and request path to target",
      "actions": [
        {
          "type": "mcp",
          "name": "set_waypoint",
          "args": {
            "x": 180.0,
            "y": 140.0,
            "z": 50.0
          }
        }
      ],
      "obs": [
        {
          "tool": "set_waypoint",
          "result": {
            "status": "accepted",
            "eta_s": 18.7
          }
        }
      ],
      "net": {
        "slice": "eMBB",
        "lat_ms": 11,
        "jitter_ms": 2,
        "loss_pct": 0.05,
        "throughput_mbps": 900,
        "edge_load": 0.5
      }
    },
    {
      "turn": 3,
      "speaker": "agent",
      "intent": "initiate swarm coordination for collision avoidance",
      "actions": [
        {
          "type": "a2a",
          "task": "collision_avoidance",
          "to": "uav_swarm_agent",
          "payload": {
            "current_pose": {
              "x": 10.0,
              "y": 10.0,
              "z": 10.0
            },
            "waypoint": {
              "x": 180.0,
              "y": 140.0,
              "z": 50.0
            }
          }
        }
      ],
      "obs": [
        {
          "task": "collision_avoidance",
          "from": "uav_swarm_agent",
          "status": "ok",
          "payload": {
            "safe_path": true,
            "risk_level": "low"
          }
        }
      ],
      "net": {
        "slice": "URLLC",
        "lat_ms": 8,
        "jitter_ms": 1,
        "loss_pct": 0.01,
        "throughput_mbps": 120,
        "edge_load": 0.3
      }
    },
    {
      "turn": 4,
      "speaker": "user",
      "intent": "request sensor activation for visual inspection",
      "actions": [
        {
          "type": "mcp",
          "name": "activate_sensor",
          "args": {
            "sensor": "rgb"
          }
        }
      ],
      "obs": [
        {
          "tool": "activate_sensor",
          "result": {
            "sensor": "rgb",
            "status": "active"
          }
        }
      ],
      "net": {
        "slice": "eMBB",
        "lat_ms": 10,
        "jitter_ms": 2,
        "loss_pct": 0.08,
        "throughput_mbps": 880,
        "edge_load": 0.55
      }
    },
    {
      "turn": 5,
      "speaker": "agent",
      "intent": "detect network degradation and adapt",
      "actions": [
        {
          "type": "mcp",
          "name": "read_network_state",
          "args": {}
        }
      ],
      "obs": [
        {
          "tool": "read_network_state",
          "result": {
            "slice": "eMBB",
            "lat_ms": 120,
            "jitter_ms": 25,
            "loss_pct": 8.5,
            "throughput_mbps": 150,
            "edge_load": 0.85
          }
        }
      ],
      "net": {
        "slice": "eMBB",
        "lat_ms": 120,
        "jitter_ms": 25,
        "loss_pct": 8.5,
        "throughput_mbps": 150,
        "edge_load": 0.85
      }
    },
    {
      "turn": 6,
      "speaker": "user",
      "intent": "switch to URLLC for critical control",
      "actions": [
        {
          "type": "mcp",
          "name": "switch_network_slice",
          "args": {
            "target_slice": "URLLC"
          }
        }
      ],
      "obs": [
        {
          "tool": "switch_network_slice",
          "result": {
            "status": "success",
            "new_slice": "URLLC",
            "lat_ms": 9,
            "loss_pct": 0.02
          }
        }
      ],
      "net": {
        "slice": "URLLC",
        "lat_ms": 9,
        "jitter_ms": 1.2,
        "loss_pct": 0.02,
        "throughput_mbps": 110,
        "edge_load": 0.4
      }
    },
    {
      "turn": 7,
      "speaker": "agent",
      "intent": "recheck telemetry under stable link",
      "actions": [
        {
          "type": "mcp",
          "name": "read_telemetry",
          "args": {}
        }
      ],
      "obs": [
        {
          "tool": "read_telemetry",
          "result": {
            "pose": {
              "x": 95.3,
              "y": 72.1,
              "z": 48.7
            },
            "battery_pct": 88.4,
            "speed_mps": 14.2
          }
        }
      ],
      "net": {
        "slice": "URLLC",
        "lat_ms": 8.5,
        "jitter_ms": 1,
        "loss_pct": 0.01,
        "throughput_mbps": 115,
        "edge_load": 0.38
      }
    },
    {
      "turn": 8,
      "speaker": "user",
      "intent": "request emergency hover due to unexpected obstacle",
      "actions": [
        {
          "type": "mcp",
          "name": "set_hover",
          "args": {
            "duration_s": 10
          }
        }
      ],
      "obs": [
        {
          "tool": "set_hover",
          "result": {
            "status": "executing",
            "reason": "obstacle_ahead"
          }
        }
      ],
      "net": {
        "slice": "URLLC",
        "lat_ms": 7.8,
        "jitter_ms": 0.9,
        "loss_pct": 0.01,
        "throughput_mbps": 118,
        "edge_load": 0.35
      }
    },
    {
      "turn": 9,
      "speaker": "agent",
      "intent": "reroute using lidar scan",
      "actions": [
        {
          "type": "mcp",
          "name": "activate_sensor",
          "args": {
            "sensor": "lidar"
          }
        },
        {
          "type": "mcp",
          "name": "scan_environment",
          "args": {
            "mode": "obstacle_map",
            "range_m": 50
          }
        }
      ],
      "obs": [
        {
          "tool": "activate_sensor",
          "result": {
            "sensor": "lidar",
            "status": "active"
          }
        },
        {
          "tool": "scan_environment",
          "result": {
            "obstacle_detected": true,
            "new_path_available": true,
            "reroute_via": [
              {
                "x": 110.0,
                "y": 90.0,
                "z": 55.0
              },
              {
                "x": 180.0,
                "y": 140.0,
                "z": 50.0
              }
            ]
          }
        }
      ],
      "net": {
        "slice": "URLLC",
        "lat_ms": 8.2,
        "jitter_ms": 1.1,
        "loss_pct": 0.01,
        "throughput_mbps": 112,
        "edge_load": 0.41
      }
    },
    {
      "turn": 10,
      "speaker": "user",
      "intent": "approve reroute and resume mission",
      "actions": [
        {
          "type": "mcp",
          "name": "set_waypoint",
          "args": {
            "x": 110.0,
            "y": 90.0,
            "z": 55.0
          }
        },
        {
          "type": "mcp",
          "name": "set_waypoint",
          "args": {
            "x": 180.0,
            "y": 140.0,
            "z": 50.0
          }
        }
      ],
      "obs": [
        {
          "tool": "set_waypoint",
          "result": {
            "status": "accepted",
            "waypoint": {
              "x": 110.0,
              "y": 90.0,
              "z": 55.0
            }
          }
        },
        {
          "tool": "set_waypoint",
          "result": {
            "status": "accepted",
            "waypoint": {
              "x": 180.0,
              "y": 140.0,
              "z": 50.0
            }
          }
        }
      ],
      "net": {
        "slice": "URLLC",
        "lat_ms": 8.0,
        "jitter_ms": 1.0,
        "loss_pct": 0.01,
        "throughput_mbps": 116,
        "edge_load": 0.39
      }
    },
    {
      "turn": 11,
      "speaker": "agent",
      "intent": "confirm final approach and battery status",
      "actions": [
        {
          "type": "mcp",
          "name": "read_telemetry",
          "args": {}
        }
      ],
      "obs": [
        {
          "tool": "read_telemetry",
          "result": {
            "pose": {
              "x": 178.2,
              "y": 138.5,
              "z": 50.1
            },
            "battery_pct": 76.3,
            "speed_mps": 8.4
          }
        }
      ],
      "net": {
        "slice": "URLLC",
        "lat_ms": 8.3,
        "jitter_ms": 1.0,
        "loss_pct": 0.01,
        "throughput_mbps": 114,
        "edge_load": 0.4
      }
    }
  ],
  "final_state": {
    "domain": "uav",
    "time_s": 0.0,
    "env": {
      "weather": "rain",
      "wind_mps": 7.5,
      "wind_dir_deg": 240.0
    },
    "airspace": {
      "alt_bounds": [
        5.0,
        120.0
      ],
      "geofence": [
        {
          "type": "polygon",
          "points": [
            [
              0.0,
              0.0
            ],
            [
              200.0,
              0.0
            ],
            [
              200.0,
              150.0
            ],
            [
              0.0,
              150.0
            ]
          ]
        }
      ]
    },
    "uav": {
      "pose": {
        "x": 178.2,
        "y": 138.5,
        "z": 50.1,
        "yaw": 90.0
      },
      "speed_mps": 8.4,
      "energy": {
        "battery_pct": 76.3
      },
      "sensors": {
        "rgb": "ok",
        "thermal": "offline",
        "lidar": "ok",
        "radar": "offline",
        "gnss": "ok",
        "imu": "ok",
        "magnetometer": "ok",
        "barometer": "ok"
      },
      "payloads": []
    },
    "policy": {
      "alt_bounds": [
        5.0,
        120.0
      ]
    },
    "safety_flags": {
      "nfz_violation": false,
      "separation_breach": false
    }
  },
  "success": true,
  "_meta": {
    "seed": 42,
    "ts": 1763857130,
    "ts_iso": "2025-11-23T00:18:50Z",
    "gen_time_s": 43.08690571784973,
    "attempts_used": 1,
    "generation_failed": false,
    "usage": {
      "prompt_tokens": 1052,
      "completion_tokens": 3566,
      "total_tokens": 4618,
      "cost": 0.00301736,
      "is_byok": false,
      "prompt_tokens_details": {
        "cached_tokens": 608,
        "audio_tokens": 0,
        "video_tokens": 0
      },
      "cost_details": {
        "upstream_inference_cost": null,
        "upstream_inference_prompt_cost": 0.00016456,
        "upstream_inference_completions_cost": 0.0028528
      },
      "completion_tokens_details": {
        "reasoning_tokens": 0,
        "image_tokens": 0
      }
    }
  }
}