{
  "initial_state": {
    "domain": "uav",
    "time_s": 0.0,
    "env": {
      "weather": "fog",
      "wind_mps": 6.0,
      "wind_dir_deg": 240.0
    },
    "airspace": {
      "alt_bounds": [
        10.0,
        120.0
      ],
      "geofence": [
        {
          "type": "polygon",
          "points": [
            [
              0,
              0
            ],
            [
              300,
              0
            ],
            [
              300,
              200
            ],
            [
              0,
              200
            ]
          ]
        }
      ]
    },
    "uav": {
      "pose": {
        "x": 20.0,
        "y": 20.0,
        "z": 30.0,
        "yaw": 90.0
      },
      "speed_mps": 18.0,
      "energy": {
        "battery_pct": 100.0
      },
      "sensors": {
        "rgb": "ok",
        "thermal": "offline",
        "lidar": "ok",
        "radar": "offline",
        "gnss": "ok",
        "imu": "ok",
        "magnetometer": "ok",
        "barometer": "ok"
      },
      "payloads": []
    },
    "policy": {
      "alt_bounds": [
        10.0,
        120.0
      ]
    },
    "safety_flags": {
      "nfz_violation": false,
      "separation_breach": false
    }
  },
  "dialogue": [
    {
      "turn": 1,
      "speaker": "agent",
      "intent": "initiate inspection mission under fog conditions",
      "actions": [
        {
          "type": "mcp",
          "name": "read_telemetry",
          "args": {}
        },
        {
          "type": "a2a",
          "task": "request_weather_update",
          "to": "weather_service_agent",
          "payload": {
            "location": [
              20.0,
              20.0
            ],
            "horizon": 300
          }
        }
      ],
      "obs": [
        {
          "tool": "read_telemetry",
          "result": {
            "pose": {
              "x": 20.0,
              "y": 20.0,
              "z": 30.0
            },
            "battery_pct": 100.0,
            "speed_mps": 18.0
          }
        },
        {
          "task": "request_weather_update",
          "from": "weather_service_agent",
          "status": "ok",
          "payload": {
            "fog_density": 0.8,
            "visibility_m": 60,
            "wind_change": "stable"
          }
        }
      ],
      "net": {
        "slice": "eMBB",
        "lat_ms": 18,
        "jitter_ms": 3,
        "loss_pct": 0.1,
        "throughput_mbps": 850,
        "edge_load": 0.4
      }
    },
    {
      "turn": 2,
      "speaker": "user",
      "intent": "approve ascent and thermal sensor restart",
      "actions": [
        {
          "type": "mcp",
          "name": "restart_sensor",
          "args": {
            "sensor": "thermal"
          }
        },
        {
          "type": "mcp",
          "name": "set_altitude",
          "args": {
            "target_z": 80.0
          }
        }
      ],
      "obs": [
        {
          "tool": "restart_sensor",
          "result": {
            "sensor": "thermal",
            "status": "success"
          }
        },
        {
          "tool": "set_altitude",
          "result": {
            "target_z": 80.0,
            "status": "acknowledged"
          }
        }
      ],
      "net": {
        "slice": "URLLC",
        "lat_ms": 8,
        "jitter_ms": 1,
        "loss_pct": 0.05,
        "throughput_mbps": 120,
        "edge_load": 0.3
      }
    },
    {
      "turn": 3,
      "speaker": "agent",
      "intent": "ascend and verify sensor status",
      "actions": [
        {
          "type": "mcp",
          "name": "read_telemetry",
          "args": {}
        },
        {
          "type": "mcp",
          "name": "check_sensors",
          "args": {}
        }
      ],
      "obs": [
        {
          "tool": "read_telemetry",
          "result": {
            "pose": {
              "x": 20.0,
              "y": 20.0,
              "z": 58.3
            },
            "battery_pct": 98.7,
            "speed_mps": 16.2
          }
        },
        {
          "tool": "check_sensors",
          "result": {
            "thermal": "ok",
            "lidar": "ok",
            "rgb": "ok"
          }
        }
      ],
      "net": {
        "slice": "URLLC",
        "lat_ms": 9,
        "jitter_ms": 1.2,
        "loss_pct": 0.07,
        "throughput_mbps": 110,
        "edge_load": 0.35
      }
    },
    {
      "turn": 4,
      "speaker": "user",
      "intent": "request swarm coordination for bridge north span",
      "actions": [
        {
          "type": "a2a",
          "task": "assign_survey_task",
          "to": "uav_swarm_agent",
          "payload": {
            "target_area": "north_span",
            "priority": "high",
            "sensors": [
              "lidar",
              "thermal"
            ]
          }
        }
      ],
      "obs": [
        {
          "task": "assign_survey_task",
          "from": "uav_swarm_agent",
          "status": "accepted",
          "payload": {
            "uav_ids": [
              "uav-7",
              "uav-12"
            ],
            "eta_start": 12.0
          }
        }
      ],
      "net": {
        "slice": "mMTC",
        "lat_ms": 45,
        "jitter_ms": 12,
        "loss_pct": 0.8,
        "throughput_mbps": 1.2,
        "edge_load": 0.7
      }
    },
    {
      "turn": 5,
      "speaker": "agent",
      "intent": "navigate to bridge approach point",
      "actions": [
        {
          "type": "mcp",
          "name": "set_waypoint",
          "args": {
            "x": 180.0,
            "y": 40.0,
            "z": 75.0
          }
        }
      ],
      "obs": [
        {
          "tool": "set_waypoint",
          "result": {
            "waypoint": [
              180.0,
              40.0,
              75.0
            ],
            "status": "executing",
            "eta_s": 22
          }
        }
      ],
      "net": {
        "slice": "URLLC",
        "lat_ms": 7,
        "jitter_ms": 0.9,
        "loss_pct": 0.04,
        "throughput_mbps": 130,
        "edge_load": 0.28
      }
    },
    {
      "turn": 6,
      "speaker": "user",
      "intent": "initiate high-res imaging, monitor network",
      "actions": [
        {
          "type": "mcp",
          "name": "capture_image",
          "args": {
            "mode": "high_res",
            "sensor": "rgb"
          }
        }
      ],
      "obs": [
        {
          "tool": "capture_image",
          "result": {
            "sensor": "rgb",
            "status": "success",
            "image_id": "IMG_8821",
            "size_kb": 4096
          }
        }
      ],
      "net": {
        "slice": "eMBB",
        "lat_ms": 22,
        "jitter_ms": 4,
        "loss_pct": 0.2,
        "throughput_mbps": 780,
        "edge_load": 0.65
      }
    },
    {
      "turn": 7,
      "speaker": "agent",
      "intent": "detect temporary comms degradation",
      "actions": [
        {
          "type": "mcp",
          "name": "read_telemetry",
          "args": {}
        }
      ],
      "obs": [
        {
          "tool": "read_telemetry",
          "result": {
            "pose": {
              "x": 142.1,
              "y": 38.7,
              "z": 74.8
            },
            "battery_pct": 96.1,
            "speed_mps": 15.8,
            "gnss": "degraded"
          }
        }
      ],
      "net": {
        "slice": "URLLC",
        "lat_ms": 110,
        "jitter_ms": 25,
        "loss_pct": 5.0,
        "throughput_mbps": 80,
        "edge_load": 0.9
      }
    },
    {
      "turn": 8,
      "speaker": "user",
      "intent": "switch to local autonomy due to network issues",
      "actions": [
        {
          "type": "mcp",
          "name": "enable_autonomous_mode",
          "args": {
            "mode": "local_planning",
            "timeout_s": 60
          }
        }
      ],
      "obs": [
        {
          "tool": "enable_autonomous_mode",
          "result": {
            "mode": "local_planning",
            "status": "activated",
            "fallback": true
          }
        }
      ],
      "net": {
        "slice": "URLLC",
        "lat_ms": 120,
        "jitter_ms": 30,
        "loss_pct": 6.2,
        "throughput_mbps": 60,
        "edge_load": 0.95
      }
    },
    {
      "turn": 9,
      "speaker": "agent",
      "intent": "resume comms and report position after autonomy",
      "actions": [
        {
          "type": "mcp",
          "name": "read_telemetry",
          "args": {}
        },
        {
          "type": "a2a",
          "task": "report_position",
          "to": "mission_control",
          "payload": {
            "x": 178.3,
            "y": 39.1,
            "z": 75.0,
            "battery": 94.8
          }
        }
      ],
      "obs": [
        {
          "tool": "read_telemetry",
          "result": {
            "pose": {
              "x": 178.3,
              "y": 39.1,
              "z": 75.0
            },
            "battery_pct": 94.8,
            "speed_mps": 0.0,
            "status": "waypoint_reached"
          }
        },
        {
          "task": "report_position",
          "from": "mission_control",
          "status": "received",
          "payload": {
            "ack_id": "POS_7712",
            "next_instruction": "proceed_to_inspection"
          }
        }
      ],
      "net": {
        "slice": "URLLC",
        "lat_ms": 10,
        "jitter_ms": 1.5,
        "loss_pct": 0.1,
        "throughput_mbps": 100,
        "edge_load": 0.32
      }
    },
    {
      "turn": 10,
      "speaker": "user",
      "intent": "authorize close inspection of bridge pylon",
      "actions": [
        {
          "type": "mcp",
          "name": "set_waypoint",
          "args": {
            "x": 220.0,
            "y": 100.0,
            "z": 50.0
          }
        },
        {
          "type": "mcp",
          "name": "activate_sensor_suite",
          "args": {
            "sensors": [
              "lidar",
              "thermal"
            ]
          }
        }
      ],
      "obs": [
        {
          "tool": "set_waypoint",
          "result": {
            "waypoint": [
              220.0,
              100.0,
              50.0
            ],
            "status": "executing",
            "eta_s": 18
          }
        },
        {
          "tool": "activate_sensor_suite",
          "result": {
            "status": "active",
            "sensors": [
              "lidar",
              "thermal"
            ]
          }
        }
      ],
      "net": {
        "slice": "URLLC",
        "lat_ms": 8,
        "jitter_ms": 1.1,
        "loss_pct": 0.06,
        "throughput_mbps": 115,
        "edge_load": 0.3
      }
    },
    {
      "turn": 11,
      "speaker": "agent",
      "intent": "complete inspection and return to base",
      "actions": [
        {
          "type": "mcp",
          "name": "set_waypoint",
          "args": {
            "x": 20.0,
            "y": 20.0,
            "z": 30.0
          }
        }
      ],
      "obs": [
        {
          "tool": "set_waypoint",
          "result": {
            "waypoint": [
              20.0,
              20.0,
              30.0
            ],
            "status": "returning",
            "eta_s": 35
          }
        }
      ],
      "net": {
        "slice": "URLLC",
        "lat_ms": 9,
        "jitter_ms": 1.3,
        "loss_pct": 0.08,
        "throughput_mbps": 105,
        "edge_load": 0.34
      }
    }
  ],
  "final_state": {
    "domain": "uav",
    "time_s": 120.0,
    "env": {
      "weather": "fog",
      "wind_mps": 6.0,
      "wind_dir_deg": 240.0
    },
    "airspace": {
      "alt_bounds": [
        10.0,
        120.0
      ],
      "geofence": [
        {
          "type": "polygon",
          "points": [
            [
              0,
              0
            ],
            [
              300,
              0
            ],
            [
              300,
              200
            ],
            [
              0,
              200
            ]
          ]
        }
      ]
    },
    "uav": {
      "pose": {
        "x": 45.2,
        "y": 28.9,
        "z": 52.1,
        "yaw": 270.0
      },
      "speed_mps": 14.3,
      "energy": {
        "battery_pct": 89.4
      },
      "sensors": {
        "rgb": "ok",
        "thermal": "ok",
        "lidar": "ok",
        "radar": "offline",
        "gnss": "ok",
        "imu": "ok",
        "magnetometer": "ok",
        "barometer": "ok"
      },
      "payloads": []
    },
    "policy": {
      "alt_bounds": [
        10.0,
        120.0
      ]
    },
    "safety_flags": {
      "nfz_violation": false,
      "separation_breach": false
    }
  },
  "success": true,
  "_meta": {
    "seed": 42,
    "ts": 1763953300,
    "ts_iso": "2025-11-24T03:01:40Z",
    "gen_time_s": 54.56394910812378,
    "attempts_used": 1,
    "generation_failed": false,
    "usage": {
      "prompt_tokens": 1039,
      "completion_tokens": 3806,
      "total_tokens": 4845,
      "cost": 0.00320122,
      "is_byok": false,
      "prompt_tokens_details": {
        "cached_tokens": 656,
        "audio_tokens": 0,
        "video_tokens": 0
      },
      "cost_details": {
        "upstream_inference_cost": null,
        "upstream_inference_prompt_cost": 0.00015642,
        "upstream_inference_completions_cost": 0.0030448
      },
      "completion_tokens_details": {
        "reasoning_tokens": 0,
        "image_tokens": 0
      }
    }
  }
}