{
  "initial_state": {
    "domain": "uav",
    "time_s": 0.0,
    "env": {
      "weather": "fog",
      "wind_mps": 6.5,
      "wind_dir_deg": 240.0
    },
    "airspace": {
      "alt_bounds": [
        20.0,
        120.0
      ],
      "geofence": [
        {
          "type": "polygon",
          "points": [
            [
              100,
              100
            ],
            [
              300,
              100
            ],
            [
              300,
              300
            ],
            [
              100,
              300
            ]
          ]
        }
      ]
    },
    "uav": {
      "pose": {
        "x": 120.0,
        "y": 120.0,
        "z": 40.0,
        "yaw": 90.0
      },
      "speed_mps": 18.0,
      "energy": {
        "battery_pct": 100.0
      },
      "sensors": {
        "rgb": "ok",
        "thermal": "offline",
        "lidar": "ok",
        "radar": "offline",
        "gnss": "ok",
        "imu": "ok",
        "magnetometer": "ok",
        "barometer": "ok"
      },
      "payloads": []
    },
    "policy": {
      "alt_bounds": [
        20.0,
        120.0
      ]
    },
    "safety_flags": {
      "nfz_violation": false,
      "separation_breach": false
    }
  },
  "dialogue": [
    {
      "turn": 1,
      "speaker": "agent",
      "intent": "initiate mission and check telemetry",
      "actions": [
        {
          "type": "mcp",
          "name": "read_telemetry",
          "args": {}
        }
      ],
      "obs": [
        {
          "tool": "read_telemetry",
          "result": {
            "pose": {
              "x": 120.0,
              "y": 120.0,
              "z": 40.0
            },
            "battery_pct": 100.0,
            "speed_mps": 18.0
          }
        }
      ],
      "net": {
        "slice": "eMBB",
        "lat_ms": 12,
        "jitter_ms": 3,
        "loss_pct": 0.1,
        "throughput_mbps": 850,
        "edge_load": 0.45
      }
    },
    {
      "turn": 2,
      "speaker": "user",
      "intent": "confirm mission start and request route plan",
      "actions": [
        {
          "type": "mcp",
          "name": "plan_route",
          "args": {
            "start": [
              120,
              120
            ],
            "goal": [
              280,
              280
            ],
            "obstacles": [
              {
                "type": "circle",
                "center": [
                  200,
                  200
                ],
                "radius": 30
              }
            ]
          }
        }
      ],
      "obs": [
        {
          "tool": "plan_route",
          "result": {
            "waypoints": [
              [
                150,
                150
              ],
              [
                250,
                250
              ],
              [
                280,
                280
              ]
            ],
            "estimated_duration_s": 98.5,
            "battery_impact_pct": 18.3
          }
        }
      ],
      "net": {
        "slice": "eMBB",
        "lat_ms": 14,
        "jitter_ms": 4,
        "loss_pct": 0.2,
        "throughput_mbps": 800,
        "edge_load": 0.52
      }
    },
    {
      "turn": 3,
      "speaker": "agent",
      "intent": "coordinate with swarm for collision avoidance",
      "actions": [
        {
          "type": "a2a",
          "task": "collision_avoidance",
          "to": "uav_swarm_agent",
          "payload": {
            "current_pose": [
              120,
              120,
              40
            ],
            "route": [
              [
                150,
                150
              ],
              [
                250,
                250
              ],
              [
                280,
                280
              ]
            ]
          }
        }
      ],
      "obs": [
        {
          "task": "collision_avoidance",
          "from": "uav_swarm_agent",
          "status": "ok",
          "payload": {
            "clearance": true,
            "suggested_alt_offset": 0
          }
        }
      ],
      "net": {
        "slice": "URLLC",
        "lat_ms": 8,
        "jitter_ms": 1,
        "loss_pct": 0.05,
        "throughput_mbps": 120,
        "edge_load": 0.3
      }
    },
    {
      "turn": 4,
      "speaker": "user",
      "intent": "authorize takeoff and initiate movement",
      "actions": [
        {
          "type": "mcp",
          "name": "move_to",
          "args": {
            "waypoint": [
              150,
              150
            ],
            "speed": 16.0,
            "altitude": 50.0
          }
        }
      ],
      "obs": [
        {
          "tool": "move_to",
          "result": {
            "status": "in_progress",
            "estimated_arrival_s": 12.3
          }
        }
      ],
      "net": {
        "slice": "eMBB",
        "lat_ms": 15,
        "jitter_ms": 5,
        "loss_pct": 0.3,
        "throughput_mbps": 780,
        "edge_load": 0.58
      }
    },
    {
      "turn": 5,
      "speaker": "agent",
      "intent": "monitor telemetry under fog and wind",
      "actions": [
        {
          "type": "mcp",
          "name": "read_telemetry",
          "args": {}
        }
      ],
      "obs": [
        {
          "tool": "read_telemetry",
          "result": {
            "pose": {
              "x": 142.1,
              "y": 142.1,
              "z": 50.0
            },
            "battery_pct": 98.7,
            "speed_mps": 15.8,
            "wind_drift_comp": 1.2
          }
        }
      ],
      "net": {
        "slice": "eMBB",
        "lat_ms": 16,
        "jitter_ms": 6,
        "loss_pct": 0.4,
        "throughput_mbps": 750,
        "edge_load": 0.62
      }
    },
    {
      "turn": 6,
      "speaker": "user",
      "intent": "request thermal sensor activation despite fog",
      "actions": [
        {
          "type": "mcp",
          "name": "activate_sensor",
          "args": {
            "sensor": "thermal"
          }
        }
      ],
      "obs": [
        {
          "tool": "activate_sensor",
          "result": {
            "sensor": "thermal",
            "status": "failed",
            "reason": "hardware_offline"
          }
        }
      ],
      "net": {
        "slice": "mMTC",
        "lat_ms": 25,
        "jitter_ms": 10,
        "loss_pct": 1.8,
        "throughput_mbps": 1.2,
        "edge_load": 0.75
      }
    },
    {
      "turn": 7,
      "speaker": "agent",
      "intent": "adapt to degraded network and sensor failure",
      "actions": [
        {
          "type": "mcp",
          "name": "switch_sensor_mode",
          "args": {
            "primary": "lidar",
            "fallback": "rgb"
          }
        }
      ],
      "obs": [
        {
          "tool": "switch_sensor_mode",
          "result": {
            "status": "success",
            "active_mode": "lidar_rgb_fusion"
          }
        }
      ],
      "net": {
        "slice": "URLLC",
        "lat_ms": 9,
        "jitter_ms": 2,
        "loss_pct": 0.1,
        "throughput_mbps": 100,
        "edge_load": 0.4
      }
    },
    {
      "turn": 8,
      "speaker": "user",
      "intent": "request status update and next waypoint",
      "actions": [
        {
          "type": "mcp",
          "name": "read_telemetry",
          "args": {}
        }
      ],
      "obs": [
        {
          "tool": "read_telemetry",
          "result": {
            "pose": {
              "x": 150.0,
              "y": 150.0,
              "z": 50.0
            },
            "battery_pct": 97.5,
            "speed_mps": 0.0,
            "status": "waypoint_reached"
          }
        }
      ],
      "net": {
        "slice": "URLLC",
        "lat_ms": 7,
        "jitter_ms": 1,
        "loss_pct": 0.05,
        "throughput_mbps": 110,
        "edge_load": 0.35
      }
    },
    {
      "turn": 9,
      "speaker": "agent",
      "intent": "proceed to next waypoint with swarm coordination",
      "actions": [
        {
          "type": "a2a",
          "task": "route_update",
          "to": "uav_swarm_agent",
          "payload": {
            "next_waypoint": [
              250,
              250
            ],
            "altitude": 60.0
          }
        },
        {
          "type": "mcp",
          "name": "move_to",
          "args": {
            "waypoint": [
              250,
              250
            ],
            "speed": 17.0,
            "altitude": 60.0
          }
        }
      ],
      "obs": [
        {
          "task": "route_update",
          "from": "uav_swarm_agent",
          "status": "acknowledged",
          "payload": {
            "swarm_status": "aligned"
          }
        },
        {
          "tool": "move_to",
          "result": {
            "status": "in_progress",
            "estimated_arrival_s": 18.7
          }
        }
      ],
      "net": {
        "slice": "URLLC",
        "lat_ms": 8,
        "jitter_ms": 1,
        "loss_pct": 0.08,
        "throughput_mbps": 105,
        "edge_load": 0.38
      }
    },
    {
      "turn": 10,
      "speaker": "user",
      "intent": "monitor progress and prepare for delivery",
      "actions": [
        {
          "type": "mcp",
          "name": "check_payload",
          "args": {}
        }
      ],
      "obs": [
        {
          "tool": "check_payload",
          "result": {
            "status": "secure",
            "weight_kg": 2.1
          }
        }
      ],
      "net": {
        "slice": "mMTC",
        "lat_ms": 30,
        "jitter_ms": 12,
        "loss_pct": 2.1,
        "throughput_mbps": 0.9,
        "edge_load": 0.8
      }
    },
    {
      "turn": 11,
      "speaker": "agent",
      "intent": "final approach and safety check",
      "actions": [
        {
          "type": "mcp",
          "name": "read_telemetry",
          "args": {}
        }
      ],
      "obs": [
        {
          "tool": "read_telemetry",
          "result": {
            "pose": {
              "x": 245.3,
              "y": 245.3,
              "z": 60.0
            },
            "battery_pct": 95.1,
            "speed_mps": 16.5,
            "status": "final_approach"
          }
        }
      ],
      "net": {
        "slice": "URLLC",
        "lat_ms": 7,
        "jitter_ms": 1,
        "loss_pct": 0.06,
        "throughput_mbps": 115,
        "edge_load": 0.33
      }
    }
  ],
  "final_state": {
    "domain": "uav",
    "time_s": 110.0,
    "env": {
      "weather": "fog",
      "wind_mps": 6.5,
      "wind_dir_deg": 240.0
    },
    "airspace": {
      "alt_bounds": [
        20.0,
        120.0
      ],
      "geofence": [
        {
          "type": "polygon",
          "points": [
            [
              100,
              100
            ],
            [
              300,
              100
            ],
            [
              300,
              300
            ],
            [
              100,
              300
            ]
          ]
        }
      ]
    },
    "uav": {
      "pose": {
        "x": 245.3,
        "y": 245.3,
        "z": 60.0,
        "yaw": 90.0
      },
      "speed_mps": 16.5,
      "energy": {
        "battery_pct": 95.1
      },
      "sensors": {
        "rgb": "ok",
        "thermal": "offline",
        "lidar": "ok",
        "radar": "offline",
        "gnss": "ok",
        "imu": "ok",
        "magnetometer": "ok",
        "barometer": "ok"
      },
      "payloads": []
    },
    "policy": {
      "alt_bounds": [
        20.0,
        120.0
      ]
    },
    "safety_flags": {
      "nfz_violation": false,
      "separation_breach": false
    }
  },
  "success": true,
  "_meta": {
    "seed": 42,
    "ts": 1764007286,
    "ts_iso": "2025-11-24T18:01:26Z",
    "gen_time_s": 56.08715462684631,
    "attempts_used": 1,
    "generation_failed": false,
    "usage": {
      "prompt_tokens": 1056,
      "completion_tokens": 3546,
      "total_tokens": 4602,
      "cost": 0.00295472,
      "is_byok": false,
      "prompt_tokens_details": {
        "cached_tokens": 1040,
        "audio_tokens": 0,
        "video_tokens": 0
      },
      "cost_details": {
        "upstream_inference_cost": null,
        "upstream_inference_prompt_cost": 0.00011792,
        "upstream_inference_completions_cost": 0.0028368
      },
      "completion_tokens_details": {
        "reasoning_tokens": 0,
        "image_tokens": 0
      }
    }
  }
}