{
  "initial_state": {
    "domain": "uav",
    "time_s": 0.0,
    "env": {
      "weather": "clear",
      "wind_mps": 0.0,
      "wind_dir_deg": 0.0
    },
    "airspace": {
      "alt_bounds": [
        0.0,
        120.0
      ],
      "geofence": [
        {
          "type": "polygon",
          "points": [
            [
              -1000.0,
              -1000.0
            ],
            [
              1000.0,
              -1000.0
            ],
            [
              1000.0,
              1000.0
            ],
            [
              -1000.0,
              1000.0
            ]
          ]
        }
      ]
    },
    "uav": {
      "pose": {
        "x": 0.0,
        "y": 0.0,
        "z": 30.0,
        "yaw": 0.0
      },
      "speed_mps": 15.0,
      "energy": {
        "battery_pct": 100.0
      },
      "sensors": {
        "rgb": "unknown",
        "thermal": "unknown",
        "lidar": "unknown",
        "radar": "unknown",
        "gnss": "unknown",
        "imu": "unknown",
        "magnetometer": "unknown",
        "barometer": "unknown"
      },
      "payloads": []
    },
    "policy": {
      "alt_bounds": [
        0.0,
        120.0
      ]
    },
    "safety_flags": {
      "nfz_violation": false,
      "separation_breach": false
    }
  },
  "dialogue": [
    {
      "turn": 1,
      "speaker": "agent",
      "intent": "initiate_mission",
      "actions": [
        {
          "type": "mcp",
          "name": "read_telemetry",
          "args": {}
        },
        {
          "type": "a2a",
          "task": "swarm_heartbeat",
          "to": "uav_swarm_agent",
          "payload": {
            "status": "active",
            "position": {
              "x": 0.0,
              "y": 0.0,
              "z": 30.0
            }
          }
        }
      ],
      "obs": [
        {
          "tool": "read_telemetry",
          "result": {
            "pose": {
              "x": 0.0,
              "y": 0.0,
              "z": 30.0
            },
            "battery_pct": 100.0,
            "sensors": {
              "gnss": "locked",
              "imu": "calibrated"
            }
          }
        },
        {
          "task": "swarm_heartbeat",
          "from": "uav_swarm_agent",
          "status": "ok",
          "payload": {
            "active_drones": 3,
            "leader": "uav_01"
          }
        }
      ],
      "net": {
        "slice": "URLLC",
        "lat_ms": 5,
        "jitter_ms": 1,
        "loss_pct": 0.01,
        "throughput_mbps": 50,
        "edge_load": 0.3
      }
    },
    {
      "turn": 2,
      "speaker": "user",
      "intent": "confirm_mission_start",
      "actions": [
        {
          "type": "mcp",
          "name": "set_waypoint",
          "args": {
            "x": 500.0,
            "y": 500.0,
            "z": 60.0
          }
        }
      ],
      "obs": [
        {
          "tool": "set_waypoint",
          "result": {
            "status": "accepted",
            "eta_s": 45
          }
        }
      ],
      "net": {
        "slice": "eMBB",
        "lat_ms": 12,
        "jitter_ms": 3,
        "loss_pct": 0.1,
        "throughput_mbps": 120,
        "edge_load": 0.5
      }
    },
    {
      "turn": 3,
      "speaker": "agent",
      "intent": "execute_waypoint",
      "actions": [
        {
          "type": "mcp",
          "name": "navigate_to",
          "args": {
            "waypoint": {
              "x": 500.0,
              "y": 500.0,
              "z": 60.0
            },
            "speed": 15.0
          }
        }
      ],
      "obs": [
        {
          "tool": "navigate_to",
          "result": {
            "status": "in_progress",
            "current_speed": 15.0,
            "trajectory_deviation_m": 0.5
          }
        }
      ],
      "net": {
        "slice": "URLLC",
        "lat_ms": 6,
        "jitter_ms": 1.2,
        "loss_pct": 0.02,
        "throughput_mbps": 45,
        "edge_load": 0.4
      }
    },
    {
      "turn": 4,
      "speaker": "user",
      "intent": "request_sensor_status",
      "actions": [
        {
          "type": "mcp",
          "name": "query_sensors",
          "args": {}
        }
      ],
      "obs": [
        {
          "tool": "query_sensors",
          "result": {
            "rgb": "online",
            "thermal": "offline",
            "lidar": "online",
            "radar": "online",
            "gnss": "locked",
            "imu": "stable"
          }
        }
      ],
      "net": {
        "slice": "mMTC",
        "lat_ms": 100,
        "jitter_ms": 10,
        "loss_pct": 1.5,
        "throughput_mbps": 1,
        "edge_load": 0.8
      }
    },
    {
      "turn": 5,
      "speaker": "agent",
      "intent": "adapt_to_network_degradation",
      "actions": [
        {
          "type": "mcp",
          "name": "activate_low_bandwidth_mode",
          "args": {
            "disable": [
              "rgb",
              "lidar"
            ]
          }
        }
      ],
      "obs": [
        {
          "tool": "activate_low_bandwidth_mode",
          "result": {
            "status": "applied",
            "active_sensors": [
              "radar",
              "gnss",
              "imu"
            ]
          }
        }
      ],
      "net": {
        "slice": "URLLC",
        "lat_ms": 7,
        "jitter_ms": 1.5,
        "loss_pct": 0.03,
        "throughput_mbps": 40,
        "edge_load": 0.75
      }
    },
    {
      "turn": 6,
      "speaker": "user",
      "intent": "instruct_emergency_hover",
      "actions": [
        {
          "type": "mcp",
          "name": "hover",
          "args": {
            "duration_s": 30
          }
        }
      ],
      "obs": [
        {
          "tool": "hover",
          "result": {
            "status": "executing",
            "position_hold_error_m": 0.3,
            "battery_pct": 98.7
          }
        }
      ],
      "net": {
        "slice": "URLLC",
        "lat_ms": 4,
        "jitter_ms": 0.8,
        "loss_pct": 0.01,
        "throughput_mbps": 55,
        "edge_load": 0.35
      }
    },
    {
      "turn": 7,
      "speaker": "agent",
      "intent": "resume_navigation",
      "actions": [
        {
          "type": "mcp",
          "name": "resume_mission",
          "args": {}
        },
        {
          "type": "a2a",
          "task": "collision_avoidance_scan",
          "to": "uav_swarm_agent",
          "payload": {
            "current_position": {
              "x": 500.0,
              "y": 500.0,
              "z": 60.0
            },
            "velocity": 15.0
          }
        }
      ],
      "obs": [
        {
          "tool": "resume_mission",
          "result": {
            "status": "resumed",
            "next_waypoint": {
              "x": 800.0,
              "y": 200.0,
              "z": 45.0
            }
          }
        },
        {
          "task": "collision_avoidance_scan",
          "from": "uav_swarm_agent",
          "status": "clear",
          "payload": {
            "obstacles": [],
            "conflicting_paths": []
          }
        }
      ],
      "net": {
        "slice": "URLLC",
        "lat_ms": 5.5,
        "jitter_ms": 1.1,
        "loss_pct": 0.02,
        "throughput_mbps": 48,
        "edge_load": 0.42
      }
    },
    {
      "turn": 8,
      "speaker": "user",
      "intent": "request_final_status",
      "actions": [
        {
          "type": "mcp",
          "name": "read_telemetry",
          "args": {}
        }
      ],
      "obs": [
        {
          "tool": "read_telemetry",
          "result": {
            "pose": {
              "x": 650.0,
              "y": 350.0,
              "z": 52.0
            },
            "battery_pct": 95.2,
            "speed_mps": 14.8,
            "sensors": {
              "radar": "active",
              "gnss": "locked"
            }
          }
        }
      ],
      "net": {
        "slice": "eMBB",
        "lat_ms": 15,
        "jitter_ms": 4,
        "loss_pct": 0.2,
        "throughput_mbps": 100,
        "edge_load": 0.6
      }
    },
    {
      "turn": 9,
      "speaker": "agent",
      "intent": "prepare_landing",
      "actions": [
        {
          "type": "mcp",
          "name": "plan_landing_approach",
          "args": {
            "landing_zone": {
              "x": 0.0,
              "y": 0.0,
              "z": 30.0
            }
          }
        }
      ],
      "obs": [
        {
          "tool": "plan_landing_approach",
          "result": {
            "status": "planned",
            "path_clear": true,
            "estimated_landing_time_s": 65
          }
        }
      ],
      "net": {
        "slice": "URLLC",
        "lat_ms": 5,
        "jitter_ms": 1,
        "loss_pct": 0.01,
        "throughput_mbps": 50,
        "edge_load": 0.3
      }
    },
    {
      "turn": 10,
      "speaker": "user",
      "intent": "approve_landing",
      "actions": [
        {
          "type": "mcp",
          "name": "execute_landing",
          "args": {}
        }
      ],
      "obs": [
        {
          "tool": "execute_landing",
          "result": {
            "status": "completed",
            "touchdown_time_s": 64.8,
            "final_battery_pct": 92.1
          }
        }
      ],
      "net": {
        "slice": "URLLC",
        "lat_ms": 4.8,
        "jitter_ms": 0.9,
        "loss_pct": 0.01,
        "throughput_mbps": 52,
        "edge_load": 0.28
      }
    }
  ],
  "final_state": {
    "domain": "uav",
    "time_s": 180.0,
    "env": {
      "weather": "clear",
      "wind_mps": 0.0,
      "wind_dir_deg": 0.0
    },
    "airspace": {
      "alt_bounds": [
        0.0,
        120.0
      ],
      "geofence": [
        {
          "type": "polygon",
          "points": [
            [
              -1000.0,
              -1000.0
            ],
            [
              1000.0,
              -1000.0
            ],
            [
              1000.0,
              1000.0
            ],
            [
              -1000.0,
              1000.0
            ]
          ]
        }
      ]
    },
    "uav": {
      "pose": {
        "x": 0.0,
        "y": 0.0,
        "z": 30.0,
        "yaw": 0.0
      },
      "speed_mps": 0.0,
      "energy": {
        "battery_pct": 92.1
      },
      "sensors": {
        "rgb": "online",
        "thermal": "offline",
        "lidar": "online",
        "radar": "online",
        "gnss": "locked",
        "imu": "calibrated",
        "magnetometer": "stable",
        "barometer": "stable"
      },
      "payloads": []
    },
    "policy": {
      "alt_bounds": [
        0.0,
        120.0
      ]
    },
    "safety_flags": {
      "nfz_violation": false,
      "separation_breach": false
    }
  },
  "success": true,
  "_meta": {
    "seed": 42,
    "ts": 1763795923,
    "ts_iso": "2025-11-22T07:18:43Z",
    "gen_time_s": 121.10510039329529,
    "attempts_used": 2,
    "generation_failed": false,
    "usage": {
      "prompt_tokens": 1104,
      "completion_tokens": 3327,
      "total_tokens": 4431,
      "cost": 0.0028376,
      "is_byok": false,
      "prompt_tokens_details": {
        "cached_tokens": 608,
        "audio_tokens": 0,
        "video_tokens": 0
      },
      "cost_details": {
        "upstream_inference_cost": null,
        "upstream_inference_prompt_cost": 0.000176,
        "upstream_inference_completions_cost": 0.0026616
      },
      "completion_tokens_details": {
        "reasoning_tokens": 0,
        "image_tokens": 0
      }
    }
  }
}