{
  "initial_state": {
    "domain": "uav",
    "time_s": 0.0,
    "env": {
      "weather": "microburst_risk",
      "wind_mps": 8.5,
      "wind_dir_deg": 240.0
    },
    "airspace": {
      "alt_bounds": [
        10.0,
        200.0
      ],
      "geofence": [
        {
          "type": "polygon",
          "points": [
            [
              0.0,
              0.0
            ],
            [
              800.0,
              0.0
            ],
            [
              800.0,
              600.0
            ],
            [
              0.0,
              600.0
            ]
          ]
        }
      ]
    },
    "uav": {
      "pose": {
        "x": 100.0,
        "y": 100.0,
        "z": 50.0,
        "yaw": 90.0
      },
      "speed_mps": 55.0,
      "energy": {
        "battery_pct": 100.0
      },
      "sensors": {
        "rgb": "ok",
        "thermal": "ok",
        "lidar": "ok",
        "radar": "ok",
        "gnss": "ok",
        "imu": "ok",
        "magnetometer": "ok",
        "barometer": "ok"
      },
      "payloads": []
    },
    "policy": {
      "alt_bounds": [
        10.0,
        200.0
      ]
    },
    "safety_flags": {
      "nfz_violation": false,
      "separation_breach": false
    }
  },
  "dialogue": [
    {
      "turn": 1,
      "speaker": "agent",
      "intent": "initiate inspection mission under microburst risk",
      "actions": [
        {
          "type": "mcp",
          "name": "read_telemetry",
          "args": {}
        }
      ],
      "obs": [
        {
          "tool": "read_telemetry",
          "result": {
            "pose": {
              "x": 100.0,
              "y": 100.0,
              "z": 50.0
            },
            "battery_pct": 100.0,
            "speed_mps": 55.0
          }
        }
      ],
      "net": {
        "slice": "eMBB",
        "lat_ms": 12,
        "jitter_ms": 3,
        "loss_pct": 0.1,
        "throughput_mbps": 850,
        "edge_load": 0.45
      }
    },
    {
      "turn": 2,
      "speaker": "user",
      "intent": "confirm mission start and request risk mitigation",
      "actions": [
        {
          "type": "mcp",
          "name": "get_weather_risk",
          "args": {}
        }
      ],
      "obs": [
        {
          "tool": "get_weather_risk",
          "result": {
            "risk_level": "high",
            "condition": "microburst_risk",
            "wind_gusts_mps": 18.0
          }
        }
      ],
      "net": {
        "slice": "URLLC",
        "lat_ms": 8,
        "jitter_ms": 1,
        "loss_pct": 0.05,
        "throughput_mbps": 100,
        "edge_load": 0.3
      }
    },
    {
      "turn": 3,
      "speaker": "agent",
      "intent": "adjust flight path for wind safety",
      "actions": [
        {
          "type": "mcp",
          "name": "set_waypoint",
          "args": {
            "x": 200.0,
            "y": 150.0,
            "z": 70.0
          }
        }
      ],
      "obs": [
        {
          "tool": "set_waypoint",
          "result": {
            "status": "accepted",
            "eta_s": 18.2
          }
        }
      ],
      "net": {
        "slice": "URLLC",
        "lat_ms": 9,
        "jitter_ms": 2,
        "loss_pct": 0.08,
        "throughput_mbps": 120,
        "edge_load": 0.35
      }
    },
    {
      "turn": 4,
      "speaker": "user",
      "intent": "request swarm coordination for inspection",
      "actions": [
        {
          "type": "a2a",
          "task": "collision_avoidance",
          "to": "uav_swarm_agent",
          "payload": {
            "current_pose": {
              "x": 100.0,
              "y": 100.0,
              "z": 50.0
            },
            "waypoint": {
              "x": 200.0,
              "y": 150.0,
              "z": 70.0
            }
          }
        }
      ],
      "obs": [
        {
          "task": "collision_avoidance",
          "from": "uav_swarm_agent",
          "status": "ok",
          "payload": {
            "safe": true,
            "recommended_alt": 75.0
          }
        }
      ],
      "net": {
        "slice": "mMTC",
        "lat_ms": 50,
        "jitter_ms": 15,
        "loss_pct": 0.5,
        "throughput_mbps": 1.2,
        "edge_load": 0.6
      }
    },
    {
      "turn": 5,
      "speaker": "agent",
      "intent": "adapt to degraded network and microburst",
      "actions": [
        {
          "type": "mcp",
          "name": "reduce_sensor_streaming",
          "args": {
            "exclude": [
              "rgb"
            ]
          }
        }
      ],
      "obs": [
        {
          "tool": "reduce_sensor_streaming",
          "result": {
            "active_streams": [
              "thermal",
              "lidar",
              "radar"
            ]
          }
        }
      ],
      "net": {
        "slice": "URLLC",
        "lat_ms": 10,
        "jitter_ms": 2,
        "loss_pct": 0.12,
        "throughput_mbps": 90,
        "edge_load": 0.7
      }
    },
    {
      "turn": 6,
      "speaker": "user",
      "intent": "authorize altitude increase for safety",
      "actions": [
        {
          "type": "mcp",
          "name": "set_altitude",
          "args": {
            "z": 80.0
          }
        }
      ],
      "obs": [
        {
          "tool": "set_altitude",
          "result": {
            "status": "executing",
            "target_z": 80.0
          }
        }
      ],
      "net": {
        "slice": "URLLC",
        "lat_ms": 7,
        "jitter_ms": 1,
        "loss_pct": 0.05,
        "throughput_mbps": 110,
        "edge_load": 0.25
      }
    },
    {
      "turn": 7,
      "speaker": "agent",
      "intent": "perform proximity scan with lidar",
      "actions": [
        {
          "type": "mcp",
          "name": "activate_sensor",
          "args": {
            "sensor": "lidar",
            "mode": "high_res_scan"
          }
        }
      ],
      "obs": [
        {
          "tool": "activate_sensor",
          "result": {
            "status": "active",
            "mode": "high_res_scan",
            "range_m": 120.0
          }
        }
      ],
      "net": {
        "slice": "eMBB",
        "lat_ms": 15,
        "jitter_ms": 4,
        "loss_pct": 0.2,
        "throughput_mbps": 700,
        "edge_load": 0.5
      }
    },
    {
      "turn": 8,
      "speaker": "user",
      "intent": "verify geofence compliance",
      "actions": [
        {
          "type": "mcp",
          "name": "check_geofence",
          "args": {}
        }
      ],
      "obs": [
        {
          "tool": "check_geofence",
          "result": {
            "inside": true,
            "distance_to_boundary_m": 100.0
          }
        }
      ],
      "net": {
        "slice": "URLLC",
        "lat_ms": 6,
        "jitter_ms": 1,
        "loss_pct": 0.03,
        "throughput_mbps": 130,
        "edge_load": 0.2
      }
    },
    {
      "turn": 9,
      "speaker": "agent",
      "intent": "transmit inspection data via edge cache",
      "actions": [
        {
          "type": "mcp",
          "name": "upload_data",
          "args": {
            "data_type": "lidar_scan",
            "target": "edge_cache_7a3f"
          }
        }
      ],
      "obs": [
        {
          "tool": "upload_data",
          "result": {
            "status": "queued",
            "estimated_completion": 3.5
          }
        }
      ],
      "net": {
        "slice": "mMTC",
        "lat_ms": 60,
        "jitter_ms": 20,
        "loss_pct": 1.0,
        "throughput_mbps": 0.8,
        "edge_load": 0.85
      }
    },
    {
      "turn": 10,
      "speaker": "user",
      "intent": "request return to base",
      "actions": [
        {
          "type": "mcp",
          "name": "set_waypoint",
          "args": {
            "x": 100.0,
            "y": 100.0,
            "z": 50.0
          }
        }
      ],
      "obs": [
        {
          "tool": "set_waypoint",
          "result": {
            "status": "accepted",
            "eta_s": 22.0
          }
        }
      ],
      "net": {
        "slice": "URLLC",
        "lat_ms": 8,
        "jitter_ms": 2,
        "loss_pct": 0.07,
        "throughput_mbps": 115,
        "edge_load": 0.3
      }
    }
  ],
  "final_state": {
    "domain": "uav",
    "time_s": 220.0,
    "env": {
      "weather": "microburst_risk",
      "wind_mps": 9.2,
      "wind_dir_deg": 245.0
    },
    "airspace": {
      "alt_bounds": [
        10.0,
        200.0
      ],
      "geofence": [
        {
          "type": "polygon",
          "points": [
            [
              0.0,
              0.0
            ],
            [
              800.0,
              0.0
            ],
            [
              800.0,
              600.0
            ],
            [
              0.0,
              600.0
            ]
          ]
        }
      ]
    },
    "uav": {
      "pose": {
        "x": 100.0,
        "y": 100.0,
        "z": 50.0,
        "yaw": 270.0
      },
      "speed_mps": 0.0,
      "energy": {
        "battery_pct": 78.0
      },
      "sensors": {
        "rgb": "ok",
        "thermal": "ok",
        "lidar": "ok",
        "radar": "ok",
        "gnss": "ok",
        "imu": "ok",
        "magnetometer": "ok",
        "barometer": "ok"
      },
      "payloads": []
    },
    "policy": {
      "alt_bounds": [
        10.0,
        200.0
      ]
    },
    "safety_flags": {
      "nfz_violation": false,
      "separation_breach": false
    }
  },
  "success": true,
  "_meta": {
    "seed": 42,
    "ts": 1763903490,
    "ts_iso": "2025-11-23T13:11:30Z",
    "gen_time_s": 40.82635688781738,
    "attempts_used": 1,
    "generation_failed": false,
    "usage": {
      "prompt_tokens": 1066,
      "completion_tokens": 3007,
      "total_tokens": 4073,
      "cost": 0.00257324,
      "is_byok": false,
      "prompt_tokens_details": {
        "cached_tokens": 608,
        "audio_tokens": 0,
        "video_tokens": 0
      },
      "cost_details": {
        "upstream_inference_cost": null,
        "upstream_inference_prompt_cost": 0.00016764,
        "upstream_inference_completions_cost": 0.0024056
      },
      "completion_tokens_details": {
        "reasoning_tokens": 0,
        "image_tokens": 0
      }
    }
  }
}