{
  "initial_state": {
    "domain": "uav",
    "time_s": 0.0,
    "env": {
      "weather": "dust",
      "wind_mps": 14.0,
      "wind_dir_deg": 240.0
    },
    "airspace": {
      "alt_bounds": [
        10.0,
        120.0
      ],
      "geofence": [
        {
          "type": "polygon",
          "points": [
            [
              0.0,
              0.0
            ],
            [
              200.0,
              0.0
            ],
            [
              200.0,
              150.0
            ],
            [
              0.0,
              150.0
            ]
          ]
        }
      ]
    },
    "uav": {
      "pose": {
        "x": 10.0,
        "y": 10.0,
        "z": 30.0,
        "yaw": 90.0
      },
      "speed_mps": 22.0,
      "energy": {
        "battery_pct": 100.0
      },
      "sensors": {
        "rgb": "ok",
        "thermal": "ok",
        "lidar": "ok",
        "radar": "ok",
        "gnss": "ok",
        "imu": "ok",
        "magnetometer": "ok",
        "barometer": "ok"
      },
      "payloads": []
    },
    "policy": {
      "alt_bounds": [
        10.0,
        120.0
      ]
    },
    "safety_flags": {
      "nfz_violation": false,
      "separation_breach": false
    }
  },
  "dialogue": [
    {
      "turn": 1,
      "speaker": "agent",
      "intent": "initiate inspection mission under 6G network",
      "actions": [
        {
          "type": "mcp",
          "name": "read_telemetry",
          "args": {}
        }
      ],
      "obs": [
        {
          "tool": "read_telemetry",
          "result": {
            "pose": {
              "x": 10.0,
              "y": 10.0,
              "z": 30.0
            },
            "battery_pct": 100.0,
            "speed_mps": 22.0
          }
        }
      ],
      "net": {
        "slice": "URLLC",
        "lat_ms": 3.2,
        "jitter_ms": 0.8,
        "loss_pct": 0.01,
        "throughput_mbps": 50,
        "edge_load": 0.35
      }
    },
    {
      "turn": 2,
      "speaker": "user",
      "intent": "confirm mission start and request status",
      "actions": [
        {
          "type": "mcp",
          "name": "get_weather",
          "args": {}
        }
      ],
      "obs": [
        {
          "tool": "get_weather",
          "result": {
            "condition": "dust",
            "visibility_m": 400
          }
        }
      ],
      "net": {
        "slice": "URLLC",
        "lat_ms": 3.5,
        "jitter_ms": 1.0,
        "loss_pct": 0.02,
        "throughput_mbps": 48,
        "edge_load": 0.38
      }
    },
    {
      "turn": 3,
      "speaker": "agent",
      "intent": "adjust flight path for dust visibility",
      "actions": [
        {
          "type": "mcp",
          "name": "set_speed",
          "args": {
            "speed_mps": 16.0
          }
        }
      ],
      "obs": [
        {
          "tool": "set_speed",
          "result": {
            "achieved": 16.0,
            "status": "success"
          }
        }
      ],
      "net": {
        "slice": "URLLC",
        "lat_ms": 3.0,
        "jitter_ms": 0.7,
        "loss_pct": 0.01,
        "throughput_mbps": 52,
        "edge_load": 0.32
      }
    },
    {
      "turn": 4,
      "speaker": "user",
      "intent": "request swarm coordination for inspection",
      "actions": [
        {
          "type": "a2a",
          "task": "collision_avoidance",
          "to": "uav_swarm_agent",
          "payload": {
            "uav_id": "uav_01",
            "pose": {
              "x": 10.0,
              "y": 10.0,
              "z": 30.0
            },
            "waypoints": [
              [
                50.0,
                50.0,
                40.0
              ],
              [
                100.0,
                100.0,
                60.0
              ]
            ]
          }
        }
      ],
      "obs": [
        {
          "task": "collision_avoidance",
          "from": "uav_swarm_agent",
          "status": "ok",
          "payload": {
            "recommended_offset": 2.5,
            "safe": true
          }
        }
      ],
      "net": {
        "slice": "eMBB",
        "lat_ms": 12.0,
        "jitter_ms": 4.0,
        "loss_pct": 0.5,
        "throughput_mbps": 120,
        "edge_load": 0.75
      }
    },
    {
      "turn": 5,
      "speaker": "agent",
      "intent": "initiate thermal scan at first waypoint",
      "actions": [
        {
          "type": "mcp",
          "name": "start_sensor_scan",
          "args": {
            "sensor": "thermal",
            "duration_s": 10.0
          }
        }
      ],
      "obs": [
        {
          "tool": "start_sensor_scan",
          "result": {
            "sensor": "thermal",
            "status": "started",
            "duration_s": 10.0
          }
        }
      ],
      "net": {
        "slice": "eMBB",
        "lat_ms": 14.0,
        "jitter_ms": 5.0,
        "loss_pct": 0.8,
        "throughput_mbps": 110,
        "edge_load": 0.8
      }
    },
    {
      "turn": 6,
      "speaker": "user",
      "intent": "report network degradation and request fallback",
      "actions": [
        {
          "type": "mcp",
          "name": "check_network",
          "args": {}
        }
      ],
      "obs": [
        {
          "tool": "check_network",
          "result": {
            "current_slice": "eMBB",
            "recommended_slice": "URLLC",
            "degraded": true
          }
        }
      ],
      "net": {
        "slice": "eMBB",
        "lat_ms": 25.0,
        "jitter_ms": 12.0,
        "loss_pct": 3.5,
        "throughput_mbps": 60,
        "edge_load": 0.92
      }
    },
    {
      "turn": 7,
      "speaker": "agent",
      "intent": "switch to URLLC and reduce sensor usage",
      "actions": [
        {
          "type": "mcp",
          "name": "switch_network_slice",
          "args": {
            "target": "URLLC"
          }
        },
        {
          "type": "mcp",
          "name": "stop_sensor_scan",
          "args": {
            "sensor": "thermal"
          }
        }
      ],
      "obs": [
        {
          "tool": "switch_network_slice",
          "result": {
            "from": "eMBB",
            "to": "URLLC",
            "status": "success"
          }
        },
        {
          "tool": "stop_sensor_scan",
          "result": {
            "sensor": "thermal",
            "status": "stopped"
          }
        }
      ],
      "net": {
        "slice": "URLLC",
        "lat_ms": 4.0,
        "jitter_ms": 1.2,
        "loss_pct": 0.03,
        "throughput_mbps": 45,
        "edge_load": 0.4
      }
    },
    {
      "turn": 8,
      "speaker": "user",
      "intent": "authorize continuation with minimal sensing",
      "actions": [
        {
          "type": "mcp",
          "name": "read_telemetry",
          "args": {}
        }
      ],
      "obs": [
        {
          "tool": "read_telemetry",
          "result": {
            "pose": {
              "x": 48.0,
              "y": 49.0,
              "z": 39.0
            },
            "battery_pct": 92.0,
            "speed_mps": 16.0
          }
        }
      ],
      "net": {
        "slice": "URLLC",
        "lat_ms": 3.8,
        "jitter_ms": 1.0,
        "loss_pct": 0.02,
        "throughput_mbps": 47,
        "edge_load": 0.37
      }
    },
    {
      "turn": 9,
      "speaker": "agent",
      "intent": "proceed to next waypoint with lidar only",
      "actions": [
        {
          "type": "mcp",
          "name": "set_waypoint",
          "args": {
            "x": 100.0,
            "y": 100.0,
            "z": 60.0
          }
        },
        {
          "type": "mcp",
          "name": "start_sensor_scan",
          "args": {
            "sensor": "lidar",
            "duration_s": 8.0
          }
        }
      ],
      "obs": [
        {
          "tool": "set_waypoint",
          "result": {
            "target": [
              100.0,
              100.0,
              60.0
            ],
            "status": "accepted"
          }
        },
        {
          "tool": "start_sensor_scan",
          "result": {
            "sensor": "lidar",
            "status": "started",
            "duration_s": 8.0
          }
        }
      ],
      "net": {
        "slice": "URLLC",
        "lat_ms": 4.2,
        "jitter_ms": 1.1,
        "loss_pct": 0.04,
        "throughput_mbps": 44,
        "edge_load": 0.41
      }
    },
    {
      "turn": 10,
      "speaker": "user",
      "intent": "verify safety and request return",
      "actions": [
        {
          "type": "mcp",
          "name": "check_safety_bounds",
          "args": {}
        }
      ],
      "obs": [
        {
          "tool": "check_safety_bounds",
          "result": {
            "within_alt": true,
            "within_geofence": true,
            "nfz_clear": true
          }
        }
      ],
      "net": {
        "slice": "URLLC",
        "lat_ms": 3.6,
        "jitter_ms": 0.9,
        "loss_pct": 0.01,
        "throughput_mbps": 49,
        "edge_load": 0.34
      }
    },
    {
      "turn": 11,
      "speaker": "agent",
      "intent": "initiate return to home and log data",
      "actions": [
        {
          "type": "mcp",
          "name": "return_to_home",
          "args": {}
        },
        {
          "type": "mcp",
          "name": "log_mission_data",
          "args": {
            "target_storage": "edge_cloud"
          }
        }
      ],
      "obs": [
        {
          "tool": "return_to_home",
          "result": {
            "status": "en_route",
            "home_pose": [
              10.0,
              10.0,
              30.0
            ]
          }
        },
        {
          "tool": "log_mission_data",
          "result": {
            "storage": "edge_cloud",
            "status": "queued"
          }
        }
      ],
      "net": {
        "slice": "URLLC",
        "lat_ms": 3.4,
        "jitter_ms": 0.8,
        "loss_pct": 0.01,
        "throughput_mbps": 51,
        "edge_load": 0.33
      }
    }
  ],
  "final_state": {
    "domain": "uav",
    "time_s": 110.0,
    "env": {
      "weather": "dust",
      "wind_mps": 14.0,
      "wind_dir_deg": 240.0
    },
    "airspace": {
      "alt_bounds": [
        10.0,
        120.0
      ],
      "geofence": [
        {
          "type": "polygon",
          "points": [
            [
              0.0,
              0.0
            ],
            [
              200.0,
              0.0
            ],
            [
              200.0,
              150.0
            ],
            [
              0.0,
              150.0
            ]
          ]
        }
      ]
    },
    "uav": {
      "pose": {
        "x": 25.0,
        "y": 24.0,
        "z": 32.0,
        "yaw": 270.0
      },
      "speed_mps": 18.0,
      "energy": {
        "battery_pct": 85.0
      },
      "sensors": {
        "rgb": "ok",
        "thermal": "ok",
        "lidar": "ok",
        "radar": "ok",
        "gnss": "ok",
        "imu": "ok",
        "magnetometer": "ok",
        "barometer": "ok"
      },
      "payloads": []
    },
    "policy": {
      "alt_bounds": [
        10.0,
        120.0
      ]
    },
    "safety_flags": {
      "nfz_violation": false,
      "separation_breach": false
    }
  },
  "success": true,
  "_meta": {
    "seed": 42,
    "ts": 1763858521,
    "ts_iso": "2025-11-23T00:42:01Z",
    "gen_time_s": 128.85819697380066,
    "attempts_used": 3,
    "generation_failed": false,
    "usage": {
      "prompt_tokens": 1093,
      "completion_tokens": 3419,
      "total_tokens": 4512,
      "cost": 0.0028595,
      "is_byok": false,
      "prompt_tokens_details": {
        "cached_tokens": 1056,
        "audio_tokens": 0,
        "video_tokens": 0
      },
      "cost_details": {
        "upstream_inference_cost": null,
        "upstream_inference_prompt_cost": 0.0001243,
        "upstream_inference_completions_cost": 0.0027352
      },
      "completion_tokens_details": {
        "reasoning_tokens": 0,
        "image_tokens": 0
      }
    }
  }
}