{
  "initial_state": {
    "domain": "uav",
    "time_s": 0.0,
    "env": {
      "weather": "icing",
      "wind_mps": 7.5,
      "wind_dir_deg": 240.0
    },
    "airspace": {
      "alt_bounds": [
        10.0,
        120.0
      ],
      "geofence": [
        {
          "type": "polygon",
          "points": [
            [
              0.0,
              0.0
            ],
            [
              200.0,
              0.0
            ],
            [
              200.0,
              150.0
            ],
            [
              0.0,
              150.0
            ]
          ]
        }
      ]
    },
    "uav": {
      "pose": {
        "x": 10.0,
        "y": 75.0,
        "z": 15.0,
        "yaw": 90.0
      },
      "speed_mps": 28.0,
      "energy": {
        "battery_pct": 100.0
      },
      "sensors": {
        "rgb": "ok",
        "thermal": "offline",
        "lidar": "offline",
        "radar": "offline",
        "gnss": "ok",
        "imu": "ok",
        "magnetometer": "ok",
        "barometer": "ok"
      },
      "payloads": []
    },
    "policy": {
      "alt_bounds": [
        10.0,
        120.0
      ]
    },
    "safety_flags": {
      "nfz_violation": false,
      "separation_breach": false
    }
  },
  "dialogue": [
    {
      "turn": 1,
      "speaker": "agent",
      "intent": "initiate mission and check telemetry",
      "actions": [
        {
          "type": "mcp",
          "name": "read_telemetry",
          "args": {}
        }
      ],
      "obs": [
        {
          "tool": "read_telemetry",
          "result": {
            "pose": {
              "x": 10.0,
              "y": 75.0,
              "z": 15.0,
              "yaw": 90.0
            },
            "speed_mps": 28.0,
            "battery_pct": 100.0,
            "sensors": {
              "rgb": "ok",
              "thermal": "offline",
              "lidar": "offline",
              "radar": "offline"
            }
          }
        }
      ],
      "net": {
        "slice": "eMBB",
        "lat_ms": 12,
        "jitter_ms": 2,
        "loss_pct": 0.1,
        "throughput_mbps": 850,
        "edge_load": 0.35
      }
    },
    {
      "turn": 2,
      "speaker": "user",
      "intent": "confirm mission start and request sensor restart",
      "actions": [
        {
          "type": "mcp",
          "name": "restart_sensor",
          "args": {
            "sensor": "thermal"
          }
        }
      ],
      "obs": [
        {
          "tool": "restart_sensor",
          "result": {
            "sensor": "thermal",
            "status": "success",
            "message": "Thermal sensor restarted and online"
          }
        }
      ],
      "net": {
        "slice": "eMBB",
        "lat_ms": 14,
        "jitter_ms": 3,
        "loss_pct": 0.2,
        "throughput_mbps": 820,
        "edge_load": 0.38
      }
    },
    {
      "turn": 3,
      "speaker": "agent",
      "intent": "verify sensor status and plan path",
      "actions": [
        {
          "type": "mcp",
          "name": "read_telemetry",
          "args": {}
        },
        {
          "type": "mcp",
          "name": "plan_path",
          "args": {
            "target": {
              "x": 180.0,
              "y": 75.0,
              "z": 45.0
            }
          }
        }
      ],
      "obs": [
        {
          "tool": "read_telemetry",
          "result": {
            "sensors": {
              "thermal": "ok"
            }
          }
        },
        {
          "tool": "plan_path",
          "result": {
            "path": [
              [
                10.0,
                75.0,
                15.0
              ],
              [
                95.0,
                75.0,
                30.0
              ],
              [
                180.0,
                75.0,
                45.0
              ]
            ],
            "estimated_duration_s": 42.5,
            "battery_impact_pct": 8.2
          }
        }
      ],
      "net": {
        "slice": "eMBB",
        "lat_ms": 13,
        "jitter_ms": 2,
        "loss_pct": 0.1,
        "throughput_mbps": 840,
        "edge_load": 0.36
      }
    },
    {
      "turn": 4,
      "speaker": "user",
      "intent": "approve path and request swarm coordination",
      "actions": [
        {
          "type": "a2a",
          "task": "collision_avoidance",
          "to": "uav_swarm_agent",
          "payload": {
            "uav_id": "uav-01",
            "path": [
              [
                10.0,
                75.0,
                15.0
              ],
              [
                95.0,
                75.0,
                30.0
              ],
              [
                180.0,
                75.0,
                45.0
              ]
            ],
            "timestamp": 1.5
          }
        }
      ],
      "obs": [
        {
          "task": "collision_avoidance",
          "from": "uav_swarm_agent",
          "status": "ok",
          "payload": {
            "clearance": true,
            "conflicts": []
          }
        }
      ],
      "net": {
        "slice": "URLLC",
        "lat_ms": 8,
        "jitter_ms": 1,
        "loss_pct": 0.05,
        "throughput_mbps": 120,
        "edge_load": 0.22
      }
    },
    {
      "turn": 5,
      "speaker": "agent",
      "intent": "execute takeoff and climb",
      "actions": [
        {
          "type": "mcp",
          "name": "execute_maneuver",
          "args": {
            "maneuver": "climb",
            "target_z": 45.0,
            "speed_mps": 25.0
          }
        }
      ],
      "obs": [
        {
          "tool": "execute_maneuver",
          "result": {
            "status": "completed",
            "final_pose": {
              "x": 10.0,
              "y": 75.0,
              "z": 45.0,
              "yaw": 90.0
            },
            "battery_pct": 98.7,
            "duration_s": 12.0
          }
        }
      ],
      "net": {
        "slice": "URLLC",
        "lat_ms": 9,
        "jitter_ms": 1.5,
        "loss_pct": 0.08,
        "throughput_mbps": 110,
        "edge_load": 0.25
      }
    },
    {
      "turn": 6,
      "speaker": "user",
      "intent": "monitor progress and check for weather impact",
      "actions": [
        {
          "type": "mcp",
          "name": "assess_weather_risk",
          "args": {
            "location": {
              "x": 95.0,
              "y": 75.0
            }
          }
        }
      ],
      "obs": [
        {
          "tool": "assess_weather_risk",
          "result": {
            "risk_level": "moderate",
            "factors": [
              "icing",
              "crosswind"
            ],
            "recommendation": "reduce speed to 20 m/s in sector"
          }
        }
      ],
      "net": {
        "slice": "mMTC",
        "lat_ms": 25,
        "jitter_ms": 10,
        "loss_pct": 1.5,
        "throughput_mbps": 1.2,
        "edge_load": 0.65
      }
    },
    {
      "turn": 7,
      "speaker": "agent",
      "intent": "adapt path due to weather and network degradation",
      "actions": [
        {
          "type": "mcp",
          "name": "adjust_speed",
          "args": {
            "target_speed_mps": 20.0
          }
        },
        {
          "type": "mcp",
          "name": "capture_image",
          "args": {
            "sensor": "rgb",
            "target": {
              "x": 95.0,
              "y": 75.0
            }
          }
        }
      ],
      "obs": [
        {
          "tool": "adjust_speed",
          "result": {
            "previous_speed": 25.0,
            "new_speed": 20.0,
            "reason": "weather adaptation"
          }
        },
        {
          "tool": "capture_image",
          "result": {
            "status": "success",
            "image_id": "img_00127",
            "location": {
              "x": 95.0,
              "y": 75.0,
              "z": 45.0
            }
          }
        }
      ],
      "net": {
        "slice": "mMTC",
        "lat_ms": 30,
        "jitter_ms": 12,
        "loss_pct": 2.0,
        "throughput_mbps": 0.9,
        "edge_load": 0.72
      }
    },
    {
      "turn": 8,
      "speaker": "user",
      "intent": "request delivery confirmation and battery check",
      "actions": [
        {
          "type": "mcp",
          "name": "read_telemetry",
          "args": {}
        }
      ],
      "obs": [
        {
          "tool": "read_telemetry",
          "result": {
            "pose": {
              "x": 180.0,
              "y": 75.0,
              "z": 45.0
            },
            "battery_pct": 91.5,
            "speed_mps": 20.0
          }
        }
      ],
      "net": {
        "slice": "URLLC",
        "lat_ms": 7,
        "jitter_ms": 1,
        "loss_pct": 0.04,
        "throughput_mbps": 130,
        "edge_load": 0.2
      }
    },
    {
      "turn": 9,
      "speaker": "agent",
      "intent": "perform delivery and verify placement",
      "actions": [
        {
          "type": "mcp",
          "name": "deploy_payload",
          "args": {
            "payload_id": "delivery_box_7",
            "target_location": {
              "x": 180.0,
              "y": 75.0,
              "z": 12.0
            }
          }
        }
      ],
      "obs": [
        {
          "tool": "deploy_payload",
          "result": {
            "status": "success",
            "verification": "confirmed via downward RGB",
            "timestamp": 48.7
          }
        }
      ],
      "net": {
        "slice": "URLLC",
        "lat_ms": 6,
        "jitter_ms": 0.8,
        "loss_pct": 0.02,
        "throughput_mbps": 140,
        "edge_load": 0.18
      }
    },
    {
      "turn": 10,
      "speaker": "user",
      "intent": "request return plan and status",
      "actions": [
        {
          "type": "mcp",
          "name": "plan_path",
          "args": {
            "target": {
              "x": 10.0,
              "y": 75.0,
              "z": 15.0
            }
          }
        }
      ],
      "obs": [
        {
          "tool": "plan_path",
          "result": {
            "path": [
              [
                180.0,
                75.0,
                45.0
              ],
              [
                95.0,
                75.0,
                30.0
              ],
              [
                10.0,
                75.0,
                15.0
              ]
            ],
            "estimated_duration_s": 40.0,
            "battery_impact_pct": 7.8
          }
        }
      ],
      "net": {
        "slice": "eMBB",
        "lat_ms": 15,
        "jitter_ms": 3,
        "loss_pct": 0.3,
        "throughput_mbps": 800,
        "edge_load": 0.4
      }
    },
    {
      "turn": 11,
      "speaker": "agent",
      "intent": "execute return and land",
      "actions": [
        {
          "type": "mcp",
          "name": "execute_maneuver",
          "args": {
            "maneuver": "return_and_land",
            "target": {
              "x": 10.0,
              "y": 75.0,
              "z": 15.0
            }
          }
        }
      ],
      "obs": [
        {
          "tool": "execute_maneuver",
          "result": {
            "status": "completed",
            "final_pose": {
              "x": 10.0,
              "y": 75.0,
              "z": 15.0,
              "yaw": 90.0
            },
            "battery_pct": 83.7,
            "duration_s": 38.0
          }
        }
      ],
      "net": {
        "slice": "URLLC",
        "lat_ms": 8,
        "jitter_ms": 1.2,
        "loss_pct": 0.06,
        "throughput_mbps": 125,
        "edge_load": 0.21
      }
    }
  ],
  "final_state": {
    "domain": "uav",
    "time_s": 98.7,
    "env": {
      "weather": "icing",
      "wind_mps": 7.5,
      "wind_dir_deg": 240.0
    },
    "airspace": {
      "alt_bounds": [
        10.0,
        120.0
      ],
      "geofence": [
        {
          "type": "polygon",
          "points": [
            [
              0.0,
              0.0
            ],
            [
              200.0,
              0.0
            ],
            [
              200.0,
              150.0
            ],
            [
              0.0,
              150.0
            ]
          ]
        }
      ]
    },
    "uav": {
      "pose": {
        "x": 10.0,
        "y": 75.0,
        "z": 15.0,
        "yaw": 90.0
      },
      "speed_mps": 0.0,
      "energy": {
        "battery_pct": 83.7
      },
      "sensors": {
        "rgb": "ok",
        "thermal": "ok",
        "lidar": "offline",
        "radar": "offline",
        "gnss": "ok",
        "imu": "ok",
        "magnetometer": "ok",
        "barometer": "ok"
      },
      "payloads": []
    },
    "policy": {
      "alt_bounds": [
        10.0,
        120.0
      ]
    },
    "safety_flags": {
      "nfz_violation": false,
      "separation_breach": false
    }
  },
  "success": true,
  "_meta": {
    "seed": 42,
    "ts": 1763884782,
    "ts_iso": "2025-11-23T07:59:42Z",
    "gen_time_s": 56.447794914245605,
    "attempts_used": 1,
    "generation_failed": false,
    "usage": {
      "prompt_tokens": 1062,
      "completion_tokens": 3855,
      "total_tokens": 4917,
      "cost": 0.0004917,
      "is_byok": false,
      "prompt_tokens_details": {
        "cached_tokens": 608,
        "audio_tokens": 0,
        "video_tokens": 0
      },
      "cost_details": {
        "upstream_inference_cost": null,
        "upstream_inference_prompt_cost": 0.0001062,
        "upstream_inference_completions_cost": 0.0003855
      },
      "completion_tokens_details": {
        "reasoning_tokens": 0,
        "image_tokens": 0
      }
    }
  }
}