{
  "initial_state": {
    "domain": "uav",
    "time_s": 0.0,
    "env": {
      "weather": "lightning_risk",
      "wind_mps": 8.5,
      "wind_dir_deg": 210.0
    },
    "airspace": {
      "alt_bounds": [
        10.0,
        120.0
      ],
      "geofence": [
        {
          "type": "polygon",
          "points": [
            [
              0.0,
              0.0
            ],
            [
              200.0,
              0.0
            ],
            [
              200.0,
              300.0
            ],
            [
              0.0,
              300.0
            ]
          ]
        }
      ]
    },
    "uav": {
      "pose": {
        "x": 20.0,
        "y": 20.0,
        "z": 15.0,
        "yaw": 90.0
      },
      "speed_mps": 35.0,
      "energy": {
        "battery_pct": 100.0
      },
      "sensors": {
        "rgb": "ok",
        "thermal": "ok",
        "lidar": "ok",
        "radar": "offline",
        "gnss": "ok",
        "imu": "ok",
        "magnetometer": "ok",
        "barometer": "ok"
      },
      "payloads": []
    },
    "policy": {
      "alt_bounds": [
        10.0,
        120.0
      ]
    },
    "safety_flags": {
      "nfz_violation": false,
      "separation_breach": false
    }
  },
  "dialogue": [
    {
      "turn": 1,
      "speaker": "agent",
      "intent": "initiate_inspection_mission",
      "actions": [
        {
          "type": "mcp",
          "name": "read_telemetry",
          "args": {}
        },
        {
          "type": "a2a",
          "task": "request_weather_update",
          "to": "weather_agent",
          "payload": {
            "location": {
              "x": 20.0,
              "y": 20.0
            }
          }
        }
      ],
      "obs": [
        {
          "tool": "read_telemetry",
          "result": {
            "pose": {
              "x": 20.0,
              "y": 20.0,
              "z": 15.0
            },
            "battery_pct": 100.0,
            "speed_mps": 35.0
          }
        },
        {
          "task": "request_weather_update",
          "from": "weather_agent",
          "status": "ok",
          "payload": {
            "risk_level": "high",
            "advice": "delay takeoff"
          }
        }
      ],
      "net": {
        "slice": "eMBB",
        "lat_ms": 12,
        "jitter_ms": 2,
        "loss_pct": 0.1,
        "throughput_mbps": 850,
        "edge_load": 0.35
      }
    },
    {
      "turn": 2,
      "speaker": "user",
      "intent": "override_weather_delay",
      "actions": [
        {
          "type": "mcp",
          "name": "update_policy",
          "args": {
            "alt_bounds": [
              15.0,
              110.0
            ]
          }
        }
      ],
      "obs": [
        {
          "tool": "update_policy",
          "result": {
            "alt_bounds": [
              15.0,
              110.0
            ],
            "status": "updated"
          }
        }
      ],
      "net": {
        "slice": "URLLC",
        "lat_ms": 8,
        "jitter_ms": 1,
        "loss_pct": 0.05,
        "throughput_mbps": 120,
        "edge_load": 0.4
      }
    },
    {
      "turn": 3,
      "speaker": "agent",
      "intent": "ascend_to_inspection_altitude",
      "actions": [
        {
          "type": "mcp",
          "name": "set_waypoint",
          "args": {
            "x": 20.0,
            "y": 20.0,
            "z": 80.0
          }
        }
      ],
      "obs": [
        {
          "tool": "set_waypoint",
          "result": {
            "status": "accepted",
            "eta_s": 110
          }
        }
      ],
      "net": {
        "slice": "eMBB",
        "lat_ms": 14,
        "jitter_ms": 3,
        "loss_pct": 0.2,
        "throughput_mbps": 780,
        "edge_load": 0.5
      }
    },
    {
      "turn": 4,
      "speaker": "user",
      "intent": "request_radar_diagnostic",
      "actions": [
        {
          "type": "mcp",
          "name": "run_diagnostic",
          "args": {
            "sensor": "radar"
          }
        }
      ],
      "obs": [
        {
          "tool": "run_diagnostic",
          "result": {
            "sensor": "radar",
            "status": "faulty_antenna",
            "action": "switch_to_lidar"
          }
        }
      ],
      "net": {
        "slice": "URLLC",
        "lat_ms": 9,
        "jitter_ms": 1.5,
        "loss_pct": 0.08,
        "throughput_mbps": 110,
        "edge_load": 0.45
      }
    },
    {
      "turn": 5,
      "speaker": "agent",
      "intent": "initiate_powerline_survey",
      "actions": [
        {
          "type": "mcp",
          "name": "activate_sensor",
          "args": {
            "sensor": "lidar"
          }
        },
        {
          "type": "a2a",
          "task": "collision_avoidance",
          "to": "uav_swarm_agent",
          "payload": {
            "current_pose": {
              "x": 20.0,
              "y": 20.0,
              "z": 80.0
            },
            "route": [
              {
                "x": 100.0,
                "y": 150.0,
                "z": 80.0
              }
            ]
          }
        }
      ],
      "obs": [
        {
          "tool": "activate_sensor",
          "result": {
            "sensor": "lidar",
            "status": "active"
          }
        },
        {
          "task": "collision_avoidance",
          "from": "uav_swarm_agent",
          "status": "ok",
          "payload": {
            "clearance": "confirmed",
            "alt_suggestion": null
          }
        }
      ],
      "net": {
        "slice": "mMTC",
        "lat_ms": 25,
        "jitter_ms": 10,
        "loss_pct": 1.5,
        "throughput_mbps": 1.2,
        "edge_load": 0.7
      }
    },
    {
      "turn": 6,
      "speaker": "user",
      "intent": "adjust_route_due_to_weather",
      "actions": [
        {
          "type": "mcp",
          "name": "set_waypoint",
          "args": {
            "x": 90.0,
            "y": 140.0,
            "z": 75.0
          }
        }
      ],
      "obs": [
        {
          "tool": "set_waypoint",
          "result": {
            "status": "accepted",
            "eta_s": 95
          }
        }
      ],
      "net": {
        "slice": "URLLC",
        "lat_ms": 7,
        "jitter_ms": 1,
        "loss_pct": 0.04,
        "throughput_mbps": 130,
        "edge_load": 0.3
      }
    },
    {
      "turn": 7,
      "speaker": "agent",
      "intent": "detect_anomaly_in_powerline",
      "actions": [
        {
          "type": "mcp",
          "name": "analyze_sensor_data",
          "args": {
            "sensor": "lidar",
            "region": "span_45B"
          }
        }
      ],
      "obs": [
        {
          "tool": "analyze_sensor_data",
          "result": {
            "anomaly": "conductor_sag",
            "confidence": 0.96,
            "severity": "high"
          }
        }
      ],
      "net": {
        "slice": "eMBB",
        "lat_ms": 16,
        "jitter_ms": 4,
        "loss_pct": 0.3,
        "throughput_mbps": 700,
        "edge_load": 0.6
      }
    },
    {
      "turn": 8,
      "speaker": "user",
      "intent": "request_high_res_thermal_image",
      "actions": [
        {
          "type": "mcp",
          "name": "capture_image",
          "args": {
            "sensor": "thermal",
            "mode": "high_res",
            "target": "span_45B"
          }
        }
      ],
      "obs": [
        {
          "tool": "capture_image",
          "result": {
            "status": "success",
            "image_id": "THM_45B_001",
            "hotspot_temp_c": 142.5
          }
        }
      ],
      "net": {
        "slice": "eMBB",
        "lat_ms": 18,
        "jitter_ms": 5,
        "loss_pct": 0.4,
        "throughput_mbps": 650,
        "edge_load": 0.65
      }
    },
    {
      "turn": 9,
      "speaker": "agent",
      "intent": "report_critical_fault_and_recommend_action",
      "actions": [
        {
          "type": "a2a",
          "task": "dispatch_maintenance_alert",
          "to": "grid_ops_agent",
          "payload": {
            "fault": "conductor_sag",
            "location": "span_45B",
            "thermal_anomaly": true,
            "priority": "urgent"
          }
        }
      ],
      "obs": [
        {
          "task": "dispatch_maintenance_alert",
          "from": "grid_ops_agent",
          "status": "acknowledged",
          "payload": {
            "ticket_id": "MA-8871",
            "eta_response": "45min"
          }
        }
      ],
      "net": {
        "slice": "URLLC",
        "lat_ms": 10,
        "jitter_ms": 2,
        "loss_pct": 0.1,
        "throughput_mbps": 100,
        "edge_load": 0.5
      }
    },
    {
      "turn": 10,
      "speaker": "user",
      "intent": "initiate_return_and_land",
      "actions": [
        {
          "type": "mcp",
          "name": "set_waypoint",
          "args": {
            "x": 20.0,
            "y": 20.0,
            "z": 15.0
          }
        }
      ],
      "obs": [
        {
          "tool": "set_waypoint",
          "result": {
            "status": "accepted",
            "eta_s": 105
          }
        }
      ],
      "net": {
        "slice": "mMTC",
        "lat_ms": 30,
        "jitter_ms": 12,
        "loss_pct": 2.0,
        "throughput_mbps": 0.8,
        "edge_load": 0.8
      }
    },
    {
      "turn": 11,
      "speaker": "agent",
      "intent": "land_uav_safely",
      "actions": [
        {
          "type": "mcp",
          "name": "execute_landing",
          "args": {}
        }
      ],
      "obs": [
        {
          "tool": "execute_landing",
          "result": {
            "status": "completed",
            "final_battery_pct": 68.5,
            "touchdown_smooth": true
          }
        }
      ],
      "net": {
        "slice": "URLLC",
        "lat_ms": 6,
        "jitter_ms": 0.8,
        "loss_pct": 0.02,
        "throughput_mbps": 150,
        "edge_load": 0.2
      }
    }
  ],
  "final_state": {
    "domain": "uav",
    "time_s": 480.0,
    "env": {
      "weather": "lightning_risk",
      "wind_mps": 8.5,
      "wind_dir_deg": 210.0
    },
    "airspace": {
      "alt_bounds": [
        10.0,
        120.0
      ],
      "geofence": [
        {
          "type": "polygon",
          "points": [
            [
              0.0,
              0.0
            ],
            [
              200.0,
              0.0
            ],
            [
              200.0,
              300.0
            ],
            [
              0.0,
              300.0
            ]
          ]
        }
      ]
    },
    "uav": {
      "pose": {
        "x": 20.0,
        "y": 20.0,
        "z": 15.0,
        "yaw": 90.0
      },
      "speed_mps": 0.0,
      "energy": {
        "battery_pct": 68.5
      },
      "sensors": {
        "rgb": "ok",
        "thermal": "ok",
        "lidar": "ok",
        "radar": "offline",
        "gnss": "ok",
        "imu": "ok",
        "magnetometer": "ok",
        "barometer": "ok"
      },
      "payloads": []
    },
    "policy": {
      "alt_bounds": [
        15.0,
        110.0
      ]
    },
    "safety_flags": {
      "nfz_violation": false,
      "separation_breach": false
    }
  },
  "success": true,
  "_meta": {
    "seed": 42,
    "ts": 1763671872,
    "ts_iso": "2025-11-20T20:51:12Z",
    "gen_time_s": 72.25244545936584,
    "attempts_used": 1,
    "generation_failed": false,
    "usage": {
      "prompt_tokens": 1058,
      "completion_tokens": 3484,
      "total_tokens": 4542,
      "cost": 0.00295308,
      "is_byok": false,
      "prompt_tokens_details": {
        "cached_tokens": 608,
        "audio_tokens": 0,
        "video_tokens": 0
      },
      "cost_details": {
        "upstream_inference_cost": null,
        "upstream_inference_prompt_cost": 0.00016588,
        "upstream_inference_completions_cost": 0.0027872
      },
      "completion_tokens_details": {
        "reasoning_tokens": 0,
        "image_tokens": 0
      }
    }
  }
}