{
  "initial_state": {
    "domain": "uav",
    "time_s": 0.0,
    "env": {
      "weather": "microburst_risk",
      "wind_mps": 8.5,
      "wind_dir_deg": 240.0
    },
    "airspace": {
      "alt_bounds": [
        5.0,
        80.0
      ],
      "geofence": [
        {
          "type": "polygon",
          "points": [
            [
              0.0,
              0.0
            ],
            [
              100.0,
              0.0
            ],
            [
              100.0,
              80.0
            ],
            [
              0.0,
              80.0
            ]
          ]
        }
      ]
    },
    "uav": {
      "pose": {
        "x": 10.0,
        "y": 10.0,
        "z": 15.0,
        "yaw": 90.0
      },
      "speed_mps": 22.0,
      "energy": {
        "battery_pct": 100.0
      },
      "sensors": {
        "rgb": "ok",
        "thermal": "ok",
        "lidar": "ok",
        "radar": "offline",
        "gnss": "ok",
        "imu": "ok",
        "magnetometer": "ok",
        "barometer": "ok"
      },
      "payloads": []
    },
    "policy": {
      "alt_bounds": [
        5.0,
        80.0
      ]
    },
    "safety_flags": {
      "nfz_violation": false,
      "separation_breach": false
    }
  },
  "dialogue": [
    {
      "turn": 1,
      "speaker": "agent",
      "intent": "initiate_inspection_mission",
      "actions": [
        {
          "type": "mcp",
          "name": "read_telemetry",
          "args": {}
        }
      ],
      "obs": [
        {
          "tool": "read_telemetry",
          "result": {
            "pose": {
              "x": 10.0,
              "y": 10.0,
              "z": 15.0
            },
            "battery_pct": 100.0,
            "speed_mps": 22.0
          }
        }
      ],
      "net": {
        "slice": "URLLC",
        "lat_ms": 5,
        "jitter_ms": 1,
        "loss_pct": 0.01,
        "throughput_mbps": 50,
        "edge_load": 0.3
      }
    },
    {
      "turn": 2,
      "speaker": "user",
      "intent": "confirm_mission_start",
      "actions": [],
      "obs": [],
      "net": {
        "slice": "URLLC",
        "lat_ms": 6,
        "jitter_ms": 1.2,
        "loss_pct": 0.02,
        "throughput_mbps": 48,
        "edge_load": 0.32
      }
    },
    {
      "turn": 3,
      "speaker": "agent",
      "intent": "ascend_to_inspection_altitude",
      "actions": [
        {
          "type": "mcp",
          "name": "set_altitude",
          "args": {
            "target_z": 65.0
          }
        }
      ],
      "obs": [
        {
          "tool": "set_altitude",
          "result": {
            "status": "executing",
            "target_z": 65.0,
            "current_z": 30.0,
            "time_to_completion_s": 12.5
          }
        }
      ],
      "net": {
        "slice": "eMBB",
        "lat_ms": 12,
        "jitter_ms": 3,
        "loss_pct": 0.1,
        "throughput_mbps": 120,
        "edge_load": 0.45
      }
    },
    {
      "turn": 4,
      "speaker": "user",
      "intent": "request_weather_assessment",
      "actions": [
        {
          "type": "mcp",
          "name": "get_weather_risk",
          "args": {}
        }
      ],
      "obs": [
        {
          "tool": "get_weather_risk",
          "result": {
            "risk_level": "high",
            "condition": "microburst_risk",
            "wind_gusts_mps": 18.0
          }
        }
      ],
      "net": {
        "slice": "URLLC",
        "lat_ms": 7,
        "jitter_ms": 1.5,
        "loss_pct": 0.05,
        "throughput_mbps": 55,
        "edge_load": 0.5
      }
    },
    {
      "turn": 5,
      "speaker": "agent",
      "intent": "coordinate_swarm_avoidance",
      "actions": [
        {
          "type": "a2a",
          "task": "collision_avoidance",
          "to": "uav_swarm_agent",
          "payload": {
            "current_pose": {
              "x": 10.0,
              "y": 10.0,
              "z": 30.0
            },
            "trajectory": "spiral_climb",
            "eta": 15.0
          }
        }
      ],
      "obs": [
        {
          "task": "collision_avoidance",
          "from": "uav_swarm_agent",
          "status": "ok",
          "payload": {
            "recommended_offset": 0.0,
            "conflict": false
          }
        }
      ],
      "net": {
        "slice": "URLLC",
        "lat_ms": 8,
        "jitter_ms": 2,
        "loss_pct": 0.03,
        "throughput_mbps": 52,
        "edge_load": 0.52
      }
    },
    {
      "turn": 6,
      "speaker": "user",
      "intent": "enable_thermal_imaging",
      "actions": [
        {
          "type": "mcp",
          "name": "activate_sensor",
          "args": {
            "sensor": "thermal"
          }
        }
      ],
      "obs": [
        {
          "tool": "activate_sensor",
          "result": {
            "sensor": "thermal",
            "status": "active"
          }
        }
      ],
      "net": {
        "slice": "eMBB",
        "lat_ms": 14,
        "jitter_ms": 5,
        "loss_pct": 0.2,
        "throughput_mbps": 110,
        "edge_load": 0.6
      }
    },
    {
      "turn": 7,
      "speaker": "agent",
      "intent": "detect_anomaly_in_structure",
      "actions": [
        {
          "type": "mcp",
          "name": "run_anomaly_detection",
          "args": {
            "sensor": "thermal",
            "target": "tower_base"
          }
        }
      ],
      "obs": [
        {
          "tool": "run_anomaly_detection",
          "result": {
            "anomaly_found": true,
            "type": "overheating_joints",
            "confidence": 0.93,
            "location": "base_north"
          }
        }
      ],
      "net": {
        "slice": "eMBB",
        "lat_ms": 16,
        "jitter_ms": 6,
        "loss_pct": 0.5,
        "throughput_mbps": 90,
        "edge_load": 0.75
      }
    },
    {
      "turn": 8,
      "speaker": "user",
      "intent": "request_high_res_rgb",
      "actions": [
        {
          "type": "mcp",
          "name": "capture_image",
          "args": {
            "mode": "high_res",
            "sensor": "rgb",
            "target": "base_north"
          }
        }
      ],
      "obs": [
        {
          "tool": "capture_image",
          "result": {
            "status": "success",
            "image_id": "IMG_707e52_001",
            "resolution_px": "4096x2160",
            "target": "base_north"
          }
        }
      ],
      "net": {
        "slice": "eMBB",
        "lat_ms": 18,
        "jitter_ms": 7,
        "loss_pct": 0.8,
        "throughput_mbps": 80,
        "edge_load": 0.82
      }
    },
    {
      "turn": 9,
      "speaker": "agent",
      "intent": "adapt_due_to_network_degradation",
      "actions": [
        {
          "type": "mcp",
          "name": "reduce_stream_quality",
          "args": {
            "stream": "telemetry_video",
            "target_quality": "medium"
          }
        }
      ],
      "obs": [
        {
          "tool": "reduce_stream_quality",
          "result": {
            "stream": "telemetry_video",
            "quality": "medium",
            "bandwidth_saved_mbps": 35
          }
        }
      ],
      "net": {
        "slice": "URLLC",
        "lat_ms": 9,
        "jitter_ms": 2.5,
        "loss_pct": 0.1,
        "throughput_mbps": 45,
        "edge_load": 0.68
      }
    },
    {
      "turn": 10,
      "speaker": "user",
      "intent": "initiate_return_and_land",
      "actions": [
        {
          "type": "mcp",
          "name": "set_waypoint",
          "args": {
            "x": 10.0,
            "y": 10.0,
            "z": 5.0
          }
        }
      ],
      "obs": [
        {
          "tool": "set_waypoint",
          "result": {
            "status": "accepted",
            "waypoint": {
              "x": 10.0,
              "y": 10.0,
              "z": 5.0
            }
          }
        }
      ],
      "net": {
        "slice": "URLLC",
        "lat_ms": 6,
        "jitter_ms": 1.3,
        "loss_pct": 0.02,
        "throughput_mbps": 50,
        "edge_load": 0.4
      }
    },
    {
      "turn": 11,
      "speaker": "agent",
      "intent": "confirm_safe_landing",
      "actions": [
        {
          "type": "mcp",
          "name": "read_telemetry",
          "args": {}
        }
      ],
      "obs": [
        {
          "tool": "read_telemetry",
          "result": {
            "pose": {
              "x": 10.0,
              "y": 10.0,
              "z": 5.0
            },
            "battery_pct": 78.0,
            "status": "landed"
          }
        }
      ],
      "net": {
        "slice": "URLLC",
        "lat_ms": 5,
        "jitter_ms": 1,
        "loss_pct": 0.01,
        "throughput_mbps": 52,
        "edge_load": 0.35
      }
    }
  ],
  "final_state": {
    "domain": "uav",
    "time_s": 125.0,
    "env": {
      "weather": "microburst_risk",
      "wind_mps": 8.5,
      "wind_dir_deg": 240.0
    },
    "airspace": {
      "alt_bounds": [
        5.0,
        80.0
      ],
      "geofence": [
        {
          "type": "polygon",
          "points": [
            [
              0.0,
              0.0
            ],
            [
              100.0,
              0.0
            ],
            [
              100.0,
              80.0
            ],
            [
              0.0,
              80.0
            ]
          ]
        }
      ]
    },
    "uav": {
      "pose": {
        "x": 10.0,
        "y": 10.0,
        "z": 5.0,
        "yaw": 90.0
      },
      "speed_mps": 0.0,
      "energy": {
        "battery_pct": 78.0
      },
      "sensors": {
        "rgb": "ok",
        "thermal": "active",
        "lidar": "ok",
        "radar": "offline",
        "gnss": "ok",
        "imu": "ok",
        "magnetometer": "ok",
        "barometer": "ok"
      },
      "payloads": [
        {
          "type": "inspection_data",
          "items": [
            "IMG_707e52_001",
            "thermal_anomaly_report_001"
          ]
        }
      ]
    },
    "policy": {
      "alt_bounds": [
        5.0,
        80.0
      ]
    },
    "safety_flags": {
      "nfz_violation": false,
      "separation_breach": false
    }
  },
  "success": true,
  "_meta": {
    "seed": 42,
    "ts": 1763856816,
    "ts_iso": "2025-11-23T00:13:36Z",
    "gen_time_s": 41.00326180458069,
    "attempts_used": 1,
    "generation_failed": false,
    "usage": {
      "prompt_tokens": 1058,
      "completion_tokens": 3176,
      "total_tokens": 4234,
      "cost": 0.0026574,
      "is_byok": false,
      "prompt_tokens_details": {
        "cached_tokens": 1056,
        "audio_tokens": 0,
        "video_tokens": 0
      },
      "cost_details": {
        "upstream_inference_cost": null,
        "upstream_inference_prompt_cost": 0.0001166,
        "upstream_inference_completions_cost": 0.0025408
      },
      "completion_tokens_details": {
        "reasoning_tokens": 0,
        "image_tokens": 0
      }
    }
  }
}