{
  "initial_state": {
    "domain": "uav",
    "time_s": 0.0,
    "env": {
      "weather": "lightning_risk",
      "wind_mps": 8.0,
      "wind_dir_deg": 240.0
    },
    "airspace": {
      "alt_bounds": [
        10.0,
        250.0
      ],
      "geofence": [
        {
          "type": "polygon",
          "points": [
            [
              100,
              100
            ],
            [
              100,
              700
            ],
            [
              700,
              700
            ],
            [
              700,
              100
            ]
          ]
        }
      ]
    },
    "uav": {
      "pose": {
        "x": 150.0,
        "y": 150.0,
        "z": 30.0,
        "yaw": 90.0
      },
      "speed_mps": 35.0,
      "energy": {
        "battery_pct": 100.0
      },
      "sensors": {
        "rgb": "ok",
        "thermal": "offline",
        "lidar": "ok",
        "radar": "offline",
        "gnss": "ok",
        "imu": "ok",
        "magnetometer": "ok",
        "barometer": "ok"
      },
      "payloads": []
    },
    "policy": {
      "alt_bounds": [
        10.0,
        250.0
      ]
    },
    "safety_flags": {
      "nfz_violation": false,
      "separation_breach": false
    }
  },
  "dialogue": [
    {
      "turn": 1,
      "speaker": "agent",
      "intent": "initiate_survey_mission",
      "actions": [
        {
          "type": "mcp",
          "name": "read_telemetry",
          "args": {}
        },
        {
          "type": "a2a",
          "task": "request_weather_update",
          "to": "weather_agent",
          "payload": {
            "location": [
              150,
              150
            ],
            "horizon": 300
          }
        }
      ],
      "obs": [
        {
          "tool": "read_telemetry",
          "result": {
            "pose": {
              "x": 150.0,
              "y": 150.0,
              "z": 30.0
            },
            "battery_pct": 100.0,
            "speed_mps": 35.0
          }
        },
        {
          "task": "request_weather_update",
          "from": "weather_agent",
          "status": "ok",
          "payload": {
            "lightning_probability": 0.65,
            "risk_level": "high",
            "advice": "avoid elevated structures"
          }
        }
      ],
      "net": {
        "slice": "eMBB",
        "lat_ms": 12,
        "jitter_ms": 2,
        "loss_pct": 0.1,
        "throughput_mbps": 850,
        "edge_load": 0.3
      }
    },
    {
      "turn": 2,
      "speaker": "user",
      "intent": "approve_altitude_adjustment",
      "actions": [
        {
          "type": "mcp",
          "name": "update_policy",
          "args": {
            "alt_bounds": [
              10.0,
              200.0
            ]
          }
        }
      ],
      "obs": [
        {
          "tool": "update_policy",
          "result": {
            "alt_bounds": [
              10.0,
              200.0
            ],
            "status": "applied"
          }
        }
      ],
      "net": {
        "slice": "eMBB",
        "lat_ms": 11,
        "jitter_ms": 1.8,
        "loss_pct": 0.05,
        "throughput_mbps": 870,
        "edge_load": 0.32
      }
    },
    {
      "turn": 3,
      "speaker": "agent",
      "intent": "ascend_to_survey_altitude",
      "actions": [
        {
          "type": "mcp",
          "name": "set_waypoint",
          "args": {
            "target": {
              "x": 150.0,
              "y": 150.0,
              "z": 180.0
            },
            "speed": 25.0
          }
        }
      ],
      "obs": [
        {
          "tool": "set_waypoint",
          "result": {
            "status": "accepted",
            "eta_s": 6.0
          }
        }
      ],
      "net": {
        "slice": "URLLC",
        "lat_ms": 8,
        "jitter_ms": 1,
        "loss_pct": 0.01,
        "throughput_mbps": 120,
        "edge_load": 0.4
      }
    },
    {
      "turn": 4,
      "speaker": "user",
      "intent": "request_sensor_diagnostic",
      "actions": [
        {
          "type": "mcp",
          "name": "run_diagnostic",
          "args": {
            "sensor": "thermal"
          }
        }
      ],
      "obs": [
        {
          "tool": "run_diagnostic",
          "result": {
            "sensor": "thermal",
            "status": "faulty_heater",
            "advice": "avoid prolonged exposure to rain"
          }
        }
      ],
      "net": {
        "slice": "mMTC",
        "lat_ms": 120,
        "jitter_ms": 25,
        "loss_pct": 1.2,
        "throughput_mbps": 1.5,
        "edge_load": 0.75
      }
    },
    {
      "turn": 5,
      "speaker": "agent",
      "intent": "activate_collision_avoidance",
      "actions": [
        {
          "type": "a2a",
          "task": "activate_proximity_monitoring",
          "to": "uav_swarm_agent",
          "payload": {
            "uav_id": "uav-7",
            "position": [
              150,
              150,
              180
            ],
            "velocity": [
              0,
              0,
              4
            ]
          }
        }
      ],
      "obs": [
        {
          "task": "activate_proximity_monitoring",
          "from": "uav_swarm_agent",
          "status": "active",
          "payload": {
            "monitoring_interval_ms": 200,
            "neighbors_tracked": 3
          }
        }
      ],
      "net": {
        "slice": "URLLC",
        "lat_ms": 9,
        "jitter_ms": 1.2,
        "loss_pct": 0.02,
        "throughput_mbps": 110,
        "edge_load": 0.42
      }
    },
    {
      "turn": 6,
      "speaker": "user",
      "intent": "redirect_to_point_of_interest",
      "actions": [
        {
          "type": "mcp",
          "name": "set_waypoint",
          "args": {
            "target": {
              "x": 400.0,
              "y": 500.0,
              "z": 170.0
            },
            "speed": 30.0
          }
        }
      ],
      "obs": [
        {
          "tool": "set_waypoint",
          "result": {
            "status": "accepted",
            "eta_s": 15.2
          }
        }
      ],
      "net": {
        "slice": "eMBB",
        "lat_ms": 14,
        "jitter_ms": 3,
        "loss_pct": 0.3,
        "throughput_mbps": 800,
        "edge_load": 0.68
      }
    },
    {
      "turn": 7,
      "speaker": "agent",
      "intent": "detect_network_degradation",
      "actions": [
        {
          "type": "mcp",
          "name": "read_telemetry",
          "args": {}
        }
      ],
      "obs": [
        {
          "tool": "read_telemetry",
          "result": {
            "pose": {
              "x": 320.5,
              "y": 440.1,
              "z": 170.0
            },
            "battery_pct": 92.3,
            "speed_mps": 30.0
          }
        }
      ],
      "net": {
        "slice": "eMBB",
        "lat_ms": 200,
        "jitter_ms": 45,
        "loss_pct": 8.5,
        "throughput_mbps": 120,
        "edge_load": 0.92
      }
    },
    {
      "turn": 8,
      "speaker": "user",
      "intent": "switch_to_low_bandwidth_mode",
      "actions": [
        {
          "type": "mcp",
          "name": "configure_network",
          "args": {
            "preferred_slice": "URLLC",
            "disable_high_bandwidth_sensors": true
          }
        }
      ],
      "obs": [
        {
          "tool": "configure_network",
          "result": {
            "active_slice": "URLLC",
            "sensors_disabled": [
              "rgb"
            ],
            "status": "applied"
          }
        }
      ],
      "net": {
        "slice": "URLLC",
        "lat_ms": 10,
        "jitter_ms": 1.5,
        "loss_pct": 0.03,
        "throughput_mbps": 95,
        "edge_load": 0.5
      }
    },
    {
      "turn": 9,
      "speaker": "agent",
      "intent": "resume_survey_with_lidar",
      "actions": [
        {
          "type": "mcp",
          "name": "activate_sensor",
          "args": {
            "sensor": "lidar",
            "mode": "low_power_scan"
          }
        }
      ],
      "obs": [
        {
          "tool": "activate_sensor",
          "result": {
            "sensor": "lidar",
            "mode": "low_power_scan",
            "status": "active",
            "power_draw_pct_per_min": 1.2
          }
        }
      ],
      "net": {
        "slice": "URLLC",
        "lat_ms": 9,
        "jitter_ms": 1.1,
        "loss_pct": 0.01,
        "throughput_mbps": 105,
        "edge_load": 0.48
      }
    },
    {
      "turn": 10,
      "speaker": "user",
      "intent": "confirm_return_sequence",
      "actions": [
        {
          "type": "mcp",
          "name": "set_waypoint",
          "args": {
            "target": {
              "x": 150.0,
              "y": 150.0,
              "z": 30.0
            },
            "speed": 20.0
          }
        }
      ],
      "obs": [
        {
          "tool": "set_waypoint",
          "result": {
            "status": "accepted",
            "eta_s": 22.0
          }
        }
      ],
      "net": {
        "slice": "URLLC",
        "lat_ms": 8.5,
        "jitter_ms": 0.9,
        "loss_pct": 0.0,
        "throughput_mbps": 115,
        "edge_load": 0.4
      }
    }
  ],
  "final_state": {
    "domain": "uav",
    "time_s": 120.0,
    "env": {
      "weather": "lightning_risk",
      "wind_mps": 8.0,
      "wind_dir_deg": 240.0
    },
    "airspace": {
      "alt_bounds": [
        10.0,
        250.0
      ],
      "geofence": [
        {
          "type": "polygon",
          "points": [
            [
              100,
              100
            ],
            [
              100,
              700
            ],
            [
              700,
              700
            ],
            [
              700,
              100
            ]
          ]
        }
      ]
    },
    "uav": {
      "pose": {
        "x": 150.0,
        "y": 150.0,
        "z": 30.0,
        "yaw": 90.0
      },
      "speed_mps": 0.0,
      "energy": {
        "battery_pct": 78.5
      },
      "sensors": {
        "rgb": "ok",
        "thermal": "offline",
        "lidar": "ok",
        "radar": "offline",
        "gnss": "ok",
        "imu": "ok",
        "magnetometer": "ok",
        "barometer": "ok"
      },
      "payloads": []
    },
    "policy": {
      "alt_bounds": [
        10.0,
        200.0
      ]
    },
    "safety_flags": {
      "nfz_violation": false,
      "separation_breach": false
    }
  },
  "success": true,
  "_meta": {
    "seed": 42,
    "ts": 1763794455,
    "ts_iso": "2025-11-22T06:54:15Z",
    "gen_time_s": 58.50848388671875,
    "attempts_used": 1,
    "generation_failed": false,
    "usage": {
      "prompt_tokens": 1058,
      "completion_tokens": 3263,
      "total_tokens": 4321,
      "cost": 0.00277452,
      "is_byok": false,
      "prompt_tokens_details": {
        "cached_tokens": 624,
        "audio_tokens": 0,
        "video_tokens": 0
      },
      "cost_details": {
        "upstream_inference_cost": null,
        "upstream_inference_prompt_cost": 0.00016412,
        "upstream_inference_completions_cost": 0.0026104
      },
      "completion_tokens_details": {
        "reasoning_tokens": 0,
        "image_tokens": 0
      }
    }
  }
}