{
  "initial_state": {
    "domain": "uav",
    "time_s": 0.0,
    "env": {
      "weather": "lightning_risk",
      "wind_mps": 6.5,
      "wind_dir_deg": 240.0
    },
    "airspace": {
      "alt_bounds": [
        5.0,
        120.0
      ],
      "geofence": [
        {
          "type": "polygon",
          "points": [
            [
              0,
              0
            ],
            [
              100,
              0
            ],
            [
              100,
              100
            ],
            [
              0,
              100
            ]
          ]
        }
      ]
    },
    "uav": {
      "pose": {
        "x": 10.0,
        "y": 10.0,
        "z": 10.0,
        "yaw": 90.0
      },
      "speed_mps": 25.0,
      "energy": {
        "battery_pct": 100.0
      },
      "sensors": {
        "rgb": "ok",
        "thermal": "ok",
        "lidar": "offline",
        "radar": "offline",
        "gnss": "ok",
        "imu": "ok",
        "magnetometer": "ok",
        "barometer": "ok"
      },
      "payloads": []
    },
    "policy": {
      "alt_bounds": [
        5.0,
        120.0
      ]
    },
    "safety_flags": {
      "nfz_violation": false,
      "separation_breach": false
    }
  },
  "dialogue": [
    {
      "turn": 1,
      "speaker": "agent",
      "intent": "initiate_inspection_mission",
      "actions": [
        {
          "type": "mcp",
          "name": "read_telemetry",
          "args": {}
        }
      ],
      "obs": [
        {
          "tool": "read_telemetry",
          "result": {
            "pose": {
              "x": 10.0,
              "y": 10.0,
              "z": 10.0
            },
            "battery_pct": 100.0,
            "speed_mps": 25.0
          }
        }
      ],
      "net": {
        "slice": "eMBB",
        "lat_ms": 12,
        "jitter_ms": 2,
        "loss_pct": 0.1,
        "throughput_mbps": 850,
        "edge_load": 0.35
      }
    },
    {
      "turn": 2,
      "speaker": "user",
      "intent": "confirm_mission_start",
      "actions": [],
      "obs": [],
      "net": {
        "slice": "eMBB",
        "lat_ms": 11,
        "jitter_ms": 1.8,
        "loss_pct": 0.1,
        "throughput_mbps": 870,
        "edge_load": 0.36
      }
    },
    {
      "turn": 3,
      "speaker": "agent",
      "intent": "request_swarm_coordination",
      "actions": [
        {
          "type": "a2a",
          "task": "collision_avoidance",
          "to": "uav_swarm_agent",
          "payload": {
            "current_pose": {
              "x": 10.0,
              "y": 10.0,
              "z": 10.0
            },
            "trajectory": "spiral_climb"
          }
        }
      ],
      "obs": [
        {
          "task": "collision_avoidance",
          "from": "uav_swarm_agent",
          "status": "ok",
          "payload": {
            "clearance": true,
            "recommended_alt": 45.0
          }
        }
      ],
      "net": {
        "slice": "URLLC",
        "lat_ms": 5,
        "jitter_ms": 0.8,
        "loss_pct": 0.01,
        "throughput_mbps": 120,
        "edge_load": 0.22
      }
    },
    {
      "turn": 4,
      "speaker": "user",
      "intent": "approve_altitude_change",
      "actions": [
        {
          "type": "mcp",
          "name": "set_altitude",
          "args": {
            "target_z": 45.0
          }
        }
      ],
      "obs": [
        {
          "tool": "set_altitude",
          "result": {
            "status": "acknowledged",
            "target_z": 45.0
          }
        }
      ],
      "net": {
        "slice": "URLLC",
        "lat_ms": 6,
        "jitter_ms": 1.0,
        "loss_pct": 0.02,
        "throughput_mbps": 110,
        "edge_load": 0.25
      }
    },
    {
      "turn": 5,
      "speaker": "agent",
      "intent": "ascend_to_inspection_height",
      "actions": [
        {
          "type": "mcp",
          "name": "move_to",
          "args": {
            "x": 10.0,
            "y": 10.0,
            "z": 45.0,
            "speed": 15.0
          }
        }
      ],
      "obs": [
        {
          "tool": "move_to",
          "result": {
            "status": "in_progress",
            "eta_s": 2.8
          }
        }
      ],
      "net": {
        "slice": "URLLC",
        "lat_ms": 4,
        "jitter_ms": 0.7,
        "loss_pct": 0.01,
        "throughput_mbps": 130,
        "edge_load": 0.2
      }
    },
    {
      "turn": 6,
      "speaker": "user",
      "intent": "monitor_weather_risk",
      "actions": [
        {
          "type": "mcp",
          "name": "check_weather_alerts",
          "args": {}
        }
      ],
      "obs": [
        {
          "tool": "check_weather_alerts",
          "result": {
            "lightning_risk": "high",
            "advisory": "reduce_exposure_time"
          }
        }
      ],
      "net": {
        "slice": "mMTC",
        "lat_ms": 18,
        "jitter_ms": 5,
        "loss_pct": 0.5,
        "throughput_mbps": 1.2,
        "edge_load": 0.65
      }
    },
    {
      "turn": 7,
      "speaker": "agent",
      "intent": "adapt_to_weather",
      "actions": [
        {
          "type": "mcp",
          "name": "adjust_speed",
          "args": {
            "factor": 0.7
          }
        },
        {
          "type": "a2a",
          "task": "update_inspection_plan",
          "to": "inspection_subagent",
          "payload": {
            "mode": "rapid_scan",
            "priority": "thermal"
          }
        }
      ],
      "obs": [
        {
          "tool": "adjust_speed",
          "result": {
            "new_speed_mps": 17.5
          }
        },
        {
          "task": "update_inspection_plan",
          "from": "inspection_subagent",
          "status": "updated",
          "payload": {
            "scan_duration_s": 45,
            "focus_sensor": "thermal"
          }
        }
      ],
      "net": {
        "slice": "URLLC",
        "lat_ms": 5,
        "jitter_ms": 0.9,
        "loss_pct": 0.01,
        "throughput_mbps": 125,
        "edge_load": 0.23
      }
    },
    {
      "turn": 8,
      "speaker": "user",
      "intent": "verify_sensor_activation",
      "actions": [
        {
          "type": "mcp",
          "name": "activate_sensor",
          "args": {
            "sensor": "thermal"
          }
        }
      ],
      "obs": [
        {
          "tool": "activate_sensor",
          "result": {
            "sensor": "thermal",
            "status": "active"
          }
        }
      ],
      "net": {
        "slice": "eMBB",
        "lat_ms": 13,
        "jitter_ms": 2.1,
        "loss_pct": 0.2,
        "throughput_mbps": 800,
        "edge_load": 0.4
      }
    },
    {
      "turn": 9,
      "speaker": "agent",
      "intent": "begin_spiral_inspection",
      "actions": [
        {
          "type": "mcp",
          "name": "start_spiral_trajectory",
          "args": {
            "center": {
              "x": 10.0,
              "y": 10.0
            },
            "radius": 8.0,
            "pitch": 5.0,
            "turns": 3
          }
        }
      ],
      "obs": [
        {
          "tool": "start_spiral_trajectory",
          "result": {
            "status": "executing",
            "estimated_completion": 38
          }
        }
      ],
      "net": {
        "slice": "URLLC",
        "lat_ms": 5,
        "jitter_ms": 0.8,
        "loss_pct": 0.01,
        "throughput_mbps": 128,
        "edge_load": 0.21
      }
    },
    {
      "turn": 10,
      "speaker": "user",
      "intent": "request_status_update",
      "actions": [
        {
          "type": "mcp",
          "name": "read_telemetry",
          "args": {}
        }
      ],
      "obs": [
        {
          "tool": "read_telemetry",
          "result": {
            "pose": {
              "x": 10.5,
              "y": 10.3,
              "z": 32.1
            },
            "battery_pct": 88.7,
            "speed_mps": 17.5
          }
        }
      ],
      "net": {
        "slice": "mMTC",
        "lat_ms": 20,
        "jitter_ms": 6,
        "loss_pct": 0.8,
        "throughput_mbps": 0.9,
        "edge_load": 0.72
      }
    },
    {
      "turn": 11,
      "speaker": "agent",
      "intent": "complete_inspection_and_return",
      "actions": [
        {
          "type": "mcp",
          "name": "move_to",
          "args": {
            "x": 10.0,
            "y": 10.0,
            "z": 10.0,
            "speed": 20.0
          }
        }
      ],
      "obs": [
        {
          "tool": "move_to",
          "result": {
            "status": "completed",
            "final_pose": {
              "x": 10.0,
              "y": 10.0,
              "z": 10.0
            }
          }
        }
      ],
      "net": {
        "slice": "URLLC",
        "lat_ms": 6,
        "jitter_ms": 1.0,
        "loss_pct": 0.02,
        "throughput_mbps": 115,
        "edge_load": 0.24
      }
    }
  ],
  "final_state": {
    "domain": "uav",
    "time_s": 120.0,
    "env": {
      "weather": "lightning_risk",
      "wind_mps": 6.5,
      "wind_dir_deg": 240.0
    },
    "airspace": {
      "alt_bounds": [
        5.0,
        120.0
      ],
      "geofence": [
        {
          "type": "polygon",
          "points": [
            [
              0,
              0
            ],
            [
              100,
              0
            ],
            [
              100,
              100
            ],
            [
              0,
              100
            ]
          ]
        }
      ]
    },
    "uav": {
      "pose": {
        "x": 10.0,
        "y": 10.0,
        "z": 10.0,
        "yaw": 90.0
      },
      "speed_mps": 0.0,
      "energy": {
        "battery_pct": 85.2
      },
      "sensors": {
        "rgb": "ok",
        "thermal": "active",
        "lidar": "offline",
        "radar": "offline",
        "gnss": "ok",
        "imu": "ok",
        "magnetometer": "ok",
        "barometer": "ok"
      },
      "payloads": []
    },
    "policy": {
      "alt_bounds": [
        5.0,
        120.0
      ]
    },
    "safety_flags": {
      "nfz_violation": false,
      "separation_breach": false
    }
  },
  "success": true,
  "_meta": {
    "seed": 42,
    "ts": 1764015833,
    "ts_iso": "2025-11-24T20:23:53Z",
    "gen_time_s": 98.44795203208923,
    "attempts_used": 2,
    "generation_failed": false,
    "usage": {
      "prompt_tokens": 1087,
      "completion_tokens": 3109,
      "total_tokens": 4196,
      "cost": 0.0026577,
      "is_byok": false,
      "prompt_tokens_details": {
        "cached_tokens": 624,
        "audio_tokens": 0,
        "video_tokens": 0
      },
      "cost_details": {
        "upstream_inference_cost": null,
        "upstream_inference_prompt_cost": 0.0001705,
        "upstream_inference_completions_cost": 0.0024872
      },
      "completion_tokens_details": {
        "reasoning_tokens": 0,
        "image_tokens": 0
      }
    }
  }
}