{
  "initial_state": {
    "domain": "uav",
    "time_s": 0.0,
    "env": {
      "weather": "dust",
      "wind_mps": 8.0,
      "wind_dir_deg": 135.0
    },
    "airspace": {
      "alt_bounds": [
        2.0,
        25.0
      ],
      "geofence": [
        {
          "type": "polygon",
          "points": [
            [
              0.0,
              0.0
            ],
            [
              50.0,
              0.0
            ],
            [
              50.0,
              40.0
            ],
            [
              0.0,
              40.0
            ]
          ]
        }
      ]
    },
    "uav": {
      "pose": {
        "x": 5.0,
        "y": 5.0,
        "z": 10.0,
        "yaw": 90.0
      },
      "speed_mps": 35.0,
      "energy": {
        "battery_pct": 100.0
      },
      "sensors": {
        "rgb": "ok",
        "thermal": "offline",
        "lidar": "ok",
        "radar": "offline",
        "gnss": "ok",
        "imu": "ok",
        "magnetometer": "ok",
        "barometer": "ok"
      },
      "payloads": []
    },
    "policy": {
      "alt_bounds": [
        2.0,
        25.0
      ]
    },
    "safety_flags": {
      "nfz_violation": false,
      "separation_breach": false
    }
  },
  "dialogue": [
    {
      "turn": 1,
      "speaker": "agent",
      "intent": "initiate mission and check telemetry",
      "actions": [
        {
          "type": "mcp",
          "name": "read_telemetry",
          "args": {}
        }
      ],
      "obs": [
        {
          "tool": "read_telemetry",
          "result": {
            "pose": {
              "x": 5.0,
              "y": 5.0,
              "z": 10.0,
              "yaw": 90.0
            },
            "battery_pct": 100.0,
            "speed_mps": 35.0,
            "sensors": {
              "gnss": "ok",
              "imu": "ok"
            }
          }
        }
      ],
      "net": {
        "slice": "eMBB",
        "lat_ms": 12,
        "jitter_ms": 3,
        "loss_pct": 0.1,
        "throughput_mbps": 850,
        "edge_load": 0.45
      }
    },
    {
      "turn": 2,
      "speaker": "user",
      "intent": "confirm mission start and request route plan",
      "actions": [
        {
          "type": "mcp",
          "name": "request_route_plan",
          "args": {
            "destination": [
              45.0,
              35.0
            ]
          }
        }
      ],
      "obs": [
        {
          "tool": "request_route_plan",
          "result": {
            "route": [
              [
                5.0,
                5.0
              ],
              [
                15.0,
                15.0
              ],
              [
                30.0,
                25.0
              ],
              [
                45.0,
                35.0
              ]
            ],
            "eta_s": 68.5,
            "energy_required_pct": 42.0
          }
        }
      ],
      "net": {
        "slice": "eMBB",
        "lat_ms": 14,
        "jitter_ms": 4,
        "loss_pct": 0.2,
        "throughput_mbps": 800,
        "edge_load": 0.5
      }
    },
    {
      "turn": 3,
      "speaker": "agent",
      "intent": "initiate swarm coordination for path deconfliction",
      "actions": [
        {
          "type": "a2a",
          "task": "collision_avoidance",
          "to": "uav_swarm_agent",
          "payload": {
            "current_pose": [
              5.0,
              5.0,
              10.0
            ],
            "route": [
              [
                15.0,
                15.0
              ],
              [
                30.0,
                25.0
              ],
              [
                45.0,
                35.0
              ]
            ],
            "eta_s": 68.5
          }
        }
      ],
      "obs": [
        {
          "task": "collision_avoidance",
          "from": "uav_swarm_agent",
          "status": "ok",
          "payload": {
            "clearance": true,
            "recommended_alt": 12.0
          }
        }
      ],
      "net": {
        "slice": "URLLC",
        "lat_ms": 8,
        "jitter_ms": 1,
        "loss_pct": 0.05,
        "throughput_mbps": 120,
        "edge_load": 0.3
      }
    },
    {
      "turn": 4,
      "speaker": "user",
      "intent": "approve ascent and activate lidar",
      "actions": [
        {
          "type": "mcp",
          "name": "set_altitude",
          "args": {
            "target_z": 12.0
          }
        },
        {
          "type": "mcp",
          "name": "activate_sensor",
          "args": {
            "sensor": "lidar"
          }
        }
      ],
      "obs": [
        {
          "tool": "set_altitude",
          "result": {
            "status": "executing",
            "target": 12.0
          }
        },
        {
          "tool": "activate_sensor",
          "result": {
            "sensor": "lidar",
            "status": "active"
          }
        }
      ],
      "net": {
        "slice": "eMBB",
        "lat_ms": 16,
        "jitter_ms": 5,
        "loss_pct": 0.3,
        "throughput_mbps": 750,
        "edge_load": 0.55
      }
    },
    {
      "turn": 5,
      "speaker": "agent",
      "intent": "monitor telemetry under dust conditions",
      "actions": [
        {
          "type": "mcp",
          "name": "read_telemetry",
          "args": {}
        }
      ],
      "obs": [
        {
          "tool": "read_telemetry",
          "result": {
            "pose": {
              "x": 7.2,
              "y": 7.2,
              "z": 11.8,
              "yaw": 92.0
            },
            "battery_pct": 98.7,
            "speed_mps": 34.0,
            "sensors": {
              "lidar": "ok",
              "gnss": "degraded"
            }
          }
        }
      ],
      "net": {
        "slice": "mMTC",
        "lat_ms": 45,
        "jitter_ms": 12,
        "loss_pct": 2.1,
        "throughput_mbps": 1.2,
        "edge_load": 0.85
      }
    },
    {
      "turn": 6,
      "speaker": "user",
      "intent": "switch to URLLC and request emergency hover due to signal loss",
      "actions": [
        {
          "type": "mcp",
          "name": "switch_network_slice",
          "args": {
            "target": "URLLC"
          }
        },
        {
          "type": "mcp",
          "name": "hover",
          "args": {
            "duration_s": 10.0
          }
        }
      ],
      "obs": [
        {
          "tool": "switch_network_slice",
          "result": {
            "status": "success",
            "current": "URLLC"
          }
        },
        {
          "tool": "hover",
          "result": {
            "status": "initiated",
            "duration_s": 10.0
          }
        }
      ],
      "net": {
        "slice": "URLLC",
        "lat_ms": 6,
        "jitter_ms": 1,
        "loss_pct": 0.02,
        "throughput_mbps": 90,
        "edge_load": 0.35
      }
    },
    {
      "turn": 7,
      "speaker": "agent",
      "intent": "resume mission with reduced telemetry frequency",
      "actions": [
        {
          "type": "mcp",
          "name": "set_speed",
          "args": {
            "target_mps": 25.0
          }
        },
        {
          "type": "mcp",
          "name": "read_telemetry",
          "args": {}
        }
      ],
      "obs": [
        {
          "tool": "set_speed",
          "result": {
            "status": "updated",
            "target": 25.0
          }
        },
        {
          "tool": "read_telemetry",
          "result": {
            "pose": {
              "x": 7.2,
              "y": 7.2,
              "z": 12.0,
              "yaw": 92.0
            },
            "battery_pct": 98.5,
            "speed_mps": 0.0,
            "status": "hovering"
          }
        }
      ],
      "net": {
        "slice": "URLLC",
        "lat_ms": 7,
        "jitter_ms": 1,
        "loss_pct": 0.03,
        "throughput_mbps": 95,
        "edge_load": 0.33
      }
    },
    {
      "turn": 8,
      "speaker": "user",
      "intent": "resume route and enable thermal sensor",
      "actions": [
        {
          "type": "mcp",
          "name": "resume_route",
          "args": {}
        },
        {
          "type": "mcp",
          "name": "activate_sensor",
          "args": {
            "sensor": "thermal"
          }
        }
      ],
      "obs": [
        {
          "tool": "resume_route",
          "result": {
            "status": "resumed",
            "next_waypoint": [
              15.0,
              15.0
            ]
          }
        },
        {
          "tool": "activate_sensor",
          "result": {
            "sensor": "thermal",
            "status": "active"
          }
        }
      ],
      "net": {
        "slice": "URLLC",
        "lat_ms": 9,
        "jitter_ms": 2,
        "loss_pct": 0.08,
        "throughput_mbps": 100,
        "edge_load": 0.4
      }
    },
    {
      "turn": 9,
      "speaker": "agent",
      "intent": "perform final approach telemetry check",
      "actions": [
        {
          "type": "mcp",
          "name": "read_telemetry",
          "args": {}
        }
      ],
      "obs": [
        {
          "tool": "read_telemetry",
          "result": {
            "pose": {
              "x": 44.8,
              "y": 34.9,
              "z": 12.1,
              "yaw": 88.0
            },
            "battery_pct": 62.3,
            "speed_mps": 24.5,
            "status": "approaching"
          }
        }
      ],
      "net": {
        "slice": "URLLC",
        "lat_ms": 8,
        "jitter_ms": 1,
        "loss_pct": 0.04,
        "throughput_mbps": 110,
        "edge_load": 0.38
      }
    },
    {
      "turn": 10,
      "speaker": "user",
      "intent": "land at destination",
      "actions": [
        {
          "type": "mcp",
          "name": "land",
          "args": {
            "target": [
              45.0,
              35.0
            ]
          }
        }
      ],
      "obs": [
        {
          "tool": "land",
          "result": {
            "status": "completed",
            "final_pose": [
              45.0,
              35.0,
              2.0
            ],
            "battery_pct": 60.1
          }
        }
      ],
      "net": {
        "slice": "URLLC",
        "lat_ms": 7,
        "jitter_ms": 1,
        "loss_pct": 0.01,
        "throughput_mbps": 120,
        "edge_load": 0.3
      }
    }
  ],
  "final_state": {
    "domain": "uav",
    "time_s": 120.0,
    "env": {
      "weather": "dust",
      "wind_mps": 8.0,
      "wind_dir_deg": 135.0
    },
    "airspace": {
      "alt_bounds": [
        2.0,
        25.0
      ],
      "geofence": [
        {
          "type": "polygon",
          "points": [
            [
              0.0,
              0.0
            ],
            [
              50.0,
              0.0
            ],
            [
              50.0,
              40.0
            ],
            [
              0.0,
              40.0
            ]
          ]
        }
      ]
    },
    "uav": {
      "pose": {
        "x": 45.0,
        "y": 35.0,
        "z": 2.0,
        "yaw": 88.0
      },
      "speed_mps": 0.0,
      "energy": {
        "battery_pct": 60.1
      },
      "sensors": {
        "rgb": "ok",
        "thermal": "ok",
        "lidar": "ok",
        "radar": "offline",
        "gnss": "ok",
        "imu": "ok",
        "magnetometer": "ok",
        "barometer": "ok"
      },
      "payloads": []
    },
    "policy": {
      "alt_bounds": [
        2.0,
        25.0
      ]
    },
    "safety_flags": {
      "nfz_violation": false,
      "separation_breach": false
    }
  },
  "success": true,
  "_meta": {
    "seed": 42,
    "ts": 1763906656,
    "ts_iso": "2025-11-23T14:04:16Z",
    "gen_time_s": 40.76273703575134,
    "attempts_used": 1,
    "generation_failed": false,
    "usage": {
      "prompt_tokens": 1047,
      "completion_tokens": 3412,
      "total_tokens": 4459,
      "cost": 0.0028913,
      "is_byok": false,
      "prompt_tokens_details": {
        "cached_tokens": 624,
        "audio_tokens": 0,
        "video_tokens": 0
      },
      "cost_details": {
        "upstream_inference_cost": null,
        "upstream_inference_prompt_cost": 0.0001617,
        "upstream_inference_completions_cost": 0.0027296
      },
      "completion_tokens_details": {
        "reasoning_tokens": 0,
        "image_tokens": 0
      }
    }
  }
}