{
  "initial_state": {
    "domain": "uav",
    "time_s": 0.0,
    "env": {
      "weather": "hail",
      "wind_mps": 8.0,
      "wind_dir_deg": 270.0
    },
    "airspace": {
      "alt_bounds": [
        20.0,
        120.0
      ],
      "geofence": [
        {
          "type": "polygon",
          "points": [
            [
              0.0,
              0.0
            ],
            [
              800.0,
              0.0
            ],
            [
              800.0,
              600.0
            ],
            [
              0.0,
              600.0
            ]
          ]
        }
      ]
    },
    "uav": {
      "pose": {
        "x": 100.0,
        "y": 100.0,
        "z": 50.0,
        "yaw": 90.0
      },
      "speed_mps": 15.0,
      "energy": {
        "battery_pct": 100.0
      },
      "sensors": {
        "rgb": "ok",
        "thermal": "ok",
        "lidar": "offline",
        "radar": "offline",
        "gnss": "ok",
        "imu": "ok",
        "magnetometer": "ok",
        "barometer": "ok"
      },
      "payloads": []
    },
    "policy": {
      "alt_bounds": [
        20.0,
        120.0
      ]
    },
    "safety_flags": {
      "nfz_violation": false,
      "separation_breach": false
    }
  },
  "dialogue": [
    {
      "turn": 1,
      "speaker": "agent",
      "intent": "initiate mission under adverse weather",
      "actions": [
        {
          "type": "mcp",
          "name": "read_telemetry",
          "args": {}
        }
      ],
      "obs": [
        {
          "tool": "read_telemetry",
          "result": {
            "pose": {
              "x": 100.0,
              "y": 100.0,
              "z": 50.0,
              "yaw": 90.0
            },
            "speed_mps": 15.0,
            "battery_pct": 100.0
          }
        }
      ],
      "net": {
        "slice": "URLLC",
        "lat_ms": 3.2,
        "jitter_ms": 0.8,
        "loss_pct": 0.1,
        "throughput_mbps": 50,
        "edge_load": 0.35
      }
    },
    {
      "turn": 2,
      "speaker": "user",
      "intent": "confirm mission start and sensor status",
      "actions": [
        {
          "type": "mcp",
          "name": "check_sensors",
          "args": {}
        }
      ],
      "obs": [
        {
          "tool": "check_sensors",
          "result": {
            "status": "partial",
            "details": {
              "rgb": "ok",
              "thermal": "ok",
              "lidar": "offline",
              "radar": "offline"
            }
          }
        }
      ],
      "net": {
        "slice": "eMBB",
        "lat_ms": 12.5,
        "jitter_ms": 2.1,
        "loss_pct": 0.3,
        "throughput_mbps": 120,
        "edge_load": 0.65
      }
    },
    {
      "turn": 3,
      "speaker": "agent",
      "intent": "request swarm coordination for redundancy",
      "actions": [
        {
          "type": "a2a",
          "task": "collision_avoidance",
          "to": "uav_swarm_agent",
          "payload": {
            "current_pose": {
              "x": 100.0,
              "y": 100.0,
              "z": 50.0
            },
            "waypoints": [
              {
                "x": 400.0,
                "y": 300.0,
                "z": 60.0
              }
            ]
          }
        }
      ],
      "obs": [
        {
          "task": "collision_avoidance",
          "from": "uav_swarm_agent",
          "status": "ok",
          "payload": {
            "safe": true,
            "recommended_alt": 60.0
          }
        }
      ],
      "net": {
        "slice": "URLLC",
        "lat_ms": 4.1,
        "jitter_ms": 1.0,
        "loss_pct": 0.2,
        "throughput_mbps": 45,
        "edge_load": 0.4
      }
    },
    {
      "turn": 4,
      "speaker": "user",
      "intent": "approve altitude change and proceed",
      "actions": [
        {
          "type": "mcp",
          "name": "set_waypoint",
          "args": {
            "x": 400.0,
            "y": 300.0,
            "z": 60.0
          }
        }
      ],
      "obs": [
        {
          "tool": "set_waypoint",
          "result": {
            "status": "accepted",
            "eta_s": 28.5
          }
        }
      ],
      "net": {
        "slice": "eMBB",
        "lat_ms": 15.0,
        "jitter_ms": 3.0,
        "loss_pct": 1.5,
        "throughput_mbps": 100,
        "edge_load": 0.75
      }
    },
    {
      "turn": 5,
      "speaker": "agent",
      "intent": "monitor telemetry during transit under hail",
      "actions": [
        {
          "type": "mcp",
          "name": "read_telemetry",
          "args": {}
        }
      ],
      "obs": [
        {
          "tool": "read_telemetry",
          "result": {
            "pose": {
              "x": 250.0,
              "y": 200.0,
              "z": 60.0,
              "yaw": 90.0
            },
            "speed_mps": 14.2,
            "battery_pct": 96.8
          }
        }
      ],
      "net": {
        "slice": "URLLC",
        "lat_ms": 3.8,
        "jitter_ms": 0.9,
        "loss_pct": 0.1,
        "throughput_mbps": 52,
        "edge_load": 0.38
      }
    },
    {
      "turn": 6,
      "speaker": "user",
      "intent": "request thermal imaging despite weather",
      "actions": [
        {
          "type": "mcp",
          "name": "capture_thermal",
          "args": {
            "resolution": "high"
          }
        }
      ],
      "obs": [
        {
          "tool": "capture_thermal",
          "result": {
            "status": "success",
            "anomalies_detected": [
              {
                "type": "overheating_insulator",
                "x": 395.2,
                "y": 298.7,
                "confidence": 0.87
              }
            ]
          }
        }
      ],
      "net": {
        "slice": "eMBB",
        "lat_ms": 18.0,
        "jitter_ms": 4.2,
        "loss_pct": 2.0,
        "throughput_mbps": 80,
        "edge_load": 0.82
      }
    },
    {
      "turn": 7,
      "speaker": "agent",
      "intent": "detect network degradation and adapt",
      "actions": [
        {
          "type": "mcp",
          "name": "read_network_status",
          "args": {}
        }
      ],
      "obs": [
        {
          "tool": "read_network_status",
          "result": {
            "slice": "eMBB",
            "quality": "degraded",
            "recommendation": "switch to URLLC for control"
          }
        }
      ],
      "net": {
        "slice": "eMBB",
        "lat_ms": 25.0,
        "jitter_ms": 8.0,
        "loss_pct": 5.0,
        "throughput_mbps": 40,
        "edge_load": 0.9
      }
    },
    {
      "turn": 8,
      "speaker": "user",
      "intent": "switch to URLLC and reduce non-critical tasks",
      "actions": [
        {
          "type": "mcp",
          "name": "switch_network_slice",
          "args": {
            "target": "URLLC"
          }
        }
      ],
      "obs": [
        {
          "tool": "switch_network_slice",
          "result": {
            "status": "success",
            "new_slice": "URLLC",
            "lat_ms": 4.0
          }
        }
      ],
      "net": {
        "slice": "URLLC",
        "lat_ms": 4.0,
        "jitter_ms": 1.1,
        "loss_pct": 0.1,
        "throughput_mbps": 50,
        "edge_load": 0.42
      }
    },
    {
      "turn": 9,
      "speaker": "agent",
      "intent": "verify anomaly and prepare return",
      "actions": [
        {
          "type": "mcp",
          "name": "confirm_anomaly",
          "args": {
            "id": "overheating_insulator"
          }
        }
      ],
      "obs": [
        {
          "tool": "confirm_anomaly",
          "result": {
            "confirmed": true,
            "severity": "high"
          }
        }
      ],
      "net": {
        "slice": "URLLC",
        "lat_ms": 3.9,
        "jitter_ms": 0.9,
        "loss_pct": 0.1,
        "throughput_mbps": 48,
        "edge_load": 0.41
      }
    },
    {
      "turn": 10,
      "speaker": "user",
      "intent": "initiate return to base",
      "actions": [
        {
          "type": "mcp",
          "name": "set_waypoint",
          "args": {
            "x": 100.0,
            "y": 100.0,
            "z": 50.0
          }
        }
      ],
      "obs": [
        {
          "tool": "set_waypoint",
          "result": {
            "status": "accepted",
            "eta_s": 26.0
          }
        }
      ],
      "net": {
        "slice": "URLLC",
        "lat_ms": 4.2,
        "jitter_ms": 1.0,
        "loss_pct": 0.1,
        "throughput_mbps": 49,
        "edge_load": 0.39
      }
    }
  ],
  "final_state": {
    "domain": "uav",
    "time_s": 280.0,
    "env": {
      "weather": "hail",
      "wind_mps": 8.0,
      "wind_dir_deg": 270.0
    },
    "airspace": {
      "alt_bounds": [
        20.0,
        120.0
      ],
      "geofence": [
        {
          "type": "polygon",
          "points": [
            [
              0.0,
              0.0
            ],
            [
              800.0,
              0.0
            ],
            [
              800.0,
              600.0
            ],
            [
              0.0,
              600.0
            ]
          ]
        }
      ]
    },
    "uav": {
      "pose": {
        "x": 100.0,
        "y": 100.0,
        "z": 50.0,
        "yaw": 90.0
      },
      "speed_mps": 0.0,
      "energy": {
        "battery_pct": 88.5
      },
      "sensors": {
        "rgb": "ok",
        "thermal": "ok",
        "lidar": "offline",
        "radar": "offline",
        "gnss": "ok",
        "imu": "ok",
        "magnetometer": "ok",
        "barometer": "ok"
      },
      "payloads": [
        {
          "type": "thermal_data",
          "anomalies": [
            {
              "type": "overheating_insulator",
              "x": 395.2,
              "y": 298.7,
              "confidence": 0.87
            }
          ]
        }
      ]
    },
    "policy": {
      "alt_bounds": [
        20.0,
        120.0
      ]
    },
    "safety_flags": {
      "nfz_violation": false,
      "separation_breach": false
    }
  },
  "success": true,
  "_meta": {
    "seed": 42,
    "ts": 1764043617,
    "ts_iso": "2025-11-25T04:06:57Z",
    "gen_time_s": 102.32259202003479,
    "attempts_used": 2,
    "generation_failed": false,
    "usage": {
      "prompt_tokens": 1103,
      "completion_tokens": 3175,
      "total_tokens": 4278,
      "cost": 0.0027105,
      "is_byok": false,
      "prompt_tokens_details": {
        "cached_tokens": 656,
        "audio_tokens": 0,
        "video_tokens": 0
      },
      "cost_details": {
        "upstream_inference_cost": null,
        "upstream_inference_prompt_cost": 0.0001705,
        "upstream_inference_completions_cost": 0.00254
      },
      "completion_tokens_details": {
        "reasoning_tokens": 0,
        "image_tokens": 0
      }
    }
  }
}