{
  "initial_state": {
    "domain": "uav",
    "time_s": 0.0,
    "env": {
      "weather": "snow",
      "wind_mps": 8.5,
      "wind_dir_deg": 270.0
    },
    "airspace": {
      "alt_bounds": [
        10.0,
        180.0
      ],
      "geofence": [
        {
          "type": "polygon",
          "points": [
            [
              0,
              0
            ],
            [
              1000,
              0
            ],
            [
              1000,
              800
            ],
            [
              0,
              800
            ]
          ]
        }
      ]
    },
    "uav": {
      "pose": {
        "x": 50.0,
        "y": 50.0,
        "z": 15.0,
        "yaw": 90.0
      },
      "speed_mps": 28.0,
      "energy": {
        "battery_pct": 100.0
      },
      "sensors": {
        "rgb": "ok",
        "thermal": "ok",
        "lidar": "ok",
        "radar": "offline",
        "gnss": "ok",
        "imu": "ok",
        "magnetometer": "ok",
        "barometer": "ok"
      },
      "payloads": []
    },
    "policy": {
      "alt_bounds": [
        10.0,
        180.0
      ]
    },
    "safety_flags": {
      "nfz_violation": false,
      "separation_breach": false
    }
  },
  "dialogue": [
    {
      "turn": 1,
      "speaker": "agent",
      "intent": "initiate inspection mission under snow conditions",
      "actions": [
        {
          "type": "mcp",
          "name": "read_telemetry",
          "args": {}
        }
      ],
      "obs": [
        {
          "tool": "read_telemetry",
          "result": {
            "pose": {
              "x": 50.0,
              "y": 50.0,
              "z": 15.0
            },
            "battery_pct": 100.0,
            "speed_mps": 28.0
          }
        }
      ],
      "net": {
        "slice": "eMBB",
        "lat_ms": 12,
        "jitter_ms": 2,
        "loss_pct": 0.1,
        "throughput_mbps": 850,
        "edge_load": 0.45
      }
    },
    {
      "turn": 2,
      "speaker": "user",
      "intent": "confirm mission start and request altitude increase",
      "actions": [
        {
          "type": "mcp",
          "name": "set_altitude",
          "args": {
            "target_z": 120.0
          }
        }
      ],
      "obs": [
        {
          "tool": "set_altitude",
          "result": {
            "status": "accepted",
            "target_z": 120.0
          }
        }
      ],
      "net": {
        "slice": "eMBB",
        "lat_ms": 11,
        "jitter_ms": 1.8,
        "loss_pct": 0.05,
        "throughput_mbps": 900,
        "edge_load": 0.42
      }
    },
    {
      "turn": 3,
      "speaker": "agent",
      "intent": "execute climb and verify sensor status",
      "actions": [
        {
          "type": "mcp",
          "name": "execute_maneuver",
          "args": {
            "maneuver": "climb",
            "target_z": 120.0
          }
        },
        {
          "type": "mcp",
          "name": "check_sensors",
          "args": {}
        }
      ],
      "obs": [
        {
          "tool": "execute_maneuver",
          "result": {
            "status": "completed",
            "final_z": 120.0
          }
        },
        {
          "tool": "check_sensors",
          "result": {
            "radar": "failed",
            "thermal": "ok",
            "rgb": "ok"
          }
        }
      ],
      "net": {
        "slice": "URLLC",
        "lat_ms": 8,
        "jitter_ms": 0.9,
        "loss_pct": 0.02,
        "throughput_mbps": 120,
        "edge_load": 0.38
      }
    },
    {
      "turn": 4,
      "speaker": "user",
      "intent": "request swarm coordination for thermal scan",
      "actions": [
        {
          "type": "a2a",
          "task": "thermal_scan_coordinated",
          "to": "uav_swarm_agent",
          "payload": {
            "target_area": [
              [
                200,
                300
              ],
              [
                400,
                500
              ]
            ],
            "altitude": 120.0
          }
        }
      ],
      "obs": [
        {
          "task": "thermal_scan_coordinated",
          "from": "uav_swarm_agent",
          "status": "acknowledged",
          "payload": {
            "assigned_role": "primary_imager"
          }
        }
      ],
      "net": {
        "slice": "URLLC",
        "lat_ms": 7,
        "jitter_ms": 0.7,
        "loss_pct": 0.01,
        "throughput_mbps": 110,
        "edge_load": 0.35
      }
    },
    {
      "turn": 5,
      "speaker": "agent",
      "intent": "initiate thermal imaging with fallback plan",
      "actions": [
        {
          "type": "mcp",
          "name": "activate_sensor",
          "args": {
            "sensor": "thermal",
            "mode": "high_res"
          }
        }
      ],
      "obs": [
        {
          "tool": "activate_sensor",
          "result": {
            "sensor": "thermal",
            "status": "active",
            "mode": "high_res"
          }
        }
      ],
      "net": {
        "slice": "eMBB",
        "lat_ms": 15,
        "jitter_ms": 3,
        "loss_pct": 0.3,
        "throughput_mbps": 780,
        "edge_load": 0.52
      }
    },
    {
      "turn": 6,
      "speaker": "user",
      "intent": "report network fluctuation and request telemetry",
      "actions": [
        {
          "type": "mcp",
          "name": "read_telemetry",
          "args": {}
        }
      ],
      "obs": [
        {
          "tool": "read_telemetry",
          "result": {
            "pose": {
              "x": 210.0,
              "y": 315.0,
              "z": 120.0
            },
            "battery_pct": 94.2,
            "speed_mps": 22.0
          }
        }
      ],
      "net": {
        "slice": "mMTC",
        "lat_ms": 45,
        "jitter_ms": 12,
        "loss_pct": 2.1,
        "throughput_mbps": 1.2,
        "edge_load": 0.68
      }
    },
    {
      "turn": 7,
      "speaker": "agent",
      "intent": "adapt to degraded network by reducing data usage",
      "actions": [
        {
          "type": "mcp",
          "name": "set_sensor_mode",
          "args": {
            "sensor": "thermal",
            "mode": "low_res"
          }
        }
      ],
      "obs": [
        {
          "tool": "set_sensor_mode",
          "result": {
            "sensor": "thermal",
            "mode": "low_res",
            "bandwidth_saved_mbps": 120
          }
        }
      ],
      "net": {
        "slice": "mMTC",
        "lat_ms": 52,
        "jitter_ms": 15,
        "loss_pct": 3.4,
        "throughput_mbps": 0.8,
        "edge_load": 0.75
      }
    },
    {
      "turn": 8,
      "speaker": "user",
      "intent": "authorize return to base due to battery and weather",
      "actions": [
        {
          "type": "mcp",
          "name": "set_waypoint",
          "args": {
            "x": 50.0,
            "y": 50.0,
            "z": 15.0
          }
        }
      ],
      "obs": [
        {
          "tool": "set_waypoint",
          "result": {
            "status": "queued",
            "waypoint": {
              "x": 50.0,
              "y": 50.0,
              "z": 15.0
            }
          }
        }
      ],
      "net": {
        "slice": "URLLC",
        "lat_ms": 9,
        "jitter_ms": 1.1,
        "loss_pct": 0.08,
        "throughput_mbps": 100,
        "edge_load": 0.41
      }
    },
    {
      "turn": 9,
      "speaker": "agent",
      "intent": "execute return and conserve power",
      "actions": [
        {
          "type": "mcp",
          "name": "execute_maneuver",
          "args": {
            "maneuver": "return_to_base"
          }
        },
        {
          "type": "mcp",
          "name": "deactivate_sensor",
          "args": {
            "sensor": "thermal"
          }
        }
      ],
      "obs": [
        {
          "tool": "execute_maneuver",
          "result": {
            "status": "in_progress",
            "target": "home"
          }
        },
        {
          "tool": "deactivate_sensor",
          "result": {
            "sensor": "thermal",
            "status": "off"
          }
        }
      ],
      "net": {
        "slice": "URLLC",
        "lat_ms": 7,
        "jitter_ms": 0.8,
        "loss_pct": 0.03,
        "throughput_mbps": 130,
        "edge_load": 0.39
      }
    },
    {
      "turn": 10,
      "speaker": "user",
      "intent": "verify safe landing and data offload",
      "actions": [
        {
          "type": "mcp",
          "name": "confirm_landing",
          "args": {}
        }
      ],
      "obs": [
        {
          "tool": "confirm_landing",
          "result": {
            "status": "confirmed",
            "final_pose": {
              "x": 50.0,
              "y": 50.0,
              "z": 15.0
            },
            "battery_pct": 88.7
          }
        }
      ],
      "net": {
        "slice": "eMBB",
        "lat_ms": 13,
        "jitter_ms": 2.1,
        "loss_pct": 0.12,
        "throughput_mbps": 820,
        "edge_load": 0.44
      }
    }
  ],
  "final_state": {
    "domain": "uav",
    "time_s": 0.0,
    "env": {
      "weather": "snow",
      "wind_mps": 8.5,
      "wind_dir_deg": 270.0
    },
    "airspace": {
      "alt_bounds": [
        10.0,
        180.0
      ],
      "geofence": [
        {
          "type": "polygon",
          "points": [
            [
              0,
              0
            ],
            [
              1000,
              0
            ],
            [
              1000,
              800
            ],
            [
              0,
              800
            ]
          ]
        }
      ]
    },
    "uav": {
      "pose": {
        "x": 50.0,
        "y": 50.0,
        "z": 15.0,
        "yaw": 90.0
      },
      "speed_mps": 0.0,
      "energy": {
        "battery_pct": 88.7
      },
      "sensors": {
        "rgb": "ok",
        "thermal": "ok",
        "lidar": "ok",
        "radar": "offline",
        "gnss": "ok",
        "imu": "ok",
        "magnetometer": "ok",
        "barometer": "ok"
      },
      "payloads": []
    },
    "policy": {
      "alt_bounds": [
        10.0,
        180.0
      ]
    },
    "safety_flags": {
      "nfz_violation": false,
      "separation_breach": false
    }
  },
  "success": true,
  "_meta": {
    "seed": 42,
    "ts": 1763744657,
    "ts_iso": "2025-11-21T17:04:17Z",
    "gen_time_s": 122.82089447975159,
    "attempts_used": 2,
    "generation_failed": false,
    "usage": {
      "prompt_tokens": 1088,
      "completion_tokens": 3118,
      "total_tokens": 4206,
      "cost": 0.00266688,
      "is_byok": false,
      "prompt_tokens_details": {
        "cached_tokens": 608,
        "audio_tokens": 0,
        "video_tokens": 0
      },
      "cost_details": {
        "upstream_inference_cost": null,
        "upstream_inference_prompt_cost": 0.00017248,
        "upstream_inference_completions_cost": 0.0024944
      },
      "completion_tokens_details": {
        "reasoning_tokens": 0,
        "image_tokens": 0
      }
    }
  }
}