{
  "initial_state": {
    "domain": "uav",
    "time_s": 0.0,
    "env": {
      "weather": "rain",
      "wind_mps": 3.0,
      "wind_dir_deg": 180.0
    },
    "airspace": {
      "alt_bounds": [
        0.5,
        15.0
      ],
      "geofence": [
        {
          "type": "polygon",
          "points": [
            [
              0.0,
              0.0
            ],
            [
              20.0,
              0.0
            ],
            [
              20.0,
              30.0
            ],
            [
              0.0,
              30.0
            ]
          ]
        }
      ]
    },
    "uav": {
      "pose": {
        "x": 2.0,
        "y": 2.0,
        "z": 1.0,
        "yaw": 90.0
      },
      "speed_mps": 25.0,
      "energy": {
        "battery_pct": 100.0
      },
      "sensors": {
        "rgb": "ok",
        "thermal": "offline",
        "lidar": "ok",
        "radar": "offline",
        "gnss": "ok",
        "imu": "ok",
        "magnetometer": "ok",
        "barometer": "ok"
      },
      "payloads": []
    },
    "policy": {
      "alt_bounds": [
        0.5,
        15.0
      ]
    },
    "safety_flags": {
      "nfz_violation": false,
      "separation_breach": false
    }
  },
  "dialogue": [
    {
      "turn": 1,
      "speaker": "agent",
      "intent": "initiate_inspection_mission",
      "actions": [
        {
          "type": "mcp",
          "name": "read_telemetry",
          "args": {}
        },
        {
          "type": "a2a",
          "task": "request_weather_update",
          "to": "weather_agent",
          "payload": {
            "location": {
              "x": 2.0,
              "y": 2.0
            }
          }
        }
      ],
      "obs": [
        {
          "tool": "read_telemetry",
          "result": {
            "pose": {
              "x": 2.0,
              "y": 2.0,
              "z": 1.0
            },
            "battery_pct": 100.0,
            "speed_mps": 25.0
          }
        },
        {
          "task": "request_weather_update",
          "from": "weather_agent",
          "status": "ok",
          "payload": {
            "weather": "rain",
            "precip_intensity": 5.2
          }
        }
      ],
      "net": {
        "slice": "eMBB",
        "lat_ms": 12,
        "jitter_ms": 2,
        "loss_pct": 0.1,
        "throughput_mbps": 850,
        "edge_load": 0.35
      }
    },
    {
      "turn": 2,
      "speaker": "user",
      "intent": "approve_hover_inspection",
      "actions": [
        {
          "type": "mcp",
          "name": "set_inspection_mode",
          "args": {
            "mode": "hover",
            "target": {
              "x": 10.0,
              "y": 15.0,
              "z": 5.0
            }
          }
        }
      ],
      "obs": [
        {
          "tool": "set_inspection_mode",
          "result": {
            "status": "accepted",
            "target": {
              "x": 10.0,
              "y": 15.0,
              "z": 5.0
            }
          }
        }
      ],
      "net": {
        "slice": "eMBB",
        "lat_ms": 14,
        "jitter_ms": 3,
        "loss_pct": 0.2,
        "throughput_mbps": 800,
        "edge_load": 0.4
      }
    },
    {
      "turn": 3,
      "speaker": "agent",
      "intent": "navigate_to_target",
      "actions": [
        {
          "type": "mcp",
          "name": "plan_path",
          "args": {
            "start": {
              "x": 2.0,
              "y": 2.0,
              "z": 1.0
            },
            "goal": {
              "x": 10.0,
              "y": 15.0,
              "z": 5.0
            },
            "obstacles": []
          }
        }
      ],
      "obs": [
        {
          "tool": "plan_path",
          "result": {
            "path": [
              [
                2.0,
                2.0,
                1.0
              ],
              [
                6.0,
                8.0,
                3.0
              ],
              [
                10.0,
                15.0,
                5.0
              ]
            ],
            "clearance": 2.1
          }
        }
      ],
      "net": {
        "slice": "URLLC",
        "lat_ms": 8,
        "jitter_ms": 1,
        "loss_pct": 0.05,
        "throughput_mbps": 100,
        "edge_load": 0.2
      }
    },
    {
      "turn": 4,
      "speaker": "user",
      "intent": "confirm_path_execution",
      "actions": [
        {
          "type": "mcp",
          "name": "execute_path",
          "args": {
            "path_id": "path_001"
          }
        }
      ],
      "obs": [
        {
          "tool": "execute_path",
          "result": {
            "status": "in_progress",
            "eta_s": 23.5
          }
        }
      ],
      "net": {
        "slice": "URLLC",
        "lat_ms": 9,
        "jitter_ms": 1.2,
        "loss_pct": 0.1,
        "throughput_mbps": 95,
        "edge_load": 0.25
      }
    },
    {
      "turn": 5,
      "speaker": "agent",
      "intent": "monitor_execution_and_environment",
      "actions": [
        {
          "type": "mcp",
          "name": "read_telemetry",
          "args": {}
        },
        {
          "type": "a2a",
          "task": "collision_avoidance_check",
          "to": "uav_swarm_agent",
          "payload": {
            "current_pose": {
              "x": 6.0,
              "y": 8.0,
              "z": 3.0
            }
          }
        }
      ],
      "obs": [
        {
          "tool": "read_telemetry",
          "result": {
            "pose": {
              "x": 6.0,
              "y": 8.0,
              "z": 3.0
            },
            "battery_pct": 98.7,
            "speed_mps": 22.1
          }
        },
        {
          "task": "collision_avoidance_check",
          "from": "uav_swarm_agent",
          "status": "ok",
          "payload": {
            "threat_level": 0,
            "recommended_action": "proceed"
          }
        }
      ],
      "net": {
        "slice": "URLLC",
        "lat_ms": 7,
        "jitter_ms": 0.8,
        "loss_pct": 0.08,
        "throughput_mbps": 110,
        "edge_load": 0.18
      }
    },
    {
      "turn": 6,
      "speaker": "user",
      "intent": "request_thermal_diagnostic",
      "actions": [
        {
          "type": "mcp",
          "name": "diagnose_sensor",
          "args": {
            "sensor": "thermal"
          }
        }
      ],
      "obs": [
        {
          "tool": "diagnose_sensor",
          "result": {
            "sensor": "thermal",
            "status": "faulty",
            "error": "thermal_core_timeout"
          }
        }
      ],
      "net": {
        "slice": "mMTC",
        "lat_ms": 200,
        "jitter_ms": 50,
        "loss_pct": 2.5,
        "throughput_mbps": 1.2,
        "edge_load": 0.75
      }
    },
    {
      "turn": 7,
      "speaker": "agent",
      "intent": "adapt_inspection_plan_due_to_sensor_failure",
      "actions": [
        {
          "type": "mcp",
          "name": "activate_sensor",
          "args": {
            "sensor": "lidar"
          }
        },
        {
          "type": "a2a",
          "task": "request_data_fusion",
          "to": "perception_agent",
          "payload": {
            "primary_sensor": "lidar",
            "fallback": "rgb"
          }
        }
      ],
      "obs": [
        {
          "tool": "activate_sensor",
          "result": {
            "sensor": "lidar",
            "status": "activated"
          }
        },
        {
          "task": "request_data_fusion",
          "from": "perception_agent",
          "status": "ok",
          "payload": {
            "fusion_method": "point_cloud_rgb_blend",
            "confidence": 0.87
          }
        }
      ],
      "net": {
        "slice": "URLLC",
        "lat_ms": 10,
        "jitter_ms": 1.5,
        "loss_pct": 0.12,
        "throughput_mbps": 90,
        "edge_load": 0.3
      }
    },
    {
      "turn": 8,
      "speaker": "user",
      "intent": "proceed_with_lidar_inspection",
      "actions": [
        {
          "type": "mcp",
          "name": "capture_inspection_data",
          "args": {
            "sensor": "lidar",
            "duration_s": 10
          }
        }
      ],
      "obs": [
        {
          "tool": "capture_inspection_data",
          "result": {
            "status": "completed",
            "data_points": 125000,
            "quality": "high"
          }
        }
      ],
      "net": {
        "slice": "eMBB",
        "lat_ms": 15,
        "jitter_ms": 3,
        "loss_pct": 0.3,
        "throughput_mbps": 780,
        "edge_load": 0.45
      }
    },
    {
      "turn": 9,
      "speaker": "agent",
      "intent": "return_to_home",
      "actions": [
        {
          "type": "mcp",
          "name": "plan_path",
          "args": {
            "start": {
              "x": 10.0,
              "y": 15.0,
              "z": 5.0
            },
            "goal": {
              "x": 2.0,
              "y": 2.0,
              "z": 1.0
            }
          }
        }
      ],
      "obs": [
        {
          "tool": "plan_path",
          "result": {
            "path": [
              [
                10.0,
                15.0,
                5.0
              ],
              [
                5.0,
                8.0,
                3.0
              ],
              [
                2.0,
                2.0,
                1.0
              ]
            ],
            "clearance": 2.3
          }
        }
      ],
      "net": {
        "slice": "URLLC",
        "lat_ms": 8,
        "jitter_ms": 1,
        "loss_pct": 0.07,
        "throughput_mbps": 105,
        "edge_load": 0.22
      }
    },
    {
      "turn": 10,
      "speaker": "user",
      "intent": "authorize_return",
      "actions": [
        {
          "type": "mcp",
          "name": "execute_path",
          "args": {
            "path_id": "return_001"
          }
        }
      ],
      "obs": [
        {
          "tool": "execute_path",
          "result": {
            "status": "completed",
            "duration_s": 21.0,
            "battery_used_pct": 1.8
          }
        }
      ],
      "net": {
        "slice": "URLLC",
        "lat_ms": 9,
        "jitter_ms": 1.1,
        "loss_pct": 0.09,
        "throughput_mbps": 100,
        "edge_load": 0.24
      }
    }
  ],
  "final_state": {
    "domain": "uav",
    "time_s": 65.0,
    "env": {
      "weather": "rain",
      "wind_mps": 3.0,
      "wind_dir_deg": 180.0
    },
    "airspace": {
      "alt_bounds": [
        0.5,
        15.0
      ],
      "geofence": [
        {
          "type": "polygon",
          "points": [
            [
              0.0,
              0.0
            ],
            [
              20.0,
              0.0
            ],
            [
              20.0,
              30.0
            ],
            [
              0.0,
              30.0
            ]
          ]
        }
      ]
    },
    "uav": {
      "pose": {
        "x": 2.0,
        "y": 2.0,
        "z": 1.0,
        "yaw": 90.0
      },
      "speed_mps": 0.0,
      "energy": {
        "battery_pct": 97.5
      },
      "sensors": {
        "rgb": "ok",
        "thermal": "offline",
        "lidar": "ok",
        "radar": "offline",
        "gnss": "ok",
        "imu": "ok",
        "magnetometer": "ok",
        "barometer": "ok"
      },
      "payloads": []
    },
    "policy": {
      "alt_bounds": [
        0.5,
        15.0
      ]
    },
    "safety_flags": {
      "nfz_violation": false,
      "separation_breach": false
    }
  },
  "success": true,
  "_meta": {
    "seed": 42,
    "ts": 1763876388,
    "ts_iso": "2025-11-23T05:39:48Z",
    "gen_time_s": 40.60845160484314,
    "attempts_used": 1,
    "generation_failed": false,
    "usage": {
      "prompt_tokens": 1045,
      "completion_tokens": 3512,
      "total_tokens": 4557,
      "cost": 0.00297262,
      "is_byok": false,
      "prompt_tokens_details": {
        "cached_tokens": 608,
        "audio_tokens": 0,
        "video_tokens": 0
      },
      "cost_details": {
        "upstream_inference_cost": null,
        "upstream_inference_prompt_cost": 0.00016302,
        "upstream_inference_completions_cost": 0.0028096
      },
      "completion_tokens_details": {
        "reasoning_tokens": 0,
        "image_tokens": 0
      }
    }
  }
}