{
  "initial_state": {
    "domain": "uav",
    "time_s": 0.0,
    "env": {
      "weather": "hail,gusts,crosswind_strong",
      "wind_mps": 8.0,
      "wind_dir_deg": 270.0
    },
    "airspace": {
      "alt_bounds": [
        20.0,
        180.0
      ],
      "geofence": [
        {
          "type": "polygon",
          "points": [
            [
              0.0,
              0.0
            ],
            [
              300.0,
              0.0
            ],
            [
              300.0,
              400.0
            ],
            [
              0.0,
              400.0
            ]
          ]
        }
      ]
    },
    "uav": {
      "pose": {
        "x": 50.0,
        "y": 50.0,
        "z": 25.0,
        "yaw": 90.0
      },
      "speed_mps": 35.0,
      "energy": {
        "battery_pct": 100.0
      },
      "sensors": {
        "rgb": "ok",
        "thermal": "ok",
        "lidar": "offline",
        "radar": "ok",
        "gnss": "ok",
        "imu": "ok",
        "magnetometer": "ok",
        "barometer": "ok"
      },
      "payloads": [
        {
          "type": "parcel_delivery_system",
          "category": "delivery_package",
          "mass_kg": 15.0,
          "power_W": 50,
          "drag_cdA": 0.1,
          "mount": "bay",
          "data": {
            "stream": "telemetry",
            "bitrate_mbps": 0.1,
            "storage_GB": 16
          },
          "constraints": {
            "min_alt_m": 30,
            "max_alt_m": 150,
            "day_night": "both",
            "weather_ok": [
              "clear",
              "light_rain",
              "hail"
            ]
          }
        },
        {
          "type": "lidar",
          "category": "imaging_advanced",
          "mass_kg": 3.5,
          "power_W": 80,
          "drag_cdA": 0.05,
          "mount": "gimbal",
          "data": {
            "stream": "pointcloud",
            "bitrate_mbps": 120,
            "storage_GB": 256
          },
          "operating": {
            "fov_deg": 360,
            "range_m": 150,
            "resolution": "1024x768@10",
            "wavelength": "905nm"
          },
          "constraints": {
            "min_alt_m": 40,
            "max_alt_m": 120,
            "day_night": "both"
          }
        }
      ]
    },
    "policy": {
      "alt_bounds": [
        20.0,
        180.0
      ]
    },
    "safety_flags": {
      "nfz_violation": false,
      "separation_breach": false
    }
  },
  "dialogue": [
    {
      "turn": 1,
      "speaker": "agent",
      "intent": "initiate mission and check telemetry",
      "actions": [
        {
          "type": "mcp",
          "name": "read_telemetry",
          "args": {}
        }
      ],
      "obs": [
        {
          "tool": "read_telemetry",
          "result": {
            "pose": {
              "x": 50.0,
              "y": 50.0,
              "z": 25.0
            },
            "battery_pct": 100.0,
            "speed_mps": 35.0
          }
        }
      ],
      "net": {
        "slice": "URLLC",
        "lat_ms": 3,
        "jitter_ms": 0.5,
        "loss_pct": 0.01,
        "throughput_mbps": 50,
        "edge_load": 0.3
      }
    },
    {
      "turn": 2,
      "speaker": "user",
      "intent": "confirm mission start and request lidar activation",
      "actions": [
        {
          "type": "mcp",
          "name": "activate_sensor",
          "args": {
            "sensor": "lidar"
          }
        }
      ],
      "obs": [
        {
          "tool": "activate_sensor",
          "result": {
            "sensor": "lidar",
            "status": "failed",
            "reason": "altitude below minimum threshold for lidar operation"
          }
        }
      ],
      "net": {
        "slice": "eMBB",
        "lat_ms": 12,
        "jitter_ms": 2.1,
        "loss_pct": 0.05,
        "throughput_mbps": 100,
        "edge_load": 0.6
      }
    },
    {
      "turn": 3,
      "speaker": "agent",
      "intent": "ascend to safe altitude for lidar",
      "actions": [
        {
          "type": "mcp",
          "name": "set_waypoint",
          "args": {
            "x": 50.0,
            "y": 50.0,
            "z": 120.0
          }
        }
      ],
      "obs": [
        {
          "tool": "set_waypoint",
          "result": {
            "status": "accepted",
            "eta_s": 25
          }
        }
      ],
      "net": {
        "slice": "URLLC",
        "lat_ms": 4,
        "jitter_ms": 0.7,
        "loss_pct": 0.02,
        "throughput_mbps": 45,
        "edge_load": 0.4
      }
    },
    {
      "turn": 4,
      "speaker": "user",
      "intent": "request swarm coordination for path optimization",
      "actions": [
        {
          "type": "a2a",
          "task": "path_optimization",
          "to": "uav_swarm_agent",
          "payload": {
            "current_pose": {
              "x": 50.0,
              "y": 50.0,
              "z": 80.0
            },
            "destination": {
              "x": 250.0,
              "y": 350.0,
              "z": 100.0
            }
          }
        }
      ],
      "obs": [
        {
          "task": "path_optimization",
          "from": "uav_swarm_agent",
          "status": "ok",
          "payload": {
            "optimized_route": [
              {
                "x": 50.0,
                "y": 50.0,
                "z": 120.0
              },
              {
                "x": 150.0,
                "y": 200.0,
                "z": 110.0
              },
              {
                "x": 250.0,
                "y": 350.0,
                "z": 100.0
              }
            ],
            "eta_s": 68
          }
        }
      ],
      "net": {
        "slice": "URLLC",
        "lat_ms": 5,
        "jitter_ms": 0.8,
        "loss_pct": 0.03,
        "throughput_mbps": 40,
        "edge_load": 0.5
      }
    },
    {
      "turn": 5,
      "speaker": "agent",
      "intent": "activate lidar after reaching altitude",
      "actions": [
        {
          "type": "mcp",
          "name": "activate_sensor",
          "args": {
            "sensor": "lidar"
          }
        }
      ],
      "obs": [
        {
          "tool": "activate_sensor",
          "result": {
            "sensor": "lidar",
            "status": "active",
            "stream": "pointcloud",
            "bitrate_mbps": 120
          }
        }
      ],
      "net": {
        "slice": "eMBB",
        "lat_ms": 15,
        "jitter_ms": 3.0,
        "loss_pct": 0.1,
        "throughput_mbps": 90,
        "edge_load": 0.7
      }
    },
    {
      "turn": 6,
      "speaker": "user",
      "intent": "report network degradation and request fallback",
      "actions": [
        {
          "type": "mcp",
          "name": "check_network",
          "args": {}
        }
      ],
      "obs": [
        {
          "tool": "check_network",
          "result": {
            "status": "degraded",
            "cause": "hail interference",
            "recommended_slice": "URLLC"
          }
        }
      ],
      "net": {
        "slice": "eMBB",
        "lat_ms": 45,
        "jitter_ms": 12.0,
        "loss_pct": 5.0,
        "throughput_mbps": 20,
        "edge_load": 0.9
      }
    },
    {
      "turn": 7,
      "speaker": "agent",
      "intent": "switch to URLLC and reduce lidar bitrate",
      "actions": [
        {
          "type": "mcp",
          "name": "configure_network",
          "args": {
            "target_slice": "URLLC"
          }
        },
        {
          "type": "mcp",
          "name": "adjust_payload_stream",
          "args": {
            "payload": "lidar",
            "bitrate_mbps": 30
          }
        }
      ],
      "obs": [
        {
          "tool": "configure_network",
          "result": {
            "slice": "URLLC",
            "status": "applied"
          }
        },
        {
          "tool": "adjust_payload_stream",
          "result": {
            "payload": "lidar",
            "bitrate_mbps": 30,
            "status": "adjusted"
          }
        }
      ],
      "net": {
        "slice": "URLLC",
        "lat_ms": 6,
        "jitter_ms": 1.0,
        "loss_pct": 0.04,
        "throughput_mbps": 50,
        "edge_load": 0.5
      }
    },
    {
      "turn": 8,
      "speaker": "user",
      "intent": "authorize delivery sequence",
      "actions": [
        {
          "type": "mcp",
          "name": "authorize_delivery",
          "args": {
            "waypoint": {
              "x": 250.0,
              "y": 350.0,
              "z": 100.0
            }
          }
        }
      ],
      "obs": [
        {
          "tool": "authorize_delivery",
          "result": {
            "status": "authorized",
            "delivery_id": "DLV-8821"
          }
        }
      ],
      "net": {
        "slice": "URLLC",
        "lat_ms": 5,
        "jitter_ms": 0.9,
        "loss_pct": 0.02,
        "throughput_mbps": 55,
        "edge_load": 0.4
      }
    },
    {
      "turn": 9,
      "speaker": "agent",
      "intent": "execute delivery approach",
      "actions": [
        {
          "type": "mcp",
          "name": "set_waypoint",
          "args": {
            "x": 250.0,
            "y": 350.0,
            "z": 100.0
          }
        }
      ],
      "obs": [
        {
          "tool": "set_waypoint",
          "result": {
            "status": "reached",
            "time_s": 68.3
          }
        }
      ],
      "net": {
        "slice": "URLLC",
        "lat_ms": 4,
        "jitter_ms": 0.6,
        "loss_pct": 0.01,
        "throughput_mbps": 60,
        "edge_load": 0.3
      }
    },
    {
      "turn": 10,
      "speaker": "user",
      "intent": "confirm safe delivery and initiate return",
      "actions": [
        {
          "type": "mcp",
          "name": "execute_delivery",
          "args": {}
        }
      ],
      "obs": [
        {
          "tool": "execute_delivery",
          "result": {
            "status": "success",
            "package_released": true,
            "battery_pct": 76.0
          }
        }
      ],
      "net": {
        "slice": "URLLC",
        "lat_ms": 5,
        "jitter_ms": 0.8,
        "loss_pct": 0.02,
        "throughput_mbps": 58,
        "edge_load": 0.35
      }
    },
    {
      "turn": 11,
      "speaker": "agent",
      "intent": "return to base and deactivate sensors",
      "actions": [
        {
          "type": "mcp",
          "name": "set_waypoint",
          "args": {
            "x": 50.0,
            "y": 50.0,
            "z": 25.0
          }
        },
        {
          "type": "mcp",
          "name": "deactivate_sensor",
          "args": {
            "sensor": "lidar"
          }
        }
      ],
      "obs": [
        {
          "tool": "set_waypoint",
          "result": {
            "status": "en_route",
            "eta_s": 32
          }
        },
        {
          "tool": "deactivate_sensor",
          "result": {
            "sensor": "lidar",
            "status": "deactivated"
          }
        }
      ],
      "net": {
        "slice": "URLLC",
        "lat_ms": 4,
        "jitter_ms": 0.5,
        "loss_pct": 0.01,
        "throughput_mbps": 65,
        "edge_load": 0.2
      }
    }
  ],
  "final_state": {
    "domain": "uav",
    "time_s": 120.5,
    "env": {
      "weather": "hail,gusts,crosswind_strong",
      "wind_mps": 8.0,
      "wind_dir_deg": 270.0
    },
    "airspace": {
      "alt_bounds": [
        20.0,
        180.0
      ],
      "geofence": [
        {
          "type": "polygon",
          "points": [
            [
              0.0,
              0.0
            ],
            [
              300.0,
              0.0
            ],
            [
              300.0,
              400.0
            ],
            [
              0.0,
              400.0
            ]
          ]
        }
      ]
    },
    "uav": {
      "pose": {
        "x": 120.0,
        "y": 180.0,
        "z": 65.0,
        "yaw": 90.0
      },
      "speed_mps": 30.0,
      "energy": {
        "battery_pct": 72.0
      },
      "sensors": {
        "rgb": "ok",
        "thermal": "ok",
        "lidar": "offline",
        "radar": "ok",
        "gnss": "ok",
        "imu": "ok",
        "magnetometer": "ok",
        "barometer": "ok"
      },
      "payloads": [
        {
          "type": "parcel_delivery_system",
          "category": "delivery_package",
          "mass_kg": 0.0,
          "power_W": 0,
          "drag_cdA": 0.0,
          "mount": "bay",
          "data": {
            "stream": "telemetry",
            "bitrate_mbps": 0.1,
            "storage_GB": 16
          },
          "constraints": {
            "min_alt_m": 30,
            "max_alt_m": 150,
            "day_night": "both",
            "weather_ok": [
              "clear",
              "light_rain",
              "hail"
            ]
          }
        },
        {
          "type": "lidar",
          "category": "imaging_advanced",
          "mass_kg": 3.5,
          "power_W": 0,
          "drag_cdA": 0.05,
          "mount": "gimbal",
          "data": {
            "stream": "pointcloud",
            "bitrate_mbps": 0,
            "storage_GB": 256
          },
          "operating": {
            "fov_deg": 360,
            "range_m": 150,
            "resolution": "1024x768@10",
            "wavelength": "905nm"
          },
          "constraints": {
            "min_alt_m": 40,
            "max_alt_m": 120,
            "day_night": "both"
          }
        }
      ]
    },
    "policy": {
      "alt_bounds": [
        20.0,
        180.0
      ]
    },
    "safety_flags": {
      "nfz_violation": false,
      "separation_breach": false
    }
  },
  "success": true,
  "_meta": {
    "seed": 42,
    "ts": 1763738619,
    "ts_iso": "2025-11-21T15:23:39Z",
    "gen_time_s": 221.72129940986633,
    "attempts_used": 3,
    "generation_failed": false,
    "usage": {
      "prompt_tokens": 1439,
      "completion_tokens": 4181,
      "total_tokens": 5620,
      "cost": 0.0035945,
      "is_byok": false,
      "prompt_tokens_details": {
        "cached_tokens": 608,
        "audio_tokens": 0,
        "video_tokens": 0
      },
      "cost_details": {
        "upstream_inference_cost": null,
        "upstream_inference_prompt_cost": 0.0002497,
        "upstream_inference_completions_cost": 0.0033448
      },
      "completion_tokens_details": {
        "reasoning_tokens": 0,
        "image_tokens": 0
      }
    }
  }
}