{
  "initial_state": {
    "domain": "uav",
    "time_s": 0.0,
    "env": {
      "weather": "microburst_risk",
      "wind_mps": 8.5,
      "wind_dir_deg": 240.0
    },
    "airspace": {
      "alt_bounds": [
        10.0,
        150.0
      ],
      "geofence": [
        {
          "type": "polygon",
          "points": [
            [
              1000,
              1000
            ],
            [
              3000,
              1000
            ],
            [
              3000,
              2800
            ],
            [
              1000,
              2800
            ]
          ]
        }
      ]
    },
    "uav": {
      "pose": {
        "x": 1100.0,
        "y": 1150.0,
        "z": 50.0,
        "yaw": 85.0
      },
      "speed_mps": 22.0,
      "energy": {
        "battery_pct": 100.0
      },
      "sensors": {
        "rgb": "ok",
        "thermal": "offline",
        "lidar": "ok",
        "radar": "offline",
        "gnss": "ok",
        "imu": "ok",
        "magnetometer": "ok",
        "barometer": "ok"
      },
      "payloads": []
    },
    "policy": {
      "alt_bounds": [
        10.0,
        150.0
      ]
    },
    "safety_flags": {
      "nfz_violation": false,
      "separation_breach": false
    }
  },
  "dialogue": [
    {
      "turn": 1,
      "speaker": "agent",
      "intent": "initiate_inspection_mission",
      "actions": [
        {
          "type": "mcp",
          "name": "read_telemetry",
          "args": {}
        },
        {
          "type": "a2a",
          "task": "request_weather_update",
          "to": "weather_agent",
          "payload": {
            "location": [
              1100,
              1150
            ],
            "horizon": 300
          }
        }
      ],
      "obs": [
        {
          "tool": "read_telemetry",
          "result": {
            "pose": {
              "x": 1100.0,
              "y": 1150.0,
              "z": 50.0
            },
            "battery_pct": 100.0,
            "speed_mps": 22.0
          }
        },
        {
          "task": "request_weather_update",
          "from": "weather_agent",
          "status": "ok",
          "payload": {
            "risk_level": "high",
            "predicted_gusts": 18.0,
            "next_update": 60
          }
        }
      ],
      "net": {
        "slice": "eMBB",
        "lat_ms": 12,
        "jitter_ms": 2,
        "loss_pct": 0.1,
        "throughput_mbps": 850,
        "edge_load": 0.35
      }
    },
    {
      "turn": 2,
      "speaker": "user",
      "intent": "approve_altitude_adjustment",
      "actions": [
        {
          "type": "mcp",
          "name": "set_altitude",
          "args": {
            "target_z": 75.0
          }
        }
      ],
      "obs": [
        {
          "tool": "set_altitude",
          "result": {
            "status": "accepted",
            "target_z": 75.0,
            "estimated_time_s": 8.2
          }
        }
      ],
      "net": {
        "slice": "eMBB",
        "lat_ms": 11,
        "jitter_ms": 1.8,
        "loss_pct": 0.05,
        "throughput_mbps": 900,
        "edge_load": 0.32
      }
    },
    {
      "turn": 3,
      "speaker": "agent",
      "intent": "ascend_to_safe_altitude",
      "actions": [
        {
          "type": "mcp",
          "name": "execute_maneuver",
          "args": {
            "maneuver": "climb",
            "target_z": 75.0,
            "rate_mps": 3.0
          }
        },
        {
          "type": "a2a",
          "task": "broadcast_position",
          "to": "uav_swarm_agent",
          "payload": {
            "uav_id": "uav-7",
            "pose": {
              "x": 1100.0,
              "y": 1150.0,
              "z": 50.0
            },
            "timestamp": 1.5
          }
        }
      ],
      "obs": [
        {
          "tool": "execute_maneuver",
          "result": {
            "status": "in_progress",
            "current_z": 62.4,
            "time_remaining_s": 4.2
          }
        },
        {
          "task": "broadcast_position",
          "from": "uav_swarm_agent",
          "status": "received",
          "payload": {
            "ack_id": "swarm_ack_003"
          }
        }
      ],
      "net": {
        "slice": "URLLC",
        "lat_ms": 8,
        "jitter_ms": 0.9,
        "loss_pct": 0.01,
        "throughput_mbps": 120,
        "edge_load": 0.41
      }
    },
    {
      "turn": 4,
      "speaker": "user",
      "intent": "request_thermal_diagnostic",
      "actions": [
        {
          "type": "mcp",
          "name": "diagnose_sensor",
          "args": {
            "sensor": "thermal"
          }
        }
      ],
      "obs": [
        {
          "tool": "diagnose_sensor",
          "result": {
            "sensor": "thermal",
            "status": "faulty",
            "error_code": "THERM_ERR_404",
            "suggested_action": "reroute_to_rgb_only"
          }
        }
      ],
      "net": {
        "slice": "mMTC",
        "lat_ms": 150,
        "jitter_ms": 25,
        "loss_pct": 1.2,
        "throughput_mbps": 1.5,
        "edge_load": 0.88
      }
    },
    {
      "turn": 5,
      "speaker": "agent",
      "intent": "compensate_sensor_failure",
      "actions": [
        {
          "type": "mcp",
          "name": "activate_sensor",
          "args": {
            "sensor": "lidar"
          }
        },
        {
          "type": "a2a",
          "task": "request_lidar_fusion",
          "to": "perception_agent",
          "payload": {
            "mode": "obstacle_detection",
            "resolution": "high"
          }
        }
      ],
      "obs": [
        {
          "tool": "activate_sensor",
          "result": {
            "sensor": "lidar",
            "status": "active"
          }
        },
        {
          "task": "request_lidar_fusion",
          "from": "perception_agent",
          "status": "processing",
          "payload": {
            "estimated_completion": 3.0
          }
        }
      ],
      "net": {
        "slice": "URLLC",
        "lat_ms": 9,
        "jitter_ms": 1.1,
        "loss_pct": 0.02,
        "throughput_mbps": 110,
        "edge_load": 0.43
      }
    },
    {
      "turn": 6,
      "speaker": "user",
      "intent": "confirm_route_adjustment",
      "actions": [
        {
          "type": "mcp",
          "name": "plan_route",
          "args": {
            "waypoints": [
              {
                "x": 1500,
                "y": 1300,
                "z": 75
              },
              {
                "x": 2000,
                "y": 1800,
                "z": 75
              }
            ],
            "avoid": "powerline_corridor"
          }
        }
      ],
      "obs": [
        {
          "tool": "plan_route",
          "result": {
            "route_id": "r_7a8b",
            "total_distance_m": 1240,
            "estimated_duration_s": 62,
            "battery_impact_pct": 6.2,
            "safe": true
          }
        }
      ],
      "net": {
        "slice": "eMBB",
        "lat_ms": 14,
        "jitter_ms": 2.1,
        "loss_pct": 0.2,
        "throughput_mbps": 800,
        "edge_load": 0.38
      }
    },
    {
      "turn": 7,
      "speaker": "agent",
      "intent": "execute_inspection_route",
      "actions": [
        {
          "type": "mcp",
          "name": "follow_route",
          "args": {
            "route_id": "r_7a8b"
          }
        },
        {
          "type": "a2a",
          "task": "monitor_separation",
          "to": "uav_swarm_agent",
          "payload": {
            "uav_id": "uav-7",
            "route_id": "r_7a8b"
          }
        }
      ],
      "obs": [
        {
          "tool": "follow_route",
          "result": {
            "status": "executing",
            "current_waypoint": 0,
            "next_waypoint": {
              "x": 1500,
              "y": 1300
            }
          }
        },
        {
          "task": "monitor_separation",
          "from": "uav_swarm_agent",
          "status": "ok",
          "payload": {
            "min_distance_to_others": 85.3,
            "units": "meters"
          }
        }
      ],
      "net": {
        "slice": "URLLC",
        "lat_ms": 7,
        "jitter_ms": 0.8,
        "loss_pct": 0.01,
        "throughput_mbps": 130,
        "edge_load": 0.4
      }
    },
    {
      "turn": 8,
      "speaker": "user",
      "intent": "request_emergency_hover",
      "actions": [
        {
          "type": "mcp",
          "name": "set_mode",
          "args": {
            "mode": "hover"
          }
        }
      ],
      "obs": [
        {
          "tool": "set_mode",
          "result": {
            "mode": "hover",
            "status": "confirmed",
            "reason": "operator_override"
          }
        }
      ],
      "net": {
        "slice": "URLLC",
        "lat_ms": 6,
        "jitter_ms": 0.7,
        "loss_pct": 0.0,
        "throughput_mbps": 140,
        "edge_load": 0.39
      }
    },
    {
      "turn": 9,
      "speaker": "agent",
      "intent": "assess_microburst_risk",
      "actions": [
        {
          "type": "mcp",
          "name": "read_telemetry",
          "args": {}
        },
        {
          "type": "a2a",
          "task": "request_wind_forecast",
          "to": "weather_agent",
          "payload": {
            "location": [
              1500,
              1300
            ],
            "horizon": 60
          }
        }
      ],
      "obs": [
        {
          "tool": "read_telemetry",
          "result": {
            "pose": {
              "x": 1500.0,
              "y": 1300.0,
              "z": 75.0
            },
            "battery_pct": 93.8,
            "wind_mps": 10.2
          }
        },
        {
          "task": "request_wind_forecast",
          "from": "weather_agent",
          "status": "ok",
          "payload": {
            "gust_prediction": 22.0,
            "probability": 0.78,
            "advice": "hold_position_or_abort"
          }
        }
      ],
      "net": {
        "slice": "URLLC",
        "lat_ms": 8,
        "jitter_ms": 1.0,
        "loss_pct": 0.01,
        "throughput_mbps": 125,
        "edge_load": 0.42
      }
    },
    {
      "turn": 10,
      "speaker": "user",
      "intent": "authorize_return_to_base",
      "actions": [
        {
          "type": "mcp",
          "name": "plan_route",
          "args": {
            "waypoints": [
              {
                "x": 1100,
                "y": 1150,
                "z": 50
              }
            ],
            "priority": "safety"
          }
        }
      ],
      "obs": [
        {
          "tool": "plan_route",
          "result": {
            "route_id": "r_9c3d",
            "total_distance_m": 520,
            "estimated_duration_s": 26,
            "battery_impact_pct": 3.1,
            "safe": true
          }
        }
      ],
      "net": {
        "slice": "mMTC",
        "lat_ms": 200,
        "jitter_ms": 35,
        "loss_pct": 2.1,
        "throughput_mbps": 0.8,
        "edge_load": 0.92
      }
    },
    {
      "turn": 11,
      "speaker": "agent",
      "intent": "return_to_base_safely",
      "actions": [
        {
          "type": "mcp",
          "name": "follow_route",
          "args": {
            "route_id": "r_9c3d"
          }
        },
        {
          "type": "a2a",
          "task": "notify_return",
          "to": "mission_control",
          "payload": {
            "uav_id": "uav-7",
            "status": "returning",
            "reason": "weather_risk"
          }
        }
      ],
      "obs": [
        {
          "tool": "follow_route",
          "result": {
            "status": "completed",
            "final_pose": {
              "x": 1100.0,
              "y": 1150.0,
              "z": 50.0
            }
          }
        },
        {
          "task": "notify_return",
          "from": "mission_control",
          "status": "acknowledged",
          "payload": {
            "response_id": "mc_ack_772"
          }
        }
      ],
      "net": {
        "slice": "URLLC",
        "lat_ms": 7,
        "jitter_ms": 0.9,
        "loss_pct": 0.0,
        "throughput_mbps": 135,
        "edge_load": 0.37
      }
    }
  ],
  "final_state": {
    "domain": "uav",
    "time_s": 128.0,
    "env": {
      "weather": "microburst_risk",
      "wind_mps": 9.8,
      "wind_dir_deg": 245.0
    },
    "airspace": {
      "alt_bounds": [
        10.0,
        150.0
      ],
      "geofence": [
        {
          "type": "polygon",
          "points": [
            [
              1000,
              1000
            ],
            [
              3000,
              1000
            ],
            [
              3000,
              2800
            ],
            [
              1000,
              2800
            ]
          ]
        }
      ]
    },
    "uav": {
      "pose": {
        "x": 1100.0,
        "y": 1150.0,
        "z": 50.0,
        "yaw": 85.0
      },
      "speed_mps": 0.0,
      "energy": {
        "battery_pct": 90.7
      },
      "sensors": {
        "rgb": "ok",
        "thermal": "offline",
        "lidar": "active",
        "radar": "offline",
        "gnss": "ok",
        "imu": "ok",
        "magnetometer": "ok",
        "barometer": "ok"
      },
      "payloads": []
    },
    "policy": {
      "alt_bounds": [
        10.0,
        150.0
      ]
    },
    "safety_flags": {
      "nfz_violation": false,
      "separation_breach": false
    }
  },
  "success": true,
  "_meta": {
    "seed": 42,
    "ts": 1763920496,
    "ts_iso": "2025-11-23T17:54:56Z",
    "gen_time_s": 49.724918365478516,
    "attempts_used": 1,
    "generation_failed": false,
    "usage": {
      "prompt_tokens": 1076,
      "completion_tokens": 4156,
      "total_tokens": 5232,
      "cost": 0.00348936,
      "is_byok": false,
      "prompt_tokens_details": {
        "cached_tokens": 656,
        "audio_tokens": 0,
        "video_tokens": 0
      },
      "cost_details": {
        "upstream_inference_cost": null,
        "upstream_inference_prompt_cost": 0.00016456,
        "upstream_inference_completions_cost": 0.0033248
      },
      "completion_tokens_details": {
        "reasoning_tokens": 0,
        "image_tokens": 0
      }
    }
  }
}