{
  "initial_state": {
    "domain": "uav",
    "time_s": 0.0,
    "env": {
      "weather": "snow",
      "wind_mps": 6.5,
      "wind_dir_deg": 240.0
    },
    "airspace": {
      "alt_bounds": [
        10.0,
        120.0
      ],
      "geofence": [
        {
          "type": "polygon",
          "points": [
            [
              0.0,
              0.0
            ],
            [
              200.0,
              0.0
            ],
            [
              200.0,
              300.0
            ],
            [
              0.0,
              300.0
            ]
          ]
        }
      ]
    },
    "uav": {
      "pose": {
        "x": 10.0,
        "y": 10.0,
        "z": 25.0,
        "yaw": 90.0
      },
      "speed_mps": 18.0,
      "energy": {
        "battery_pct": 100.0
      },
      "sensors": {
        "rgb": "ok",
        "thermal": "offline",
        "lidar": "ok",
        "radar": "offline",
        "gnss": "ok",
        "imu": "ok",
        "magnetometer": "ok",
        "barometer": "ok"
      },
      "payloads": []
    },
    "policy": {
      "alt_bounds": [
        10.0,
        120.0
      ]
    },
    "safety_flags": {
      "nfz_violation": false,
      "separation_breach": false
    }
  },
  "dialogue": [
    {
      "turn": 1,
      "speaker": "agent",
      "intent": "initiate mission and check telemetry",
      "actions": [
        {
          "type": "mcp",
          "name": "read_telemetry",
          "args": {}
        }
      ],
      "obs": [
        {
          "tool": "read_telemetry",
          "result": {
            "pose": {
              "x": 10.0,
              "y": 10.0,
              "z": 25.0,
              "yaw": 90.0
            },
            "speed_mps": 18.0,
            "battery_pct": 100.0,
            "sensors": {
              "gnss": "ok",
              "imu": "ok"
            }
          }
        }
      ],
      "net": {
        "slice": "eMBB",
        "lat_ms": 12,
        "jitter_ms": 3,
        "loss_pct": 0.1,
        "throughput_mbps": 850,
        "edge_load": 0.45
      }
    },
    {
      "turn": 2,
      "speaker": "user",
      "intent": "confirm mission start and assign target",
      "actions": [],
      "obs": [],
      "net": {
        "slice": "eMBB",
        "lat_ms": 11,
        "jitter_ms": 2,
        "loss_pct": 0.1,
        "throughput_mbps": 870,
        "edge_load": 0.47
      }
    },
    {
      "turn": 3,
      "speaker": "agent",
      "intent": "request swarm coordination for path planning",
      "actions": [
        {
          "type": "a2a",
          "task": "path_planning",
          "to": "uav_swarm_agent",
          "payload": {
            "target": {
              "x": 180.0,
              "y": 280.0,
              "z": 40.0
            },
            "constraints": {
              "max_alt": 120.0,
              "min_alt": 10.0
            }
          }
        }
      ],
      "obs": [
        {
          "task": "path_planning",
          "from": "uav_swarm_agent",
          "status": "ok",
          "payload": {
            "route": [
              {
                "x": 10.0,
                "y": 10.0,
                "z": 25.0
              },
              {
                "x": 60.0,
                "y": 80.0,
                "z": 35.0
              },
              {
                "x": 120.0,
                "y": 180.0,
                "z": 40.0
              },
              {
                "x": 180.0,
                "y": 280.0,
                "z": 40.0
              }
            ],
            "eta_s": 85
          }
        }
      ],
      "net": {
        "slice": "URLLC",
        "lat_ms": 5,
        "jitter_ms": 1,
        "loss_pct": 0.01,
        "throughput_mbps": 200,
        "edge_load": 0.32
      }
    },
    {
      "turn": 4,
      "speaker": "user",
      "intent": "approve route and enable obstacle avoidance",
      "actions": [
        {
          "type": "mcp",
          "name": "enable_sensor",
          "args": {
            "sensor": "lidar"
          }
        }
      ],
      "obs": [
        {
          "tool": "enable_sensor",
          "result": {
            "sensor": "lidar",
            "status": "enabled"
          }
        }
      ],
      "net": {
        "slice": "URLLC",
        "lat_ms": 6,
        "jitter_ms": 1,
        "loss_pct": 0.02,
        "throughput_mbps": 190,
        "edge_load": 0.35
      }
    },
    {
      "turn": 5,
      "speaker": "agent",
      "intent": "detect degraded GNSS signal and switch to sensor fusion",
      "actions": [
        {
          "type": "mcp",
          "name": "read_telemetry",
          "args": {}
        }
      ],
      "obs": [
        {
          "tool": "read_telemetry",
          "result": {
            "gnss": "degraded",
            "imu": "ok",
            "lidar": "ok",
            "position_estimate": "sensor_fusion_active"
          }
        }
      ],
      "net": {
        "slice": "mMTC",
        "lat_ms": 25,
        "jitter_ms": 10,
        "loss_pct": 1.2,
        "throughput_mbps": 1.5,
        "edge_load": 0.88
      }
    },
    {
      "turn": 6,
      "speaker": "user",
      "intent": "request status update and battery check",
      "actions": [
        {
          "type": "mcp",
          "name": "read_telemetry",
          "args": {
            "fields": [
              "battery_pct",
              "pose"
            ]
          }
        }
      ],
      "obs": [
        {
          "tool": "read_telemetry",
          "result": {
            "battery_pct": 92.3,
            "pose": {
              "x": 120.5,
              "y": 182.1,
              "z": 39.8,
              "yaw": 88.7
            }
          }
        }
      ],
      "net": {
        "slice": "mMTC",
        "lat_ms": 28,
        "jitter_ms": 12,
        "loss_pct": 1.5,
        "throughput_mbps": 1.2,
        "edge_load": 0.91
      }
    },
    {
      "turn": 7,
      "speaker": "agent",
      "intent": "detect network recovery and resume high-fidelity sensing",
      "actions": [
        {
          "type": "mcp",
          "name": "enable_sensor",
          "args": {
            "sensor": "rgb"
          }
        }
      ],
      "obs": [
        {
          "tool": "enable_sensor",
          "result": {
            "sensor": "rgb",
            "status": "enabled",
            "mode": "1080p_30fps"
          }
        }
      ],
      "net": {
        "slice": "eMBB",
        "lat_ms": 14,
        "jitter_ms": 4,
        "loss_pct": 0.2,
        "throughput_mbps": 800,
        "edge_load": 0.52
      }
    },
    {
      "turn": 8,
      "speaker": "user",
      "intent": "order thermal sensor restart attempt",
      "actions": [
        {
          "type": "mcp",
          "name": "enable_sensor",
          "args": {
            "sensor": "thermal"
          }
        }
      ],
      "obs": [
        {
          "tool": "enable_sensor",
          "result": {
            "sensor": "thermal",
            "status": "failed",
            "error": "hardware_fault_cold_start"
          }
        }
      ],
      "net": {
        "slice": "eMBB",
        "lat_ms": 13,
        "jitter_ms": 3,
        "loss_pct": 0.1,
        "throughput_mbps": 820,
        "edge_load": 0.5
      }
    },
    {
      "turn": 9,
      "speaker": "agent",
      "intent": "report obstacle and reroute safely",
      "actions": [
        {
          "type": "mcp",
          "name": "detect_obstacle",
          "args": {
            "range_m": 50,
            "sensor": "lidar"
          }
        }
      ],
      "obs": [
        {
          "tool": "detect_obstacle",
          "result": {
            "obstacle": {
              "x": 160.0,
              "y": 240.0,
              "z": 30.0,
              "radius": 8.0
            },
            "action": "reroute",
            "new_waypoint": {
              "x": 165.0,
              "y": 260.0,
              "z": 42.0
            }
          }
        }
      ],
      "net": {
        "slice": "URLLC",
        "lat_ms": 4,
        "jitter_ms": 1,
        "loss_pct": 0.01,
        "throughput_mbps": 210,
        "edge_load": 0.3
      }
    },
    {
      "turn": 10,
      "speaker": "user",
      "intent": "acknowledge reroute and prepare landing",
      "actions": [],
      "obs": [],
      "net": {
        "slice": "URLLC",
        "lat_ms": 5,
        "jitter_ms": 1,
        "loss_pct": 0.02,
        "throughput_mbps": 200,
        "edge_load": 0.33
      }
    },
    {
      "turn": 11,
      "speaker": "agent",
      "intent": "execute landing sequence",
      "actions": [
        {
          "type": "mcp",
          "name": "execute_landing",
          "args": {
            "target": {
              "x": 180.0,
              "y": 280.0,
              "z": 0.0
            }
          }
        }
      ],
      "obs": [
        {
          "tool": "execute_landing",
          "result": {
            "status": "completed",
            "final_pose": {
              "x": 180.0,
              "y": 280.0,
              "z": 0.0,
              "yaw": 89.2
            },
            "battery_pct": 86.7
          }
        }
      ],
      "net": {
        "slice": "URLLC",
        "lat_ms": 6,
        "jitter_ms": 2,
        "loss_pct": 0.03,
        "throughput_mbps": 195,
        "edge_load": 0.36
      }
    }
  ],
  "final_state": {
    "domain": "uav",
    "time_s": 95.0,
    "env": {
      "weather": "snow",
      "wind_mps": 6.5,
      "wind_dir_deg": 240.0
    },
    "airspace": {
      "alt_bounds": [
        10.0,
        120.0
      ],
      "geofence": [
        {
          "type": "polygon",
          "points": [
            [
              0.0,
              0.0
            ],
            [
              200.0,
              0.0
            ],
            [
              200.0,
              300.0
            ],
            [
              0.0,
              300.0
            ]
          ]
        }
      ]
    },
    "uav": {
      "pose": {
        "x": 180.0,
        "y": 280.0,
        "z": 0.0,
        "yaw": 89.2
      },
      "speed_mps": 0.0,
      "energy": {
        "battery_pct": 86.7
      },
      "sensors": {
        "rgb": "ok",
        "thermal": "offline",
        "lidar": "ok",
        "radar": "offline",
        "gnss": "degraded",
        "imu": "ok",
        "magnetometer": "ok",
        "barometer": "ok"
      },
      "payloads": []
    },
    "policy": {
      "alt_bounds": [
        10.0,
        120.0
      ]
    },
    "safety_flags": {
      "nfz_violation": false,
      "separation_breach": false
    }
  },
  "success": true,
  "_meta": {
    "seed": 42,
    "ts": 1763807509,
    "ts_iso": "2025-11-22T10:31:49Z",
    "gen_time_s": 321.24816727638245,
    "attempts_used": 1,
    "generation_failed": false,
    "usage": {
      "prompt_tokens": 1065,
      "completion_tokens": 3348,
      "total_tokens": 4413,
      "cost": 0.00200421,
      "is_byok": false,
      "prompt_tokens_details": {
        "cached_tokens": 0,
        "audio_tokens": 0,
        "video_tokens": 0
      },
      "cost_details": {
        "upstream_inference_cost": null,
        "upstream_inference_prompt_cost": 9.585e-05,
        "upstream_inference_completions_cost": 0.00190836
      },
      "completion_tokens_details": {
        "reasoning_tokens": 0,
        "image_tokens": 0
      }
    }
  }
}