{
  "initial_state": {
    "domain": "uav",
    "time_s": 0.0,
    "env": {
      "weather": "hail",
      "wind_mps": 8.0,
      "wind_dir_deg": 240.0
    },
    "airspace": {
      "alt_bounds": [
        0.0,
        120.0
      ],
      "geofence": [
        {
          "type": "polygon",
          "points": [
            [
              200,
              200
            ],
            [
              800,
              200
            ],
            [
              800,
              800
            ],
            [
              200,
              800
            ]
          ]
        }
      ]
    },
    "uav": {
      "pose": {
        "x": 250.0,
        "y": 300.0,
        "z": 30.0,
        "yaw": 90.0
      },
      "speed_mps": 35.0,
      "energy": {
        "battery_pct": 100.0
      },
      "sensors": {
        "rgb": "ok",
        "thermal": "offline",
        "lidar": "offline",
        "radar": "ok",
        "gnss": "ok",
        "imu": "ok",
        "magnetometer": "ok",
        "barometer": "ok"
      },
      "payloads": []
    },
    "policy": {
      "alt_bounds": [
        0.0,
        120.0
      ]
    },
    "safety_flags": {
      "nfz_violation": false,
      "separation_breach": false
    }
  },
  "dialogue": [
    {
      "turn": 1,
      "speaker": "agent",
      "intent": "initiate mission under adverse weather",
      "actions": [
        {
          "type": "mcp",
          "name": "read_telemetry",
          "args": {}
        },
        {
          "type": "a2a",
          "task": "weather_assessment",
          "to": "met_agent",
          "payload": {
            "current_weather": "hail",
            "wind_speed": 8.0
          }
        }
      ],
      "obs": [
        {
          "tool": "read_telemetry",
          "result": {
            "pose": {
              "x": 250.0,
              "y": 300.0,
              "z": 30.0
            },
            "battery_pct": 100.0,
            "speed_mps": 35.0
          }
        },
        {
          "task": "weather_assessment",
          "from": "met_agent",
          "status": "ok",
          "payload": {
            "advisory": "maintain altitude above 40m due to hail intensity below"
          }
        }
      ],
      "net": {
        "slice": "URLLC",
        "lat_ms": 3,
        "jitter_ms": 0.8,
        "loss_pct": 0.1,
        "throughput_mbps": 50,
        "edge_load": 0.3
      }
    },
    {
      "turn": 2,
      "speaker": "user",
      "intent": "approve altitude adjustment",
      "actions": [
        {
          "type": "mcp",
          "name": "update_policy",
          "args": {
            "alt_bounds": [
              40.0,
              120.0
            ]
          }
        }
      ],
      "obs": [
        {
          "tool": "update_policy",
          "result": {
            "alt_bounds": [
              40.0,
              120.0
            ],
            "status": "applied"
          }
        }
      ],
      "net": {
        "slice": "URLLC",
        "lat_ms": 4,
        "jitter_ms": 1.0,
        "loss_pct": 0.2,
        "throughput_mbps": 48,
        "edge_load": 0.35
      }
    },
    {
      "turn": 3,
      "speaker": "agent",
      "intent": "ascend to safe altitude and check sensor status",
      "actions": [
        {
          "type": "mcp",
          "name": "set_waypoint",
          "args": {
            "x": 250.0,
            "y": 300.0,
            "z": 50.0,
            "yaw": 90.0
          }
        },
        {
          "type": "mcp",
          "name": "diagnose_sensors",
          "args": {}
        }
      ],
      "obs": [
        {
          "tool": "set_waypoint",
          "result": {
            "target": {
              "x": 250.0,
              "y": 300.0,
              "z": 50.0
            },
            "eta_s": 8.2
          }
        },
        {
          "tool": "diagnose_sensors",
          "result": {
            "thermal": "failed",
            "lidar": "needs_restart"
          }
        }
      ],
      "net": {
        "slice": "eMBB",
        "lat_ms": 15,
        "jitter_ms": 5.0,
        "loss_pct": 0.5,
        "throughput_mbps": 120,
        "edge_load": 0.7
      }
    },
    {
      "turn": 4,
      "speaker": "user",
      "intent": "request lidar restart and redirect mission",
      "actions": [
        {
          "type": "mcp",
          "name": "restart_sensor",
          "args": {
            "sensor": "lidar"
          }
        },
        {
          "type": "mcp",
          "name": "set_waypoint",
          "args": {
            "x": 600.0,
            "y": 700.0,
            "z": 60.0,
            "yaw": 180.0
          }
        }
      ],
      "obs": [
        {
          "tool": "restart_sensor",
          "result": {
            "sensor": "lidar",
            "status": "online"
          }
        },
        {
          "tool": "set_waypoint",
          "result": {
            "target": {
              "x": 600.0,
              "y": 700.0,
              "z": 60.0
            },
            "eta_s": 22.0
          }
        }
      ],
      "net": {
        "slice": "eMBB",
        "lat_ms": 20,
        "jitter_ms": 8.0,
        "loss_pct": 1.2,
        "throughput_mbps": 90,
        "edge_load": 0.85
      }
    },
    {
      "turn": 5,
      "speaker": "agent",
      "intent": "detect network degradation, switch to URLLC",
      "actions": [
        {
          "type": "mcp",
          "name": "switch_network_slice",
          "args": {
            "target": "URLLC"
          }
        },
        {
          "type": "a2a",
          "task": "collision_avoidance",
          "to": "uav_swarm_agent",
          "payload": {
            "current_pose": {
              "x": 300.5,
              "y": 400.2,
              "z": 58.1
            },
            "velocity": 34.0
          }
        }
      ],
      "obs": [
        {
          "tool": "switch_network_slice",
          "result": {
            "from": "eMBB",
            "to": "URLLC",
            "status": "confirmed"
          }
        },
        {
          "task": "collision_avoidance",
          "from": "uav_swarm_agent",
          "status": "ok",
          "payload": {
            "clearance": "all_clear",
            "recommended_alt": 60.0
          }
        }
      ],
      "net": {
        "slice": "URLLC",
        "lat_ms": 3.5,
        "jitter_ms": 0.9,
        "loss_pct": 0.1,
        "throughput_mbps": 55,
        "edge_load": 0.4
      }
    },
    {
      "turn": 6,
      "speaker": "user",
      "intent": "initiate thermal imaging despite sensor failure",
      "actions": [
        {
          "type": "mcp",
          "name": "activate_payload",
          "args": {
            "payload": "thermal_imager",
            "mode": "attempt_override"
          }
        }
      ],
      "obs": [
        {
          "tool": "activate_payload",
          "result": {
            "payload": "thermal_imager",
            "status": "failed",
            "reason": "hardware_fault"
          }
        }
      ],
      "net": {
        "slice": "URLLC",
        "lat_ms": 4.0,
        "jitter_ms": 1.1,
        "loss_pct": 0.15,
        "throughput_mbps": 52,
        "edge_load": 0.42
      }
    },
    {
      "turn": 7,
      "speaker": "agent",
      "intent": "compensate with radar and RGB imaging",
      "actions": [
        {
          "type": "mcp",
          "name": "capture_image",
          "args": {
            "sensor": "rgb",
            "mode": "high_res"
          }
        },
        {
          "type": "mcp",
          "name": "scan_area",
          "args": {
            "sensor": "radar",
            "sector": "front_left",
            "range_m": 150
          }
        }
      ],
      "obs": [
        {
          "tool": "capture_image",
          "result": {
            "sensor": "rgb",
            "status": "success",
            "image_id": "IMG_001",
            "size_kb": 2048
          }
        },
        {
          "tool": "scan_area",
          "result": {
            "sensor": "radar",
            "detections": [
              {
                "type": "vehicle",
                "range": 134.2,
                "bearing": 45.0
              }
            ]
          }
        }
      ],
      "net": {
        "slice": "URLLC",
        "lat_ms": 3.8,
        "jitter_ms": 1.0,
        "loss_pct": 0.1,
        "throughput_mbps": 54,
        "edge_load": 0.41
      }
    },
    {
      "turn": 8,
      "speaker": "user",
      "intent": "log detection and proceed to return",
      "actions": [
        {
          "type": "mcp",
          "name": "log_event",
          "args": {
            "type": "detection",
            "data": {
              "object": "vehicle",
              "location": {
                "x": 520.0,
                "y": 640.0
              }
            }
          }
        },
        {
          "type": "mcp",
          "name": "set_waypoint",
          "args": {
            "x": 250.0,
            "y": 300.0,
            "z": 45.0,
            "yaw": 270.0
          }
        }
      ],
      "obs": [
        {
          "tool": "log_event",
          "result": {
            "event_id": "EVT_205",
            "status": "recorded"
          }
        },
        {
          "tool": "set_waypoint",
          "result": {
            "target": {
              "x": 250.0,
              "y": 300.0,
              "z": 45.0
            },
            "eta_s": 25.0
          }
        }
      ],
      "net": {
        "slice": "mMTC",
        "lat_ms": 50,
        "jitter_ms": 20.0,
        "loss_pct": 2.0,
        "throughput_mbps": 1.5,
        "edge_load": 0.2
      }
    },
    {
      "turn": 9,
      "speaker": "agent",
      "intent": "conserve bandwidth, reduce telemetry rate",
      "actions": [
        {
          "type": "mcp",
          "name": "adjust_telemetry_rate",
          "args": {
            "rate_hz": 2
          }
        },
        {
          "type": "a2a",
          "task": "handover_report",
          "to": "base_station_agent",
          "payload": {
            "mission_phase": "return",
            "battery_projected": 68.0
          }
        }
      ],
      "obs": [
        {
          "tool": "adjust_telemetry_rate",
          "result": {
            "rate_hz": 2,
            "status": "applied"
          }
        },
        {
          "task": "handover_report",
          "from": "base_station_agent",
          "status": "received",
          "payload": {
            "ack_id": "ACK_882",
            "next_contact": "T+35s"
          }
        }
      ],
      "net": {
        "slice": "mMTC",
        "lat_ms": 55,
        "jitter_ms": 22.0,
        "loss_pct": 2.5,
        "throughput_mbps": 1.2,
        "edge_load": 0.25
      }
    },
    {
      "turn": 10,
      "speaker": "user",
      "intent": "authorize landing",
      "actions": [
        {
          "type": "mcp",
          "name": "authorize_landing",
          "args": {
            "final_pose": {
              "x": 250.0,
              "y": 300.0,
              "z": 0.0
            }
          }
        }
      ],
      "obs": [
        {
          "tool": "authorize_landing",
          "result": {
            "status": "approved",
            "clearance_id": "CLR_101"
          }
        }
      ],
      "net": {
        "slice": "URLLC",
        "lat_ms": 3.2,
        "jitter_ms": 0.7,
        "loss_pct": 0.05,
        "throughput_mbps": 58,
        "edge_load": 0.3
      }
    },
    {
      "turn": 11,
      "speaker": "agent",
      "intent": "execute landing sequence",
      "actions": [
        {
          "type": "mcp",
          "name": "execute_landing",
          "args": {}
        },
        {
          "type": "mcp",
          "name": "read_telemetry",
          "args": {}
        }
      ],
      "obs": [
        {
          "tool": "execute_landing",
          "result": {
            "status": "completed",
            "touchdown_time": 118.5
          }
        },
        {
          "tool": "read_telemetry",
          "result": {
            "pose": {
              "x": 250.0,
              "y": 300.0,
              "z": 0.0
            },
            "battery_pct": 65.0,
            "speed_mps": 0.0
          }
        }
      ],
      "net": {
        "slice": "URLLC",
        "lat_ms": 3.0,
        "jitter_ms": 0.6,
        "loss_pct": 0.0,
        "throughput_mbps": 60,
        "edge_load": 0.28
      }
    }
  ],
  "final_state": {
    "domain": "uav",
    "time_s": 118.5,
    "env": {
      "weather": "hail",
      "wind_mps": 8.0,
      "wind_dir_deg": 240.0
    },
    "airspace": {
      "alt_bounds": [
        0.0,
        120.0
      ],
      "geofence": [
        {
          "type": "polygon",
          "points": [
            [
              200,
              200
            ],
            [
              800,
              200
            ],
            [
              800,
              800
            ],
            [
              200,
              800
            ]
          ]
        }
      ]
    },
    "uav": {
      "pose": {
        "x": 250.0,
        "y": 300.0,
        "z": 0.0,
        "yaw": 270.0
      },
      "speed_mps": 0.0,
      "energy": {
        "battery_pct": 65.0
      },
      "sensors": {
        "rgb": "ok",
        "thermal": "failed",
        "lidar": "online",
        "radar": "ok",
        "gnss": "ok",
        "imu": "ok",
        "magnetometer": "ok",
        "barometer": "ok"
      },
      "payloads": []
    },
    "policy": {
      "alt_bounds": [
        40.0,
        120.0
      ]
    },
    "safety_flags": {
      "nfz_violation": false,
      "separation_breach": false
    }
  },
  "success": true,
  "_meta": {
    "seed": 42,
    "ts": 1763699320,
    "ts_iso": "2025-11-21T04:28:40Z",
    "gen_time_s": 77.12831497192383,
    "attempts_used": 1,
    "generation_failed": false,
    "usage": {
      "prompt_tokens": 1056,
      "completion_tokens": 4156,
      "total_tokens": 5212,
      "cost": 0.00349024,
      "is_byok": false,
      "prompt_tokens_details": {
        "cached_tokens": 608,
        "audio_tokens": 0,
        "video_tokens": 0
      },
      "cost_details": {
        "upstream_inference_cost": null,
        "upstream_inference_prompt_cost": 0.00016544,
        "upstream_inference_completions_cost": 0.0033248
      },
      "completion_tokens_details": {
        "reasoning_tokens": 0,
        "image_tokens": 0
      }
    }
  }
}