{
  "initial_state": {
    "domain": "uav",
    "time_s": 0.0,
    "env": {
      "weather": "good",
      "wind_mps": 6.0,
      "wind_dir_deg": 240.0
    },
    "airspace": {
      "alt_bounds": [
        5.0,
        120.0
      ],
      "geofence": [
        {
          "type": "polygon",
          "points": [
            [
              0.0,
              0.0
            ],
            [
              200.0,
              0.0
            ],
            [
              200.0,
              150.0
            ],
            [
              0.0,
              150.0
            ]
          ]
        }
      ]
    },
    "uav": {
      "pose": {
        "x": 10.0,
        "y": 10.0,
        "z": 10.0,
        "yaw": 90.0
      },
      "speed_mps": 35.0,
      "energy": {
        "battery_pct": 100.0
      },
      "sensors": {
        "rgb": "ok",
        "thermal": "ok",
        "lidar": "ok",
        "radar": "offline",
        "gnss": "ok",
        "imu": "ok",
        "magnetometer": "ok",
        "barometer": "ok"
      },
      "payloads": []
    },
    "policy": {
      "alt_bounds": [
        5.0,
        120.0
      ]
    },
    "safety_flags": {
      "nfz_violation": false,
      "separation_breach": false
    }
  },
  "dialogue": [
    {
      "turn": 1,
      "speaker": "agent",
      "intent": "initiate patrol mission",
      "actions": [
        {
          "type": "mcp",
          "name": "read_telemetry",
          "args": {}
        },
        {
          "type": "mcp",
          "name": "set_speed",
          "args": {
            "speed_mps": 25.0
          }
        }
      ],
      "obs": [
        {
          "tool": "read_telemetry",
          "result": {
            "pose": {
              "x": 10.0,
              "y": 10.0,
              "z": 10.0
            },
            "battery_pct": 100.0
          }
        },
        {
          "tool": "set_speed",
          "result": {
            "status": "success",
            "speed_mps": 25.0
          }
        }
      ],
      "net": {
        "slice": "eMBB",
        "lat_ms": 12,
        "jitter_ms": 2,
        "loss_pct": 0.1,
        "throughput_mbps": 850,
        "edge_load": 0.35
      }
    },
    {
      "turn": 2,
      "speaker": "user",
      "intent": "confirm patrol initiation",
      "actions": [
        {
          "type": "mcp",
          "name": "confirm_action",
          "args": {
            "action": "set_speed",
            "status": "approved"
          }
        }
      ],
      "obs": [
        {
          "tool": "confirm_action",
          "result": {
            "status": "confirmed",
            "action": "set_speed"
          }
        }
      ],
      "net": {
        "slice": "eMBB",
        "lat_ms": 11,
        "jitter_ms": 1.8,
        "loss_pct": 0.05,
        "throughput_mbps": 870,
        "edge_load": 0.36
      }
    },
    {
      "turn": 3,
      "speaker": "agent",
      "intent": "ascend to patrol altitude",
      "actions": [
        {
          "type": "mcp",
          "name": "set_altitude",
          "args": {
            "z": 80.0
          }
        }
      ],
      "obs": [
        {
          "tool": "set_altitude",
          "result": {
            "status": "success",
            "target_z": 80.0
          }
        }
      ],
      "net": {
        "slice": "URLLC",
        "lat_ms": 8,
        "jitter_ms": 1,
        "loss_pct": 0.02,
        "throughput_mbps": 120,
        "edge_load": 0.4
      }
    },
    {
      "turn": 4,
      "speaker": "user",
      "intent": "request visual confirmation",
      "actions": [
        {
          "type": "mcp",
          "name": "capture_image",
          "args": {
            "sensor": "rgb",
            "mode": "wide"
          }
        }
      ],
      "obs": [
        {
          "tool": "capture_image",
          "result": {
            "status": "success",
            "image_id": "img_001",
            "sensor": "rgb"
          }
        }
      ],
      "net": {
        "slice": "eMBB",
        "lat_ms": 15,
        "jitter_ms": 3,
        "loss_pct": 0.2,
        "throughput_mbps": 800,
        "edge_load": 0.55
      }
    },
    {
      "turn": 5,
      "speaker": "agent",
      "intent": "detect nearby UAVs via swarm coordination",
      "actions": [
        {
          "type": "a2a",
          "task": "proximity_scan",
          "to": "uav_swarm_agent",
          "payload": {
            "range_m": 100,
            "timeout_s": 2
          }
        }
      ],
      "obs": [
        {
          "task": "proximity_scan",
          "from": "uav_swarm_agent",
          "status": "ok",
          "payload": {
            "detected_uavs": [
              {
                "id": "uav_7",
                "range_m": 87,
                "bearing_deg": 125
              }
            ],
            "separation_safe": true
          }
        }
      ],
      "net": {
        "slice": "URLLC",
        "lat_ms": 6,
        "jitter_ms": 0.8,
        "loss_pct": 0.01,
        "throughput_mbps": 95,
        "edge_load": 0.42
      }
    },
    {
      "turn": 6,
      "speaker": "user",
      "intent": "initiate thermal scan of perimeter",
      "actions": [
        {
          "type": "mcp",
          "name": "activate_sensor",
          "args": {
            "sensor": "thermal"
          }
        },
        {
          "type": "mcp",
          "name": "start_scan",
          "args": {
            "mode": "perimeter",
            "resolution": "high"
          }
        }
      ],
      "obs": [
        {
          "tool": "activate_sensor",
          "result": {
            "sensor": "thermal",
            "status": "activated"
          }
        },
        {
          "tool": "start_scan",
          "result": {
            "scan_id": "ts_005",
            "status": "running"
          }
        }
      ],
      "net": {
        "slice": "eMBB",
        "lat_ms": 200,
        "jitter_ms": 50,
        "loss_pct": 5.0,
        "throughput_mbps": 200,
        "edge_load": 0.85
      }
    },
    {
      "turn": 7,
      "speaker": "agent",
      "intent": "adapt to network degradation",
      "actions": [
        {
          "type": "mcp",
          "name": "reduce_stream_quality",
          "args": {
            "target": "thermal",
            "quality": "medium"
          }
        },
        {
          "type": "mcp",
          "name": "read_telemetry",
          "args": {}
        }
      ],
      "obs": [
        {
          "tool": "reduce_stream_quality",
          "result": {
            "status": "adjusted",
            "quality": "medium"
          }
        },
        {
          "tool": "read_telemetry",
          "result": {
            "pose": {
              "x": 85.0,
              "y": 67.0,
              "z": 80.0
            },
            "battery_pct": 92.0
          }
        }
      ],
      "net": {
        "slice": "mMTC",
        "lat_ms": 300,
        "jitter_ms": 100,
        "loss_pct": 8.0,
        "throughput_mbps": 1.5,
        "edge_load": 0.92
      }
    },
    {
      "turn": 8,
      "speaker": "user",
      "intent": "abort scan and return to base",
      "actions": [
        {
          "type": "mcp",
          "name": "abort_scan",
          "args": {
            "scan_id": "ts_005"
          }
        },
        {
          "type": "mcp",
          "name": "set_waypoint",
          "args": {
            "x": 10.0,
            "y": 10.0,
            "z": 10.0
          }
        }
      ],
      "obs": [
        {
          "tool": "abort_scan",
          "result": {
            "scan_id": "ts_005",
            "status": "aborted"
          }
        },
        {
          "tool": "set_waypoint",
          "result": {
            "waypoint": {
              "x": 10.0,
              "y": 10.0,
              "z": 10.0
            },
            "status": "accepted"
          }
        }
      ],
      "net": {
        "slice": "URLLC",
        "lat_ms": 9,
        "jitter_ms": 1.2,
        "loss_pct": 0.03,
        "throughput_mbps": 110,
        "edge_load": 0.5
      }
    },
    {
      "turn": 9,
      "speaker": "agent",
      "intent": "verify return path safety",
      "actions": [
        {
          "type": "a2a",
          "task": "collision_avoidance",
          "to": "uav_swarm_agent",
          "payload": {
            "route": [
              {
                "x": 50.0,
                "y": 40.0,
                "z": 50.0
              },
              {
                "x": 10.0,
                "y": 10.0,
                "z": 10.0
              }
            ]
          }
        }
      ],
      "obs": [
        {
          "task": "collision_avoidance",
          "from": "uav_swarm_agent",
          "status": "ok",
          "payload": {
            "clearance": "safe",
            "recommended_alt": 50.0
          }
        }
      ],
      "net": {
        "slice": "URLLC",
        "lat_ms": 7,
        "jitter_ms": 0.9,
        "loss_pct": 0.01,
        "throughput_mbps": 100,
        "edge_load": 0.48
      }
    },
    {
      "turn": 10,
      "speaker": "user",
      "intent": "acknowledge safe return",
      "actions": [
        {
          "type": "mcp",
          "name": "log_event",
          "args": {
            "event": "return_to_base_initiated",
            "priority": "low"
          }
        }
      ],
      "obs": [
        {
          "tool": "log_event",
          "result": {
            "event": "return_to_base_initiated",
            "status": "logged"
          }
        }
      ],
      "net": {
        "slice": "mMTC",
        "lat_ms": 250,
        "jitter_ms": 80,
        "loss_pct": 6.0,
        "throughput_mbps": 2.0,
        "edge_load": 0.8
      }
    }
  ],
  "final_state": {
    "domain": "uav",
    "time_s": 320.0,
    "env": {
      "weather": "good",
      "wind_mps": 6.0,
      "wind_dir_deg": 240.0
    },
    "airspace": {
      "alt_bounds": [
        5.0,
        120.0
      ],
      "geofence": [
        {
          "type": "polygon",
          "points": [
            [
              0.0,
              0.0
            ],
            [
              200.0,
              0.0
            ],
            [
              200.0,
              150.0
            ],
            [
              0.0,
              150.0
            ]
          ]
        }
      ]
    },
    "uav": {
      "pose": {
        "x": 25.0,
        "y": 22.0,
        "z": 45.0,
        "yaw": 270.0
      },
      "speed_mps": 20.0,
      "energy": {
        "battery_pct": 88.0
      },
      "sensors": {
        "rgb": "ok",
        "thermal": "ok",
        "lidar": "ok",
        "radar": "offline",
        "gnss": "ok",
        "imu": "ok",
        "magnetometer": "ok",
        "barometer": "ok"
      },
      "payloads": []
    },
    "policy": {
      "alt_bounds": [
        5.0,
        120.0
      ]
    },
    "safety_flags": {
      "nfz_violation": false,
      "separation_breach": false
    }
  },
  "success": true,
  "_meta": {
    "seed": 42,
    "ts": 1763728126,
    "ts_iso": "2025-11-21T12:28:46Z",
    "gen_time_s": 152.85529899597168,
    "attempts_used": 1,
    "generation_failed": false,
    "usage": {
      "prompt_tokens": 1059,
      "completion_tokens": 3363,
      "total_tokens": 4422,
      "cost": 0.00204585,
      "is_byok": false,
      "prompt_tokens_details": {
        "cached_tokens": 0,
        "audio_tokens": 0,
        "video_tokens": 0
      },
      "cost_details": {
        "upstream_inference_cost": null,
        "upstream_inference_prompt_cost": 9.531e-05,
        "upstream_inference_completions_cost": 0.00195054
      },
      "completion_tokens_details": {
        "reasoning_tokens": 0,
        "image_tokens": 0
      }
    }
  }
}