{
  "initial_state": {
    "domain": "uav",
    "time_s": 0.0,
    "env": {
      "weather": "dust",
      "wind_mps": 8.0,
      "wind_dir_deg": 225.0
    },
    "airspace": {
      "alt_bounds": [
        10.0,
        120.0
      ],
      "geofence": [
        {
          "type": "polygon",
          "points": [
            [
              0,
              0
            ],
            [
              0,
              200
            ],
            [
              150,
              200
            ],
            [
              150,
              0
            ]
          ]
        }
      ]
    },
    "uav": {
      "pose": {
        "x": 20.0,
        "y": 20.0,
        "z": 30.0,
        "yaw": 90.0
      },
      "speed_mps": 15.0,
      "energy": {
        "battery_pct": 100.0
      },
      "sensors": {
        "rgb": "ok",
        "thermal": "unknown",
        "lidar": "ok",
        "radar": "unknown",
        "gnss": "ok",
        "imu": "ok",
        "magnetometer": "ok",
        "barometer": "ok"
      },
      "payloads": []
    },
    "policy": {
      "alt_bounds": [
        10.0,
        120.0
      ]
    },
    "safety_flags": {
      "nfz_violation": false,
      "separation_breach": false
    }
  },
  "dialogue": [
    {
      "turn": 1,
      "speaker": "agent",
      "intent": "initiate_mission",
      "actions": [
        {
          "type": "mcp",
          "name": "read_telemetry",
          "args": {}
        },
        {
          "type": "a2a",
          "task": "swarm_formation",
          "to": "uav_swarm_agent",
          "payload": {
            "uav_id": "uav_01",
            "target_formation": "line_abreast",
            "waypoints": [
              {
                "x": 50.0,
                "y": 100.0,
                "z": 50.0
              }
            ]
          }
        }
      ],
      "obs": [
        {
          "tool": "read_telemetry",
          "result": {
            "pose": {
              "x": 20.0,
              "y": 20.0,
              "z": 30.0
            },
            "battery_pct": 100.0,
            "speed_mps": 15.0
          }
        },
        {
          "task": "swarm_formation",
          "from": "uav_swarm_agent",
          "status": "acknowledged",
          "payload": {
            "formation_status": "pending",
            "assigned_role": "lead_uav"
          }
        }
      ],
      "net": {
        "slice": "eMBB",
        "lat_ms": 12,
        "jitter_ms": 2,
        "loss_pct": 0.1,
        "throughput_mbps": 850,
        "edge_load": 0.35
      }
    },
    {
      "turn": 2,
      "speaker": "user",
      "intent": "confirm_mission",
      "actions": [
        {
          "type": "mcp",
          "name": "check_weather_impact",
          "args": {
            "weather": "dust"
          }
        }
      ],
      "obs": [
        {
          "tool": "check_weather_impact",
          "result": {
            "visibility_m": 400,
            "sensor_degradation": [
              "rgb"
            ],
            "risk_level": "moderate"
          }
        }
      ],
      "net": {
        "slice": "eMBB",
        "lat_ms": 11,
        "jitter_ms": 1.8,
        "loss_pct": 0.05,
        "throughput_mbps": 870,
        "edge_load": 0.33
      }
    },
    {
      "turn": 3,
      "speaker": "agent",
      "intent": "adjust_sensors_for_dust",
      "actions": [
        {
          "type": "mcp",
          "name": "activate_sensor",
          "args": {
            "sensor": "lidar"
          }
        },
        {
          "type": "mcp",
          "name": "activate_sensor",
          "args": {
            "sensor": "radar"
          }
        }
      ],
      "obs": [
        {
          "tool": "activate_sensor",
          "result": {
            "sensor": "lidar",
            "status": "active"
          }
        },
        {
          "tool": "activate_sensor",
          "result": {
            "sensor": "radar",
            "status": "active"
          }
        }
      ],
      "net": {
        "slice": "URLLC",
        "lat_ms": 8,
        "jitter_ms": 1.2,
        "loss_pct": 0.02,
        "throughput_mbps": 120,
        "edge_load": 0.4
      }
    },
    {
      "turn": 4,
      "speaker": "user",
      "intent": "request_thermal_check",
      "actions": [
        {
          "type": "mcp",
          "name": "diagnose_sensor",
          "args": {
            "sensor": "thermal"
          }
        }
      ],
      "obs": [
        {
          "tool": "diagnose_sensor",
          "result": {
            "sensor": "thermal",
            "status": "faulty",
            "error_code": "THERM_ERR_404",
            "suggested_action": "bypass"
          }
        }
      ],
      "net": {
        "slice": "mMTC",
        "lat_ms": 150,
        "jitter_ms": 20,
        "loss_pct": 1.5,
        "throughput_mbps": 1.2,
        "edge_load": 0.75
      }
    },
    {
      "turn": 5,
      "speaker": "agent",
      "intent": "compensate_sensor_failure",
      "actions": [
        {
          "type": "a2a",
          "task": "request_thermal_data",
          "to": "uav_02",
          "payload": {
            "target_area": {
              "x": 50.0,
              "y": 100.0
            },
            "priority": "high"
          }
        }
      ],
      "obs": [
        {
          "task": "request_thermal_data",
          "from": "uav_02",
          "status": "success",
          "payload": {
            "thermal_data_received": true,
            "anomalies_detected": [
              "hotspot_zone_c"
            ]
          }
        }
      ],
      "net": {
        "slice": "URLLC",
        "lat_ms": 9,
        "jitter_ms": 1.5,
        "loss_pct": 0.03,
        "throughput_mbps": 110,
        "edge_load": 0.42
      }
    },
    {
      "turn": 6,
      "speaker": "user",
      "intent": "redirect_to_hotspot",
      "actions": [
        {
          "type": "mcp",
          "name": "set_waypoint",
          "args": {
            "x": 65.0,
            "y": 95.0,
            "z": 45.0
          }
        }
      ],
      "obs": [
        {
          "tool": "set_waypoint",
          "result": {
            "waypoint_set": true,
            "eta_s": 45,
            "path_valid": true
          }
        }
      ],
      "net": {
        "slice": "eMBB",
        "lat_ms": 13,
        "jitter_ms": 2.1,
        "loss_pct": 0.2,
        "throughput_mbps": 800,
        "edge_load": 0.38
      }
    },
    {
      "turn": 7,
      "speaker": "agent",
      "intent": "perform_inspection",
      "actions": [
        {
          "type": "mcp",
          "name": "capture_image",
          "args": {
            "sensor": "lidar",
            "mode": "high_res"
          }
        },
        {
          "type": "mcp",
          "name": "capture_image",
          "args": {
            "sensor": "rgb",
            "mode": "normal"
          }
        }
      ],
      "obs": [
        {
          "tool": "capture_image",
          "result": {
            "sensor": "lidar",
            "status": "success",
            "file": "lidar_scan_001.pcd"
          }
        },
        {
          "tool": "capture_image",
          "result": {
            "sensor": "rgb",
            "status": "success",
            "file": "rgb_img_001.jpg"
          }
        }
      ],
      "net": {
        "slice": "eMBB",
        "lat_ms": 14,
        "jitter_ms": 2.3,
        "loss_pct": 0.18,
        "throughput_mbps": 780,
        "edge_load": 0.41
      }
    },
    {
      "turn": 8,
      "speaker": "user",
      "intent": "check_battery_and_return",
      "actions": [
        {
          "type": "mcp",
          "name": "read_telemetry",
          "args": {}
        }
      ],
      "obs": [
        {
          "tool": "read_telemetry",
          "result": {
            "pose": {
              "x": 65.0,
              "y": 95.0,
              "z": 45.0
            },
            "battery_pct": 78.0,
            "speed_mps": 12.0
          }
        }
      ],
      "net": {
        "slice": "URLLC",
        "lat_ms": 7,
        "jitter_ms": 1.0,
        "loss_pct": 0.01,
        "throughput_mbps": 130,
        "edge_load": 0.39
      }
    },
    {
      "turn": 9,
      "speaker": "agent",
      "intent": "initiate_return",
      "actions": [
        {
          "type": "mcp",
          "name": "set_waypoint",
          "args": {
            "x": 20.0,
            "y": 20.0,
            "z": 30.0
          }
        },
        {
          "type": "a2a",
          "task": "disband_swarm",
          "to": "uav_swarm_agent",
          "payload": {
            "reason": "mission_complete"
          }
        }
      ],
      "obs": [
        {
          "tool": "set_waypoint",
          "result": {
            "waypoint_set": true,
            "eta_s": 62,
            "path_valid": true
          }
        },
        {
          "task": "disband_swarm",
          "from": "uav_swarm_agent",
          "status": "acknowledged",
          "payload": {
            "swarm_status": "disbanded"
          }
        }
      ],
      "net": {
        "slice": "URLLC",
        "lat_ms": 8,
        "jitter_ms": 1.3,
        "loss_pct": 0.02,
        "throughput_mbps": 125,
        "edge_load": 0.37
      }
    },
    {
      "turn": 10,
      "speaker": "user",
      "intent": "confirm_return_path",
      "actions": [
        {
          "type": "mcp",
          "name": "validate_path",
          "args": {
            "waypoints": [
              {
                "x": 20.0,
                "y": 20.0,
                "z": 30.0
              }
            ]
          }
        }
      ],
      "obs": [
        {
          "tool": "validate_path",
          "result": {
            "path_clear": true,
            "geofence_compliant": true,
            "alt_compliant": true
          }
        }
      ],
      "net": {
        "slice": "mMTC",
        "lat_ms": 160,
        "jitter_ms": 22,
        "loss_pct": 1.8,
        "throughput_mbps": 1.0,
        "edge_load": 0.78
      }
    },
    {
      "turn": 11,
      "speaker": "agent",
      "intent": "land_uav",
      "actions": [
        {
          "type": "mcp",
          "name": "execute_landing",
          "args": {
            "target": "home"
          }
        }
      ],
      "obs": [
        {
          "tool": "execute_landing",
          "result": {
            "status": "completed",
            "final_pose": {
              "x": 20.0,
              "y": 20.0,
              "z": 0.0
            },
            "battery_pct": 68.0
          }
        }
      ],
      "net": {
        "slice": "URLLC",
        "lat_ms": 6,
        "jitter_ms": 0.8,
        "loss_pct": 0.0,
        "throughput_mbps": 140,
        "edge_load": 0.34
      }
    }
  ],
  "final_state": {
    "domain": "uav",
    "time_s": 180.0,
    "env": {
      "weather": "dust",
      "wind_mps": 8.0,
      "wind_dir_deg": 225.0
    },
    "airspace": {
      "alt_bounds": [
        10.0,
        120.0
      ],
      "geofence": [
        {
          "type": "polygon",
          "points": [
            [
              0,
              0
            ],
            [
              0,
              200
            ],
            [
              150,
              200
            ],
            [
              150,
              0
            ]
          ]
        }
      ]
    },
    "uav": {
      "pose": {
        "x": 20.0,
        "y": 20.0,
        "z": 0.0,
        "yaw": 90.0
      },
      "speed_mps": 0.0,
      "energy": {
        "battery_pct": 68.0
      },
      "sensors": {
        "rgb": "ok",
        "thermal": "faulty",
        "lidar": "active",
        "radar": "active",
        "gnss": "ok",
        "imu": "ok",
        "magnetometer": "ok",
        "barometer": "ok"
      },
      "payloads": []
    },
    "policy": {
      "alt_bounds": [
        10.0,
        120.0
      ]
    },
    "safety_flags": {
      "nfz_violation": false,
      "separation_breach": false
    }
  },
  "success": true,
  "_meta": {
    "seed": 42,
    "ts": 1764057829,
    "ts_iso": "2025-11-25T08:03:49Z",
    "gen_time_s": 62.85362648963928,
    "attempts_used": 1,
    "generation_failed": false,
    "usage": {
      "prompt_tokens": 1038,
      "completion_tokens": 3651,
      "total_tokens": 4689,
      "cost": 0.00308052,
      "is_byok": false,
      "prompt_tokens_details": {
        "cached_tokens": 624,
        "audio_tokens": 0,
        "video_tokens": 0
      },
      "cost_details": {
        "upstream_inference_cost": null,
        "upstream_inference_prompt_cost": 0.00015972,
        "upstream_inference_completions_cost": 0.0029208
      },
      "completion_tokens_details": {
        "reasoning_tokens": 0,
        "image_tokens": 0
      }
    }
  }
}