{
  "initial_state": {
    "domain": "uav",
    "time_s": 0.0,
    "env": {
      "weather": "icing",
      "wind_mps": 6.0,
      "wind_dir_deg": 140.0
    },
    "airspace": {
      "alt_bounds": [
        10.0,
        120.0
      ],
      "geofence": [
        {
          "type": "polygon",
          "points": [
            [
              100,
              100
            ],
            [
              500,
              100
            ],
            [
              500,
              500
            ],
            [
              100,
              500
            ]
          ]
        }
      ]
    },
    "uav": {
      "pose": {
        "x": 150.0,
        "y": 150.0,
        "z": 15.0,
        "yaw": 45.0
      },
      "speed_mps": 22.0,
      "energy": {
        "battery_pct": 100.0
      },
      "sensors": {
        "rgb": "offline",
        "thermal": "ok",
        "lidar": "ok",
        "radar": "ok",
        "gnss": "ok",
        "imu": "ok",
        "magnetometer": "ok",
        "barometer": "ok"
      },
      "payloads": []
    },
    "policy": {
      "alt_bounds": [
        10.0,
        120.0
      ]
    },
    "safety_flags": {
      "nfz_violation": false,
      "separation_breach": false
    }
  },
  "dialogue": [
    {
      "turn": 1,
      "speaker": "agent",
      "intent": "initiate mission under 6G URLLC slice",
      "actions": [
        {
          "type": "mcp",
          "name": "read_telemetry",
          "args": {}
        },
        {
          "type": "a2a",
          "task": "request_weather_update",
          "to": "met_agent",
          "payload": {
            "location": [
              150,
              150
            ]
          }
        }
      ],
      "obs": [
        {
          "tool": "read_telemetry",
          "result": {
            "pose": {
              "x": 150.0,
              "y": 150.0,
              "z": 15.0,
              "yaw": 45.0
            },
            "speed_mps": 22.0,
            "battery_pct": 100.0
          }
        },
        {
          "task": "request_weather_update",
          "from": "met_agent",
          "status": "ok",
          "payload": {
            "weather": "icing",
            "wind_mps": 6.0,
            "wind_dir_deg": 140.0,
            "visibility_m": 400
          }
        }
      ],
      "net": {
        "slice": "URLLC",
        "lat_ms": 3,
        "jitter_ms": 0.8,
        "loss_pct": 0.01,
        "throughput_mbps": 50,
        "edge_load": 0.3
      }
    },
    {
      "turn": 2,
      "speaker": "user",
      "intent": "approve takeoff and confirm sensor status",
      "actions": [
        {
          "type": "mcp",
          "name": "check_sensors",
          "args": {}
        }
      ],
      "obs": [
        {
          "tool": "check_sensors",
          "result": {
            "status": "partial",
            "offline": [
              "rgb"
            ],
            "active": [
              "thermal",
              "lidar",
              "radar",
              "gnss",
              "imu",
              "magnetometer",
              "barometer"
            ]
          }
        }
      ],
      "net": {
        "slice": "URLLC",
        "lat_ms": 4,
        "jitter_ms": 1.0,
        "loss_pct": 0.02,
        "throughput_mbps": 48,
        "edge_load": 0.35
      }
    },
    {
      "turn": 3,
      "speaker": "agent",
      "intent": "adjust flight plan for icing and low visibility",
      "actions": [
        {
          "type": "mcp",
          "name": "set_altitude",
          "args": {
            "target_z": 80.0
          }
        },
        {
          "type": "a2a",
          "task": "collision_avoidance",
          "to": "uav_swarm_agent",
          "payload": {
            "current_pose": {
              "x": 150.0,
              "y": 150.0,
              "z": 15.0
            },
            "target_waypoint": {
              "x": 400,
              "y": 400,
              "z": 80.0
            }
          }
        }
      ],
      "obs": [
        {
          "tool": "set_altitude",
          "result": {
            "status": "executing",
            "target_z": 80.0
          }
        },
        {
          "task": "collision_avoidance",
          "from": "uav_swarm_agent",
          "status": "ok",
          "payload": {
            "safe": true,
            "recommended_alt": 80.0
          }
        }
      ],
      "net": {
        "slice": "URLLC",
        "lat_ms": 5,
        "jitter_ms": 1.2,
        "loss_pct": 0.05,
        "throughput_mbps": 45,
        "edge_load": 0.4
      }
    },
    {
      "turn": 4,
      "speaker": "user",
      "intent": "request thermal imaging for route scan",
      "actions": [
        {
          "type": "mcp",
          "name": "activate_sensor",
          "args": {
            "sensor": "thermal"
          }
        }
      ],
      "obs": [
        {
          "tool": "activate_sensor",
          "result": {
            "sensor": "thermal",
            "status": "active",
            "data_rate_mbps": 5
          }
        }
      ],
      "net": {
        "slice": "eMBB",
        "lat_ms": 12,
        "jitter_ms": 3.0,
        "loss_pct": 0.1,
        "throughput_mbps": 120,
        "edge_load": 0.6
      }
    },
    {
      "turn": 5,
      "speaker": "agent",
      "intent": "detect obstacle via thermal and reroute",
      "actions": [
        {
          "type": "mcp",
          "name": "scan_area",
          "args": {
            "sensor": "thermal",
            "bounds": [
              200,
              200,
              450,
              450
            ]
          }
        }
      ],
      "obs": [
        {
          "tool": "scan_area",
          "result": {
            "obstacle_detected": true,
            "type": "fog_bank",
            "location": [
              300,
              300
            ],
            "radius_m": 60
          }
        }
      ],
      "net": {
        "slice": "eMBB",
        "lat_ms": 15,
        "jitter_ms": 4.0,
        "loss_pct": 0.2,
        "throughput_mbps": 110,
        "edge_load": 0.65
      }
    },
    {
      "turn": 6,
      "speaker": "user",
      "intent": "approve detour and monitor battery",
      "actions": [
        {
          "type": "mcp",
          "name": "read_telemetry",
          "args": {}
        }
      ],
      "obs": [
        {
          "tool": "read_telemetry",
          "result": {
            "pose": {
              "x": 180.0,
              "y": 180.0,
              "z": 78.0,
              "yaw": 50.0
            },
            "speed_mps": 20.0,
            "battery_pct": 96.0
          }
        }
      ],
      "net": {
        "slice": "URLLC",
        "lat_ms": 6,
        "jitter_ms": 1.5,
        "loss_pct": 0.08,
        "throughput_mbps": 40,
        "edge_load": 0.5
      }
    },
    {
      "turn": 7,
      "speaker": "agent",
      "intent": "execute detour via waypoint adjustment",
      "actions": [
        {
          "type": "mcp",
          "name": "set_waypoint",
          "args": {
            "x": 420,
            "y": 350,
            "z": 80.0
          }
        },
        {
          "type": "a2a",
          "task": "update_swarm_route",
          "to": "uav_swarm_agent",
          "payload": {
            "detour": true,
            "new_waypoint": {
              "x": 420,
              "y": 350,
              "z": 80.0
            }
          }
        }
      ],
      "obs": [
        {
          "tool": "set_waypoint",
          "result": {
            "status": "updated",
            "waypoint": {
              "x": 420,
              "y": 350,
              "z": 80.0
            }
          }
        },
        {
          "task": "update_swarm_route",
          "from": "uav_swarm_agent",
          "status": "acknowledged",
          "payload": {
            "detour_accepted": true
          }
        }
      ],
      "net": {
        "slice": "URLLC",
        "lat_ms": 7,
        "jitter_ms": 1.8,
        "loss_pct": 0.12,
        "throughput_mbps": 38,
        "edge_load": 0.55
      }
    },
    {
      "turn": 8,
      "speaker": "user",
      "intent": "verify geofence compliance and safety",
      "actions": [
        {
          "type": "mcp",
          "name": "check_geofence",
          "args": {}
        }
      ],
      "obs": [
        {
          "tool": "check_geofence",
          "result": {
            "inside": true,
            "distance_to_boundary_m": 80.0
          }
        }
      ],
      "net": {
        "slice": "mMTC",
        "lat_ms": 200,
        "jitter_ms": 50,
        "loss_pct": 1.5,
        "throughput_mbps": 1,
        "edge_load": 0.2
      }
    },
    {
      "turn": 9,
      "speaker": "agent",
      "intent": "proceed with delivery under degraded network",
      "actions": [
        {
          "type": "mcp",
          "name": "set_speed",
          "args": {
            "speed_mps": 18.0
          }
        }
      ],
      "obs": [
        {
          "tool": "set_speed",
          "result": {
            "status": "adjusted",
            "speed_mps": 18.0
          }
        }
      ],
      "net": {
        "slice": "mMTC",
        "lat_ms": 220,
        "jitter_ms": 55,
        "loss_pct": 2.0,
        "throughput_mbps": 0.8,
        "edge_load": 0.25
      }
    },
    {
      "turn": 10,
      "speaker": "user",
      "intent": "request final approach confirmation",
      "actions": [
        {
          "type": "mcp",
          "name": "read_telemetry",
          "args": {}
        }
      ],
      "obs": [
        {
          "tool": "read_telemetry",
          "result": {
            "pose": {
              "x": 410.0,
              "y": 360.0,
              "z": 80.0,
              "yaw": 85.0
            },
            "speed_mps": 18.0,
            "battery_pct": 92.0
          }
        }
      ],
      "net": {
        "slice": "URLLC",
        "lat_ms": 4,
        "jitter_ms": 0.9,
        "loss_pct": 0.03,
        "throughput_mbps": 52,
        "edge_load": 0.32
      }
    },
    {
      "turn": 11,
      "speaker": "agent",
      "intent": "complete delivery and land safely",
      "actions": [
        {
          "type": "mcp",
          "name": "deliver_payload",
          "args": {
            "location": {
              "x": 420,
              "y": 350,
              "z": 12.0
            }
          }
        },
        {
          "type": "mcp",
          "name": "land",
          "args": {}
        }
      ],
      "obs": [
        {
          "tool": "deliver_payload",
          "result": {
            "status": "success",
            "timestamp_s": 115.0
          }
        },
        {
          "tool": "land",
          "result": {
            "status": "completed",
            "final_z": 0.0
          }
        }
      ],
      "net": {
        "slice": "URLLC",
        "lat_ms": 3,
        "jitter_ms": 0.7,
        "loss_pct": 0.01,
        "throughput_mbps": 55,
        "edge_load": 0.28
      }
    }
  ],
  "final_state": {
    "domain": "uav",
    "time_s": 115.0,
    "env": {
      "weather": "icing",
      "wind_mps": 6.0,
      "wind_dir_deg": 140.0
    },
    "airspace": {
      "alt_bounds": [
        10.0,
        120.0
      ],
      "geofence": [
        {
          "type": "polygon",
          "points": [
            [
              100,
              100
            ],
            [
              500,
              100
            ],
            [
              500,
              500
            ],
            [
              100,
              500
            ]
          ]
        }
      ]
    },
    "uav": {
      "pose": {
        "x": 420.0,
        "y": 350.0,
        "z": 0.0,
        "yaw": 85.0
      },
      "speed_mps": 0.0,
      "energy": {
        "battery_pct": 92.0
      },
      "sensors": {
        "rgb": "offline",
        "thermal": "ok",
        "lidar": "ok",
        "radar": "ok",
        "gnss": "ok",
        "imu": "ok",
        "magnetometer": "ok",
        "barometer": "ok"
      },
      "payloads": []
    },
    "policy": {
      "alt_bounds": [
        10.0,
        120.0
      ]
    },
    "safety_flags": {
      "nfz_violation": false,
      "separation_breach": false
    }
  },
  "success": true,
  "_meta": {
    "seed": 42,
    "ts": 1764044721,
    "ts_iso": "2025-11-25T04:25:21Z",
    "gen_time_s": 51.30512022972107,
    "attempts_used": 1,
    "generation_failed": false,
    "usage": {
      "prompt_tokens": 1060,
      "completion_tokens": 3766,
      "total_tokens": 4826,
      "cost": 0.00317736,
      "is_byok": false,
      "prompt_tokens_details": {
        "cached_tokens": 624,
        "audio_tokens": 0,
        "video_tokens": 0
      },
      "cost_details": {
        "upstream_inference_cost": null,
        "upstream_inference_prompt_cost": 0.00016456,
        "upstream_inference_completions_cost": 0.0030128
      },
      "completion_tokens_details": {
        "reasoning_tokens": 0,
        "image_tokens": 0
      }
    }
  }
}