{
  "initial_state": {
    "domain": "uav",
    "time_s": 0.0,
    "env": {
      "weather": "icing",
      "wind_mps": 7.5,
      "wind_dir_deg": 240.0
    },
    "airspace": {
      "alt_bounds": [
        10.0,
        120.0
      ],
      "geofence": [
        {
          "type": "polygon",
          "points": [
            [
              0,
              0
            ],
            [
              0,
              500
            ],
            [
              500,
              500
            ],
            [
              500,
              0
            ]
          ]
        }
      ]
    },
    "uav": {
      "pose": {
        "x": 50.0,
        "y": 50.0,
        "z": 20.0,
        "yaw": 90.0
      },
      "speed_mps": 18.0,
      "energy": {
        "battery_pct": 100.0
      },
      "sensors": {
        "rgb": "ok",
        "thermal": "offline",
        "lidar": "ok",
        "radar": "offline",
        "gnss": "ok",
        "imu": "ok",
        "magnetometer": "ok",
        "barometer": "ok"
      },
      "payloads": []
    },
    "policy": {
      "alt_bounds": [
        10.0,
        120.0
      ]
    },
    "safety_flags": {
      "nfz_violation": false,
      "separation_breach": false
    }
  },
  "dialogue": [
    {
      "turn": 1,
      "speaker": "agent",
      "intent": "initiate mission and check telemetry",
      "actions": [
        {
          "type": "mcp",
          "name": "read_telemetry",
          "args": {}
        }
      ],
      "obs": [
        {
          "tool": "read_telemetry",
          "result": {
            "pose": {
              "x": 50.0,
              "y": 50.0,
              "z": 20.0,
              "yaw": 90.0
            },
            "speed_mps": 18.0,
            "battery_pct": 100.0,
            "sensors": [
              "rgb",
              "lidar",
              "gnss",
              "imu",
              "magnetometer",
              "barometer"
            ]
          }
        }
      ],
      "net": {
        "slice": "eMBB",
        "lat_ms": 12,
        "jitter_ms": 3,
        "loss_pct": 0.1,
        "throughput_mbps": 850,
        "edge_load": 0.45
      }
    },
    {
      "turn": 2,
      "speaker": "user",
      "intent": "confirm mission start and request route plan",
      "actions": [
        {
          "type": "mcp",
          "name": "request_route_plan",
          "args": {
            "destination": {
              "x": 450.0,
              "y": 450.0,
              "z": 100.0
            }
          }
        }
      ],
      "obs": [
        {
          "tool": "request_route_plan",
          "result": {
            "route": [
              {
                "x": 50.0,
                "y": 50.0,
                "z": 20.0
              },
              {
                "x": 150.0,
                "y": 150.0,
                "z": 60.0
              },
              {
                "x": 250.0,
                "y": 250.0,
                "z": 80.0
              },
              {
                "x": 350.0,
                "y": 350.0,
                "z": 90.0
              },
              {
                "x": 450.0,
                "y": 450.0,
                "z": 100.0
              }
            ],
            "estimated_duration_s": 180,
            "battery_impact_pct": 18
          }
        }
      ],
      "net": {
        "slice": "eMBB",
        "lat_ms": 14,
        "jitter_ms": 4,
        "loss_pct": 0.2,
        "throughput_mbps": 800,
        "edge_load": 0.5
      }
    },
    {
      "turn": 3,
      "speaker": "agent",
      "intent": "coordinate with swarm for collision avoidance",
      "actions": [
        {
          "type": "a2a",
          "task": "collision_avoidance",
          "to": "uav_swarm_agent",
          "payload": {
            "current_pose": {
              "x": 50.0,
              "y": 50.0,
              "z": 20.0
            },
            "route": [
              {
                "x": 150.0,
                "y": 150.0,
                "z": 60.0
              }
            ]
          }
        }
      ],
      "obs": [
        {
          "task": "collision_avoidance",
          "from": "uav_swarm_agent",
          "status": "ok",
          "payload": {
            "clearance": true,
            "recommended_alt_offset": 0
          }
        }
      ],
      "net": {
        "slice": "URLLC",
        "lat_ms": 8,
        "jitter_ms": 1,
        "loss_pct": 0.05,
        "throughput_mbps": 100,
        "edge_load": 0.3
      }
    },
    {
      "turn": 4,
      "speaker": "user",
      "intent": "enable thermal sensor despite icing",
      "actions": [
        {
          "type": "mcp",
          "name": "activate_sensor",
          "args": {
            "sensor": "thermal"
          }
        }
      ],
      "obs": [
        {
          "tool": "activate_sensor",
          "result": {
            "sensor": "thermal",
            "status": "failed",
            "reason": "icing prevents thermal sensor activation"
          }
        }
      ],
      "net": {
        "slice": "eMBB",
        "lat_ms": 15,
        "jitter_ms": 5,
        "loss_pct": 0.3,
        "throughput_mbps": 750,
        "edge_load": 0.55
      }
    },
    {
      "turn": 5,
      "speaker": "agent",
      "intent": "adjust altitude due to weather and verify pose",
      "actions": [
        {
          "type": "mcp",
          "name": "set_altitude",
          "args": {
            "z": 80.0
          }
        },
        {
          "type": "mcp",
          "name": "read_telemetry",
          "args": {}
        }
      ],
      "obs": [
        {
          "tool": "set_altitude",
          "result": {
            "target_z": 80.0,
            "status": "executing"
          }
        },
        {
          "tool": "read_telemetry",
          "result": {
            "pose": {
              "x": 100.0,
              "y": 100.0,
              "z": 50.0,
              "yaw": 90.0
            },
            "speed_mps": 17.5,
            "battery_pct": 98.5
          }
        }
      ],
      "net": {
        "slice": "URLLC",
        "lat_ms": 9,
        "jitter_ms": 2,
        "loss_pct": 0.1,
        "throughput_mbps": 120,
        "edge_load": 0.35
      }
    },
    {
      "turn": 6,
      "speaker": "user",
      "intent": "request emergency hover due to network degradation",
      "actions": [
        {
          "type": "mcp",
          "name": "set_speed",
          "args": {
            "speed_mps": 0.0
          }
        }
      ],
      "obs": [
        {
          "tool": "set_speed",
          "result": {
            "speed_mps": 0.0,
            "status": "hovering"
          }
        }
      ],
      "net": {
        "slice": "mMTC",
        "lat_ms": 120,
        "jitter_ms": 25,
        "loss_pct": 5.0,
        "throughput_mbps": 1,
        "edge_load": 0.85
      }
    },
    {
      "turn": 7,
      "speaker": "agent",
      "intent": "initiate low-bandwidth telemetry sync",
      "actions": [
        {
          "type": "mcp",
          "name": "read_telemetry",
          "args": {
            "fields": [
              "pose",
              "battery_pct"
            ]
          }
        }
      ],
      "obs": [
        {
          "tool": "read_telemetry",
          "result": {
            "pose": {
              "x": 100.0,
              "y": 100.0,
              "z": 80.0,
              "yaw": 90.0
            },
            "battery_pct": 98.0
          }
        }
      ],
      "net": {
        "slice": "mMTC",
        "lat_ms": 110,
        "jitter_ms": 30,
        "loss_pct": 6.0,
        "throughput_mbps": 0.8,
        "edge_load": 0.9
      }
    },
    {
      "turn": 8,
      "speaker": "user",
      "intent": "resume mission with updated route",
      "actions": [
        {
          "type": "mcp",
          "name": "update_route",
          "args": {
            "waypoints": [
              {
                "x": 200.0,
                "y": 200.0,
                "z": 85.0
              },
              {
                "x": 450.0,
                "y": 450.0,
                "z": 100.0
              }
            ]
          }
        }
      ],
      "obs": [
        {
          "tool": "update_route",
          "result": {
            "status": "accepted",
            "new_waypoints": [
              {
                "x": 200.0,
                "y": 200.0,
                "z": 85.0
              },
              {
                "x": 450.0,
                "y": 450.0,
                "z": 100.0
              }
            ]
          }
        }
      ],
      "net": {
        "slice": "URLLC",
        "lat_ms": 10,
        "jitter_ms": 2,
        "loss_pct": 0.15,
        "throughput_mbps": 110,
        "edge_load": 0.4
      }
    },
    {
      "turn": 9,
      "speaker": "agent",
      "intent": "verify geofence compliance and battery",
      "actions": [
        {
          "type": "mcp",
          "name": "check_geofence",
          "args": {}
        },
        {
          "type": "mcp",
          "name": "read_telemetry",
          "args": {
            "fields": [
              "battery_pct"
            ]
          }
        }
      ],
      "obs": [
        {
          "tool": "check_geofence",
          "result": {
            "inside": true,
            "violation": false
          }
        },
        {
          "tool": "read_telemetry",
          "result": {
            "battery_pct": 96.5
          }
        }
      ],
      "net": {
        "slice": "URLLC",
        "lat_ms": 8,
        "jitter_ms": 1,
        "loss_pct": 0.05,
        "throughput_mbps": 130,
        "edge_load": 0.3
      }
    },
    {
      "turn": 10,
      "speaker": "user",
      "intent": "request final approach and landing",
      "actions": [
        {
          "type": "mcp",
          "name": "set_destination",
          "args": {
            "x": 450.0,
            "y": 450.0,
            "z": 10.0
          }
        }
      ],
      "obs": [
        {
          "tool": "set_destination",
          "result": {
            "status": "en_route",
            "estimated_arrival_s": 65
          }
        }
      ],
      "net": {
        "slice": "eMBB",
        "lat_ms": 13,
        "jitter_ms": 3,
        "loss_pct": 0.2,
        "throughput_mbps": 820,
        "edge_load": 0.48
      }
    },
    {
      "turn": 11,
      "speaker": "agent",
      "intent": "confirm landing safety and log mission",
      "actions": [
        {
          "type": "mcp",
          "name": "verify_landing_zone",
          "args": {}
        },
        {
          "type": "mcp",
          "name": "log_mission_event",
          "args": {
            "event": "landing_initiated",
            "battery_pct": 94.0
          }
        }
      ],
      "obs": [
        {
          "tool": "verify_landing_zone",
          "result": {
            "clear": true,
            "obstacles": []
          }
        },
        {
          "tool": "log_mission_event",
          "result": {
            "logged": true,
            "event": "landing_initiated"
          }
        }
      ],
      "net": {
        "slice": "URLLC",
        "lat_ms": 7,
        "jitter_ms": 1,
        "loss_pct": 0.0,
        "throughput_mbps": 150,
        "edge_load": 0.25
      }
    }
  ],
  "final_state": {
    "domain": "uav",
    "time_s": 245.0,
    "env": {
      "weather": "icing",
      "wind_mps": 7.5,
      "wind_dir_deg": 240.0
    },
    "airspace": {
      "alt_bounds": [
        10.0,
        120.0
      ],
      "geofence": [
        {
          "type": "polygon",
          "points": [
            [
              0,
              0
            ],
            [
              0,
              500
            ],
            [
              500,
              500
            ],
            [
              500,
              0
            ]
          ]
        }
      ]
    },
    "uav": {
      "pose": {
        "x": 450.0,
        "y": 450.0,
        "z": 10.0,
        "yaw": 90.0
      },
      "speed_mps": 0.0,
      "energy": {
        "battery_pct": 94.0
      },
      "sensors": {
        "rgb": "ok",
        "thermal": "offline",
        "lidar": "ok",
        "radar": "offline",
        "gnss": "ok",
        "imu": "ok",
        "magnetometer": "ok",
        "barometer": "ok"
      },
      "payloads": []
    },
    "policy": {
      "alt_bounds": [
        10.0,
        120.0
      ]
    },
    "safety_flags": {
      "nfz_violation": false,
      "separation_breach": false
    }
  },
  "success": true,
  "_meta": {
    "seed": 42,
    "ts": 1763986194,
    "ts_iso": "2025-11-24T12:09:54Z",
    "gen_time_s": 109.79680895805359,
    "attempts_used": 2,
    "generation_failed": false,
    "usage": {
      "prompt_tokens": 1096,
      "completion_tokens": 3633,
      "total_tokens": 4729,
      "cost": 0.00303312,
      "is_byok": false,
      "prompt_tokens_details": {
        "cached_tokens": 1040,
        "audio_tokens": 0,
        "video_tokens": 0
      },
      "cost_details": {
        "upstream_inference_cost": null,
        "upstream_inference_prompt_cost": 0.00012672,
        "upstream_inference_completions_cost": 0.0029064
      },
      "completion_tokens_details": {
        "reasoning_tokens": 0,
        "image_tokens": 0
      }
    }
  }
}