{
  "initial_state": {
    "domain": "uav",
    "time_s": 0.0,
    "env": {
      "weather": "good",
      "wind_mps": 6.5,
      "wind_dir_deg": 180.0
    },
    "airspace": {
      "alt_bounds": [
        2.0,
        30.0
      ],
      "geofence": [
        {
          "type": "polygon",
          "points": [
            [
              0,
              0
            ],
            [
              100,
              0
            ],
            [
              100,
              80
            ],
            [
              0,
              80
            ]
          ]
        }
      ]
    },
    "uav": {
      "pose": {
        "x": 10.0,
        "y": 10.0,
        "z": 15.0,
        "yaw": 90.0
      },
      "speed_mps": 28.0,
      "energy": {
        "battery_pct": 100.0
      },
      "sensors": {
        "rgb": "ok",
        "thermal": "ok",
        "lidar": "ok",
        "radar": "offline",
        "gnss": "ok",
        "imu": "ok",
        "magnetometer": "ok",
        "barometer": "ok"
      },
      "payloads": []
    },
    "policy": {
      "alt_bounds": [
        2.0,
        30.0
      ]
    },
    "safety_flags": {
      "nfz_violation": false,
      "separation_breach": false
    }
  },
  "dialogue": [
    {
      "turn": 1,
      "speaker": "agent",
      "intent": "initiate_survey_mission",
      "actions": [
        {
          "type": "mcp",
          "name": "read_telemetry",
          "args": {}
        },
        {
          "type": "a2a",
          "task": "request_weather_update",
          "to": "weather_agent",
          "payload": {
            "location": {
              "x": 10.0,
              "y": 10.0
            }
          }
        }
      ],
      "obs": [
        {
          "tool": "read_telemetry",
          "result": {
            "pose": {
              "x": 10.0,
              "y": 10.0,
              "z": 15.0
            },
            "battery_pct": 100.0,
            "speed_mps": 28.0
          }
        },
        {
          "task": "request_weather_update",
          "from": "weather_agent",
          "status": "ok",
          "payload": {
            "wind_mps": 6.5,
            "gusts": 8.2,
            "turbulence": "low"
          }
        }
      ],
      "net": {
        "slice": "eMBB",
        "lat_ms": 12,
        "jitter_ms": 2,
        "loss_pct": 0.1,
        "throughput_mbps": 850,
        "edge_load": 0.35
      }
    },
    {
      "turn": 2,
      "speaker": "user",
      "intent": "approve_mission_and_request_altitude_adjustment",
      "actions": [
        {
          "type": "mcp",
          "name": "set_altitude",
          "args": {
            "target_z": 25.0
          }
        }
      ],
      "obs": [
        {
          "tool": "set_altitude",
          "result": {
            "status": "accepted",
            "target_z": 25.0,
            "expected_time_s": 3.2
          }
        }
      ],
      "net": {
        "slice": "eMBB",
        "lat_ms": 10,
        "jitter_ms": 1.8,
        "loss_pct": 0.05,
        "throughput_mbps": 900,
        "edge_load": 0.3
      }
    },
    {
      "turn": 3,
      "speaker": "agent",
      "intent": "execute_climb_and_verify_sensor_status",
      "actions": [
        {
          "type": "mcp",
          "name": "execute_maneuver",
          "args": {
            "maneuver": "climb",
            "target_z": 25.0
          }
        },
        {
          "type": "mcp",
          "name": "diagnose_sensor",
          "args": {
            "sensor": "radar"
          }
        }
      ],
      "obs": [
        {
          "tool": "execute_maneuver",
          "result": {
            "status": "completed",
            "final_z": 25.0,
            "duration_s": 3.1
          }
        },
        {
          "tool": "diagnose_sensor",
          "result": {
            "sensor": "radar",
            "status": "offline",
            "diagnosis": "antenna_disconnected"
          }
        }
      ],
      "net": {
        "slice": "URLLC",
        "lat_ms": 8,
        "jitter_ms": 0.9,
        "loss_pct": 0.02,
        "throughput_mbps": 120,
        "edge_load": 0.2
      }
    },
    {
      "turn": 4,
      "speaker": "user",
      "intent": "request_swarm_coordination_for_coverage",
      "actions": [
        {
          "type": "a2a",
          "task": "initiate_swarm_formation",
          "to": "uav_swarm_agent",
          "payload": {
            "pattern": "line_abreast",
            "spacing_m": 15,
            "waypoints": [
              {
                "x": 50,
                "y": 20,
                "z": 25
              },
              {
                "x": 80,
                "y": 60,
                "z": 25
              }
            ]
          }
        }
      ],
      "obs": [
        {
          "task": "initiate_swarm_formation",
          "from": "uav_swarm_agent",
          "status": "acknowledged",
          "payload": {
            "assigned_role": "lead_uav",
            "formation_stable": true
          }
        }
      ],
      "net": {
        "slice": "URLLC",
        "lat_ms": 9,
        "jitter_ms": 1.1,
        "loss_pct": 0.03,
        "throughput_mbps": 110,
        "edge_load": 0.25
      }
    },
    {
      "turn": 5,
      "speaker": "agent",
      "intent": "detect_network_degradation_and_adapt",
      "actions": [
        {
          "type": "mcp",
          "name": "read_network_metrics",
          "args": {}
        }
      ],
      "obs": [
        {
          "tool": "read_network_metrics",
          "result": {
            "slice": "mMTC",
            "lat_ms": 120,
            "jitter_ms": 25,
            "loss_pct": 8.5,
            "throughput_mbps": 1.2
          }
        }
      ],
      "net": {
        "slice": "mMTC",
        "lat_ms": 120,
        "jitter_ms": 25,
        "loss_pct": 8.5,
        "throughput_mbps": 1.2,
        "edge_load": 0.85
      }
    },
    {
      "turn": 6,
      "speaker": "user",
      "intent": "instruct_low_bandwidth_operation",
      "actions": [
        {
          "type": "mcp",
          "name": "set_sensor_mode",
          "args": {
            "sensor": "rgb",
            "mode": "low_res_compressed"
          }
        }
      ],
      "obs": [
        {
          "tool": "set_sensor_mode",
          "result": {
            "sensor": "rgb",
            "mode": "low_res_compressed",
            "bandwidth_saved_mbps": 45
          }
        }
      ],
      "net": {
        "slice": "mMTC",
        "lat_ms": 115,
        "jitter_ms": 28,
        "loss_pct": 9.0,
        "throughput_mbps": 1.0,
        "edge_load": 0.88
      }
    },
    {
      "turn": 7,
      "speaker": "agent",
      "intent": "resume_navigation_with_reduced_sensing",
      "actions": [
        {
          "type": "mcp",
          "name": "navigate_to_waypoint",
          "args": {
            "waypoint": {
              "x": 50,
              "y": 20,
              "z": 25
            },
            "speed_mps": 18
          }
        }
      ],
      "obs": [
        {
          "tool": "navigate_to_waypoint",
          "result": {
            "status": "en_route",
            "eta_s": 2.4,
            "path_valid": true
          }
        }
      ],
      "net": {
        "slice": "URLLC",
        "lat_ms": 15,
        "jitter_ms": 3.2,
        "loss_pct": 1.2,
        "throughput_mbps": 95,
        "edge_load": 0.5
      }
    },
    {
      "turn": 8,
      "speaker": "user",
      "intent": "request_emergency_hover_due_to_interference",
      "actions": [
        {
          "type": "mcp",
          "name": "set_flight_mode",
          "args": {
            "mode": "hover"
          }
        }
      ],
      "obs": [
        {
          "tool": "set_flight_mode",
          "result": {
            "mode": "hover",
            "status": "confirmed",
            "position_hold": "stable"
          }
        }
      ],
      "net": {
        "slice": "URLLC",
        "lat_ms": 10,
        "jitter_ms": 1.5,
        "loss_pct": 0.8,
        "throughput_mbps": 105,
        "edge_load": 0.4
      }
    },
    {
      "turn": 9,
      "speaker": "agent",
      "intent": "perform_diagnostic_and_report_status",
      "actions": [
        {
          "type": "mcp",
          "name": "run_system_check",
          "args": {}
        },
        {
          "type": "a2a",
          "task": "report_status",
          "to": "mission_control",
          "payload": {
            "battery_pct": 92.5,
            "position": {
              "x": 50.1,
              "y": 19.9,
              "z": 25.0
            },
            "issues": [
              "radar_offline",
              "temporary_link_degradation"
            ]
          }
        }
      ],
      "obs": [
        {
          "tool": "run_system_check",
          "result": {
            "status": "nominal",
            "battery_pct": 92.5,
            "propulsion": "ok",
            "comms": "degraded_but_stable"
          }
        },
        {
          "task": "report_status",
          "from": "mission_control",
          "status": "received",
          "payload": {
            "ack_id": "ACK-7721",
            "next_instruction": "proceed_to_final_waypoint"
          }
        }
      ],
      "net": {
        "slice": "URLLC",
        "lat_ms": 11,
        "jitter_ms": 1.3,
        "loss_pct": 0.6,
        "throughput_mbps": 110,
        "edge_load": 0.38
      }
    },
    {
      "turn": 10,
      "speaker": "user",
      "intent": "authorize_final_leg",
      "actions": [
        {
          "type": "mcp",
          "name": "navigate_to_waypoint",
          "args": {
            "waypoint": {
              "x": 80,
              "y": 60,
              "z": 25
            },
            "speed_mps": 22
          }
        }
      ],
      "obs": [
        {
          "tool": "navigate_to_waypoint",
          "result": {
            "status": "en_route",
            "eta_s": 2.1,
            "obstacle_free": true
          }
        }
      ],
      "net": {
        "slice": "eMBB",
        "lat_ms": 13,
        "jitter_ms": 2.1,
        "loss_pct": 0.2,
        "throughput_mbps": 800,
        "edge_load": 0.32
      }
    },
    {
      "turn": 11,
      "speaker": "agent",
      "intent": "arrive_and_prepare_landing",
      "actions": [
        {
          "type": "mcp",
          "name": "read_telemetry",
          "args": {}
        },
        {
          "type": "mcp",
          "name": "set_altitude",
          "args": {
            "target_z": 5.0
          }
        }
      ],
      "obs": [
        {
          "tool": "read_telemetry",
          "result": {
            "pose": {
              "x": 79.8,
              "y": 59.9,
              "z": 25.0
            },
            "battery_pct": 88.0,
            "speed_mps": 0.0
          }
        },
        {
          "tool": "set_altitude",
          "result": {
            "status": "accepted",
            "target_z": 5.0
          }
        }
      ],
      "net": {
        "slice": "URLLC",
        "lat_ms": 9,
        "jitter_ms": 1.0,
        "loss_pct": 0.1,
        "throughput_mbps": 130,
        "edge_load": 0.28
      }
    }
  ],
  "final_state": {
    "domain": "uav",
    "time_s": 120.5,
    "env": {
      "weather": "good",
      "wind_mps": 6.5,
      "wind_dir_deg": 180.0
    },
    "airspace": {
      "alt_bounds": [
        2.0,
        30.0
      ],
      "geofence": [
        {
          "type": "polygon",
          "points": [
            [
              0,
              0
            ],
            [
              100,
              0
            ],
            [
              100,
              80
            ],
            [
              0,
              80
            ]
          ]
        }
      ]
    },
    "uav": {
      "pose": {
        "x": 80.0,
        "y": 60.0,
        "z": 5.0,
        "yaw": 90.0
      },
      "speed_mps": 0.0,
      "energy": {
        "battery_pct": 85.0
      },
      "sensors": {
        "rgb": "ok",
        "thermal": "ok",
        "lidar": "ok",
        "radar": "offline",
        "gnss": "ok",
        "imu": "ok",
        "magnetometer": "ok",
        "barometer": "ok"
      },
      "payloads": []
    },
    "policy": {
      "alt_bounds": [
        2.0,
        30.0
      ]
    },
    "safety_flags": {
      "nfz_violation": false,
      "separation_breach": false
    }
  },
  "success": true,
  "_meta": {
    "seed": 42,
    "ts": 1763687748,
    "ts_iso": "2025-11-21T01:15:48Z",
    "gen_time_s": 62.15545654296875,
    "attempts_used": 1,
    "generation_failed": false,
    "usage": {
      "prompt_tokens": 1036,
      "completion_tokens": 3745,
      "total_tokens": 4781,
      "cost": 0.00315704,
      "is_byok": false,
      "prompt_tokens_details": {
        "cached_tokens": 608,
        "audio_tokens": 0,
        "video_tokens": 0
      },
      "cost_details": {
        "upstream_inference_cost": null,
        "upstream_inference_prompt_cost": 0.00016104,
        "upstream_inference_completions_cost": 0.002996
      },
      "completion_tokens_details": {
        "reasoning_tokens": 0,
        "image_tokens": 0
      }
    }
  }
}