{
  "initial_state": {
    "domain": "uav",
    "time_s": 0.0,
    "env": {
      "weather": "thermal_updrafts",
      "wind_mps": 8.0,
      "wind_dir_deg": 270.0
    },
    "airspace": {
      "alt_bounds": [
        1000.0,
        5000.0
      ],
      "geofence": [
        {
          "type": "polygon",
          "points": [
            [
              1000.0,
              1000.0
            ],
            [
              1000.0,
              6000.0
            ],
            [
              7000.0,
              6000.0
            ],
            [
              7000.0,
              1000.0
            ]
          ]
        }
      ]
    },
    "uav": {
      "pose": {
        "x": 1500.0,
        "y": 1500.0,
        "z": 1200.0,
        "yaw": 90.0
      },
      "speed_mps": 28.0,
      "energy": {
        "battery_pct": 100.0
      },
      "sensors": {
        "rgb": "ok",
        "thermal": "ok",
        "lidar": "offline",
        "radar": "ok",
        "gnss": "ok",
        "imu": "ok",
        "magnetometer": "ok",
        "barometer": "ok"
      },
      "payloads": []
    },
    "policy": {
      "alt_bounds": [
        1000.0,
        5000.0
      ]
    },
    "safety_flags": {
      "nfz_violation": false,
      "separation_breach": false
    }
  },
  "dialogue": [
    {
      "turn": 1,
      "speaker": "agent",
      "intent": "initiate_survey_mission",
      "actions": [
        {
          "type": "mcp",
          "name": "read_telemetry",
          "args": {}
        },
        {
          "type": "a2a",
          "task": "request_weather_update",
          "to": "weather_agent",
          "payload": {
            "location": [
              1500.0,
              1500.0
            ]
          }
        }
      ],
      "obs": [
        {
          "tool": "read_telemetry",
          "result": {
            "pose": {
              "x": 1500.0,
              "y": 1500.0,
              "z": 1200.0
            },
            "battery_pct": 100.0,
            "speed_mps": 28.0
          }
        },
        {
          "task": "request_weather_update",
          "from": "weather_agent",
          "status": "ok",
          "payload": {
            "condition": "thermal_updrafts",
            "wind_mps": 8.0
          }
        }
      ],
      "net": {
        "slice": "eMBB",
        "lat_ms": 12,
        "jitter_ms": 2,
        "loss_pct": 0.1,
        "throughput_mbps": 850,
        "edge_load": 0.3
      }
    },
    {
      "turn": 2,
      "speaker": "user",
      "intent": "approve_mission",
      "actions": [
        {
          "type": "mcp",
          "name": "update_mission_plan",
          "args": {
            "waypoints": [
              {
                "x": 4000.0,
                "y": 3000.0,
                "z": 2500.0
              },
              {
                "x": 6000.0,
                "y": 4500.0,
                "z": 3000.0
              }
            ],
            "task": "thermal_survey"
          }
        }
      ],
      "obs": [
        {
          "tool": "update_mission_plan",
          "result": {
            "status": "accepted",
            "eta_first_waypoint": 142.5
          }
        }
      ],
      "net": {
        "slice": "eMBB",
        "lat_ms": 10,
        "jitter_ms": 1,
        "loss_pct": 0.05,
        "throughput_mbps": 900,
        "edge_load": 0.35
      }
    },
    {
      "turn": 3,
      "speaker": "agent",
      "intent": "execute_waypoint_transition",
      "actions": [
        {
          "type": "mcp",
          "name": "set_heading",
          "args": {
            "target_heading": 135.0
          }
        },
        {
          "type": "mcp",
          "name": "set_altitude",
          "args": {
            "target_z": 2500.0
          }
        }
      ],
      "obs": [
        {
          "tool": "set_heading",
          "result": {
            "status": "executing",
            "current_heading": 90.0,
            "target_heading": 135.0
          }
        },
        {
          "tool": "set_altitude",
          "result": {
            "status": "executing",
            "current_z": 1200.0,
            "target_z": 2500.0
          }
        }
      ],
      "net": {
        "slice": "URLLC",
        "lat_ms": 8,
        "jitter_ms": 1,
        "loss_pct": 0.02,
        "throughput_mbps": 100,
        "edge_load": 0.2
      }
    },
    {
      "turn": 4,
      "speaker": "user",
      "intent": "monitor_progress",
      "actions": [
        {
          "type": "mcp",
          "name": "read_telemetry",
          "args": {}
        }
      ],
      "obs": [
        {
          "tool": "read_telemetry",
          "result": {
            "pose": {
              "x": 2200.0,
              "y": 2200.0,
              "z": 1800.0
            },
            "battery_pct": 98.7,
            "speed_mps": 30.2
          }
        }
      ],
      "net": {
        "slice": "URLLC",
        "lat_ms": 9,
        "jitter_ms": 1.5,
        "loss_pct": 0.03,
        "throughput_mbps": 95,
        "edge_load": 0.25
      }
    },
    {
      "turn": 5,
      "speaker": "agent",
      "intent": "detect_network_degradation",
      "actions": [
        {
          "type": "mcp",
          "name": "diagnose_network",
          "args": {}
        }
      ],
      "obs": [
        {
          "tool": "diagnose_network",
          "result": {
            "status": "degraded",
            "cause": "ionospheric_scintillation",
            "recovery_est_ms": 4500
          }
        }
      ],
      "net": {
        "slice": "mMTC",
        "lat_ms": 200,
        "jitter_ms": 50,
        "loss_pct": 8.5,
        "throughput_mbps": 1.2,
        "edge_load": 0.8
      }
    },
    {
      "turn": 6,
      "speaker": "user",
      "intent": "request_contingency_plan",
      "actions": [
        {
          "type": "a2a",
          "task": "request_relay",
          "to": "uav_relay_7",
          "payload": {
            "priority": "high",
            "data_type": "telemetry"
          }
        }
      ],
      "obs": [
        {
          "task": "request_relay",
          "from": "uav_relay_7",
          "status": "acknowledged",
          "payload": {
            "relay_uav_id": "uav_relay_7",
            "link_established": true
          }
        }
      ],
      "net": {
        "slice": "URLLC",
        "lat_ms": 15,
        "jitter_ms": 3,
        "loss_pct": 0.5,
        "throughput_mbps": 120,
        "edge_load": 0.4
      }
    },
    {
      "turn": 7,
      "speaker": "agent",
      "intent": "resume_survey_with_adaptation",
      "actions": [
        {
          "type": "mcp",
          "name": "activate_thermal_camera",
          "args": {}
        },
        {
          "type": "mcp",
          "name": "capture_image",
          "args": {
            "mode": "thermal",
            "resolution": "medium"
          }
        }
      ],
      "obs": [
        {
          "tool": "activate_thermal_camera",
          "result": {
            "status": "active"
          }
        },
        {
          "tool": "capture_image",
          "result": {
            "status": "success",
            "image_id": "thermal_0017",
            "size_kb": 128
          }
        }
      ],
      "net": {
        "slice": "URLLC",
        "lat_ms": 11,
        "jitter_ms": 2,
        "loss_pct": 0.1,
        "throughput_mbps": 110,
        "edge_load": 0.38
      }
    },
    {
      "turn": 8,
      "speaker": "user",
      "intent": "verify_safety_and_position",
      "actions": [
        {
          "type": "mcp",
          "name": "check_geofence",
          "args": {}
        },
        {
          "type": "mcp",
          "name": "check_altitude_compliance",
          "args": {}
        }
      ],
      "obs": [
        {
          "tool": "check_geofence",
          "result": {
            "status": "within_bounds",
            "distance_to_boundary_m": 800.0
          }
        },
        {
          "tool": "check_altitude_compliance",
          "result": {
            "current_z": 2500.0,
            "min_allowed": 1000.0,
            "max_allowed": 5000.0,
            "compliant": true
          }
        }
      ],
      "net": {
        "slice": "URLLC",
        "lat_ms": 10,
        "jitter_ms": 1,
        "loss_pct": 0.05,
        "throughput_mbps": 105,
        "edge_load": 0.32
      }
    },
    {
      "turn": 9,
      "speaker": "agent",
      "intent": "initiate_return_sequence",
      "actions": [
        {
          "type": "mcp",
          "name": "set_waypoint",
          "args": {
            "x": 1500.0,
            "y": 1500.0,
            "z": 1200.0
          }
        },
        {
          "type": "a2a",
          "task": "notify_home_base",
          "to": "control_hub",
          "payload": {
            "status": "returning",
            "battery_remaining": 95.2
          }
        }
      ],
      "obs": [
        {
          "tool": "set_waypoint",
          "result": {
            "status": "accepted",
            "eta": 165.0
          }
        },
        {
          "task": "notify_home_base",
          "from": "control_hub",
          "status": "received",
          "payload": {
            "ack_id": "ACK-8891",
            "next_checkin_s": 60
          }
        }
      ],
      "net": {
        "slice": "URLLC",
        "lat_ms": 9,
        "jitter_ms": 1,
        "loss_pct": 0.02,
        "throughput_mbps": 100,
        "edge_load": 0.3
      }
    },
    {
      "turn": 10,
      "speaker": "user",
      "intent": "confirm_return_and_data_integrity",
      "actions": [
        {
          "type": "mcp",
          "name": "verify_data_transmission",
          "args": {
            "target": "edge_cloud_3"
          }
        }
      ],
      "obs": [
        {
          "tool": "verify_data_transmission",
          "result": {
            "status": "complete",
            "packets_sent": 12400,
            "packets_lost": 12,
            "integrity": "verified"
          }
        }
      ],
      "net": {
        "slice": "eMBB",
        "lat_ms": 14,
        "jitter_ms": 3,
        "loss_pct": 0.1,
        "throughput_mbps": 800,
        "edge_load": 0.4
      }
    }
  ],
  "final_state": {
    "domain": "uav",
    "time_s": 320.0,
    "env": {
      "weather": "thermal_updrafts",
      "wind_mps": 8.0,
      "wind_dir_deg": 270.0
    },
    "airspace": {
      "alt_bounds": [
        1000.0,
        5000.0
      ],
      "geofence": [
        {
          "type": "polygon",
          "points": [
            [
              1000.0,
              1000.0
            ],
            [
              1000.0,
              6000.0
            ],
            [
              7000.0,
              6000.0
            ],
            [
              7000.0,
              1000.0
            ]
          ]
        }
      ]
    },
    "uav": {
      "pose": {
        "x": 1500.0,
        "y": 1500.0,
        "z": 1200.0,
        "yaw": 90.0
      },
      "speed_mps": 0.0,
      "energy": {
        "battery_pct": 95.0
      },
      "sensors": {
        "rgb": "ok",
        "thermal": "ok",
        "lidar": "offline",
        "radar": "ok",
        "gnss": "ok",
        "imu": "ok",
        "magnetometer": "ok",
        "barometer": "ok"
      },
      "payloads": [
        {
          "type": "thermal_data",
          "count": 1,
          "ids": [
            "thermal_0017"
          ]
        }
      ]
    },
    "policy": {
      "alt_bounds": [
        1000.0,
        5000.0
      ]
    },
    "safety_flags": {
      "nfz_violation": false,
      "separation_breach": false
    }
  },
  "success": true,
  "_meta": {
    "seed": 42,
    "ts": 1764058177,
    "ts_iso": "2025-11-25T08:09:37Z",
    "gen_time_s": 58.36785960197449,
    "attempts_used": 1,
    "generation_failed": false,
    "usage": {
      "prompt_tokens": 1090,
      "completion_tokens": 3635,
      "total_tokens": 4725,
      "cost": 0.00302812,
      "is_byok": false,
      "prompt_tokens_details": {
        "cached_tokens": 1088,
        "audio_tokens": 0,
        "video_tokens": 0
      },
      "cost_details": {
        "upstream_inference_cost": null,
        "upstream_inference_prompt_cost": 0.00012012,
        "upstream_inference_completions_cost": 0.002908
      },
      "completion_tokens_details": {
        "reasoning_tokens": 0,
        "image_tokens": 0
      }
    }
  }
}