{
  "initial_state": {
    "domain": "uav",
    "time_s": 0.0,
    "env": {
      "weather": "fog",
      "wind_mps": 8.0,
      "wind_dir_deg": 240.0
    },
    "airspace": {
      "alt_bounds": [
        5.0,
        120.0
      ],
      "geofence": [
        {
          "type": "polygon",
          "points": [
            [
              0.0,
              0.0
            ],
            [
              200.0,
              0.0
            ],
            [
              200.0,
              150.0
            ],
            [
              0.0,
              150.0
            ]
          ]
        }
      ]
    },
    "uav": {
      "pose": {
        "x": 10.0,
        "y": 10.0,
        "z": 30.0,
        "yaw": 90.0
      },
      "speed_mps": 35.0,
      "energy": {
        "battery_pct": 100.0
      },
      "sensors": {
        "rgb": "ok",
        "thermal": "ok",
        "lidar": "offline",
        "radar": "offline",
        "gnss": "ok",
        "imu": "ok",
        "magnetometer": "ok",
        "barometer": "ok"
      },
      "payloads": []
    },
    "policy": {
      "alt_bounds": [
        5.0,
        120.0
      ]
    },
    "safety_flags": {
      "nfz_violation": false,
      "separation_breach": false
    }
  },
  "dialogue": [
    {
      "turn": 1,
      "speaker": "agent",
      "intent": "initiate_inspection_mission",
      "actions": [
        {
          "type": "mcp",
          "name": "read_telemetry",
          "args": {}
        },
        {
          "type": "a2a",
          "task": "request_weather_update",
          "to": "weather_agent",
          "payload": {
            "location": {
              "x": 10.0,
              "y": 10.0
            }
          }
        }
      ],
      "obs": [
        {
          "tool": "read_telemetry",
          "result": {
            "pose": {
              "x": 10.0,
              "y": 10.0,
              "z": 30.0
            },
            "battery_pct": 100.0,
            "speed_mps": 35.0
          }
        },
        {
          "task": "request_weather_update",
          "from": "weather_agent",
          "status": "ok",
          "payload": {
            "weather": "fog",
            "visibility_m": 80
          }
        }
      ],
      "net": {
        "slice": "URLLC",
        "lat_ms": 3,
        "jitter_ms": 0.8,
        "loss_pct": 0.1,
        "throughput_mbps": 50,
        "edge_load": 0.3
      }
    },
    {
      "turn": 2,
      "speaker": "user",
      "intent": "approve_takeoff",
      "actions": [
        {
          "type": "mcp",
          "name": "set_waypoint",
          "args": {
            "x": 100.0,
            "y": 75.0,
            "z": 60.0
          }
        }
      ],
      "obs": [
        {
          "tool": "set_waypoint",
          "result": {
            "status": "accepted",
            "eta_s": 120
          }
        }
      ],
      "net": {
        "slice": "eMBB",
        "lat_ms": 15,
        "jitter_ms": 5,
        "loss_pct": 0.5,
        "throughput_mbps": 120,
        "edge_load": 0.6
      }
    },
    {
      "turn": 3,
      "speaker": "agent",
      "intent": "ascend_to_inspection_altitude",
      "actions": [
        {
          "type": "mcp",
          "name": "adjust_altitude",
          "args": {
            "target_z": 80.0
          }
        },
        {
          "type": "a2a",
          "task": "collision_avoidance_scan",
          "to": "uav_swarm_agent",
          "payload": {
            "current_pose": {
              "x": 10.0,
              "y": 10.0,
              "z": 30.0
            }
          }
        }
      ],
      "obs": [
        {
          "tool": "adjust_altitude",
          "result": {
            "status": "executing",
            "target_z": 80.0
          }
        },
        {
          "task": "collision_avoidance_scan",
          "from": "uav_swarm_agent",
          "status": "clear",
          "payload": {
            "obstacles": []
          }
        }
      ],
      "net": {
        "slice": "URLLC",
        "lat_ms": 4,
        "jitter_ms": 1.0,
        "loss_pct": 0.2,
        "throughput_mbps": 45,
        "edge_load": 0.4
      }
    },
    {
      "turn": 4,
      "speaker": "user",
      "intent": "request_sensor_status",
      "actions": [
        {
          "type": "mcp",
          "name": "diagnose_sensors",
          "args": {}
        }
      ],
      "obs": [
        {
          "tool": "diagnose_sensors",
          "result": {
            "lidar": "faulty_connection",
            "radar": "power_failure"
          }
        }
      ],
      "net": {
        "slice": "mMTC",
        "lat_ms": 25,
        "jitter_ms": 10,
        "loss_pct": 2.0,
        "throughput_mbps": 1,
        "edge_load": 0.8
      }
    },
    {
      "turn": 5,
      "speaker": "agent",
      "intent": "compensate_sensor_failure",
      "actions": [
        {
          "type": "mcp",
          "name": "activate_sensor_fusion",
          "args": {
            "primary": "rgb",
            "secondary": "thermal"
          }
        }
      ],
      "obs": [
        {
          "tool": "activate_sensor_fusion",
          "result": {
            "status": "active",
            "method": "optical_flow_depth_estimation"
          }
        }
      ],
      "net": {
        "slice": "URLLC",
        "lat_ms": 5,
        "jitter_ms": 1.2,
        "loss_pct": 0.3,
        "throughput_mbps": 55,
        "edge_load": 0.35
      }
    },
    {
      "turn": 6,
      "speaker": "user",
      "intent": "reroute_due_to_weather",
      "actions": [
        {
          "type": "mcp",
          "name": "set_waypoint",
          "args": {
            "x": 150.0,
            "y": 100.0,
            "z": 70.0
          }
        }
      ],
      "obs": [
        {
          "tool": "set_waypoint",
          "result": {
            "status": "accepted",
            "eta_s": 95
          }
        }
      ],
      "net": {
        "slice": "eMBB",
        "lat_ms": 18,
        "jitter_ms": 6,
        "loss_pct": 1.0,
        "throughput_mbps": 100,
        "edge_load": 0.7
      }
    },
    {
      "turn": 7,
      "speaker": "agent",
      "intent": "initiate_spiral_inspection",
      "actions": [
        {
          "type": "mcp",
          "name": "start_spiral_pattern",
          "args": {
            "center": {
              "x": 150.0,
              "y": 100.0
            },
            "radius_start": 10.0,
            "radius_end": 30.0,
            "z_start": 70.0,
            "z_end": 40.0,
            "turns": 2
          }
        },
        {
          "type": "a2a",
          "task": "stream_video_chunk",
          "to": "edge_analytics_agent",
          "payload": {
            "stream_id": "uav_thermal_feed_01",
            "duration_s": 30
          }
        }
      ],
      "obs": [
        {
          "tool": "start_spiral_pattern",
          "result": {
            "status": "started",
            "pattern_id": "spiral_003"
          }
        },
        {
          "task": "stream_video_chunk",
          "from": "edge_analytics_agent",
          "status": "received",
          "payload": {
            "analysis": "no_anomalies_detected"
          }
        }
      ],
      "net": {
        "slice": "eMBB",
        "lat_ms": 20,
        "jitter_ms": 8,
        "loss_pct": 1.5,
        "throughput_mbps": 90,
        "edge_load": 0.75
      }
    },
    {
      "turn": 8,
      "speaker": "user",
      "intent": "abort_inspection_due_to_fog",
      "actions": [
        {
          "type": "mcp",
          "name": "halt_mission",
          "args": {}
        }
      ],
      "obs": [
        {
          "tool": "halt_mission",
          "result": {
            "status": "halted",
            "reason": "operator_override"
          }
        }
      ],
      "net": {
        "slice": "URLLC",
        "lat_ms": 3,
        "jitter_ms": 0.9,
        "loss_pct": 0.1,
        "throughput_mbps": 48,
        "edge_load": 0.32
      }
    },
    {
      "turn": 9,
      "speaker": "agent",
      "intent": "return_to_home",
      "actions": [
        {
          "type": "mcp",
          "name": "set_waypoint",
          "args": {
            "x": 10.0,
            "y": 10.0,
            "z": 30.0
          }
        },
        {
          "type": "a2a",
          "task": "notify_home_base",
          "to": "mission_control_agent",
          "payload": {
            "status": "returning",
            "battery_pct": 88.0
          }
        }
      ],
      "obs": [
        {
          "tool": "set_waypoint",
          "result": {
            "status": "accepted",
            "eta_s": 130
          }
        },
        {
          "task": "notify_home_base",
          "from": "mission_control_agent",
          "status": "acknowledged",
          "payload": {}
        }
      ],
      "net": {
        "slice": "URLLC",
        "lat_ms": 4,
        "jitter_ms": 1.1,
        "loss_pct": 0.2,
        "throughput_mbps": 52,
        "edge_load": 0.38
      }
    },
    {
      "turn": 10,
      "speaker": "user",
      "intent": "confirm_return",
      "actions": [
        {
          "type": "mcp",
          "name": "monitor_descent",
          "args": {
            "interval_s": 10
          }
        }
      ],
      "obs": [
        {
          "tool": "monitor_descent",
          "result": {
            "samples": 5,
            "avg_descent_rate_mps": 0.8,
            "final_z": 30.2
          }
        }
      ],
      "net": {
        "slice": "mMTC",
        "lat_ms": 30,
        "jitter_ms": 12,
        "loss_pct": 3.0,
        "throughput_mbps": 0.8,
        "edge_load": 0.9
      }
    }
  ],
  "final_state": {
    "domain": "uav",
    "time_s": 425.0,
    "env": {
      "weather": "fog",
      "wind_mps": 8.0,
      "wind_dir_deg": 240.0
    },
    "airspace": {
      "alt_bounds": [
        5.0,
        120.0
      ],
      "geofence": [
        {
          "type": "polygon",
          "points": [
            [
              0.0,
              0.0
            ],
            [
              200.0,
              0.0
            ],
            [
              200.0,
              150.0
            ],
            [
              0.0,
              150.0
            ]
          ]
        }
      ]
    },
    "uav": {
      "pose": {
        "x": 10.0,
        "y": 10.0,
        "z": 30.2,
        "yaw": 270.0
      },
      "speed_mps": 5.0,
      "energy": {
        "battery_pct": 88.0
      },
      "sensors": {
        "rgb": "ok",
        "thermal": "ok",
        "lidar": "offline",
        "radar": "offline",
        "gnss": "ok",
        "imu": "ok",
        "magnetometer": "ok",
        "barometer": "ok"
      },
      "payloads": []
    },
    "policy": {
      "alt_bounds": [
        5.0,
        120.0
      ]
    },
    "safety_flags": {
      "nfz_violation": false,
      "separation_breach": false
    }
  },
  "success": false,
  "_meta": {
    "seed": 42,
    "ts": 1763941867,
    "ts_iso": "2025-11-23T23:51:07Z",
    "gen_time_s": 92.80366230010986,
    "attempts_used": 2,
    "generation_failed": false,
    "usage": {
      "prompt_tokens": 1103,
      "completion_tokens": 3383,
      "total_tokens": 4486,
      "cost": 0.00283466,
      "is_byok": false,
      "prompt_tokens_details": {
        "cached_tokens": 1040,
        "audio_tokens": 0,
        "video_tokens": 0
      },
      "cost_details": {
        "upstream_inference_cost": null,
        "upstream_inference_prompt_cost": 0.00012826,
        "upstream_inference_completions_cost": 0.0027064
      },
      "completion_tokens_details": {
        "reasoning_tokens": 0,
        "image_tokens": 0
      }
    }
  }
}