{
  "initial_state": {
    "domain": "uav",
    "time_s": 0.0,
    "env": {
      "weather": "icing",
      "wind_mps": 8.0,
      "wind_dir_deg": 270.0
    },
    "airspace": {
      "alt_bounds": [
        30.0,
        300.0
      ],
      "geofence": [
        {
          "type": "polygon",
          "points": [
            [
              0,
              0
            ],
            [
              2000,
              0
            ],
            [
              2000,
              1500
            ],
            [
              0,
              1500
            ]
          ]
        }
      ]
    },
    "uav": {
      "pose": {
        "x": 100.0,
        "y": 100.0,
        "z": 50.0,
        "yaw": 90.0
      },
      "speed_mps": 35.0,
      "energy": {
        "battery_pct": 100.0
      },
      "sensors": {
        "rgb": "ok",
        "thermal": "ok",
        "lidar": "ok",
        "radar": "offline",
        "gnss": "ok",
        "imu": "ok",
        "magnetometer": "ok",
        "barometer": "ok"
      },
      "payloads": []
    },
    "policy": {
      "alt_bounds": [
        30.0,
        300.0
      ]
    },
    "safety_flags": {
      "nfz_violation": false,
      "separation_breach": false
    }
  },
  "dialogue": [
    {
      "turn": 1,
      "speaker": "agent",
      "intent": "initiate mission and check telemetry",
      "actions": [
        {
          "type": "mcp",
          "name": "read_telemetry",
          "args": {}
        }
      ],
      "obs": [
        {
          "tool": "read_telemetry",
          "result": {
            "pose": {
              "x": 100.0,
              "y": 100.0,
              "z": 50.0,
              "yaw": 90.0
            },
            "speed_mps": 35.0,
            "battery_pct": 100.0,
            "sensors": {
              "radar": "offline"
            }
          }
        }
      ],
      "net": {
        "slice": "URLLC",
        "lat_ms": 5,
        "jitter_ms": 1,
        "loss_pct": 0.01,
        "throughput_mbps": 50,
        "edge_load": 0.3
      }
    },
    {
      "turn": 2,
      "speaker": "user",
      "intent": "request radar restart and confirm mission start",
      "actions": [
        {
          "type": "mcp",
          "name": "restart_sensor",
          "args": {
            "sensor": "radar"
          }
        }
      ],
      "obs": [
        {
          "tool": "restart_sensor",
          "result": {
            "sensor": "radar",
            "status": "success",
            "message": "radar reinitialized"
          }
        }
      ],
      "net": {
        "slice": "URLLC",
        "lat_ms": 6,
        "jitter_ms": 1.2,
        "loss_pct": 0.02,
        "throughput_mbps": 48,
        "edge_load": 0.35
      }
    },
    {
      "turn": 3,
      "speaker": "agent",
      "intent": "verify radar status and initiate swarm coordination",
      "actions": [
        {
          "type": "mcp",
          "name": "read_telemetry",
          "args": {}
        },
        {
          "type": "a2a",
          "task": "swarm_formation",
          "to": "uav_swarm_agent",
          "payload": {
            "leader": "uav_01",
            "pattern": "line_abreast",
            "waypoints": [
              [
                500,
                100
              ],
              [
                1000,
                100
              ],
              [
                1500,
                100
              ]
            ]
          }
        }
      ],
      "obs": [
        {
          "tool": "read_telemetry",
          "result": {
            "sensors": {
              "radar": "ok"
            }
          }
        },
        {
          "task": "swarm_formation",
          "from": "uav_swarm_agent",
          "status": "ok",
          "payload": {
            "ack": true,
            "timestamp": 3.2
          }
        }
      ],
      "net": {
        "slice": "eMBB",
        "lat_ms": 25,
        "jitter_ms": 5,
        "loss_pct": 0.1,
        "throughput_mbps": 120,
        "edge_load": 0.6
      }
    },
    {
      "turn": 4,
      "speaker": "user",
      "intent": "request thermal imaging at waypoint 1",
      "actions": [
        {
          "type": "mcp",
          "name": "capture_image",
          "args": {
            "sensor": "thermal",
            "location": {
              "x": 500,
              "y": 100,
              "z": 60
            }
          }
        }
      ],
      "obs": [
        {
          "tool": "capture_image",
          "result": {
            "status": "scheduled",
            "image_id": "thm_001",
            "expected_completion": 5.5
          }
        }
      ],
      "net": {
        "slice": "eMBB",
        "lat_ms": 28,
        "jitter_ms": 6,
        "loss_pct": 0.15,
        "throughput_mbps": 110,
        "edge_load": 0.65
      }
    },
    {
      "turn": 5,
      "speaker": "agent",
      "intent": "detect network degradation and adapt",
      "actions": [
        {
          "type": "mcp",
          "name": "read_network_state",
          "args": {}
        }
      ],
      "obs": [
        {
          "tool": "read_network_state",
          "result": {
            "slice": "eMBB",
            "edge_load": 0.85,
            "predicted_latency_spike": true
          }
        }
      ],
      "net": {
        "slice": "eMBB",
        "lat_ms": 45,
        "jitter_ms": 15,
        "loss_pct": 1.2,
        "throughput_mbps": 80,
        "edge_load": 0.85
      }
    },
    {
      "turn": 6,
      "speaker": "user",
      "intent": "switch to URLLC and reduce non-critical actions",
      "actions": [
        {
          "type": "mcp",
          "name": "switch_network_slice",
          "args": {
            "target": "URLLC"
          }
        },
        {
          "type": "a2a",
          "task": "collision_avoidance",
          "to": "uav_swarm_agent",
          "payload": {
            "mode": "passive",
            "priority": "high"
          }
        }
      ],
      "obs": [
        {
          "tool": "switch_network_slice",
          "result": {
            "status": "success",
            "from": "eMBB",
            "to": "URLLC"
          }
        },
        {
          "task": "collision_avoidance",
          "from": "uav_swarm_agent",
          "status": "active",
          "payload": {
            "mode": "passive",
            "last_update": 6.1
          }
        }
      ],
      "net": {
        "slice": "URLLC",
        "lat_ms": 7,
        "jitter_ms": 1.5,
        "loss_pct": 0.03,
        "throughput_mbps": 45,
        "edge_load": 0.4
      }
    },
    {
      "turn": 7,
      "speaker": "agent",
      "intent": "confirm image capture and request delivery",
      "actions": [
        {
          "type": "mcp",
          "name": "retrieve_data",
          "args": {
            "data_id": "thm_001"
          }
        }
      ],
      "obs": [
        {
          "tool": "retrieve_data",
          "result": {
            "data_id": "thm_001",
            "status": "delivered",
            "size_mb": 4.2,
            "integrity": "verified"
          }
        }
      ],
      "net": {
        "slice": "URLLC",
        "lat_ms": 8,
        "jitter_ms": 1.8,
        "loss_pct": 0.04,
        "throughput_mbps": 42,
        "edge_load": 0.42
      }
    },
    {
      "turn": 8,
      "speaker": "user",
      "intent": "initiate return and conserve energy",
      "actions": [
        {
          "type": "mcp",
          "name": "set_speed",
          "args": {
            "value_mps": 25.0
          }
        },
        {
          "type": "mcp",
          "name": "update_waypoint",
          "args": {
            "waypoint": {
              "x": 100,
              "y": 100,
              "z": 40
            }
          }
        }
      ],
      "obs": [
        {
          "tool": "set_speed",
          "result": {
            "previous": 35.0,
            "current": 25.0,
            "reason": "battery conservation"
          }
        },
        {
          "tool": "update_waypoint",
          "result": {
            "status": "updated",
            "next": [
              100,
              100,
              40
            ]
          }
        }
      ],
      "net": {
        "slice": "mMTC",
        "lat_ms": 100,
        "jitter_ms": 20,
        "loss_pct": 2.5,
        "throughput_mbps": 1,
        "edge_load": 0.2
      }
    },
    {
      "turn": 9,
      "speaker": "agent",
      "intent": "verify safety and request landing clearance",
      "actions": [
        {
          "type": "mcp",
          "name": "check_safety_bounds",
          "args": {}
        }
      ],
      "obs": [
        {
          "tool": "check_safety_bounds",
          "result": {
            "within_alt_bounds": true,
            "within_geofence": true,
            "separation_ok": true,
            "nfz_clear": true
          }
        }
      ],
      "net": {
        "slice": "URLLC",
        "lat_ms": 6,
        "jitter_ms": 1.1,
        "loss_pct": 0.01,
        "throughput_mbps": 50,
        "edge_load": 0.3
      }
    },
    {
      "turn": 10,
      "speaker": "user",
      "intent": "execute safe landing",
      "actions": [
        {
          "type": "mcp",
          "name": "land",
          "args": {
            "precision": true
          }
        }
      ],
      "obs": [
        {
          "tool": "land",
          "result": {
            "status": "completed",
            "final_pose": {
              "x": 100.0,
              "y": 100.0,
              "z": 0.5,
              "yaw": 90.0
            },
            "battery_pct": 78.3
          }
        }
      ],
      "net": {
        "slice": "URLLC",
        "lat_ms": 5,
        "jitter_ms": 0.9,
        "loss_pct": 0.0,
        "throughput_mbps": 55,
        "edge_load": 0.25
      }
    }
  ],
  "final_state": {
    "domain": "uav",
    "time_s": 10.0,
    "env": {
      "weather": "icing",
      "wind_mps": 8.0,
      "wind_dir_deg": 270.0
    },
    "airspace": {
      "alt_bounds": [
        30.0,
        300.0
      ],
      "geofence": [
        {
          "type": "polygon",
          "points": [
            [
              0,
              0
            ],
            [
              2000,
              0
            ],
            [
              2000,
              1500
            ],
            [
              0,
              1500
            ]
          ]
        }
      ]
    },
    "uav": {
      "pose": {
        "x": 100.0,
        "y": 100.0,
        "z": 0.5,
        "yaw": 90.0
      },
      "speed_mps": 0.0,
      "energy": {
        "battery_pct": 78.3
      },
      "sensors": {
        "rgb": "ok",
        "thermal": "ok",
        "lidar": "ok",
        "radar": "ok",
        "gnss": "ok",
        "imu": "ok",
        "magnetometer": "ok",
        "barometer": "ok"
      },
      "payloads": []
    },
    "policy": {
      "alt_bounds": [
        30.0,
        300.0
      ]
    },
    "safety_flags": {
      "nfz_violation": false,
      "separation_breach": false
    }
  },
  "success": true,
  "_meta": {
    "seed": 42,
    "ts": 1764004267,
    "ts_iso": "2025-11-24T17:11:07Z",
    "gen_time_s": 53.417895555496216,
    "attempts_used": 1,
    "generation_failed": false,
    "usage": {
      "prompt_tokens": 1057,
      "completion_tokens": 3295,
      "total_tokens": 4352,
      "cost": 0.00279638,
      "is_byok": false,
      "prompt_tokens_details": {
        "cached_tokens": 656,
        "audio_tokens": 0,
        "video_tokens": 0
      },
      "cost_details": {
        "upstream_inference_cost": null,
        "upstream_inference_prompt_cost": 0.00016038,
        "upstream_inference_completions_cost": 0.002636
      },
      "completion_tokens_details": {
        "reasoning_tokens": 0,
        "image_tokens": 0
      }
    }
  }
}