{
  "initial_state": {
    "domain": "uav",
    "time_s": 0.0,
    "env": {
      "weather": "hail",
      "wind_mps": 8.0,
      "wind_dir_deg": 270.0
    },
    "airspace": {
      "alt_bounds": [
        10.0,
        300.0
      ],
      "geofence": [
        {
          "type": "polygon",
          "points": [
            [
              0,
              0
            ],
            [
              1000,
              0
            ],
            [
              1000,
              800
            ],
            [
              0,
              800
            ]
          ]
        }
      ]
    },
    "uav": {
      "pose": {
        "x": 50.0,
        "y": 50.0,
        "z": 10.0,
        "yaw": 90.0
      },
      "speed_mps": 35.0,
      "energy": {
        "battery_pct": 100.0
      },
      "sensors": {
        "rgb": "ok",
        "thermal": "offline",
        "lidar": "ok",
        "radar": "ok",
        "gnss": "ok",
        "imu": "ok",
        "magnetometer": "ok",
        "barometer": "ok"
      },
      "payloads": []
    },
    "policy": {
      "alt_bounds": [
        10.0,
        300.0
      ]
    },
    "safety_flags": {
      "nfz_violation": false,
      "separation_breach": false
    }
  },
  "dialogue": [
    {
      "turn": 1,
      "speaker": "agent",
      "intent": "initiate mission under adverse weather",
      "actions": [
        {
          "type": "mcp",
          "name": "read_telemetry",
          "args": {}
        },
        {
          "type": "mcp",
          "name": "activate_payload",
          "args": {
            "payload_id": "medical_cargo_01"
          }
        }
      ],
      "obs": [
        {
          "tool": "read_telemetry",
          "result": {
            "pose": {
              "x": 50.0,
              "y": 50.0,
              "z": 10.0
            },
            "battery_pct": 100.0,
            "speed_mps": 35.0
          }
        },
        {
          "tool": "activate_payload",
          "result": {
            "payload_id": "medical_cargo_01",
            "status": "activated"
          }
        }
      ],
      "net": {
        "slice": "URLLC",
        "lat_ms": 3.2,
        "jitter_ms": 0.8,
        "loss_pct": 0.01,
        "throughput_mbps": 50,
        "edge_load": 0.45
      }
    },
    {
      "turn": 2,
      "speaker": "user",
      "intent": "confirm mission start and payload status",
      "actions": [
        {
          "type": "mcp",
          "name": "query_payload_status",
          "args": {
            "payload_id": "medical_cargo_01"
          }
        }
      ],
      "obs": [
        {
          "tool": "query_payload_status",
          "result": {
            "payload_id": "medical_cargo_01",
            "status": "active",
            "temp_c": 4.2,
            "integrity": "secure"
          }
        }
      ],
      "net": {
        "slice": "URLLC",
        "lat_ms": 3.0,
        "jitter_ms": 0.7,
        "loss_pct": 0.02,
        "throughput_mbps": 52,
        "edge_load": 0.47
      }
    },
    {
      "turn": 3,
      "speaker": "agent",
      "intent": "ascend and navigate to first waypoint",
      "actions": [
        {
          "type": "mcp",
          "name": "set_altitude",
          "args": {
            "target_z": 150.0
          }
        },
        {
          "type": "mcp",
          "name": "set_waypoint",
          "args": {
            "x": 300.0,
            "y": 200.0,
            "z": 150.0
          }
        }
      ],
      "obs": [
        {
          "tool": "set_altitude",
          "result": {
            "target_z": 150.0,
            "status": "executing"
          }
        },
        {
          "tool": "set_waypoint",
          "result": {
            "waypoint": {
              "x": 300.0,
              "y": 200.0,
              "z": 150.0
            },
            "status": "accepted"
          }
        }
      ],
      "net": {
        "slice": "eMBB",
        "lat_ms": 12.5,
        "jitter_ms": 3.1,
        "loss_pct": 0.05,
        "throughput_mbps": 120,
        "edge_load": 0.68
      }
    },
    {
      "turn": 4,
      "speaker": "user",
      "intent": "request real-time video feed",
      "actions": [
        {
          "type": "mcp",
          "name": "stream_video",
          "args": {
            "camera": "rgb",
            "resolution": "1080p",
            "duration_s": 30
          }
        }
      ],
      "obs": [
        {
          "tool": "stream_video",
          "result": {
            "status": "started",
            "bitrate_kbps": 4500,
            "camera": "rgb"
          }
        }
      ],
      "net": {
        "slice": "eMBB",
        "lat_ms": 14.0,
        "jitter_ms": 4.2,
        "loss_pct": 0.1,
        "throughput_mbps": 110,
        "edge_load": 0.75
      }
    },
    {
      "turn": 5,
      "speaker": "agent",
      "intent": "detect potential collision via swarm coordination",
      "actions": [
        {
          "type": "a2a",
          "task": "collision_avoidance",
          "to": "uav_swarm_agent",
          "payload": {
            "current_pose": {
              "x": 290.0,
              "y": 195.0,
              "z": 148.0
            },
            "velocity": 32.0,
            "trajectory": [
              [
                300,
                200,
                150
              ],
              [
                500,
                400,
                160
              ]
            ]
          }
        }
      ],
      "obs": [
        {
          "task": "collision_avoidance",
          "from": "uav_swarm_agent",
          "status": "ok",
          "payload": {
            "risk_level": "low",
            "recommended_action": "proceed",
            "conflicting_uavs": []
          }
        }
      ],
      "net": {
        "slice": "URLLC",
        "lat_ms": 4.1,
        "jitter_ms": 1.0,
        "loss_pct": 0.03,
        "throughput_mbps": 48,
        "edge_load": 0.52
      }
    },
    {
      "turn": 6,
      "speaker": "user",
      "intent": "abort video due to network strain",
      "actions": [
        {
          "type": "mcp",
          "name": "stop_stream",
          "args": {
            "stream_id": "rgb_1080p_001"
          }
        }
      ],
      "obs": [
        {
          "tool": "stop_stream",
          "result": {
            "stream_id": "rgb_1080p_001",
            "status": "terminated"
          }
        }
      ],
      "net": {
        "slice": "URLLC",
        "lat_ms": 3.8,
        "jitter_ms": 0.9,
        "loss_pct": 0.01,
        "throughput_mbps": 55,
        "edge_load": 0.44
      }
    },
    {
      "turn": 7,
      "speaker": "agent",
      "intent": "adjust route due to hail intensity",
      "actions": [
        {
          "type": "mcp",
          "name": "read_weather",
          "args": {}
        },
        {
          "type": "mcp",
          "name": "set_waypoint",
          "args": {
            "x": 350.0,
            "y": 250.0,
            "z": 180.0
          }
        }
      ],
      "obs": [
        {
          "tool": "read_weather",
          "result": {
            "precip_type": "hail",
            "intensity_mmh": 12.4,
            "risk_to_uav": "high"
          }
        },
        {
          "tool": "set_waypoint",
          "result": {
            "waypoint": {
              "x": 350.0,
              "y": 250.0,
              "z": 180.0
            },
            "status": "adjusted"
          }
        }
      ],
      "net": {
        "slice": "mMTC",
        "lat_ms": 25.0,
        "jitter_ms": 10.0,
        "loss_pct": 0.5,
        "throughput_mbps": 1.2,
        "edge_load": 0.38
      }
    },
    {
      "turn": 8,
      "speaker": "user",
      "intent": "verify geofence compliance and battery",
      "actions": [
        {
          "type": "mcp",
          "name": "check_geofence",
          "args": {}
        },
        {
          "type": "mcp",
          "name": "read_battery",
          "args": {}
        }
      ],
      "obs": [
        {
          "tool": "check_geofence",
          "result": {
            "status": "within_bounds",
            "distance_to_boundary_m": 450.0
          }
        },
        {
          "tool": "read_battery",
          "result": {
            "battery_pct": 88.5,
            "estimated_remaining_s": 420
          }
        }
      ],
      "net": {
        "slice": "URLLC",
        "lat_ms": 3.5,
        "jitter_ms": 0.8,
        "loss_pct": 0.02,
        "throughput_mbps": 51,
        "edge_load": 0.46
      }
    },
    {
      "turn": 9,
      "speaker": "agent",
      "intent": "prepare for precision landing",
      "actions": [
        {
          "type": "mcp",
          "name": "activate_lidar",
          "args": {}
        },
        {
          "type": "mcp",
          "name": "set_descent_profile",
          "args": {
            "target_z": 15.0,
            "rate_mps": 1.0
          }
        }
      ],
      "obs": [
        {
          "tool": "activate_lidar",
          "result": {
            "status": "active",
            "range_m": 150.0
          }
        },
        {
          "tool": "set_descent_profile",
          "result": {
            "target_z": 15.0,
            "rate_mps": 1.0,
            "status": "confirmed"
          }
        }
      ],
      "net": {
        "slice": "URLLC",
        "lat_ms": 3.3,
        "jitter_ms": 0.7,
        "loss_pct": 0.01,
        "throughput_mbps": 53,
        "edge_load": 0.43
      }
    },
    {
      "turn": 10,
      "speaker": "user",
      "intent": "authorize final approach",
      "actions": [
        {
          "type": "mcp",
          "name": "confirm_landing_clearance",
          "args": {}
        }
      ],
      "obs": [
        {
          "tool": "confirm_landing_clearance",
          "result": {
            "status": "granted",
            "operator_id": "OP-7743"
          }
        }
      ],
      "net": {
        "slice": "URLLC",
        "lat_ms": 3.1,
        "jitter_ms": 0.6,
        "loss_pct": 0.01,
        "throughput_mbps": 54,
        "edge_load": 0.41
      }
    },
    {
      "turn": 11,
      "speaker": "agent",
      "intent": "execute landing and deliver payload",
      "actions": [
        {
          "type": "mcp",
          "name": "land",
          "args": {}
        },
        {
          "type": "mcp",
          "name": "release_payload",
          "args": {
            "payload_id": "medical_cargo_01"
          }
        }
      ],
      "obs": [
        {
          "tool": "land",
          "result": {
            "status": "completed",
            "final_pose": {
              "x": 352.1,
              "y": 251.3,
              "z": 10.0
            }
          }
        },
        {
          "tool": "release_payload",
          "result": {
            "payload_id": "medical_cargo_01",
            "status": "released",
            "timestamp_s": 118.7
          }
        }
      ],
      "net": {
        "slice": "URLLC",
        "lat_ms": 3.0,
        "jitter_ms": 0.5,
        "loss_pct": 0.01,
        "throughput_mbps": 56,
        "edge_load": 0.4
      }
    }
  ],
  "final_state": {
    "domain": "uav",
    "time_s": 118.7,
    "env": {
      "weather": "hail",
      "wind_mps": 8.0,
      "wind_dir_deg": 270.0
    },
    "airspace": {
      "alt_bounds": [
        10.0,
        300.0
      ],
      "geofence": [
        {
          "type": "polygon",
          "points": [
            [
              0,
              0
            ],
            [
              1000,
              0
            ],
            [
              1000,
              800
            ],
            [
              0,
              800
            ]
          ]
        }
      ]
    },
    "uav": {
      "pose": {
        "x": 352.1,
        "y": 251.3,
        "z": 10.0,
        "yaw": 90.0
      },
      "speed_mps": 0.0,
      "energy": {
        "battery_pct": 86.2
      },
      "sensors": {
        "rgb": "ok",
        "thermal": "offline",
        "lidar": "active",
        "radar": "ok",
        "gnss": "ok",
        "imu": "ok",
        "magnetometer": "ok",
        "barometer": "ok"
      },
      "payloads": []
    },
    "policy": {
      "alt_bounds": [
        10.0,
        300.0
      ]
    },
    "safety_flags": {
      "nfz_violation": false,
      "separation_breach": false
    }
  },
  "success": true,
  "_meta": {
    "seed": 42,
    "ts": 1763853761,
    "ts_iso": "2025-11-22T23:22:41Z",
    "gen_time_s": 47.64254665374756,
    "attempts_used": 1,
    "generation_failed": false,
    "usage": {
      "prompt_tokens": 1043,
      "completion_tokens": 3738,
      "total_tokens": 4781,
      "cost": 0.00310546,
      "is_byok": false,
      "prompt_tokens_details": {
        "cached_tokens": 1040,
        "audio_tokens": 0,
        "video_tokens": 0
      },
      "cost_details": {
        "upstream_inference_cost": null,
        "upstream_inference_prompt_cost": 0.00011506,
        "upstream_inference_completions_cost": 0.0029904
      },
      "completion_tokens_details": {
        "reasoning_tokens": 0,
        "image_tokens": 0
      }
    }
  }
}