{
  "initial_state": {
    "domain": "uav",
    "time_s": 0.0,
    "env": {
      "weather": "rain",
      "wind_mps": 6.5,
      "wind_dir_deg": 240.0
    },
    "airspace": {
      "alt_bounds": [
        10.0,
        120.0
      ],
      "geofence": [
        {
          "type": "polygon",
          "points": [
            [
              0.0,
              0.0
            ],
            [
              200.0,
              0.0
            ],
            [
              200.0,
              150.0
            ],
            [
              0.0,
              150.0
            ]
          ]
        }
      ]
    },
    "uav": {
      "pose": {
        "x": 20.0,
        "y": 20.0,
        "z": 30.0,
        "yaw": 90.0
      },
      "speed_mps": 22.0,
      "energy": {
        "battery_pct": 100.0
      },
      "sensors": {
        "rgb": "ok",
        "thermal": "ok",
        "lidar": "ok",
        "radar": "offline",
        "gnss": "ok",
        "imu": "ok",
        "magnetometer": "ok",
        "barometer": "ok"
      },
      "payloads": []
    },
    "policy": {
      "alt_bounds": [
        10.0,
        120.0
      ]
    },
    "safety_flags": {
      "nfz_violation": false,
      "separation_breach": false
    }
  },
  "dialogue": [
    {
      "turn": 1,
      "speaker": "agent",
      "intent": "initiate inspection mission under adverse weather",
      "actions": [
        {
          "type": "mcp",
          "name": "read_telemetry",
          "args": {}
        },
        {
          "type": "mcp",
          "name": "activate_sensor",
          "args": {
            "sensor": "thermal"
          }
        }
      ],
      "obs": [
        {
          "tool": "read_telemetry",
          "result": {
            "pose": {
              "x": 20.0,
              "y": 20.0,
              "z": 30.0
            },
            "battery_pct": 100.0,
            "speed_mps": 22.0
          }
        },
        {
          "tool": "activate_sensor",
          "result": {
            "sensor": "thermal",
            "status": "activated"
          }
        }
      ],
      "net": {
        "slice": "eMBB",
        "lat_ms": 12,
        "jitter_ms": 2,
        "loss_pct": 0.1,
        "throughput_mbps": 120,
        "edge_load": 0.45
      }
    },
    {
      "turn": 2,
      "speaker": "user",
      "intent": "request mission confirmation and weather adaptation",
      "actions": [
        {
          "type": "mcp",
          "name": "get_weather",
          "args": {}
        }
      ],
      "obs": [
        {
          "tool": "get_weather",
          "result": {
            "condition": "rain",
            "wind_mps": 6.5,
            "recommendation": "reduce speed by 20%"
          }
        }
      ],
      "net": {
        "slice": "eMBB",
        "lat_ms": 11,
        "jitter_ms": 1.8,
        "loss_pct": 0.1,
        "throughput_mbps": 115,
        "edge_load": 0.47
      }
    },
    {
      "turn": 3,
      "speaker": "agent",
      "intent": "adjust speed for rain and proceed to waypoint",
      "actions": [
        {
          "type": "mcp",
          "name": "set_speed",
          "args": {
            "speed_mps": 17.6
          }
        },
        {
          "type": "mcp",
          "name": "navigate_to",
          "args": {
            "waypoint": {
              "x": 100.0,
              "y": 50.0,
              "z": 40.0
            }
          }
        }
      ],
      "obs": [
        {
          "tool": "set_speed",
          "result": {
            "speed_mps": 17.6,
            "status": "adjusted"
          }
        },
        {
          "tool": "navigate_to",
          "result": {
            "waypoint": {
              "x": 100.0,
              "y": 50.0,
              "z": 40.0
            },
            "eta_s": 4.8
          }
        }
      ],
      "net": {
        "slice": "URLLC",
        "lat_ms": 8,
        "jitter_ms": 1.2,
        "loss_pct": 0.05,
        "throughput_mbps": 50,
        "edge_load": 0.38
      }
    },
    {
      "turn": 4,
      "speaker": "user",
      "intent": "verify geofence compliance and request swarm coordination",
      "actions": [
        {
          "type": "mcp",
          "name": "check_geofence",
          "args": {}
        },
        {
          "type": "a2a",
          "task": "collision_avoidance",
          "to": "uav_swarm_agent",
          "payload": {
            "current_pose": {
              "x": 60.0,
              "y": 35.0,
              "z": 38.0
            },
            "velocity": 17.6
          }
        }
      ],
      "obs": [
        {
          "tool": "check_geofence",
          "result": {
            "inside": true,
            "distance_to_boundary_m": 35.0
          }
        },
        {
          "task": "collision_avoidance",
          "from": "uav_swarm_agent",
          "status": "ok",
          "payload": {
            "conflict_detected": false,
            "recommended_alt_adjust": 0.0
          }
        }
      ],
      "net": {
        "slice": "URLLC",
        "lat_ms": 9,
        "jitter_ms": 1.5,
        "loss_pct": 0.07,
        "throughput_mbps": 45,
        "edge_load": 0.41
      }
    },
    {
      "turn": 5,
      "speaker": "agent",
      "intent": "initiate thermal imaging at waypoint",
      "actions": [
        {
          "type": "mcp",
          "name": "capture_image",
          "args": {
            "mode": "thermal",
            "resolution": "high"
          }
        }
      ],
      "obs": [
        {
          "tool": "capture_image",
          "result": {
            "image_id": "therm_001",
            "status": "success",
            "anomalies_detected": [
              "hotspot_area_3"
            ]
          }
        }
      ],
      "net": {
        "slice": "eMBB",
        "lat_ms": 15,
        "jitter_ms": 3,
        "loss_pct": 0.2,
        "throughput_mbps": 100,
        "edge_load": 0.65
      }
    },
    {
      "turn": 6,
      "speaker": "user",
      "intent": "request data offload and inspect hotspot",
      "actions": [
        {
          "type": "mcp",
          "name": "offload_data",
          "args": {
            "image_id": "therm_001",
            "destination": "edge_analytics"
          }
        },
        {
          "type": "mcp",
          "name": "navigate_to",
          "args": {
            "waypoint": {
              "x": 105.0,
              "y": 52.0,
              "z": 35.0
            }
          }
        }
      ],
      "obs": [
        {
          "tool": "offload_data",
          "result": {
            "image_id": "therm_001",
            "status": "queued",
            "slice_used": "eMBB"
          }
        },
        {
          "tool": "navigate_to",
          "result": {
            "waypoint": {
              "x": 105.0,
              "y": 52.0,
              "z": 35.0
            },
            "eta_s": 2.1
          }
        }
      ],
      "net": {
        "slice": "eMBB",
        "lat_ms": 25,
        "jitter_ms": 8,
        "loss_pct": 1.5,
        "throughput_mbps": 60,
        "edge_load": 0.82
      }
    },
    {
      "turn": 7,
      "speaker": "agent",
      "intent": "adapt to network degradation by switching to URLLC for critical control",
      "actions": [
        {
          "type": "mcp",
          "name": "switch_network_slice",
          "args": {
            "target": "URLLC"
          }
        },
        {
          "type": "mcp",
          "name": "read_telemetry",
          "args": {}
        }
      ],
      "obs": [
        {
          "tool": "switch_network_slice",
          "result": {
            "from": "eMBB",
            "to": "URLLC",
            "status": "success"
          }
        },
        {
          "tool": "read_telemetry",
          "result": {
            "pose": {
              "x": 103.0,
              "y": 51.2,
              "z": 35.5
            },
            "battery_pct": 94.2,
            "speed_mps": 17.6
          }
        }
      ],
      "net": {
        "slice": "URLLC",
        "lat_ms": 7,
        "jitter_ms": 1.0,
        "loss_pct": 0.04,
        "throughput_mbps": 40,
        "edge_load": 0.51
      }
    },
    {
      "turn": 8,
      "speaker": "user",
      "intent": "confirm battery and request return path planning",
      "actions": [
        {
          "type": "mcp",
          "name": "check_battery",
          "args": {}
        },
        {
          "type": "a2a",
          "task": "path_planning",
          "to": "uav_planner_agent",
          "payload": {
            "start": {
              "x": 105.0,
              "y": 52.0,
              "z": 35.0
            },
            "goal": {
              "x": 20.0,
              "y": 20.0,
              "z": 30.0
            }
          }
        }
      ],
      "obs": [
        {
          "tool": "check_battery",
          "result": {
            "battery_pct": 94.2,
            "estimated_endurance_min": 18.5
          }
        },
        {
          "task": "path_planning",
          "from": "uav_planner_agent",
          "status": "success",
          "payload": {
            "waypoints": [
              {
                "x": 80.0,
                "y": 40.0,
                "z": 32.0
              },
              {
                "x": 50.0,
                "y": 30.0,
                "z": 31.0
              },
              {
                "x": 20.0,
                "y": 20.0,
                "z": 30.0
              }
            ]
          }
        }
      ],
      "net": {
        "slice": "URLLC",
        "lat_ms": 8,
        "jitter_ms": 1.3,
        "loss_pct": 0.06,
        "throughput_mbps": 42,
        "edge_load": 0.49
      }
    },
    {
      "turn": 9,
      "speaker": "agent",
      "intent": "execute return trajectory with energy optimization",
      "actions": [
        {
          "type": "mcp",
          "name": "set_speed",
          "args": {
            "speed_mps": 15.0
          }
        },
        {
          "type": "mcp",
          "name": "follow_waypoints",
          "args": {
            "waypoints": [
              {
                "x": 80.0,
                "y": 40.0,
                "z": 32.0
              },
              {
                "x": 50.0,
                "y": 30.0,
                "z": 31.0
              },
              {
                "x": 20.0,
                "y": 20.0,
                "z": 30.0
              }
            ]
          }
        }
      ],
      "obs": [
        {
          "tool": "set_speed",
          "result": {
            "speed_mps": 15.0,
            "status": "adjusted"
          }
        },
        {
          "tool": "follow_waypoints",
          "result": {
            "status": "in_progress",
            "next_waypoint_eta_s": 3.2
          }
        }
      ],
      "net": {
        "slice": "mMTC",
        "lat_ms": 50,
        "jitter_ms": 20,
        "loss_pct": 2.0,
        "throughput_mbps": 1,
        "edge_load": 0.33
      }
    },
    {
      "turn": 10,
      "speaker": "user",
      "intent": "monitor final approach and confirm safety",
      "actions": [
        {
          "type": "mcp",
          "name": "check_safety_flags",
          "args": {}
        },
        {
          "type": "mcp",
          "name": "read_telemetry",
          "args": {}
        }
      ],
      "obs": [
        {
          "tool": "check_safety_flags",
          "result": {
            "nfz_violation": false,
            "separation_breach": false
          }
        },
        {
          "tool": "read_telemetry",
          "result": {
            "pose": {
              "x": 35.0,
              "y": 25.0,
              "z": 30.5
            },
            "battery_pct": 88.7,
            "speed_mps": 15.0
          }
        }
      ],
      "net": {
        "slice": "mMTC",
        "lat_ms": 55,
        "jitter_ms": 22,
        "loss_pct": 2.2,
        "throughput_mbps": 0.8,
        "edge_load": 0.35
      }
    },
    {
      "turn": 11,
      "speaker": "agent",
      "intent": "land safely and report mission completion",
      "actions": [
        {
          "type": "mcp",
          "name": "land",
          "args": {
            "precision": true
          }
        },
        {
          "type": "mcp",
          "name": "deactivate_sensor",
          "args": {
            "sensor": "thermal"
          }
        }
      ],
      "obs": [
        {
          "tool": "land",
          "result": {
            "status": "completed",
            "touchdown_smooth": true
          }
        },
        {
          "tool": "deactivate_sensor",
          "result": {
            "sensor": "thermal",
            "status": "deactivated"
          }
        }
      ],
      "net": {
        "slice": "URLLC",
        "lat_ms": 6,
        "jitter_ms": 0.9,
        "loss_pct": 0.03,
        "throughput_mbps": 35,
        "edge_load": 0.31
      }
    }
  ],
  "final_state": {
    "domain": "uav",
    "time_s": 120.0,
    "env": {
      "weather": "rain",
      "wind_mps": 6.5,
      "wind_dir_deg": 240.0
    },
    "airspace": {
      "alt_bounds": [
        10.0,
        120.0
      ],
      "geofence": [
        {
          "type": "polygon",
          "points": [
            [
              0.0,
              0.0
            ],
            [
              200.0,
              0.0
            ],
            [
              200.0,
              150.0
            ],
            [
              0.0,
              150.0
            ]
          ]
        }
      ]
    },
    "uav": {
      "pose": {
        "x": 20.0,
        "y": 20.0,
        "z": 0.0,
        "yaw": 90.0
      },
      "speed_mps": 0.0,
      "energy": {
        "battery_pct": 86.5
      },
      "sensors": {
        "rgb": "ok",
        "thermal": "standby",
        "lidar": "ok",
        "radar": "offline",
        "gnss": "ok",
        "imu": "ok",
        "magnetometer": "ok",
        "barometer": "ok"
      },
      "payloads": []
    },
    "policy": {
      "alt_bounds": [
        10.0,
        120.0
      ]
    },
    "safety_flags": {
      "nfz_violation": false,
      "separation_breach": false
    }
  },
  "success": true,
  "_meta": {
    "seed": 42,
    "ts": 1763739206,
    "ts_iso": "2025-11-21T15:33:26Z",
    "gen_time_s": 59.49783396720886,
    "attempts_used": 1,
    "generation_failed": false,
    "usage": {
      "prompt_tokens": 1063,
      "completion_tokens": 4222,
      "total_tokens": 5285,
      "cost": 0.0034953,
      "is_byok": false,
      "prompt_tokens_details": {
        "cached_tokens": 1056,
        "audio_tokens": 0,
        "video_tokens": 0
      },
      "cost_details": {
        "upstream_inference_cost": null,
        "upstream_inference_prompt_cost": 0.0001177,
        "upstream_inference_completions_cost": 0.0033776
      },
      "completion_tokens_details": {
        "reasoning_tokens": 0,
        "image_tokens": 0
      }
    }
  }
}