{
  "episode_id": "6gb_prompt_ad76ea7a360ff963",
  "questions": [
    {
      "task_id": "T7",
      "task_name": "Compute Placement Decision",
      "source_turn": 5,
      "question": "At turn 5, network degradation is detected with latency spiking to 45 ms, jitter at 15 ms, packet loss at 8%, and edge load at 0.85 under eMBB slice, while SLA mandates latency < 20 ms and loss < 1% for critical inference. The UAV is 1200 meters from the next waypoint, traveling at 22 m/s, with battery at 85% and thermal sensor active. URLLC slice offers 10 ms latency, 1.2 ms jitter, 0.1% loss, and 110 Mbps throughput but edge load is projected to rise to 0.45 next turn if sustained. Onboard inference consumes 15 W and adds 50 ms processing delay, while edge inference under URLLC risks violating SLA if edge load exceeds 0.5. If degradation persists for two more turns, which option should be selected?",
      "options": {
        "A": "Switch to URLLC slice and offload inference, accepting edge load projection of 0.45 next turn and 0.55 in two turns, assuming no further degradation.",
        "B": "Execute inference onboard despite 50 ms delay, preserving network stability and avoiding edge load risk, even if it exceeds SLA latency by 30 ms.",
        "C": "Switch to URLLC slice but throttle sensor data rate to 50 Mbps to reduce edge load to 0.35, accepting 15% higher jitter and 0.2% loss.",
        "D": "Delay inference until turn 7, relying on current eMBB slice with 45 ms latency, hoping for recovery to 20 ms by turn 6."
      },
      "correct": "B",
      "reason": "Onboard inference incurs 50 ms delay which exceeds SLA by 30 ms but avoids edge load escalation that would breach 0. 5 threshold in two turns under URLLC. URLLC’s projected edge load of 0. 55 violates the safety margin required for SLA compliance under uncertainty. Throttling in option C still risks jitter and loss exceeding SLA bounds.",
      "rationale_tag": "WORST_CASE_REGRET_MINIMIZATION",
      "difficulty": "very_hard"
    },
    {
      "task_id": "T8",
      "task_name": "Graceful Degradation under Edge Overload",
      "source_turn": 5,
      "question": "At turn 5, the UAV detects severe network degradation: eMBB slice latency spikes to 45ms, jitter to 15ms, packet loss to 8%, throughput drops to 200Mbps, and edge load reaches 0.85. The mission SLA requires latency under 20ms and loss under 1% for critical control. The UAV must choose one of four degradation paths before SLA violation. Option A reduces autonomy to manual override with 100% local control, consuming 5% battery per turn. Option B switches to URLLC slice, which currently has 10ms latency and 0.1% loss but edge load is projected to rise to 0.45 next turn under sustained streaming. Option C throttles sensor data rate by 50%, reducing throughput demand by 40% but increasing local processing latency by 3ms. Option D maintains current eMBB with adaptive retransmission, which may reduce loss to 5% but adds 10ms latency per retransmission attempt. Given that edge load uncertainty is ±0.05 and mission completion requires 3 more turns, which option should be selected?",
      "options": {
        "A": "Reduce autonomy to manual override, consuming 5% battery per turn, ensuring 0ms network latency but requiring continuous human input.",
        "B": "Switch to URLLC slice, accepting 10ms latency and 0.1% loss now, but risking edge load exceeding 0.5 next turn under worst-case projection.",
        "C": "Throttle sensor data rate by 50%, reducing throughput demand by 40% but increasing local processing latency by 3ms, keeping edge load at 0.85.",
        "D": "Maintain eMBB with adaptive retransmission, reducing loss to 5% but adding 10ms latency per attempt, with edge load remaining at 0.85."
      },
      "correct": "B",
      "reason": "Switching to URLLC minimizes maximum regret under worst-case edge load projection. Although edge load may rise to 0. 45 next turn, it remains below the critical 0. 5 threshold. URLLC latency and loss are within SLA bounds now and projected to stay so.",
      "rationale_tag": "WORST_CASE_MARGIN_MINIMIZATION",
      "difficulty": "very_hard"
    },
    {
      "task_id": "T9",
      "task_name": "Trust-Aware Offloading",
      "source_turn": 5,
      "question": "At turn 5, network degradation is detected with latency spiking to 45 ms, jitter at 15 ms, packet loss at 8%, and edge load at 0.85, while the mission requires sub-20 ms latency and under 1% loss for critical control. The UAV is at 25m altitude with 100% battery and all sensors active except radar. Policy permits offloading only if edge load remains below 0.9 and SLA margins exceed 20%. If degradation persists for two more turns, projected edge load will hit 0.92. Switching to URLLC reduces latency to 10 ms but caps throughput at 110 Mbps, insufficient for streaming lidar data at 150 Mbps. Which option should be selected?",
      "options": {
        "A": "Offload to edge with current eMBB slice, accepting 8% loss and 45 ms latency, as battery is full and altitude is safe.",
        "B": "Switch to URLLC slice immediately, accepting throughput limitation, because latency and jitter meet SLA and edge load drops to 0.3.",
        "C": "Delay offloading for one turn to monitor recovery, risking mission failure if degradation continues, but preserving throughput for lidar.",
        "D": "Reject offloading entirely and process locally, accepting higher computational load but avoiding SLA violation and edge trust risk."
      },
      "correct": "D",
      "reason": "The edge load at 0. 85 is already near the 0. 9 policy limit and projected to exceed it in two turns. URLLC’s 110 Mbps throughput cannot support 150 Mbps lidar streaming, creating a future data loss risk. Local processing avoids trust and SLA violations despite higher compute load.",
      "rationale_tag": "TRUST_AWARE_OFFLOADING",
      "difficulty": "very_hard"
    },
    {
      "task_id": "T10",
      "task_name": "SLA Violation Prediction",
      "source_turn": 5,
      "question": "At turn 5, the UAV experiences a network degradation with latency spiking to 45ms, jitter at 15ms, packet loss at 8%, and edge load at 0.85 under eMBB slice, while SLA requires latency ≤ 20ms and loss ≤ 1%. The agent must decide whether to switch to URLLC (current latency 10ms, loss 0.1%, edge load 0.3) or remain on eMBB with projected recovery in 2 turns. However, wind speed may increase to 12m/s by turn 7, potentially worsening latency by 30% under eMBB. URLLC has throughput capped at 110Mbps, insufficient for planned 120Mbps sensor streaming at turn 8. Which option should be selected?",
      "options": {
        "A": "Switch to URLLC immediately to meet latency and loss SLA, accepting throughput limitation for turn 8.",
        "B": "Stay on eMBB, assuming recovery by turn 7, and risk SLA violation if wind worsens.",
        "C": "Switch to URLLC only if latency exceeds 50ms at turn 6, balancing risk and throughput.",
        "D": "Remain on eMBB and reduce sensor resolution to fit 110Mbps, preserving SLA margins."
      },
      "correct": "A",
      "reason": "Switching to URLLC immediately ensures latency and loss remain within SLA bounds even under worst-case wind-induced degradation. Staying on eMBB risks SLA violation if recovery is delayed or wind worsens, as projected latency could exceed 58ms. URLLC’s throughput limit is acceptable because sensor streaming can be deferred or compressed without mission failure. The regret of SLA violation outweighs the cost of throughput constraint.",
      "rationale_tag": "WORST_CASE_SLAVIOLATION_AVOIDANCE",
      "difficulty": "very_hard"
    },
    {
      "task_id": "T16",
      "task_name": "Network-Exposed Compute Marketplace",
      "source_turn": 11,
      "question": "The UAV has completed its mission and is returning to home with 100% battery, currently operating on URLLC slice with 8ms latency, 0.9ms jitter, 0.05% loss, 115Mbps throughput, and 0.25 edge load. A third-party request arrives to rent compute resources for 30 seconds at 150Mbps throughput, with SLA requiring latency under 15ms and edge load under 0.4. Historical data shows edge load increases by 0.08 per 50Mbps of additional throughput. The next turn may see wind increase to 12m/s, potentially raising edge load by 0.05. URLLC capacity is capped at 200Mbps, and eMBB is available but has 45ms latency and 8% loss. Which option should be selected to minimize maximum regret over the next two turns while honoring SLA constraints?",
      "options": {
        "A": "Accept the request on URLLC; current edge load 0.25 + projected 0.08 = 0.33 < 0.4, and latency 8ms < 15ms, even if wind increases edge load by 0.05 to 0.38.",
        "B": "Reject the request; URLLC throughput would reach 265Mbps, exceeding 200Mbps cap, and eMBB latency 45ms violates SLA.",
        "C": "Accept on eMBB; throughput 115+150=265Mbps exceeds cap, but latency 45ms is acceptable if SLA is renegotiated to 50ms.",
        "D": "Delay acceptance for one turn; monitor if wind increases edge load, then decide; if wind does not increase, accept on URLLC with edge load 0.33."
      },
      "correct": "A",
      "reason": "Accepting on URLLC keeps edge load at 0. 33 under 0. 4 even with worst-case wind increase to 0. 38. Latency remains under 15ms.",
      "rationale_tag": "WORST_CASE_REGRET_MINIMIZATION",
      "difficulty": "very_hard"
    },
    {
      "task_id": "T17",
      "task_name": "Network-Knowledge RAG Augmentation",
      "source_turn": 5,
      "question": "At turn 5, network degradation is detected with latency spiking to 45 ms, jitter at 15 ms, packet loss at 8%, and edge load at 0.85 under eMBB slice, while URLLC slice offers 10 ms latency, 1.2 ms jitter, 0.1% loss, and 0.3 edge load but only 110 Mbps throughput. The mission requires streaming thermal and lidar data for RAG augmentation with a minimum 80 Mbps throughput and latency under 20 ms for real-time decision fusion. If degradation persists for two more turns, edge load may rise to 0.95 under eMBB, risking SLA violation, while URLLC throughput may drop to 90 Mbps under sustained load. Given that the next turn requires activating collision avoidance with 15 ms latency tolerance and the turn after that demands sensor fusion with 12 ms latency bound, which network slice should be selected to minimize maximum regret across all three turns while ensuring RAG data integrity?",
      "options": {
        "A": "Remain on eMBB: current throughput 200 Mbps exceeds requirement, latency 45 ms is above bound but may recover next turn.",
        "B": "Switch to URLLC: latency 10 ms and jitter 1.2 ms meet bounds, throughput 110 Mbps exceeds minimum, edge load 0.3 is safe.",
        "C": "Switch to URLLC but throttle sensor data: reduce throughput demand to 80 Mbps to ensure stability, accepting 15% data loss.",
        "D": "Wait one turn: monitor if eMBB recovers to latency <20 ms and edge load <0.8, then decide based on turn 6 telemetry."
      },
      "correct": "B",
      "reason": "URLLC provides latency and jitter within bounds for all upcoming turns while maintaining throughput above the 80 Mbps minimum. eMBB’s 45 ms latency violates the 20 ms SLA and edge load of 0. 85 is near critical, risking failure if degradation persists. Throttling in option C introduces data loss which compromises RAG augmentation quality. Waiting in option D risks mission failure if recovery does not occur, as turn 6 requires 15 ms latency tolerance and turn 7 requires 12 ms, both unmet by eMBB’s current state.",
      "rationale_tag": "WORST_CASE_REGRET_MINIMIZATION",
      "difficulty": "very_hard"
    },
    {
      "task_id": "T18",
      "task_name": "AI Agent Identity & Onboarding",
      "source_turn": 11,
      "question": "The UAV agent has completed its mission and is returning to home under URLLC slice with latency 8ms, jitter 0.9ms, loss 0.05%, throughput 115Mbps, and edge load 0.25. Historical data shows eMBB slice degraded to 45ms latency and 8% loss at turn 5. The agent must now onboard a new identity for a secondary payload requiring 50Mbps throughput and 10ms latency SLA. Network policy allows only one active slice per agent. Projecting edge load growth at 0.03 per turn under URLLC, and assuming worst-case jitter inflation of 20% per turn, which identity onboarding strategy minimizes maximum regret over the next two turns while maintaining mission-critical control? A) Onboard immediately under URLLC with current metrics. B) Wait one turn to observe edge load stabilization before onboarding. C) Switch to eMBB for onboarding despite prior degradation, assuming recovery. D) Delay onboarding until edge load drops below 0.2, risking mission extension.",
      "options": {
        "A": "Onboard immediately under URLLC with current metrics.",
        "B": "Wait one turn to observe edge load stabilization before onboarding.",
        "C": "Switch to eMBB for onboarding despite prior degradation, assuming recovery.",
        "D": "Delay onboarding until edge load drops below 0.2, risking mission extension."
      },
      "correct": "B",
      "reason": "Onboarding under current URLLC metrics risks violating the 10ms latency SLA in turn 13 due to projected edge load growth and jitter inflation. Switching to eMBB ignores its prior degradation and lacks recovery evidence. Delaying until edge load drops below 0. 2 is overly conservative and incurs unnecessary mission extension. Waiting one turn allows observation of edge load trend while maintaining control under URLLC, minimizing maximum regret across plausible futures.",
      "rationale_tag": "WORST_CASE_REGRET_MINIMIZATION",
      "difficulty": "very_hard"
    },
    {
      "task_id": "T22",
      "task_name": "Federated / Collaborative Learning Orchestration",
      "source_turn": 5,
      "question": "At turn 5, network degradation is detected with eMBB slice latency spiking to 45ms, jitter at 15ms, loss at 8%, throughput at 200Mbps, and edge load at 0.85. The UAV has 100% battery and is scheduled to upload 1.2GB of sensor data for federated model aggregation within 3 turns. The SLA requires latency under 20ms and loss under 1% for model sync. URLLC slice offers 10ms latency, 0.1% loss, and 110Mbps throughput but is already at 0.3 edge load. If degradation persists, eMBB will violate SLA in 1 turn. Projecting edge load growth at 0.1 per turn under current usage, which option minimizes maximum regret over the next 3 turns while ensuring model sync completes under SLA?",
      "options": {
        "A": "Switch to URLLC immediately; accept 1.2GB upload taking 91 seconds (1.2GB / 110Mbps) and risk edge load reaching 0.6 in 3 turns, exceeding safe threshold of 0.55.",
        "B": "Stay on eMBB for 1 more turn to complete 0.4GB upload, then switch to URLLC; risk SLA violation if degradation persists, but preserve edge load margin for future federated rounds.",
        "C": "Switch to URLLC and throttle upload to 80Mbps to keep edge load under 0.5; extend upload time to 120 seconds, risking mission delay but ensuring SLA compliance and load safety.",
        "D": "Wait 2 turns for eMBB recovery; if no recovery, switch to URLLC; risk 100% SLA violation in turn 6 and 7, but avoid immediate edge load pressure."
      },
      "correct": "C",
      "reason": "Option C ensures SLA compliance by using URLLC’s low latency and loss while throttling to preserve edge load under 0. 55 over 3 turns. It avoids the SLA violation risk of staying on eMBB and the edge overload risk of unthrottled URLLC. The 120-second upload is acceptable within the 3-turn window and minimizes maximum regret by balancing throughput, load, and SLA. Other options either violate SLA or exceed edge load limits under worst-case projections.",
      "rationale_tag": "SLA_COMPLIANCE_UNDER_WORST_CASE",
      "difficulty": "very_hard"
    },
    {
      "task_id": "T26",
      "task_name": "Trust-Aware Third-Party Agent Exposure",
      "source_turn": 8,
      "question": "At turn 8, the UAV is streaming thermal and RGB sensor data under URLLC slice with 102 Mbps throughput, 11 ms latency, 2.0 ms jitter, and 0.12% loss, while edge load is 0.32. A third-party analytics agent requests full sensor API access for 30 seconds to perform real-time anomaly detection, which would increase edge load by 0.15 and raise jitter to 3.5 ms under worst-case conditions. The mission SLA requires latency under 15 ms and loss under 0.5% for the next 3 turns. Historical data shows edge load above 0.45 causes 20% packet loss in URLLC. If the agent is granted access, projected edge load at turn 9 would be 0.47, risking SLA violation. Denying access preserves current metrics but forfeits anomaly detection that could prevent a collision in turn 10 with 70% probability. Which option should be selected?",
      "options": {
        "A": "Grant full API access with 30s duration; current jitter and loss are within SLA and edge load increase is temporary.",
        "B": "Deny access; projected edge load at turn 9 (0.47) exceeds safe threshold (0.45) and risks 20% packet loss, violating SLA.",
        "C": "Grant limited access for 15s; reduces edge load impact to 0.075, keeping projected load at 0.395, below 0.45 threshold.",
        "D": "Grant access but throttle throughput to 50 Mbps; reduces jitter to 2.5 ms but increases latency to 14 ms, risking SLA if turn 9 latency spikes."
      },
      "correct": "B",
      "reason": "The projected edge load after granting access exceeds the safe threshold of 0. 45, which historically causes 20% packet loss, violating the SLA. Even though current metrics are within bounds, the worst-case projection for turn 9 invalidates option A. Option C reduces load but still risks jitter increase and does not guarantee SLA compliance under uncertainty. Option D trades latency for jitter but remains vulnerable to turn 9 degradation.",
      "rationale_tag": "WORST_CASE_SLAMINIMIZATION",
      "difficulty": "very_hard"
    },
    {
      "task_id": "T30",
      "task_name": "Network Security Detection & Response Automation",
      "source_turn": 5,
      "question": "At turn 5, network telemetry reveals eMBB slice latency spiked to 45ms with 8% packet loss and edge load at 0.85, exceeding SLA thresholds of 30ms latency and 5% loss. The UAV is 1200m from the next waypoint, traveling at 22m/s, with 100% battery and thermal sensor active. URLLC slice is available with 10ms latency and 0.1% loss but only 110Mbps throughput, insufficient for streaming thermal data at 150Mbps. If degradation persists for two more turns, edge load may reach 0.95, risking total slice collapse. Switching to URLLC now preserves control but halts data collection; staying on eMBB risks mission failure if latency exceeds 60ms next turn. Which option should be selected?",
      "options": {
        "A": "Switch to URLLC immediately to preserve control, accepting data loss for next 2 turns, as edge load will exceed 0.9 under worst-case degradation.",
        "B": "Remain on eMBB for one more turn to complete thermal stream, then switch if latency exceeds 50ms, assuming recovery probability is 30%.",
        "C": "Switch to URLLC only if loss pct exceeds 10% next turn, as current 8% is within historical tolerance and throughput may recover.",
        "D": "Initiate emergency return to home on eMBB, accepting 45ms latency, to avoid any risk of losing control during data stream."
      },
      "correct": "A",
      "reason": "Switching to URLLC immediately minimizes maximum regret by preserving control under worst-case edge load projection of 0. 95. Staying on eMBB risks mission failure if latency exceeds 60ms next turn, which is likely given the 15ms jitter and 8% loss. URLLC’s 10ms latency and 0. 1% loss ensure command integrity even if throughput limits data streaming.",
      "rationale_tag": "WORST_CASE_CONTROL_PRESERVATION",
      "difficulty": "very_hard"
    }
  ]
}