{
  "initial_state": {
    "domain": "uav",
    "time_s": 0.0,
    "env": {
      "weather": "lightning_risk",
      "wind_mps": 8.5,
      "wind_dir_deg": 240.0
    },
    "airspace": {
      "alt_bounds": [
        50.0,
        1200.0
      ],
      "geofence": [
        {
          "type": "polygon",
          "points": [
            [
              0.0,
              0.0
            ],
            [
              800.0,
              0.0
            ],
            [
              800.0,
              600.0
            ],
            [
              0.0,
              600.0
            ]
          ]
        }
      ]
    },
    "uav": {
      "pose": {
        "x": 100.0,
        "y": 100.0,
        "z": 75.0,
        "yaw": 90.0
      },
      "speed_mps": 45.0,
      "energy": {
        "battery_pct": 100.0
      },
      "sensors": {
        "rgb": "ok",
        "thermal": "ok",
        "lidar": "offline",
        "radar": "offline",
        "gnss": "ok",
        "imu": "ok",
        "magnetometer": "ok",
        "barometer": "ok"
      },
      "payloads": []
    },
    "policy": {
      "alt_bounds": [
        50.0,
        1200.0
      ]
    },
    "safety_flags": {
      "nfz_violation": false,
      "separation_breach": false
    }
  },
  "dialogue": [
    {
      "turn": 1,
      "speaker": "agent",
      "intent": "initiate_inspection_mission",
      "actions": [
        {
          "type": "mcp",
          "name": "read_telemetry",
          "args": {}
        },
        {
          "type": "a2a",
          "task": "request_weather_update",
          "to": "weather_agent",
          "payload": {
            "location": {
              "x": 100.0,
              "y": 100.0
            }
          }
        }
      ],
      "obs": [
        {
          "tool": "read_telemetry",
          "result": {
            "pose": {
              "x": 100.0,
              "y": 100.0,
              "z": 75.0
            },
            "battery_pct": 100.0,
            "speed_mps": 45.0
          }
        },
        {
          "task": "request_weather_update",
          "from": "weather_agent",
          "status": "ok",
          "payload": {
            "weather": "lightning_risk",
            "risk_level": 0.72
          }
        }
      ],
      "net": {
        "slice": "URLLC",
        "lat_ms": 5,
        "jitter_ms": 1,
        "loss_pct": 0.01,
        "throughput_mbps": 50,
        "edge_load": 0.3
      }
    },
    {
      "turn": 2,
      "speaker": "user",
      "intent": "approve_altitude_adjustment",
      "actions": [
        {
          "type": "mcp",
          "name": "set_altitude",
          "args": {
            "target_z": 150.0
          }
        }
      ],
      "obs": [
        {
          "tool": "set_altitude",
          "result": {
            "status": "acknowledged",
            "target_z": 150.0
          }
        }
      ],
      "net": {
        "slice": "URLLC",
        "lat_ms": 6,
        "jitter_ms": 1.2,
        "loss_pct": 0.02,
        "throughput_mbps": 48,
        "edge_load": 0.35
      }
    },
    {
      "turn": 3,
      "speaker": "agent",
      "intent": "ascend_for_clearance",
      "actions": [
        {
          "type": "mcp",
          "name": "execute_maneuver",
          "args": {
            "maneuver": "climb",
            "target_z": 150.0
          }
        }
      ],
      "obs": [
        {
          "tool": "execute_maneuver",
          "result": {
            "status": "completed",
            "final_z": 150.0,
            "duration_s": 12.3
          }
        }
      ],
      "net": {
        "slice": "URLLC",
        "lat_ms": 7,
        "jitter_ms": 1.5,
        "loss_pct": 0.03,
        "throughput_mbps": 45,
        "edge_load": 0.4
      }
    },
    {
      "turn": 4,
      "speaker": "user",
      "intent": "request_inspection_plan",
      "actions": [
        {
          "type": "mcp",
          "name": "plan_trajectory",
          "args": {
            "waypoints": [
              {
                "x": 400.0,
                "y": 300.0,
                "z": 150.0
              }
            ],
            "speed": 30.0
          }
        }
      ],
      "obs": [
        {
          "tool": "plan_trajectory",
          "result": {
            "status": "success",
            "estimated_time_s": 25.6,
            "battery_impact_pct": 3.2
          }
        }
      ],
      "net": {
        "slice": "eMBB",
        "lat_ms": 12,
        "jitter_ms": 3,
        "loss_pct": 0.1,
        "throughput_mbps": 120,
        "edge_load": 0.6
      }
    },
    {
      "turn": 5,
      "speaker": "agent",
      "intent": "detect_network_degradation",
      "actions": [
        {
          "type": "mcp",
          "name": "read_network_status",
          "args": {}
        }
      ],
      "obs": [
        {
          "tool": "read_network_status",
          "result": {
            "slice": "eMBB",
            "lat_ms": 15,
            "jitter_ms": 5,
            "loss_pct": 0.8,
            "throughput_mbps": 80,
            "edge_load": 0.75
          }
        }
      ],
      "net": {
        "slice": "eMBB",
        "lat_ms": 15,
        "jitter_ms": 5,
        "loss_pct": 0.8,
        "throughput_mbps": 80,
        "edge_load": 0.75
      }
    },
    {
      "turn": 6,
      "speaker": "user",
      "intent": "switch_to_URLLC_for_reliability",
      "actions": [
        {
          "type": "mcp",
          "name": "switch_network_slice",
          "args": {
            "target_slice": "URLLC"
          }
        }
      ],
      "obs": [
        {
          "tool": "switch_network_slice",
          "result": {
            "status": "success",
            "old_slice": "eMBB",
            "new_slice": "URLLC"
          }
        }
      ],
      "net": {
        "slice": "URLLC",
        "lat_ms": 6,
        "jitter_ms": 1.1,
        "loss_pct": 0.02,
        "throughput_mbps": 52,
        "edge_load": 0.45
      }
    },
    {
      "turn": 7,
      "speaker": "agent",
      "intent": "initiate_spiral_inspection",
      "actions": [
        {
          "type": "mcp",
          "name": "activate_sensor",
          "args": {
            "sensor": "rgb"
          }
        },
        {
          "type": "a2a",
          "task": "coordinate_spiral_path",
          "to": "vision_agent",
          "payload": {
            "center": {
              "x": 400.0,
              "y": 300.0
            },
            "radius": 50.0,
            "layers": 5
          }
        }
      ],
      "obs": [
        {
          "tool": "activate_sensor",
          "result": {
            "sensor": "rgb",
            "status": "active"
          }
        },
        {
          "task": "coordinate_spiral_path",
          "from": "vision_agent",
          "status": "ok",
          "payload": {
            "trajectory": "spiral_inward",
            "duration_estimate_s": 45
          }
        }
      ],
      "net": {
        "slice": "URLLC",
        "lat_ms": 5.5,
        "jitter_ms": 0.9,
        "loss_pct": 0.01,
        "throughput_mbps": 55,
        "edge_load": 0.4
      }
    },
    {
      "turn": 8,
      "speaker": "user",
      "intent": "execute_inspection_with_monitoring",
      "actions": [
        {
          "type": "mcp",
          "name": "execute_trajectory",
          "args": {
            "trajectory_id": "spiral_001"
          }
        },
        {
          "type": "mcp",
          "name": "monitor_battery",
          "args": {}
        }
      ],
      "obs": [
        {
          "tool": "execute_trajectory",
          "result": {
            "status": "in_progress",
            "completion_pct": 0
          }
        },
        {
          "tool": "monitor_battery",
          "result": {
            "battery_pct": 94.1,
            "trend": "stable"
          }
        }
      ],
      "net": {
        "slice": "URLLC",
        "lat_ms": 6,
        "jitter_ms": 1.3,
        "loss_pct": 0.02,
        "throughput_mbps": 50,
        "edge_load": 0.5
      }
    },
    {
      "turn": 9,
      "speaker": "agent",
      "intent": "check_midpoint_status",
      "actions": [
        {
          "type": "mcp",
          "name": "read_telemetry",
          "args": {}
        }
      ],
      "obs": [
        {
          "tool": "read_telemetry",
          "result": {
            "pose": {
              "x": 398.2,
              "y": 301.1,
              "z": 150.0
            },
            "battery_pct": 92.3,
            "speed_mps": 12.0
          }
        }
      ],
      "net": {
        "slice": "URLLC",
        "lat_ms": 5.8,
        "jitter_ms": 1.0,
        "loss_pct": 0.015,
        "throughput_mbps": 53,
        "edge_load": 0.48
      }
    },
    {
      "turn": 10,
      "speaker": "user",
      "intent": "complete_inspection_and_return",
      "actions": [
        {
          "type": "mcp",
          "name": "complete_trajectory",
          "args": {
            "trajectory_id": "spiral_001"
          }
        },
        {
          "type": "mcp",
          "name": "return_to_home",
          "args": {
            "home_pose": {
              "x": 100.0,
              "y": 100.0,
              "z": 75.0
            }
          }
        }
      ],
      "obs": [
        {
          "tool": "complete_trajectory",
          "result": {
            "status": "success",
            "data_collected": 1.2,
            "unit": "GB"
          }
        },
        {
          "tool": "return_to_home",
          "result": {
            "status": "initiated",
            "estimated_time_s": 38.5
          }
        }
      ],
      "net": {
        "slice": "URLLC",
        "lat_ms": 6.2,
        "jitter_ms": 1.4,
        "loss_pct": 0.025,
        "throughput_mbps": 49,
        "edge_load": 0.52
      }
    }
  ],
  "final_state": {
    "domain": "uav",
    "time_s": 120.0,
    "env": {
      "weather": "lightning_risk",
      "wind_mps": 8.5,
      "wind_dir_deg": 240.0
    },
    "airspace": {
      "alt_bounds": [
        50.0,
        1200.0
      ],
      "geofence": [
        {
          "type": "polygon",
          "points": [
            [
              0.0,
              0.0
            ],
            [
              800.0,
              0.0
            ],
            [
              800.0,
              600.0
            ],
            [
              0.0,
              600.0
            ]
          ]
        }
      ]
    },
    "uav": {
      "pose": {
        "x": 210.5,
        "y": 180.3,
        "z": 120.0,
        "yaw": 85.0
      },
      "speed_mps": 38.0,
      "energy": {
        "battery_pct": 88.7
      },
      "sensors": {
        "rgb": "active",
        "thermal": "ok",
        "lidar": "offline",
        "radar": "offline",
        "gnss": "ok",
        "imu": "ok",
        "magnetometer": "ok",
        "barometer": "ok"
      },
      "payloads": []
    },
    "policy": {
      "alt_bounds": [
        50.0,
        1200.0
      ]
    },
    "safety_flags": {
      "nfz_violation": false,
      "separation_breach": false
    }
  },
  "success": true,
  "_meta": {
    "seed": 42,
    "ts": 1763918288,
    "ts_iso": "2025-11-23T17:18:08Z",
    "gen_time_s": 39.34156155586243,
    "attempts_used": 1,
    "generation_failed": false,
    "usage": {
      "prompt_tokens": 1066,
      "completion_tokens": 3432,
      "total_tokens": 4498,
      "cost": 0.00291148,
      "is_byok": false,
      "prompt_tokens_details": {
        "cached_tokens": 624,
        "audio_tokens": 0,
        "video_tokens": 0
      },
      "cost_details": {
        "upstream_inference_cost": null,
        "upstream_inference_prompt_cost": 0.00016588,
        "upstream_inference_completions_cost": 0.0027456
      },
      "completion_tokens_details": {
        "reasoning_tokens": 0,
        "image_tokens": 0
      }
    }
  }
}