{
  "initial_state": {
    "domain": "uav",
    "time_s": 0.0,
    "env": {
      "weather": "hail",
      "wind_mps": 8.0,
      "wind_dir_deg": 270.0
    },
    "airspace": {
      "alt_bounds": [
        10.0,
        120.0
      ],
      "geofence": [
        {
          "type": "polygon",
          "points": [
            [
              0.0,
              0.0
            ],
            [
              200.0,
              0.0
            ],
            [
              200.0,
              200.0
            ],
            [
              0.0,
              200.0
            ]
          ]
        }
      ]
    },
    "uav": {
      "pose": {
        "x": 20.0,
        "y": 20.0,
        "z": 25.0,
        "yaw": 90.0
      },
      "speed_mps": 15.0,
      "energy": {
        "battery_pct": 100.0
      },
      "sensors": {
        "rgb": "ok",
        "thermal": "ok",
        "lidar": "ok",
        "radar": "offline",
        "gnss": "ok",
        "imu": "ok",
        "magnetometer": "ok",
        "barometer": "ok"
      },
      "payloads": []
    },
    "policy": {
      "alt_bounds": [
        10.0,
        120.0
      ]
    },
    "safety_flags": {
      "nfz_violation": false,
      "separation_breach": false
    }
  },
  "dialogue": [
    {
      "turn": 1,
      "speaker": "agent",
      "intent": "initiate_mission",
      "actions": [
        {
          "type": "mcp",
          "name": "read_telemetry",
          "args": {}
        }
      ],
      "obs": [
        {
          "tool": "read_telemetry",
          "result": {
            "pose": {
              "x": 20.0,
              "y": 20.0,
              "z": 25.0,
              "yaw": 90.0
            },
            "battery_pct": 100.0,
            "speed_mps": 15.0
          }
        }
      ],
      "net": {
        "slice": "URLLC",
        "lat_ms": 5,
        "jitter_ms": 1,
        "loss_pct": 0.01,
        "throughput_mbps": 50,
        "edge_load": 0.3
      }
    },
    {
      "turn": 2,
      "speaker": "user",
      "intent": "confirm_mission_start",
      "actions": [],
      "obs": [],
      "net": {
        "slice": "URLLC",
        "lat_ms": 6,
        "jitter_ms": 1.2,
        "loss_pct": 0.02,
        "throughput_mbps": 48,
        "edge_load": 0.32
      }
    },
    {
      "turn": 3,
      "speaker": "agent",
      "intent": "assess_sensor_status",
      "actions": [
        {
          "type": "mcp",
          "name": "diagnose_sensor",
          "args": {
            "sensor": "radar"
          }
        }
      ],
      "obs": [
        {
          "tool": "diagnose_sensor",
          "result": {
            "sensor": "radar",
            "status": "offline",
            "reason": "hail_damage"
          }
        }
      ],
      "net": {
        "slice": "eMBB",
        "lat_ms": 12,
        "jitter_ms": 3,
        "loss_pct": 0.05,
        "throughput_mbps": 80,
        "edge_load": 0.45
      }
    },
    {
      "turn": 4,
      "speaker": "user",
      "intent": "request_compensatory_action",
      "actions": [
        {
          "type": "a2a",
          "task": "activate_thermal_compensation",
          "to": "uav_swarm_agent",
          "payload": {
            "uav_id": "uav_01",
            "compensation_mode": "lidar_thermal_fusion"
          }
        }
      ],
      "obs": [
        {
          "task": "activate_thermal_compensation",
          "from": "uav_swarm_agent",
          "status": "ok",
          "payload": {
            "mode_activated": "lidar_thermal_fusion"
          }
        }
      ],
      "net": {
        "slice": "URLLC",
        "lat_ms": 7,
        "jitter_ms": 1.5,
        "loss_pct": 0.03,
        "throughput_mbps": 55,
        "edge_load": 0.38
      }
    },
    {
      "turn": 5,
      "speaker": "agent",
      "intent": "navigate_to_target",
      "actions": [
        {
          "type": "mcp",
          "name": "set_waypoint",
          "args": {
            "x": 150.0,
            "y": 150.0,
            "z": 40.0
          }
        }
      ],
      "obs": [
        {
          "tool": "set_waypoint",
          "result": {
            "status": "accepted",
            "eta_s": 18.5
          }
        }
      ],
      "net": {
        "slice": "eMBB",
        "lat_ms": 15,
        "jitter_ms": 5,
        "loss_pct": 0.1,
        "throughput_mbps": 70,
        "edge_load": 0.55
      }
    },
    {
      "turn": 6,
      "speaker": "user",
      "intent": "monitor_progress",
      "actions": [
        {
          "type": "mcp",
          "name": "read_telemetry",
          "args": {}
        }
      ],
      "obs": [
        {
          "tool": "read_telemetry",
          "result": {
            "pose": {
              "x": 95.0,
              "y": 95.0,
              "z": 38.0,
              "yaw": 92.0
            },
            "battery_pct": 88.0,
            "speed_mps": 14.2
          }
        }
      ],
      "net": {
        "slice": "mMTC",
        "lat_ms": 25,
        "jitter_ms": 10,
        "loss_pct": 0.8,
        "throughput_mbps": 1,
        "edge_load": 0.75
      }
    },
    {
      "turn": 7,
      "speaker": "agent",
      "intent": "adapt_to_network_degradation",
      "actions": [
        {
          "type": "mcp",
          "name": "reduce_sensor_streaming",
          "args": {
            "exclude": [
              "rgb"
            ]
          }
        }
      ],
      "obs": [
        {
          "tool": "reduce_sensor_streaming",
          "result": {
            "status": "applied",
            "streams_active": [
              "thermal",
              "lidar"
            ]
          }
        }
      ],
      "net": {
        "slice": "mMTC",
        "lat_ms": 30,
        "jitter_ms": 12,
        "loss_pct": 1.0,
        "throughput_mbps": 0.8,
        "edge_load": 0.8
      }
    },
    {
      "turn": 8,
      "speaker": "user",
      "intent": "request_status_update",
      "actions": [
        {
          "type": "a2a",
          "task": "request_swarm_status",
          "to": "uav_swarm_agent",
          "payload": {
            "uav_id": "uav_01"
          }
        }
      ],
      "obs": [
        {
          "task": "request_swarm_status",
          "from": "uav_swarm_agent",
          "status": "ok",
          "payload": {
            "neighbors": 3,
            "separation_min_m": 25.0,
            "swarm_integrity": "stable"
          }
        }
      ],
      "net": {
        "slice": "URLLC",
        "lat_ms": 8,
        "jitter_ms": 2,
        "loss_pct": 0.04,
        "throughput_mbps": 45,
        "edge_load": 0.4
      }
    },
    {
      "turn": 9,
      "speaker": "agent",
      "intent": "approach_target_safely",
      "actions": [
        {
          "type": "mcp",
          "name": "activate_obstacle_avoidance",
          "args": {
            "mode": "lidar_thermal"
          }
        }
      ],
      "obs": [
        {
          "tool": "activate_obstacle_avoidance",
          "result": {
            "status": "active",
            "mode": "lidar_thermal"
          }
        }
      ],
      "net": {
        "slice": "URLLC",
        "lat_ms": 6,
        "jitter_ms": 1.1,
        "loss_pct": 0.02,
        "throughput_mbps": 52,
        "edge_load": 0.35
      }
    },
    {
      "turn": 10,
      "speaker": "user",
      "intent": "confirm_completion",
      "actions": [
        {
          "type": "mcp",
          "name": "read_telemetry",
          "args": {}
        }
      ],
      "obs": [
        {
          "tool": "read_telemetry",
          "result": {
            "pose": {
              "x": 149.8,
              "y": 149.9,
              "z": 40.0,
              "yaw": 91.5
            },
            "battery_pct": 76.0,
            "speed_mps": 0.5
          }
        }
      ],
      "net": {
        "slice": "URLLC",
        "lat_ms": 5.5,
        "jitter_ms": 0.9,
        "loss_pct": 0.01,
        "throughput_mbps": 54,
        "edge_load": 0.31
      }
    }
  ],
  "final_state": {
    "domain": "uav",
    "time_s": 20.0,
    "env": {
      "weather": "hail",
      "wind_mps": 8.0,
      "wind_dir_deg": 270.0
    },
    "airspace": {
      "alt_bounds": [
        10.0,
        120.0
      ],
      "geofence": [
        {
          "type": "polygon",
          "points": [
            [
              0.0,
              0.0
            ],
            [
              200.0,
              0.0
            ],
            [
              200.0,
              200.0
            ],
            [
              0.0,
              200.0
            ]
          ]
        }
      ]
    },
    "uav": {
      "pose": {
        "x": 149.8,
        "y": 149.9,
        "z": 40.0,
        "yaw": 91.5
      },
      "speed_mps": 0.5,
      "energy": {
        "battery_pct": 76.0
      },
      "sensors": {
        "rgb": "ok",
        "thermal": "ok",
        "lidar": "ok",
        "radar": "offline",
        "gnss": "ok",
        "imu": "ok",
        "magnetometer": "ok",
        "barometer": "ok"
      },
      "payloads": []
    },
    "policy": {
      "alt_bounds": [
        10.0,
        120.0
      ]
    },
    "safety_flags": {
      "nfz_violation": false,
      "separation_breach": false
    }
  },
  "success": true,
  "_meta": {
    "seed": 42,
    "ts": 1763943906,
    "ts_iso": "2025-11-24T00:25:06Z",
    "gen_time_s": 35.882049560546875,
    "attempts_used": 1,
    "generation_failed": false,
    "usage": {
      "prompt_tokens": 1065,
      "completion_tokens": 2922,
      "total_tokens": 3987,
      "cost": 0.0025015,
      "is_byok": false,
      "prompt_tokens_details": {
        "cached_tokens": 640,
        "audio_tokens": 0,
        "video_tokens": 0
      },
      "cost_details": {
        "upstream_inference_cost": null,
        "upstream_inference_prompt_cost": 0.0001639,
        "upstream_inference_completions_cost": 0.0023376
      },
      "completion_tokens_details": {
        "reasoning_tokens": 0,
        "image_tokens": 0
      }
    }
  }
}