{
  "initial_state": {
    "domain": "uav",
    "time_s": 0.0,
    "env": {
      "weather": "good",
      "wind_mps": 7.5,
      "wind_dir_deg": 240.0
    },
    "airspace": {
      "alt_bounds": [
        10.0,
        120.0
      ],
      "geofence": [
        {
          "type": "polygon",
          "points": [
            [
              0.0,
              0.0
            ],
            [
              400.0,
              0.0
            ],
            [
              400.0,
              300.0
            ],
            [
              0.0,
              300.0
            ]
          ]
        }
      ]
    },
    "uav": {
      "pose": {
        "x": 50.0,
        "y": 50.0,
        "z": 20.0,
        "yaw": 90.0
      },
      "speed_mps": 18.0,
      "energy": {
        "battery_pct": 100.0
      },
      "sensors": {
        "rgb": "ok",
        "thermal": "ok",
        "lidar": "ok",
        "radar": "offline",
        "gnss": "ok",
        "imu": "ok",
        "magnetometer": "ok",
        "barometer": "ok"
      },
      "payloads": []
    },
    "policy": {
      "alt_bounds": [
        10.0,
        120.0
      ]
    },
    "safety_flags": {
      "nfz_violation": false,
      "separation_breach": false
    }
  },
  "dialogue": [
    {
      "turn": 1,
      "speaker": "agent",
      "intent": "initiate_inspection_mission",
      "actions": [
        {
          "type": "mcp",
          "name": "read_telemetry",
          "args": {}
        },
        {
          "type": "a2a",
          "task": "request_weather_update",
          "to": "weather_agent",
          "payload": {
            "location": [
              50.0,
              50.0
            ]
          }
        }
      ],
      "obs": [
        {
          "tool": "read_telemetry",
          "result": {
            "pose": {
              "x": 50.0,
              "y": 50.0,
              "z": 20.0
            },
            "battery_pct": 100.0,
            "speed_mps": 18.0
          }
        },
        {
          "task": "request_weather_update",
          "from": "weather_agent",
          "status": "ok",
          "payload": {
            "wind_mps": 7.5,
            "gusts_mps": 10.2,
            "turbulence": "moderate"
          }
        }
      ],
      "net": {
        "slice": "eMBB",
        "lat_ms": 12,
        "jitter_ms": 2,
        "loss_pct": 0.1,
        "throughput_mbps": 850,
        "edge_load": 0.35
      }
    },
    {
      "turn": 2,
      "speaker": "user",
      "intent": "approve_takeoff",
      "actions": [],
      "obs": [],
      "net": {
        "slice": "eMBB",
        "lat_ms": 11,
        "jitter_ms": 1.8,
        "loss_pct": 0.05,
        "throughput_mbps": 870,
        "edge_load": 0.33
      }
    },
    {
      "turn": 3,
      "speaker": "agent",
      "intent": "ascend_to_inspection_altitude",
      "actions": [
        {
          "type": "mcp",
          "name": "set_altitude",
          "args": {
            "target_z": 100.0
          }
        }
      ],
      "obs": [
        {
          "tool": "set_altitude",
          "result": {
            "status": "executing",
            "target_z": 100.0,
            "current_z": 45.0,
            "battery_pct": 98.7
          }
        }
      ],
      "net": {
        "slice": "URLLC",
        "lat_ms": 8,
        "jitter_ms": 0.9,
        "loss_pct": 0.02,
        "throughput_mbps": 120,
        "edge_load": 0.4
      }
    },
    {
      "turn": 4,
      "speaker": "user",
      "intent": "request_radar_status",
      "actions": [
        {
          "type": "mcp",
          "name": "diagnose_sensor",
          "args": {
            "sensor": "radar"
          }
        }
      ],
      "obs": [
        {
          "tool": "diagnose_sensor",
          "result": {
            "sensor": "radar",
            "status": "faulty",
            "diagnosis": "antenna_feed failure"
          }
        }
      ],
      "net": {
        "slice": "URLLC",
        "lat_ms": 7,
        "jitter_ms": 0.8,
        "loss_pct": 0.01,
        "throughput_mbps": 110,
        "edge_load": 0.42
      }
    },
    {
      "turn": 5,
      "speaker": "agent",
      "intent": "compensate_sensor_failure",
      "actions": [
        {
          "type": "a2a",
          "task": "activate_lidar_fusion",
          "to": "perception_agent",
          "payload": {
            "fallback_mode": "lidar_thermal"
          }
        }
      ],
      "obs": [
        {
          "task": "activate_lidar_fusion",
          "from": "perception_agent",
          "status": "activated",
          "payload": {
            "mode": "lidar_thermal",
            "confidence": 0.91
          }
        }
      ],
      "net": {
        "slice": "URLLC",
        "lat_ms": 9,
        "jitter_ms": 1.1,
        "loss_pct": 0.03,
        "throughput_mbps": 105,
        "edge_load": 0.45
      }
    },
    {
      "turn": 6,
      "speaker": "user",
      "intent": "reroute_near_turbine",
      "actions": [
        {
          "type": "mcp",
          "name": "set_waypoint",
          "args": {
            "x": 350.0,
            "y": 150.0,
            "z": 95.0
          }
        }
      ],
      "obs": [
        {
          "tool": "set_waypoint",
          "result": {
            "status": "accepted",
            "waypoint": [
              350.0,
              150.0,
              95.0
            ]
          }
        }
      ],
      "net": {
        "slice": "eMBB",
        "lat_ms": 15,
        "jitter_ms": 4,
        "loss_pct": 0.8,
        "throughput_mbps": 780,
        "edge_load": 0.6
      }
    },
    {
      "turn": 7,
      "speaker": "agent",
      "intent": "detect_network_degradation",
      "actions": [
        {
          "type": "mcp",
          "name": "read_telemetry",
          "args": {}
        }
      ],
      "obs": [
        {
          "tool": "read_telemetry",
          "result": {
            "pose": {
              "x": 210.0,
              "y": 98.0,
              "z": 96.5
            },
            "battery_pct": 95.2,
            "speed_mps": 16.0
          }
        }
      ],
      "net": {
        "slice": "mMTC",
        "lat_ms": 45,
        "jitter_ms": 12,
        "loss_pct": 2.1,
        "throughput_mbps": 1.2,
        "edge_load": 0.85
      }
    },
    {
      "turn": 8,
      "speaker": "user",
      "intent": "switch_to_low_bandwidth_mode",
      "actions": [
        {
          "type": "mcp",
          "name": "reduce_video_streaming",
          "args": {
            "resolution": "480p",
            "fps": 15
          }
        }
      ],
      "obs": [
        {
          "tool": "reduce_video_streaming",
          "result": {
            "status": "applied",
            "resolution": "480p",
            "fps": 15
          }
        }
      ],
      "net": {
        "slice": "mMTC",
        "lat_ms": 42,
        "jitter_ms": 10,
        "loss_pct": 1.8,
        "throughput_mbps": 1.5,
        "edge_load": 0.8
      }
    },
    {
      "turn": 9,
      "speaker": "agent",
      "intent": "resume_inspection_with_adaptation",
      "actions": [
        {
          "type": "mcp",
          "name": "capture_image",
          "args": {
            "sensor": "rgb",
            "mode": "inspection"
          }
        },
        {
          "type": "a2a",
          "task": "log_event",
          "to": "data_agent",
          "payload": {
            "event": "image_captured",
            "location": [
              348.0,
              149.0,
              95.0
            ],
            "battery": 94.1
          }
        }
      ],
      "obs": [
        {
          "tool": "capture_image",
          "result": {
            "status": "success",
            "image_id": "IMG_001",
            "size_kb": 1024
          }
        },
        {
          "task": "log_event",
          "from": "data_agent",
          "status": "logged",
          "payload": {
            "event": "image_captured",
            "timestamp": 98.7
          }
        }
      ],
      "net": {
        "slice": "URLLC",
        "lat_ms": 10,
        "jitter_ms": 1.5,
        "loss_pct": 0.05,
        "throughput_mbps": 130,
        "edge_load": 0.5
      }
    },
    {
      "turn": 10,
      "speaker": "user",
      "intent": "return_to_home",
      "actions": [
        {
          "type": "mcp",
          "name": "set_waypoint",
          "args": {
            "x": 50.0,
            "y": 50.0,
            "z": 20.0
          }
        }
      ],
      "obs": [
        {
          "tool": "set_waypoint",
          "result": {
            "status": "accepted",
            "waypoint": [
              50.0,
              50.0,
              20.0
            ]
          }
        }
      ],
      "net": {
        "slice": "URLLC",
        "lat_ms": 9,
        "jitter_ms": 1.2,
        "loss_pct": 0.04,
        "throughput_mbps": 125,
        "edge_load": 0.48
      }
    },
    {
      "turn": 11,
      "speaker": "agent",
      "intent": "land_safely",
      "actions": [
        {
          "type": "mcp",
          "name": "land",
          "args": {}
        }
      ],
      "obs": [
        {
          "tool": "land",
          "result": {
            "status": "completed",
            "final_pose": {
              "x": 50.0,
              "y": 50.0,
              "z": 0.0
            },
            "battery_pct": 89.3
          }
        }
      ],
      "net": {
        "slice": "URLLC",
        "lat_ms": 7,
        "jitter_ms": 0.8,
        "loss_pct": 0.01,
        "throughput_mbps": 115,
        "edge_load": 0.41
      }
    }
  ],
  "final_state": {
    "domain": "uav",
    "time_s": 120.0,
    "env": {
      "weather": "good",
      "wind_mps": 7.5,
      "wind_dir_deg": 240.0
    },
    "airspace": {
      "alt_bounds": [
        10.0,
        120.0
      ],
      "geofence": [
        {
          "type": "polygon",
          "points": [
            [
              0.0,
              0.0
            ],
            [
              400.0,
              0.0
            ],
            [
              400.0,
              300.0
            ],
            [
              0.0,
              300.0
            ]
          ]
        }
      ]
    },
    "uav": {
      "pose": {
        "x": 50.0,
        "y": 50.0,
        "z": 0.0,
        "yaw": 90.0
      },
      "speed_mps": 0.0,
      "energy": {
        "battery_pct": 89.3
      },
      "sensors": {
        "rgb": "ok",
        "thermal": "ok",
        "lidar": "ok",
        "radar": "offline",
        "gnss": "ok",
        "imu": "ok",
        "magnetometer": "ok",
        "barometer": "ok"
      },
      "payloads": []
    },
    "policy": {
      "alt_bounds": [
        10.0,
        120.0
      ]
    },
    "safety_flags": {
      "nfz_violation": false,
      "separation_breach": false
    }
  },
  "success": true,
  "_meta": {
    "seed": 42,
    "ts": 1763790166,
    "ts_iso": "2025-11-22T05:42:46Z",
    "gen_time_s": 59.70597457885742,
    "attempts_used": 1,
    "generation_failed": false,
    "usage": {
      "prompt_tokens": 1056,
      "completion_tokens": 3360,
      "total_tokens": 4416,
      "cost": 0.00285168,
      "is_byok": false,
      "prompt_tokens_details": {
        "cached_tokens": 624,
        "audio_tokens": 0,
        "video_tokens": 0
      },
      "cost_details": {
        "upstream_inference_cost": null,
        "upstream_inference_prompt_cost": 0.00016368,
        "upstream_inference_completions_cost": 0.002688
      },
      "completion_tokens_details": {
        "reasoning_tokens": 0,
        "image_tokens": 0
      }
    }
  }
}