{
  "initial_state": {
    "domain": "uav",
    "time_s": 0.0,
    "env": {
      "weather": "dust",
      "wind_mps": 6.0,
      "wind_dir_deg": 135.0
    },
    "airspace": {
      "alt_bounds": [
        30.0,
        120.0
      ],
      "geofence": [
        {
          "type": "polygon",
          "points": [
            [
              0,
              0
            ],
            [
              500,
              0
            ],
            [
              500,
              500
            ],
            [
              0,
              500
            ]
          ]
        }
      ]
    },
    "uav": {
      "pose": {
        "x": 50.0,
        "y": 50.0,
        "z": 50.0,
        "yaw": 90.0
      },
      "speed_mps": 20.0,
      "energy": {
        "battery_pct": 100.0
      },
      "sensors": {
        "rgb": "ok",
        "thermal": "offline",
        "lidar": "offline",
        "radar": "offline",
        "gnss": "ok",
        "imu": "ok",
        "magnetometer": "ok",
        "barometer": "ok"
      },
      "payloads": []
    },
    "policy": {
      "alt_bounds": [
        30.0,
        120.0
      ]
    },
    "safety_flags": {
      "nfz_violation": false,
      "separation_breach": false
    }
  },
  "dialogue": [
    {
      "turn": 1,
      "speaker": "agent",
      "intent": "initiate mission and check telemetry",
      "actions": [
        {
          "type": "mcp",
          "name": "read_telemetry",
          "args": {}
        }
      ],
      "obs": [
        {
          "tool": "read_telemetry",
          "result": {
            "pose": {
              "x": 50.0,
              "y": 50.0,
              "z": 50.0,
              "yaw": 90.0
            },
            "speed_mps": 20.0,
            "battery_pct": 100.0,
            "sensors": {
              "rgb": "ok",
              "thermal": "offline",
              "lidar": "offline",
              "radar": "offline",
              "gnss": "ok",
              "imu": "ok"
            }
          }
        }
      ],
      "net": {
        "slice": "eMBB",
        "lat_ms": 12,
        "jitter_ms": 2,
        "loss_pct": 0.1,
        "throughput_mbps": 850,
        "edge_load": 0.45
      }
    },
    {
      "turn": 2,
      "speaker": "user",
      "intent": "confirm mission start and request sensor activation",
      "actions": [
        {
          "type": "mcp",
          "name": "activate_sensor",
          "args": {
            "sensor": "thermal"
          }
        }
      ],
      "obs": [
        {
          "tool": "activate_sensor",
          "result": {
            "sensor": "thermal",
            "status": "activated"
          }
        }
      ],
      "net": {
        "slice": "URLLC",
        "lat_ms": 8,
        "jitter_ms": 1,
        "loss_pct": 0.05,
        "throughput_mbps": 120,
        "edge_load": 0.3
      }
    },
    {
      "turn": 3,
      "speaker": "agent",
      "intent": "plan route to delivery point",
      "actions": [
        {
          "type": "mcp",
          "name": "compute_route",
          "args": {
            "destination": {
              "x": 400,
              "y": 400,
              "z": 60
            }
          }
        }
      ],
      "obs": [
        {
          "tool": "compute_route",
          "result": {
            "route": [
              [
                50,
                50,
                50
              ],
              [
                150,
                150,
                60
              ],
              [
                250,
                250,
                60
              ],
              [
                400,
                400,
                60
              ]
            ],
            "eta_s": 45,
            "energy_required_pct": 18.5
          }
        }
      ],
      "net": {
        "slice": "eMBB",
        "lat_ms": 15,
        "jitter_ms": 3,
        "loss_pct": 0.2,
        "throughput_mbps": 780,
        "edge_load": 0.5
      }
    },
    {
      "turn": 4,
      "speaker": "user",
      "intent": "request swarm coordination for collision check",
      "actions": [
        {
          "type": "a2a",
          "task": "collision_avoidance",
          "to": "uav_swarm_agent",
          "payload": {
            "current_pose": {
              "x": 50,
              "y": 50,
              "z": 50
            },
            "route": [
              [
                50,
                50,
                50
              ],
              [
                150,
                150,
                60
              ],
              [
                250,
                250,
                60
              ],
              [
                400,
                400,
                60
              ]
            ],
            "id": "uav_01"
          }
        }
      ],
      "obs": [
        {
          "task": "collision_avoidance",
          "from": "uav_swarm_agent",
          "status": "ok",
          "payload": {
            "conflicts": [],
            "recommended_alt": 60
          }
        }
      ],
      "net": {
        "slice": "URLLC",
        "lat_ms": 6,
        "jitter_ms": 0.8,
        "loss_pct": 0.02,
        "throughput_mbps": 95,
        "edge_load": 0.25
      }
    },
    {
      "turn": 5,
      "speaker": "agent",
      "intent": "execute takeoff and begin transit",
      "actions": [
        {
          "type": "mcp",
          "name": "execute_maneuver",
          "args": {
            "maneuver": "takeoff",
            "target_alt": 60
          }
        }
      ],
      "obs": [
        {
          "tool": "execute_maneuver",
          "result": {
            "status": "completed",
            "final_pose": {
              "x": 50,
              "y": 50,
              "z": 60,
              "yaw": 90
            },
            "battery_pct": 98.7
          }
        }
      ],
      "net": {
        "slice": "eMBB",
        "lat_ms": 18,
        "jitter_ms": 4,
        "loss_pct": 0.3,
        "throughput_mbps": 720,
        "edge_load": 0.55
      }
    },
    {
      "turn": 6,
      "speaker": "user",
      "intent": "report network degradation and request telemetry",
      "actions": [
        {
          "type": "mcp",
          "name": "read_telemetry",
          "args": {}
        }
      ],
      "obs": [
        {
          "tool": "read_telemetry",
          "result": {
            "pose": {
              "x": 150,
              "y": 150,
              "z": 60
            },
            "speed_mps": 20.0,
            "battery_pct": 96.2,
            "sensors": {
              "thermal": "ok"
            }
          }
        }
      ],
      "net": {
        "slice": "mMTC",
        "lat_ms": 120,
        "jitter_ms": 25,
        "loss_pct": 5.0,
        "throughput_mbps": 1.2,
        "edge_load": 0.85
      }
    },
    {
      "turn": 7,
      "speaker": "agent",
      "intent": "adapt to poor network by reducing sensor usage",
      "actions": [
        {
          "type": "mcp",
          "name": "deactivate_sensor",
          "args": {
            "sensor": "rgb"
          }
        }
      ],
      "obs": [
        {
          "tool": "deactivate_sensor",
          "result": {
            "sensor": "rgb",
            "status": "deactivated"
          }
        }
      ],
      "net": {
        "slice": "mMTC",
        "lat_ms": 110,
        "jitter_ms": 30,
        "loss_pct": 6.5,
        "throughput_mbps": 0.9,
        "edge_load": 0.9
      }
    },
    {
      "turn": 8,
      "speaker": "user",
      "intent": "authorize delivery approach",
      "actions": [
        {
          "type": "mcp",
          "name": "authorize_action",
          "args": {
            "action": "approach_delivery_zone"
          }
        }
      ],
      "obs": [
        {
          "tool": "authorize_action",
          "result": {
            "action": "approach_delivery_zone",
            "status": "authorized"
          }
        }
      ],
      "net": {
        "slice": "URLLC",
        "lat_ms": 9,
        "jitter_ms": 1.2,
        "loss_pct": 0.1,
        "throughput_mbps": 110,
        "edge_load": 0.35
      }
    },
    {
      "turn": 9,
      "speaker": "agent",
      "intent": "perform delivery approach and drop package",
      "actions": [
        {
          "type": "mcp",
          "name": "execute_maneuver",
          "args": {
            "maneuver": "approach",
            "target": {
              "x": 400,
              "y": 400,
              "z": 40
            }
          }
        },
        {
          "type": "mcp",
          "name": "release_payload",
          "args": {
            "id": "pkg_001"
          }
        }
      ],
      "obs": [
        {
          "tool": "execute_maneuver",
          "result": {
            "status": "completed",
            "final_pose": {
              "x": 400,
              "y": 400,
              "z": 40
            }
          }
        },
        {
          "tool": "release_payload",
          "result": {
            "payload_id": "pkg_001",
            "status": "released"
          }
        }
      ],
      "net": {
        "slice": "URLLC",
        "lat_ms": 7,
        "jitter_ms": 0.9,
        "loss_pct": 0.08,
        "throughput_mbps": 105,
        "edge_load": 0.3
      }
    },
    {
      "turn": 10,
      "speaker": "user",
      "intent": "request return path and battery check",
      "actions": [
        {
          "type": "mcp",
          "name": "read_telemetry",
          "args": {}
        }
      ],
      "obs": [
        {
          "tool": "read_telemetry",
          "result": {
            "pose": {
              "x": 400,
              "y": 400,
              "z": 40
            },
            "battery_pct": 89.5,
            "sensors": {
              "thermal": "ok"
            }
          }
        }
      ],
      "net": {
        "slice": "eMBB",
        "lat_ms": 14,
        "jitter_ms": 2.5,
        "loss_pct": 0.15,
        "throughput_mbps": 800,
        "edge_load": 0.48
      }
    },
    {
      "turn": 11,
      "speaker": "agent",
      "intent": "initiate return and land",
      "actions": [
        {
          "type": "mcp",
          "name": "execute_maneuver",
          "args": {
            "maneuver": "return_to_base",
            "target": {
              "x": 50,
              "y": 50,
              "z": 30
            }
          }
        }
      ],
      "obs": [
        {
          "tool": "execute_maneuver",
          "result": {
            "status": "completed",
            "final_pose": {
              "x": 50,
              "y": 50,
              "z": 30
            },
            "battery_pct": 78.3
          }
        }
      ],
      "net": {
        "slice": "URLLC",
        "lat_ms": 10,
        "jitter_ms": 1.5,
        "loss_pct": 0.1,
        "throughput_mbps": 115,
        "edge_load": 0.32
      }
    }
  ],
  "final_state": {
    "domain": "uav",
    "time_s": 120.0,
    "env": {
      "weather": "dust",
      "wind_mps": 6.0,
      "wind_dir_deg": 135.0
    },
    "airspace": {
      "alt_bounds": [
        30.0,
        120.0
      ],
      "geofence": [
        {
          "type": "polygon",
          "points": [
            [
              0,
              0
            ],
            [
              500,
              0
            ],
            [
              500,
              500
            ],
            [
              0,
              500
            ]
          ]
        }
      ]
    },
    "uav": {
      "pose": {
        "x": 50.0,
        "y": 50.0,
        "z": 30.0,
        "yaw": 90.0
      },
      "speed_mps": 0.0,
      "energy": {
        "battery_pct": 78.3
      },
      "sensors": {
        "rgb": "offline",
        "thermal": "ok",
        "lidar": "offline",
        "radar": "offline",
        "gnss": "ok",
        "imu": "ok",
        "magnetometer": "ok",
        "barometer": "ok"
      },
      "payloads": []
    },
    "policy": {
      "alt_bounds": [
        30.0,
        120.0
      ]
    },
    "safety_flags": {
      "nfz_violation": false,
      "separation_breach": false
    }
  },
  "success": true,
  "_meta": {
    "seed": 42,
    "ts": 1763787927,
    "ts_iso": "2025-11-22T05:05:27Z",
    "gen_time_s": 59.0066192150116,
    "attempts_used": 1,
    "generation_failed": false,
    "usage": {
      "prompt_tokens": 1042,
      "completion_tokens": 3533,
      "total_tokens": 4575,
      "cost": 0.00294124,
      "is_byok": false,
      "prompt_tokens_details": {
        "cached_tokens": 1040,
        "audio_tokens": 0,
        "video_tokens": 0
      },
      "cost_details": {
        "upstream_inference_cost": null,
        "upstream_inference_prompt_cost": 0.00011484,
        "upstream_inference_completions_cost": 0.0028264
      },
      "completion_tokens_details": {
        "reasoning_tokens": 0,
        "image_tokens": 0
      }
    }
  }
}