{
  "episode_id": "6gb_prompt_7471d4282384d566",
  "questions": [
    {
      "task_id": "T28",
      "task_name": "6G Model Training-as-a-Service Decision",
      "source_turn": 10,
      "question": "The UAV has completed its delivery mission and is now preparing for return, with battery at 100% and thermal sensor still offline. Network slice is currently eMBB with 750 Mbps throughput, 13 ms latency, 2.5 ms jitter, 0.15% loss, and 0.35 edge load. A customer requests immediate LLM fine-tuning via 6G Model Training-as-a-Service, requiring 500 Mbps sustained throughput for 3 turns, with SLA latency under 15 ms and edge load under 0.6. Historical data shows eMBB degrades to 600 Mbps and 18 ms latency under wind gusts above 7 m/s, which are forecasted for the next 2 turns. URLLC slice offers 100 Mbps, 5 ms latency, 0.02% loss, and 0.1 edge load but cannot meet throughput requirements. mMTC slice offers 1 Mbps, 50 ms latency, 1.5% loss, and 0.8 edge load, violating all SLAs. If training begins now, the UAV must maintain eMBB for 3 turns, risking SLA violation if degradation persists. Which option should be selected?",
      "options": {
        "A": "Accept training on eMBB now; current metrics meet SLA and wind may not worsen.",
        "B": "Reject training; eMBB may degrade to 600 Mbps and 18 ms latency, violating SLA in turn 11.",
        "C": "Switch to URLLC and throttle training; accept 100 Mbps throughput with 5 ms latency, risking training failure.",
        "D": "Delay training for 2 turns; wait for wind to subside and re-evaluate eMBB stability."
      },
      "correct": "B",
      "reason": "Accepting training now on eMBB risks SLA violation in turn 11 if wind-induced degradation occurs, as latency would exceed 15 ms and throughput drop below 500 Mbps. URLLC cannot meet throughput requirements, making it nonviable. Delaying training ignores the immediate risk of degradation and assumes recovery without evidence. Rejecting training minimizes maximum regret by avoiding SLA breach under worst-case wind conditions.",
      "rationale_tag": "WORST_CASE_SLAVIOLATION",
      "difficulty": "very_hard"
    },
    {
      "task_id": "T29",
      "task_name": "Immersive/AR Resource Prioritization",
      "source_turn": 10,
      "question": "The UAV is returning under eMBB slice with 750 Mbps throughput, 13 ms latency, 2.5 ms jitter, 0.15% loss, and 0.35 edge load. Weather risk persists with 8 m/s wind from 240°, and thermal sensor remains offline. The next 3 turns require AR-guided obstacle avoidance with 100 Mbps minimum throughput and 15 ms max latency. URLLC slice offers 100 Mbps, 5 ms latency, 0.5 ms jitter, 0.02% loss, and 0.1 edge load but is reserved for emergency telemetry. mMTC slice has 1 Mbps, 50 ms latency, 10 ms jitter, 1.5% loss, and 0.8 edge load. If wind degrades latency by up to 3 ms per turn and edge load increases by 0.1 per turn, which option minimizes maximum regret over the next 3 turns while maintaining AR session integrity?",
      "options": {
        "A": "Stay on eMBB; current latency 13 ms is under 15 ms SLA, and throughput 750 Mbps exceeds 100 Mbps requirement.",
        "B": "Switch to URLLC; latency 5 ms is safe, throughput 100 Mbps meets minimum, and edge load 0.1 is low, but may block emergency telemetry.",
        "C": "Switch to mMTC; edge load 0.8 is high but acceptable, latency 50 ms exceeds SLA by 35 ms, and throughput 1 Mbps is below requirement.",
        "D": "Wait 1 turn for weather to clear; projected latency under eMBB will be 16 ms (exceeding SLA) and edge load 0.45, risking session failure."
      },
      "correct": "B",
      "reason": "URLLC maintains latency under 15 ms even with 3 ms wind degradation per turn, ensuring AR session integrity. Throughput meets the 100 Mbps minimum, and edge load remains low at 0. 1. Although it may block emergency telemetry, the risk of session failure under eMBB or mMTC is higher over three turns. The worst-case latency under eMBB exceeds SLA by turn 2, making it unsafe for AR guidance.",
      "rationale_tag": "WORST_CASE_LATENCY_MARGIN",
      "difficulty": "very_hard"
    }
  ]
}