{
  "initial_state": {
    "domain": "uav",
    "time_s": 0.0,
    "env": {
      "weather": "fog",
      "wind_mps": 6.5,
      "wind_dir_deg": 240.0
    },
    "airspace": {
      "alt_bounds": [
        10.0,
        120.0
      ],
      "geofence": [
        {
          "type": "polygon",
          "points": [
            [
              0,
              0
            ],
            [
              100,
              0
            ],
            [
              100,
              80
            ],
            [
              0,
              80
            ]
          ]
        }
      ]
    },
    "uav": {
      "pose": {
        "x": 10.0,
        "y": 10.0,
        "z": 20.0,
        "yaw": 90.0
      },
      "speed_mps": 25.0,
      "energy": {
        "battery_pct": 100.0
      },
      "sensors": {
        "rgb": "ok",
        "thermal": "ok",
        "lidar": "ok",
        "radar": "offline",
        "gnss": "ok",
        "imu": "ok",
        "magnetometer": "ok",
        "barometer": "ok"
      },
      "payloads": []
    },
    "policy": {
      "alt_bounds": [
        10.0,
        120.0
      ]
    },
    "safety_flags": {
      "nfz_violation": false,
      "separation_breach": false
    }
  },
  "dialogue": [
    {
      "turn": 1,
      "speaker": "agent",
      "intent": "initiate inspection mission under foggy conditions",
      "actions": [
        {
          "type": "mcp",
          "name": "read_telemetry",
          "args": {}
        },
        {
          "type": "a2a",
          "task": "request_weather_data",
          "to": "weather_agent",
          "payload": {
            "location": [
              10.0,
              10.0
            ],
            "range_km": 5
          }
        }
      ],
      "obs": [
        {
          "tool": "read_telemetry",
          "result": {
            "pose": {
              "x": 10.0,
              "y": 10.0,
              "z": 20.0
            },
            "battery_pct": 100.0,
            "speed_mps": 25.0
          }
        },
        {
          "task": "request_weather_data",
          "from": "weather_agent",
          "status": "ok",
          "payload": {
            "visibility_km": 0.8,
            "fog_density": 0.75,
            "wind_gusts_mps": 9.2
          }
        }
      ],
      "net": {
        "slice": "eMBB",
        "lat_ms": 18,
        "jitter_ms": 3,
        "loss_pct": 0.1,
        "throughput_mbps": 850,
        "edge_load": 0.45
      }
    },
    {
      "turn": 2,
      "speaker": "user",
      "intent": "approve altitude increase for better visibility",
      "actions": [
        {
          "type": "mcp",
          "name": "set_altitude",
          "args": {
            "target_z": 45.0
          }
        }
      ],
      "obs": [
        {
          "tool": "set_altitude",
          "result": {
            "status": "accepted",
            "target_z": 45.0,
            "estimated_time_s": 4.2
          }
        }
      ],
      "net": {
        "slice": "eMBB",
        "lat_ms": 20,
        "jitter_ms": 4,
        "loss_pct": 0.2,
        "throughput_mbps": 800,
        "edge_load": 0.5
      }
    },
    {
      "turn": 3,
      "speaker": "agent",
      "intent": "ascend and initiate sensor calibration",
      "actions": [
        {
          "type": "mcp",
          "name": "execute_maneuver",
          "args": {
            "maneuver": "climb",
            "target_z": 45.0
          }
        },
        {
          "type": "mcp",
          "name": "calibrate_sensors",
          "args": {
            "sensors": [
              "imu",
              "magnetometer"
            ]
          }
        }
      ],
      "obs": [
        {
          "tool": "execute_maneuver",
          "result": {
            "status": "completed",
            "final_z": 45.0,
            "duration_s": 4.3
          }
        },
        {
          "tool": "calibrate_sensors",
          "result": {
            "status": "success",
            "calibrated": [
              "imu",
              "magnetometer"
            ]
          }
        }
      ],
      "net": {
        "slice": "URLLC",
        "lat_ms": 8,
        "jitter_ms": 1,
        "loss_pct": 0.05,
        "throughput_mbps": 120,
        "edge_load": 0.3
      }
    },
    {
      "turn": 4,
      "speaker": "user",
      "intent": "request thermal imaging of turbine array",
      "actions": [
        {
          "type": "mcp",
          "name": "activate_sensor",
          "args": {
            "sensor": "thermal",
            "mode": "high_res"
          }
        },
        {
          "type": "a2a",
          "task": "coordinate_formation",
          "to": "uav_swarm_agent",
          "payload": {
            "formation": "line_abreast",
            "spacing_m": 15
          }
        }
      ],
      "obs": [
        {
          "tool": "activate_sensor",
          "result": {
            "sensor": "thermal",
            "status": "active",
            "mode": "high_res"
          }
        },
        {
          "task": "coordinate_formation",
          "from": "uav_swarm_agent",
          "status": "acknowledged",
          "payload": {
            "formation": "line_abreast",
            "uav_count": 3,
            "leader_id": "uav-01"
          }
        }
      ],
      "net": {
        "slice": "eMBB",
        "lat_ms": 25,
        "jitter_ms": 5,
        "loss_pct": 0.3,
        "throughput_mbps": 750,
        "edge_load": 0.6
      }
    },
    {
      "turn": 5,
      "speaker": "agent",
      "intent": "navigate to first turbine under moderate wind",
      "actions": [
        {
          "type": "mcp",
          "name": "set_waypoint",
          "args": {
            "x": 60.0,
            "y": 30.0,
            "z": 45.0
          }
        },
        {
          "type": "mcp",
          "name": "read_telemetry",
          "args": {}
        }
      ],
      "obs": [
        {
          "tool": "set_waypoint",
          "result": {
            "status": "en_route",
            "eta_s": 12.7,
            "path_valid": true
          }
        },
        {
          "tool": "read_telemetry",
          "result": {
            "pose": {
              "x": 28.4,
              "y": 18.1,
              "z": 45.0
            },
            "battery_pct": 98.2,
            "wind_drift_comp": 2.1
          }
        }
      ],
      "net": {
        "slice": "URLLC",
        "lat_ms": 10,
        "jitter_ms": 2,
        "loss_pct": 0.1,
        "throughput_mbps": 100,
        "edge_load": 0.35
      }
    },
    {
      "turn": 6,
      "speaker": "user",
      "intent": "pause for network degradation check",
      "actions": [
        {
          "type": "mcp",
          "name": "hover",
          "args": {
            "duration_s": 10
          }
        }
      ],
      "obs": [
        {
          "tool": "hover",
          "result": {
            "status": "stable",
            "position_hold_error_m": 0.3,
            "battery_drain_pct_per_min": 1.1
          }
        }
      ],
      "net": {
        "slice": "mMTC",
        "lat_ms": 120,
        "jitter_ms": 25,
        "loss_pct": 5.0,
        "throughput_mbps": 1.2,
        "edge_load": 0.85
      }
    },
    {
      "turn": 7,
      "speaker": "agent",
      "intent": "adapt to poor link by reducing data usage",
      "actions": [
        {
          "type": "mcp",
          "name": "reduce_sensor_streaming",
          "args": {
            "exclude": [
              "rgb",
              "lidar"
            ],
            "retain": [
              "thermal"
            ]
          }
        },
        {
          "type": "a2a",
          "task": "report_link_quality",
          "to": "network_orchestrator",
          "payload": {
            "current_slice": "mMTC",
            "loss_pct": 5.0,
            "recommendation": "switch to URLLC for control"
          }
        }
      ],
      "obs": [
        {
          "tool": "reduce_sensor_streaming",
          "result": {
            "status": "applied",
            "active_streams": [
              "thermal"
            ]
          }
        },
        {
          "task": "report_link_quality",
          "from": "network_orchestrator",
          "status": "ack",
          "payload": {
            "action_taken": "switched to URLLC slice",
            "lat_ms": 12
          }
        }
      ],
      "net": {
        "slice": "URLLC",
        "lat_ms": 12,
        "jitter_ms": 3,
        "loss_pct": 0.2,
        "throughput_mbps": 150,
        "edge_load": 0.55
      }
    },
    {
      "turn": 8,
      "speaker": "user",
      "intent": "resume mission and inspect blade 3",
      "actions": [
        {
          "type": "mcp",
          "name": "set_waypoint",
          "args": {
            "x": 65.0,
            "y": 32.0,
            "z": 38.0
          }
        },
        {
          "type": "mcp",
          "name": "activate_sensor",
          "args": {
            "sensor": "lidar",
            "mode": "obstacle_scan"
          }
        }
      ],
      "obs": [
        {
          "tool": "set_waypoint",
          "result": {
            "status": "en_route",
            "eta_s": 8.1
          }
        },
        {
          "tool": "activate_sensor",
          "result": {
            "sensor": "lidar",
            "status": "active",
            "mode": "obstacle_scan"
          }
        }
      ],
      "net": {
        "slice": "URLLC",
        "lat_ms": 9,
        "jitter_ms": 1,
        "loss_pct": 0.1,
        "throughput_mbps": 180,
        "edge_load": 0.4
      }
    },
    {
      "turn": 9,
      "speaker": "agent",
      "intent": "complete close inspection and detect anomaly",
      "actions": [
        {
          "type": "mcp",
          "name": "capture_image",
          "args": {
            "sensor": "thermal",
            "target": "blade_3_root"
          }
        },
        {
          "type": "mcp",
          "name": "analyze_image",
          "args": {
            "image_id": "thermal_654321",
            "algorithm": "crack_detection_v2"
          }
        }
      ],
      "obs": [
        {
          "tool": "capture_image",
          "result": {
            "image_id": "thermal_654321",
            "quality": "high",
            "target": "blade_3_root"
          }
        },
        {
          "tool": "analyze_image",
          "result": {
            "detection": "crack",
            "confidence": 0.94,
            "length_mm": 42.3
          }
        }
      ],
      "net": {
        "slice": "eMBB",
        "lat_ms": 22,
        "jitter_ms": 4,
        "loss_pct": 0.15,
        "throughput_mbps": 900,
        "edge_load": 0.5
      }
    },
    {
      "turn": 10,
      "speaker": "user",
      "intent": "log defect and return to base",
      "actions": [
        {
          "type": "mcp",
          "name": "log_defect",
          "args": {
            "location": "turbine_3_blade_root",
            "type": "crack",
            "severity": "medium",
            "image_ref": "thermal_654321"
          }
        },
        {
          "type": "mcp",
          "name": "return_to_home",
          "args": {}
        }
      ],
      "obs": [
        {
          "tool": "log_defect",
          "result": {
            "status": "recorded",
            "ticket_id": "DEF-8871"
          }
        },
        {
          "tool": "return_to_home",
          "result": {
            "status": "en_route",
            "home_pose": {
              "x": 10.0,
              "y": 10.0,
              "z": 20.0
            },
            "eta_s": 15.6
          }
        }
      ],
      "net": {
        "slice": "URLLC",
        "lat_ms": 11,
        "jitter_ms": 2,
        "loss_pct": 0.1,
        "throughput_mbps": 160,
        "edge_load": 0.42
      }
    }
  ],
  "final_state": {
    "domain": "uav",
    "time_s": 98.6,
    "env": {
      "weather": "fog",
      "wind_mps": 6.5,
      "wind_dir_deg": 240.0
    },
    "airspace": {
      "alt_bounds": [
        10.0,
        120.0
      ],
      "geofence": [
        {
          "type": "polygon",
          "points": [
            [
              0,
              0
            ],
            [
              100,
              0
            ],
            [
              100,
              80
            ],
            [
              0,
              80
            ]
          ]
        }
      ]
    },
    "uav": {
      "pose": {
        "x": 18.3,
        "y": 14.7,
        "z": 28.1,
        "yaw": 275.0
      },
      "speed_mps": 18.4,
      "energy": {
        "battery_pct": 89.7
      },
      "sensors": {
        "rgb": "ok",
        "thermal": "ok",
        "lidar": "ok",
        "radar": "offline",
        "gnss": "ok",
        "imu": "ok",
        "magnetometer": "ok",
        "barometer": "ok"
      },
      "payloads": []
    },
    "policy": {
      "alt_bounds": [
        10.0,
        120.0
      ]
    },
    "safety_flags": {
      "nfz_violation": false,
      "separation_breach": false
    }
  },
  "success": true,
  "_meta": {
    "seed": 42,
    "ts": 1763774556,
    "ts_iso": "2025-11-22T01:22:36Z",
    "gen_time_s": 64.88225150108337,
    "attempts_used": 1,
    "generation_failed": false,
    "usage": {
      "prompt_tokens": 1040,
      "completion_tokens": 3814,
      "total_tokens": 4854,
      "cost": 0.00316736,
      "is_byok": false,
      "prompt_tokens_details": {
        "cached_tokens": 1024,
        "audio_tokens": 0,
        "video_tokens": 0
      },
      "cost_details": {
        "upstream_inference_cost": null,
        "upstream_inference_prompt_cost": 0.00011616,
        "upstream_inference_completions_cost": 0.0030512
      },
      "completion_tokens_details": {
        "reasoning_tokens": 0,
        "image_tokens": 0
      }
    }
  }
}