{
  "initial_state": {
    "domain": "uav",
    "time_s": 0.0,
    "env": {
      "weather": "dust",
      "wind_mps": 8.0,
      "wind_dir_deg": 240.0
    },
    "airspace": {
      "alt_bounds": [
        1000.0,
        6000.0
      ],
      "geofence": [
        {
          "type": "polygon",
          "points": [
            [
              0,
              0
            ],
            [
              5000,
              0
            ],
            [
              5000,
              5000
            ],
            [
              0,
              5000
            ]
          ]
        }
      ]
    },
    "uav": {
      "pose": {
        "x": 1000.0,
        "y": 1000.0,
        "z": 3000.0,
        "yaw": 90.0
      },
      "speed_mps": 35.0,
      "energy": {
        "battery_pct": 100.0
      },
      "sensors": {
        "rgb": "ok",
        "thermal": "ok",
        "lidar": "offline",
        "radar": "ok",
        "gnss": "ok",
        "imu": "ok",
        "magnetometer": "ok",
        "barometer": "ok"
      },
      "payloads": []
    },
    "policy": {
      "alt_bounds": [
        1000.0,
        6000.0
      ]
    },
    "safety_flags": {
      "nfz_violation": false,
      "separation_breach": false
    }
  },
  "dialogue": [
    {
      "turn": 1,
      "speaker": "agent",
      "intent": "initiate mission and check telemetry",
      "actions": [
        {
          "type": "mcp",
          "name": "read_telemetry",
          "args": {}
        }
      ],
      "obs": [
        {
          "tool": "read_telemetry",
          "result": {
            "pose": {
              "x": 1000.0,
              "y": 1000.0,
              "z": 3000.0,
              "yaw": 90.0
            },
            "speed_mps": 35.0,
            "battery_pct": 100.0,
            "sensors": {
              "lidar": "offline"
            }
          }
        }
      ],
      "net": {
        "slice": "eMBB",
        "lat_ms": 12,
        "jitter_ms": 2,
        "loss_pct": 0.1,
        "throughput_mbps": 850,
        "edge_load": 0.45
      }
    },
    {
      "turn": 2,
      "speaker": "user",
      "intent": "confirm telemetry and request route plan",
      "actions": [
        {
          "type": "mcp",
          "name": "plan_route",
          "args": {
            "origin": [
              1000,
              1000
            ],
            "destination": [
              4000,
              4000
            ],
            "obstacles": []
          }
        }
      ],
      "obs": [
        {
          "tool": "plan_route",
          "result": {
            "waypoints": [
              [
                1500,
                1500,
                3000
              ],
              [
                2500,
                2500,
                3500
              ],
              [
                3500,
                3500,
                4000
              ],
              [
                4000,
                4000,
                4000
              ]
            ],
            "estimated_time_s": 180,
            "energy_cost_pct": 15
          }
        }
      ],
      "net": {
        "slice": "eMBB",
        "lat_ms": 14,
        "jitter_ms": 3,
        "loss_pct": 0.2,
        "throughput_mbps": 800,
        "edge_load": 0.52
      }
    },
    {
      "turn": 3,
      "speaker": "agent",
      "intent": "request swarm coordination for collision check",
      "actions": [
        {
          "type": "a2a",
          "task": "collision_avoidance",
          "to": "uav_swarm_agent",
          "payload": {
            "uav_id": "uav-7",
            "trajectory": [
              [
                1500,
                1500,
                3000
              ],
              [
                2500,
                2500,
                3500
              ],
              [
                3500,
                3500,
                4000
              ]
            ],
            "eta": 180
          }
        }
      ],
      "obs": [
        {
          "task": "collision_avoidance",
          "from": "uav_swarm_agent",
          "status": "ok",
          "payload": {
            "clearance": true,
            "conflicts": []
          }
        }
      ],
      "net": {
        "slice": "URLLC",
        "lat_ms": 5,
        "jitter_ms": 1,
        "loss_pct": 0.05,
        "throughput_mbps": 100,
        "edge_load": 0.3
      }
    },
    {
      "turn": 4,
      "speaker": "user",
      "intent": "approve route and initiate flight",
      "actions": [
        {
          "type": "mcp",
          "name": "execute_maneuver",
          "args": {
            "maneuver": "fly_route",
            "waypoints": [
              [
                1500,
                1500,
                3000
              ],
              [
                2500,
                2500,
                3500
              ],
              [
                3500,
                3500,
                4000
              ],
              [
                4000,
                4000,
                4000
              ]
            ]
          }
        }
      ],
      "obs": [
        {
          "tool": "execute_maneuver",
          "result": {
            "status": "in_progress",
            "current_waypoint_idx": 0,
            "estimated_completion_s": 180
          }
        }
      ],
      "net": {
        "slice": "eMBB",
        "lat_ms": 16,
        "jitter_ms": 4,
        "loss_pct": 0.3,
        "throughput_mbps": 750,
        "edge_load": 0.6
      }
    },
    {
      "turn": 5,
      "speaker": "agent",
      "intent": "monitor telemetry under dust conditions",
      "actions": [
        {
          "type": "mcp",
          "name": "read_telemetry",
          "args": {}
        }
      ],
      "obs": [
        {
          "tool": "read_telemetry",
          "result": {
            "pose": {
              "x": 1800.0,
              "y": 1800.0,
              "z": 3000.0,
              "yaw": 90.0
            },
            "speed_mps": 32.0,
            "battery_pct": 98.5,
            "sensors": {
              "gnss": "degraded",
              "imu": "ok"
            }
          }
        }
      ],
      "net": {
        "slice": "mMTC",
        "lat_ms": 50,
        "jitter_ms": 10,
        "loss_pct": 2.5,
        "throughput_mbps": 1,
        "edge_load": 0.85
      }
    },
    {
      "turn": 6,
      "speaker": "user",
      "intent": "switch to inertial navigation due to GNSS degradation",
      "actions": [
        {
          "type": "mcp",
          "name": "configure_sensor",
          "args": {
            "sensor": "navigation_mode",
            "value": "INS_only"
          }
        }
      ],
      "obs": [
        {
          "tool": "configure_sensor",
          "result": {
            "status": "success",
            "sensor": "navigation_mode",
            "value": "INS_only",
            "reason": "GNSS signal degraded in dust"
          }
        }
      ],
      "net": {
        "slice": "URLLC",
        "lat_ms": 6,
        "jitter_ms": 1,
        "loss_pct": 0.08,
        "throughput_mbps": 90,
        "edge_load": 0.35
      }
    },
    {
      "turn": 7,
      "speaker": "agent",
      "intent": "check battery and adjust altitude for efficiency",
      "actions": [
        {
          "type": "mcp",
          "name": "read_telemetry",
          "args": {}
        },
        {
          "type": "mcp",
          "name": "execute_maneuver",
          "args": {
            "maneuver": "adjust_altitude",
            "target_z": 3800
          }
        }
      ],
      "obs": [
        {
          "tool": "read_telemetry",
          "result": {
            "battery_pct": 96.0,
            "energy_rate_pct_per_min": 2.5
          }
        },
        {
          "tool": "execute_maneuver",
          "result": {
            "status": "completed",
            "final_altitude": 3800,
            "reason": "optimize energy in headwind"
          }
        }
      ],
      "net": {
        "slice": "URLLC",
        "lat_ms": 7,
        "jitter_ms": 1.5,
        "loss_pct": 0.1,
        "throughput_mbps": 95,
        "edge_load": 0.4
      }
    },
    {
      "turn": 8,
      "speaker": "user",
      "intent": "request delivery confirmation at destination",
      "actions": [
        {
          "type": "mcp",
          "name": "activate_sensor",
          "args": {
            "sensor": "rgb"
          }
        }
      ],
      "obs": [
        {
          "tool": "activate_sensor",
          "result": {
            "sensor": "rgb",
            "status": "active",
            "payload": {
              "image_id": "img_7a8b9c",
              "location": [
                3998,
                4002,
                4000
              ],
              "delivery_confirmed": true
            }
          }
        }
      ],
      "net": {
        "slice": "eMBB",
        "lat_ms": 18,
        "jitter_ms": 5,
        "loss_pct": 0.4,
        "throughput_mbps": 700,
        "edge_load": 0.65
      }
    },
    {
      "turn": 9,
      "speaker": "agent",
      "intent": "initiate return and conserve energy",
      "actions": [
        {
          "type": "mcp",
          "name": "plan_route",
          "args": {
            "origin": [
              4000,
              4000
            ],
            "destination": [
              1000,
              1000
            ],
            "obstacles": []
          }
        }
      ],
      "obs": [
        {
          "tool": "plan_route",
          "result": {
            "waypoints": [
              [
                3500,
                3500,
                3800
              ],
              [
                2500,
                2500,
                3200
              ],
              [
                1500,
                1500,
                3000
              ],
              [
                1000,
                1000,
                3000
              ]
            ],
            "estimated_time_s": 200,
            "energy_cost_pct": 18
          }
        }
      ],
      "net": {
        "slice": "mMTC",
        "lat_ms": 60,
        "jitter_ms": 15,
        "loss_pct": 3.0,
        "throughput_mbps": 0.8,
        "edge_load": 0.9
      }
    },
    {
      "turn": 10,
      "speaker": "user",
      "intent": "approve return route",
      "actions": [
        {
          "type": "mcp",
          "name": "execute_maneuver",
          "args": {
            "maneuver": "fly_route",
            "waypoints": [
              [
                3500,
                3500,
                3800
              ],
              [
                2500,
                2500,
                3200
              ],
              [
                1500,
                1500,
                3000
              ],
              [
                1000,
                1000,
                3000
              ]
            ]
          }
        }
      ],
      "obs": [
        {
          "tool": "execute_maneuver",
          "result": {
            "status": "in_progress",
            "current_waypoint_idx": 0
          }
        }
      ],
      "net": {
        "slice": "URLLC",
        "lat_ms": 8,
        "jitter_ms": 2,
        "loss_pct": 0.12,
        "throughput_mbps": 88,
        "edge_load": 0.42
      }
    }
  ],
  "final_state": {
    "domain": "uav",
    "time_s": 420.0,
    "env": {
      "weather": "dust",
      "wind_mps": 8.0,
      "wind_dir_deg": 240.0
    },
    "airspace": {
      "alt_bounds": [
        1000.0,
        6000.0
      ],
      "geofence": [
        {
          "type": "polygon",
          "points": [
            [
              0,
              0
            ],
            [
              5000,
              0
            ],
            [
              5000,
              5000
            ],
            [
              0,
              5000
            ]
          ]
        }
      ]
    },
    "uav": {
      "pose": {
        "x": 1000.0,
        "y": 1000.0,
        "z": 3000.0,
        "yaw": 90.0
      },
      "speed_mps": 0.0,
      "energy": {
        "battery_pct": 78.0
      },
      "sensors": {
        "rgb": "ok",
        "thermal": "ok",
        "lidar": "offline",
        "radar": "ok",
        "gnss": "ok",
        "imu": "ok",
        "magnetometer": "ok",
        "barometer": "ok"
      },
      "payloads": []
    },
    "policy": {
      "alt_bounds": [
        1000.0,
        6000.0
      ]
    },
    "safety_flags": {
      "nfz_violation": false,
      "separation_breach": false
    }
  },
  "success": true,
  "_meta": {
    "seed": 42,
    "ts": 1763690175,
    "ts_iso": "2025-11-21T01:56:15Z",
    "gen_time_s": 68.50798988342285,
    "attempts_used": 1,
    "generation_failed": false,
    "usage": {
      "prompt_tokens": 1057,
      "completion_tokens": 3553,
      "total_tokens": 4610,
      "cost": 0.00307494,
      "is_byok": false,
      "prompt_tokens_details": {
        "cached_tokens": 0,
        "audio_tokens": 0,
        "video_tokens": 0
      },
      "cost_details": {
        "upstream_inference_cost": null,
        "upstream_inference_prompt_cost": 0.00023254,
        "upstream_inference_completions_cost": 0.0028424
      },
      "completion_tokens_details": {
        "reasoning_tokens": 0,
        "image_tokens": 0
      }
    }
  }
}