{
  "initial_state": {
    "domain": "uav",
    "time_s": 0.0,
    "env": {
      "weather": "icing",
      "wind_mps": 8.5,
      "wind_dir_deg": 270.0
    },
    "airspace": {
      "alt_bounds": [
        50.0,
        300.0
      ],
      "geofence": [
        {
          "type": "polygon",
          "points": [
            [
              100.0,
              100.0
            ],
            [
              500.0,
              100.0
            ],
            [
              500.0,
              400.0
            ],
            [
              100.0,
              400.0
            ]
          ]
        }
      ]
    },
    "uav": {
      "pose": {
        "x": 150.0,
        "y": 150.0,
        "z": 100.0,
        "yaw": 90.0
      },
      "speed_mps": 35.0,
      "energy": {
        "battery_pct": 100.0
      },
      "sensors": {
        "rgb": "ok",
        "thermal": "ok",
        "lidar": "offline",
        "radar": "ok",
        "gnss": "ok",
        "imu": "ok",
        "magnetometer": "ok",
        "barometer": "ok"
      },
      "payloads": []
    },
    "policy": {
      "alt_bounds": [
        50.0,
        300.0
      ]
    },
    "safety_flags": {
      "nfz_violation": false,
      "separation_breach": false
    }
  },
  "dialogue": [
    {
      "turn": 1,
      "speaker": "agent",
      "intent": "initiate_survey_mission",
      "actions": [
        {
          "type": "mcp",
          "name": "read_telemetry",
          "args": {}
        },
        {
          "type": "a2a",
          "task": "request_weather_update",
          "to": "weather_agent",
          "payload": {
            "location": [
              150.0,
              150.0
            ]
          }
        }
      ],
      "obs": [
        {
          "tool": "read_telemetry",
          "result": {
            "pose": {
              "x": 150.0,
              "y": 150.0,
              "z": 100.0
            },
            "battery_pct": 100.0,
            "speed_mps": 35.0
          }
        },
        {
          "task": "request_weather_update",
          "from": "weather_agent",
          "status": "ok",
          "payload": {
            "weather": "icing",
            "wind_mps": 8.5,
            "wind_dir_deg": 270.0
          }
        }
      ],
      "net": {
        "slice": "eMBB",
        "lat_ms": 12,
        "jitter_ms": 2,
        "loss_pct": 0.1,
        "throughput_mbps": 850,
        "edge_load": 0.45
      }
    },
    {
      "turn": 2,
      "speaker": "user",
      "intent": "approve_mission_with_caution",
      "actions": [
        {
          "type": "mcp",
          "name": "check_geofence_status",
          "args": {}
        }
      ],
      "obs": [
        {
          "tool": "check_geofence_status",
          "result": {
            "inside": true,
            "distance_to_boundary_m": 50.0
          }
        }
      ],
      "net": {
        "slice": "eMBB",
        "lat_ms": 11,
        "jitter_ms": 1.8,
        "loss_pct": 0.05,
        "throughput_mbps": 870,
        "edge_load": 0.42
      }
    },
    {
      "turn": 3,
      "speaker": "agent",
      "intent": "adjust_flight_plan_for_icing",
      "actions": [
        {
          "type": "mcp",
          "name": "set_altitude",
          "args": {
            "target_z": 120.0
          }
        },
        {
          "type": "a2a",
          "task": "collision_avoidance",
          "to": "uav_swarm_agent",
          "payload": {
            "current_pose": {
              "x": 150.0,
              "y": 150.0,
              "z": 100.0
            },
            "waypoints": [
              {
                "x": 400.0,
                "y": 150.0,
                "z": 120.0
              }
            ]
          }
        }
      ],
      "obs": [
        {
          "tool": "set_altitude",
          "result": {
            "status": "accepted",
            "target_z": 120.0
          }
        },
        {
          "task": "collision_avoidance",
          "from": "uav_swarm_agent",
          "status": "ok",
          "payload": {
            "safe": true,
            "suggested_alt": 120.0
          }
        }
      ],
      "net": {
        "slice": "URLLC",
        "lat_ms": 8,
        "jitter_ms": 0.9,
        "loss_pct": 0.01,
        "throughput_mbps": 120,
        "edge_load": 0.38
      }
    },
    {
      "turn": 4,
      "speaker": "user",
      "intent": "request_thermal_scan",
      "actions": [
        {
          "type": "mcp",
          "name": "activate_sensor",
          "args": {
            "sensor": "thermal"
          }
        }
      ],
      "obs": [
        {
          "tool": "activate_sensor",
          "result": {
            "sensor": "thermal",
            "status": "activated"
          }
        }
      ],
      "net": {
        "slice": "eMBB",
        "lat_ms": 14,
        "jitter_ms": 2.1,
        "loss_pct": 0.2,
        "throughput_mbps": 800,
        "edge_load": 0.51
      }
    },
    {
      "turn": 5,
      "speaker": "agent",
      "intent": "detect_anomaly_thermal",
      "actions": [
        {
          "type": "mcp",
          "name": "capture_thermal_image",
          "args": {
            "target": [
              400.0,
              150.0
            ]
          }
        }
      ],
      "obs": [
        {
          "tool": "capture_thermal_image",
          "result": {
            "anomaly_detected": true,
            "temperature_c": 85.3,
            "location": [
              398.2,
              151.1
            ]
          }
        }
      ],
      "net": {
        "slice": "eMBB",
        "lat_ms": 16,
        "jitter_ms": 3.0,
        "loss_pct": 0.3,
        "throughput_mbps": 750,
        "edge_load": 0.58
      }
    },
    {
      "turn": 6,
      "speaker": "user",
      "intent": "investigate_anomaly",
      "actions": [
        {
          "type": "mcp",
          "name": "set_waypoint",
          "args": {
            "x": 398.2,
            "y": 151.1,
            "z": 110.0
          }
        }
      ],
      "obs": [
        {
          "tool": "set_waypoint",
          "result": {
            "status": "updated",
            "waypoint": {
              "x": 398.2,
              "y": 151.1,
              "z": 110.0
            }
          }
        }
      ],
      "net": {
        "slice": "URLLC",
        "lat_ms": 7,
        "jitter_ms": 0.8,
        "loss_pct": 0.02,
        "throughput_mbps": 110,
        "edge_load": 0.41
      }
    },
    {
      "turn": 7,
      "speaker": "agent",
      "intent": "confirm_anomaly_with_rgb",
      "actions": [
        {
          "type": "mcp",
          "name": "activate_sensor",
          "args": {
            "sensor": "rgb"
          }
        },
        {
          "type": "mcp",
          "name": "capture_rgb_image",
          "args": {
            "focus_point": [
              398.2,
              151.1
            ]
          }
        }
      ],
      "obs": [
        {
          "tool": "activate_sensor",
          "result": {
            "sensor": "rgb",
            "status": "activated"
          }
        },
        {
          "tool": "capture_rgb_image",
          "result": {
            "damage_visible": true,
            "structural_risk": "medium"
          }
        }
      ],
      "net": {
        "slice": "eMBB",
        "lat_ms": 18,
        "jitter_ms": 4.2,
        "loss_pct": 0.5,
        "throughput_mbps": 700,
        "edge_load": 0.65
      }
    },
    {
      "turn": 8,
      "speaker": "user",
      "intent": "initiate_report_and_return",
      "actions": [
        {
          "type": "a2a",
          "task": "submit_inspection_report",
          "to": "base_station_agent",
          "payload": {
            "anomaly": {
              "type": "overheating",
              "location": [
                398.2,
                151.1
              ],
              "severity": "high"
            }
          }
        }
      ],
      "obs": [
        {
          "task": "submit_inspection_report",
          "from": "base_station_agent",
          "status": "received",
          "payload": {
            "report_id": "RPT-39358",
            "ack": true
          }
        }
      ],
      "net": {
        "slice": "URLLC",
        "lat_ms": 9,
        "jitter_ms": 1.1,
        "loss_pct": 0.03,
        "throughput_mbps": 100,
        "edge_load": 0.44
      }
    },
    {
      "turn": 9,
      "speaker": "agent",
      "intent": "return_to_home",
      "actions": [
        {
          "type": "mcp",
          "name": "set_waypoint",
          "args": {
            "x": 150.0,
            "y": 150.0,
            "z": 100.0
          }
        },
        {
          "type": "mcp",
          "name": "read_telemetry",
          "args": {}
        }
      ],
      "obs": [
        {
          "tool": "set_waypoint",
          "result": {
            "status": "updated",
            "waypoint": {
              "x": 150.0,
              "y": 150.0,
              "z": 100.0
            }
          }
        },
        {
          "tool": "read_telemetry",
          "result": {
            "pose": {
              "x": 390.0,
              "y": 152.0,
              "z": 110.0
            },
            "battery_pct": 88.5,
            "speed_mps": 32.0
          }
        }
      ],
      "net": {
        "slice": "mMTC",
        "lat_ms": 25,
        "jitter_ms": 8.0,
        "loss_pct": 1.2,
        "throughput_mbps": 1.5,
        "edge_load": 0.72
      }
    },
    {
      "turn": 10,
      "speaker": "user",
      "intent": "monitor_return",
      "actions": [
        {
          "type": "mcp",
          "name": "check_battery",
          "args": {}
        }
      ],
      "obs": [
        {
          "tool": "check_battery",
          "result": {
            "battery_pct": 88.5,
            "estimated_return_time_s": 180,
            "safe_to_return": true
          }
        }
      ],
      "net": {
        "slice": "mMTC",
        "lat_ms": 27,
        "jitter_ms": 9.1,
        "loss_pct": 1.5,
        "throughput_mbps": 1.2,
        "edge_load": 0.75
      }
    },
    {
      "turn": 11,
      "speaker": "agent",
      "intent": "land_safely",
      "actions": [
        {
          "type": "mcp",
          "name": "initiate_landing",
          "args": {}
        },
        {
          "type": "mcp",
          "name": "read_telemetry",
          "args": {}
        }
      ],
      "obs": [
        {
          "tool": "initiate_landing",
          "result": {
            "status": "in_progress",
            "final_pose": {
              "x": 150.0,
              "y": 150.0,
              "z": 0.0
            }
          }
        },
        {
          "tool": "read_telemetry",
          "result": {
            "pose": {
              "x": 150.0,
              "y": 150.0,
              "z": 50.0
            },
            "battery_pct": 85.0,
            "speed_mps": 10.0
          }
        }
      ],
      "net": {
        "slice": "URLLC",
        "lat_ms": 6,
        "jitter_ms": 0.7,
        "loss_pct": 0.01,
        "throughput_mbps": 130,
        "edge_load": 0.35
      }
    }
  ],
  "final_state": {
    "domain": "uav",
    "time_s": 650.0,
    "env": {
      "weather": "icing",
      "wind_mps": 8.5,
      "wind_dir_deg": 270.0
    },
    "airspace": {
      "alt_bounds": [
        50.0,
        300.0
      ],
      "geofence": [
        {
          "type": "polygon",
          "points": [
            [
              100.0,
              100.0
            ],
            [
              500.0,
              100.0
            ],
            [
              500.0,
              400.0
            ],
            [
              100.0,
              400.0
            ]
          ]
        }
      ]
    },
    "uav": {
      "pose": {
        "x": 150.0,
        "y": 150.0,
        "z": 0.0,
        "yaw": 90.0
      },
      "speed_mps": 0.0,
      "energy": {
        "battery_pct": 85.0
      },
      "sensors": {
        "rgb": "ok",
        "thermal": "ok",
        "lidar": "offline",
        "radar": "ok",
        "gnss": "ok",
        "imu": "ok",
        "magnetometer": "ok",
        "barometer": "ok"
      },
      "payloads": []
    },
    "policy": {
      "alt_bounds": [
        50.0,
        300.0
      ]
    },
    "safety_flags": {
      "nfz_violation": false,
      "separation_breach": false
    }
  },
  "success": true,
  "_meta": {
    "seed": 42,
    "ts": 1763879776,
    "ts_iso": "2025-11-23T06:36:16Z",
    "gen_time_s": 92.17126107215881,
    "attempts_used": 2,
    "generation_failed": false,
    "usage": {
      "prompt_tokens": 1116,
      "completion_tokens": 3867,
      "total_tokens": 4983,
      "cost": 0.00327048,
      "is_byok": false,
      "prompt_tokens_details": {
        "cached_tokens": 624,
        "audio_tokens": 0,
        "video_tokens": 0
      },
      "cost_details": {
        "upstream_inference_cost": null,
        "upstream_inference_prompt_cost": 0.00017688,
        "upstream_inference_completions_cost": 0.0030936
      },
      "completion_tokens_details": {
        "reasoning_tokens": 0,
        "image_tokens": 0
      }
    }
  }
}