{
  "initial_state": {
    "domain": "uav",
    "time_s": 0.0,
    "env": {
      "weather": "fog",
      "wind_mps": 6.5,
      "wind_dir_deg": 240.0
    },
    "airspace": {
      "alt_bounds": [
        30.0,
        250.0
      ],
      "geofence": [
        {
          "type": "polygon",
          "points": [
            [
              200,
              200
            ],
            [
              1200,
              200
            ],
            [
              1200,
              1000
            ],
            [
              200,
              1000
            ]
          ]
        }
      ]
    },
    "uav": {
      "pose": {
        "x": 300.0,
        "y": 300.0,
        "z": 50.0,
        "yaw": 90.0
      },
      "speed_mps": 15.0,
      "energy": {
        "battery_pct": 100.0
      },
      "sensors": {
        "rgb": "ok",
        "thermal": "offline",
        "lidar": "ok",
        "radar": "offline",
        "gnss": "ok",
        "imu": "ok",
        "magnetometer": "ok",
        "barometer": "ok"
      },
      "payloads": []
    },
    "policy": {
      "alt_bounds": [
        30.0,
        250.0
      ]
    },
    "safety_flags": {
      "nfz_violation": false,
      "separation_breach": false
    }
  },
  "dialogue": [
    {
      "turn": 1,
      "speaker": "agent",
      "intent": "initiate mission under fog conditions",
      "actions": [
        {
          "type": "mcp",
          "name": "read_telemetry",
          "args": {}
        }
      ],
      "obs": [
        {
          "tool": "read_telemetry",
          "result": {
            "pose": {
              "x": 300.0,
              "y": 300.0,
              "z": 50.0,
              "yaw": 90.0
            },
            "battery_pct": 100.0,
            "speed_mps": 15.0
          }
        }
      ],
      "net": {
        "slice": "URLLC",
        "lat_ms": 5,
        "jitter_ms": 1,
        "loss_pct": 0.1,
        "throughput_mbps": 50,
        "edge_load": 0.3
      }
    },
    {
      "turn": 2,
      "speaker": "user",
      "intent": "request status and sensor check",
      "actions": [
        {
          "type": "mcp",
          "name": "check_sensors",
          "args": {}
        }
      ],
      "obs": [
        {
          "tool": "check_sensors",
          "result": {
            "status": "partial",
            "offline": [
              "thermal",
              "radar"
            ],
            "online": [
              "rgb",
              "lidar",
              "gnss",
              "imu",
              "magnetometer",
              "barometer"
            ]
          }
        }
      ],
      "net": {
        "slice": "eMBB",
        "lat_ms": 20,
        "jitter_ms": 5,
        "loss_pct": 0.5,
        "throughput_mbps": 100,
        "edge_load": 0.6
      }
    },
    {
      "turn": 3,
      "speaker": "agent",
      "intent": "compensate for fog with lidar and plan loiter",
      "actions": [
        {
          "type": "mcp",
          "name": "activate_sensor",
          "args": {
            "sensor": "lidar"
          }
        },
        {
          "type": "mcp",
          "name": "plan_trajectory",
          "args": {
            "waypoints": [
              {
                "x": 500,
                "y": 500,
                "z": 80
              },
              {
                "x": 700,
                "y": 500,
                "z": 80
              }
            ],
            "speed": 12
          }
        }
      ],
      "obs": [
        {
          "tool": "activate_sensor",
          "result": {
            "sensor": "lidar",
            "status": "active"
          }
        },
        {
          "tool": "plan_trajectory",
          "result": {
            "status": "success",
            "path_length_m": 400,
            "estimated_time_s": 33.3
          }
        }
      ],
      "net": {
        "slice": "URLLC",
        "lat_ms": 6,
        "jitter_ms": 2,
        "loss_pct": 0.2,
        "throughput_mbps": 45,
        "edge_load": 0.4
      }
    },
    {
      "turn": 4,
      "speaker": "user",
      "intent": "authorize trajectory and request swarm coordination",
      "actions": [
        {
          "type": "a2a",
          "task": "collision_avoidance",
          "to": "uav_swarm_agent",
          "payload": {
            "current_pose": {
              "x": 300,
              "y": 300,
              "z": 50
            },
            "trajectory": [
              {
                "x": 500,
                "y": 500,
                "z": 80
              },
              {
                "x": 700,
                "y": 500,
                "z": 80
              }
            ]
          }
        }
      ],
      "obs": [
        {
          "task": "collision_avoidance",
          "from": "uav_swarm_agent",
          "status": "ok",
          "payload": {
            "clearance": true,
            "conflicts": []
          }
        }
      ],
      "net": {
        "slice": "mMTC",
        "lat_ms": 50,
        "jitter_ms": 10,
        "loss_pct": 1.0,
        "throughput_mbps": 1,
        "edge_load": 0.8
      }
    },
    {
      "turn": 5,
      "speaker": "agent",
      "intent": "execute trajectory with reduced comms due to network load",
      "actions": [
        {
          "type": "mcp",
          "name": "execute_trajectory",
          "args": {
            "waypoints": [
              {
                "x": 500,
                "y": 500,
                "z": 80
              },
              {
                "x": 700,
                "y": 500,
                "z": 80
              }
            ]
          }
        }
      ],
      "obs": [
        {
          "tool": "execute_trajectory",
          "result": {
            "status": "in_progress",
            "current_waypoint": 1,
            "progress_pct": 45
          }
        }
      ],
      "net": {
        "slice": "URLLC",
        "lat_ms": 8,
        "jitter_ms": 3,
        "loss_pct": 0.3,
        "throughput_mbps": 40,
        "edge_load": 0.7
      }
    },
    {
      "turn": 6,
      "speaker": "user",
      "intent": "monitor progress and request image capture",
      "actions": [
        {
          "type": "mcp",
          "name": "capture_image",
          "args": {
            "sensor": "rgb",
            "target": {
              "x": 600,
              "y": 500
            }
          }
        }
      ],
      "obs": [
        {
          "tool": "capture_image",
          "result": {
            "status": "success",
            "image_id": "img_001",
            "resolution": "1920x1080",
            "visibility": "reduced_due_to_fog"
          }
        }
      ],
      "net": {
        "slice": "eMBB",
        "lat_ms": 25,
        "jitter_ms": 6,
        "loss_pct": 0.8,
        "throughput_mbps": 80,
        "edge_load": 0.9
      }
    },
    {
      "turn": 7,
      "speaker": "agent",
      "intent": "detect network degradation and switch to efficient mode",
      "actions": [
        {
          "type": "mcp",
          "name": "read_telemetry",
          "args": {}
        }
      ],
      "obs": [
        {
          "tool": "read_telemetry",
          "result": {
            "pose": {
              "x": 650.0,
              "y": 500.0,
              "z": 80.0,
              "yaw": 90.0
            },
            "battery_pct": 92.0,
            "speed_mps": 12.0
          }
        }
      ],
      "net": {
        "slice": "URLLC",
        "lat_ms": 100,
        "jitter_ms": 20,
        "loss_pct": 5.0,
        "throughput_mbps": 10,
        "edge_load": 0.95
      }
    },
    {
      "turn": 8,
      "speaker": "user",
      "intent": "abort high-bandwidth tasks and return to loiter",
      "actions": [
        {
          "type": "mcp",
          "name": "set_mode",
          "args": {
            "mode": "loiter",
            "radius": 30
          }
        }
      ],
      "obs": [
        {
          "tool": "set_mode",
          "result": {
            "mode": "loiter",
            "status": "active",
            "radius": 30
          }
        }
      ],
      "net": {
        "slice": "URLLC",
        "lat_ms": 7,
        "jitter_ms": 2,
        "loss_pct": 0.2,
        "throughput_mbps": 50,
        "edge_load": 0.5
      }
    },
    {
      "turn": 9,
      "speaker": "agent",
      "intent": "stabilize and recheck sensors after network recovery",
      "actions": [
        {
          "type": "mcp",
          "name": "check_sensors",
          "args": {}
        }
      ],
      "obs": [
        {
          "tool": "check_sensors",
          "result": {
            "status": "partial",
            "offline": [
              "thermal",
              "radar"
            ],
            "online": [
              "rgb",
              "lidar",
              "gnss",
              "imu",
              "magnetometer",
              "barometer"
            ]
          }
        }
      ],
      "net": {
        "slice": "URLLC",
        "lat_ms": 6,
        "jitter_ms": 1,
        "loss_pct": 0.1,
        "throughput_mbps": 55,
        "edge_load": 0.4
      }
    },
    {
      "turn": 10,
      "speaker": "user",
      "intent": "confirm safety and prepare for landing",
      "actions": [
        {
          "type": "mcp",
          "name": "assess_safety",
          "args": {}
        }
      ],
      "obs": [
        {
          "tool": "assess_safety",
          "result": {
            "nfz_clear": true,
            "separation_ok": true,
            "obstacles": "none_in_path"
          }
        }
      ],
      "net": {
        "slice": "URLLC",
        "lat_ms": 5,
        "jitter_ms": 1,
        "loss_pct": 0.05,
        "throughput_mbps": 60,
        "edge_load": 0.3
      }
    }
  ],
  "final_state": {
    "domain": "uav",
    "time_s": 120.0,
    "env": {
      "weather": "fog",
      "wind_mps": 6.5,
      "wind_dir_deg": 240.0
    },
    "airspace": {
      "alt_bounds": [
        30.0,
        250.0
      ],
      "geofence": [
        {
          "type": "polygon",
          "points": [
            [
              200,
              200
            ],
            [
              1200,
              200
            ],
            [
              1200,
              1000
            ],
            [
              200,
              1000
            ]
          ]
        }
      ]
    },
    "uav": {
      "pose": {
        "x": 650.0,
        "y": 500.0,
        "z": 80.0,
        "yaw": 90.0
      },
      "speed_mps": 5.0,
      "energy": {
        "battery_pct": 92.0
      },
      "sensors": {
        "rgb": "ok",
        "thermal": "offline",
        "lidar": "ok",
        "radar": "offline",
        "gnss": "ok",
        "imu": "ok",
        "magnetometer": "ok",
        "barometer": "ok"
      },
      "payloads": []
    },
    "policy": {
      "alt_bounds": [
        30.0,
        250.0
      ]
    },
    "safety_flags": {
      "nfz_violation": false,
      "separation_breach": false
    }
  },
  "success": true,
  "_meta": {
    "seed": 42,
    "ts": 1763727904,
    "ts_iso": "2025-11-21T12:25:04Z",
    "gen_time_s": 47.78942561149597,
    "attempts_used": 1,
    "generation_failed": false,
    "usage": {
      "prompt_tokens": 1056,
      "completion_tokens": 3306,
      "total_tokens": 4362,
      "cost": 0.00280496,
      "is_byok": false,
      "prompt_tokens_details": {
        "cached_tokens": 656,
        "audio_tokens": 0,
        "video_tokens": 0
      },
      "cost_details": {
        "upstream_inference_cost": null,
        "upstream_inference_prompt_cost": 0.00016016,
        "upstream_inference_completions_cost": 0.0026448
      },
      "completion_tokens_details": {
        "reasoning_tokens": 0,
        "image_tokens": 0
      }
    }
  }
}