{
  "episode_id": "6gb_prompt_bc98a0e2d59bb2fc",
  "questions": [
    {
      "task_id": "T3",
      "task_name": "Intent Drift Detection",
      "source_turn": 9,
      "question": "By turn 9 the agent has resumed survey scanning on eMBB with latency 20, jitter 5.0, loss 0.3, throughput 100, and edge_load 0.65 after earlier degradation on mMTC showed latency 45, jitter 12.0, loss 1.8, throughput 1.2, and edge_load 0.9. The original intent was survey within alt bounds 10.0 to 250.0, but the user later issued an order to return to home at turn 10 while network conditions had stabilized on URLLC at latency 10 and loss 0.04. Assume uncertainty that conditions can revert to the worst previously observed values within the next 1 to 3 turns because weather includes ash_cloud and lightning_risk. Detecting intent drift requires deciding whether the mission goal has subtly shifted from survey to safe termination despite the agent reinitiating scanning. A myopic reading focuses on the current eMBB throughput 100 and acceptable loss 0.3. A boundary case considers that edge_load 0.65 is below but close to the earlier 0.7 and could rise toward 0.9 again. Over multiple turns, worst case latency 45 combined with loss 1.8 would undermine continued survey even if one more image capture succeeds now. The agent must compare regret between persisting with survey versus aligning early with return intent under uncertainty. Which option should be selected?",
      "options": {
        "A": "Interpret no intent drift and continue survey because current latency 20 and throughput 100 on eMBB meet immediate needs despite earlier loss 1.8.",
        "B": "Declare intent drift toward safe termination because the user order at turn 10 plus worst case reversion to latency 45 and edge_load 0.9 makes continued survey risky over the next turns.",
        "C": "Delay judgment for one turn since URLLC previously held latency 10 and loss 0.04, assuming recovery will persist.",
        "D": "Switch fully back to high bandwidth sensing now because edge_load 0.65 is below 0.7 and jitter 5.0 is acceptable."
      },
      "correct": "B",
      "reason": "The user command to return appears soon after renewed scanning, indicating a shift in goal. Earlier metrics show a credible worst case with latency 45 and loss 1. 8 that could recur under ash cloud conditions. Persisting with survey minimizes short term regret but maximizes future regret if degradation returns within the next turns. Aligning with termination intent limits regret across both stable and degraded futures.",
      "rationale_tag": "MINIMAX_REGRET_INTENT_SHIFT",
      "difficulty": "very_hard"
    },
    {
      "task_id": "T13",
      "task_name": "Swarm-Level Slice Negotiation",
      "source_turn": 5,
      "question": "At turn 5 the swarm observes a degradation while coordinating navigation and sensing across agents. Network telemetry across recent turns shows latency varying from 8 ms to 45 ms, jitter from 1.0 ms to 12.0 ms, loss from 0.01 pct to 1.8 pct, throughput from 1.2 Mbps to 120 Mbps, and edge_load from 0.3 to 0.9. The swarm must negotiate slices for the next two turns while returning to home and possibly completing one more scan. All agents must stay within the altitude policy bounds of 10.0 to 250.0 meters, and navigation commands must remain responsive. If degradation persists for one more turn, worst observed metrics may recur rather than the recent recovery. Choosing a slice that looks safe now could overload the edge under peak conditions. Conversely choosing a conservative slice may reduce data but preserve coordination. The decision must consider regret if another degradation like turn 5 occurs versus if conditions remain like turn 8. Each option below reallocates slices swarm wide for the next two turns with explicit numeric tradeoffs. Which option should be selected?",
      "options": {
        "A": "Keep all agents on URLLC using observed latency 8 to 10 ms and jitter near 1.3 ms, accepting throughput around 45 to 55 Mbps and edge_load around 0.4 to 0.5 for the next two turns.",
        "B": "Switch all agents to eMBB to exploit throughput near 100 to 120 Mbps with latency 15 to 20 ms and jitter 3.0 to 5.0 ms, assuming edge_load remains below 0.7 as in turns 3 and 4.",
        "C": "Move the swarm to mMTC to minimize load by accepting latency up to 45 ms, jitter up to 12.0 ms, throughput near 1.2 Mbps, and edge_load near 0.9 as seen at turn 5.",
        "D": "Negotiate a mixed allocation keeping navigation agents on URLLC at latency under 10 ms while limiting sensing agents to eMBB only if edge_load stays below 0.6, otherwise deferring scans for the next two turns."
      },
      "correct": "D",
      "reason": "The mixed allocation limits worst case latency and jitter for navigation even if conditions revert to the degraded state. It bounds regret because eMBB sensing is deferred when edge load approaches the observed peak. Pure URLLC risks capacity strain if all agents transmit at once, while pure eMBB or mMTC fail under worst case latency or jitter. Over two turns this option preserves coordination while sacrificing only noncritical throughput.",
      "rationale_tag": "MINIMAX_REGRET_UNDER_DEGRADATION",
      "difficulty": "very_hard"
    },
    {
      "task_id": "T21",
      "task_name": "Device-Network Task Offload Arbitration",
      "source_turn": 9,
      "question": "At turn 9 the UAV initiates a survey scan while flying within altitude bounds of 10.0 to 250.0 meters and remaining battery at 100.0 percent. The active network slice is eMBB with latency 20 ms, jitter 5.0 ms, loss 0.3 percent, throughput 100 Mbps, and edge load 0.65. Earlier in the episode the network degraded on mMTC to 45 ms latency, 12.0 ms jitter, 1.8 percent loss, throughput 1.2 Mbps, and edge load 0.9, showing plausible recurrence. URLLC is available as an alternative with observed latency 8 to 10 ms, jitter 1.0 to 1.8 ms, loss 0.01 to 0.05 percent, throughput 45 to 55 Mbps, and edge load 0.3 to 0.5. The thermal and RGB sensors are active and produce high bandwidth data, while onboard compute would avoid network loss but consumes battery during return to home. Policy altitude limits impose no constraint on compute placement, but return flight requires reliable control over the next two turns. If the current eMBB conditions persist one more turn, edge load may rise toward earlier peaks, but URLLC capacity may tighten under contention. Offloading to cloud adds an extra hop beyond edge with similar throughput to eMBB but higher effective latency under load. A purely local option risks longer processing time that could delay navigation updates across the next two turns. Considering worst case network recurrence and minimizing maximum regret over the next one to three turns, which option should be selected?",
      "options": {
        "A": "Offload the AI task to eMBB edge now because 100 Mbps throughput and 20 ms latency meet current needs despite 0.65 edge load.",
        "B": "Switch to URLLC edge offload with 8 to 10 ms latency and 45 to 55 Mbps throughput to prioritize control reliability even if edge load rises to 0.5.",
        "C": "Offload to cloud using eMBB assuming similar 100 Mbps throughput while accepting additional latency beyond the 20 ms observed at the edge.",
        "D": "Process entirely onboard to avoid 0.3 percent packet loss on eMBB and possible recurrence of 1.8 percent loss seen earlier."
      },
      "correct": "B",
      "reason": "The URLLC option preserves low latency and low loss under worst case recurrence while maintaining sufficient throughput for reduced sensing. eMBB appears acceptable at 20 ms but earlier degradation to 45 ms and 0. 9 edge load creates high regret if repeated next turn. Cloud offload compounds latency under load and risks violating control needs during return. Onboard processing avoids loss but increases processing delay and energy use across multiple turns, leading to higher future regret.",
      "rationale_tag": "MINIMAX_REGRET_UNDER_UNCERTAINTY",
      "difficulty": "very_hard"
    },
    {
      "task_id": "T27",
      "task_name": "Agent Lifecycle & Management",
      "source_turn": 5,
      "question": "At turn 5 the agent observes a network slice shift to mMTC with latency 45 ms, jitter 12.0 ms, loss 1.8 percent, throughput 1.2 Mbps, and edge load 0.9. Across prior and later turns the edge load ranges from 0.3 to 0.9 and latency ranges from 8 to 45 ms depending on slice. The UAV is at altitude 15.0 m within the policy altitude bounds of 10.0 to 250.0 and has battery at 100.0 percent. Over the next two turns the mission requires navigation continuity while avoiding high bandwidth sensing, and a return to home is ordered at turn 10. If degradation persists for one more turn, URLLC recovery similar to turns 6 to 8 may or may not occur. The operator must decide an agent lifecycle action now that minimizes worst case regret over the next three turns. One option is to scale out a duplicate navigation agent on the edge, which increases edge load. Another option is to migrate the sensing agent off the edge to reduce contention while keeping navigation local. A third option is to keep all agents unchanged and rely on slice switching as before. A fourth option is to retire the sensing agent entirely for the remainder of the mission. Considering worst case latency and edge load across the observed ranges and the upcoming return, which option should be selected?",
      "options": {
        "A": "Scale out a duplicate navigation agent on the edge now, accepting edge load potentially rising above 0.9 to protect against 45 ms latency recurrence.",
        "B": "Migrate the sensing agent off the edge to reduce edge load toward the observed 0.3 to 0.5 range while keeping navigation under URLLC levels seen at 8 to 10 ms.",
        "C": "Keep all agents unchanged and rely on dynamic slice recovery as seen when latency dropped from 45 ms to 9 ms.",
        "D": "Retire the sensing agent entirely to guarantee minimal throughput use regardless of future slice behavior."
      },
      "correct": "B",
      "reason": "Migrating the sensing agent reduces worst case edge load exposure from 0. 9 while preserving navigation performance observed at 8 to 10 ms latency. Scaling out increases load and risks repeating the 45 ms case if uncertainty persists. Doing nothing assumes recovery that may not occur over the next turns and exposes the agent to the full observed latency range. Full retirement sacrifices mission capability immediately and yields higher regret if conditions improve during the return.",
      "rationale_tag": "MINIMAX_REGRET_UNDER_NETWORK_UNCERTAINTY",
      "difficulty": "very_hard"
    },
    {
      "task_id": "T30",
      "task_name": "Network Security Detection & Response Automation",
      "source_turn": 5,
      "question": "At turn 5 the agent detects a sudden network degradation while telemetry shows slice mMTC with latency 45 ms, jitter 12.0 ms, loss 1.8 percent, throughput 1.2 Mbps, and edge load 0.9. In prior and subsequent turns the same mission alternated between URLLC at 8 to 10 ms latency with loss near 0.01 to 0.05 percent and eMBB at 15 to 20 ms latency with loss between 0.1 and 0.3 percent. The detection system flags a possible low rate flooding attack that could persist for the next two turns but may also clear if traffic is isolated. If the anomaly persists one more turn, edge load is expected to remain at least as high as 0.9 and throughput no better than 1.2 Mbps. If isolation is too aggressive, future URLLC recovery like that seen at turn 6 may be delayed and affect return to home. The defender must choose an automated response now that minimizes worst case regret across the next one to three turns. One option optimizes the current turn but risks compounding degradation if the anomaly is malicious. Another option appears safe at average metrics but fails if jitter and loss stay at their observed extremes. A third option sacrifices some performance now to cap future damage even if the alert is a false positive. Which option should be selected?",
      "options": {
        "A": "Immediately switch all traffic to URLLC since latency was 10 ms and loss 0.05 percent at turn 6, accepting temporary edge load around 0.5.",
        "B": "Maintain mMTC for one more turn because throughput 1.2 Mbps is still nonzero and isolation might be unnecessary if the spike was transient.",
        "C": "Rate limit and partially isolate the suspected source, keeping mixed slices so that worst case latency remains bounded even if loss stays near 1.8 percent.",
        "D": "Fully isolate the edge node now to force load from 0.9 to zero, accepting a recovery delay before URLLC conditions return."
      },
      "correct": "C",
      "reason": "The mixed isolation option limits worst case latency when adding jitter to latency and prevents edge load from compounding over another turn. It avoids the myopic benefit of URLLC alone, which could suffer delayed recovery if isolation is needed later. It also performs better than waiting on mMTC when loss and jitter remain at their observed extremes. Compared to full isolation, it reduces future regret by preserving faster recovery if the anomaly clears in the next turn.",
      "rationale_tag": "MINIMAX_REGRET_UNDER_UNCERTAINTY",
      "difficulty": "very_hard"
    }
  ]
}