{
  "initial_state": {
    "domain": "uav",
    "time_s": 0.0,
    "env": {
      "weather": "icing",
      "wind_mps": 7.5,
      "wind_dir_deg": 240.0
    },
    "airspace": {
      "alt_bounds": [
        5.0,
        120.0
      ],
      "geofence": [
        {
          "type": "polygon",
          "points": [
            [
              0,
              0
            ],
            [
              200,
              0
            ],
            [
              200,
              150
            ],
            [
              0,
              150
            ]
          ]
        }
      ]
    },
    "uav": {
      "pose": {
        "x": 10.0,
        "y": 10.0,
        "z": 25.0,
        "yaw": 90.0
      },
      "speed_mps": 18.0,
      "energy": {
        "battery_pct": 100.0
      },
      "sensors": {
        "rgb": "ok",
        "thermal": "ok",
        "lidar": "ok",
        "radar": "offline",
        "gnss": "ok",
        "imu": "ok",
        "magnetometer": "ok",
        "barometer": "ok"
      },
      "payloads": []
    },
    "policy": {
      "alt_bounds": [
        5.0,
        120.0
      ]
    },
    "safety_flags": {
      "nfz_violation": false,
      "separation_breach": false
    }
  },
  "dialogue": [
    {
      "turn": 1,
      "speaker": "agent",
      "intent": "initiate inspection mission under icing conditions",
      "actions": [
        {
          "type": "mcp",
          "name": "read_telemetry",
          "args": {}
        },
        {
          "type": "a2a",
          "task": "request_weather_update",
          "to": "met_agent",
          "payload": {
            "location": [
              10.0,
              10.0
            ],
            "timestamp": 0.0
          }
        }
      ],
      "obs": [
        {
          "tool": "read_telemetry",
          "result": {
            "pose": {
              "x": 10.0,
              "y": 10.0,
              "z": 25.0,
              "yaw": 90.0
            },
            "speed_mps": 18.0,
            "battery_pct": 100.0
          }
        },
        {
          "task": "request_weather_update",
          "from": "met_agent",
          "status": "ok",
          "payload": {
            "weather": "icing",
            "wind_mps": 7.5,
            "wind_dir_deg": 240.0,
            "advisory": "reduce speed near structures"
          }
        }
      ],
      "net": {
        "slice": "eMBB",
        "lat_ms": 12,
        "jitter_ms": 2,
        "loss_pct": 0.1,
        "throughput_mbps": 850,
        "edge_load": 0.3
      }
    },
    {
      "turn": 2,
      "speaker": "user",
      "intent": "approve cautious approach due to icing",
      "actions": [
        {
          "type": "mcp",
          "name": "set_speed_limit",
          "args": {
            "value_mps": 12.0
          }
        }
      ],
      "obs": [
        {
          "tool": "set_speed_limit",
          "result": {
            "status": "applied",
            "value_mps": 12.0
          }
        }
      ],
      "net": {
        "slice": "URLLC",
        "lat_ms": 8,
        "jitter_ms": 1,
        "loss_pct": 0.05,
        "throughput_mbps": 120,
        "edge_load": 0.4
      }
    },
    {
      "turn": 3,
      "speaker": "agent",
      "intent": "navigate to first waypoint near bridge",
      "actions": [
        {
          "type": "mcp",
          "name": "navigate_to",
          "args": {
            "target": {
              "x": 85.0,
              "y": 70.0,
              "z": 30.0
            },
            "speed_mps": 12.0
          }
        }
      ],
      "obs": [
        {
          "tool": "navigate_to",
          "result": {
            "status": "en_route",
            "eta_s": 8.2,
            "path_clear": true
          }
        }
      ],
      "net": {
        "slice": "eMBB",
        "lat_ms": 15,
        "jitter_ms": 3,
        "loss_pct": 0.2,
        "throughput_mbps": 780,
        "edge_load": 0.5
      }
    },
    {
      "turn": 4,
      "speaker": "user",
      "intent": "request thermal imaging en route",
      "actions": [
        {
          "type": "mcp",
          "name": "activate_sensor",
          "args": {
            "sensor": "thermal"
          }
        }
      ],
      "obs": [
        {
          "tool": "activate_sensor",
          "result": {
            "sensor": "thermal",
            "status": "active"
          }
        }
      ],
      "net": {
        "slice": "eMBB",
        "lat_ms": 200,
        "jitter_ms": 50,
        "loss_pct": 5.0,
        "throughput_mbps": 200,
        "edge_load": 0.9
      }
    },
    {
      "turn": 5,
      "speaker": "agent",
      "intent": "adapt to network degradation, defer high-bandwidth tasks",
      "actions": [
        {
          "type": "mcp",
          "name": "read_telemetry",
          "args": {}
        },
        {
          "type": "a2a",
          "task": "offload_processing",
          "to": "edge_ai",
          "payload": {
            "task": "thermal_analysis",
            "priority": "low",
            "defer_until": "good_link"
          }
        }
      ],
      "obs": [
        {
          "tool": "read_telemetry",
          "result": {
            "pose": {
              "x": 62.1,
              "y": 54.3,
              "z": 29.8,
              "yaw": 88.5
            },
            "battery_pct": 98.7,
            "speed_mps": 12.0
          }
        },
        {
          "task": "offload_processing",
          "from": "edge_ai",
          "status": "queued",
          "payload": {
            "task_id": "thrm_001",
            "eta_processing": 45
          }
        }
      ],
      "net": {
        "slice": "mMTC",
        "lat_ms": 300,
        "jitter_ms": 100,
        "loss_pct": 8.0,
        "throughput_mbps": 1.5,
        "edge_load": 0.95
      }
    },
    {
      "turn": 6,
      "speaker": "user",
      "intent": "switch to URLLC for critical control",
      "actions": [
        {
          "type": "mcp",
          "name": "request_network_slice",
          "args": {
            "slice": "URLLC",
            "bandwidth_mhz": 100,
            "priority": 1
          }
        }
      ],
      "obs": [
        {
          "tool": "request_network_slice",
          "result": {
            "status": "granted",
            "slice": "URLLC",
            "lat_ms": 9,
            "throughput_mbps": 150
          }
        }
      ],
      "net": {
        "slice": "URLLC",
        "lat_ms": 9,
        "jitter_ms": 1,
        "loss_pct": 0.03,
        "throughput_mbps": 150,
        "edge_load": 0.6
      }
    },
    {
      "turn": 7,
      "speaker": "agent",
      "intent": "resume inspection with stabilized link",
      "actions": [
        {
          "type": "mcp",
          "name": "capture_image",
          "args": {
            "sensor": "rgb",
            "target": "bridge_support_3",
            "resolution": "4k"
          }
        },
        {
          "type": "a2a",
          "task": "coordinate_swarm",
          "to": "uav_swarm_agent",
          "payload": {
            "maneuver": "flank_left",
            "alt_offset": 5.0,
            "speed_mps": 10.0
          }
        }
      ],
      "obs": [
        {
          "tool": "capture_image",
          "result": {
            "status": "success",
            "image_id": "img_003",
            "size_mb": 8.2
          }
        },
        {
          "task": "coordinate_swarm",
          "from": "uav_swarm_agent",
          "status": "acknowledged",
          "payload": {
            "formation": "flank_left",
            "uav2_alt": 35.0
          }
        }
      ],
      "net": {
        "slice": "URLLC",
        "lat_ms": 10,
        "jitter_ms": 1.5,
        "loss_pct": 0.07,
        "throughput_mbps": 140,
        "edge_load": 0.55
      }
    },
    {
      "turn": 8,
      "speaker": "user",
      "intent": "verify safety and proceed to detailed scan",
      "actions": [
        {
          "type": "mcp",
          "name": "check_safety_constraints",
          "args": {}
        }
      ],
      "obs": [
        {
          "tool": "check_safety_constraints",
          "result": {
            "within_alt_bounds": true,
            "inside_geofence": true,
            "separation_ok": true,
            "battery_ok": true
          }
        }
      ],
      "net": {
        "slice": "URLLC",
        "lat_ms": 7,
        "jitter_ms": 0.8,
        "loss_pct": 0.02,
        "throughput_mbps": 160,
        "edge_load": 0.4
      }
    },
    {
      "turn": 9,
      "speaker": "agent",
      "intent": "perform close-up lidar scan",
      "actions": [
        {
          "type": "mcp",
          "name": "activate_sensor",
          "args": {
            "sensor": "lidar"
          }
        },
        {
          "type": "mcp",
          "name": "scan_volume",
          "args": {
            "center": {
              "x": 86.0,
              "y": 71.0,
              "z": 31.0
            },
            "dimensions": {
              "dx": 4.0,
              "dy": 4.0,
              "dz": 6.0
            },
            "resolution_cm": 5
          }
        }
      ],
      "obs": [
        {
          "tool": "activate_sensor",
          "result": {
            "sensor": "lidar",
            "status": "active"
          }
        },
        {
          "tool": "scan_volume",
          "result": {
            "status": "completed",
            "point_count": 124000,
            "defects_detected": 2
          }
        }
      ],
      "net": {
        "slice": "eMBB",
        "lat_ms": 14,
        "jitter_ms": 2,
        "loss_pct": 0.15,
        "throughput_mbps": 820,
        "edge_load": 0.45
      }
    },
    {
      "turn": 10,
      "speaker": "user",
      "intent": "upload findings and prepare return",
      "actions": [
        {
          "type": "mcp",
          "name": "upload_data",
          "args": {
            "dataset": "inspection_full",
            "destination": "cloud_analytics",
            "priority": "high"
          }
        }
      ],
      "obs": [
        {
          "tool": "upload_data",
          "result": {
            "status": "initiated",
            "data_size_gb": 2.4,
            "estimated_completion": 12.3
          }
        }
      ],
      "net": {
        "slice": "eMBB",
        "lat_ms": 16,
        "jitter_ms": 3,
        "loss_pct": 0.1,
        "throughput_mbps": 880,
        "edge_load": 0.35
      }
    },
    {
      "turn": 11,
      "speaker": "agent",
      "intent": "return to base and conserve energy",
      "actions": [
        {
          "type": "mcp",
          "name": "navigate_to",
          "args": {
            "target": {
              "x": 10.0,
              "y": 10.0,
              "z": 25.0
            },
            "speed_mps": 15.0
          }
        },
        {
          "type": "mcp",
          "name": "deactivate_sensor",
          "args": {
            "sensor": "thermal"
          }
        }
      ],
      "obs": [
        {
          "tool": "navigate_to",
          "result": {
            "status": "en_route",
            "eta_s": 7.1,
            "battery_projected": 88.5
          }
        },
        {
          "tool": "deactivate_sensor",
          "result": {
            "sensor": "thermal",
            "status": "deactivated"
          }
        }
      ],
      "net": {
        "slice": "URLLC",
        "lat_ms": 9,
        "jitter_ms": 1,
        "loss_pct": 0.04,
        "throughput_mbps": 130,
        "edge_load": 0.5
      }
    }
  ],
  "final_state": {
    "domain": "uav",
    "time_s": 120.0,
    "env": {
      "weather": "icing",
      "wind_mps": 7.5,
      "wind_dir_deg": 240.0
    },
    "airspace": {
      "alt_bounds": [
        5.0,
        120.0
      ],
      "geofence": [
        {
          "type": "polygon",
          "points": [
            [
              0,
              0
            ],
            [
              200,
              0
            ],
            [
              200,
              150
            ],
            [
              0,
              150
            ]
          ]
        }
      ]
    },
    "uav": {
      "pose": {
        "x": 18.2,
        "y": 16.7,
        "z": 25.0,
        "yaw": 92.0
      },
      "speed_mps": 15.0,
      "energy": {
        "battery_pct": 88.5
      },
      "sensors": {
        "rgb": "ok",
        "thermal": "ok",
        "lidar": "ok",
        "radar": "offline",
        "gnss": "ok",
        "imu": "ok",
        "magnetometer": "ok",
        "barometer": "ok"
      },
      "payloads": []
    },
    "policy": {
      "alt_bounds": [
        5.0,
        120.0
      ]
    },
    "safety_flags": {
      "nfz_violation": false,
      "separation_breach": false
    }
  },
  "success": true,
  "_meta": {
    "seed": 42,
    "ts": 1763667765,
    "ts_iso": "2025-11-20T19:42:45Z",
    "gen_time_s": 71.9060447216034,
    "attempts_used": 1,
    "generation_failed": false,
    "usage": {
      "prompt_tokens": 1039,
      "completion_tokens": 3776,
      "total_tokens": 4815,
      "cost": 0.00313674,
      "is_byok": false,
      "prompt_tokens_details": {
        "cached_tokens": 1024,
        "audio_tokens": 0,
        "video_tokens": 0
      },
      "cost_details": {
        "upstream_inference_cost": null,
        "upstream_inference_prompt_cost": 0.00011594,
        "upstream_inference_completions_cost": 0.0030208
      },
      "completion_tokens_details": {
        "reasoning_tokens": 0,
        "image_tokens": 0
      }
    }
  }
}