{
  "initial_state": {
    "domain": "uav",
    "time_s": 0.0,
    "env": {
      "weather": "snow",
      "wind_mps": 8.5,
      "wind_dir_deg": 270.0
    },
    "airspace": {
      "alt_bounds": [
        5.0,
        120.0
      ],
      "geofence": [
        {
          "type": "polygon",
          "points": [
            [
              0,
              0
            ],
            [
              200,
              0
            ],
            [
              200,
              200
            ],
            [
              0,
              200
            ]
          ]
        }
      ]
    },
    "uav": {
      "pose": {
        "x": 20.0,
        "y": 20.0,
        "z": 10.0,
        "yaw": 90.0
      },
      "speed_mps": 18.0,
      "energy": {
        "battery_pct": 100.0
      },
      "sensors": {
        "rgb": "ok",
        "thermal": "ok",
        "lidar": "ok",
        "radar": "offline",
        "gnss": "ok",
        "imu": "ok",
        "magnetometer": "ok",
        "barometer": "ok"
      },
      "payloads": []
    },
    "policy": {
      "alt_bounds": [
        5.0,
        120.0
      ]
    },
    "safety_flags": {
      "nfz_violation": false,
      "separation_breach": false
    }
  },
  "dialogue": [
    {
      "turn": 1,
      "speaker": "agent",
      "intent": "initiate_inspection_mission",
      "actions": [
        {
          "type": "mcp",
          "name": "read_telemetry",
          "args": {}
        },
        {
          "type": "a2a",
          "task": "request_weather_update",
          "to": "met_agent",
          "payload": {
            "location": [
              20.0,
              20.0
            ],
            "duration": 300
          }
        }
      ],
      "obs": [
        {
          "tool": "read_telemetry",
          "result": {
            "pose": {
              "x": 20.0,
              "y": 20.0,
              "z": 10.0
            },
            "battery_pct": 100.0,
            "speed_mps": 18.0
          }
        },
        {
          "task": "request_weather_update",
          "from": "met_agent",
          "status": "ok",
          "payload": {
            "precip": "snow",
            "wind_mps": 8.5,
            "update_interval": 60
          }
        }
      ],
      "net": {
        "slice": "eMBB",
        "lat_ms": 12,
        "jitter_ms": 2,
        "loss_pct": 0.1,
        "throughput_mbps": 850,
        "edge_load": 0.35
      }
    },
    {
      "turn": 2,
      "speaker": "user",
      "intent": "approve_takeoff",
      "actions": [
        {
          "type": "mcp",
          "name": "set_altitude",
          "args": {
            "target_z": 50.0
          }
        }
      ],
      "obs": [
        {
          "tool": "set_altitude",
          "result": {
            "status": "executing",
            "target": 50.0,
            "current_z": 25.4
          }
        }
      ],
      "net": {
        "slice": "eMBB",
        "lat_ms": 14,
        "jitter_ms": 3,
        "loss_pct": 0.2,
        "throughput_mbps": 800,
        "edge_load": 0.4
      }
    },
    {
      "turn": 3,
      "speaker": "agent",
      "intent": "ascend_to_inspection_level",
      "actions": [
        {
          "type": "mcp",
          "name": "read_telemetry",
          "args": {}
        },
        {
          "type": "a2a",
          "task": "collision_avoidance",
          "to": "uav_swarm_agent",
          "payload": {
            "current_pose": [
              20.0,
              20.0,
              25.4
            ],
            "trajectory": "spiral_ascent"
          }
        }
      ],
      "obs": [
        {
          "tool": "read_telemetry",
          "result": {
            "pose": {
              "x": 20.0,
              "y": 20.0,
              "z": 48.2
            },
            "battery_pct": 98.7,
            "speed_mps": 12.1
          }
        },
        {
          "task": "collision_avoidance",
          "from": "uav_swarm_agent",
          "status": "ok",
          "payload": {
            "clearance": 45.0,
            "risk_level": "low"
          }
        }
      ],
      "net": {
        "slice": "URLLC",
        "lat_ms": 8,
        "jitter_ms": 1,
        "loss_pct": 0.05,
        "throughput_mbps": 120,
        "edge_load": 0.2
      }
    },
    {
      "turn": 4,
      "speaker": "user",
      "intent": "confirm_approach",
      "actions": [
        {
          "type": "mcp",
          "name": "activate_sensor",
          "args": {
            "sensor": "lidar"
          }
        }
      ],
      "obs": [
        {
          "tool": "activate_sensor",
          "result": {
            "sensor": "lidar",
            "status": "active",
            "mode": "high_res"
          }
        }
      ],
      "net": {
        "slice": "eMBB",
        "lat_ms": 15,
        "jitter_ms": 4,
        "loss_pct": 0.3,
        "throughput_mbps": 750,
        "edge_load": 0.45
      }
    },
    {
      "turn": 5,
      "speaker": "agent",
      "intent": "begin_spiral_inspection",
      "actions": [
        {
          "type": "mcp",
          "name": "set_waypoint",
          "args": {
            "x": 25.0,
            "y": 25.0,
            "z": 50.0,
            "yaw": 135.0
          }
        },
        {
          "type": "a2a",
          "task": "stream_video",
          "to": "ground_station",
          "payload": {
            "format": "h265",
            "bitrate_kbps": 4000,
            "resolution": "1080p"
          }
        }
      ],
      "obs": [
        {
          "tool": "set_waypoint",
          "result": {
            "status": "reached",
            "timestamp": 5.7
          }
        },
        {
          "task": "stream_video",
          "from": "ground_station",
          "status": "buffering",
          "payload": {
            "bitrate_kbps": 2000,
            "buffer_sec": 2.1
          }
        }
      ],
      "net": {
        "slice": "eMBB",
        "lat_ms": 25,
        "jitter_ms": 10,
        "loss_pct": 1.8,
        "throughput_mbps": 300,
        "edge_load": 0.7
      }
    },
    {
      "turn": 6,
      "speaker": "user",
      "intent": "adjust_streaming_quality_due_to_loss",
      "actions": [
        {
          "type": "a2a",
          "task": "stream_video",
          "to": "ground_station",
          "payload": {
            "format": "h264",
            "bitrate_kbps": 1500,
            "resolution": "720p"
          }
        }
      ],
      "obs": [
        {
          "task": "stream_video",
          "from": "ground_station",
          "status": "stable",
          "payload": {
            "bitrate_kbps": 1500,
            "buffer_sec": 0.8
          }
        }
      ],
      "net": {
        "slice": "mMTC",
        "lat_ms": 50,
        "jitter_ms": 15,
        "loss_pct": 3.2,
        "throughput_mbps": 50,
        "edge_load": 0.85
      }
    },
    {
      "turn": 7,
      "speaker": "agent",
      "intent": "resume_inspection_with_adapted_sensors",
      "actions": [
        {
          "type": "mcp",
          "name": "capture_image",
          "args": {
            "sensor": "rgb",
            "mode": "inspection"
          }
        },
        {
          "type": "mcp",
          "name": "capture_thermal",
          "args": {
            "duration": 5
          }
        }
      ],
      "obs": [
        {
          "tool": "capture_image",
          "result": {
            "status": "success",
            "image_id": "IMG_001",
            "size_kb": 2048
          }
        },
        {
          "tool": "capture_thermal",
          "result": {
            "status": "success",
            "anomaly_detected": true,
            "temp_range_c": [
              12.5,
              85.3
            ]
          }
        }
      ],
      "net": {
        "slice": "URLLC",
        "lat_ms": 9,
        "jitter_ms": 1,
        "loss_pct": 0.08,
        "throughput_mbps": 100,
        "edge_load": 0.3
      }
    },
    {
      "turn": 8,
      "speaker": "user",
      "intent": "request_anomaly_analysis",
      "actions": [
        {
          "type": "a2a",
          "task": "analyze_anomaly",
          "to": "ai_inspection_agent",
          "payload": {
            "image_id": "IMG_001",
            "thermal_data": "TD_001",
            "location": [
              25.0,
              25.0
            ]
          }
        }
      ],
      "obs": [
        {
          "task": "analyze_anomaly",
          "from": "ai_inspection_agent",
          "status": "complete",
          "payload": {
            "diagnosis": "overheating_transformer",
            "confidence": 0.94,
            "repair_priority": "high"
          }
        }
      ],
      "net": {
        "slice": "URLLC",
        "lat_ms": 10,
        "jitter_ms": 1.2,
        "loss_pct": 0.06,
        "throughput_mbps": 110,
        "edge_load": 0.28
      }
    },
    {
      "turn": 9,
      "speaker": "agent",
      "intent": "log_findings_and_prepare_return",
      "actions": [
        {
          "type": "mcp",
          "name": "log_event",
          "args": {
            "event": "anomaly_detected",
            "details": "overheating_transformer",
            "location": [
              25.0,
              25.0,
              50.0
            ]
          }
        },
        {
          "type": "mcp",
          "name": "set_waypoint",
          "args": {
            "x": 20.0,
            "y": 20.0,
            "z": 15.0
          }
        }
      ],
      "obs": [
        {
          "tool": "log_event",
          "result": {
            "status": "recorded",
            "log_id": "LOG_2025_001"
          }
        },
        {
          "tool": "set_waypoint",
          "result": {
            "status": "reached",
            "timestamp": 12.4
          }
        }
      ],
      "net": {
        "slice": "URLLC",
        "lat_ms": 7,
        "jitter_ms": 0.8,
        "loss_pct": 0.04,
        "throughput_mbps": 130,
        "edge_load": 0.18
      }
    },
    {
      "turn": 10,
      "speaker": "user",
      "intent": "confirm_landing",
      "actions": [
        {
          "type": "mcp",
          "name": "land",
          "args": {
            "emergency": false
          }
        }
      ],
      "obs": [
        {
          "tool": "land",
          "result": {
            "status": "completed",
            "final_pose": {
              "x": 20.0,
              "y": 20.0,
              "z": 1.2
            },
            "battery_pct": 88.3
          }
        }
      ],
      "net": {
        "slice": "URLLC",
        "lat_ms": 6,
        "jitter_ms": 0.5,
        "loss_pct": 0.02,
        "throughput_mbps": 150,
        "edge_load": 0.12
      }
    }
  ],
  "final_state": {
    "domain": "uav",
    "time_s": 12.4,
    "env": {
      "weather": "snow",
      "wind_mps": 8.5,
      "wind_dir_deg": 270.0
    },
    "airspace": {
      "alt_bounds": [
        5.0,
        120.0
      ],
      "geofence": [
        {
          "type": "polygon",
          "points": [
            [
              0,
              0
            ],
            [
              200,
              0
            ],
            [
              200,
              200
            ],
            [
              0,
              200
            ]
          ]
        }
      ]
    },
    "uav": {
      "pose": {
        "x": 20.0,
        "y": 20.0,
        "z": 1.2,
        "yaw": 135.0
      },
      "speed_mps": 0.0,
      "energy": {
        "battery_pct": 88.3
      },
      "sensors": {
        "rgb": "ok",
        "thermal": "ok",
        "lidar": "ok",
        "radar": "offline",
        "gnss": "ok",
        "imu": "ok",
        "magnetometer": "ok",
        "barometer": "ok"
      },
      "payloads": []
    },
    "policy": {
      "alt_bounds": [
        5.0,
        120.0
      ]
    },
    "safety_flags": {
      "nfz_violation": false,
      "separation_breach": false
    }
  },
  "success": true,
  "_meta": {
    "seed": 42,
    "ts": 1763750992,
    "ts_iso": "2025-11-21T18:49:52Z",
    "gen_time_s": 61.58964395523071,
    "attempts_used": 1,
    "generation_failed": false,
    "usage": {
      "prompt_tokens": 1046,
      "completion_tokens": 3594,
      "total_tokens": 4640,
      "cost": 0.00299092,
      "is_byok": false,
      "prompt_tokens_details": {
        "cached_tokens": 1040,
        "audio_tokens": 0,
        "video_tokens": 0
      },
      "cost_details": {
        "upstream_inference_cost": null,
        "upstream_inference_prompt_cost": 0.00011572,
        "upstream_inference_completions_cost": 0.0028752
      },
      "completion_tokens_details": {
        "reasoning_tokens": 0,
        "image_tokens": 0
      }
    }
  }
}