{
  "episode_id": "6gb_prompt_2723cd4c0b11982f",
  "questions": [
    {
      "task_id": "T7",
      "task_name": "Compute Placement Decision",
      "source_turn": 5,
      "question": "At turn 5, the UAV is operating under mMTC slice with latency 52ms, jitter 18ms, loss 2.1%, throughput 0.9Mbps, and edge load 0.75. The mission requires real-time obstacle detection with SLA latency bound of 30ms and minimum throughput of 5Mbps. Battery is at 100% but degrades at 0.8% per minute. If network degradation persists for two more turns, edge load will reach 0.82 and latency may spike to 65ms. Switching to URLLC now guarantees latency under 10ms but caps throughput at 150Mbps and increases edge load by 0.03 per turn. Onboard inference consumes 12% battery per minute and reduces latency to 5ms but sacrifices resolution. Which option should be selected?",
      "options": {
        "A": "Switch to URLLC immediately to guarantee latency under SLA, accepting edge load growth to 0.36 by turn 7.",
        "B": "Continue on mMTC for one more turn to conserve battery, risking SLA violation if latency exceeds 65ms.",
        "C": "Enable onboard inference now, accepting 12% battery drain per minute to eliminate network dependency.",
        "D": "Wait for network recovery, assuming jitter and loss will revert to turn 3 levels within one turn."
      },
      "correct": "C",
      "reason": "Onboard inference eliminates network dependency and guarantees sub-5ms latency, which is below the 30ms SLA. Although it drains 12% battery per minute, the mission is near completion and battery is at 100%. URLLC option increases edge load and may not sustain under future load spikes. Continuing on mMTC risks SLA violation with 65ms worst-case latency. Waiting for recovery is speculative and ignores observed degradation trend.",
      "rationale_tag": "WORST_CASE_LATENCY_AVOIDANCE",
      "difficulty": "very_hard"
    },
    {
      "task_id": "T8",
      "task_name": "Graceful Degradation under Edge Overload",
      "source_turn": 5,
      "question": "At turn 5, the UAV is operating under mMTC slice with latency 52ms, jitter 18ms, loss 2.1%, throughput 0.9Mbps, and edge load 0.75. The SLA mandates latency < 40ms and throughput > 1.0Mbps for high-fidelity sensing. Wind gusts persist at 8m/s, and battery remains at 100%. The next turn may see edge load rise to 0.82 under current slice, or drop to 0.30 if switched to URLLC. Switching to URLLC incurs 3s handover delay and reduces throughput to 150Mbps, but guarantees latency < 10ms. Continuing on mMTC risks SLA violation in 2 turns if load increases as projected. Which option should be selected to minimize maximum regret over the next 3 turns while preserving mission integrity?",
      "options": {
        "A": "Continue on mMTC; current throughput is 0.9Mbps and may recover to 1.2Mbps by turn 7 if load stabilizes.",
        "B": "Switch to URLLC immediately; latency will drop to 7ms and edge load to 0.30, despite 3s handover delay.",
        "C": "Reduce sensor resolution to lower throughput demand to 0.5Mbps, accepting 55ms latency for 2 turns until wind subsides.",
        "D": "Request edge load redistribution; if successful, load drops to 0.65, allowing 45ms latency and 1.1Mbps throughput for 1 turn."
      },
      "correct": "B",
      "reason": "Switching to URLLC ensures latency remains under 10ms and edge load drops to 0. 30, avoiding SLA violation even if load rises to 0. 82. Continuing on mMTC risks throughput falling below 1. 0Mbps and latency exceeding 40ms within 2 turns.",
      "rationale_tag": "WORST_CASE_COMPLIANCE",
      "difficulty": "very_hard"
    },
    {
      "task_id": "T9",
      "task_name": "Trust-Aware Offloading",
      "source_turn": 5,
      "question": "At turn 5, the UAV detects network degradation on mMTC with latency rising to 52ms, jitter at 18ms, loss at 2.1%, and throughput down to 0.9Mbps while edge load hits 0.75. The mission requires high-fidelity image capture every 3 seconds, which demands at least 1.2Mbps throughput and latency under 20ms to avoid data corruption. Policy mandates that offloading must not exceed 80% edge load to prevent cascading failure. If degradation persists for two more turns, edge load may reach 0.82, violating policy. Option A proposes switching to URLLC immediately despite its 150Mbps cap, which may not sustain concurrent sensor streams. Option B suggests throttling image resolution to reduce throughput demand to 0.8Mbps, risking mission failure if wind gusts increase sensor noise. Option C delays action, assuming recovery within one turn, but worst-case jitter could spike to 25ms, causing packet loss beyond 3%. Option D offloads to edge with current mMTC, accepting 0.75 load now but risking 0.82 load next turn, which violates policy. Which option should be selected?",
      "options": {
        "A": "Switch to URLLC immediately, accepting 150Mbps cap and potential sensor stream contention.",
        "B": "Throttle image resolution to 0.8Mbps demand, risking mission failure under increased wind noise.",
        "C": "Delay action, assuming recovery within one turn, despite worst-case jitter spiking to 25ms.",
        "D": "Offload to edge with current mMTC, accepting 0.75 load now but risking 0.82 next turn."
      },
      "correct": "A",
      "reason": "Switching to URLLC immediately ensures latency stays under 20ms and loss under 0. 05%, preserving data integrity despite throughput cap. Throttling resolution risks mission failure if environmental noise increases. Delaying action invites violation of jitter and loss SLAs under worst-case conditions. Offloading on mMTC risks exceeding 80% edge load in the next turn, violating policy.",
      "rationale_tag": "POLICY_COMPLIANCE_UNDER_WORST_CASE",
      "difficulty": "very_hard"
    },
    {
      "task_id": "T10",
      "task_name": "SLA Violation Prediction",
      "source_turn": 5,
      "question": "At turn 5, the UAV is operating under mMTC slice with latency 52ms, jitter 18ms, loss 2.1%, throughput 0.9Mbps, and edge load 0.75. The SLA requires latency < 40ms, jitter < 10ms, loss < 1.5%, and throughput > 1.0Mbps. Wind gusts persist at 8m/s, and battery is at 100%. If degradation continues at 10% per turn, and edge load increases by 0.05 per turn, which option minimizes maximum regret over the next 3 turns while ensuring at least one sensor remains active? Option A: Stay on mMTC, reduce image resolution to 720p. Option B: Switch to URLLC immediately, accepting 150Mbps throughput cap. Option C: Wait one turn for potential recovery, then switch if no improvement. Option D: Switch to eMBB, accepting 12ms latency and 850Mbps throughput.",
      "options": {
        "A": "Stay on mMTC, reduce image resolution to 720p.",
        "B": "Switch to URLLC immediately, accepting 150Mbps throughput cap.",
        "C": "Wait one turn for potential recovery, then switch if no improvement.",
        "D": "Switch to eMBB, accepting 12ms latency and 850Mbps throughput."
      },
      "correct": "B",
      "reason": "Switching to URLLC immediately ensures latency and jitter remain under SLA limits for the next three turns even under worst-case degradation. Waiting one turn risks violating loss and throughput SLAs by turn 6. eMBB’s latency is acceptable but throughput is overkill and doesn’t address jitter or loss. mMTC’s projected edge load of 0. 9 by turn 7 exceeds safe thresholds and risks complete failure.",
      "rationale_tag": "WORST_CASE_REGRET_MINIMIZATION",
      "difficulty": "very_hard"
    },
    {
      "task_id": "T16",
      "task_name": "Network-Exposed Compute Marketplace",
      "source_turn": 6,
      "question": "The UAV is currently operating under URLLC slice with 7ms latency, 0.8ms jitter, 0.01% loss, 150Mbps throughput, and 0.3 edge load. A third-party analytics firm requests compute access for real-time object classification, which would increase edge load by 0.15 and require 80Mbps sustained throughput. The policy allows edge load up to 0.85, but SLA mandates latency under 12ms and loss under 0.1%. Historical data shows URLLC slice degrades to 14ms latency and 0.05% loss under 0.45 edge load. If the UAV must return within 3 turns and battery depletes at 5% per turn, exposing compute now risks exceeding latency SLA by turn 8 if edge load rises to 0.45. Alternatively, delaying exposure until after return avoids SLA risk but forfeits $1200 revenue. Which option should be selected?",
      "options": {
        "A": "Expose compute immediately: edge load will reach 0.45, within policy limit 0.85, and latency remains under 12ms based on current 7ms.",
        "B": "Expose compute immediately: throughput demand 80Mbps is under current 150Mbps, and jitter 0.8ms is acceptable for analytics.",
        "C": "Delay exposure until after return: avoid SLA violation risk under worst-case latency 14ms at 0.45 load, despite forfeiting $1200.",
        "D": "Expose compute with throttling: cap throughput at 70Mbps to keep edge load at 0.4, ensuring latency under 12ms even if jitter rises to 1.5ms."
      },
      "correct": "C",
      "reason": "Exposing compute immediately increases edge load to 0. 45, which historically causes latency to degrade to 14ms, violating the 12ms SLA by turn 8. Delaying exposure avoids this violation even though revenue is lost. Throttling does not eliminate the risk because edge load still rises to 0. 4, and historical data shows latency exceeds 12ms at 0.",
      "rationale_tag": "WORST_CASE_SLAVIOLATION_AVOIDANCE",
      "difficulty": "very_hard"
    },
    {
      "task_id": "T17",
      "task_name": "Network-Knowledge RAG Augmentation",
      "source_turn": 5,
      "question": "At turn 5, network telemetry shows mMTC slice with 52ms latency, 18ms jitter, 2.1% loss, 0.9Mbps throughput, and 0.75 edge load. The UAV is at 30m altitude with 100% battery, and thermal sensor remains offline. Policy allows altitudes 10–150m. Wind gusts persist at 8m/s. The next 3 turns may see edge load increase to 0.85 if mMTC persists, or drop to 0.3 if switched to URLLC. URLLC offers 7ms latency, 0.8ms jitter, 0.01% loss, 150Mbps throughput, but consumes 15% more energy per image capture. The RAG system must augment prompts with telemetry to guide sensor activation decisions under SLA of <10ms latency and <1% loss. Which telemetry subset should be exposed to minimize regret over the next 3 turns if network degradation continues?",
      "options": {
        "A": "Expose full mMTC telemetry including 52ms latency and 2.1% loss to justify switching to URLLC immediately, accepting 15% energy penalty.",
        "B": "Expose only edge_load=0.75 and throughput=0.9Mbps to suggest mMTC is near capacity, but omit jitter and loss to avoid triggering premature switch.",
        "C": "Expose URLLC’s 7ms latency and 0.01% loss as a target, but hide its 15% energy cost, assuming battery is sufficient for 3 more turns.",
        "D": "Expose wind gusts and altitude bounds only, ignoring network metrics, to prioritize environmental safety over telemetry fidelity."
      },
      "correct": "A",
      "reason": "Option A minimizes maximum regret by exposing the full mMTC degradation, which violates SLA thresholds and projects edge load to 0. 85, risking mission failure. Switching to URLLC despite energy cost prevents SLA violation over 3 turns. Option B hides critical loss and jitter, risking undetected SLA breach. Option C omits energy cost, which could deplete battery before return.",
      "rationale_tag": "SLA_VIOLATION_AVOIDANCE",
      "difficulty": "very_hard"
    },
    {
      "task_id": "T18",
      "task_name": "AI Agent Identity & Onboarding",
      "source_turn": 6,
      "question": "At turn 6, the agent detects network degradation with latency rising to 52ms, jitter to 18ms, and loss to 2.1% under mMTC, while edge load hits 0.75. The user requests switching to URLLC, which offers 7ms latency, 0.8ms jitter, 0.01% loss, and 150Mbps throughput but increases edge load to 0.3. However, the agent’s battery is at 100% and will deplete at 0.8% per minute under URLLC versus 0.5% under mMTC. If the mission requires 3 more turns of high-fidelity sensing and the next turn’s edge load under URLLC is projected to rise to 0.38 due to concurrent swarm traffic, while mMTC’s edge load may spike to 0.82 under worst-case interference, which option should be selected to ensure identity-authenticated continuity without violating SLA thresholds or risking premature battery depletion?",
      "options": {
        "A": "Switch to URLLC immediately to guarantee sub-10ms latency and <0.1% loss for authenticated command integrity, accepting edge load of 0.38 next turn and 0.8% battery depletion per minute.",
        "B": "Remain on mMTC to preserve battery at 0.5% per minute, accepting 52ms latency and 2.1% loss, with projected edge load of 0.82 next turn under worst-case interference.",
        "C": "Switch to eMBB for 870Mbps throughput and 11ms latency, accepting 0.47 edge load and 0.6% battery depletion per minute, despite no SLA guarantee for real-time control.",
        "D": "Delay decision for one turn to re-measure network metrics, accepting potential mission delay and 0.5% battery depletion, while risking edge load exceeding 0.85 if interference persists."
      },
      "correct": "A",
      "reason": "Switching to URLLC ensures latency and loss remain within SLA thresholds for authenticated command delivery despite higher battery drain. The projected edge load of 0. 38 under URLLC remains below the critical 0. 8 threshold, while mMTC’s worst-case 0. 82 edge load risks network collapse.",
      "rationale_tag": "SLA_GUARANTEE_UNDER_WORST_CASE",
      "difficulty": "very_hard"
    },
    {
      "task_id": "T22",
      "task_name": "Federated / Collaborative Learning Orchestration",
      "source_turn": 6,
      "question": "The UAV is currently operating under URLLC slice with 7ms latency, 0.8ms jitter, 0.01% loss, 150Mbps throughput, and 0.3 edge load after switching from degraded mMTC. Battery is at 100% but will deplete at 0.8% per minute during active sensing. Federated model update requires 120MB of data upload with 95% reliability over next 2 turns. Edge server can accept uploads only if edge_load remains below 0.75 and latency stays under 15ms. If wind gusts persist, sensor activation may fail with 15% probability per turn. Option A schedules upload now using URLLC with 145Mbps throughput. Option B delays upload until turn 8, risking battery drop to 98.4% and potential sensor failure. Option C uses mMTC with 1.5Mbps throughput but guarantees no edge load increase. Option D splits upload across turns 6 and 7 using URLLC, risking jitter spikes above 2ms. Which option should be selected?",
      "options": {
        "A": "Upload immediately via URLLC: 145Mbps throughput, 0.33 edge load, 9ms latency — meets SLA but risks jitter spike if sensor reactivates.",
        "B": "Delay until turn 8: battery at 98.4%, edge load 0.31, latency 8ms — but 15% failure chance per turn and may miss SLA if wind worsens.",
        "C": "Use mMTC: 1.5Mbps throughput, 0.68 edge load, 45ms latency — violates latency SLA but avoids edge load risk and sensor failure.",
        "D": "Split upload over turns 6–7: 145Mbps avg, 0.33 edge load, 9ms latency — but jitter may exceed 2ms during sensor capture, risking 95% reliability."
      },
      "correct": "A",
      "reason": "Option A is correct because it uploads 120MB in under 7 seconds using 145Mbps, staying under 15ms latency and 0. 75 edge load. Jitter remains under 2ms in worst case, preserving 95% reliability. Delaying to turn 8 risks battery drop and sensor failure, while mMTC violates latency. Splitting upload introduces jitter risk that could break reliability.",
      "rationale_tag": "WORST_CASE_SLICE_OPTIMIZATION",
      "difficulty": "very_hard"
    },
    {
      "task_id": "T26",
      "task_name": "Trust-Aware Third-Party Agent Exposure",
      "source_turn": 5,
      "question": "At turn 5, the UAV experiences network degradation with mMTC slice latency rising to 52ms, jitter to 18ms, loss to 2.1%, and throughput collapsing to 0.9Mbps while edge load hits 0.75. The thermal sensor remains offline, and the mission requires high-fidelity RGB imagery for coastal inspection. A third-party swarm coordination agent requests access to real-time telemetry and sensor control to optimize coverage, but its trust score is 0.62 and it has no prior mission history. Regulatory policy mandates that exposure to agents with trust below 0.7 must be limited to read-only telemetry with no control, and any control exposure must maintain latency under 15ms with 99.9% reliability over the next two turns. Projecting worst-case degradation, latency could reach 65ms and loss 3.5% if mMTC persists. Which option should be selected to minimize maximum regret while preserving mission integrity and compliance?",
      "options": {
        "A": "Grant full control access to the swarm agent under mMTC, assuming recovery within one turn; current latency is 52ms but may drop to 40ms if edge load decreases.",
        "B": "Grant read-only telemetry access only, enforcing regulatory limit for trust score 0.62; accept 30% coverage gap and delay mission completion by 2 turns.",
        "C": "Switch to URLLC slice immediately and grant partial control for sensor activation only; latency will stabilize at 7–10ms but throughput limits may force 50% image resolution reduction.",
        "D": "Delay any exposure until turn 7, when network metrics historically improved; risk mission failure if degradation persists beyond turn 6 and battery drops below 70%."
      },
      "correct": "C",
      "reason": "Option C minimizes maximum regret by enforcing compliance with latency and reliability constraints while enabling partial mission continuation. It avoids the regulatory violation in A and the coverage loss in B. Although D defers risk, it ignores the battery constraint and assumes historical recovery that may not hold under worsening conditions. The derived worst-case latency of 65ms under mMTC exceeds the 15ms SLA, making A and D unsafe. C’s throughput limitation is acceptable because resolution reduction still yields usable data, and URLLC’s 7–10ms latency satisfies the SLA even under jitter uncertainty.",
      "rationale_tag": "WORST_CASE_COMPLIANCE_MINIMIZES_REGRET",
      "difficulty": "very_hard"
    },
    {
      "task_id": "T30",
      "task_name": "Network Security Detection & Response Automation",
      "source_turn": 5,
      "question": "At turn 5, network telemetry shows mMTC slice latency increased from 45ms to 52ms, jitter from 15ms to 18ms, packet loss from 1.2% to 2.1%, and throughput dropped from 1.5Mbps to 0.9Mbps while edge load rose from 0.68 to 0.75. The UAV’s battery is at 100% but thermal and radar sensors remain offline. A security anomaly detection system flags this as a potential DDoS-induced degradation with 70% confidence, and predicts a 30% chance of further 10ms latency spike next turn. If the UAV continues high-fidelity image capture at 4K resolution, it will consume 1.2Mbps bandwidth, exceeding current throughput. Switching to URLLC slice would reduce latency to 7ms but cap throughput at 150Mbps, which is sufficient for 4K but risks edge load exceeding 0.8 if two more UAVs join the swarm. Maintaining mMTC risks violating SLA latency bound of 60ms in 2 turns under worst-case projection. Which option should be selected?",
      "options": {
        "A": "Immediately switch to URLLC slice to ensure sub-10ms latency and maintain 4K capture, accepting edge load risk up to 0.8 if swarm expands.",
        "B": "Continue on mMTC slice but reduce image resolution to 1080p to fit within 0.9Mbps throughput, accepting 52ms latency and 2.1% loss for one more turn.",
        "C": "Switch to eMBB slice with 870Mbps throughput and 11ms latency, which supports 4K capture and has edge load 0.47, but may not be available if network policy restricts slice switching during anomaly.",
        "D": "Disable all image capture and enter low-power telemetry mode to preserve battery and reduce network load, accepting zero data collection for the next 3 turns."
      },
      "correct": "A",
      "reason": "Switching to URLLC ensures latency remains under 10ms, which is critical for real-time anomaly response and satisfies the SLA bound even under worst-case 10ms spike projection. Although edge load may reach 0. 8 if swarm expands, this is still below the 0. 95 failure threshold and allows continued mission progress. Continuing on mMTC risks SLA violation within two turns under projected degradation.",
      "rationale_tag": "WORST_CASE_LATENCY_SLA_COMPLIANCE",
      "difficulty": "very_hard"
    }
  ]
}