{
  "initial_state": {
    "domain": "uav",
    "time_s": 0.0,
    "env": {
      "weather": "clear",
      "wind_mps": 0.0,
      "wind_dir_deg": 0.0
    },
    "airspace": {
      "alt_bounds": [
        0.0,
        120.0
      ],
      "geofence": [
        {
          "type": "polygon",
          "points": [
            [
              -1000.0,
              -1000.0
            ],
            [
              1000.0,
              -1000.0
            ],
            [
              1000.0,
              1000.0
            ],
            [
              -1000.0,
              1000.0
            ]
          ]
        }
      ]
    },
    "uav": {
      "pose": {
        "x": 0.0,
        "y": 0.0,
        "z": 30.0,
        "yaw": 0.0
      },
      "speed_mps": 15.0,
      "energy": {
        "battery_pct": 100.0
      },
      "sensors": {
        "rgb": "unknown",
        "thermal": "unknown",
        "lidar": "unknown",
        "radar": "unknown",
        "gnss": "unknown",
        "imu": "unknown",
        "magnetometer": "unknown",
        "barometer": "unknown"
      },
      "payloads": []
    },
    "policy": {
      "alt_bounds": [
        0.0,
        120.0
      ]
    },
    "safety_flags": {
      "nfz_violation": false,
      "separation_breach": false
    }
  },
  "dialogue": [
    {
      "turn": 1,
      "speaker": "agent",
      "intent": "initialize_mission",
      "actions": [
        {
          "type": "mcp",
          "name": "read_telemetry",
          "args": {}
        },
        {
          "type": "a2a",
          "task": "heartbeat",
          "to": "uav_swarm_agent",
          "payload": {
            "status": "active",
            "pose": {
              "x": 0.0,
              "y": 0.0,
              "z": 30.0
            }
          }
        }
      ],
      "obs": [
        {
          "tool": "read_telemetry",
          "result": {
            "pose": {
              "x": 0.0,
              "y": 0.0,
              "z": 30.0
            },
            "battery_pct": 100.0,
            "sensors": {
              "gnss": "locked",
              "imu": "calibrated"
            }
          }
        },
        {
          "task": "heartbeat",
          "from": "uav_swarm_agent",
          "status": "ok",
          "payload": {
            "response_time_ms": 12
          }
        }
      ],
      "net": {
        "slice": "URLLC",
        "lat_ms": 8,
        "jitter_ms": 1.2,
        "loss_pct": 0.01,
        "throughput_mbps": 50,
        "edge_load": 0.3
      }
    },
    {
      "turn": 2,
      "speaker": "user",
      "intent": "confirm_launch",
      "actions": [
        {
          "type": "mcp",
          "name": "set_waypoint",
          "args": {
            "x": 500.0,
            "y": 500.0,
            "z": 60.0
          }
        }
      ],
      "obs": [
        {
          "tool": "set_waypoint",
          "result": {
            "status": "accepted",
            "eta_s": 45
          }
        }
      ],
      "net": {
        "slice": "URLLC",
        "lat_ms": 9,
        "jitter_ms": 1.5,
        "loss_pct": 0.02,
        "throughput_mbps": 48,
        "edge_load": 0.32
      }
    },
    {
      "turn": 3,
      "speaker": "agent",
      "intent": "navigate_to_waypoint",
      "actions": [
        {
          "type": "mcp",
          "name": "start_mission",
          "args": {
            "waypoint_id": 1
          }
        },
        {
          "type": "a2a",
          "task": "collision_avoidance",
          "to": "uav_swarm_agent",
          "payload": {
            "current_pose": {
              "x": 0.0,
              "y": 0.0,
              "z": 30.0
            },
            "target": {
              "x": 500.0,
              "y": 500.0,
              "z": 60.0
            }
          }
        }
      ],
      "obs": [
        {
          "tool": "start_mission",
          "result": {
            "status": "in_progress",
            "waypoint_id": 1
          }
        },
        {
          "task": "collision_avoidance",
          "from": "uav_swarm_agent",
          "status": "ok",
          "payload": {
            "safe_path": true,
            "risk_score": 0.05
          }
        }
      ],
      "net": {
        "slice": "eMBB",
        "lat_ms": 15,
        "jitter_ms": 3.0,
        "loss_pct": 0.1,
        "throughput_mbps": 120,
        "edge_load": 0.45
      }
    },
    {
      "turn": 4,
      "speaker": "user",
      "intent": "request_sensor_status",
      "actions": [
        {
          "type": "mcp",
          "name": "query_sensors",
          "args": {}
        }
      ],
      "obs": [
        {
          "tool": "query_sensors",
          "result": {
            "sensors": {
              "rgb": "online",
              "thermal": "online",
              "lidar": "online",
              "radar": "online",
              "gnss": "locked",
              "imu": "stable"
            }
          }
        }
      ],
      "net": {
        "slice": "eMBB",
        "lat_ms": 16,
        "jitter_ms": 3.2,
        "loss_pct": 0.12,
        "throughput_mbps": 115,
        "edge_load": 0.48
      }
    },
    {
      "turn": 5,
      "speaker": "agent",
      "intent": "detect_anomaly",
      "actions": [
        {
          "type": "mcp",
          "name": "activate_sensor",
          "args": {
            "sensor": "thermal"
          }
        },
        {
          "type": "a2a",
          "task": "thermal_analysis",
          "to": "ai_inspection_agent",
          "payload": {
            "area": {
              "center": {
                "x": 500.0,
                "y": 500.0
              },
              "radius_m": 50.0
            }
          }
        }
      ],
      "obs": [
        {
          "tool": "activate_sensor",
          "result": {
            "sensor": "thermal",
            "status": "activated"
          }
        },
        {
          "task": "thermal_analysis",
          "from": "ai_inspection_agent",
          "status": "processing",
          "payload": {
            "task_id": "therm_001"
          }
        }
      ],
      "net": {
        "slice": "mMTC",
        "lat_ms": 50,
        "jitter_ms": 10.0,
        "loss_pct": 0.8,
        "throughput_mbps": 1.2,
        "edge_load": 0.6
      }
    },
    {
      "turn": 6,
      "speaker": "user",
      "intent": "adjust_altitude_due_to_weather",
      "actions": [
        {
          "type": "mcp",
          "name": "update_weather",
          "args": {
            "weather": "light_rain",
            "wind_mps": 8.0,
            "wind_dir_deg": 270.0
          }
        }
      ],
      "obs": [
        {
          "tool": "update_weather",
          "result": {
            "impact": "moderate",
            "recommended_action": "descend_to_50m"
          }
        }
      ],
      "net": {
        "slice": "URLLC",
        "lat_ms": 10,
        "jitter_ms": 1.8,
        "loss_pct": 0.03,
        "throughput_mbps": 45,
        "edge_load": 0.55
      }
    },
    {
      "turn": 7,
      "speaker": "agent",
      "intent": "adapt_flight_path",
      "actions": [
        {
          "type": "mcp",
          "name": "adjust_altitude",
          "args": {
            "target_z": 50.0
          }
        },
        {
          "type": "a2a",
          "task": "replan_route",
          "to": "uav_swarm_agent",
          "payload": {
            "reason": "wind_drift_risk",
            "new_z": 50.0
          }
        }
      ],
      "obs": [
        {
          "tool": "adjust_altitude",
          "result": {
            "status": "executing",
            "target_z": 50.0
          }
        },
        {
          "task": "replan_route",
          "from": "uav_swarm_agent",
          "status": "updated",
          "payload": {
            "new_waypoints": [
              {
                "x": 250.0,
                "y": 250.0,
                "z": 50.0
              },
              {
                "x": 500.0,
                "y": 500.0,
                "z": 50.0
              }
            ]
          }
        }
      ],
      "net": {
        "slice": "URLLC",
        "lat_ms": 9,
        "jitter_ms": 1.4,
        "loss_pct": 0.01,
        "throughput_mbps": 52,
        "edge_load": 0.4
      }
    },
    {
      "turn": 8,
      "speaker": "user",
      "intent": "confirm_sensor_data_collection",
      "actions": [
        {
          "type": "mcp",
          "name": "capture_image",
          "args": {
            "sensor": "rgb",
            "mode": "high_res"
          }
        }
      ],
      "obs": [
        {
          "tool": "capture_image",
          "result": {
            "status": "success",
            "image_id": "img_001",
            "storage": "edge_cache"
          }
        }
      ],
      "net": {
        "slice": "eMBB",
        "lat_ms": 20,
        "jitter_ms": 5.0,
        "loss_pct": 0.15,
        "throughput_mbps": 100,
        "edge_load": 0.7
      }
    },
    {
      "turn": 9,
      "speaker": "agent",
      "intent": "complete_mission_leg",
      "actions": [
        {
          "type": "mcp",
          "name": "read_telemetry",
          "args": {}
        },
        {
          "type": "a2a",
          "task": "mission_update",
          "to": "ground_control_agent",
          "payload": {
            "status": "leg_complete",
            "battery_pct": 88.5,
            "images_captured": 1
          }
        }
      ],
      "obs": [
        {
          "tool": "read_telemetry",
          "result": {
            "pose": {
              "x": 500.0,
              "y": 500.0,
              "z": 50.0
            },
            "battery_pct": 88.5,
            "speed_mps": 12.0
          }
        },
        {
          "task": "mission_update",
          "from": "ground_control_agent",
          "status": "acknowledged",
          "payload": {
            "next_instruction": "return_to_base"
          }
        }
      ],
      "net": {
        "slice": "URLLC",
        "lat_ms": 8,
        "jitter_ms": 1.1,
        "loss_pct": 0.01,
        "throughput_mbps": 55,
        "edge_load": 0.35
      }
    },
    {
      "turn": 10,
      "speaker": "user",
      "intent": "initiate_return",
      "actions": [
        {
          "type": "mcp",
          "name": "set_waypoint",
          "args": {
            "x": 0.0,
            "y": 0.0,
            "z": 30.0
          }
        }
      ],
      "obs": [
        {
          "tool": "set_waypoint",
          "result": {
            "status": "accepted",
            "eta_s": 40
          }
        }
      ],
      "net": {
        "slice": "URLLC",
        "lat_ms": 9,
        "jitter_ms": 1.3,
        "loss_pct": 0.02,
        "throughput_mbps": 50,
        "edge_load": 0.38
      }
    },
    {
      "turn": 11,
      "speaker": "agent",
      "intent": "return_to_base",
      "actions": [
        {
          "type": "mcp",
          "name": "start_mission",
          "args": {
            "waypoint_id": 2
          }
        },
        {
          "type": "a2a",
          "task": "handover_report",
          "to": "data_fusion_agent",
          "payload": {
            "collected_data": [
              "img_001",
              "therm_001"
            ],
            "battery_remaining": 88.0
          }
        }
      ],
      "obs": [
        {
          "tool": "start_mission",
          "result": {
            "status": "in_progress",
            "waypoint_id": 2
          }
        },
        {
          "task": "handover_report",
          "from": "data_fusion_agent",
          "status": "received",
          "payload": {
            "archive_id": "mission_e632574ce9aa_v1"
          }
        }
      ],
      "net": {
        "slice": "mMTC",
        "lat_ms": 60,
        "jitter_ms": 12.0,
        "loss_pct": 1.0,
        "throughput_mbps": 0.8,
        "edge_load": 0.65
      }
    }
  ],
  "final_state": {
    "domain": "uav",
    "time_s": 120.0,
    "env": {
      "weather": "light_rain",
      "wind_mps": 8.0,
      "wind_dir_deg": 270.0
    },
    "airspace": {
      "alt_bounds": [
        0.0,
        120.0
      ],
      "geofence": [
        {
          "type": "polygon",
          "points": [
            [
              -1000.0,
              -1000.0
            ],
            [
              1000.0,
              -1000.0
            ],
            [
              1000.0,
              1000.0
            ],
            [
              -1000.0,
              1000.0
            ]
          ]
        }
      ]
    },
    "uav": {
      "pose": {
        "x": 250.0,
        "y": 250.0,
        "z": 40.0,
        "yaw": 225.0
      },
      "speed_mps": 14.0,
      "energy": {
        "battery_pct": 86.0
      },
      "sensors": {
        "rgb": "online",
        "thermal": "online",
        "lidar": "online",
        "radar": "online",
        "gnss": "locked",
        "imu": "stable",
        "magnetometer": "calibrated",
        "barometer": "stable"
      },
      "payloads": []
    },
    "policy": {
      "alt_bounds": [
        0.0,
        120.0
      ]
    },
    "safety_flags": {
      "nfz_violation": false,
      "separation_breach": false
    }
  },
  "success": true,
  "_meta": {
    "seed": 42,
    "ts": 1764007590,
    "ts_iso": "2025-11-24T18:06:30Z",
    "gen_time_s": 64.44765448570251,
    "attempts_used": 1,
    "generation_failed": false,
    "usage": {
      "prompt_tokens": 1056,
      "completion_tokens": 3990,
      "total_tokens": 5046,
      "cost": 0.00330992,
      "is_byok": false,
      "prompt_tokens_details": {
        "cached_tokens": 1040,
        "audio_tokens": 0,
        "video_tokens": 0
      },
      "cost_details": {
        "upstream_inference_cost": null,
        "upstream_inference_prompt_cost": 0.00011792,
        "upstream_inference_completions_cost": 0.003192
      },
      "completion_tokens_details": {
        "reasoning_tokens": 0,
        "image_tokens": 0
      }
    }
  }
}