{
  "initial_state": {
    "domain": "uav",
    "time_s": 0.0,
    "env": {
      "weather": "thermal_updrafts",
      "wind_mps": 6.0,
      "wind_dir_deg": 240.0
    },
    "airspace": {
      "alt_bounds": [
        10.0,
        120.0
      ],
      "geofence": [
        {
          "type": "polygon",
          "points": [
            [
              0,
              0
            ],
            [
              2000,
              0
            ],
            [
              2000,
              1500
            ],
            [
              0,
              1500
            ]
          ]
        }
      ]
    },
    "uav": {
      "pose": {
        "x": 100.0,
        "y": 100.0,
        "z": 50.0,
        "yaw": 90.0
      },
      "speed_mps": 18.0,
      "energy": {
        "battery_pct": 100.0
      },
      "sensors": {
        "rgb": "ok",
        "thermal": "offline",
        "lidar": "ok",
        "radar": "offline",
        "gnss": "ok",
        "imu": "ok",
        "magnetometer": "ok",
        "barometer": "ok"
      },
      "payloads": []
    },
    "policy": {
      "alt_bounds": [
        10.0,
        120.0
      ]
    },
    "safety_flags": {
      "nfz_violation": false,
      "separation_breach": false
    }
  },
  "dialogue": [
    {
      "turn": 1,
      "speaker": "agent",
      "intent": "initiate_mission",
      "actions": [
        {
          "type": "mcp",
          "name": "read_telemetry",
          "args": {}
        }
      ],
      "obs": [
        {
          "tool": "read_telemetry",
          "result": {
            "pose": {
              "x": 100.0,
              "y": 100.0,
              "z": 50.0,
              "yaw": 90.0
            },
            "speed_mps": 18.0,
            "battery_pct": 100.0
          }
        }
      ],
      "net": {
        "slice": "eMBB",
        "lat_ms": 12,
        "jitter_ms": 2,
        "loss_pct": 0.1,
        "throughput_mbps": 850,
        "edge_load": 0.35
      }
    },
    {
      "turn": 2,
      "speaker": "user",
      "intent": "confirm_mission_start",
      "actions": [],
      "obs": [],
      "net": {
        "slice": "eMBB",
        "lat_ms": 11,
        "jitter_ms": 1.8,
        "loss_pct": 0.05,
        "throughput_mbps": 870,
        "edge_load": 0.33
      }
    },
    {
      "turn": 3,
      "speaker": "agent",
      "intent": "check_sensor_health",
      "actions": [
        {
          "type": "mcp",
          "name": "diagnose_sensors",
          "args": {}
        }
      ],
      "obs": [
        {
          "tool": "diagnose_sensors",
          "result": {
            "status": "partial",
            "issues": [
              "thermal: offline",
              "radar: offline"
            ]
          }
        }
      ],
      "net": {
        "slice": "URLLC",
        "lat_ms": 8,
        "jitter_ms": 1.2,
        "loss_pct": 0.02,
        "throughput_mbps": 120,
        "edge_load": 0.4
      }
    },
    {
      "turn": 4,
      "speaker": "user",
      "intent": "request_sensor_restart",
      "actions": [
        {
          "type": "mcp",
          "name": "restart_sensor",
          "args": {
            "sensor": "thermal"
          }
        }
      ],
      "obs": [
        {
          "tool": "restart_sensor",
          "result": {
            "sensor": "thermal",
            "status": "ok"
          }
        }
      ],
      "net": {
        "slice": "URLLC",
        "lat_ms": 7,
        "jitter_ms": 0.9,
        "loss_pct": 0.01,
        "throughput_mbps": 130,
        "edge_load": 0.38
      }
    },
    {
      "turn": 5,
      "speaker": "agent",
      "intent": "coordinate_swarm",
      "actions": [
        {
          "type": "a2a",
          "task": "collision_avoidance",
          "to": "uav_swarm_agent",
          "payload": {
            "current_pose": {
              "x": 100.0,
              "y": 100.0,
              "z": 50.0
            },
            "waypoints": [
              {
                "x": 1800,
                "y": 1400,
                "z": 60.0
              }
            ]
          }
        }
      ],
      "obs": [
        {
          "task": "collision_avoidance",
          "from": "uav_swarm_agent",
          "status": "ok",
          "payload": {
            "safe": true,
            "adjusted_waypoint": null
          }
        }
      ],
      "net": {
        "slice": "URLLC",
        "lat_ms": 9,
        "jitter_ms": 1.5,
        "loss_pct": 0.03,
        "throughput_mbps": 110,
        "edge_load": 0.42
      }
    },
    {
      "turn": 6,
      "speaker": "user",
      "intent": "request_delivery_target",
      "actions": [
        {
          "type": "mcp",
          "name": "set_waypoint",
          "args": {
            "x": 1800,
            "y": 1400,
            "z": 60.0
          }
        }
      ],
      "obs": [
        {
          "tool": "set_waypoint",
          "result": {
            "waypoint_set": true,
            "eta_s": 85
          }
        }
      ],
      "net": {
        "slice": "eMBB",
        "lat_ms": 14,
        "jitter_ms": 3,
        "loss_pct": 0.2,
        "throughput_mbps": 800,
        "edge_load": 0.5
      }
    },
    {
      "turn": 7,
      "speaker": "agent",
      "intent": "monitor_link_degradation",
      "actions": [
        {
          "type": "mcp",
          "name": "read_telemetry",
          "args": {}
        }
      ],
      "obs": [
        {
          "tool": "read_telemetry",
          "result": {
            "pose": {
              "x": 950.0,
              "y": 700.0,
              "z": 58.0,
              "yaw": 88.0
            },
            "speed_mps": 16.5,
            "battery_pct": 92.0
          }
        }
      ],
      "net": {
        "slice": "mMTC",
        "lat_ms": 45,
        "jitter_ms": 12,
        "loss_pct": 2.5,
        "throughput_mbps": 1.2,
        "edge_load": 0.75
      }
    },
    {
      "turn": 8,
      "speaker": "user",
      "intent": "request_low_bandwidth_mode",
      "actions": [
        {
          "type": "mcp",
          "name": "enable_low_bandwidth_mode",
          "args": {
            "mode": "essential_only"
          }
        }
      ],
      "obs": [
        {
          "tool": "enable_low_bandwidth_mode",
          "result": {
            "status": "active",
            "reduced_sensors": [
              "rgb",
              "lidar"
            ]
          }
        }
      ],
      "net": {
        "slice": "URLLC",
        "lat_ms": 10,
        "jitter_ms": 2.1,
        "loss_pct": 0.8,
        "throughput_mbps": 95,
        "edge_load": 0.68
      }
    },
    {
      "turn": 9,
      "speaker": "agent",
      "intent": "verify_geofence_compliance",
      "actions": [
        {
          "type": "mcp",
          "name": "check_geofence",
          "args": {}
        }
      ],
      "obs": [
        {
          "tool": "check_geofence",
          "result": {
            "inside": true,
            "distance_to_boundary_m": 200
          }
        }
      ],
      "net": {
        "slice": "URLLC",
        "lat_ms": 8,
        "jitter_ms": 1.3,
        "loss_pct": 0.05,
        "throughput_mbps": 115,
        "edge_load": 0.41
      }
    },
    {
      "turn": 10,
      "speaker": "user",
      "intent": "confirm_final_approach",
      "actions": [
        {
          "type": "mcp",
          "name": "activate_delivery_sequence",
          "args": {}
        }
      ],
      "obs": [
        {
          "tool": "activate_delivery_sequence",
          "result": {
            "status": "initiated",
            "payload_released": true
          }
        }
      ],
      "net": {
        "slice": "URLLC",
        "lat_ms": 7,
        "jitter_ms": 0.8,
        "loss_pct": 0.01,
        "throughput_mbps": 135,
        "edge_load": 0.37
      }
    }
  ],
  "final_state": {
    "domain": "uav",
    "time_s": 95.0,
    "env": {
      "weather": "thermal_updrafts",
      "wind_mps": 6.0,
      "wind_dir_deg": 240.0
    },
    "airspace": {
      "alt_bounds": [
        10.0,
        120.0
      ],
      "geofence": [
        {
          "type": "polygon",
          "points": [
            [
              0,
              0
            ],
            [
              2000,
              0
            ],
            [
              2000,
              1500
            ],
            [
              0,
              1500
            ]
          ]
        }
      ]
    },
    "uav": {
      "pose": {
        "x": 1800.0,
        "y": 1400.0,
        "z": 60.0,
        "yaw": 85.0
      },
      "speed_mps": 0.0,
      "energy": {
        "battery_pct": 85.0
      },
      "sensors": {
        "rgb": "ok",
        "thermal": "ok",
        "lidar": "ok",
        "radar": "offline",
        "gnss": "ok",
        "imu": "ok",
        "magnetometer": "ok",
        "barometer": "ok"
      },
      "payloads": []
    },
    "policy": {
      "alt_bounds": [
        10.0,
        120.0
      ]
    },
    "safety_flags": {
      "nfz_violation": false,
      "separation_breach": false
    }
  },
  "success": true,
  "_meta": {
    "seed": 42,
    "ts": 1763910150,
    "ts_iso": "2025-11-23T15:02:30Z",
    "gen_time_s": 40.869773626327515,
    "attempts_used": 1,
    "generation_failed": false,
    "usage": {
      "prompt_tokens": 1051,
      "completion_tokens": 2829,
      "total_tokens": 3880,
      "cost": 0.00238002,
      "is_byok": false,
      "prompt_tokens_details": {
        "cached_tokens": 1040,
        "audio_tokens": 0,
        "video_tokens": 0
      },
      "cost_details": {
        "upstream_inference_cost": null,
        "upstream_inference_prompt_cost": 0.00011682,
        "upstream_inference_completions_cost": 0.0022632
      },
      "completion_tokens_details": {
        "reasoning_tokens": 0,
        "image_tokens": 0
      }
    }
  }
}