{
  "initial_state": {
    "domain": "uav",
    "time_s": 0.0,
    "env": {
      "weather": "icing",
      "wind_mps": 8.0,
      "wind_dir_deg": 270.0
    },
    "airspace": {
      "alt_bounds": [
        1000.0,
        3000.0
      ],
      "geofence": [
        {
          "type": "polygon",
          "points": [
            [
              0,
              0
            ],
            [
              2000,
              0
            ],
            [
              2000,
              1500
            ],
            [
              0,
              1500
            ]
          ]
        }
      ]
    },
    "uav": {
      "pose": {
        "x": 100.0,
        "y": 100.0,
        "z": 1100.0,
        "yaw": 90.0
      },
      "speed_mps": 25.0,
      "energy": {
        "battery_pct": 100.0
      },
      "sensors": {
        "rgb": "ok",
        "thermal": "ok",
        "lidar": "offline",
        "radar": "ok",
        "gnss": "ok",
        "imu": "ok",
        "magnetometer": "ok",
        "barometer": "ok"
      },
      "payloads": []
    },
    "policy": {
      "alt_bounds": [
        1000.0,
        3000.0
      ]
    },
    "safety_flags": {
      "nfz_violation": false,
      "separation_breach": false
    }
  },
  "dialogue": [
    {
      "turn": 1,
      "speaker": "agent",
      "intent": "initiate_survey_mission",
      "actions": [
        {
          "type": "mcp",
          "name": "read_telemetry",
          "args": {}
        },
        {
          "type": "a2a",
          "task": "request_weather_update",
          "to": "weather_agent",
          "payload": {
            "location": {
              "x": 100.0,
              "y": 100.0
            }
          }
        }
      ],
      "obs": [
        {
          "tool": "read_telemetry",
          "result": {
            "pose": {
              "x": 100.0,
              "y": 100.0,
              "z": 1100.0
            },
            "battery_pct": 100.0,
            "speed_mps": 25.0
          }
        },
        {
          "task": "request_weather_update",
          "from": "weather_agent",
          "status": "ok",
          "payload": {
            "weather": "icing",
            "wind_mps": 8.0
          }
        }
      ],
      "net": {
        "slice": "eMBB",
        "lat_ms": 12,
        "jitter_ms": 2,
        "loss_pct": 0.1,
        "throughput_mbps": 850,
        "edge_load": 0.4
      }
    },
    {
      "turn": 2,
      "speaker": "user",
      "intent": "approve_mission_with_caution",
      "actions": [
        {
          "type": "mcp",
          "name": "update_policy",
          "args": {
            "alt_bounds": [
              1200.0,
              2800.0
            ]
          }
        }
      ],
      "obs": [
        {
          "tool": "update_policy",
          "result": {
            "alt_bounds": [
              1200.0,
              2800.0
            ],
            "status": "applied"
          }
        }
      ],
      "net": {
        "slice": "eMBB",
        "lat_ms": 11,
        "jitter_ms": 1.8,
        "loss_pct": 0.05,
        "throughput_mbps": 870,
        "edge_load": 0.42
      }
    },
    {
      "turn": 3,
      "speaker": "agent",
      "intent": "adjust_flight_plan_for_icing",
      "actions": [
        {
          "type": "mcp",
          "name": "set_waypoint",
          "args": {
            "x": 500.0,
            "y": 500.0,
            "z": 1800.0
          }
        }
      ],
      "obs": [
        {
          "tool": "set_waypoint",
          "result": {
            "status": "accepted",
            "eta_s": 68.5
          }
        }
      ],
      "net": {
        "slice": "URLLC",
        "lat_ms": 8,
        "jitter_ms": 1.2,
        "loss_pct": 0.02,
        "throughput_mbps": 120,
        "edge_load": 0.3
      }
    },
    {
      "turn": 4,
      "speaker": "user",
      "intent": "request_thermal_scan",
      "actions": [
        {
          "type": "mcp",
          "name": "activate_sensor",
          "args": {
            "sensor": "thermal"
          }
        }
      ],
      "obs": [
        {
          "tool": "activate_sensor",
          "result": {
            "sensor": "thermal",
            "status": "active"
          }
        }
      ],
      "net": {
        "slice": "eMBB",
        "lat_ms": 14,
        "jitter_ms": 3,
        "loss_pct": 0.2,
        "throughput_mbps": 800,
        "edge_load": 0.5
      }
    },
    {
      "turn": 5,
      "speaker": "agent",
      "intent": "detect_network_degradation",
      "actions": [
        {
          "type": "mcp",
          "name": "read_network_status",
          "args": {}
        }
      ],
      "obs": [
        {
          "tool": "read_network_status",
          "result": {
            "slice": "eMBB",
            "lat_ms": 45,
            "jitter_ms": 12,
            "loss_pct": 2.1,
            "throughput_mbps": 200
          }
        }
      ],
      "net": {
        "slice": "eMBB",
        "lat_ms": 45,
        "jitter_ms": 12,
        "loss_pct": 2.1,
        "throughput_mbps": 200,
        "edge_load": 0.75
      }
    },
    {
      "turn": 6,
      "speaker": "user",
      "intent": "switch_to_URRLC_for_reliability",
      "actions": [
        {
          "type": "mcp",
          "name": "switch_network_slice",
          "args": {
            "target": "URLLC"
          }
        },
        {
          "type": "a2a",
          "task": "report_link_degradation",
          "to": "network_orchestrator",
          "payload": {
            "current_slice": "eMBB",
            "degraded": true
          }
        }
      ],
      "obs": [
        {
          "tool": "switch_network_slice",
          "result": {
            "status": "success",
            "new_slice": "URLLC"
          }
        },
        {
          "task": "report_link_degradation",
          "from": "network_orchestrator",
          "status": "acknowledged",
          "payload": {
            "action_taken": "prioritized_control_traffic"
          }
        }
      ],
      "net": {
        "slice": "URLLC",
        "lat_ms": 9,
        "jitter_ms": 1.5,
        "loss_pct": 0.03,
        "throughput_mbps": 110,
        "edge_load": 0.35
      }
    },
    {
      "turn": 7,
      "speaker": "agent",
      "intent": "instruct_emergency_hover",
      "actions": [
        {
          "type": "mcp",
          "name": "set_mode",
          "args": {
            "mode": "hover"
          }
        }
      ],
      "obs": [
        {
          "tool": "set_mode",
          "result": {
            "mode": "hover",
            "status": "engaged"
          }
        }
      ],
      "net": {
        "slice": "URLLC",
        "lat_ms": 7,
        "jitter_ms": 1.0,
        "loss_pct": 0.01,
        "throughput_mbps": 100,
        "edge_load": 0.3
      }
    },
    {
      "turn": 8,
      "speaker": "user",
      "intent": "perform_diagnostic_check",
      "actions": [
        {
          "type": "mcp",
          "name": "run_diagnostic",
          "args": {
            "systems": [
              "power",
              "propulsion"
            ]
          }
        }
      ],
      "obs": [
        {
          "tool": "run_diagnostic",
          "result": {
            "power": "nominal",
            "propulsion": "nominal",
            "battery_pct": 96.7
          }
        }
      ],
      "net": {
        "slice": "URLLC",
        "lat_ms": 8,
        "jitter_ms": 1.1,
        "loss_pct": 0.02,
        "throughput_mbps": 105,
        "edge_load": 0.32
      }
    },
    {
      "turn": 9,
      "speaker": "agent",
      "intent": "resume_mission_at_lower_bandwidth",
      "actions": [
        {
          "type": "mcp",
          "name": "set_waypoint",
          "args": {
            "x": 1000.0,
            "y": 1000.0,
            "z": 1600.0
          }
        }
      ],
      "obs": [
        {
          "tool": "set_waypoint",
          "result": {
            "status": "accepted",
            "eta_s": 92.0
          }
        }
      ],
      "net": {
        "slice": "mMTC",
        "lat_ms": 25,
        "jitter_ms": 5,
        "loss_pct": 0.5,
        "throughput_mbps": 1.2,
        "edge_load": 0.2
      }
    },
    {
      "turn": 10,
      "speaker": "user",
      "intent": "transmit_compressed_thermal_data",
      "actions": [
        {
          "type": "mcp",
          "name": "transmit_data",
          "args": {
            "sensor": "thermal",
            "compression": "high",
            "target": "ground_station"
          }
        }
      ],
      "obs": [
        {
          "tool": "transmit_data",
          "result": {
            "status": "in_progress",
            "data_mb": 4.2,
            "estimated_completion_s": 35
          }
        }
      ],
      "net": {
        "slice": "mMTC",
        "lat_ms": 26,
        "jitter_ms": 5.2,
        "loss_pct": 0.6,
        "throughput_mbps": 1.1,
        "edge_load": 0.22
      }
    }
  ],
  "final_state": {
    "domain": "uav",
    "time_s": 920.0,
    "env": {
      "weather": "icing",
      "wind_mps": 8.0,
      "wind_dir_deg": 270.0
    },
    "airspace": {
      "alt_bounds": [
        1000.0,
        3000.0
      ],
      "geofence": [
        {
          "type": "polygon",
          "points": [
            [
              0,
              0
            ],
            [
              2000,
              0
            ],
            [
              2000,
              1500
            ],
            [
              0,
              1500
            ]
          ]
        }
      ]
    },
    "uav": {
      "pose": {
        "x": 1000.0,
        "y": 1000.0,
        "z": 1600.0,
        "yaw": 90.0
      },
      "speed_mps": 0.0,
      "energy": {
        "battery_pct": 94.3
      },
      "sensors": {
        "rgb": "ok",
        "thermal": "active",
        "lidar": "offline",
        "radar": "ok",
        "gnss": "ok",
        "imu": "ok",
        "magnetometer": "ok",
        "barometer": "ok"
      },
      "payloads": []
    },
    "policy": {
      "alt_bounds": [
        1200.0,
        2800.0
      ]
    },
    "safety_flags": {
      "nfz_violation": false,
      "separation_breach": false
    }
  },
  "success": true,
  "_meta": {
    "seed": 42,
    "ts": 1763844417,
    "ts_iso": "2025-11-22T20:46:57Z",
    "gen_time_s": 56.52282357215881,
    "attempts_used": 1,
    "generation_failed": false,
    "usage": {
      "prompt_tokens": 1054,
      "completion_tokens": 3170,
      "total_tokens": 4224,
      "cost": 0.002701,
      "is_byok": false,
      "prompt_tokens_details": {
        "cached_tokens": 608,
        "audio_tokens": 0,
        "video_tokens": 0
      },
      "cost_details": {
        "upstream_inference_cost": null,
        "upstream_inference_prompt_cost": 0.000165,
        "upstream_inference_completions_cost": 0.002536
      },
      "completion_tokens_details": {
        "reasoning_tokens": 0,
        "image_tokens": 0
      }
    }
  }
}