{
  "initial_state": {
    "domain": "uav",
    "time_s": 0.0,
    "env": {
      "weather": "microburst_risk",
      "wind_mps": 8.5,
      "wind_dir_deg": 240.0
    },
    "airspace": {
      "alt_bounds": [
        5.0,
        120.0
      ],
      "geofence": [
        {
          "type": "polygon",
          "points": [
            [
              0,
              0
            ],
            [
              0,
              200
            ],
            [
              150,
              200
            ],
            [
              150,
              0
            ]
          ]
        }
      ]
    },
    "uav": {
      "pose": {
        "x": 10.0,
        "y": 10.0,
        "z": 5.0,
        "yaw": 90.0
      },
      "speed_mps": 22.0,
      "energy": {
        "battery_pct": 100.0
      },
      "sensors": {
        "rgb": "ok",
        "thermal": "ok",
        "lidar": "ok",
        "radar": "offline",
        "gnss": "ok",
        "imu": "ok",
        "magnetometer": "ok",
        "barometer": "ok"
      },
      "payloads": []
    },
    "policy": {
      "alt_bounds": [
        5.0,
        120.0
      ]
    },
    "safety_flags": {
      "nfz_violation": false,
      "separation_breach": false
    }
  },
  "dialogue": [
    {
      "turn": 1,
      "speaker": "agent",
      "intent": "initiate inspection mission under 6G network",
      "actions": [
        {
          "type": "mcp",
          "name": "read_telemetry",
          "args": {}
        },
        {
          "type": "a2a",
          "task": "request_weather_risk_assessment",
          "to": "weather_agent",
          "payload": {
            "location": [
              10.0,
              10.0
            ],
            "risk_type": "microburst"
          }
        }
      ],
      "obs": [
        {
          "tool": "read_telemetry",
          "result": {
            "pose": {
              "x": 10.0,
              "y": 10.0,
              "z": 5.0
            },
            "battery_pct": 100.0,
            "speed_mps": 22.0
          }
        },
        {
          "task": "request_weather_risk_assessment",
          "from": "weather_agent",
          "status": "ok",
          "payload": {
            "risk_level": "high",
            "advice": "ascend to 40m and proceed northeast slowly"
          }
        }
      ],
      "net": {
        "slice": "eMBB",
        "lat_ms": 12,
        "jitter_ms": 2,
        "loss_pct": 0.1,
        "throughput_mbps": 850,
        "edge_load": 0.35
      }
    },
    {
      "turn": 2,
      "speaker": "user",
      "intent": "approve altitude change and route adjustment",
      "actions": [
        {
          "type": "mcp",
          "name": "update_flight_plan",
          "args": {
            "target_alt": 40.0,
            "waypoints": [
              [
                30.0,
                30.0
              ],
              [
                60.0,
                60.0
              ]
            ]
          }
        }
      ],
      "obs": [
        {
          "tool": "update_flight_plan",
          "result": {
            "status": "accepted",
            "execution_time_s": 0.8
          }
        }
      ],
      "net": {
        "slice": "eMBB",
        "lat_ms": 14,
        "jitter_ms": 3,
        "loss_pct": 0.2,
        "throughput_mbps": 800,
        "edge_load": 0.4
      }
    },
    {
      "turn": 3,
      "speaker": "agent",
      "intent": "execute climb and verify sensor status",
      "actions": [
        {
          "type": "mcp",
          "name": "set_altitude",
          "args": {
            "target": 40.0
          }
        },
        {
          "type": "mcp",
          "name": "diagnose_sensor",
          "args": {
            "sensor": "radar"
          }
        }
      ],
      "obs": [
        {
          "tool": "set_altitude",
          "result": {
            "achieved": 40.0,
            "duration_s": 12.5
          }
        },
        {
          "tool": "diagnose_sensor",
          "result": {
            "sensor": "radar",
            "status": "faulty_antenna",
            "recommendation": "avoid radar-dependent tasks"
          }
        }
      ],
      "net": {
        "slice": "URLLC",
        "lat_ms": 8,
        "jitter_ms": 1,
        "loss_pct": 0.05,
        "throughput_mbps": 120,
        "edge_load": 0.2
      }
    },
    {
      "turn": 4,
      "speaker": "user",
      "intent": "request swarm coordination for inspection redundancy",
      "actions": [
        {
          "type": "a2a",
          "task": "deploy_inspection_swarm",
          "to": "uav_swarm_manager",
          "payload": {
            "target_area": [
              [
                55.0,
                55.0
              ],
              [
                65.0,
                65.0
              ]
            ],
            "priority": "high"
          }
        }
      ],
      "obs": [
        {
          "task": "deploy_inspection_swarm",
          "from": "uav_swarm_manager",
          "status": "acknowledged",
          "payload": {
            "assigned_uavs": [
              "uav-7",
              "uav-9"
            ],
            "eta": 45
          }
        }
      ],
      "net": {
        "slice": "mMTC",
        "lat_ms": 25,
        "jitter_ms": 5,
        "loss_pct": 0.5,
        "throughput_mbps": 50,
        "edge_load": 0.6
      }
    },
    {
      "turn": 5,
      "speaker": "agent",
      "intent": "proceed to waypoint with caution due to wind",
      "actions": [
        {
          "type": "mcp",
          "name": "navigate_to",
          "args": {
            "x": 30.0,
            "y": 30.0,
            "z": 40.0
          }
        },
        {
          "type": "mcp",
          "name": "activate_sensor",
          "args": {
            "sensor": "thermal"
          }
        }
      ],
      "obs": [
        {
          "tool": "navigate_to",
          "result": {
            "reached": [
              30.0,
              30.0,
              40.0
            ],
            "deviation_m": 1.2,
            "duration_s": 18.3
          }
        },
        {
          "tool": "activate_sensor",
          "result": {
            "sensor": "thermal",
            "status": "active"
          }
        }
      ],
      "net": {
        "slice": "URLLC",
        "lat_ms": 9,
        "jitter_ms": 1.5,
        "loss_pct": 0.1,
        "throughput_mbps": 110,
        "edge_load": 0.25
      }
    },
    {
      "turn": 6,
      "speaker": "user",
      "intent": "request real-time video feed for visual confirmation",
      "actions": [
        {
          "type": "mcp",
          "name": "stream_video",
          "args": {
            "resolution": "1080p",
            "duration_s": 30
          }
        }
      ],
      "obs": [
        {
          "tool": "stream_video",
          "result": {
            "status": "started",
            "bitrate_kbps": 4500,
            "interruptions": 1,
            "degraded": true
          }
        }
      ],
      "net": {
        "slice": "eMBB",
        "lat_ms": 22,
        "jitter_ms": 8,
        "loss_pct": 2.3,
        "throughput_mbps": 320,
        "edge_load": 0.85
      }
    },
    {
      "turn": 7,
      "speaker": "agent",
      "intent": "adapt to network degradation by reducing stream quality",
      "actions": [
        {
          "type": "mcp",
          "name": "adjust_stream",
          "args": {
            "resolution": "720p",
            "fps": 15
          }
        },
        {
          "type": "a2a",
          "task": "report_link_quality",
          "to": "network_orchestrator",
          "payload": {
            "current_slice": "eMBB",
            "quality": "degraded",
            "recommendation": "switch to URLLC for control"
          }
        }
      ],
      "obs": [
        {
          "tool": "adjust_stream",
          "result": {
            "resolution": "720p",
            "fps": 15,
            "bitrate_kbps": 1800,
            "status": "stable"
          }
        },
        {
          "task": "report_link_quality",
          "from": "network_orchestrator",
          "status": "updated",
          "payload": {
            "new_slice": "URLLC",
            "lat_ms": 7
          }
        }
      ],
      "net": {
        "slice": "URLLC",
        "lat_ms": 7,
        "jitter_ms": 1,
        "loss_pct": 0.08,
        "throughput_mbps": 95,
        "edge_load": 0.3
      }
    },
    {
      "turn": 8,
      "speaker": "user",
      "intent": "confirm safe approach and prepare for inspection",
      "actions": [
        {
          "type": "mcp",
          "name": "check_separation",
          "args": {}
        },
        {
          "type": "mcp",
          "name": "verify_geofence",
          "args": {}
        }
      ],
      "obs": [
        {
          "tool": "check_separation",
          "result": {
            "status": "clear",
            "closest_uav": "uav-7",
            "distance_m": 42.3
          }
        },
        {
          "tool": "verify_geofence",
          "result": {
            "inside": true,
            "buffer_m": 15.0
          }
        }
      ],
      "net": {
        "slice": "URLLC",
        "lat_ms": 6,
        "jitter_ms": 0.8,
        "loss_pct": 0.05,
        "throughput_mbps": 105,
        "edge_load": 0.2
      }
    },
    {
      "turn": 9,
      "speaker": "agent",
      "intent": "initiate thermal scan of platform structure",
      "actions": [
        {
          "type": "mcp",
          "name": "start_thermal_scan",
          "args": {
            "area": [
              [
                58.0,
                58.0
              ],
              [
                62.0,
                62.0
              ]
            ],
            "resolution": "high"
          }
        }
      ],
      "obs": [
        {
          "tool": "start_thermal_scan",
          "result": {
            "status": "completed",
            "anomalies_detected": 2,
            "data_size_mb": 145
          }
        }
      ],
      "net": {
        "slice": "mMTC",
        "lat_ms": 30,
        "jitter_ms": 6,
        "loss_pct": 0.7,
        "throughput_mbps": 40,
        "edge_load": 0.7
      }
    },
    {
      "turn": 10,
      "speaker": "user",
      "intent": "upload data and return to base",
      "actions": [
        {
          "type": "mcp",
          "name": "upload_data",
          "args": {
            "destination": "cloud_inspection_db",
            "compression": "lz4"
          }
        },
        {
          "type": "mcp",
          "name": "return_to_base",
          "args": {
            "base_coords": [
              10.0,
              10.0
            ]
          }
        }
      ],
      "obs": [
        {
          "tool": "upload_data",
          "result": {
            "status": "completed",
            "size_mb": 145,
            "duration_s": 12.8
          }
        },
        {
          "tool": "return_to_base",
          "result": {
            "status": "en_route",
            "eta_s": 38
          }
        }
      ],
      "net": {
        "slice": "eMBB",
        "lat_ms": 15,
        "jitter_ms": 3,
        "loss_pct": 0.3,
        "throughput_mbps": 750,
        "edge_load": 0.5
      }
    },
    {
      "turn": 11,
      "speaker": "agent",
      "intent": "confirm mission completion and system status",
      "actions": [
        {
          "type": "mcp",
          "name": "read_telemetry",
          "args": {}
        },
        {
          "type": "a2a",
          "task": "log_mission_summary",
          "to": "mission_archive",
          "payload": {
            "uav_id": "uav-5",
            "tasks_completed": 5,
            "anomalies_reported": 2
          }
        }
      ],
      "obs": [
        {
          "tool": "read_telemetry",
          "result": {
            "pose": {
              "x": 15.0,
              "y": 14.0,
              "z": 38.0
            },
            "battery_pct": 68.4,
            "speed_mps": 18.0
          }
        },
        {
          "task": "log_mission_summary",
          "from": "mission_archive",
          "status": "archived",
          "payload": {
            "record_id": "ms_20250405_uav5"
          }
        }
      ],
      "net": {
        "slice": "URLLC",
        "lat_ms": 10,
        "jitter_ms": 2,
        "loss_pct": 0.1,
        "throughput_mbps": 100,
        "edge_load": 0.3
      }
    }
  ],
  "final_state": {
    "domain": "uav",
    "time_s": 138.0,
    "env": {
      "weather": "microburst_risk",
      "wind_mps": 8.5,
      "wind_dir_deg": 240.0
    },
    "airspace": {
      "alt_bounds": [
        5.0,
        120.0
      ],
      "geofence": [
        {
          "type": "polygon",
          "points": [
            [
              0,
              0
            ],
            [
              0,
              200
            ],
            [
              150,
              200
            ],
            [
              150,
              0
            ]
          ]
        }
      ]
    },
    "uav": {
      "pose": {
        "x": 15.0,
        "y": 14.0,
        "z": 38.0,
        "yaw": 90.0
      },
      "speed_mps": 18.0,
      "energy": {
        "battery_pct": 68.4
      },
      "sensors": {
        "rgb": "ok",
        "thermal": "active",
        "lidar": "ok",
        "radar": "faulty_antenna",
        "gnss": "ok",
        "imu": "ok",
        "magnetometer": "ok",
        "barometer": "ok"
      },
      "payloads": []
    },
    "policy": {
      "alt_bounds": [
        5.0,
        120.0
      ]
    },
    "safety_flags": {
      "nfz_violation": false,
      "separation_breach": false
    }
  },
  "success": true,
  "_meta": {
    "seed": 42,
    "ts": 1763822970,
    "ts_iso": "2025-11-22T14:49:30Z",
    "gen_time_s": 53.90153455734253,
    "attempts_used": 1,
    "generation_failed": false,
    "usage": {
      "prompt_tokens": 1044,
      "completion_tokens": 3936,
      "total_tokens": 4980,
      "cost": 0.0033116,
      "is_byok": false,
      "prompt_tokens_details": {
        "cached_tokens": 608,
        "audio_tokens": 0,
        "video_tokens": 0
      },
      "cost_details": {
        "upstream_inference_cost": null,
        "upstream_inference_prompt_cost": 0.0001628,
        "upstream_inference_completions_cost": 0.0031488
      },
      "completion_tokens_details": {
        "reasoning_tokens": 0,
        "image_tokens": 0
      }
    }
  }
}