{
  "initial_state": {
    "domain": "uav",
    "time_s": 0.0,
    "env": {
      "weather": "lightning_risk",
      "wind_mps": 7.0,
      "wind_dir_deg": 240.0
    },
    "airspace": {
      "alt_bounds": [
        10.0,
        150.0
      ],
      "geofence": [
        {
          "type": "polygon",
          "points": [
            [
              0.0,
              0.0
            ],
            [
              200.0,
              0.0
            ],
            [
              200.0,
              150.0
            ],
            [
              0.0,
              150.0
            ]
          ]
        }
      ]
    },
    "uav": {
      "pose": {
        "x": 10.0,
        "y": 75.0,
        "z": 30.0,
        "yaw": 270.0
      },
      "speed_mps": 35.0,
      "energy": {
        "battery_pct": 100.0
      },
      "sensors": {
        "rgb": "ok",
        "thermal": "offline",
        "lidar": "offline",
        "radar": "offline",
        "gnss": "ok",
        "imu": "ok",
        "magnetometer": "ok",
        "barometer": "ok"
      },
      "payloads": []
    },
    "policy": {
      "alt_bounds": [
        10.0,
        150.0
      ]
    },
    "safety_flags": {
      "nfz_violation": false,
      "separation_breach": false
    }
  },
  "dialogue": [
    {
      "turn": 1,
      "speaker": "agent",
      "intent": "initiate_mission",
      "actions": [
        {
          "type": "mcp",
          "name": "read_telemetry",
          "args": {}
        },
        {
          "type": "a2a",
          "task": "status_check",
          "to": "uav_swarm_agent",
          "payload": {
            "uav_id": "uav-01",
            "status": "standby"
          }
        }
      ],
      "obs": [
        {
          "tool": "read_telemetry",
          "result": {
            "pose": {
              "x": 10.0,
              "y": 75.0,
              "z": 30.0
            },
            "battery_pct": 100.0,
            "speed_mps": 35.0
          }
        },
        {
          "task": "status_check",
          "from": "uav_swarm_agent",
          "status": "ok",
          "payload": {
            "swarm_status": "nominal",
            "leader_uav": "uav-01"
          }
        }
      ],
      "net": {
        "slice": "URLLC",
        "lat_ms": 5,
        "jitter_ms": 1,
        "loss_pct": 0.01,
        "throughput_mbps": 50,
        "edge_load": 0.3
      }
    },
    {
      "turn": 2,
      "speaker": "user",
      "intent": "confirm_launch",
      "actions": [
        {
          "type": "mcp",
          "name": "send_command",
          "args": {
            "command": "arm_motors"
          }
        }
      ],
      "obs": [
        {
          "tool": "send_command",
          "result": {
            "status": "success",
            "command": "arm_motors",
            "timestamp": 0.5
          }
        }
      ],
      "net": {
        "slice": "URLLC",
        "lat_ms": 6,
        "jitter_ms": 1.2,
        "loss_pct": 0.02,
        "throughput_mbps": 48,
        "edge_load": 0.35
      }
    },
    {
      "turn": 3,
      "speaker": "agent",
      "intent": "ascend_to_survey_altitude",
      "actions": [
        {
          "type": "mcp",
          "name": "set_altitude",
          "args": {
            "target_z": 120.0
          }
        },
        {
          "type": "mcp",
          "name": "activate_sensor",
          "args": {
            "sensor": "lidar"
          }
        }
      ],
      "obs": [
        {
          "tool": "set_altitude",
          "result": {
            "status": "in_progress",
            "current_z": 65.0,
            "target_z": 120.0
          }
        },
        {
          "tool": "activate_sensor",
          "result": {
            "sensor": "lidar",
            "status": "online"
          }
        }
      ],
      "net": {
        "slice": "eMBB",
        "lat_ms": 25,
        "jitter_ms": 5,
        "loss_pct": 0.1,
        "throughput_mbps": 120,
        "edge_load": 0.5
      }
    },
    {
      "turn": 4,
      "speaker": "user",
      "intent": "request_weather_assessment",
      "actions": [
        {
          "type": "mcp",
          "name": "query_weather",
          "args": {}
        }
      ],
      "obs": [
        {
          "tool": "query_weather",
          "result": {
            "weather": "lightning_risk",
            "risk_level": "moderate",
            "advisory": "avoid prolonged exposure above 100m"
          }
        }
      ],
      "net": {
        "slice": "mMTC",
        "lat_ms": 100,
        "jitter_ms": 20,
        "loss_pct": 0.5,
        "throughput_mbps": 1,
        "edge_load": 0.7
      }
    },
    {
      "turn": 5,
      "speaker": "agent",
      "intent": "adjust_mission_for_weather",
      "actions": [
        {
          "type": "mcp",
          "name": "set_altitude",
          "args": {
            "target_z": 90.0
          }
        },
        {
          "type": "a2a",
          "task": "update_flight_plan",
          "to": "uav_swarm_agent",
          "payload": {
            "new_waypoints": [
              {
                "x": 100.0,
                "y": 75.0,
                "z": 90.0
              }
            ],
            "reason": "lightning_risk"
          }
        }
      ],
      "obs": [
        {
          "tool": "set_altitude",
          "result": {
            "status": "success",
            "current_z": 90.0
          }
        },
        {
          "task": "update_flight_plan",
          "from": "uav_swarm_agent",
          "status": "acknowledged",
          "payload": {
            "updated_uavs": [
              "uav-02",
              "uav-03"
            ]
          }
        }
      ],
      "net": {
        "slice": "URLLC",
        "lat_ms": 8,
        "jitter_ms": 1.5,
        "loss_pct": 0.03,
        "throughput_mbps": 55,
        "edge_load": 0.4
      }
    },
    {
      "turn": 6,
      "speaker": "user",
      "intent": "initiate_survey",
      "actions": [
        {
          "type": "mcp",
          "name": "start_survey",
          "args": {
            "area": "bridge_site",
            "resolution": "high"
          }
        }
      ],
      "obs": [
        {
          "tool": "start_survey",
          "result": {
            "status": "started",
            "area": "bridge_site",
            "estimated_duration_s": 180
          }
        }
      ],
      "net": {
        "slice": "eMBB",
        "lat_ms": 30,
        "jitter_ms": 6,
        "loss_pct": 0.2,
        "throughput_mbps": 100,
        "edge_load": 0.6
      }
    },
    {
      "turn": 7,
      "speaker": "agent",
      "intent": "detect_anomaly",
      "actions": [
        {
          "type": "mcp",
          "name": "analyze_lidar_data",
          "args": {
            "region": "north_pylon"
          }
        }
      ],
      "obs": [
        {
          "tool": "analyze_lidar_data",
          "result": {
            "anomaly_detected": true,
            "type": "structural_crack",
            "confidence": 0.94,
            "location": {
              "x": 98.2,
              "y": 82.1,
              "z": 88.5
            }
          }
        }
      ],
      "net": {
        "slice": "eMBB",
        "lat_ms": 35,
        "jitter_ms": 8,
        "loss_pct": 0.3,
        "throughput_mbps": 90,
        "edge_load": 0.65
      }
    },
    {
      "turn": 8,
      "speaker": "user",
      "intent": "request_high_res_image",
      "actions": [
        {
          "type": "mcp",
          "name": "capture_rgb_image",
          "args": {
            "target": {
              "x": 98.2,
              "y": 82.1,
              "z": 88.5
            },
            "resolution": "4k"
          }
        }
      ],
      "obs": [
        {
          "tool": "capture_rgb_image",
          "result": {
            "status": "success",
            "image_id": "IMG_98234",
            "url": "https://edge-storage.net/uav/imgs/IMG_98234.jpg",
            "size_kb": 4096
          }
        }
      ],
      "net": {
        "slice": "eMBB",
        "lat_ms": 40,
        "jitter_ms": 10,
        "loss_pct": 0.4,
        "throughput_mbps": 80,
        "edge_load": 0.75
      }
    },
    {
      "turn": 9,
      "speaker": "agent",
      "intent": "report_anomaly_and_recommendation",
      "actions": [
        {
          "type": "a2a",
          "task": "submit_inspection_report",
          "to": "inspection_coordinator",
          "payload": {
            "uav_id": "uav-01",
            "findings": [
              {
                "type": "structural_crack",
                "location": {
                  "x": 98.2,
                  "y": 82.1,
                  "z": 88.5
                },
                "severity": "high"
              }
            ],
            "recommendation": "schedule immediate repair"
          }
        }
      ],
      "obs": [
        {
          "task": "submit_inspection_report",
          "from": "inspection_coordinator",
          "status": "received",
          "payload": {
            "report_id": "RPT-2025-042",
            "ack_timestamp": 185.2
          }
        }
      ],
      "net": {
        "slice": "URLLC",
        "lat_ms": 7,
        "jitter_ms": 1.1,
        "loss_pct": 0.01,
        "throughput_mbps": 52,
        "edge_load": 0.38
      }
    },
    {
      "turn": 10,
      "speaker": "user",
      "intent": "return_to_base",
      "actions": [
        {
          "type": "mcp",
          "name": "set_waypoint",
          "args": {
            "waypoint": {
              "x": 10.0,
              "y": 75.0,
              "z": 30.0
            }
          }
        }
      ],
      "obs": [
        {
          "tool": "set_waypoint",
          "result": {
            "status": "accepted",
            "eta_s": 65,
            "path_valid": true
          }
        }
      ],
      "net": {
        "slice": "URLLC",
        "lat_ms": 6,
        "jitter_ms": 1.0,
        "loss_pct": 0.02,
        "throughput_mbps": 49,
        "edge_load": 0.32
      }
    },
    {
      "turn": 11,
      "speaker": "agent",
      "intent": "land_and_disarm",
      "actions": [
        {
          "type": "mcp",
          "name": "land",
          "args": {}
        },
        {
          "type": "mcp",
          "name": "disarm_motors",
          "args": {}
        }
      ],
      "obs": [
        {
          "tool": "land",
          "result": {
            "status": "completed",
            "final_pose": {
              "x": 10.0,
              "y": 75.0,
              "z": 0.5
            }
          }
        },
        {
          "tool": "disarm_motors",
          "result": {
            "status": "success"
          }
        }
      ],
      "net": {
        "slice": "URLLC",
        "lat_ms": 5,
        "jitter_ms": 0.9,
        "loss_pct": 0.01,
        "throughput_mbps": 51,
        "edge_load": 0.31
      }
    }
  ],
  "final_state": {
    "domain": "uav",
    "time_s": 250.0,
    "env": {
      "weather": "lightning_risk",
      "wind_mps": 7.0,
      "wind_dir_deg": 240.0
    },
    "airspace": {
      "alt_bounds": [
        10.0,
        150.0
      ],
      "geofence": [
        {
          "type": "polygon",
          "points": [
            [
              0.0,
              0.0
            ],
            [
              200.0,
              0.0
            ],
            [
              200.0,
              150.0
            ],
            [
              0.0,
              150.0
            ]
          ]
        }
      ]
    },
    "uav": {
      "pose": {
        "x": 10.0,
        "y": 75.0,
        "z": 0.5,
        "yaw": 270.0
      },
      "speed_mps": 0.0,
      "energy": {
        "battery_pct": 68.0
      },
      "sensors": {
        "rgb": "ok",
        "thermal": "offline",
        "lidar": "online",
        "radar": "offline",
        "gnss": "ok",
        "imu": "ok",
        "magnetometer": "ok",
        "barometer": "ok"
      },
      "payloads": []
    },
    "policy": {
      "alt_bounds": [
        10.0,
        150.0
      ]
    },
    "safety_flags": {
      "nfz_violation": false,
      "separation_breach": false
    }
  },
  "success": true,
  "_meta": {
    "seed": 42,
    "ts": 1763953906,
    "ts_iso": "2025-11-24T03:11:46Z",
    "gen_time_s": 64.6692795753479,
    "attempts_used": 1,
    "generation_failed": false,
    "usage": {
      "prompt_tokens": 1069,
      "completion_tokens": 3721,
      "total_tokens": 4790,
      "cost": 0.00309582,
      "is_byok": false,
      "prompt_tokens_details": {
        "cached_tokens": 1056,
        "audio_tokens": 0,
        "video_tokens": 0
      },
      "cost_details": {
        "upstream_inference_cost": null,
        "upstream_inference_prompt_cost": 0.00011902,
        "upstream_inference_completions_cost": 0.0029768
      },
      "completion_tokens_details": {
        "reasoning_tokens": 0,
        "image_tokens": 0
      }
    }
  }
}