{
  "initial_state": {
    "domain": "uav",
    "time_s": 0.0,
    "env": {
      "weather": "fog",
      "wind_mps": 8.0,
      "wind_dir_deg": 270.0
    },
    "airspace": {
      "alt_bounds": [
        10.0,
        120.0
      ],
      "geofence": [
        {
          "type": "polygon",
          "points": [
            [
              0,
              0
            ],
            [
              0,
              300
            ],
            [
              400,
              300
            ],
            [
              400,
              0
            ]
          ]
        }
      ]
    },
    "uav": {
      "pose": {
        "x": 50.0,
        "y": 50.0,
        "z": 30.0,
        "yaw": 90.0
      },
      "speed_mps": 18.0,
      "energy": {
        "battery_pct": 100.0
      },
      "sensors": {
        "rgb": "ok",
        "thermal": "offline",
        "lidar": "offline",
        "radar": "ok",
        "gnss": "ok",
        "imu": "ok",
        "magnetometer": "ok",
        "barometer": "ok"
      },
      "payloads": []
    },
    "policy": {
      "alt_bounds": [
        10.0,
        120.0
      ]
    },
    "safety_flags": {
      "nfz_violation": false,
      "separation_breach": false
    }
  },
  "dialogue": [
    {
      "turn": 1,
      "speaker": "agent",
      "intent": "initiate mission and assess conditions",
      "actions": [
        {
          "type": "mcp",
          "name": "read_telemetry",
          "args": {}
        },
        {
          "type": "mcp",
          "name": "check_sensor_status",
          "args": {}
        }
      ],
      "obs": [
        {
          "tool": "read_telemetry",
          "result": {
            "pose": {
              "x": 50.0,
              "y": 50.0,
              "z": 30.0
            },
            "speed_mps": 18.0,
            "battery_pct": 100.0
          }
        },
        {
          "tool": "check_sensor_status",
          "result": {
            "rgb": "ok",
            "thermal": "offline",
            "lidar": "offline",
            "radar": "ok"
          }
        }
      ],
      "net": {
        "slice": "eMBB",
        "lat_ms": 12,
        "jitter_ms": 3,
        "loss_pct": 0.1,
        "throughput_mbps": 120,
        "edge_load": 0.45
      }
    },
    {
      "turn": 2,
      "speaker": "user",
      "intent": "authorize mission continuation",
      "actions": [],
      "obs": [],
      "net": {
        "slice": "eMBB",
        "lat_ms": 11,
        "jitter_ms": 2,
        "loss_pct": 0.1,
        "throughput_mbps": 115,
        "edge_load": 0.47
      }
    },
    {
      "turn": 3,
      "speaker": "agent",
      "intent": "request thermal sensor restart via satellite relay",
      "actions": [
        {
          "type": "mcp",
          "name": "restart_sensor",
          "args": {
            "sensor": "thermal"
          }
        }
      ],
      "obs": [
        {
          "tool": "restart_sensor",
          "result": {
            "sensor": "thermal",
            "status": "failed",
            "reason": "no response due to fog attenuation"
          }
        }
      ],
      "net": {
        "slice": "URLLC",
        "lat_ms": 8,
        "jitter_ms": 1,
        "loss_pct": 0.5,
        "throughput_mbps": 10,
        "edge_load": 0.52
      }
    },
    {
      "turn": 4,
      "speaker": "user",
      "intent": "adjust mission to proceed with available sensors",
      "actions": [
        {
          "type": "mcp",
          "name": "update_policy",
          "args": {
            "sensor_requirements": [
              "rgb",
              "radar"
            ]
          }
        }
      ],
      "obs": [
        {
          "tool": "update_policy",
          "result": {
            "status": "applied",
            "active_sensors": [
              "rgb",
              "radar"
            ]
          }
        }
      ],
      "net": {
        "slice": "URLLC",
        "lat_ms": 7,
        "jitter_ms": 1,
        "loss_pct": 0.4,
        "throughput_mbps": 12,
        "edge_load": 0.51
      }
    },
    {
      "turn": 5,
      "speaker": "agent",
      "intent": "initiate waypoint navigation",
      "actions": [
        {
          "type": "mcp",
          "name": "set_waypoint",
          "args": {
            "x": 350.0,
            "y": 250.0,
            "z": 80.0
          }
        }
      ],
      "obs": [
        {
          "tool": "set_waypoint",
          "result": {
            "target": {
              "x": 350.0,
              "y": 250.0,
              "z": 80.0
            },
            "status": "accepted",
            "eta_s": 24.5
          }
        }
      ],
      "net": {
        "slice": "eMBB",
        "lat_ms": 15,
        "jitter_ms": 5,
        "loss_pct": 0.2,
        "throughput_mbps": 100,
        "edge_load": 0.6
      }
    },
    {
      "turn": 6,
      "speaker": "user",
      "intent": "request swarm coordination for obstacle mapping",
      "actions": [
        {
          "type": "a2a",
          "task": "request_obstacle_map",
          "to": "uav_swarm_agent",
          "payload": {
            "area": {
              "min_x": 200,
              "max_x": 400,
              "min_y": 200,
              "max_y": 300
            }
          }
        }
      ],
      "obs": [
        {
          "task": "request_obstacle_map",
          "from": "uav_swarm_agent",
          "status": "ok",
          "payload": {
            "obstacles": [
              {
                "x": 280,
                "y": 240,
                "radius": 15
              }
            ],
            "timestamp": 24.1
          }
        }
      ],
      "net": {
        "slice": "URLLC",
        "lat_ms": 6,
        "jitter_ms": 1,
        "loss_pct": 0.3,
        "throughput_mbps": 8,
        "edge_load": 0.58
      }
    },
    {
      "turn": 7,
      "speaker": "agent",
      "intent": "adjust path to avoid detected obstacle",
      "actions": [
        {
          "type": "mcp",
          "name": "replan_path",
          "args": {
            "obstacles": [
              {
                "x": 280,
                "y": 240,
                "radius": 15
              }
            ]
          }
        }
      ],
      "obs": [
        {
          "tool": "replan_path",
          "result": {
            "waypoints": [
              {
                "x": 350.0,
                "y": 250.0,
                "z": 80.0
              }
            ],
            "status": "replanned",
            "new_eta_s": 26.8
          }
        }
      ],
      "net": {
        "slice": "URLLC",
        "lat_ms": 9,
        "jitter_ms": 2,
        "loss_pct": 1.2,
        "throughput_mbps": 6,
        "edge_load": 0.75
      }
    },
    {
      "turn": 8,
      "speaker": "user",
      "intent": "verify safety and request status",
      "actions": [
        {
          "type": "mcp",
          "name": "check_safety_status",
          "args": {}
        }
      ],
      "obs": [
        {
          "tool": "check_safety_status",
          "result": {
            "nfz_violation": false,
            "separation_breach": false,
            "altitude_ok": true
          }
        }
      ],
      "net": {
        "slice": "mMTC",
        "lat_ms": 50,
        "jitter_ms": 10,
        "loss_pct": 2.5,
        "throughput_mbps": 1,
        "edge_load": 0.3
      }
    },
    {
      "turn": 9,
      "speaker": "agent",
      "intent": "capture visual data at destination",
      "actions": [
        {
          "type": "mcp",
          "name": "capture_image",
          "args": {
            "mode": "rgb",
            "target": {
              "x": 350.0,
              "y": 250.0
            }
          }
        }
      ],
      "obs": [
        {
          "tool": "capture_image",
          "result": {
            "status": "success",
            "image_id": "IMG_974213952d10_001",
            "stored": true
          }
        }
      ],
      "net": {
        "slice": "eMBB",
        "lat_ms": 14,
        "jitter_ms": 4,
        "loss_pct": 0.1,
        "throughput_mbps": 110,
        "edge_load": 0.5
      }
    },
    {
      "turn": 10,
      "speaker": "user",
      "intent": "command return to origin",
      "actions": [
        {
          "type": "mcp",
          "name": "set_waypoint",
          "args": {
            "x": 50.0,
            "y": 50.0,
            "z": 30.0
          }
        }
      ],
      "obs": [
        {
          "tool": "set_waypoint",
          "result": {
            "target": {
              "x": 50.0,
              "y": 50.0,
              "z": 30.0
            },
            "status": "accepted",
            "eta_s": 22.3
          }
        }
      ],
      "net": {
        "slice": "URLLC",
        "lat_ms": 7,
        "jitter_ms": 1,
        "loss_pct": 0.6,
        "throughput_mbps": 9,
        "edge_load": 0.62
      }
    },
    {
      "turn": 11,
      "speaker": "agent",
      "intent": "monitor return and conserve energy",
      "actions": [
        {
          "type": "mcp",
          "name": "reduce_speed",
          "args": {
            "factor": 0.8
          }
        }
      ],
      "obs": [
        {
          "tool": "reduce_speed",
          "result": {
            "previous_mps": 18.0,
            "current_mps": 14.4,
            "battery_impact": "reduced drain rate"
          }
        }
      ],
      "net": {
        "slice": "mMTC",
        "lat_ms": 60,
        "jitter_ms": 15,
        "loss_pct": 3.0,
        "throughput_mbps": 0.8,
        "edge_load": 0.85
      }
    },
    {
      "turn": 12,
      "speaker": "user",
      "intent": "confirm mission completion",
      "actions": [],
      "obs": [],
      "net": {
        "slice": "URLLC",
        "lat_ms": 8,
        "jitter_ms": 2,
        "loss_pct": 0.4,
        "throughput_mbps": 10,
        "edge_load": 0.55
      }
    }
  ],
  "final_state": {
    "domain": "uav",
    "time_s": 55.1,
    "env": {
      "weather": "fog",
      "wind_mps": 8.0,
      "wind_dir_deg": 270.0
    },
    "airspace": {
      "alt_bounds": [
        10.0,
        120.0
      ],
      "geofence": [
        {
          "type": "polygon",
          "points": [
            [
              0,
              0
            ],
            [
              0,
              300
            ],
            [
              400,
              300
            ],
            [
              400,
              0
            ]
          ]
        }
      ]
    },
    "uav": {
      "pose": {
        "x": 50.0,
        "y": 50.0,
        "z": 30.0,
        "yaw": 90.0
      },
      "speed_mps": 14.4,
      "energy": {
        "battery_pct": 88.7
      },
      "sensors": {
        "rgb": "ok",
        "thermal": "offline",
        "lidar": "offline",
        "radar": "ok",
        "gnss": "ok",
        "imu": "ok",
        "magnetometer": "ok",
        "barometer": "ok"
      },
      "payloads": []
    },
    "policy": {
      "alt_bounds": [
        10.0,
        120.0
      ]
    },
    "safety_flags": {
      "nfz_violation": false,
      "separation_breach": false
    }
  },
  "success": true,
  "_meta": {
    "seed": 42,
    "ts": 1763986840,
    "ts_iso": "2025-11-24T12:20:40Z",
    "gen_time_s": 49.20918011665344,
    "attempts_used": 2,
    "generation_failed": false,
    "usage": {
      "prompt_tokens": 1089,
      "completion_tokens": 3377,
      "total_tokens": 4466,
      "cost": 0.0028215,
      "is_byok": false,
      "prompt_tokens_details": {
        "cached_tokens": 1088,
        "audio_tokens": 0,
        "video_tokens": 0
      },
      "cost_details": {
        "upstream_inference_cost": null,
        "upstream_inference_prompt_cost": 0.0001199,
        "upstream_inference_completions_cost": 0.0027016
      },
      "completion_tokens_details": {
        "reasoning_tokens": 0,
        "image_tokens": 0
      }
    }
  }
}