{
  "initial_state": {
    "domain": "uav",
    "time_s": 0.0,
    "env": {
      "weather": "good",
      "wind_mps": 8.5,
      "wind_dir_deg": 240.0
    },
    "airspace": {
      "alt_bounds": [
        60.0,
        300.0
      ],
      "geofence": [
        {
          "type": "polygon",
          "points": [
            [
              0.0,
              0.0
            ],
            [
              800.0,
              0.0
            ],
            [
              800.0,
              600.0
            ],
            [
              0.0,
              600.0
            ]
          ]
        }
      ]
    },
    "uav": {
      "pose": {
        "x": 50.0,
        "y": 50.0,
        "z": 75.0,
        "yaw": 90.0
      },
      "speed_mps": 28.0,
      "energy": {
        "battery_pct": 100.0
      },
      "sensors": {
        "rgb": "ok",
        "thermal": "offline",
        "lidar": "offline",
        "radar": "offline",
        "gnss": "ok",
        "imu": "ok",
        "magnetometer": "ok",
        "barometer": "ok"
      },
      "payloads": []
    },
    "policy": {
      "alt_bounds": [
        60.0,
        300.0
      ]
    },
    "safety_flags": {
      "nfz_violation": false,
      "separation_breach": false
    }
  },
  "dialogue": [
    {
      "turn": 1,
      "speaker": "agent",
      "intent": "initiate_mission",
      "actions": [
        {
          "type": "mcp",
          "name": "read_telemetry",
          "args": {}
        },
        {
          "type": "a2a",
          "task": "swarm_status_check",
          "to": "uav_swarm_agent",
          "payload": {
            "uav_id": "uav_01",
            "status": "standby"
          }
        }
      ],
      "obs": [
        {
          "tool": "read_telemetry",
          "result": {
            "pose": {
              "x": 50.0,
              "y": 50.0,
              "z": 75.0
            },
            "battery_pct": 100.0,
            "speed_mps": 28.0
          }
        },
        {
          "task": "swarm_status_check",
          "from": "uav_swarm_agent",
          "status": "ok",
          "payload": {
            "swarm_online": 3,
            "leader": "uav_01"
          }
        }
      ],
      "net": {
        "slice": "eMBB",
        "lat_ms": 12,
        "jitter_ms": 2,
        "loss_pct": 0.1,
        "throughput_mbps": 850,
        "edge_load": 0.3
      }
    },
    {
      "turn": 2,
      "speaker": "user",
      "intent": "confirm_takeoff",
      "actions": [
        {
          "type": "mcp",
          "name": "set_altitude",
          "args": {
            "target_z": 150.0
          }
        }
      ],
      "obs": [
        {
          "tool": "set_altitude",
          "result": {
            "status": "acknowledged",
            "target_z": 150.0
          }
        }
      ],
      "net": {
        "slice": "eMBB",
        "lat_ms": 14,
        "jitter_ms": 3,
        "loss_pct": 0.2,
        "throughput_mbps": 800,
        "edge_load": 0.35
      }
    },
    {
      "turn": 3,
      "speaker": "agent",
      "intent": "ascend_and_verify",
      "actions": [
        {
          "type": "mcp",
          "name": "read_telemetry",
          "args": {}
        },
        {
          "type": "mcp",
          "name": "activate_sensor",
          "args": {
            "sensor": "lidar"
          }
        }
      ],
      "obs": [
        {
          "tool": "read_telemetry",
          "result": {
            "pose": {
              "x": 52.0,
              "y": 54.0,
              "z": 105.0
            },
            "battery_pct": 99.8,
            "speed_mps": 26.0
          }
        },
        {
          "tool": "activate_sensor",
          "result": {
            "sensor": "lidar",
            "status": "online"
          }
        }
      ],
      "net": {
        "slice": "URLLC",
        "lat_ms": 8,
        "jitter_ms": 1,
        "loss_pct": 0.05,
        "throughput_mbps": 120,
        "edge_load": 0.2
      }
    },
    {
      "turn": 4,
      "speaker": "user",
      "intent": "request_route_adjustment",
      "actions": [
        {
          "type": "mcp",
          "name": "set_waypoint",
          "args": {
            "x": 700.0,
            "y": 550.0,
            "z": 200.0
          }
        }
      ],
      "obs": [
        {
          "tool": "set_waypoint",
          "result": {
            "status": "accepted",
            "waypoint": {
              "x": 700.0,
              "y": 550.0,
              "z": 200.0
            }
          }
        }
      ],
      "net": {
        "slice": "URLLC",
        "lat_ms": 9,
        "jitter_ms": 1.2,
        "loss_pct": 0.1,
        "throughput_mbps": 110,
        "edge_load": 0.25
      }
    },
    {
      "turn": 5,
      "speaker": "agent",
      "intent": "detect_network_degradation",
      "actions": [
        {
          "type": "mcp",
          "name": "read_telemetry",
          "args": {}
        }
      ],
      "obs": [
        {
          "tool": "read_telemetry",
          "result": {
            "pose": {
              "x": 200.0,
              "y": 210.0,
              "z": 195.0
            },
            "battery_pct": 98.5,
            "speed_mps": 25.0
          }
        }
      ],
      "net": {
        "slice": "mMTC",
        "lat_ms": 120,
        "jitter_ms": 25,
        "loss_pct": 5.0,
        "throughput_mbps": 1.5,
        "edge_load": 0.85
      }
    },
    {
      "turn": 6,
      "speaker": "user",
      "intent": "reduce_data_load",
      "actions": [
        {
          "type": "mcp",
          "name": "deactivate_sensor",
          "args": {
            "sensor": "rgb"
          }
        },
        {
          "type": "a2a",
          "task": "fallback_navigation",
          "to": "uav_backup_agent",
          "payload": {
            "mode": "dead_reckoning",
            "duration_s": 60
          }
        }
      ],
      "obs": [
        {
          "tool": "deactivate_sensor",
          "result": {
            "sensor": "rgb",
            "status": "offline"
          }
        },
        {
          "task": "fallback_navigation",
          "from": "uav_backup_agent",
          "status": "active",
          "payload": {
            "mode": "dead_reckoning"
          }
        }
      ],
      "net": {
        "slice": "mMTC",
        "lat_ms": 110,
        "jitter_ms": 30,
        "loss_pct": 6.0,
        "throughput_mbps": 1.2,
        "edge_load": 0.9
      }
    },
    {
      "turn": 7,
      "speaker": "agent",
      "intent": "resume_normal_ops",
      "actions": [
        {
          "type": "mcp",
          "name": "read_telemetry",
          "args": {}
        },
        {
          "type": "a2a",
          "task": "collision_avoidance",
          "to": "uav_swarm_agent",
          "payload": {
            "position": {
              "x": 350.0,
              "y": 360.0,
              "z": 198.0
            },
            "velocity": 25.0
          }
        }
      ],
      "obs": [
        {
          "tool": "read_telemetry",
          "result": {
            "pose": {
              "x": 350.0,
              "y": 360.0,
              "z": 198.0
            },
            "battery_pct": 97.0,
            "speed_mps": 25.0
          }
        },
        {
          "task": "collision_avoidance",
          "from": "uav_swarm_agent",
          "status": "clear",
          "payload": {
            "obstacle_distance": 120.0,
            "recommended_action": "proceed"
          }
        }
      ],
      "net": {
        "slice": "URLLC",
        "lat_ms": 7,
        "jitter_ms": 0.8,
        "loss_pct": 0.05,
        "throughput_mbps": 130,
        "edge_load": 0.18
      }
    },
    {
      "turn": 8,
      "speaker": "user",
      "intent": "prepare_for_landing",
      "actions": [
        {
          "type": "mcp",
          "name": "set_waypoint",
          "args": {
            "x": 750.0,
            "y": 580.0,
            "z": 80.0
          }
        }
      ],
      "obs": [
        {
          "tool": "set_waypoint",
          "result": {
            "status": "accepted",
            "waypoint": {
              "x": 750.0,
              "y": 580.0,
              "z": 80.0
            }
          }
        }
      ],
      "net": {
        "slice": "URLLC",
        "lat_ms": 10,
        "jitter_ms": 1.5,
        "loss_pct": 0.1,
        "throughput_mbps": 115,
        "edge_load": 0.22
      }
    },
    {
      "turn": 9,
      "speaker": "agent",
      "intent": "final_approach",
      "actions": [
        {
          "type": "mcp",
          "name": "read_telemetry",
          "args": {}
        },
        {
          "type": "mcp",
          "name": "activate_sensor",
          "args": {
            "sensor": "thermal"
          }
        }
      ],
      "obs": [
        {
          "tool": "read_telemetry",
          "result": {
            "pose": {
              "x": 720.0,
              "y": 570.0,
              "z": 85.0
            },
            "battery_pct": 95.5,
            "speed_mps": 18.0
          }
        },
        {
          "tool": "activate_sensor",
          "result": {
            "sensor": "thermal",
            "status": "online"
          }
        }
      ],
      "net": {
        "slice": "eMBB",
        "lat_ms": 13,
        "jitter_ms": 2.5,
        "loss_pct": 0.15,
        "throughput_mbps": 780,
        "edge_load": 0.32
      }
    },
    {
      "turn": 10,
      "speaker": "user",
      "intent": "confirm_landing",
      "actions": [
        {
          "type": "mcp",
          "name": "land",
          "args": {}
        }
      ],
      "obs": [
        {
          "tool": "land",
          "result": {
            "status": "initiated",
            "target": "home_base"
          }
        }
      ],
      "net": {
        "slice": "URLLC",
        "lat_ms": 6,
        "jitter_ms": 0.5,
        "loss_pct": 0.02,
        "throughput_mbps": 140,
        "edge_load": 0.15
      }
    }
  ],
  "final_state": {
    "domain": "uav",
    "time_s": 360.0,
    "env": {
      "weather": "good",
      "wind_mps": 8.5,
      "wind_dir_deg": 240.0
    },
    "airspace": {
      "alt_bounds": [
        60.0,
        300.0
      ],
      "geofence": [
        {
          "type": "polygon",
          "points": [
            [
              0.0,
              0.0
            ],
            [
              800.0,
              0.0
            ],
            [
              800.0,
              600.0
            ],
            [
              0.0,
              600.0
            ]
          ]
        }
      ]
    },
    "uav": {
      "pose": {
        "x": 750.0,
        "y": 580.0,
        "z": 60.0,
        "yaw": 90.0
      },
      "speed_mps": 0.0,
      "energy": {
        "battery_pct": 94.0
      },
      "sensors": {
        "rgb": "offline",
        "thermal": "online",
        "lidar": "online",
        "radar": "offline",
        "gnss": "ok",
        "imu": "ok",
        "magnetometer": "ok",
        "barometer": "ok"
      },
      "payloads": []
    },
    "policy": {
      "alt_bounds": [
        60.0,
        300.0
      ]
    },
    "safety_flags": {
      "nfz_violation": false,
      "separation_breach": false
    }
  },
  "success": true,
  "_meta": {
    "seed": 42,
    "ts": 1763867389,
    "ts_iso": "2025-11-23T03:09:49Z",
    "gen_time_s": 48.20422148704529,
    "attempts_used": 1,
    "generation_failed": false,
    "usage": {
      "prompt_tokens": 1069,
      "completion_tokens": 3561,
      "total_tokens": 4630,
      "cost": 0.00301182,
      "is_byok": false,
      "prompt_tokens_details": {
        "cached_tokens": 656,
        "audio_tokens": 0,
        "video_tokens": 0
      },
      "cost_details": {
        "upstream_inference_cost": null,
        "upstream_inference_prompt_cost": 0.00016302,
        "upstream_inference_completions_cost": 0.0028488
      },
      "completion_tokens_details": {
        "reasoning_tokens": 0,
        "image_tokens": 0
      }
    }
  }
}