{
  "initial_state": {
    "domain": "uav",
    "time_s": 0.0,
    "env": {
      "weather": "icing",
      "wind_mps": 8.0,
      "wind_dir_deg": 240.0
    },
    "airspace": {
      "alt_bounds": [
        50.0,
        450.0
      ],
      "geofence": [
        {
          "type": "polygon",
          "points": [
            [
              0,
              0
            ],
            [
              2000,
              0
            ],
            [
              2000,
              1500
            ],
            [
              0,
              1500
            ]
          ]
        }
      ]
    },
    "uav": {
      "pose": {
        "x": 100.0,
        "y": 100.0,
        "z": 120.0,
        "yaw": 90.0
      },
      "speed_mps": 22.0,
      "energy": {
        "battery_pct": 100.0
      },
      "sensors": {
        "rgb": "ok",
        "thermal": "offline",
        "lidar": "ok",
        "radar": "offline",
        "gnss": "ok",
        "imu": "ok",
        "magnetometer": "ok",
        "barometer": "ok"
      },
      "payloads": []
    },
    "policy": {
      "alt_bounds": [
        50.0,
        450.0
      ]
    },
    "safety_flags": {
      "nfz_violation": false,
      "separation_breach": false
    }
  },
  "dialogue": [
    {
      "turn": 1,
      "speaker": "agent",
      "intent": "initiate mission and check telemetry",
      "actions": [
        {
          "type": "mcp",
          "name": "read_telemetry",
          "args": {}
        }
      ],
      "obs": [
        {
          "tool": "read_telemetry",
          "result": {
            "pose": {
              "x": 100.0,
              "y": 100.0,
              "z": 120.0
            },
            "battery_pct": 100.0,
            "sensors": {
              "thermal": "offline",
              "radar": "offline"
            }
          }
        }
      ],
      "net": {
        "slice": "URLLC",
        "lat_ms": 3.2,
        "jitter_ms": 0.8,
        "loss_pct": 0.1,
        "throughput_mbps": 50,
        "edge_load": 0.3
      }
    },
    {
      "turn": 2,
      "speaker": "user",
      "intent": "confirm mission start and request thermal sensor restart",
      "actions": [
        {
          "type": "mcp",
          "name": "restart_sensor",
          "args": {
            "sensor": "thermal"
          }
        }
      ],
      "obs": [
        {
          "tool": "restart_sensor",
          "result": {
            "sensor": "thermal",
            "status": "failed",
            "reason": "icing prevents thermal sensor activation"
          }
        }
      ],
      "net": {
        "slice": "URLLC",
        "lat_ms": 3.5,
        "jitter_ms": 0.9,
        "loss_pct": 0.1,
        "throughput_mbps": 48,
        "edge_load": 0.32
      }
    },
    {
      "turn": 3,
      "speaker": "agent",
      "intent": "assess risk and plan detour due to sensor failure",
      "actions": [
        {
          "type": "mcp",
          "name": "check_weather_impact",
          "args": {
            "sensor": "thermal"
          }
        }
      ],
      "obs": [
        {
          "tool": "check_weather_impact",
          "result": {
            "impact": "high",
            "reason": "icing condition disables thermal imaging"
          }
        }
      ],
      "net": {
        "slice": "eMBB",
        "lat_ms": 12.0,
        "jitter_ms": 3.0,
        "loss_pct": 0.5,
        "throughput_mbps": 120,
        "edge_load": 0.6
      }
    },
    {
      "turn": 4,
      "speaker": "user",
      "intent": "authorize detour and enable swarm coordination",
      "actions": [
        {
          "type": "a2a",
          "task": "request_route_assist",
          "to": "uav_swarm_agent",
          "payload": {
            "current_pose": {
              "x": 100.0,
              "y": 100.0,
              "z": 120.0
            },
            "goal": "delivery_zone_7"
          }
        }
      ],
      "obs": [
        {
          "task": "request_route_assist",
          "from": "uav_swarm_agent",
          "status": "ok",
          "payload": {
            "recommended_route": [
              {
                "x": 300,
                "y": 400,
                "z": 180
              },
              {
                "x": 600,
                "y": 900,
                "z": 220
              }
            ],
            "risk_score": 0.3
          }
        }
      ],
      "net": {
        "slice": "URLLC",
        "lat_ms": 4.1,
        "jitter_ms": 1.0,
        "loss_pct": 0.2,
        "throughput_mbps": 55,
        "edge_load": 0.35
      }
    },
    {
      "turn": 5,
      "speaker": "agent",
      "intent": "execute detour and monitor telemetry",
      "actions": [
        {
          "type": "mcp",
          "name": "set_waypoint",
          "args": {
            "x": 300,
            "y": 400,
            "z": 180
          }
        }
      ],
      "obs": [
        {
          "tool": "set_waypoint",
          "result": {
            "status": "accepted",
            "eta_s": 38.5
          }
        }
      ],
      "net": {
        "slice": "URLLC",
        "lat_ms": 3.8,
        "jitter_ms": 0.7,
        "loss_pct": 0.1,
        "throughput_mbps": 52,
        "edge_load": 0.33
      }
    },
    {
      "turn": 6,
      "speaker": "user",
      "intent": "check battery and environmental risk",
      "actions": [
        {
          "type": "mcp",
          "name": "read_telemetry",
          "args": {}
        }
      ],
      "obs": [
        {
          "tool": "read_telemetry",
          "result": {
            "battery_pct": 94.2,
            "wind_mps": 9.1,
            "icing": "increasing"
          }
        }
      ],
      "net": {
        "slice": "mMTC",
        "lat_ms": 25.0,
        "jitter_ms": 10.0,
        "loss_pct": 2.0,
        "throughput_mbps": 1.5,
        "edge_load": 0.8
      }
    },
    {
      "turn": 7,
      "speaker": "agent",
      "intent": "adapt to degraded network and conserve energy",
      "actions": [
        {
          "type": "mcp",
          "name": "reduce_speed",
          "args": {
            "factor": 0.7
          }
        }
      ],
      "obs": [
        {
          "tool": "reduce_speed",
          "result": {
            "old_speed": 22.0,
            "new_speed": 15.4,
            "reason": "conserve battery under icing and poor comms"
          }
        }
      ],
      "net": {
        "slice": "mMTC",
        "lat_ms": 28.0,
        "jitter_ms": 12.0,
        "loss_pct": 3.5,
        "throughput_mbps": 1.0,
        "edge_load": 0.85
      }
    },
    {
      "turn": 8,
      "speaker": "user",
      "intent": "request status update and confirm next waypoint",
      "actions": [
        {
          "type": "mcp",
          "name": "get_flight_status",
          "args": {}
        }
      ],
      "obs": [
        {
          "tool": "get_flight_status",
          "result": {
            "status": "en_route",
            "next_waypoint": {
              "x": 300,
              "y": 400,
              "z": 180
            },
            "battery_pct": 92.1,
            "distance_to_next": 312.5
          }
        }
      ],
      "net": {
        "slice": "URLLC",
        "lat_ms": 4.5,
        "jitter_ms": 1.2,
        "loss_pct": 0.3,
        "throughput_mbps": 49,
        "edge_load": 0.38
      }
    },
    {
      "turn": 9,
      "speaker": "agent",
      "intent": "proceed to second waypoint with caution",
      "actions": [
        {
          "type": "mcp",
          "name": "set_waypoint",
          "args": {
            "x": 600,
            "y": 900,
            "z": 220
          }
        }
      ],
      "obs": [
        {
          "tool": "set_waypoint",
          "result": {
            "status": "accepted",
            "eta_s": 62.3
          }
        }
      ],
      "net": {
        "slice": "URLLC",
        "lat_ms": 3.9,
        "jitter_ms": 0.8,
        "loss_pct": 0.1,
        "throughput_mbps": 51,
        "edge_load": 0.34
      }
    },
    {
      "turn": 10,
      "speaker": "user",
      "intent": "verify geofence compliance and safety",
      "actions": [
        {
          "type": "mcp",
          "name": "check_geofence",
          "args": {}
        }
      ],
      "obs": [
        {
          "tool": "check_geofence",
          "result": {
            "status": "compliant",
            "distance_to_boundary": 450.2
          }
        }
      ],
      "net": {
        "slice": "URLLC",
        "lat_ms": 4.0,
        "jitter_ms": 0.9,
        "loss_pct": 0.2,
        "throughput_mbps": 50,
        "edge_load": 0.36
      }
    },
    {
      "turn": 11,
      "speaker": "agent",
      "intent": "prepare for delivery and final check",
      "actions": [
        {
          "type": "mcp",
          "name": "activate_rgb_camera",
          "args": {}
        }
      ],
      "obs": [
        {
          "tool": "activate_rgb_camera",
          "result": {
            "status": "active",
            "stream_started": true
          }
        }
      ],
      "net": {
        "slice": "eMBB",
        "lat_ms": 15.0,
        "jitter_ms": 4.0,
        "loss_pct": 0.8,
        "throughput_mbps": 110,
        "edge_load": 0.7
      }
    }
  ],
  "final_state": {
    "domain": "uav",
    "time_s": 120.0,
    "env": {
      "weather": "icing",
      "wind_mps": 8.5,
      "wind_dir_deg": 245.0
    },
    "airspace": {
      "alt_bounds": [
        50.0,
        450.0
      ],
      "geofence": [
        {
          "type": "polygon",
          "points": [
            [
              0,
              0
            ],
            [
              2000,
              0
            ],
            [
              2000,
              1500
            ],
            [
              0,
              1500
            ]
          ]
        }
      ]
    },
    "uav": {
      "pose": {
        "x": 600.0,
        "y": 900.0,
        "z": 220.0,
        "yaw": 110.0
      },
      "speed_mps": 15.4,
      "energy": {
        "battery_pct": 86.7
      },
      "sensors": {
        "rgb": "ok",
        "thermal": "offline",
        "lidar": "ok",
        "radar": "offline",
        "gnss": "ok",
        "imu": "ok",
        "magnetometer": "ok",
        "barometer": "ok"
      },
      "payloads": []
    },
    "policy": {
      "alt_bounds": [
        50.0,
        450.0
      ]
    },
    "safety_flags": {
      "nfz_violation": false,
      "separation_breach": false
    }
  },
  "success": true,
  "_meta": {
    "seed": 42,
    "ts": 1763788634,
    "ts_iso": "2025-11-22T05:17:14Z",
    "gen_time_s": 158.3011016845703,
    "attempts_used": 1,
    "generation_failed": false,
    "usage": {
      "prompt_tokens": 1048,
      "completion_tokens": 3202,
      "total_tokens": 4250,
      "cost": 0.00195148,
      "is_byok": false,
      "prompt_tokens_details": {
        "cached_tokens": 0,
        "audio_tokens": 0,
        "video_tokens": 0
      },
      "cost_details": {
        "upstream_inference_cost": null,
        "upstream_inference_prompt_cost": 9.432e-05,
        "upstream_inference_completions_cost": 0.00185716
      },
      "completion_tokens_details": {
        "reasoning_tokens": 0,
        "image_tokens": 0
      }
    }
  }
}