{
  "initial_state": {
    "domain": "uav",
    "time_s": 0.0,
    "env": {
      "weather": "microburst_risk",
      "wind_mps": 8.5,
      "wind_dir_deg": 240.0
    },
    "airspace": {
      "alt_bounds": [
        5.0,
        120.0
      ],
      "geofence": [
        {
          "type": "polygon",
          "points": [
            [
              0,
              0
            ],
            [
              500,
              0
            ],
            [
              500,
              400
            ],
            [
              0,
              400
            ]
          ]
        }
      ]
    },
    "uav": {
      "pose": {
        "x": 50.0,
        "y": 50.0,
        "z": 10.0,
        "yaw": 120.0
      },
      "speed_mps": 18.0,
      "energy": {
        "battery_pct": 100.0
      },
      "sensors": {
        "rgb": "ok",
        "thermal": "offline",
        "lidar": "offline",
        "radar": "offline",
        "gnss": "ok",
        "imu": "ok",
        "magnetometer": "ok",
        "barometer": "ok"
      },
      "payloads": []
    },
    "policy": {
      "alt_bounds": [
        5.0,
        120.0
      ]
    },
    "safety_flags": {
      "nfz_violation": false,
      "separation_breach": false
    }
  },
  "dialogue": [
    {
      "turn": 1,
      "speaker": "agent",
      "intent": "initiate mission and assess current state",
      "actions": [
        {
          "type": "mcp",
          "name": "read_telemetry",
          "args": {}
        },
        {
          "type": "mcp",
          "name": "check_sensor_status",
          "args": {}
        }
      ],
      "obs": [
        {
          "tool": "read_telemetry",
          "result": {
            "pose": {
              "x": 50.0,
              "y": 50.0,
              "z": 10.0
            },
            "speed_mps": 18.0,
            "battery_pct": 100.0
          }
        },
        {
          "tool": "check_sensor_status",
          "result": {
            "rgb": "ok",
            "thermal": "offline",
            "lidar": "offline",
            "radar": "offline"
          }
        }
      ],
      "net": {
        "slice": "eMBB",
        "lat_ms": 12,
        "jitter_ms": 2,
        "loss_pct": 0.1,
        "throughput_mbps": 850,
        "edge_load": 0.35
      }
    },
    {
      "turn": 2,
      "speaker": "user",
      "intent": "request sensor recovery and mission plan",
      "actions": [
        {
          "type": "mcp",
          "name": "restart_sensor",
          "args": {
            "sensor": "thermal"
          }
        }
      ],
      "obs": [
        {
          "tool": "restart_sensor",
          "result": {
            "sensor": "thermal",
            "status": "restarted",
            "diagnostic": "calibration_sequence_initiated"
          }
        }
      ],
      "net": {
        "slice": "eMBB",
        "lat_ms": 11,
        "jitter_ms": 1.8,
        "loss_pct": 0.05,
        "throughput_mbps": 900,
        "edge_load": 0.38
      }
    },
    {
      "turn": 3,
      "speaker": "agent",
      "intent": "coordinate swarm positioning",
      "actions": [
        {
          "type": "a2a",
          "task": "request_position",
          "to": "uav_swarm_agent",
          "payload": {
            "uav_id": "uav_01",
            "priority": "high"
          }
        }
      ],
      "obs": [
        {
          "task": "request_position",
          "from": "uav_swarm_agent",
          "status": "ok",
          "payload": {
            "uav_id": "uav_02",
            "pose": {
              "x": 120.0,
              "y": 60.0,
              "z": 15.0
            }
          }
        }
      ],
      "net": {
        "slice": "URLLC",
        "lat_ms": 5,
        "jitter_ms": 0.5,
        "loss_pct": 0.01,
        "throughput_mbps": 120,
        "edge_load": 0.2
      }
    },
    {
      "turn": 4,
      "speaker": "user",
      "intent": "authorize ascent and thermal calibration",
      "actions": [
        {
          "type": "mcp",
          "name": "set_altitude",
          "args": {
            "target_z": 25.0
          }
        },
        {
          "type": "mcp",
          "name": "run_diagnostic",
          "args": {
            "target": "thermal",
            "mode": "calibrate"
          }
        }
      ],
      "obs": [
        {
          "tool": "set_altitude",
          "result": {
            "status": "executing",
            "target": 25.0,
            "current_z": 18.3
          }
        },
        {
          "tool": "run_diagnostic",
          "result": {
            "target": "thermal",
            "status": "completed",
            "outcome": "online"
          }
        }
      ],
      "net": {
        "slice": "eMBB",
        "lat_ms": 14,
        "jitter_ms": 3,
        "loss_pct": 0.2,
        "throughput_mbps": 800,
        "edge_load": 0.42
      }
    },
    {
      "turn": 5,
      "speaker": "agent",
      "intent": "detect network degradation and adapt",
      "actions": [
        {
          "type": "mcp",
          "name": "assess_network",
          "args": {}
        }
      ],
      "obs": [
        {
          "tool": "assess_network",
          "result": {
            "current_slice": "eMBB",
            "risk": "high_interference",
            "recommendation": "switch_to_URLLC_for_control"
          }
        }
      ],
      "net": {
        "slice": "eMBB",
        "lat_ms": 45,
        "jitter_ms": 12,
        "loss_pct": 2.1,
        "throughput_mbps": 300,
        "edge_load": 0.78
      }
    },
    {
      "turn": 6,
      "speaker": "user",
      "intent": "switch to reliable slice and verify position",
      "actions": [
        {
          "type": "mcp",
          "name": "switch_network_slice",
          "args": {
            "target": "URLLC"
          }
        },
        {
          "type": "mcp",
          "name": "read_telemetry",
          "args": {}
        }
      ],
      "obs": [
        {
          "tool": "switch_network_slice",
          "result": {
            "status": "success",
            "new_slice": "URLLC"
          }
        },
        {
          "tool": "read_telemetry",
          "result": {
            "pose": {
              "x": 52.1,
              "y": 58.3,
              "z": 24.8
            },
            "battery_pct": 98.7,
            "speed_mps": 16.2
          }
        }
      ],
      "net": {
        "slice": "URLLC",
        "lat_ms": 6,
        "jitter_ms": 0.7,
        "loss_pct": 0.02,
        "throughput_mbps": 150,
        "edge_load": 0.31
      }
    },
    {
      "turn": 7,
      "speaker": "agent",
      "intent": "initiate inspection task with swarm",
      "actions": [
        {
          "type": "a2a",
          "task": "begin_formation_scan",
          "to": "uav_swarm_agent",
          "payload": {
            "target_area": {
              "center": [
                300,
                200
              ],
              "radius": 30
            },
            "mode": "thermal"
          }
        }
      ],
      "obs": [
        {
          "task": "begin_formation_scan",
          "from": "uav_swarm_agent",
          "status": "acknowledged",
          "payload": {
            "assigned_uavs": [
              "uav_01",
              "uav_02",
              "uav_03"
            ],
            "expected_duration_s": 90
          }
        }
      ],
      "net": {
        "slice": "URLLC",
        "lat_ms": 5,
        "jitter_ms": 0.4,
        "loss_pct": 0.01,
        "throughput_mbps": 140,
        "edge_load": 0.28
      }
    },
    {
      "turn": 8,
      "speaker": "user",
      "intent": "monitor progress and prepare for microburst",
      "actions": [
        {
          "type": "mcp",
          "name": "activate_weather_monitor",
          "args": {
            "duration": 60
          }
        }
      ],
      "obs": [
        {
          "tool": "activate_weather_monitor",
          "result": {
            "status": "active",
            "next_update_ms": 3000,
            "alert_threshold": "microburst_imminent"
          }
        }
      ],
      "net": {
        "slice": "mMTC",
        "lat_ms": 8,
        "jitter_ms": 1.2,
        "loss_pct": 0.05,
        "throughput_mbps": 1.2,
        "edge_load": 0.18
      }
    },
    {
      "turn": 9,
      "speaker": "agent",
      "intent": "detect microburst warning and initiate safety protocol",
      "actions": [
        {
          "type": "mcp",
          "name": "trigger_safety_protocol",
          "args": {
            "protocol": "microburst_evasion",
            "target_alt": 40.0
          }
        }
      ],
      "obs": [
        {
          "tool": "trigger_safety_protocol",
          "result": {
            "status": "executing",
            "action": "climb_and_hover",
            "target_alt": 40.0
          }
        }
      ],
      "net": {
        "slice": "URLLC",
        "lat_ms": 4,
        "jitter_ms": 0.3,
        "loss_pct": 0.0,
        "throughput_mbps": 160,
        "edge_load": 0.22
      }
    },
    {
      "turn": 10,
      "speaker": "user",
      "intent": "confirm evasion and resume mission",
      "actions": [
        {
          "type": "mcp",
          "name": "read_telemetry",
          "args": {}
        },
        {
          "type": "mcp",
          "name": "resume_mission",
          "args": {}
        }
      ],
      "obs": [
        {
          "tool": "read_telemetry",
          "result": {
            "pose": {
              "x": 52.3,
              "y": 58.7,
              "z": 39.9
            },
            "battery_pct": 96.4,
            "speed_mps": 0.5
          }
        },
        {
          "tool": "resume_mission",
          "result": {
            "status": "resumed",
            "next_waypoint": [
              300,
              200,
              30
            ]
          }
        }
      ],
      "net": {
        "slice": "URLLC",
        "lat_ms": 5,
        "jitter_ms": 0.6,
        "loss_pct": 0.01,
        "throughput_mbps": 155,
        "edge_load": 0.25
      }
    }
  ],
  "final_state": {
    "domain": "uav",
    "time_s": 120.0,
    "env": {
      "weather": "microburst_risk",
      "wind_mps": 11.2,
      "wind_dir_deg": 250.0
    },
    "airspace": {
      "alt_bounds": [
        5.0,
        120.0
      ],
      "geofence": [
        {
          "type": "polygon",
          "points": [
            [
              0,
              0
            ],
            [
              500,
              0
            ],
            [
              500,
              400
            ],
            [
              0,
              400
            ]
          ]
        }
      ]
    },
    "uav": {
      "pose": {
        "x": 180.5,
        "y": 140.2,
        "z": 30.0,
        "yaw": 85.0
      },
      "speed_mps": 17.8,
      "energy": {
        "battery_pct": 94.1
      },
      "sensors": {
        "rgb": "ok",
        "thermal": "ok",
        "lidar": "offline",
        "radar": "offline",
        "gnss": "ok",
        "imu": "ok",
        "magnetometer": "ok",
        "barometer": "ok"
      },
      "payloads": []
    },
    "policy": {
      "alt_bounds": [
        5.0,
        120.0
      ]
    },
    "safety_flags": {
      "nfz_violation": false,
      "separation_breach": false
    }
  },
  "success": true,
  "_meta": {
    "seed": 42,
    "ts": 1763900121,
    "ts_iso": "2025-11-23T12:15:21Z",
    "gen_time_s": 43.412341833114624,
    "attempts_used": 1,
    "generation_failed": false,
    "usage": {
      "prompt_tokens": 1044,
      "completion_tokens": 3338,
      "total_tokens": 4382,
      "cost": 0.0028332,
      "is_byok": false,
      "prompt_tokens_details": {
        "cached_tokens": 608,
        "audio_tokens": 0,
        "video_tokens": 0
      },
      "cost_details": {
        "upstream_inference_cost": null,
        "upstream_inference_prompt_cost": 0.0001628,
        "upstream_inference_completions_cost": 0.0026704
      },
      "completion_tokens_details": {
        "reasoning_tokens": 0,
        "image_tokens": 0
      }
    }
  }
}