{
  "initial_state": {
    "domain": "uav",
    "time_s": 0.0,
    "env": {
      "weather": "icing",
      "wind_mps": 3.0,
      "wind_dir_deg": 90.0
    },
    "airspace": {
      "alt_bounds": [
        1.0,
        15.0
      ],
      "geofence": [
        {
          "type": "polygon",
          "points": [
            [
              0.0,
              0.0
            ],
            [
              50.0,
              0.0
            ],
            [
              50.0,
              30.0
            ],
            [
              0.0,
              30.0
            ]
          ]
        }
      ]
    },
    "uav": {
      "pose": {
        "x": 5.0,
        "y": 5.0,
        "z": 5.0,
        "yaw": 90.0
      },
      "speed_mps": 25.0,
      "energy": {
        "battery_pct": 100.0
      },
      "sensors": {
        "rgb": "ok",
        "thermal": "ok",
        "lidar": "offline",
        "radar": "offline",
        "gnss": "ok",
        "imu": "ok",
        "magnetometer": "ok",
        "barometer": "ok"
      },
      "payloads": []
    },
    "policy": {
      "alt_bounds": [
        1.0,
        15.0
      ]
    },
    "safety_flags": {
      "nfz_violation": false,
      "separation_breach": false
    }
  },
  "dialogue": [
    {
      "turn": 1,
      "speaker": "agent",
      "intent": "initiate_survey_mission",
      "actions": [
        {
          "type": "mcp",
          "name": "read_telemetry",
          "args": {}
        },
        {
          "type": "a2a",
          "task": "request_weather_update",
          "to": "met_agent",
          "payload": {
            "location": [
              5.0,
              5.0
            ]
          }
        }
      ],
      "obs": [
        {
          "tool": "read_telemetry",
          "result": {
            "pose": {
              "x": 5.0,
              "y": 5.0,
              "z": 5.0
            },
            "battery_pct": 100.0,
            "speed_mps": 25.0
          }
        },
        {
          "task": "request_weather_update",
          "from": "met_agent",
          "status": "ok",
          "payload": {
            "weather": "icing",
            "risk_level": "high"
          }
        }
      ],
      "net": {
        "slice": "URLLC",
        "lat_ms": 3.2,
        "jitter_ms": 0.8,
        "loss_pct": 0.1,
        "throughput_mbps": 50,
        "edge_load": 0.35
      }
    },
    {
      "turn": 2,
      "speaker": "user",
      "intent": "approve_altitude_adjustment",
      "actions": [
        {
          "type": "mcp",
          "name": "set_param",
          "args": {
            "param": "target_alt",
            "value": 12.0
          }
        }
      ],
      "obs": [
        {
          "tool": "set_param",
          "result": {
            "param": "target_alt",
            "value": 12.0,
            "status": "updated"
          }
        }
      ],
      "net": {
        "slice": "URLLC",
        "lat_ms": 3.0,
        "jitter_ms": 0.7,
        "loss_pct": 0.05,
        "throughput_mbps": 55,
        "edge_load": 0.38
      }
    },
    {
      "turn": 3,
      "speaker": "agent",
      "intent": "ascend_to_survey_altitude",
      "actions": [
        {
          "type": "mcp",
          "name": "move_to",
          "args": {
            "target": {
              "x": 5.0,
              "y": 5.0,
              "z": 12.0
            },
            "speed": 10.0
          }
        }
      ],
      "obs": [
        {
          "tool": "move_to",
          "result": {
            "status": "in_progress",
            "eta_s": 0.7
          }
        }
      ],
      "net": {
        "slice": "eMBB",
        "lat_ms": 12.5,
        "jitter_ms": 3.0,
        "loss_pct": 0.3,
        "throughput_mbps": 120,
        "edge_load": 0.65
      }
    },
    {
      "turn": 4,
      "speaker": "user",
      "intent": "request_sensor_diagnostic",
      "actions": [
        {
          "type": "mcp",
          "name": "run_diagnostic",
          "args": {
            "sensor": "lidar"
          }
        }
      ],
      "obs": [
        {
          "tool": "run_diagnostic",
          "result": {
            "sensor": "lidar",
            "status": "failed",
            "reason": "icing_on_lens"
          }
        }
      ],
      "net": {
        "slice": "eMBB",
        "lat_ms": 14.0,
        "jitter_ms": 4.2,
        "loss_pct": 0.5,
        "throughput_mbps": 110,
        "edge_load": 0.72
      }
    },
    {
      "turn": 5,
      "speaker": "agent",
      "intent": "compensate_sensor_failure",
      "actions": [
        {
          "type": "a2a",
          "task": "activate_thermal_fusion",
          "to": "vision_agent",
          "payload": {
            "fallback_sensors": [
              "thermal",
              "rgb"
            ]
          }
        }
      ],
      "obs": [
        {
          "task": "activate_thermal_fusion",
          "from": "vision_agent",
          "status": "active",
          "payload": {
            "method": "thermal_rgb_blend",
            "confidence": 0.82
          }
        }
      ],
      "net": {
        "slice": "URLLC",
        "lat_ms": 4.1,
        "jitter_ms": 1.0,
        "loss_pct": 0.2,
        "throughput_mbps": 45,
        "edge_load": 0.41
      }
    },
    {
      "turn": 6,
      "speaker": "user",
      "intent": "redirect_to_waypoint",
      "actions": [
        {
          "type": "mcp",
          "name": "set_waypoint",
          "args": {
            "wp": {
              "x": 40.0,
              "y": 25.0,
              "z": 12.0
            }
          }
        }
      ],
      "obs": [
        {
          "tool": "set_waypoint",
          "result": {
            "wp_id": 1,
            "status": "queued"
          }
        }
      ],
      "net": {
        "slice": "mMTC",
        "lat_ms": 25.0,
        "jitter_ms": 10.0,
        "loss_pct": 1.8,
        "throughput_mbps": 1.2,
        "edge_load": 0.88
      }
    },
    {
      "turn": 7,
      "speaker": "agent",
      "intent": "proceed_with_caution_due_to_network",
      "actions": [
        {
          "type": "mcp",
          "name": "move_to",
          "args": {
            "target": {
              "x": 40.0,
              "y": 25.0,
              "z": 12.0
            },
            "speed": 15.0
          }
        },
        {
          "type": "a2a",
          "task": "request_swarm_separation_check",
          "to": "uav_swarm_agent",
          "payload": {
            "current_pose": {
              "x": 5.0,
              "y": 5.0,
              "z": 12.0
            }
          }
        }
      ],
      "obs": [
        {
          "tool": "move_to",
          "result": {
            "status": "in_progress",
            "eta_s": 2.8
          }
        },
        {
          "task": "request_swarm_separation_check",
          "from": "uav_swarm_agent",
          "status": "ok",
          "payload": {
            "min_distance": 18.5,
            "status": "safe"
          }
        }
      ],
      "net": {
        "slice": "URLLC",
        "lat_ms": 5.0,
        "jitter_ms": 1.2,
        "loss_pct": 0.4,
        "throughput_mbps": 40,
        "edge_load": 0.52
      }
    },
    {
      "turn": 8,
      "speaker": "user",
      "intent": "monitor_battery_and_adjust_speed",
      "actions": [
        {
          "type": "mcp",
          "name": "read_telemetry",
          "args": {}
        }
      ],
      "obs": [
        {
          "tool": "read_telemetry",
          "result": {
            "pose": {
              "x": 22.5,
              "y": 15.0,
              "z": 12.0
            },
            "battery_pct": 88.3,
            "speed_mps": 15.0
          }
        }
      ],
      "net": {
        "slice": "mMTC",
        "lat_ms": 30.0,
        "jitter_ms": 12.0,
        "loss_pct": 2.5,
        "throughput_mbps": 0.8,
        "edge_load": 0.95
      }
    },
    {
      "turn": 9,
      "speaker": "agent",
      "intent": "reduce_data_rate_to_conserve_link",
      "actions": [
        {
          "type": "mcp",
          "name": "set_stream_quality",
          "args": {
            "stream": "video",
            "quality": "low"
          }
        }
      ],
      "obs": [
        {
          "tool": "set_stream_quality",
          "result": {
            "stream": "video",
            "quality": "low",
            "bitrate_kbps": 512
          }
        }
      ],
      "net": {
        "slice": "URLLC",
        "lat_ms": 4.8,
        "jitter_ms": 1.1,
        "loss_pct": 0.3,
        "throughput_mbps": 42,
        "edge_load": 0.48
      }
    },
    {
      "turn": 10,
      "speaker": "user",
      "intent": "confirm_arrival_and_survey",
      "actions": [
        {
          "type": "mcp",
          "name": "capture_image",
          "args": {
            "mode": "thermal",
            "tag": "wp1_survey"
          }
        }
      ],
      "obs": [
        {
          "tool": "capture_image",
          "result": {
            "status": "success",
            "image_id": "img_001_thermal",
            "size_kb": 480
          }
        }
      ],
      "net": {
        "slice": "URLLC",
        "lat_ms": 3.9,
        "jitter_ms": 0.9,
        "loss_pct": 0.1,
        "throughput_mbps": 48,
        "edge_load": 0.4
      }
    },
    {
      "turn": 11,
      "speaker": "agent",
      "intent": "report_completion_and_return",
      "actions": [
        {
          "type": "mcp",
          "name": "move_to",
          "args": {
            "target": {
              "x": 5.0,
              "y": 5.0,
              "z": 5.0
            },
            "speed": 20.0
          }
        }
      ],
      "obs": [
        {
          "tool": "move_to",
          "result": {
            "status": "completed",
            "duration_s": 3.1
          }
        }
      ],
      "net": {
        "slice": "URLLC",
        "lat_ms": 3.5,
        "jitter_ms": 0.8,
        "loss_pct": 0.05,
        "throughput_mbps": 52,
        "edge_load": 0.36
      }
    }
  ],
  "final_state": {
    "domain": "uav",
    "time_s": 15.7,
    "env": {
      "weather": "icing",
      "wind_mps": 3.0,
      "wind_dir_deg": 90.0
    },
    "airspace": {
      "alt_bounds": [
        1.0,
        15.0
      ],
      "geofence": [
        {
          "type": "polygon",
          "points": [
            [
              0.0,
              0.0
            ],
            [
              50.0,
              0.0
            ],
            [
              50.0,
              30.0
            ],
            [
              0.0,
              30.0
            ]
          ]
        }
      ]
    },
    "uav": {
      "pose": {
        "x": 5.0,
        "y": 5.0,
        "z": 5.0,
        "yaw": 90.0
      },
      "speed_mps": 0.0,
      "energy": {
        "battery_pct": 76.5
      },
      "sensors": {
        "rgb": "ok",
        "thermal": "ok",
        "lidar": "offline",
        "radar": "offline",
        "gnss": "ok",
        "imu": "ok",
        "magnetometer": "ok",
        "barometer": "ok"
      },
      "payloads": [
        {
          "type": "image",
          "id": "img_001_thermal",
          "tag": "wp1_survey"
        }
      ]
    },
    "policy": {
      "alt_bounds": [
        1.0,
        15.0
      ]
    },
    "safety_flags": {
      "nfz_violation": false,
      "separation_breach": false
    }
  },
  "success": true,
  "_meta": {
    "seed": 42,
    "ts": 1763971279,
    "ts_iso": "2025-11-24T08:01:19Z",
    "gen_time_s": 97.93561124801636,
    "attempts_used": 2,
    "generation_failed": false,
    "usage": {
      "prompt_tokens": 1086,
      "completion_tokens": 3463,
      "total_tokens": 4549,
      "cost": 0.00294244,
      "is_byok": false,
      "prompt_tokens_details": {
        "cached_tokens": 608,
        "audio_tokens": 0,
        "video_tokens": 0
      },
      "cost_details": {
        "upstream_inference_cost": null,
        "upstream_inference_prompt_cost": 0.00017204,
        "upstream_inference_completions_cost": 0.0027704
      },
      "completion_tokens_details": {
        "reasoning_tokens": 0,
        "image_tokens": 0
      }
    }
  }
}