{
  "initial_state": {
    "domain": "uav",
    "time_s": 0.0,
    "env": {
      "weather": "snow",
      "wind_mps": 8.5,
      "wind_dir_deg": 240.0
    },
    "airspace": {
      "alt_bounds": [
        1000.0,
        3500.0
      ],
      "geofence": [
        {
          "type": "polygon",
          "points": [
            [
              0,
              0
            ],
            [
              1000,
              0
            ],
            [
              1000,
              1200
            ],
            [
              0,
              1200
            ]
          ]
        }
      ]
    },
    "uav": {
      "pose": {
        "x": 200.0,
        "y": 200.0,
        "z": 1800.0,
        "yaw": 90.0
      },
      "speed_mps": 28.0,
      "energy": {
        "battery_pct": 100.0
      },
      "sensors": {
        "rgb": "ok",
        "thermal": "ok",
        "lidar": "offline",
        "radar": "ok",
        "gnss": "ok",
        "imu": "ok",
        "magnetometer": "ok",
        "barometer": "ok"
      },
      "payloads": []
    },
    "policy": {
      "alt_bounds": [
        1000.0,
        3500.0
      ]
    },
    "safety_flags": {
      "nfz_violation": false,
      "separation_breach": false
    }
  },
  "dialogue": [
    {
      "turn": 1,
      "speaker": "agent",
      "intent": "initiate_survey_mission",
      "actions": [
        {
          "type": "mcp",
          "name": "read_telemetry",
          "args": {}
        },
        {
          "type": "a2a",
          "task": "request_weather_update",
          "to": "weather_agent",
          "payload": {
            "location": {
              "x": 200.0,
              "y": 200.0
            }
          }
        }
      ],
      "obs": [
        {
          "tool": "read_telemetry",
          "result": {
            "pose": {
              "x": 200.0,
              "y": 200.0,
              "z": 1800.0
            },
            "battery_pct": 100.0,
            "speed_mps": 28.0
          }
        },
        {
          "task": "request_weather_update",
          "from": "weather_agent",
          "status": "ok",
          "payload": {
            "precipitation": "snow",
            "visibility_m": 800
          }
        }
      ],
      "net": {
        "slice": "eMBB",
        "lat_ms": 12,
        "jitter_ms": 2,
        "loss_pct": 0.1,
        "throughput_mbps": 950,
        "edge_load": 0.35
      }
    },
    {
      "turn": 2,
      "speaker": "user",
      "intent": "confirm_survey_and_monitor_battery",
      "actions": [
        {
          "type": "mcp",
          "name": "set_monitoring_policy",
          "args": {
            "metric": "battery",
            "threshold_pct": 20.0
          }
        }
      ],
      "obs": [
        {
          "tool": "set_monitoring_policy",
          "result": {
            "metric": "battery",
            "threshold_pct": 20.0,
            "status": "active"
          }
        }
      ],
      "net": {
        "slice": "eMBB",
        "lat_ms": 11,
        "jitter_ms": 1.8,
        "loss_pct": 0.05,
        "throughput_mbps": 980,
        "edge_load": 0.38
      }
    },
    {
      "turn": 3,
      "speaker": "agent",
      "intent": "adjust_route_for_weather",
      "actions": [
        {
          "type": "mcp",
          "name": "plan_route",
          "args": {
            "origin": {
              "x": 200.0,
              "y": 200.0
            },
            "destination": {
              "x": 800.0,
              "y": 1000.0
            },
            "avoid_weather": true
          }
        }
      ],
      "obs": [
        {
          "tool": "plan_route",
          "result": {
            "waypoints": [
              {
                "x": 300.0,
                "y": 400.0,
                "z": 1900.0
              },
              {
                "x": 600.0,
                "y": 800.0,
                "z": 2100.0
              },
              {
                "x": 800.0,
                "y": 1000.0,
                "z": 2300.0
              }
            ],
            "estimated_time_s": 145.0
          }
        }
      ],
      "net": {
        "slice": "URLLC",
        "lat_ms": 8,
        "jitter_ms": 0.9,
        "loss_pct": 0.02,
        "throughput_mbps": 120,
        "edge_load": 0.42
      }
    },
    {
      "turn": 4,
      "speaker": "user",
      "intent": "approve_route_and_enable_thermal_imaging",
      "actions": [
        {
          "type": "mcp",
          "name": "activate_sensor",
          "args": {
            "sensor": "thermal"
          }
        }
      ],
      "obs": [
        {
          "tool": "activate_sensor",
          "result": {
            "sensor": "thermal",
            "status": "active"
          }
        }
      ],
      "net": {
        "slice": "eMBB",
        "lat_ms": 14,
        "jitter_ms": 2.5,
        "loss_pct": 0.2,
        "throughput_mbps": 900,
        "edge_load": 0.51
      }
    },
    {
      "turn": 5,
      "speaker": "agent",
      "intent": "detect_anomaly_thermal",
      "actions": [
        {
          "type": "mcp",
          "name": "capture_image",
          "args": {
            "sensor": "thermal",
            "mode": "high_res"
          }
        }
      ],
      "obs": [
        {
          "tool": "capture_image",
          "result": {
            "sensor": "thermal",
            "status": "success",
            "anomalies_detected": [
              {
                "type": "heat_source",
                "x": 780.0,
                "y": 980.0,
                "confidence": 0.93
              }
            ]
          }
        }
      ],
      "net": {
        "slice": "eMBB",
        "lat_ms": 16,
        "jitter_ms": 3.1,
        "loss_pct": 0.3,
        "throughput_mbps": 850,
        "edge_load": 0.62
      }
    },
    {
      "turn": 6,
      "speaker": "user",
      "intent": "investigate_anomaly_and_reduce_speed",
      "actions": [
        {
          "type": "mcp",
          "name": "adjust_speed",
          "args": {
            "target_mps": 18.0
          }
        }
      ],
      "obs": [
        {
          "tool": "adjust_speed",
          "result": {
            "previous_mps": 28.0,
            "current_mps": 18.0,
            "status": "applied"
          }
        }
      ],
      "net": {
        "slice": "URLLC",
        "lat_ms": 7,
        "jitter_ms": 0.8,
        "loss_pct": 0.01,
        "throughput_mbps": 110,
        "edge_load": 0.58
      }
    },
    {
      "turn": 7,
      "speaker": "agent",
      "intent": "coordinate_with_swarm_for_verification",
      "actions": [
        {
          "type": "a2a",
          "task": "request_thermal_verification",
          "to": "uav_swarm_agent",
          "payload": {
            "target": {
              "x": 780.0,
              "y": 980.0
            },
            "uav_id": "uav-7"
          }
        }
      ],
      "obs": [
        {
          "task": "request_thermal_verification",
          "from": "uav_swarm_agent",
          "status": "confirmed",
          "payload": {
            "uav_id": "uav-7",
            "verification_status": "pending"
          }
        }
      ],
      "net": {
        "slice": "mMTC",
        "lat_ms": 25,
        "jitter_ms": 5.0,
        "loss_pct": 1.2,
        "throughput_mbps": 1.5,
        "edge_load": 0.71
      }
    },
    {
      "turn": 8,
      "speaker": "user",
      "intent": "prepare_for_low_battery_contingency",
      "actions": [
        {
          "type": "mcp",
          "name": "check_battery_status",
          "args": {}
        }
      ],
      "obs": [
        {
          "tool": "check_battery_status",
          "result": {
            "battery_pct": 42.0,
            "estimated_endurance_min": 12.3
          }
        }
      ],
      "net": {
        "slice": "URLLC",
        "lat_ms": 9,
        "jitter_ms": 1.1,
        "loss_pct": 0.03,
        "throughput_mbps": 100,
        "edge_load": 0.65
      }
    },
    {
      "turn": 9,
      "speaker": "agent",
      "intent": "optimize_path_for_battery_efficiency",
      "actions": [
        {
          "type": "mcp",
          "name": "replan_route",
          "args": {
            "destination": {
              "x": 900.0,
              "y": 1100.0
            },
            "optimize_for": "energy"
          }
        }
      ],
      "obs": [
        {
          "tool": "replan_route",
          "result": {
            "waypoints": [
              {
                "x": 700.0,
                "y": 900.0,
                "z": 2000.0
              },
              {
                "x": 900.0,
                "y": 1100.0,
                "z": 2200.0
              }
            ],
            "estimated_battery_usage_pct": 18.5
          }
        }
      ],
      "net": {
        "slice": "URLLC",
        "lat_ms": 8,
        "jitter_ms": 0.9,
        "loss_pct": 0.02,
        "throughput_mbps": 115,
        "edge_load": 0.54
      }
    },
    {
      "turn": 10,
      "speaker": "user",
      "intent": "authorize_final_approach",
      "actions": [
        {
          "type": "mcp",
          "name": "enable_autonomous_landing",
          "args": {
            "target": {
              "x": 900.0,
              "y": 1100.0,
              "z": 1000.0
            }
          }
        }
      ],
      "obs": [
        {
          "tool": "enable_autonomous_landing",
          "result": {
            "status": "enabled",
            "target": {
              "x": 900.0,
              "y": 1100.0,
              "z": 1000.0
            }
          }
        }
      ],
      "net": {
        "slice": "URLLC",
        "lat_ms": 6,
        "jitter_ms": 0.7,
        "loss_pct": 0.01,
        "throughput_mbps": 130,
        "edge_load": 0.48
      }
    }
  ],
  "final_state": {
    "domain": "uav",
    "time_s": 180.0,
    "env": {
      "weather": "snow",
      "wind_mps": 8.5,
      "wind_dir_deg": 240.0
    },
    "airspace": {
      "alt_bounds": [
        1000.0,
        3500.0
      ],
      "geofence": [
        {
          "type": "polygon",
          "points": [
            [
              0,
              0
            ],
            [
              1000,
              0
            ],
            [
              1000,
              1200
            ],
            [
              0,
              1200
            ]
          ]
        }
      ]
    },
    "uav": {
      "pose": {
        "x": 900.0,
        "y": 1100.0,
        "z": 1000.0,
        "yaw": 90.0
      },
      "speed_mps": 0.0,
      "energy": {
        "battery_pct": 23.5
      },
      "sensors": {
        "rgb": "ok",
        "thermal": "active",
        "lidar": "offline",
        "radar": "ok",
        "gnss": "ok",
        "imu": "ok",
        "magnetometer": "ok",
        "barometer": "ok"
      },
      "payloads": []
    },
    "policy": {
      "alt_bounds": [
        1000.0,
        3500.0
      ]
    },
    "safety_flags": {
      "nfz_violation": false,
      "separation_breach": false
    }
  },
  "success": true,
  "_meta": {
    "seed": 42,
    "ts": 1763815402,
    "ts_iso": "2025-11-22T12:43:22Z",
    "gen_time_s": 53.568453311920166,
    "attempts_used": 1,
    "generation_failed": false,
    "usage": {
      "prompt_tokens": 1059,
      "completion_tokens": 3402,
      "total_tokens": 4461,
      "cost": 0.0028877,
      "is_byok": false,
      "prompt_tokens_details": {
        "cached_tokens": 608,
        "audio_tokens": 0,
        "video_tokens": 0
      },
      "cost_details": {
        "upstream_inference_cost": null,
        "upstream_inference_prompt_cost": 0.0001661,
        "upstream_inference_completions_cost": 0.0027216
      },
      "completion_tokens_details": {
        "reasoning_tokens": 0,
        "image_tokens": 0
      }
    }
  }
}