{
  "initial_state": {
    "domain": "uav",
    "time_s": 0.0,
    "env": {
      "weather": "fog",
      "wind_mps": 6.0,
      "wind_dir_deg": 240.0
    },
    "airspace": {
      "alt_bounds": [
        0.0,
        120.0
      ],
      "geofence": [
        {
          "type": "polygon",
          "points": [
            [
              0.0,
              0.0
            ],
            [
              200.0,
              0.0
            ],
            [
              200.0,
              150.0
            ],
            [
              0.0,
              150.0
            ]
          ]
        }
      ]
    },
    "uav": {
      "pose": {
        "x": 10.0,
        "y": 75.0,
        "z": 10.0,
        "yaw": 90.0
      },
      "speed_mps": 35.0,
      "energy": {
        "battery_pct": 100.0
      },
      "sensors": {
        "rgb": "ok",
        "thermal": "offline",
        "lidar": "ok",
        "radar": "offline",
        "gnss": "ok",
        "imu": "ok",
        "magnetometer": "ok",
        "barometer": "ok"
      },
      "payloads": []
    },
    "policy": {
      "alt_bounds": [
        0.0,
        120.0
      ]
    },
    "safety_flags": {
      "nfz_violation": false,
      "separation_breach": false
    }
  },
  "dialogue": [
    {
      "turn": 1,
      "speaker": "agent",
      "intent": "initialize mission and check telemetry",
      "actions": [
        {
          "type": "mcp",
          "name": "read_telemetry",
          "args": {}
        }
      ],
      "obs": [
        {
          "tool": "read_telemetry",
          "result": {
            "pose": {
              "x": 10.0,
              "y": 75.0,
              "z": 10.0,
              "yaw": 90.0
            },
            "speed_mps": 35.0,
            "battery_pct": 100.0,
            "sensors": {
              "rgb": "ok",
              "thermal": "offline",
              "lidar": "ok",
              "radar": "offline"
            }
          }
        }
      ],
      "net": {
        "slice": "eMBB",
        "lat_ms": 12,
        "jitter_ms": 2,
        "loss_pct": 0.1,
        "throughput_mbps": 850,
        "edge_load": 0.45
      }
    },
    {
      "turn": 2,
      "speaker": "user",
      "intent": "confirm mission start and request sensor activation",
      "actions": [
        {
          "type": "mcp",
          "name": "activate_sensor",
          "args": {
            "sensor": "thermal"
          }
        }
      ],
      "obs": [
        {
          "tool": "activate_sensor",
          "result": {
            "sensor": "thermal",
            "status": "failed",
            "reason": "hardware_fault"
          }
        }
      ],
      "net": {
        "slice": "eMBB",
        "lat_ms": 11,
        "jitter_ms": 1.8,
        "loss_pct": 0.05,
        "throughput_mbps": 870,
        "edge_load": 0.47
      }
    },
    {
      "turn": 3,
      "speaker": "agent",
      "intent": "assess sensor failure and plan alternate route",
      "actions": [
        {
          "type": "mcp",
          "name": "compute_route",
          "args": {
            "start": [
              10.0,
              75.0,
              10.0
            ],
            "goal": [
              190.0,
              75.0,
              30.0
            ],
            "avoid_weather": true
          }
        }
      ],
      "obs": [
        {
          "tool": "compute_route",
          "result": {
            "route": [
              [
                10.0,
                75.0,
                10.0
              ],
              [
                100.0,
                75.0,
                25.0
              ],
              [
                190.0,
                75.0,
                30.0
              ]
            ],
            "eta_s": 180,
            "energy_cost_pct": 12.5
          }
        }
      ],
      "net": {
        "slice": "URLLC",
        "lat_ms": 8,
        "jitter_ms": 0.9,
        "loss_pct": 0.01,
        "throughput_mbps": 120,
        "edge_load": 0.3
      }
    },
    {
      "turn": 4,
      "speaker": "user",
      "intent": "approve route and request swarm coordination",
      "actions": [
        {
          "type": "a2a",
          "task": "collision_avoidance",
          "to": "uav_swarm_agent",
          "payload": {
            "uav_id": "uav-01",
            "route": [
              [
                10.0,
                75.0,
                10.0
              ],
              [
                100.0,
                75.0,
                25.0
              ],
              [
                190.0,
                75.0,
                30.0
              ]
            ],
            "eta": 180
          }
        }
      ],
      "obs": [
        {
          "task": "collision_avoidance",
          "from": "uav_swarm_agent",
          "status": "ok",
          "payload": {
            "conflict_detected": false,
            "recommended_alt_offset": 0
          }
        }
      ],
      "net": {
        "slice": "URLLC",
        "lat_ms": 7,
        "jitter_ms": 0.8,
        "loss_pct": 0.02,
        "throughput_mbps": 110,
        "edge_load": 0.32
      }
    },
    {
      "turn": 5,
      "speaker": "agent",
      "intent": "initiate takeoff and climb",
      "actions": [
        {
          "type": "mcp",
          "name": "set_speed",
          "args": {
            "speed_mps": 40.0
          }
        },
        {
          "type": "mcp",
          "name": "set_altitude",
          "args": {
            "z": 30.0
          }
        }
      ],
      "obs": [
        {
          "tool": "set_speed",
          "result": {
            "achieved": 40.0,
            "status": "engaged"
          }
        },
        {
          "tool": "set_altitude",
          "result": {
            "target": 30.0,
            "status": "climbing"
          }
        }
      ],
      "net": {
        "slice": "URLLC",
        "lat_ms": 9,
        "jitter_ms": 1.1,
        "loss_pct": 0.03,
        "throughput_mbps": 100,
        "edge_load": 0.35
      }
    },
    {
      "turn": 6,
      "speaker": "user",
      "intent": "monitor progress and request telemetry update",
      "actions": [
        {
          "type": "mcp",
          "name": "read_telemetry",
          "args": {}
        }
      ],
      "obs": [
        {
          "tool": "read_telemetry",
          "result": {
            "pose": {
              "x": 65.0,
              "y": 75.0,
              "z": 28.0,
              "yaw": 90.0
            },
            "speed_mps": 40.0,
            "battery_pct": 98.7,
            "status": "en_route"
          }
        }
      ],
      "net": {
        "slice": "mMTC",
        "lat_ms": 200,
        "jitter_ms": 25,
        "loss_pct": 5.0,
        "throughput_mbps": 1.5,
        "edge_load": 0.85
      }
    },
    {
      "turn": 7,
      "speaker": "agent",
      "intent": "adapt to network degradation, reduce telemetry frequency",
      "actions": [
        {
          "type": "mcp",
          "name": "set_telemetry_rate",
          "args": {
            "hz": 1
          }
        }
      ],
      "obs": [
        {
          "tool": "set_telemetry_rate",
          "result": {
            "rate_hz": 1,
            "status": "adjusted"
          }
        }
      ],
      "net": {
        "slice": "mMTC",
        "lat_ms": 210,
        "jitter_ms": 28,
        "loss_pct": 6.2,
        "throughput_mbps": 1.2,
        "edge_load": 0.88
      }
    },
    {
      "turn": 8,
      "speaker": "user",
      "intent": "request emergency descent due to fog density",
      "actions": [
        {
          "type": "mcp",
          "name": "set_altitude",
          "args": {
            "z": 15.0
          }
        }
      ],
      "obs": [
        {
          "tool": "set_altitude",
          "result": {
            "target": 15.0,
            "status": "descending"
          }
        }
      ],
      "net": {
        "slice": "URLLC",
        "lat_ms": 10,
        "jitter_ms": 1.2,
        "loss_pct": 0.04,
        "throughput_mbps": 95,
        "edge_load": 0.4
      }
    },
    {
      "turn": 9,
      "speaker": "agent",
      "intent": "verify geofence compliance after descent",
      "actions": [
        {
          "type": "mcp",
          "name": "check_geofence",
          "args": {}
        }
      ],
      "obs": [
        {
          "tool": "check_geofence",
          "result": {
            "inside": true,
            "violation": false
          }
        }
      ],
      "net": {
        "slice": "URLLC",
        "lat_ms": 8,
        "jitter_ms": 0.9,
        "loss_pct": 0.01,
        "throughput_mbps": 105,
        "edge_load": 0.33
      }
    },
    {
      "turn": 10,
      "speaker": "user",
      "intent": "authorize landing sequence",
      "actions": [
        {
          "type": "mcp",
          "name": "execute_landing",
          "args": {
            "target": [
              190.0,
              75.0,
              10.0
            ]
          }
        }
      ],
      "obs": [
        {
          "tool": "execute_landing",
          "result": {
            "status": "completed",
            "touchdown_time_s": 210.5,
            "final_battery_pct": 88.3
          }
        }
      ],
      "net": {
        "slice": "URLLC",
        "lat_ms": 7,
        "jitter_ms": 0.7,
        "loss_pct": 0.0,
        "throughput_mbps": 115,
        "edge_load": 0.28
      }
    }
  ],
  "final_state": {
    "domain": "uav",
    "time_s": 210.5,
    "env": {
      "weather": "fog",
      "wind_mps": 6.0,
      "wind_dir_deg": 240.0
    },
    "airspace": {
      "alt_bounds": [
        0.0,
        120.0
      ],
      "geofence": [
        {
          "type": "polygon",
          "points": [
            [
              0.0,
              0.0
            ],
            [
              200.0,
              0.0
            ],
            [
              200.0,
              150.0
            ],
            [
              0.0,
              150.0
            ]
          ]
        }
      ]
    },
    "uav": {
      "pose": {
        "x": 190.0,
        "y": 75.0,
        "z": 10.0,
        "yaw": 90.0
      },
      "speed_mps": 0.0,
      "energy": {
        "battery_pct": 88.3
      },
      "sensors": {
        "rgb": "ok",
        "thermal": "offline",
        "lidar": "ok",
        "radar": "offline",
        "gnss": "ok",
        "imu": "ok",
        "magnetometer": "ok",
        "barometer": "ok"
      },
      "payloads": []
    },
    "policy": {
      "alt_bounds": [
        0.0,
        120.0
      ]
    },
    "safety_flags": {
      "nfz_violation": false,
      "separation_breach": false
    }
  },
  "success": true,
  "_meta": {
    "seed": 42,
    "ts": 1763740458,
    "ts_iso": "2025-11-21T15:54:18Z",
    "gen_time_s": 53.500999212265015,
    "attempts_used": 1,
    "generation_failed": false,
    "usage": {
      "prompt_tokens": 1057,
      "completion_tokens": 3293,
      "total_tokens": 4350,
      "cost": 0.00280006,
      "is_byok": false,
      "prompt_tokens_details": {
        "cached_tokens": 608,
        "audio_tokens": 0,
        "video_tokens": 0
      },
      "cost_details": {
        "upstream_inference_cost": null,
        "upstream_inference_prompt_cost": 0.00016566,
        "upstream_inference_completions_cost": 0.0026344
      },
      "completion_tokens_details": {
        "reasoning_tokens": 0,
        "image_tokens": 0
      }
    }
  }
}