{
  "initial_state": {
    "domain": "uav",
    "time_s": 0.0,
    "env": {
      "weather": "thermal_updrafts",
      "wind_mps": 6.0,
      "wind_dir_deg": 240.0
    },
    "airspace": {
      "alt_bounds": [
        10.0,
        120.0
      ],
      "geofence": [
        {
          "type": "polygon",
          "points": [
            [
              100.0,
              100.0
            ],
            [
              400.0,
              100.0
            ],
            [
              400.0,
              300.0
            ],
            [
              100.0,
              300.0
            ]
          ]
        }
      ]
    },
    "uav": {
      "pose": {
        "x": 120.0,
        "y": 120.0,
        "z": 30.0,
        "yaw": 90.0
      },
      "speed_mps": 22.0,
      "energy": {
        "battery_pct": 100.0
      },
      "sensors": {
        "rgb": "ok",
        "thermal": "ok",
        "lidar": "ok",
        "radar": "offline",
        "gnss": "ok",
        "imu": "ok",
        "magnetometer": "ok",
        "barometer": "ok"
      },
      "payloads": []
    },
    "policy": {
      "alt_bounds": [
        10.0,
        120.0
      ]
    },
    "safety_flags": {
      "nfz_violation": false,
      "separation_breach": false
    }
  },
  "dialogue": [
    {
      "turn": 1,
      "speaker": "agent",
      "intent": "initiate_inspection_mission",
      "actions": [
        {
          "type": "mcp",
          "name": "read_telemetry",
          "args": {}
        },
        {
          "type": "a2a",
          "task": "request_weather_data",
          "to": "met_agent",
          "payload": {
            "location": [
              120.0,
              120.0
            ],
            "horizon": 300
          }
        }
      ],
      "obs": [
        {
          "tool": "read_telemetry",
          "result": {
            "pose": {
              "x": 120.0,
              "y": 120.0,
              "z": 30.0
            },
            "battery_pct": 100.0,
            "speed_mps": 22.0
          }
        },
        {
          "task": "request_weather_data",
          "from": "met_agent",
          "status": "ok",
          "payload": {
            "wind_mps": 6.2,
            "gusts": 9.1,
            "turbulence": "moderate"
          }
        }
      ],
      "net": {
        "slice": "eMBB",
        "lat_ms": 18,
        "jitter_ms": 3,
        "loss_pct": 0.1,
        "throughput_mbps": 850,
        "edge_load": 0.45
      }
    },
    {
      "turn": 2,
      "speaker": "user",
      "intent": "approve_takeoff",
      "actions": [
        {
          "type": "mcp",
          "name": "set_waypoint",
          "args": {
            "x": 250.0,
            "y": 200.0,
            "z": 60.0
          }
        }
      ],
      "obs": [
        {
          "tool": "set_waypoint",
          "result": {
            "status": "accepted",
            "eta_s": 32.5
          }
        }
      ],
      "net": {
        "slice": "eMBB",
        "lat_ms": 20,
        "jitter_ms": 4,
        "loss_pct": 0.05,
        "throughput_mbps": 820,
        "edge_load": 0.48
      }
    },
    {
      "turn": 3,
      "speaker": "agent",
      "intent": "navigate_to_inspection_point",
      "actions": [
        {
          "type": "mcp",
          "name": "execute_maneuver",
          "args": {
            "maneuver": "climb_and_turn",
            "target_z": 60.0,
            "target_yaw": 180.0
          }
        }
      ],
      "obs": [
        {
          "tool": "execute_maneuver",
          "result": {
            "status": "completed",
            "duration_s": 28.3,
            "energy_used_pct": 2.1
          }
        }
      ],
      "net": {
        "slice": "URLLC",
        "lat_ms": 8,
        "jitter_ms": 1,
        "loss_pct": 0.01,
        "throughput_mbps": 120,
        "edge_load": 0.32
      }
    },
    {
      "turn": 4,
      "speaker": "user",
      "intent": "request_sensor_status",
      "actions": [
        {
          "type": "mcp",
          "name": "diagnose_sensor",
          "args": {
            "sensor": "radar"
          }
        }
      ],
      "obs": [
        {
          "tool": "diagnose_sensor",
          "result": {
            "sensor": "radar",
            "status": "faulty_antenna",
            "recommendation": "avoid long-range detection tasks"
          }
        }
      ],
      "net": {
        "slice": "mMTC",
        "lat_ms": 45,
        "jitter_ms": 12,
        "loss_pct": 1.8,
        "throughput_mbps": 1.2,
        "edge_load": 0.78
      }
    },
    {
      "turn": 5,
      "speaker": "agent",
      "intent": "compensate_sensor_failure",
      "actions": [
        {
          "type": "a2a",
          "task": "activate_lidar_fusion",
          "to": "perception_agent",
          "payload": {
            "mode": "high_res",
            "range_m": 80
          }
        }
      ],
      "obs": [
        {
          "task": "activate_lidar_fusion",
          "from": "perception_agent",
          "status": "active",
          "payload": {
            "update_rate_hz": 10,
            "detection_range_m": 80
          }
        }
      ],
      "net": {
        "slice": "URLLC",
        "lat_ms": 9,
        "jitter_ms": 1.5,
        "loss_pct": 0.02,
        "throughput_mbps": 95,
        "edge_load": 0.36
      }
    },
    {
      "turn": 6,
      "speaker": "user",
      "intent": "initiate_inspection",
      "actions": [
        {
          "type": "mcp",
          "name": "start_payload",
          "args": {
            "payload": "thermal_camera",
            "mode": "high_res_scan"
          }
        }
      ],
      "obs": [
        {
          "tool": "start_payload",
          "result": {
            "status": "running",
            "power_draw_pct_per_min": 3.2
          }
        }
      ],
      "net": {
        "slice": "eMBB",
        "lat_ms": 22,
        "jitter_ms": 5,
        "loss_pct": 0.2,
        "throughput_mbps": 780,
        "edge_load": 0.52
      }
    },
    {
      "turn": 7,
      "speaker": "agent",
      "intent": "detect_anomaly",
      "actions": [
        {
          "type": "mcp",
          "name": "analyze_thermal_image",
          "args": {
            "region_of_interest": "turbine_blade_tip"
          }
        }
      ],
      "obs": [
        {
          "tool": "analyze_thermal_image",
          "result": {
            "anomaly_detected": true,
            "type": "overheating",
            "confidence": 0.96,
            "location": "blade_tip_3"
          }
        }
      ],
      "net": {
        "slice": "eMBB",
        "lat_ms": 25,
        "jitter_ms": 6,
        "loss_pct": 0.3,
        "throughput_mbps": 750,
        "edge_load": 0.58
      }
    },
    {
      "turn": 8,
      "speaker": "user",
      "intent": "request_high_res_visual",
      "actions": [
        {
          "type": "mcp",
          "name": "capture_rgb_image",
          "args": {
            "zoom": 4.0,
            "focus": "manual",
            "focus_distance_m": 15.0
          }
        }
      ],
      "obs": [
        {
          "tool": "capture_rgb_image",
          "result": {
            "status": "success",
            "image_id": "IMG_8832",
            "defect_visible": true,
            "crack_length_cm": 8.3
          }
        }
      ],
      "net": {
        "slice": "eMBB",
        "lat_ms": 20,
        "jitter_ms": 4,
        "loss_pct": 0.1,
        "throughput_mbps": 800,
        "edge_load": 0.5
      }
    },
    {
      "turn": 9,
      "speaker": "agent",
      "intent": "assess_risk_and_plan_return",
      "actions": [
        {
          "type": "mcp",
          "name": "compute_energy_reserve",
          "args": {}
        }
      ],
      "obs": [
        {
          "tool": "compute_energy_reserve",
          "result": {
            "current_battery_pct": 89.4,
            "required_for_return_pct": 12.0,
            "margin_pct": 7.4
          }
        }
      ],
      "net": {
        "slice": "URLLC",
        "lat_ms": 7,
        "jitter_ms": 1,
        "loss_pct": 0.01,
        "throughput_mbps": 110,
        "edge_load": 0.3
      }
    },
    {
      "turn": 10,
      "speaker": "user",
      "intent": "authorize_return",
      "actions": [
        {
          "type": "mcp",
          "name": "set_waypoint",
          "args": {
            "x": 120.0,
            "y": 120.0,
            "z": 30.0
          }
        }
      ],
      "obs": [
        {
          "tool": "set_waypoint",
          "result": {
            "status": "accepted",
            "eta_s": 30.1
          }
        }
      ],
      "net": {
        "slice": "URLLC",
        "lat_ms": 8,
        "jitter_ms": 1.2,
        "loss_pct": 0.02,
        "throughput_mbps": 105,
        "edge_load": 0.34
      }
    },
    {
      "turn": 11,
      "speaker": "agent",
      "intent": "land_safely",
      "actions": [
        {
          "type": "mcp",
          "name": "execute_maneuver",
          "args": {
            "maneuver": "descend_and_land",
            "target_z": 10.0
          }
        }
      ],
      "obs": [
        {
          "tool": "execute_maneuver",
          "result": {
            "status": "completed",
            "duration_s": 26.7,
            "final_battery_pct": 86.2
          }
        }
      ],
      "net": {
        "slice": "URLLC",
        "lat_ms": 6,
        "jitter_ms": 0.8,
        "loss_pct": 0.0,
        "throughput_mbps": 130,
        "edge_load": 0.28
      }
    }
  ],
  "final_state": {
    "domain": "uav",
    "time_s": 145.0,
    "env": {
      "weather": "thermal_updrafts",
      "wind_mps": 6.0,
      "wind_dir_deg": 240.0
    },
    "airspace": {
      "alt_bounds": [
        10.0,
        120.0
      ],
      "geofence": [
        {
          "type": "polygon",
          "points": [
            [
              100.0,
              100.0
            ],
            [
              400.0,
              100.0
            ],
            [
              400.0,
              300.0
            ],
            [
              100.0,
              300.0
            ]
          ]
        }
      ]
    },
    "uav": {
      "pose": {
        "x": 120.0,
        "y": 120.0,
        "z": 10.0,
        "yaw": 180.0
      },
      "speed_mps": 0.0,
      "energy": {
        "battery_pct": 86.2
      },
      "sensors": {
        "rgb": "ok",
        "thermal": "ok",
        "lidar": "ok",
        "radar": "offline",
        "gnss": "ok",
        "imu": "ok",
        "magnetometer": "ok",
        "barometer": "ok"
      },
      "payloads": []
    },
    "policy": {
      "alt_bounds": [
        10.0,
        120.0
      ]
    },
    "safety_flags": {
      "nfz_violation": false,
      "separation_breach": false
    }
  },
  "success": true,
  "_meta": {
    "seed": 42,
    "ts": 1763914384,
    "ts_iso": "2025-11-23T16:13:04Z",
    "gen_time_s": 46.43923211097717,
    "attempts_used": 1,
    "generation_failed": false,
    "usage": {
      "prompt_tokens": 1075,
      "completion_tokens": 3408,
      "total_tokens": 4483,
      "cost": 0.00284674,
      "is_byok": false,
      "prompt_tokens_details": {
        "cached_tokens": 1056,
        "audio_tokens": 0,
        "video_tokens": 0
      },
      "cost_details": {
        "upstream_inference_cost": null,
        "upstream_inference_prompt_cost": 0.00012034,
        "upstream_inference_completions_cost": 0.0027264
      },
      "completion_tokens_details": {
        "reasoning_tokens": 0,
        "image_tokens": 0
      }
    }
  }
}