{
  "initial_state": {
    "domain": "uav",
    "time_s": 0.0,
    "env": {
      "weather": "hail",
      "wind_mps": 8.0,
      "wind_dir_deg": 240.0
    },
    "airspace": {
      "alt_bounds": [
        10.0,
        120.0
      ],
      "geofence": [
        {
          "type": "polygon",
          "points": [
            [
              0,
              0
            ],
            [
              0,
              200
            ],
            [
              150,
              200
            ],
            [
              150,
              0
            ]
          ]
        }
      ]
    },
    "uav": {
      "pose": {
        "x": 10.0,
        "y": 10.0,
        "z": 25.0,
        "yaw": 90.0
      },
      "speed_mps": 15.0,
      "energy": {
        "battery_pct": 100.0
      },
      "sensors": {
        "rgb": "ok",
        "thermal": "ok",
        "lidar": "ok",
        "radar": "offline",
        "gnss": "ok",
        "imu": "ok",
        "magnetometer": "ok",
        "barometer": "ok"
      },
      "payloads": []
    },
    "policy": {
      "alt_bounds": [
        10.0,
        120.0
      ]
    },
    "safety_flags": {
      "nfz_violation": false,
      "separation_breach": false
    }
  },
  "dialogue": [
    {
      "turn": 1,
      "speaker": "agent",
      "intent": "initiate mission under adverse weather",
      "actions": [
        {
          "type": "mcp",
          "name": "read_telemetry",
          "args": {}
        },
        {
          "type": "a2a",
          "task": "request_swarm_status",
          "to": "uav_swarm_agent",
          "payload": {
            "uav_id": "uav-01",
            "mission": "powerline_inspection"
          }
        }
      ],
      "obs": [
        {
          "tool": "read_telemetry",
          "result": {
            "pose": {
              "x": 10.0,
              "y": 10.0,
              "z": 25.0
            },
            "battery_pct": 100.0,
            "speed_mps": 15.0
          }
        },
        {
          "task": "request_swarm_status",
          "from": "uav_swarm_agent",
          "status": "ok",
          "payload": {
            "swarm_size": 3,
            "active": 3,
            "leader": "uav-01"
          }
        }
      ],
      "net": {
        "slice": "URLLC",
        "lat_ms": 5,
        "jitter_ms": 1,
        "loss_pct": 0.1,
        "throughput_mbps": 50,
        "edge_load": 0.3
      }
    },
    {
      "turn": 2,
      "speaker": "user",
      "intent": "confirm mission start and weather risk",
      "actions": [],
      "obs": [],
      "net": {
        "slice": "URLLC",
        "lat_ms": 6,
        "jitter_ms": 1.2,
        "loss_pct": 0.2,
        "throughput_mbps": 48,
        "edge_load": 0.32
      }
    },
    {
      "turn": 3,
      "speaker": "agent",
      "intent": "adjust flight path for hail and wind",
      "actions": [
        {
          "type": "mcp",
          "name": "set_altitude",
          "args": {
            "target_z": 45.0
          }
        },
        {
          "type": "mcp",
          "name": "update_waypoint",
          "args": {
            "waypoint": {
              "x": 80.0,
              "y": 100.0,
              "z": 45.0
            }
          }
        }
      ],
      "obs": [
        {
          "tool": "set_altitude",
          "result": {
            "status": "success",
            "target_z": 45.0,
            "current_z": 45.0
          }
        },
        {
          "tool": "update_waypoint",
          "result": {
            "status": "updated",
            "waypoint": {
              "x": 80.0,
              "y": 100.0,
              "z": 45.0
            }
          }
        }
      ],
      "net": {
        "slice": "eMBB",
        "lat_ms": 12,
        "jitter_ms": 3,
        "loss_pct": 0.5,
        "throughput_mbps": 120,
        "edge_load": 0.45
      }
    },
    {
      "turn": 4,
      "speaker": "user",
      "intent": "request thermal imaging of powerline segment",
      "actions": [
        {
          "type": "mcp",
          "name": "activate_sensor",
          "args": {
            "sensor": "thermal"
          }
        }
      ],
      "obs": [
        {
          "tool": "activate_sensor",
          "result": {
            "sensor": "thermal",
            "status": "activated"
          }
        }
      ],
      "net": {
        "slice": "eMBB",
        "lat_ms": 14,
        "jitter_ms": 4,
        "loss_pct": 0.7,
        "throughput_mbps": 110,
        "edge_load": 0.5
      }
    },
    {
      "turn": 5,
      "speaker": "agent",
      "intent": "perform visual inspection with RGB and thermal",
      "actions": [
        {
          "type": "mcp",
          "name": "capture_image",
          "args": {
            "sensor": "rgb",
            "target": "powerline_support_tower_7"
          }
        },
        {
          "type": "mcp",
          "name": "capture_image",
          "args": {
            "sensor": "thermal",
            "target": "powerline_support_tower_7"
          }
        }
      ],
      "obs": [
        {
          "tool": "capture_image",
          "result": {
            "sensor": "rgb",
            "target": "powerline_support_tower_7",
            "status": "success",
            "image_id": "img_001_rgb"
          }
        },
        {
          "tool": "capture_image",
          "result": {
            "sensor": "thermal",
            "target": "powerline_support_tower_7",
            "status": "success",
            "image_id": "img_001_thermal"
          }
        }
      ],
      "net": {
        "slice": "eMBB",
        "lat_ms": 16,
        "jitter_ms": 5,
        "loss_pct": 1.0,
        "throughput_mbps": 95,
        "edge_load": 0.6
      }
    },
    {
      "turn": 6,
      "speaker": "user",
      "intent": "check for nearby UAVs and coordination",
      "actions": [
        {
          "type": "a2a",
          "task": "query_proximity_uavs",
          "to": "uav_swarm_agent",
          "payload": {
            "radius_m": 50
          }
        }
      ],
      "obs": [
        {
          "task": "query_proximity_uavs",
          "from": "uav_swarm_agent",
          "status": "ok",
          "payload": {
            "nearby_uavs": [
              {
                "id": "uav-02",
                "distance_m": 32,
                "bearing_deg": 120
              }
            ]
          }
        }
      ],
      "net": {
        "slice": "URLLC",
        "lat_ms": 7,
        "jitter_ms": 1.5,
        "loss_pct": 0.3,
        "throughput_mbps": 45,
        "edge_load": 0.55
      }
    },
    {
      "turn": 7,
      "speaker": "agent",
      "intent": "avoid potential separation breach",
      "actions": [
        {
          "type": "mcp",
          "name": "adjust_heading",
          "args": {
            "delta_yaw": -15
          }
        }
      ],
      "obs": [
        {
          "tool": "adjust_heading",
          "result": {
            "status": "success",
            "original_yaw": 90.0,
            "new_yaw": 75.0
          }
        }
      ],
      "net": {
        "slice": "URLLC",
        "lat_ms": 6,
        "jitter_ms": 1.1,
        "loss_pct": 0.1,
        "throughput_mbps": 50,
        "edge_load": 0.4
      }
    },
    {
      "turn": 8,
      "speaker": "user",
      "intent": "initiate return due to worsening hail",
      "actions": [
        {
          "type": "mcp",
          "name": "set_return_to_home",
          "args": {
            "rtl_alt": 50.0
          }
        }
      ],
      "obs": [
        {
          "tool": "set_return_to_home",
          "result": {
            "status": "activated",
            "rtl_alt": 50.0,
            "home": {
              "x": 10.0,
              "y": 10.0
            }
          }
        }
      ],
      "net": {
        "slice": "URLLC",
        "lat_ms": 8,
        "jitter_ms": 2,
        "loss_pct": 0.4,
        "throughput_mbps": 40,
        "edge_load": 0.7
      }
    },
    {
      "turn": 9,
      "speaker": "agent",
      "intent": "monitor telemetry during return",
      "actions": [
        {
          "type": "mcp",
          "name": "read_telemetry",
          "args": {}
        }
      ],
      "obs": [
        {
          "tool": "read_telemetry",
          "result": {
            "pose": {
              "x": 65.0,
              "y": 75.0,
              "z": 50.0
            },
            "battery_pct": 88.0,
            "speed_mps": 12.0
          }
        }
      ],
      "net": {
        "slice": "mMTC",
        "lat_ms": 25,
        "jitter_ms": 10,
        "loss_pct": 2.0,
        "throughput_mbps": 1,
        "edge_load": 0.85
      }
    },
    {
      "turn": 10,
      "speaker": "user",
      "intent": "confirm safe landing",
      "actions": [],
      "obs": [],
      "net": {
        "slice": "mMTC",
        "lat_ms": 30,
        "jitter_ms": 12,
        "loss_pct": 3.0,
        "throughput_mbps": 0.8,
        "edge_load": 0.9
      }
    },
    {
      "turn": 11,
      "speaker": "agent",
      "intent": "land safely within geofence",
      "actions": [
        {
          "type": "mcp",
          "name": "land",
          "args": {
            "target": "home"
          }
        }
      ],
      "obs": [
        {
          "tool": "land",
          "result": {
            "status": "completed",
            "final_pose": {
              "x": 10.0,
              "y": 10.0,
              "z": 0.0
            },
            "battery_pct": 82.0
          }
        }
      ],
      "net": {
        "slice": "URLLC",
        "lat_ms": 4,
        "jitter_ms": 0.8,
        "loss_pct": 0.05,
        "throughput_mbps": 60,
        "edge_load": 0.35
      }
    }
  ],
  "final_state": {
    "domain": "uav",
    "time_s": 120.0,
    "env": {
      "weather": "hail",
      "wind_mps": 8.0,
      "wind_dir_deg": 240.0
    },
    "airspace": {
      "alt_bounds": [
        10.0,
        120.0
      ],
      "geofence": [
        {
          "type": "polygon",
          "points": [
            [
              0,
              0
            ],
            [
              0,
              200
            ],
            [
              150,
              200
            ],
            [
              150,
              0
            ]
          ]
        }
      ]
    },
    "uav": {
      "pose": {
        "x": 10.0,
        "y": 10.0,
        "z": 0.0,
        "yaw": 75.0
      },
      "speed_mps": 0.0,
      "energy": {
        "battery_pct": 82.0
      },
      "sensors": {
        "rgb": "ok",
        "thermal": "ok",
        "lidar": "ok",
        "radar": "offline",
        "gnss": "ok",
        "imu": "ok",
        "magnetometer": "ok",
        "barometer": "ok"
      },
      "payloads": []
    },
    "policy": {
      "alt_bounds": [
        10.0,
        120.0
      ]
    },
    "safety_flags": {
      "nfz_violation": false,
      "separation_breach": false
    }
  },
  "success": true,
  "_meta": {
    "seed": 42,
    "ts": 1763923707,
    "ts_iso": "2025-11-23T18:48:27Z",
    "gen_time_s": 45.417391538619995,
    "attempts_used": 1,
    "generation_failed": false,
    "usage": {
      "prompt_tokens": 1039,
      "completion_tokens": 3356,
      "total_tokens": 4395,
      "cost": 0.0028465,
      "is_byok": false,
      "prompt_tokens_details": {
        "cached_tokens": 608,
        "audio_tokens": 0,
        "video_tokens": 0
      },
      "cost_details": {
        "upstream_inference_cost": null,
        "upstream_inference_prompt_cost": 0.0001617,
        "upstream_inference_completions_cost": 0.0026848
      },
      "completion_tokens_details": {
        "reasoning_tokens": 0,
        "image_tokens": 0
      }
    }
  }
}