{
  "initial_state": {
    "domain": "uav",
    "time_s": 0.0,
    "env": {
      "weather": "good",
      "wind_mps": 5.0,
      "wind_dir_deg": 120.0
    },
    "airspace": {
      "alt_bounds": [
        10.0,
        120.0
      ],
      "geofence": [
        {
          "type": "polygon",
          "points": [
            [
              0,
              0
            ],
            [
              200,
              0
            ],
            [
              200,
              150
            ],
            [
              0,
              150
            ]
          ]
        }
      ]
    },
    "uav": {
      "pose": {
        "x": 10.0,
        "y": 10.0,
        "z": 25.0,
        "yaw": 90.0
      },
      "speed_mps": 15.0,
      "energy": {
        "battery_pct": 100.0
      },
      "sensors": {
        "rgb": "ok",
        "thermal": "offline",
        "lidar": "offline",
        "radar": "offline",
        "gnss": "ok",
        "imu": "ok",
        "magnetometer": "ok",
        "barometer": "ok"
      },
      "payloads": []
    },
    "policy": {
      "alt_bounds": [
        10.0,
        120.0
      ]
    },
    "safety_flags": {
      "nfz_violation": false,
      "separation_breach": false
    }
  },
  "dialogue": [
    {
      "turn": 1,
      "speaker": "agent",
      "intent": "initiate mission and check telemetry",
      "actions": [
        {
          "type": "mcp",
          "name": "read_telemetry",
          "args": {}
        }
      ],
      "obs": [
        {
          "tool": "read_telemetry",
          "result": {
            "pose": {
              "x": 10.0,
              "y": 10.0,
              "z": 25.0
            },
            "battery_pct": 100.0,
            "sensors": {
              "rgb": "ok",
              "thermal": "offline"
            }
          }
        }
      ],
      "net": {
        "slice": "eMBB",
        "lat_ms": 12,
        "jitter_ms": 2,
        "loss_pct": 0.1,
        "throughput_mbps": 850,
        "edge_load": 0.3
      }
    },
    {
      "turn": 2,
      "speaker": "user",
      "intent": "authorize takeoff and sensor activation",
      "actions": [
        {
          "type": "mcp",
          "name": "activate_sensor",
          "args": {
            "sensor": "thermal"
          }
        }
      ],
      "obs": [
        {
          "tool": "activate_sensor",
          "result": {
            "sensor": "thermal",
            "status": "activated"
          }
        }
      ],
      "net": {
        "slice": "eMBB",
        "lat_ms": 11,
        "jitter_ms": 1.8,
        "loss_pct": 0.05,
        "throughput_mbps": 900,
        "edge_load": 0.32
      }
    },
    {
      "turn": 3,
      "speaker": "agent",
      "intent": "request swarm coordination for path planning",
      "actions": [
        {
          "type": "a2a",
          "task": "path_plan_request",
          "to": "uav_swarm_agent",
          "payload": {
            "target": [
              180,
              140,
              40
            ],
            "uav_id": "uav_01"
          }
        }
      ],
      "obs": [
        {
          "task": "path_plan_request",
          "from": "uav_swarm_agent",
          "status": "ok",
          "payload": {
            "route": [
              [
                10,
                10,
                25
              ],
              [
                90,
                60,
                35
              ],
              [
                180,
                140,
                40
              ]
            ],
            "eta_s": 85
          }
        }
      ],
      "net": {
        "slice": "URLLC",
        "lat_ms": 5,
        "jitter_ms": 0.5,
        "loss_pct": 0.01,
        "throughput_mbps": 120,
        "edge_load": 0.15
      }
    },
    {
      "turn": 4,
      "speaker": "user",
      "intent": "confirm route and initiate movement",
      "actions": [
        {
          "type": "mcp",
          "name": "move_to",
          "args": {
            "target": [
              90,
              60,
              35
            ],
            "speed": 15
          }
        }
      ],
      "obs": [
        {
          "tool": "move_to",
          "result": {
            "status": "in_progress",
            "target": [
              90,
              60,
              35
            ]
          }
        }
      ],
      "net": {
        "slice": "eMBB",
        "lat_ms": 13,
        "jitter_ms": 2.1,
        "loss_pct": 0.2,
        "throughput_mbps": 800,
        "edge_load": 0.38
      }
    },
    {
      "turn": 5,
      "speaker": "agent",
      "intent": "monitor telemetry during transit",
      "actions": [
        {
          "type": "mcp",
          "name": "read_telemetry",
          "args": {}
        }
      ],
      "obs": [
        {
          "tool": "read_telemetry",
          "result": {
            "pose": {
              "x": 50.2,
              "y": 35.1,
              "z": 32.4
            },
            "battery_pct": 96.3,
            "speed_mps": 14.8
          }
        }
      ],
      "net": {
        "slice": "eMBB",
        "lat_ms": 14,
        "jitter_ms": 2.5,
        "loss_pct": 0.3,
        "throughput_mbps": 750,
        "edge_load": 0.41
      }
    },
    {
      "turn": 6,
      "speaker": "user",
      "intent": "report network degradation and request switch to URLLC",
      "actions": [
        {
          "type": "mcp",
          "name": "request_network_slice",
          "args": {
            "preferred": "URLLC"
          }
        }
      ],
      "obs": [
        {
          "tool": "request_network_slice",
          "result": {
            "status": "granted",
            "current_slice": "URLLC",
            "lat_ms": 6
          }
        }
      ],
      "net": {
        "slice": "URLLC",
        "lat_ms": 6,
        "jitter_ms": 0.7,
        "loss_pct": 0.02,
        "throughput_mbps": 110,
        "edge_load": 0.2
      }
    },
    {
      "turn": 7,
      "speaker": "agent",
      "intent": "perform collision check via swarm agent under low-latency slice",
      "actions": [
        {
          "type": "a2a",
          "task": "collision_avoidance",
          "to": "uav_swarm_agent",
          "payload": {
            "current_pose": [
              50.2,
              35.1,
              32.4
            ],
            "velocity": [
              14.8,
              90
            ]
          }
        }
      ],
      "obs": [
        {
          "task": "collision_avoidance",
          "from": "uav_swarm_agent",
          "status": "clear",
          "payload": {
            "risk_level": "low",
            "suggested_evasion": null
          }
        }
      ],
      "net": {
        "slice": "URLLC",
        "lat_ms": 5.5,
        "jitter_ms": 0.4,
        "loss_pct": 0.01,
        "throughput_mbps": 115,
        "edge_load": 0.18
      }
    },
    {
      "turn": 8,
      "speaker": "user",
      "intent": "request high-res imaging despite network constraints",
      "actions": [
        {
          "type": "mcp",
          "name": "capture_image",
          "args": {
            "mode": "high_res",
            "sensor": "rgb"
          }
        }
      ],
      "obs": [
        {
          "tool": "capture_image",
          "result": {
            "status": "success",
            "image_id": "img_0123",
            "size_mb": 12.4
          }
        }
      ],
      "net": {
        "slice": "eMBB",
        "lat_ms": 15,
        "jitter_ms": 3.0,
        "loss_pct": 0.5,
        "throughput_mbps": 700,
        "edge_load": 0.45
      }
    },
    {
      "turn": 9,
      "speaker": "agent",
      "intent": "adapt to intermittent link by reducing telemetry frequency",
      "actions": [
        {
          "type": "mcp",
          "name": "set_telemetry_rate",
          "args": {
            "interval_s": 5.0
          }
        }
      ],
      "obs": [
        {
          "tool": "set_telemetry_rate",
          "result": {
            "interval_s": 5.0,
            "mode": "power_save"
          }
        }
      ],
      "net": {
        "slice": "mMTC",
        "lat_ms": 50,
        "jitter_ms": 10,
        "loss_pct": 1.2,
        "throughput_mbps": 1.5,
        "edge_load": 0.6
      }
    },
    {
      "turn": 10,
      "speaker": "user",
      "intent": "resume normal operations after signal recovery",
      "actions": [
        {
          "type": "mcp",
          "name": "move_to",
          "args": {
            "target": [
              180,
              140,
              40
            ],
            "speed": 12
          }
        }
      ],
      "obs": [
        {
          "tool": "move_to",
          "result": {
            "status": "reached",
            "target": [
              180,
              140,
              40
            ],
            "time_s": 86.4
          }
        }
      ],
      "net": {
        "slice": "URLLC",
        "lat_ms": 7,
        "jitter_ms": 0.9,
        "loss_pct": 0.03,
        "throughput_mbps": 100,
        "edge_load": 0.22
      }
    },
    {
      "turn": 11,
      "speaker": "agent",
      "intent": "verify final position and battery",
      "actions": [
        {
          "type": "mcp",
          "name": "read_telemetry",
          "args": {}
        }
      ],
      "obs": [
        {
          "tool": "read_telemetry",
          "result": {
            "pose": {
              "x": 180.0,
              "y": 140.0,
              "z": 40.0
            },
            "battery_pct": 88.7,
            "sensors": {
              "rgb": "ok",
              "thermal": "ok"
            }
          }
        }
      ],
      "net": {
        "slice": "URLLC",
        "lat_ms": 6,
        "jitter_ms": 0.6,
        "loss_pct": 0.01,
        "throughput_mbps": 120,
        "edge_load": 0.19
      }
    }
  ],
  "final_state": {
    "domain": "uav",
    "time_s": 86.4,
    "env": {
      "weather": "good",
      "wind_mps": 5.0,
      "wind_dir_deg": 120.0
    },
    "airspace": {
      "alt_bounds": [
        10.0,
        120.0
      ],
      "geofence": [
        {
          "type": "polygon",
          "points": [
            [
              0,
              0
            ],
            [
              200,
              0
            ],
            [
              200,
              150
            ],
            [
              0,
              150
            ]
          ]
        }
      ]
    },
    "uav": {
      "pose": {
        "x": 180.0,
        "y": 140.0,
        "z": 40.0,
        "yaw": 90.0
      },
      "speed_mps": 0.0,
      "energy": {
        "battery_pct": 88.7
      },
      "sensors": {
        "rgb": "ok",
        "thermal": "ok",
        "lidar": "offline",
        "radar": "offline",
        "gnss": "ok",
        "imu": "ok",
        "magnetometer": "ok",
        "barometer": "ok"
      },
      "payloads": []
    },
    "policy": {
      "alt_bounds": [
        10.0,
        120.0
      ]
    },
    "safety_flags": {
      "nfz_violation": false,
      "separation_breach": false
    }
  },
  "success": true,
  "_meta": {
    "seed": 42,
    "ts": 1763992877,
    "ts_iso": "2025-11-24T14:01:17Z",
    "gen_time_s": 47.397233963012695,
    "attempts_used": 1,
    "generation_failed": false,
    "usage": {
      "prompt_tokens": 1043,
      "completion_tokens": 3265,
      "total_tokens": 4308,
      "cost": 0.00277282,
      "is_byok": false,
      "prompt_tokens_details": {
        "cached_tokens": 624,
        "audio_tokens": 0,
        "video_tokens": 0
      },
      "cost_details": {
        "upstream_inference_cost": null,
        "upstream_inference_prompt_cost": 0.00016082,
        "upstream_inference_completions_cost": 0.002612
      },
      "completion_tokens_details": {
        "reasoning_tokens": 0,
        "image_tokens": 0
      }
    }
  }
}