{
  "initial_state": {
    "domain": "uav",
    "time_s": 0.0,
    "env": {
      "weather": "microburst_risk",
      "wind_mps": 9.0,
      "wind_dir_deg": 270.0
    },
    "airspace": {
      "alt_bounds": [
        5.0,
        120.0
      ],
      "geofence": [
        {
          "type": "polygon",
          "points": [
            [
              0,
              0
            ],
            [
              200,
              0
            ],
            [
              200,
              200
            ],
            [
              0,
              200
            ]
          ]
        }
      ]
    },
    "uav": {
      "pose": {
        "x": 10.0,
        "y": 10.0,
        "z": 30.0,
        "yaw": 90.0
      },
      "speed_mps": 18.0,
      "energy": {
        "battery_pct": 100.0
      },
      "sensors": {
        "rgb": "ok",
        "thermal": "ok",
        "lidar": "ok",
        "radar": "offline",
        "gnss": "ok",
        "imu": "ok",
        "magnetometer": "ok",
        "barometer": "ok"
      },
      "payloads": []
    },
    "policy": {
      "alt_bounds": [
        5.0,
        120.0
      ]
    },
    "safety_flags": {
      "nfz_violation": false,
      "separation_breach": false
    }
  },
  "dialogue": [
    {
      "turn": 1,
      "speaker": "agent",
      "intent": "initiate_inspection_mission",
      "actions": [
        {
          "type": "mcp",
          "name": "read_telemetry",
          "args": {}
        }
      ],
      "obs": [
        {
          "tool": "read_telemetry",
          "result": {
            "pose": {
              "x": 10.0,
              "y": 10.0,
              "z": 30.0
            },
            "battery_pct": 100.0,
            "speed_mps": 18.0
          }
        }
      ],
      "net": {
        "slice": "eMBB",
        "lat_ms": 12,
        "jitter_ms": 2,
        "loss_pct": 0.1,
        "throughput_mbps": 850,
        "edge_load": 0.45
      }
    },
    {
      "turn": 2,
      "speaker": "user",
      "intent": "confirm_mission_start",
      "actions": [
        {
          "type": "mcp",
          "name": "set_inspection_target",
          "args": {
            "target_id": "turbine_45",
            "target_pos": {
              "x": 150.0,
              "y": 150.0,
              "z": 80.0
            }
          }
        }
      ],
      "obs": [
        {
          "tool": "set_inspection_target",
          "result": {
            "status": "success",
            "target": "turbine_45"
          }
        }
      ],
      "net": {
        "slice": "eMBB",
        "lat_ms": 11,
        "jitter_ms": 1.8,
        "loss_pct": 0.05,
        "throughput_mbps": 900,
        "edge_load": 0.48
      }
    },
    {
      "turn": 3,
      "speaker": "agent",
      "intent": "navigate_to_target",
      "actions": [
        {
          "type": "mcp",
          "name": "plan_route",
          "args": {
            "start": {
              "x": 10.0,
              "y": 10.0,
              "z": 30.0
            },
            "goal": {
              "x": 150.0,
              "y": 150.0,
              "z": 80.0
            },
            "obstacles": []
          }
        }
      ],
      "obs": [
        {
          "tool": "plan_route",
          "result": {
            "route": [
              [
                10,
                10,
                30
              ],
              [
                80,
                80,
                60
              ],
              [
                150,
                150,
                80
              ]
            ],
            "eta_s": 45
          }
        }
      ],
      "net": {
        "slice": "eMBB",
        "lat_ms": 13,
        "jitter_ms": 2.1,
        "loss_pct": 0.12,
        "throughput_mbps": 870,
        "edge_load": 0.52
      }
    },
    {
      "turn": 4,
      "speaker": "user",
      "intent": "request_swarm_coordination",
      "actions": [
        {
          "type": "a2a",
          "task": "collision_avoidance",
          "to": "uav_swarm_agent",
          "payload": {
            "uav_id": "uav_7",
            "current_pose": {
              "x": 10.0,
              "y": 10.0,
              "z": 30.0
            },
            "route": [
              [
                10,
                10,
                30
              ],
              [
                80,
                80,
                60
              ],
              [
                150,
                150,
                80
              ]
            ]
          }
        }
      ],
      "obs": [
        {
          "task": "collision_avoidance",
          "from": "uav_swarm_agent",
          "status": "ok",
          "payload": {
            "clearance": true,
            "recommended_alt_offset": 0
          }
        }
      ],
      "net": {
        "slice": "URLLC",
        "lat_ms": 5,
        "jitter_ms": 0.8,
        "loss_pct": 0.01,
        "throughput_mbps": 120,
        "edge_load": 0.3
      }
    },
    {
      "turn": 5,
      "speaker": "agent",
      "intent": "execute_navigation",
      "actions": [
        {
          "type": "mcp",
          "name": "move_to",
          "args": {
            "waypoint": {
              "x": 80.0,
              "y": 80.0,
              "z": 60.0
            },
            "speed": 20.0
          }
        }
      ],
      "obs": [
        {
          "tool": "move_to",
          "result": {
            "status": "in_progress",
            "current_pose": {
              "x": 45.0,
              "y": 45.0,
              "z": 48.0
            }
          }
        }
      ],
      "net": {
        "slice": "eMBB",
        "lat_ms": 14,
        "jitter_ms": 2.5,
        "loss_pct": 0.15,
        "throughput_mbps": 820,
        "edge_load": 0.55
      }
    },
    {
      "turn": 6,
      "speaker": "user",
      "intent": "report_network_degradation",
      "actions": [],
      "obs": [],
      "net": {
        "slice": "eMBB",
        "lat_ms": 98,
        "jitter_ms": 15,
        "loss_pct": 8.5,
        "throughput_mbps": 120,
        "edge_load": 0.85
      }
    },
    {
      "turn": 7,
      "speaker": "agent",
      "intent": "adapt_to_network_loss",
      "actions": [
        {
          "type": "mcp",
          "name": "read_telemetry",
          "args": {}
        }
      ],
      "obs": [
        {
          "tool": "read_telemetry",
          "result": {
            "pose": {
              "x": 65.0,
              "y": 65.0,
              "z": 56.0
            },
            "battery_pct": 94.2,
            "speed_mps": 19.5
          }
        }
      ],
      "net": {
        "slice": "mMTC",
        "lat_ms": 210,
        "jitter_ms": 45,
        "loss_pct": 12.0,
        "throughput_mbps": 1.2,
        "edge_load": 0.92
      }
    },
    {
      "turn": 8,
      "speaker": "user",
      "intent": "authorize_emergency_procedure",
      "actions": [
        {
          "type": "mcp",
          "name": "activate_stabilization",
          "args": {
            "mode": "wind_shear_compensation"
          }
        }
      ],
      "obs": [
        {
          "tool": "activate_stabilization",
          "result": {
            "status": "engaged",
            "reduction_in_oscillation": "78%"
          }
        }
      ],
      "net": {
        "slice": "URLLC",
        "lat_ms": 6,
        "jitter_ms": 0.9,
        "loss_pct": 0.02,
        "throughput_mbps": 110,
        "edge_load": 0.35
      }
    },
    {
      "turn": 9,
      "speaker": "agent",
      "intent": "resume_and_approach",
      "actions": [
        {
          "type": "mcp",
          "name": "move_to",
          "args": {
            "waypoint": {
              "x": 150.0,
              "y": 150.0,
              "z": 80.0
            },
            "speed": 12.0
          }
        }
      ],
      "obs": [
        {
          "tool": "move_to",
          "result": {
            "status": "arrived",
            "final_pose": {
              "x": 150.0,
              "y": 150.0,
              "z": 80.0
            }
          }
        }
      ],
      "net": {
        "slice": "URLLC",
        "lat_ms": 7,
        "jitter_ms": 1.1,
        "loss_pct": 0.03,
        "throughput_mbps": 105,
        "edge_load": 0.38
      }
    },
    {
      "turn": 10,
      "speaker": "user",
      "intent": "initiate_inspection_scan",
      "actions": [
        {
          "type": "mcp",
          "name": "capture_inspection_data",
          "args": {
            "sensor": "rgb",
            "resolution": "4k",
            "duration_s": 30
          }
        }
      ],
      "obs": [
        {
          "tool": "capture_inspection_data",
          "result": {
            "status": "completed",
            "data_size_mb": 890,
            "anomalies_detected": [
              "crack_segment_3"
            ]
          }
        }
      ],
      "net": {
        "slice": "eMBB",
        "lat_ms": 16,
        "jitter_ms": 2.3,
        "loss_pct": 0.2,
        "throughput_mbps": 880,
        "edge_load": 0.5
      }
    },
    {
      "turn": 11,
      "speaker": "agent",
      "intent": "return_to_home",
      "actions": [
        {
          "type": "mcp",
          "name": "plan_route",
          "args": {
            "start": {
              "x": 150.0,
              "y": 150.0,
              "z": 80.0
            },
            "goal": {
              "x": 10.0,
              "y": 10.0,
              "z": 30.0
            }
          }
        }
      ],
      "obs": [
        {
          "tool": "plan_route",
          "result": {
            "route": [
              [
                150,
                150,
                80
              ],
              [
                80,
                80,
                50
              ],
              [
                10,
                10,
                30
              ]
            ],
            "eta_s": 50
          }
        }
      ],
      "net": {
        "slice": "URLLC",
        "lat_ms": 6,
        "jitter_ms": 0.7,
        "loss_pct": 0.01,
        "throughput_mbps": 115,
        "edge_load": 0.33
      }
    },
    {
      "turn": 12,
      "speaker": "user",
      "intent": "confirm_mission_completion",
      "actions": [],
      "obs": [],
      "net": {
        "slice": "URLLC",
        "lat_ms": 5,
        "jitter_ms": 0.6,
        "loss_pct": 0.0,
        "throughput_mbps": 125,
        "edge_load": 0.3
      }
    }
  ],
  "final_state": {
    "domain": "uav",
    "time_s": 120.0,
    "env": {
      "weather": "microburst_risk",
      "wind_mps": 9.0,
      "wind_dir_deg": 270.0
    },
    "airspace": {
      "alt_bounds": [
        5.0,
        120.0
      ],
      "geofence": [
        {
          "type": "polygon",
          "points": [
            [
              0,
              0
            ],
            [
              200,
              0
            ],
            [
              200,
              200
            ],
            [
              0,
              200
            ]
          ]
        }
      ]
    },
    "uav": {
      "pose": {
        "x": 10.0,
        "y": 10.0,
        "z": 30.0,
        "yaw": 90.0
      },
      "speed_mps": 0.0,
      "energy": {
        "battery_pct": 82.5
      },
      "sensors": {
        "rgb": "ok",
        "thermal": "ok",
        "lidar": "ok",
        "radar": "offline",
        "gnss": "ok",
        "imu": "ok",
        "magnetometer": "ok",
        "barometer": "ok"
      },
      "payloads": []
    },
    "policy": {
      "alt_bounds": [
        5.0,
        120.0
      ]
    },
    "safety_flags": {
      "nfz_violation": false,
      "separation_breach": false
    }
  },
  "success": true,
  "_meta": {
    "seed": 42,
    "ts": 1764063457,
    "ts_iso": "2025-11-25T09:37:37Z",
    "gen_time_s": 43.56510138511658,
    "attempts_used": 1,
    "generation_failed": false,
    "usage": {
      "prompt_tokens": 1057,
      "completion_tokens": 3570,
      "total_tokens": 4627,
      "cost": 0.00302166,
      "is_byok": false,
      "prompt_tokens_details": {
        "cached_tokens": 608,
        "audio_tokens": 0,
        "video_tokens": 0
      },
      "cost_details": {
        "upstream_inference_cost": null,
        "upstream_inference_prompt_cost": 0.00016566,
        "upstream_inference_completions_cost": 0.002856
      },
      "completion_tokens_details": {
        "reasoning_tokens": 0,
        "image_tokens": 0
      }
    }
  }
}