{
  "initial_state": {
    "domain": "uav",
    "time_s": 0.0,
    "env": {
      "weather": "icing",
      "wind_mps": 8.0,
      "wind_dir_deg": 270.0
    },
    "airspace": {
      "alt_bounds": [
        10.0,
        120.0
      ],
      "geofence": [
        {
          "type": "polygon",
          "points": [
            [
              0.0,
              0.0
            ],
            [
              0.0,
              500.0
            ],
            [
              500.0,
              500.0
            ],
            [
              500.0,
              0.0
            ]
          ]
        }
      ]
    },
    "uav": {
      "pose": {
        "x": 50.0,
        "y": 50.0,
        "z": 30.0,
        "yaw": 90.0
      },
      "speed_mps": 22.0,
      "energy": {
        "battery_pct": 100.0
      },
      "sensors": {
        "rgb": "ok",
        "thermal": "ok",
        "lidar": "ok",
        "radar": "offline",
        "gnss": "ok",
        "imu": "ok",
        "magnetometer": "ok",
        "barometer": "ok"
      },
      "payloads": []
    },
    "policy": {
      "alt_bounds": [
        10.0,
        120.0
      ]
    },
    "safety_flags": {
      "nfz_violation": false,
      "separation_breach": false
    }
  },
  "dialogue": [
    {
      "turn": 1,
      "speaker": "agent",
      "intent": "initiate mission and check telemetry",
      "actions": [
        {
          "type": "mcp",
          "name": "read_telemetry",
          "args": {}
        }
      ],
      "obs": [
        {
          "tool": "read_telemetry",
          "result": {
            "pose": {
              "x": 50.0,
              "y": 50.0,
              "z": 30.0,
              "yaw": 90.0
            },
            "speed_mps": 22.0,
            "battery_pct": 100.0,
            "sensors": {
              "radar": "offline"
            }
          }
        }
      ],
      "net": {
        "slice": "eMBB",
        "lat_ms": 12,
        "jitter_ms": 2,
        "loss_pct": 0.1,
        "throughput_mbps": 850,
        "edge_load": 0.45
      }
    },
    {
      "turn": 2,
      "speaker": "user",
      "intent": "confirm radar issue and approve inspection",
      "actions": [],
      "obs": [],
      "net": {
        "slice": "eMBB",
        "lat_ms": 13,
        "jitter_ms": 3,
        "loss_pct": 0.1,
        "throughput_mbps": 830,
        "edge_load": 0.47
      }
    },
    {
      "turn": 3,
      "speaker": "agent",
      "intent": "request swarm coordination for collision avoidance",
      "actions": [
        {
          "type": "a2a",
          "task": "collision_avoidance",
          "to": "uav_swarm_agent",
          "payload": {
            "current_pose": {
              "x": 50.0,
              "y": 50.0,
              "z": 30.0
            },
            "route": [
              {
                "x": 100.0,
                "y": 100.0,
                "z": 40.0
              },
              {
                "x": 200.0,
                "y": 200.0,
                "z": 60.0
              }
            ]
          }
        }
      ],
      "obs": [
        {
          "task": "collision_avoidance",
          "from": "uav_swarm_agent",
          "status": "ok",
          "payload": {
            "safe": true,
            "suggested_alt": 45.0
          }
        }
      ],
      "net": {
        "slice": "URLLC",
        "lat_ms": 8,
        "jitter_ms": 1,
        "loss_pct": 0.05,
        "throughput_mbps": 120,
        "edge_load": 0.3
      }
    },
    {
      "turn": 4,
      "speaker": "user",
      "intent": "acknowledge swarm coordination and request status update",
      "actions": [
        {
          "type": "mcp",
          "name": "read_telemetry",
          "args": {}
        }
      ],
      "obs": [
        {
          "tool": "read_telemetry",
          "result": {
            "battery_pct": 98.7,
            "pose": {
              "x": 75.0,
              "y": 75.0,
              "z": 45.0
            },
            "speed_mps": 20.5
          }
        }
      ],
      "net": {
        "slice": "URLLC",
        "lat_ms": 9,
        "jitter_ms": 1,
        "loss_pct": 0.07,
        "throughput_mbps": 110,
        "edge_load": 0.35
      }
    },
    {
      "turn": 5,
      "speaker": "agent",
      "intent": "initiate thermal imaging due to icing risk",
      "actions": [
        {
          "type": "mcp",
          "name": "activate_sensor",
          "args": {
            "sensor": "thermal",
            "mode": "high_res"
          }
        }
      ],
      "obs": [
        {
          "tool": "activate_sensor",
          "result": {
            "sensor": "thermal",
            "status": "active",
            "mode": "high_res"
          }
        }
      ],
      "net": {
        "slice": "eMBB",
        "lat_ms": 15,
        "jitter_ms": 4,
        "loss_pct": 0.2,
        "throughput_mbps": 780,
        "edge_load": 0.55
      }
    },
    {
      "turn": 6,
      "speaker": "user",
      "intent": "request data offload for thermal images",
      "actions": [
        {
          "type": "mcp",
          "name": "offload_data",
          "args": {
            "sensor": "thermal",
            "volume_mb": 120
          }
        }
      ],
      "obs": [
        {
          "tool": "offload_data",
          "result": {
            "status": "queued",
            "reason": "high edge load, delaying large transfer"
          }
        }
      ],
      "net": {
        "slice": "eMBB",
        "lat_ms": 120,
        "jitter_ms": 25,
        "loss_pct": 5.0,
        "throughput_mbps": 200,
        "edge_load": 0.92
      }
    },
    {
      "turn": 7,
      "speaker": "agent",
      "intent": "adapt to network degradation, switch to URLLC for critical control",
      "actions": [
        {
          "type": "mcp",
          "name": "switch_network_slice",
          "args": {
            "target": "URLLC"
          }
        },
        {
          "type": "mcp",
          "name": "read_telemetry",
          "args": {}
        }
      ],
      "obs": [
        {
          "tool": "switch_network_slice",
          "result": {
            "status": "success",
            "current": "URLLC"
          }
        },
        {
          "tool": "read_telemetry",
          "result": {
            "pose": {
              "x": 150.0,
              "y": 150.0,
              "z": 55.0
            },
            "battery_pct": 96.2,
            "speed_mps": 19.8
          }
        }
      ],
      "net": {
        "slice": "URLLC",
        "lat_ms": 7,
        "jitter_ms": 1,
        "loss_pct": 0.04,
        "throughput_mbps": 150,
        "edge_load": 0.28
      }
    },
    {
      "turn": 8,
      "speaker": "user",
      "intent": "instruct return to base due to icing",
      "actions": [],
      "obs": [],
      "net": {
        "slice": "URLLC",
        "lat_ms": 8,
        "jitter_ms": 1,
        "loss_pct": 0.06,
        "throughput_mbps": 140,
        "edge_load": 0.32
      }
    },
    {
      "turn": 9,
      "speaker": "agent",
      "intent": "initiate return and conserve power",
      "actions": [
        {
          "type": "mcp",
          "name": "set_speed",
          "args": {
            "value_mps": 15.0
          }
        },
        {
          "type": "mcp",
          "name": "deactivate_sensor",
          "args": {
            "sensor": "thermal"
          }
        }
      ],
      "obs": [
        {
          "tool": "set_speed",
          "result": {
            "status": "adjusted",
            "current": 15.0
          }
        },
        {
          "tool": "deactivate_sensor",
          "result": {
            "sensor": "thermal",
            "status": "off"
          }
        }
      ],
      "net": {
        "slice": "URLLC",
        "lat_ms": 9,
        "jitter_ms": 1,
        "loss_pct": 0.05,
        "throughput_mbps": 135,
        "edge_load": 0.31
      }
    },
    {
      "turn": 10,
      "speaker": "user",
      "intent": "confirm return path is safe",
      "actions": [
        {
          "type": "a2a",
          "task": "verify_route_safety",
          "to": "uav_swarm_agent",
          "payload": {
            "route": [
              {
                "x": 150.0,
                "y": 150.0,
                "z": 55.0
              },
              {
                "x": 50.0,
                "y": 50.0,
                "z": 30.0
              }
            ]
          }
        }
      ],
      "obs": [
        {
          "task": "verify_route_safety",
          "from": "uav_swarm_agent",
          "status": "ok",
          "payload": {
            "clear": true
          }
        }
      ],
      "net": {
        "slice": "URLLC",
        "lat_ms": 10,
        "jitter_ms": 2,
        "loss_pct": 0.08,
        "throughput_mbps": 130,
        "edge_load": 0.34
      }
    },
    {
      "turn": 11,
      "speaker": "agent",
      "intent": "land safely at origin",
      "actions": [
        {
          "type": "mcp",
          "name": "execute_landing",
          "args": {
            "target": "origin"
          }
        }
      ],
      "obs": [
        {
          "tool": "execute_landing",
          "result": {
            "status": "completed",
            "final_pose": {
              "x": 50.0,
              "y": 50.0,
              "z": 0.0
            }
          }
        }
      ],
      "net": {
        "slice": "URLLC",
        "lat_ms": 8,
        "jitter_ms": 1,
        "loss_pct": 0.03,
        "throughput_mbps": 160,
        "edge_load": 0.25
      }
    }
  ],
  "final_state": {
    "domain": "uav",
    "time_s": 180.0,
    "env": {
      "weather": "icing",
      "wind_mps": 8.0,
      "wind_dir_deg": 270.0
    },
    "airspace": {
      "alt_bounds": [
        10.0,
        120.0
      ],
      "geofence": [
        {
          "type": "polygon",
          "points": [
            [
              0.0,
              0.0
            ],
            [
              0.0,
              500.0
            ],
            [
              500.0,
              500.0
            ],
            [
              500.0,
              0.0
            ]
          ]
        }
      ]
    },
    "uav": {
      "pose": {
        "x": 50.0,
        "y": 50.0,
        "z": 0.0,
        "yaw": 90.0
      },
      "speed_mps": 0.0,
      "energy": {
        "battery_pct": 88.5
      },
      "sensors": {
        "rgb": "ok",
        "thermal": "ok",
        "lidar": "ok",
        "radar": "offline",
        "gnss": "ok",
        "imu": "ok",
        "magnetometer": "ok",
        "barometer": "ok"
      },
      "payloads": []
    },
    "policy": {
      "alt_bounds": [
        10.0,
        120.0
      ]
    },
    "safety_flags": {
      "nfz_violation": false,
      "separation_breach": false
    }
  },
  "success": true,
  "_meta": {
    "seed": 42,
    "ts": 1763746855,
    "ts_iso": "2025-11-21T17:40:55Z",
    "gen_time_s": 103.29011702537537,
    "attempts_used": 2,
    "generation_failed": false,
    "usage": {
      "prompt_tokens": 1108,
      "completion_tokens": 3362,
      "total_tokens": 4470,
      "cost": 0.00281192,
      "is_byok": false,
      "prompt_tokens_details": {
        "cached_tokens": 1104,
        "audio_tokens": 0,
        "video_tokens": 0
      },
      "cost_details": {
        "upstream_inference_cost": null,
        "upstream_inference_prompt_cost": 0.00012232,
        "upstream_inference_completions_cost": 0.0026896
      },
      "completion_tokens_details": {
        "reasoning_tokens": 0,
        "image_tokens": 0
      }
    }
  }
}