{
  "initial_state": {
    "domain": "uav",
    "time_s": 0.0,
    "env": {
      "weather": "rain",
      "wind_mps": 6.5,
      "wind_dir_deg": 240.0
    },
    "airspace": {
      "alt_bounds": [
        10.0,
        300.0
      ],
      "geofence": [
        {
          "type": "polygon",
          "points": [
            [
              0.0,
              0.0
            ],
            [
              1500.0,
              0.0
            ],
            [
              1500.0,
              1200.0
            ],
            [
              0.0,
              1200.0
            ]
          ]
        }
      ]
    },
    "uav": {
      "pose": {
        "x": 150.0,
        "y": 100.0,
        "z": 10.0,
        "yaw": 270.0
      },
      "speed_mps": 22.0,
      "energy": {
        "battery_pct": 100.0
      },
      "sensors": {
        "rgb": "ok",
        "thermal": "ok",
        "lidar": "offline",
        "radar": "offline",
        "gnss": "ok",
        "imu": "ok",
        "magnetometer": "ok",
        "barometer": "ok"
      },
      "payloads": []
    },
    "policy": {
      "alt_bounds": [
        10.0,
        300.0
      ]
    },
    "safety_flags": {
      "nfz_violation": false,
      "separation_breach": false
    }
  },
  "dialogue": [
    {
      "turn": 1,
      "speaker": "agent",
      "intent": "initiate mission under adverse weather",
      "actions": [
        {
          "type": "mcp",
          "name": "read_telemetry",
          "args": {}
        },
        {
          "type": "mcp",
          "name": "activate_sensor",
          "args": {
            "sensor": "lidar"
          }
        }
      ],
      "obs": [
        {
          "tool": "read_telemetry",
          "result": {
            "pose": {
              "x": 150.0,
              "y": 100.0,
              "z": 10.0,
              "yaw": 270.0
            },
            "speed_mps": 22.0,
            "battery_pct": 100.0
          }
        },
        {
          "tool": "activate_sensor",
          "result": {
            "sensor": "lidar",
            "status": "failed",
            "reason": "sensor not available in rain"
          }
        }
      ],
      "net": {
        "slice": "eMBB",
        "lat_ms": 12,
        "jitter_ms": 2,
        "loss_pct": 0.1,
        "throughput_mbps": 850,
        "edge_load": 0.45
      }
    },
    {
      "turn": 2,
      "speaker": "user",
      "intent": "confirm sensor status and adjust mission",
      "actions": [
        {
          "type": "mcp",
          "name": "check_weather_impact",
          "args": {
            "sensor": "lidar"
          }
        }
      ],
      "obs": [
        {
          "tool": "check_weather_impact",
          "result": {
            "sensor": "lidar",
            "impact": "severe",
            "advice": "use thermal and radar instead"
          }
        }
      ],
      "net": {
        "slice": "eMBB",
        "lat_ms": 11,
        "jitter_ms": 1.8,
        "loss_pct": 0.05,
        "throughput_mbps": 870,
        "edge_load": 0.47
      }
    },
    {
      "turn": 3,
      "speaker": "agent",
      "intent": "adapt sensor usage due to weather",
      "actions": [
        {
          "type": "mcp",
          "name": "activate_sensor",
          "args": {
            "sensor": "radar"
          }
        },
        {
          "type": "a2a",
          "task": "request_weather_compensation",
          "to": "weather_compensation_agent",
          "payload": {
            "current_wind": 6.5,
            "direction": 240.0
          }
        }
      ],
      "obs": [
        {
          "tool": "activate_sensor",
          "result": {
            "sensor": "radar",
            "status": "ok"
          }
        },
        {
          "task": "request_weather_compensation",
          "from": "weather_compensation_agent",
          "status": "ok",
          "payload": {
            "thrust_adjustment": 0.12,
            "pitch_bias": 3.5
          }
        }
      ],
      "net": {
        "slice": "URLLC",
        "lat_ms": 8,
        "jitter_ms": 0.9,
        "loss_pct": 0.02,
        "throughput_mbps": 120,
        "edge_load": 0.38
      }
    },
    {
      "turn": 4,
      "speaker": "user",
      "intent": "authorize route adjustment",
      "actions": [
        {
          "type": "mcp",
          "name": "plan_route",
          "args": {
            "origin": [
              150.0,
              100.0
            ],
            "destination": [
              1300.0,
              1100.0
            ],
            "altitude": 150.0
          }
        }
      ],
      "obs": [
        {
          "tool": "plan_route",
          "result": {
            "route": [
              [
                150.0,
                100.0
              ],
              [
                400.0,
                300.0
              ],
              [
                800.0,
                700.0
              ],
              [
                1300.0,
                1100.0
              ]
            ],
            "estimated_time_s": 185.0,
            "battery_cost_pct": 18.3
          }
        }
      ],
      "net": {
        "slice": "eMBB",
        "lat_ms": 14,
        "jitter_ms": 2.1,
        "loss_pct": 0.2,
        "throughput_mbps": 800,
        "edge_load": 0.52
      }
    },
    {
      "turn": 5,
      "speaker": "agent",
      "intent": "execute flight plan with safety checks",
      "actions": [
        {
          "type": "mcp",
          "name": "validate_geofence",
          "args": {
            "route": [
              [
                150.0,
                100.0
              ],
              [
                400.0,
                300.0
              ],
              [
                800.0,
                700.0
              ],
              [
                1300.0,
                1100.0
              ]
            ]
          }
        },
        {
          "type": "mcp",
          "name": "takeoff",
          "args": {
            "target_altitude": 150.0
          }
        }
      ],
      "obs": [
        {
          "tool": "validate_geofence",
          "result": {
            "valid": true,
            "breaches": []
          }
        },
        {
          "tool": "takeoff",
          "result": {
            "status": "in_progress",
            "current_altitude": 75.0
          }
        }
      ],
      "net": {
        "slice": "URLLC",
        "lat_ms": 9,
        "jitter_ms": 1.0,
        "loss_pct": 0.03,
        "throughput_mbps": 110,
        "edge_load": 0.41
      }
    },
    {
      "turn": 6,
      "speaker": "user",
      "intent": "monitor mid-flight telemetry",
      "actions": [
        {
          "type": "mcp",
          "name": "read_telemetry",
          "args": {}
        }
      ],
      "obs": [
        {
          "tool": "read_telemetry",
          "result": {
            "pose": {
              "x": 320.0,
              "y": 250.0,
              "z": 148.0,
              "yaw": 270.0
            },
            "speed_mps": 21.5,
            "battery_pct": 96.2
          }
        }
      ],
      "net": {
        "slice": "mMTC",
        "lat_ms": 200,
        "jitter_ms": 25,
        "loss_pct": 5.0,
        "throughput_mbps": 1.2,
        "edge_load": 0.85
      }
    },
    {
      "turn": 7,
      "speaker": "agent",
      "intent": "reduce data usage due to network degradation",
      "actions": [
        {
          "type": "mcp",
          "name": "reduce_streaming_resolution",
          "args": {
            "stream": "thermal",
            "target": "low"
          }
        },
        {
          "type": "a2a",
          "task": "collision_avoidance",
          "to": "uav_swarm_agent",
          "payload": {
            "current_position": [
              320.0,
              250.0,
              148.0
            ],
            "velocity": 21.5
          }
        }
      ],
      "obs": [
        {
          "tool": "reduce_streaming_resolution",
          "result": {
            "stream": "thermal",
            "resolution": "low",
            "bandwidth_saved_mbps": 45.0
          }
        },
        {
          "task": "collision_avoidance",
          "from": "uav_swarm_agent",
          "status": "ok",
          "payload": {
            "recommended_heading": 275.0,
            "safe": true
          }
        }
      ],
      "net": {
        "slice": "mMTC",
        "lat_ms": 190,
        "jitter_ms": 30,
        "loss_pct": 6.2,
        "throughput_mbps": 0.9,
        "edge_load": 0.88
      }
    },
    {
      "turn": 8,
      "speaker": "user",
      "intent": "request emergency landing option",
      "actions": [
        {
          "type": "mcp",
          "name": "find_nearest_landing_zone",
          "args": {}
        }
      ],
      "obs": [
        {
          "tool": "find_nearest_landing_zone",
          "result": {
            "location": [
              1350.0,
              1150.0
            ],
            "distance_m": 180.0,
            "safe": true
          }
        }
      ],
      "net": {
        "slice": "URLLC",
        "lat_ms": 10,
        "jitter_ms": 1.2,
        "loss_pct": 0.01,
        "throughput_mbps": 100,
        "edge_load": 0.43
      }
    },
    {
      "turn": 9,
      "speaker": "agent",
      "intent": "proceed to destination with caution",
      "actions": [
        {
          "type": "mcp",
          "name": "adjust_heading",
          "args": {
            "target_heading": 275.0
          }
        },
        {
          "type": "mcp",
          "name": "capture_thermal_image",
          "args": {
            "location": [
              800.0,
              700.0
            ]
          }
        }
      ],
      "obs": [
        {
          "tool": "adjust_heading",
          "result": {
            "previous": 270.0,
            "current": 275.0
          }
        },
        {
          "tool": "capture_thermal_image",
          "result": {
            "status": "success",
            "image_id": "thermal_8821",
            "anomalies_detected": [
              "hotspot"
            ]
          }
        }
      ],
      "net": {
        "slice": "URLLC",
        "lat_ms": 7,
        "jitter_ms": 0.8,
        "loss_pct": 0.0,
        "throughput_mbps": 130,
        "edge_load": 0.35
      }
    },
    {
      "turn": 10,
      "speaker": "user",
      "intent": "acknowledge hotspot and continue",
      "actions": [],
      "obs": [],
      "net": {
        "slice": "eMBB",
        "lat_ms": 13,
        "jitter_ms": 2.0,
        "loss_pct": 0.1,
        "throughput_mbps": 820,
        "edge_load": 0.49
      }
    },
    {
      "turn": 11,
      "speaker": "agent",
      "intent": "land at destination",
      "actions": [
        {
          "type": "mcp",
          "name": "land",
          "args": {
            "target_location": [
              1300.0,
              1100.0
            ]
          }
        }
      ],
      "obs": [
        {
          "tool": "land",
          "result": {
            "status": "completed",
            "final_pose": {
              "x": 1300.0,
              "y": 1100.0,
              "z": 10.0,
              "yaw": 275.0
            },
            "battery_pct": 81.5
          }
        }
      ],
      "net": {
        "slice": "URLLC",
        "lat_ms": 8,
        "jitter_ms": 1.1,
        "loss_pct": 0.02,
        "throughput_mbps": 115,
        "edge_load": 0.4
      }
    }
  ],
  "final_state": {
    "domain": "uav",
    "time_s": 195.0,
    "env": {
      "weather": "rain",
      "wind_mps": 6.5,
      "wind_dir_deg": 240.0
    },
    "airspace": {
      "alt_bounds": [
        10.0,
        300.0
      ],
      "geofence": [
        {
          "type": "polygon",
          "points": [
            [
              0.0,
              0.0
            ],
            [
              1500.0,
              0.0
            ],
            [
              1500.0,
              1200.0
            ],
            [
              0.0,
              1200.0
            ]
          ]
        }
      ]
    },
    "uav": {
      "pose": {
        "x": 1300.0,
        "y": 1100.0,
        "z": 10.0,
        "yaw": 275.0
      },
      "speed_mps": 0.0,
      "energy": {
        "battery_pct": 81.5
      },
      "sensors": {
        "rgb": "ok",
        "thermal": "ok",
        "lidar": "offline",
        "radar": "ok",
        "gnss": "ok",
        "imu": "ok",
        "magnetometer": "ok",
        "barometer": "ok"
      },
      "payloads": []
    },
    "policy": {
      "alt_bounds": [
        10.0,
        300.0
      ]
    },
    "safety_flags": {
      "nfz_violation": false,
      "separation_breach": false
    }
  },
  "success": true,
  "_meta": {
    "seed": 42,
    "ts": 1763853573,
    "ts_iso": "2025-11-22T23:19:33Z",
    "gen_time_s": 96.37560391426086,
    "attempts_used": 2,
    "generation_failed": false,
    "usage": {
      "prompt_tokens": 1110,
      "completion_tokens": 3866,
      "total_tokens": 4976,
      "cost": 0.00326836,
      "is_byok": false,
      "prompt_tokens_details": {
        "cached_tokens": 624,
        "audio_tokens": 0,
        "video_tokens": 0
      },
      "cost_details": {
        "upstream_inference_cost": null,
        "upstream_inference_prompt_cost": 0.00017556,
        "upstream_inference_completions_cost": 0.0030928
      },
      "completion_tokens_details": {
        "reasoning_tokens": 0,
        "image_tokens": 0
      }
    }
  }
}