{
  "initial_state": {
    "domain": "uav",
    "time_s": 0.0,
    "env": {
      "weather": "icing",
      "wind_mps": 7.2,
      "wind_dir_deg": 240.0
    },
    "airspace": {
      "alt_bounds": [
        5.0,
        120.0
      ],
      "geofence": [
        {
          "type": "polygon",
          "points": [
            [
              0,
              0
            ],
            [
              800,
              0
            ],
            [
              800,
              600
            ],
            [
              0,
              600
            ]
          ]
        }
      ]
    },
    "uav": {
      "pose": {
        "x": 50.0,
        "y": 50.0,
        "z": 10.0,
        "yaw": 90.0
      },
      "speed_mps": 22.0,
      "energy": {
        "battery_pct": 100.0
      },
      "sensors": {
        "rgb": "ok",
        "thermal": "offline",
        "lidar": "ok",
        "radar": "offline",
        "gnss": "ok",
        "imu": "ok",
        "magnetometer": "ok",
        "barometer": "ok"
      },
      "payloads": []
    },
    "policy": {
      "alt_bounds": [
        5.0,
        120.0
      ]
    },
    "safety_flags": {
      "nfz_violation": false,
      "separation_breach": false
    }
  },
  "dialogue": [
    {
      "turn": 1,
      "speaker": "agent",
      "intent": "initiate mission and check telemetry",
      "actions": [
        {
          "type": "mcp",
          "name": "read_telemetry",
          "args": {}
        }
      ],
      "obs": [
        {
          "tool": "read_telemetry",
          "result": {
            "pose": {
              "x": 50.0,
              "y": 50.0,
              "z": 10.0,
              "yaw": 90.0
            },
            "speed_mps": 22.0,
            "battery_pct": 100.0,
            "sensors": {
              "rgb": "ok",
              "thermal": "offline",
              "lidar": "ok",
              "radar": "offline",
              "gnss": "ok",
              "imu": "ok"
            }
          }
        }
      ],
      "net": {
        "slice": "URLLC",
        "lat_ms": 3.2,
        "jitter_ms": 0.8,
        "loss_pct": 0.01,
        "throughput_mbps": 50,
        "edge_load": 0.3
      }
    },
    {
      "turn": 2,
      "speaker": "user",
      "intent": "confirm mission start and assign delivery waypoint",
      "actions": [
        {
          "type": "mcp",
          "name": "set_waypoint",
          "args": {
            "x": 700.0,
            "y": 550.0,
            "z": 80.0
          }
        }
      ],
      "obs": [
        {
          "tool": "set_waypoint",
          "result": {
            "status": "accepted",
            "target": {
              "x": 700.0,
              "y": 550.0,
              "z": 80.0
            }
          }
        }
      ],
      "net": {
        "slice": "eMBB",
        "lat_ms": 12.5,
        "jitter_ms": 2.1,
        "loss_pct": 0.05,
        "throughput_mbps": 120,
        "edge_load": 0.6
      }
    },
    {
      "turn": 3,
      "speaker": "agent",
      "intent": "verify geofence compliance and initiate flight",
      "actions": [
        {
          "type": "mcp",
          "name": "check_geofence",
          "args": {
            "path": [
              [
                50,
                50
              ],
              [
                700,
                550
              ]
            ]
          }
        }
      ],
      "obs": [
        {
          "tool": "check_geofence",
          "result": {
            "status": "clear",
            "path_valid": true
          }
        }
      ],
      "net": {
        "slice": "URLLC",
        "lat_ms": 4.1,
        "jitter_ms": 0.9,
        "loss_pct": 0.02,
        "throughput_mbps": 45,
        "edge_load": 0.4
      }
    },
    {
      "turn": 4,
      "speaker": "user",
      "intent": "request thermal sensor activation",
      "actions": [
        {
          "type": "mcp",
          "name": "activate_sensor",
          "args": {
            "sensor": "thermal"
          }
        }
      ],
      "obs": [
        {
          "tool": "activate_sensor",
          "result": {
            "sensor": "thermal",
            "status": "failed",
            "reason": "hardware_fault_icing"
          }
        }
      ],
      "net": {
        "slice": "mMTC",
        "lat_ms": 8.0,
        "jitter_ms": 3.0,
        "loss_pct": 0.5,
        "throughput_mbps": 1.2,
        "edge_load": 0.2
      }
    },
    {
      "turn": 5,
      "speaker": "agent",
      "intent": "report sensor failure and initiate swarm coordination for path monitoring",
      "actions": [
        {
          "type": "a2a",
          "task": "collision_avoidance",
          "to": "uav_swarm_agent",
          "payload": {
            "current_pose": {
              "x": 50.0,
              "y": 50.0,
              "z": 10.0
            },
            "waypoint": {
              "x": 700.0,
              "y": 550.0,
              "z": 80.0
            },
            "timestamp": 5.1
          }
        }
      ],
      "obs": [
        {
          "task": "collision_avoidance",
          "from": "uav_swarm_agent",
          "status": "ok",
          "payload": {
            "recommended_alt": 85.0,
            "obstacle_ahead": false
          }
        }
      ],
      "net": {
        "slice": "URLLC",
        "lat_ms": 3.8,
        "jitter_ms": 0.7,
        "loss_pct": 0.01,
        "throughput_mbps": 55,
        "edge_load": 0.35
      }
    },
    {
      "turn": 6,
      "speaker": "user",
      "intent": "approve altitude adjustment",
      "actions": [
        {
          "type": "mcp",
          "name": "set_waypoint",
          "args": {
            "x": 700.0,
            "y": 550.0,
            "z": 85.0
          }
        }
      ],
      "obs": [
        {
          "tool": "set_waypoint",
          "result": {
            "status": "accepted",
            "target": {
              "x": 700.0,
              "y": 550.0,
              "z": 85.0
            }
          }
        }
      ],
      "net": {
        "slice": "eMBB",
        "lat_ms": 14.0,
        "jitter_ms": 2.5,
        "loss_pct": 0.1,
        "throughput_mbps": 100,
        "edge_load": 0.7
      }
    },
    {
      "turn": 7,
      "speaker": "agent",
      "intent": "monitor telemetry under icing conditions",
      "actions": [
        {
          "type": "mcp",
          "name": "read_telemetry",
          "args": {}
        }
      ],
      "obs": [
        {
          "tool": "read_telemetry",
          "result": {
            "pose": {
              "x": 320.0,
              "y": 300.0,
              "z": 82.0,
              "yaw": 88.5
            },
            "speed_mps": 20.5,
            "battery_pct": 88.3,
            "sensors": {
              "lidar": "ok",
              "gnss": "degraded",
              "imu": "ok"
            }
          }
        }
      ],
      "net": {
        "slice": "URLLC",
        "lat_ms": 4.5,
        "jitter_ms": 1.0,
        "loss_pct": 0.03,
        "throughput_mbps": 40,
        "edge_load": 0.5
      }
    },
    {
      "turn": 8,
      "speaker": "user",
      "intent": "request emergency hold due to network degradation",
      "actions": [
        {
          "type": "mcp",
          "name": "hold_position",
          "args": {}
        }
      ],
      "obs": [
        {
          "tool": "hold_position",
          "result": {
            "status": "held",
            "position": {
              "x": 320.0,
              "y": 300.0,
              "z": 82.0
            }
          }
        }
      ],
      "net": {
        "slice": "mMTC",
        "lat_ms": 25.0,
        "jitter_ms": 10.0,
        "loss_pct": 2.5,
        "throughput_mbps": 0.8,
        "edge_load": 0.9
      }
    },
    {
      "turn": 9,
      "speaker": "agent",
      "intent": "switch to low-bandwidth telemetry polling",
      "actions": [
        {
          "type": "mcp",
          "name": "set_telemetry_rate",
          "args": {
            "rate_hz": 1
          }
        }
      ],
      "obs": [
        {
          "tool": "set_telemetry_rate",
          "result": {
            "rate_hz": 1,
            "status": "applied"
          }
        }
      ],
      "net": {
        "slice": "mMTC",
        "lat_ms": 22.0,
        "jitter_ms": 9.5,
        "loss_pct": 2.0,
        "throughput_mbps": 0.9,
        "edge_load": 0.85
      }
    },
    {
      "turn": 10,
      "speaker": "user",
      "intent": "resume mission after network recovery",
      "actions": [
        {
          "type": "mcp",
          "name": "resume_mission",
          "args": {}
        }
      ],
      "obs": [
        {
          "tool": "resume_mission",
          "result": {
            "status": "resumed",
            "target": {
              "x": 700.0,
              "y": 550.0,
              "z": 85.0
            }
          }
        }
      ],
      "net": {
        "slice": "URLLC",
        "lat_ms": 3.5,
        "jitter_ms": 0.8,
        "loss_pct": 0.01,
        "throughput_mbps": 52,
        "edge_load": 0.32
      }
    },
    {
      "turn": 11,
      "speaker": "agent",
      "intent": "confirm final approach and battery status",
      "actions": [
        {
          "type": "mcp",
          "name": "read_telemetry",
          "args": {}
        }
      ],
      "obs": [
        {
          "tool": "read_telemetry",
          "result": {
            "pose": {
              "x": 690.0,
              "y": 540.0,
              "z": 84.5,
              "yaw": 90.0
            },
            "speed_mps": 18.0,
            "battery_pct": 76.4,
            "sensors": {
              "lidar": "ok",
              "gnss": "ok",
              "imu": "ok"
            }
          }
        }
      ],
      "net": {
        "slice": "URLLC",
        "lat_ms": 3.3,
        "jitter_ms": 0.7,
        "loss_pct": 0.01,
        "throughput_mbps": 54,
        "edge_load": 0.3
      }
    }
  ],
  "final_state": {
    "domain": "uav",
    "time_s": 120.0,
    "env": {
      "weather": "icing",
      "wind_mps": 7.2,
      "wind_dir_deg": 240.0
    },
    "airspace": {
      "alt_bounds": [
        5.0,
        120.0
      ],
      "geofence": [
        {
          "type": "polygon",
          "points": [
            [
              0,
              0
            ],
            [
              800,
              0
            ],
            [
              800,
              600
            ],
            [
              0,
              600
            ]
          ]
        }
      ]
    },
    "uav": {
      "pose": {
        "x": 700.0,
        "y": 550.0,
        "z": 85.0,
        "yaw": 90.0
      },
      "speed_mps": 0.0,
      "energy": {
        "battery_pct": 76.0
      },
      "sensors": {
        "rgb": "ok",
        "thermal": "offline",
        "lidar": "ok",
        "radar": "offline",
        "gnss": "ok",
        "imu": "ok",
        "magnetometer": "ok",
        "barometer": "ok"
      },
      "payloads": []
    },
    "policy": {
      "alt_bounds": [
        5.0,
        120.0
      ]
    },
    "safety_flags": {
      "nfz_violation": false,
      "separation_breach": false
    }
  },
  "success": true,
  "_meta": {
    "seed": 42,
    "ts": 1763914583,
    "ts_iso": "2025-11-23T16:16:23Z",
    "gen_time_s": 45.33392071723938,
    "attempts_used": 1,
    "generation_failed": false,
    "usage": {
      "prompt_tokens": 1039,
      "completion_tokens": 3434,
      "total_tokens": 4473,
      "cost": 0.00286314,
      "is_byok": false,
      "prompt_tokens_details": {
        "cached_tokens": 1024,
        "audio_tokens": 0,
        "video_tokens": 0
      },
      "cost_details": {
        "upstream_inference_cost": null,
        "upstream_inference_prompt_cost": 0.00011594,
        "upstream_inference_completions_cost": 0.0027472
      },
      "completion_tokens_details": {
        "reasoning_tokens": 0,
        "image_tokens": 0
      }
    }
  }
}