{
  "initial_state": {
    "domain": "uav",
    "time_s": 0.0,
    "env": {
      "weather": "icing",
      "wind_mps": 4.5,
      "wind_dir_deg": 210.0
    },
    "airspace": {
      "alt_bounds": [
        2.0,
        60.0
      ],
      "geofence": [
        {
          "type": "polygon",
          "points": [
            [
              0.0,
              0.0
            ],
            [
              300.0,
              0.0
            ],
            [
              300.0,
              200.0
            ],
            [
              0.0,
              200.0
            ]
          ]
        }
      ]
    },
    "uav": {
      "pose": {
        "x": 20.0,
        "y": 20.0,
        "z": 10.0,
        "yaw": 45.0
      },
      "speed_mps": 22.0,
      "energy": {
        "battery_pct": 100.0
      },
      "sensors": {
        "rgb": "ok",
        "thermal": "ok",
        "lidar": "ok",
        "radar": "offline",
        "gnss": "ok",
        "imu": "ok",
        "magnetometer": "ok",
        "barometer": "ok"
      },
      "payloads": []
    },
    "policy": {
      "alt_bounds": [
        2.0,
        60.0
      ]
    },
    "safety_flags": {
      "nfz_violation": false,
      "separation_breach": false
    }
  },
  "dialogue": [
    {
      "turn": 1,
      "speaker": "agent",
      "intent": "initiate mission and check telemetry",
      "actions": [
        {
          "type": "mcp",
          "name": "read_telemetry",
          "args": {}
        }
      ],
      "obs": [
        {
          "tool": "read_telemetry",
          "result": {
            "pose": {
              "x": 20.0,
              "y": 20.0,
              "z": 10.0,
              "yaw": 45.0
            },
            "speed_mps": 22.0,
            "battery_pct": 100.0,
            "sensors": {
              "radar": "offline"
            }
          }
        }
      ],
      "net": {
        "slice": "URLLC",
        "lat_ms": 3.2,
        "jitter_ms": 0.8,
        "loss_pct": 0.01,
        "throughput_mbps": 50.0,
        "edge_load": 0.35
      }
    },
    {
      "turn": 2,
      "speaker": "user",
      "intent": "request status and radar check",
      "actions": [
        {
          "type": "mcp",
          "name": "diagnose_sensor",
          "args": {
            "sensor": "radar"
          }
        }
      ],
      "obs": [
        {
          "tool": "diagnose_sensor",
          "result": {
            "sensor": "radar",
            "status": "offline",
            "diagnosis": "icing on antenna array"
          }
        }
      ],
      "net": {
        "slice": "eMBB",
        "lat_ms": 15.0,
        "jitter_ms": 5.0,
        "loss_pct": 0.5,
        "throughput_mbps": 120.0,
        "edge_load": 0.65
      }
    },
    {
      "turn": 3,
      "speaker": "agent",
      "intent": "initiate de-icing and switch to thermal imaging",
      "actions": [
        {
          "type": "mcp",
          "name": "activate_deicing",
          "args": {
            "duration_s": 30
          }
        },
        {
          "type": "mcp",
          "name": "switch_sensor_mode",
          "args": {
            "sensor": "thermal",
            "mode": "high_gain"
          }
        }
      ],
      "obs": [
        {
          "tool": "activate_deicing",
          "result": {
            "status": "started",
            "duration_s": 30,
            "power_draw_pct": 8.0
          }
        },
        {
          "tool": "switch_sensor_mode",
          "result": {
            "sensor": "thermal",
            "mode": "high_gain",
            "status": "active"
          }
        }
      ],
      "net": {
        "slice": "URLLC",
        "lat_ms": 4.1,
        "jitter_ms": 1.0,
        "loss_pct": 0.02,
        "throughput_mbps": 45.0,
        "edge_load": 0.4
      }
    },
    {
      "turn": 4,
      "speaker": "user",
      "intent": "request swarm coordination for obstacle mapping",
      "actions": [
        {
          "type": "a2a",
          "task": "request_obstacle_map",
          "to": "uav_swarm_agent",
          "payload": {
            "area": {
              "min_x": 0.0,
              "max_x": 300.0,
              "min_y": 0.0,
              "max_y": 200.0
            },
            "priority": "high"
          }
        }
      ],
      "obs": [
        {
          "task": "request_obstacle_map",
          "from": "uav_swarm_agent",
          "status": "ok",
          "payload": {
            "obstacles": [
              {
                "x": 150.0,
                "y": 100.0,
                "radius": 10.0
              }
            ],
            "timestamp": 1.2
          }
        }
      ],
      "net": {
        "slice": "mMTC",
        "lat_ms": 25.0,
        "jitter_ms": 10.0,
        "loss_pct": 1.2,
        "throughput_mbps": 1.5,
        "edge_load": 0.8
      }
    },
    {
      "turn": 5,
      "speaker": "agent",
      "intent": "plan path avoiding obstacle and conserve battery",
      "actions": [
        {
          "type": "mcp",
          "name": "compute_path",
          "args": {
            "start": {
              "x": 20.0,
              "y": 20.0
            },
            "goal": {
              "x": 280.0,
              "y": 180.0
            },
            "obstacles": [
              {
                "x": 150.0,
                "y": 100.0,
                "radius": 10.0
              }
            ]
          }
        }
      ],
      "obs": [
        {
          "tool": "compute_path",
          "result": {
            "path": [
              {
                "x": 20.0,
                "y": 20.0
              },
              {
                "x": 100.0,
                "y": 60.0
              },
              {
                "x": 200.0,
                "y": 140.0
              },
              {
                "x": 280.0,
                "y": 180.0
              }
            ],
            "estimated_time_s": 42.5,
            "battery_cost_pct": 8.2
          }
        }
      ],
      "net": {
        "slice": "URLLC",
        "lat_ms": 3.8,
        "jitter_ms": 0.9,
        "loss_pct": 0.01,
        "throughput_mbps": 52.0,
        "edge_load": 0.38
      }
    },
    {
      "turn": 6,
      "speaker": "user",
      "intent": "approve path and request video stream",
      "actions": [
        {
          "type": "mcp",
          "name": "start_video_stream",
          "args": {
            "resolution": "720p",
            "bitrate_kbps": 1500
          }
        }
      ],
      "obs": [
        {
          "tool": "start_video_stream",
          "result": {
            "status": "active",
            "stream_id": "vid_7a3f2e",
            "resolution": "720p",
            "bitrate_kbps": 1500
          }
        }
      ],
      "net": {
        "slice": "eMBB",
        "lat_ms": 20.0,
        "jitter_ms": 8.0,
        "loss_pct": 0.8,
        "throughput_mbps": 100.0,
        "edge_load": 0.75
      }
    },
    {
      "turn": 7,
      "speaker": "agent",
      "intent": "detect network degradation and adapt",
      "actions": [
        {
          "type": "mcp",
          "name": "monitor_network",
          "args": {}
        }
      ],
      "obs": [
        {
          "tool": "monitor_network",
          "result": {
            "slice": "eMBB",
            "lat_ms": 45.0,
            "jitter_ms": 25.0,
            "loss_pct": 5.0,
            "throughput_mbps": 30.0,
            "recommendation": "switch to URLLC for control"
          }
        }
      ],
      "net": {
        "slice": "eMBB",
        "lat_ms": 45.0,
        "jitter_ms": 25.0,
        "loss_pct": 5.0,
        "throughput_mbps": 30.0,
        "edge_load": 0.92
      }
    },
    {
      "turn": 8,
      "speaker": "user",
      "intent": "reduce bandwidth usage and maintain control",
      "actions": [
        {
          "type": "mcp",
          "name": "reduce_video_quality",
          "args": {
            "resolution": "480p",
            "bitrate_kbps": 500
          }
        },
        {
          "type": "mcp",
          "name": "switch_network_slice",
          "args": {
            "target_slice": "URLLC"
          }
        }
      ],
      "obs": [
        {
          "tool": "reduce_video_quality",
          "result": {
            "status": "applied",
            "resolution": "480p",
            "bitrate_kbps": 500
          }
        },
        {
          "tool": "switch_network_slice",
          "result": {
            "status": "success",
            "new_slice": "URLLC"
          }
        }
      ],
      "net": {
        "slice": "URLLC",
        "lat_ms": 5.0,
        "jitter_ms": 1.2,
        "loss_pct": 0.05,
        "throughput_mbps": 40.0,
        "edge_load": 0.5
      }
    },
    {
      "turn": 9,
      "speaker": "agent",
      "intent": "confirm safe arrival and terminate mission",
      "actions": [
        {
          "type": "mcp",
          "name": "read_telemetry",
          "args": {}
        }
      ],
      "obs": [
        {
          "tool": "read_telemetry",
          "result": {
            "pose": {
              "x": 280.0,
              "y": 180.0,
              "z": 12.0,
              "yaw": 90.0
            },
            "speed_mps": 0.0,
            "battery_pct": 89.5,
            "status": "landed"
          }
        }
      ],
      "net": {
        "slice": "URLLC",
        "lat_ms": 3.5,
        "jitter_ms": 0.7,
        "loss_pct": 0.01,
        "throughput_mbps": 48.0,
        "edge_load": 0.3
      }
    }
  ],
  "final_state": {
    "domain": "uav",
    "time_s": 42.5,
    "env": {
      "weather": "icing",
      "wind_mps": 4.5,
      "wind_dir_deg": 210.0
    },
    "airspace": {
      "alt_bounds": [
        2.0,
        60.0
      ],
      "geofence": [
        {
          "type": "polygon",
          "points": [
            [
              0.0,
              0.0
            ],
            [
              300.0,
              0.0
            ],
            [
              300.0,
              200.0
            ],
            [
              0.0,
              200.0
            ]
          ]
        }
      ]
    },
    "uav": {
      "pose": {
        "x": 280.0,
        "y": 180.0,
        "z": 12.0,
        "yaw": 90.0
      },
      "speed_mps": 0.0,
      "energy": {
        "battery_pct": 89.5
      },
      "sensors": {
        "rgb": "ok",
        "thermal": "active",
        "lidar": "ok",
        "radar": "recovering",
        "gnss": "ok",
        "imu": "ok",
        "magnetometer": "ok",
        "barometer": "ok"
      },
      "payloads": []
    },
    "policy": {
      "alt_bounds": [
        2.0,
        60.0
      ]
    },
    "safety_flags": {
      "nfz_violation": false,
      "separation_breach": false
    }
  },
  "success": true,
  "_meta": {
    "seed": 42,
    "ts": 1763866966,
    "ts_iso": "2025-11-23T03:02:46Z",
    "gen_time_s": 39.161149740219116,
    "attempts_used": 1,
    "generation_failed": false,
    "usage": {
      "prompt_tokens": 1060,
      "completion_tokens": 3351,
      "total_tokens": 4411,
      "cost": 0.00284712,
      "is_byok": false,
      "prompt_tokens_details": {
        "cached_tokens": 608,
        "audio_tokens": 0,
        "video_tokens": 0
      },
      "cost_details": {
        "upstream_inference_cost": null,
        "upstream_inference_prompt_cost": 0.00016632,
        "upstream_inference_completions_cost": 0.0026808
      },
      "completion_tokens_details": {
        "reasoning_tokens": 0,
        "image_tokens": 0
      }
    }
  }
}