{
  "initial_state": {
    "domain": "uav",
    "time_s": 0.0,
    "env": {
      "weather": "temperature_extremes_hot",
      "wind_mps": 8.0,
      "wind_dir_deg": 210.0
    },
    "airspace": {
      "alt_bounds": [
        5.0,
        120.0
      ],
      "geofence": [
        {
          "type": "polygon",
          "points": [
            [
              100.0,
              100.0
            ],
            [
              300.0,
              100.0
            ],
            [
              300.0,
              300.0
            ],
            [
              100.0,
              300.0
            ]
          ]
        }
      ]
    },
    "uav": {
      "pose": {
        "x": 120.0,
        "y": 120.0,
        "z": 30.0,
        "yaw": 90.0
      },
      "speed_mps": 35.0,
      "energy": {
        "battery_pct": 100.0
      },
      "sensors": {
        "rgb": "ok",
        "thermal": "offline",
        "lidar": "ok",
        "radar": "offline",
        "gnss": "ok",
        "imu": "ok",
        "magnetometer": "ok",
        "barometer": "ok"
      },
      "payloads": []
    },
    "policy": {
      "alt_bounds": [
        5.0,
        120.0
      ]
    },
    "safety_flags": {
      "nfz_violation": false,
      "separation_breach": false
    }
  },
  "dialogue": [
    {
      "turn": 1,
      "speaker": "agent",
      "intent": "initiate_survey_mission",
      "actions": [
        {
          "type": "mcp",
          "name": "read_telemetry",
          "args": {}
        },
        {
          "type": "a2a",
          "task": "request_weather_update",
          "to": "weather_agent",
          "payload": {
            "location": [
              200.0,
              200.0
            ]
          }
        }
      ],
      "obs": [
        {
          "tool": "read_telemetry",
          "result": {
            "pose": {
              "x": 120.0,
              "y": 120.0,
              "z": 30.0
            },
            "battery_pct": 100.0,
            "speed_mps": 35.0
          }
        },
        {
          "task": "request_weather_update",
          "from": "weather_agent",
          "status": "ok",
          "payload": {
            "temp_c": 48.2,
            "wind_mps": 8.0,
            "humidity": 15
          }
        }
      ],
      "net": {
        "slice": "eMBB",
        "lat_ms": 12,
        "jitter_ms": 2,
        "loss_pct": 0.1,
        "throughput_mbps": 850,
        "edge_load": 0.3
      }
    },
    {
      "turn": 2,
      "speaker": "user",
      "intent": "approve_mission",
      "actions": [
        {
          "type": "mcp",
          "name": "set_waypoint",
          "args": {
            "x": 200.0,
            "y": 200.0,
            "z": 60.0
          }
        }
      ],
      "obs": [
        {
          "tool": "set_waypoint",
          "result": {
            "status": "accepted",
            "eta_s": 24.5
          }
        }
      ],
      "net": {
        "slice": "eMBB",
        "lat_ms": 10,
        "jitter_ms": 1,
        "loss_pct": 0.05,
        "throughput_mbps": 900,
        "edge_load": 0.25
      }
    },
    {
      "turn": 3,
      "speaker": "agent",
      "intent": "navigate_to_target",
      "actions": [
        {
          "type": "mcp",
          "name": "execute_maneuver",
          "args": {
            "maneuver": "fly_to_waypoint",
            "waypoint_id": 1
          }
        },
        {
          "type": "a2a",
          "task": "collision_avoidance_check",
          "to": "uav_swarm_agent",
          "payload": {
            "current_pose": {
              "x": 120.0,
              "y": 120.0,
              "z": 30.0
            },
            "target_pose": {
              "x": 200.0,
              "y": 200.0,
              "z": 60.0
            }
          }
        }
      ],
      "obs": [
        {
          "tool": "execute_maneuver",
          "result": {
            "status": "in_progress",
            "current_speed": 32.0
          }
        },
        {
          "task": "collision_avoidance_check",
          "from": "uav_swarm_agent",
          "status": "clear",
          "payload": {
            "risk_level": "low"
          }
        }
      ],
      "net": {
        "slice": "URLLC",
        "lat_ms": 8,
        "jitter_ms": 1,
        "loss_pct": 0.02,
        "throughput_mbps": 100,
        "edge_load": 0.4
      }
    },
    {
      "turn": 4,
      "speaker": "user",
      "intent": "request_sensor_activation",
      "actions": [
        {
          "type": "mcp",
          "name": "activate_sensor",
          "args": {
            "sensor": "thermal"
          }
        }
      ],
      "obs": [
        {
          "tool": "activate_sensor",
          "result": {
            "sensor": "thermal",
            "status": "failed",
            "reason": "overheating_protection"
          }
        }
      ],
      "net": {
        "slice": "eMBB",
        "lat_ms": 15,
        "jitter_ms": 3,
        "loss_pct": 0.2,
        "throughput_mbps": 700,
        "edge_load": 0.5
      }
    },
    {
      "turn": 5,
      "speaker": "agent",
      "intent": "adapt_to_sensor_failure",
      "actions": [
        {
          "type": "mcp",
          "name": "read_telemetry",
          "args": {}
        },
        {
          "type": "a2a",
          "task": "request_backup_thermal",
          "to": "uav_swarm_agent",
          "payload": {
            "target_area": [
              190.0,
              190.0,
              210.0,
              210.0
            ]
          }
        }
      ],
      "obs": [
        {
          "tool": "read_telemetry",
          "result": {
            "pose": {
              "x": 165.0,
              "y": 165.0,
              "z": 48.0
            },
            "battery_pct": 96.0,
            "temperature_c": 72.0
          }
        },
        {
          "task": "request_backup_thermal",
          "from": "uav_swarm_agent",
          "status": "ok",
          "payload": {
            "data_received": true,
            "image_quality": "medium"
          }
        }
      ],
      "net": {
        "slice": "mMTC",
        "lat_ms": 50,
        "jitter_ms": 10,
        "loss_pct": 1.5,
        "throughput_mbps": 1.2,
        "edge_load": 0.7
      }
    },
    {
      "turn": 6,
      "speaker": "user",
      "intent": "adjust_altitude_due_to_heat",
      "actions": [
        {
          "type": "mcp",
          "name": "set_altitude",
          "args": {
            "z": 80.0
          }
        }
      ],
      "obs": [
        {
          "tool": "set_altitude",
          "result": {
            "status": "executing",
            "target_z": 80.0
          }
        }
      ],
      "net": {
        "slice": "URLLC",
        "lat_ms": 9,
        "jitter_ms": 1.5,
        "loss_pct": 0.03,
        "throughput_mbps": 95,
        "edge_load": 0.35
      }
    },
    {
      "turn": 7,
      "speaker": "agent",
      "intent": "verify_geofence_compliance",
      "actions": [
        {
          "type": "mcp",
          "name": "check_geofence",
          "args": {}
        },
        {
          "type": "a2a",
          "task": "update_tracking",
          "to": "surveillance_agent",
          "payload": {
            "uav_id": "uav-7",
            "location": {
              "x": 180.0,
              "y": 180.0,
              "z": 75.0
            }
          }
        }
      ],
      "obs": [
        {
          "tool": "check_geofence",
          "result": {
            "status": "inside",
            "distance_to_boundary": 20.0
          }
        },
        {
          "task": "update_tracking",
          "from": "surveillance_agent",
          "status": "acknowledged",
          "payload": {
            "next_update_in_s": 10
          }
        }
      ],
      "net": {
        "slice": "URLLC",
        "lat_ms": 7,
        "jitter_ms": 1,
        "loss_pct": 0.01,
        "throughput_mbps": 110,
        "edge_load": 0.3
      }
    },
    {
      "turn": 8,
      "speaker": "user",
      "intent": "initiate_emergency_hover",
      "actions": [
        {
          "type": "mcp",
          "name": "execute_maneuver",
          "args": {
            "maneuver": "hover",
            "duration_s": 30
          }
        }
      ],
      "obs": [
        {
          "tool": "execute_maneuver",
          "result": {
            "status": "hovering",
            "position_locked": true
          }
        }
      ],
      "net": {
        "slice": "URLLC",
        "lat_ms": 6,
        "jitter_ms": 0.8,
        "loss_pct": 0.0,
        "throughput_mbps": 120,
        "edge_load": 0.2
      }
    },
    {
      "turn": 9,
      "speaker": "agent",
      "intent": "assess_system_health",
      "actions": [
        {
          "type": "mcp",
          "name": "diagnose_systems",
          "args": {}
        },
        {
          "type": "a2a",
          "task": "report_status",
          "to": "mission_control",
          "payload": {
            "battery": 92.0,
            "thermal_status": "overheating",
            "mission_progress": 0.65
          }
        }
      ],
      "obs": [
        {
          "tool": "diagnose_systems",
          "result": {
            "status": "degraded",
            "issues": [
              "thermal_sensor_offline",
              "high_internal_temp"
            ]
          }
        },
        {
          "task": "report_status",
          "from": "mission_control",
          "status": "received",
          "payload": {
            "ack_id": "mc-9876"
          }
        }
      ],
      "net": {
        "slice": "mMTC",
        "lat_ms": 60,
        "jitter_ms": 15,
        "loss_pct": 2.0,
        "throughput_mbps": 0.8,
        "edge_load": 0.8
      }
    },
    {
      "turn": 10,
      "speaker": "user",
      "intent": "resume_and_redirect",
      "actions": [
        {
          "type": "mcp",
          "name": "set_waypoint",
          "args": {
            "x": 250.0,
            "y": 250.0,
            "z": 70.0
          }
        }
      ],
      "obs": [
        {
          "tool": "set_waypoint",
          "result": {
            "status": "accepted",
            "eta_s": 18.0
          }
        }
      ],
      "net": {
        "slice": "URLLC",
        "lat_ms": 10,
        "jitter_ms": 2,
        "loss_pct": 0.05,
        "throughput_mbps": 105,
        "edge_load": 0.4
      }
    },
    {
      "turn": 11,
      "speaker": "agent",
      "intent": "complete_mission_safely",
      "actions": [
        {
          "type": "mcp",
          "name": "execute_maneuver",
          "args": {
            "maneuver": "fly_to_waypoint",
            "waypoint_id": 2
          }
        },
        {
          "type": "a2a",
          "task": "log_completion",
          "to": "data_warehouse",
          "payload": {
            "mission_id": "survey-451",
            "status": "final_approach"
          }
        }
      ],
      "obs": [
        {
          "tool": "execute_maneuver",
          "result": {
            "status": "completed",
            "final_pose": {
              "x": 250.0,
              "y": 250.0,
              "z": 70.0
            }
          }
        },
        {
          "task": "log_completion",
          "from": "data_warehouse",
          "status": "logged",
          "payload": {
            "record_id": "log-2025-04-05-771"
          }
        }
      ],
      "net": {
        "slice": "URLLC",
        "lat_ms": 8,
        "jitter_ms": 1,
        "loss_pct": 0.02,
        "throughput_mbps": 115,
        "edge_load": 0.3
      }
    }
  ],
  "final_state": {
    "domain": "uav",
    "time_s": 132.0,
    "env": {
      "weather": "temperature_extremes_hot",
      "wind_mps": 8.0,
      "wind_dir_deg": 210.0
    },
    "airspace": {
      "alt_bounds": [
        5.0,
        120.0
      ],
      "geofence": [
        {
          "type": "polygon",
          "points": [
            [
              100.0,
              100.0
            ],
            [
              300.0,
              100.0
            ],
            [
              300.0,
              300.0
            ],
            [
              100.0,
              300.0
            ]
          ]
        }
      ]
    },
    "uav": {
      "pose": {
        "x": 250.0,
        "y": 250.0,
        "z": 70.0,
        "yaw": 90.0
      },
      "speed_mps": 0.0,
      "energy": {
        "battery_pct": 88.0
      },
      "sensors": {
        "rgb": "ok",
        "thermal": "offline",
        "lidar": "ok",
        "radar": "offline",
        "gnss": "ok",
        "imu": "ok",
        "magnetometer": "ok",
        "barometer": "ok"
      },
      "payloads": []
    },
    "policy": {
      "alt_bounds": [
        5.0,
        120.0
      ]
    },
    "safety_flags": {
      "nfz_violation": false,
      "separation_breach": false
    }
  },
  "success": true,
  "_meta": {
    "seed": 42,
    "ts": 1763962408,
    "ts_iso": "2025-11-24T05:33:28Z",
    "gen_time_s": 54.11529278755188,
    "attempts_used": 1,
    "generation_failed": false,
    "usage": {
      "prompt_tokens": 1067,
      "completion_tokens": 3942,
      "total_tokens": 5009,
      "cost": 0.00332146,
      "is_byok": false,
      "prompt_tokens_details": {
        "cached_tokens": 608,
        "audio_tokens": 0,
        "video_tokens": 0
      },
      "cost_details": {
        "upstream_inference_cost": null,
        "upstream_inference_prompt_cost": 0.00016786,
        "upstream_inference_completions_cost": 0.0031536
      },
      "completion_tokens_details": {
        "reasoning_tokens": 0,
        "image_tokens": 0
      }
    }
  }
}