{
  "initial_state": {
    "domain": "uav",
    "time_s": 0.0,
    "env": {
      "weather": "lightning_risk",
      "wind_mps": 7.5,
      "wind_dir_deg": 240.0
    },
    "airspace": {
      "alt_bounds": [
        10.0,
        150.0
      ],
      "geofence": [
        {
          "type": "polygon",
          "points": [
            [
              0,
              0
            ],
            [
              1000,
              0
            ],
            [
              1000,
              800
            ],
            [
              0,
              800
            ]
          ]
        }
      ]
    },
    "uav": {
      "pose": {
        "x": 100.0,
        "y": 100.0,
        "z": 25.0,
        "yaw": 90.0
      },
      "speed_mps": 25.0,
      "energy": {
        "battery_pct": 100.0
      },
      "sensors": {
        "rgb": "ok",
        "thermal": "offline",
        "lidar": "ok",
        "radar": "offline",
        "gnss": "ok",
        "imu": "ok",
        "magnetometer": "ok",
        "barometer": "ok"
      },
      "payloads": []
    },
    "policy": {
      "alt_bounds": [
        10.0,
        150.0
      ]
    },
    "safety_flags": {
      "nfz_violation": false,
      "separation_breach": false
    }
  },
  "dialogue": [
    {
      "turn": 1,
      "speaker": "agent",
      "intent": "initiate mission and assess initial telemetry",
      "actions": [
        {
          "type": "mcp",
          "name": "read_telemetry",
          "args": {}
        }
      ],
      "obs": [
        {
          "tool": "read_telemetry",
          "result": {
            "pose": {
              "x": 100.0,
              "y": 100.0,
              "z": 25.0,
              "yaw": 90.0
            },
            "speed_mps": 25.0,
            "battery_pct": 100.0,
            "sensors": {
              "rgb": "ok",
              "thermal": "offline",
              "lidar": "ok",
              "radar": "offline"
            }
          }
        }
      ],
      "net": {
        "slice": "eMBB",
        "lat_ms": 12,
        "jitter_ms": 3,
        "loss_pct": 0.1,
        "throughput_mbps": 850,
        "edge_load": 0.45
      }
    },
    {
      "turn": 2,
      "speaker": "user",
      "intent": "confirm mission start and request sensor activation",
      "actions": [
        {
          "type": "mcp",
          "name": "activate_sensor",
          "args": {
            "sensor": "thermal"
          }
        }
      ],
      "obs": [
        {
          "tool": "activate_sensor",
          "result": {
            "sensor": "thermal",
            "status": "failed",
            "reason": "hardware_fault"
          }
        }
      ],
      "net": {
        "slice": "eMBB",
        "lat_ms": 11,
        "jitter_ms": 2,
        "loss_pct": 0.05,
        "throughput_mbps": 870,
        "edge_load": 0.48
      }
    },
    {
      "turn": 3,
      "speaker": "agent",
      "intent": "report sensor failure and propose alternative path",
      "actions": [
        {
          "type": "a2a",
          "task": "collision_avoidance",
          "to": "uav_swarm_agent",
          "payload": {
            "current_pose": {
              "x": 100.0,
              "y": 100.0,
              "z": 25.0
            },
            "waypoints": [
              {
                "x": 300.0,
                "y": 300.0,
                "z": 50.0
              }
            ]
          }
        }
      ],
      "obs": [
        {
          "task": "collision_avoidance",
          "from": "uav_swarm_agent",
          "status": "ok",
          "payload": {
            "safe": true,
            "recommended_alt": 60.0
          }
        }
      ],
      "net": {
        "slice": "URLLC",
        "lat_ms": 8,
        "jitter_ms": 1,
        "loss_pct": 0.02,
        "throughput_mbps": 120,
        "edge_load": 0.32
      }
    },
    {
      "turn": 4,
      "speaker": "user",
      "intent": "approve altitude increase and request imagery",
      "actions": [
        {
          "type": "mcp",
          "name": "capture_image",
          "args": {
            "mode": "rgb",
            "resolution": "high"
          }
        }
      ],
      "obs": [
        {
          "tool": "capture_image",
          "result": {
            "status": "success",
            "image_id": "IMG_001",
            "size_kb": 2048
          }
        }
      ],
      "net": {
        "slice": "eMBB",
        "lat_ms": 14,
        "jitter_ms": 4,
        "loss_pct": 0.2,
        "throughput_mbps": 800,
        "edge_load": 0.65
      }
    },
    {
      "turn": 5,
      "speaker": "agent",
      "intent": "detect network degradation and adapt",
      "actions": [
        {
          "type": "mcp",
          "name": "read_telemetry",
          "args": {}
        }
      ],
      "obs": [
        {
          "tool": "read_telemetry",
          "result": {
            "pose": {
              "x": 200.0,
              "y": 200.0,
              "z": 60.0,
              "yaw": 90.0
            },
            "speed_mps": 22.0,
            "battery_pct": 96.0
          }
        }
      ],
      "net": {
        "slice": "mMTC",
        "lat_ms": 120,
        "jitter_ms": 25,
        "loss_pct": 5.0,
        "throughput_mbps": 1.2,
        "edge_load": 0.88
      }
    },
    {
      "turn": 6,
      "speaker": "user",
      "intent": "request status due to poor network",
      "actions": [
        {
          "type": "mcp",
          "name": "get_uav_status",
          "args": {}
        }
      ],
      "obs": [
        {
          "tool": "get_uav_status",
          "result": {
            "flight_mode": "waypoint",
            "battery_pct": 96.0,
            "last_seen": 5.2
          }
        }
      ],
      "net": {
        "slice": "URLLC",
        "lat_ms": 10,
        "jitter_ms": 2,
        "loss_pct": 0.8,
        "throughput_mbps": 90,
        "edge_load": 0.72
      }
    },
    {
      "turn": 7,
      "speaker": "agent",
      "intent": "initiate emergency descent due to lightning risk",
      "actions": [
        {
          "type": "mcp",
          "name": "adjust_altitude",
          "args": {
            "target_z": 30.0
          }
        }
      ],
      "obs": [
        {
          "tool": "adjust_altitude",
          "result": {
            "status": "executing",
            "target": 30.0,
            "current": 55.0
          }
        }
      ],
      "net": {
        "slice": "URLLC",
        "lat_ms": 9,
        "jitter_ms": 1,
        "loss_pct": 0.1,
        "throughput_mbps": 110,
        "edge_load": 0.55
      }
    },
    {
      "turn": 8,
      "speaker": "user",
      "intent": "confirm emergency action and request return",
      "actions": [
        {
          "type": "mcp",
          "name": "set_return_to_home",
          "args": {
            "rtl_alt": 40.0
          }
        }
      ],
      "obs": [
        {
          "tool": "set_return_to_home",
          "result": {
            "status": "confirmed",
            "home": {
              "x": 100.0,
              "y": 100.0,
              "z": 40.0
            }
          }
        }
      ],
      "net": {
        "slice": "URLLC",
        "lat_ms": 7,
        "jitter_ms": 1,
        "loss_pct": 0.05,
        "throughput_mbps": 105,
        "edge_load": 0.4
      }
    },
    {
      "turn": 9,
      "speaker": "agent",
      "intent": "coordinate safe return with swarm",
      "actions": [
        {
          "type": "a2a",
          "task": "formation_return",
          "to": "uav_swarm_agent",
          "payload": {
            "return_point": {
              "x": 100.0,
              "y": 100.0,
              "z": 40.0
            }
          }
        }
      ],
      "obs": [
        {
          "task": "formation_return",
          "from": "uav_swarm_agent",
          "status": "acknowledged",
          "payload": {
            "expected_duration_s": 95
          }
        }
      ],
      "net": {
        "slice": "URLLC",
        "lat_ms": 8,
        "jitter_ms": 1,
        "loss_pct": 0.08,
        "throughput_mbps": 100,
        "edge_load": 0.42
      }
    },
    {
      "turn": 10,
      "speaker": "user",
      "intent": "monitor final approach",
      "actions": [
        {
          "type": "mcp",
          "name": "read_telemetry",
          "args": {}
        }
      ],
      "obs": [
        {
          "tool": "read_telemetry",
          "result": {
            "pose": {
              "x": 120.0,
              "y": 110.0,
              "z": 38.0
            },
            "battery_pct": 88.0,
            "flight_mode": "rtl"
          }
        }
      ],
      "net": {
        "slice": "URLLC",
        "lat_ms": 6,
        "jitter_ms": 1,
        "loss_pct": 0.02,
        "throughput_mbps": 115,
        "edge_load": 0.38
      }
    }
  ],
  "final_state": {
    "domain": "uav",
    "time_s": 120.0,
    "env": {
      "weather": "lightning_risk",
      "wind_mps": 7.5,
      "wind_dir_deg": 240.0
    },
    "airspace": {
      "alt_bounds": [
        10.0,
        150.0
      ],
      "geofence": [
        {
          "type": "polygon",
          "points": [
            [
              0,
              0
            ],
            [
              1000,
              0
            ],
            [
              1000,
              800
            ],
            [
              0,
              800
            ]
          ]
        }
      ]
    },
    "uav": {
      "pose": {
        "x": 105.0,
        "y": 102.0,
        "z": 39.0,
        "yaw": 270.0
      },
      "speed_mps": 15.0,
      "energy": {
        "battery_pct": 85.0
      },
      "sensors": {
        "rgb": "ok",
        "thermal": "offline",
        "lidar": "ok",
        "radar": "offline",
        "gnss": "ok",
        "imu": "ok",
        "magnetometer": "ok",
        "barometer": "ok"
      },
      "payloads": []
    },
    "policy": {
      "alt_bounds": [
        10.0,
        150.0
      ]
    },
    "safety_flags": {
      "nfz_violation": false,
      "separation_breach": false
    }
  },
  "success": true,
  "_meta": {
    "seed": 42,
    "ts": 1763778002,
    "ts_iso": "2025-11-22T02:20:02Z",
    "gen_time_s": 49.373090505599976,
    "attempts_used": 1,
    "generation_failed": false,
    "usage": {
      "prompt_tokens": 1060,
      "completion_tokens": 3122,
      "total_tokens": 4182,
      "cost": 0.00266392,
      "is_byok": false,
      "prompt_tokens_details": {
        "cached_tokens": 608,
        "audio_tokens": 0,
        "video_tokens": 0
      },
      "cost_details": {
        "upstream_inference_cost": null,
        "upstream_inference_prompt_cost": 0.00016632,
        "upstream_inference_completions_cost": 0.0024976
      },
      "completion_tokens_details": {
        "reasoning_tokens": 0,
        "image_tokens": 0
      }
    }
  }
}