{
  "initial_state": {
    "domain": "uav",
    "time_s": 0.0,
    "env": {
      "weather": "dust",
      "wind_mps": 12.0,
      "wind_dir_deg": 240.0
    },
    "airspace": {
      "alt_bounds": [
        30.0,
        150.0
      ],
      "geofence": [
        {
          "type": "polygon",
          "points": [
            [
              0.0,
              0.0
            ],
            [
              800.0,
              0.0
            ],
            [
              800.0,
              600.0
            ],
            [
              0.0,
              600.0
            ]
          ]
        }
      ]
    },
    "uav": {
      "pose": {
        "x": 100.0,
        "y": 100.0,
        "z": 50.0,
        "yaw": 90.0
      },
      "speed_mps": 15.0,
      "energy": {
        "battery_pct": 100.0
      },
      "sensors": {
        "rgb": "ok",
        "thermal": "ok",
        "lidar": "ok",
        "radar": "offline",
        "gnss": "ok",
        "imu": "ok",
        "magnetometer": "ok",
        "barometer": "ok"
      },
      "payloads": []
    },
    "policy": {
      "alt_bounds": [
        30.0,
        150.0
      ]
    },
    "safety_flags": {
      "nfz_violation": false,
      "separation_breach": false
    }
  },
  "dialogue": [
    {
      "turn": 1,
      "speaker": "agent",
      "intent": "initiate inspection mission",
      "actions": [
        {
          "type": "mcp",
          "name": "read_telemetry",
          "args": {}
        },
        {
          "type": "a2a",
          "task": "request_swarm_formation",
          "to": "uav_swarm_agent",
          "payload": {
            "uav_id": "uav_01",
            "target_formation": "line_abreast",
            "waypoints": [
              {
                "x": 200.0,
                "y": 150.0,
                "z": 60.0
              }
            ]
          }
        }
      ],
      "obs": [
        {
          "tool": "read_telemetry",
          "result": {
            "pose": {
              "x": 100.0,
              "y": 100.0,
              "z": 50.0
            },
            "battery_pct": 100.0,
            "speed_mps": 15.0
          }
        },
        {
          "task": "request_swarm_formation",
          "from": "uav_swarm_agent",
          "status": "ok",
          "payload": {
            "formation_ack": true,
            "assigned_role": "lead"
          }
        }
      ],
      "net": {
        "slice": "eMBB",
        "lat_ms": 18,
        "jitter_ms": 3,
        "loss_pct": 0.1,
        "throughput_mbps": 850,
        "edge_load": 0.4
      }
    },
    {
      "turn": 2,
      "speaker": "user",
      "intent": "confirm mission start and check sensor status",
      "actions": [
        {
          "type": "mcp",
          "name": "check_sensors",
          "args": {}
        }
      ],
      "obs": [
        {
          "tool": "check_sensors",
          "result": {
            "status": "degraded",
            "issues": [
              "radar_offline"
            ],
            "redundancy_active": true
          }
        }
      ],
      "net": {
        "slice": "eMBB",
        "lat_ms": 20,
        "jitter_ms": 4,
        "loss_pct": 0.2,
        "throughput_mbps": 800,
        "edge_load": 0.45
      }
    },
    {
      "turn": 3,
      "speaker": "agent",
      "intent": "adjust flight path due to sensor degradation",
      "actions": [
        {
          "type": "mcp",
          "name": "plan_route",
          "args": {
            "origin": {
              "x": 100.0,
              "y": 100.0,
              "z": 50.0
            },
            "destination": {
              "x": 700.0,
              "y": 500.0,
              "z": 100.0
            },
            "obstacles": [
              {
                "x": 400.0,
                "y": 300.0,
                "radius": 50.0
              }
            ]
          }
        }
      ],
      "obs": [
        {
          "tool": "plan_route",
          "result": {
            "waypoints": [
              {
                "x": 150.0,
                "y": 130.0,
                "z": 60.0
              },
              {
                "x": 300.0,
                "y": 200.0,
                "z": 80.0
              },
              {
                "x": 500.0,
                "y": 400.0,
                "z": 100.0
              },
              {
                "x": 700.0,
                "y": 500.0,
                "z": 100.0
              }
            ],
            "estimated_duration_s": 180,
            "battery_impact_pct": 18
          }
        }
      ],
      "net": {
        "slice": "URLLC",
        "lat_ms": 8,
        "jitter_ms": 1,
        "loss_pct": 0.05,
        "throughput_mbps": 100,
        "edge_load": 0.3
      }
    },
    {
      "turn": 4,
      "speaker": "user",
      "intent": "approve route and request thermal imaging",
      "actions": [
        {
          "type": "mcp",
          "name": "activate_sensor",
          "args": {
            "sensor": "thermal",
            "mode": "high_res"
          }
        }
      ],
      "obs": [
        {
          "tool": "activate_sensor",
          "result": {
            "sensor": "thermal",
            "status": "active",
            "mode": "high_res",
            "power_draw_pct": 5
          }
        }
      ],
      "net": {
        "slice": "eMBB",
        "lat_ms": 22,
        "jitter_ms": 5,
        "loss_pct": 0.3,
        "throughput_mbps": 750,
        "edge_load": 0.5
      }
    },
    {
      "turn": 5,
      "speaker": "agent",
      "intent": "execute next waypoint with telemetry monitoring",
      "actions": [
        {
          "type": "mcp",
          "name": "move_to_waypoint",
          "args": {
            "waypoint": {
              "x": 150.0,
              "y": 130.0,
              "z": 60.0
            },
            "speed_mps": 12.0
          }
        },
        {
          "type": "mcp",
          "name": "read_telemetry",
          "args": {}
        }
      ],
      "obs": [
        {
          "tool": "move_to_waypoint",
          "result": {
            "status": "in_progress",
            "target": {
              "x": 150.0,
              "y": 130.0,
              "z": 60.0
            }
          }
        },
        {
          "tool": "read_telemetry",
          "result": {
            "pose": {
              "x": 125.3,
              "y": 118.7,
              "z": 54.2
            },
            "battery_pct": 99.2,
            "speed_mps": 11.8
          }
        }
      ],
      "net": {
        "slice": "URLLC",
        "lat_ms": 9,
        "jitter_ms": 1.2,
        "loss_pct": 0.08,
        "throughput_mbps": 95,
        "edge_load": 0.32
      }
    },
    {
      "turn": 6,
      "speaker": "user",
      "intent": "report network fluctuation and request status",
      "actions": [
        {
          "type": "mcp",
          "name": "diagnose_network",
          "args": {}
        }
      ],
      "obs": [
        {
          "tool": "diagnose_network",
          "result": {
            "current_slice": "eMBB",
            "recommended_slice": "URLLC",
            "interference_source": "sandstorm",
            "signal_strength_db": -85
          }
        }
      ],
      "net": {
        "slice": "eMBB",
        "lat_ms": 45,
        "jitter_ms": 12,
        "loss_pct": 2.1,
        "throughput_mbps": 300,
        "edge_load": 0.75
      }
    },
    {
      "turn": 7,
      "speaker": "agent",
      "intent": "switch to URLLC and reduce non-critical tasks",
      "actions": [
        {
          "type": "mcp",
          "name": "switch_network_slice",
          "args": {
            "target_slice": "URLLC"
          }
        },
        {
          "type": "a2a",
          "task": "collision_avoidance",
          "to": "uav_swarm_agent",
          "payload": {
            "current_position": {
              "x": 140.0,
              "y": 125.0,
              "z": 58.0
            },
            "velocity": {
              "vx": 11.5,
              "vy": 8.2,
              "vz": 1.1
            }
          }
        }
      ],
      "obs": [
        {
          "tool": "switch_network_slice",
          "result": {
            "status": "success",
            "new_slice": "URLLC",
            "latency_improvement_ms": 36
          }
        },
        {
          "task": "collision_avoidance",
          "from": "uav_swarm_agent",
          "status": "ok",
          "payload": {
            "safe": true,
            "evasive_action": "none"
          }
        }
      ],
      "net": {
        "slice": "URLLC",
        "lat_ms": 10,
        "jitter_ms": 1.5,
        "loss_pct": 0.1,
        "throughput_mbps": 110,
        "edge_load": 0.35
      }
    },
    {
      "turn": 8,
      "speaker": "user",
      "intent": "instruct continuation with caution",
      "actions": [
        {
          "type": "mcp",
          "name": "log_event",
          "args": {
            "level": "warning",
            "message": "Sandstorm-induced network degradation observed. Proceeding with caution."
          }
        }
      ],
      "obs": [
        {
          "tool": "log_event",
          "result": {
            "entry_id": "log_9901",
            "timestamp": 8.7,
            "status": "recorded"
          }
        }
      ],
      "net": {
        "slice": "URLLC",
        "lat_ms": 9.5,
        "jitter_ms": 1.1,
        "loss_pct": 0.07,
        "throughput_mbps": 115,
        "edge_load": 0.33
      }
    },
    {
      "turn": 9,
      "speaker": "agent",
      "intent": "proceed to next waypoint and capture thermal data",
      "actions": [
        {
          "type": "mcp",
          "name": "move_to_waypoint",
          "args": {
            "waypoint": {
              "x": 300.0,
              "y": 200.0,
              "z": 80.0
            },
            "speed_mps": 10.0
          }
        },
        {
          "type": "mcp",
          "name": "capture_image",
          "args": {
            "sensor": "thermal",
            "resolution": "high"
          }
        }
      ],
      "obs": [
        {
          "tool": "move_to_waypoint",
          "result": {
            "status": "reached",
            "target": {
              "x": 300.0,
              "y": 200.0,
              "z": 80.0
            },
            "time_spent_s": 16.2
          }
        },
        {
          "tool": "capture_image",
          "result": {
            "image_id": "therm_003",
            "status": "captured",
            "anomalies_detected": [
              "hotspot_cell_45"
            ]
          }
        }
      ],
      "net": {
        "slice": "URLLC",
        "lat_ms": 10.2,
        "jitter_ms": 1.3,
        "loss_pct": 0.09,
        "throughput_mbps": 105,
        "edge_load": 0.36
      }
    },
    {
      "turn": 10,
      "speaker": "user",
      "intent": "acknowledge hotspot and request analysis",
      "actions": [
        {
          "type": "a2a",
          "task": "analyze_thermal_anomaly",
          "to": "ai_inspection_agent",
          "payload": {
            "image_id": "therm_003",
            "anomaly": "hotspot_cell_45",
            "location": {
              "x": 298.5,
              "y": 198.2,
              "z": 79.8
            }
          }
        }
      ],
      "obs": [
        {
          "task": "analyze_thermal_anomaly",
          "from": "ai_inspection_agent",
          "status": "completed",
          "payload": {
            "diagnosis": "overheated insulator",
            "severity": "medium",
            "recommendation": "schedule maintenance"
          }
        }
      ],
      "net": {
        "slice": "mMTC",
        "lat_ms": 25,
        "jitter_ms": 8,
        "loss_pct": 0.5,
        "throughput_mbps": 1.2,
        "edge_load": 0.6
      }
    },
    {
      "turn": 11,
      "speaker": "agent",
      "intent": "return to base due to battery and weather",
      "actions": [
        {
          "type": "mcp",
          "name": "plan_route",
          "args": {
            "origin": {
              "x": 300.0,
              "y": 200.0,
              "z": 80.0
            },
            "destination": {
              "x": 100.0,
              "y": 100.0,
              "z": 50.0
            }
          }
        },
        {
          "type": "mcp",
          "name": "move_to_waypoint",
          "args": {
            "waypoint": {
              "x": 100.0,
              "y": 100.0,
              "z": 50.0
            },
            "speed_mps": 14.0
          }
        }
      ],
      "obs": [
        {
          "tool": "plan_route",
          "result": {
            "waypoints": [
              {
                "x": 100.0,
                "y": 100.0,
                "z": 50.0
              }
            ],
            "estimated_duration_s": 95,
            "battery_impact_pct": 10
          }
        },
        {
          "tool": "move_to_waypoint",
          "result": {
            "status": "reached",
            "target": {
              "x": 100.0,
              "y": 100.0,
              "z": 50.0
            }
          }
        }
      ],
      "net": {
        "slice": "URLLC",
        "lat_ms": 9.0,
        "jitter_ms": 1.0,
        "loss_pct": 0.06,
        "throughput_mbps": 120,
        "edge_load": 0.31
      }
    }
  ],
  "final_state": {
    "domain": "uav",
    "time_s": 210.0,
    "env": {
      "weather": "dust",
      "wind_mps": 12.0,
      "wind_dir_deg": 240.0
    },
    "airspace": {
      "alt_bounds": [
        30.0,
        150.0
      ],
      "geofence": [
        {
          "type": "polygon",
          "points": [
            [
              0.0,
              0.0
            ],
            [
              800.0,
              0.0
            ],
            [
              800.0,
              600.0
            ],
            [
              0.0,
              600.0
            ]
          ]
        }
      ]
    },
    "uav": {
      "pose": {
        "x": 100.0,
        "y": 100.0,
        "z": 50.0,
        "yaw": 90.0
      },
      "speed_mps": 0.0,
      "energy": {
        "battery_pct": 72.0
      },
      "sensors": {
        "rgb": "ok",
        "thermal": "ok",
        "lidar": "ok",
        "radar": "offline",
        "gnss": "ok",
        "imu": "ok",
        "magnetometer": "ok",
        "barometer": "ok"
      },
      "payloads": []
    },
    "policy": {
      "alt_bounds": [
        30.0,
        150.0
      ]
    },
    "safety_flags": {
      "nfz_violation": false,
      "separation_breach": false
    }
  },
  "success": true,
  "_meta": {
    "seed": 42,
    "ts": 1763707629,
    "ts_iso": "2025-11-21T06:47:09Z",
    "gen_time_s": 74.06190037727356,
    "attempts_used": 1,
    "generation_failed": false,
    "usage": {
      "prompt_tokens": 1065,
      "completion_tokens": 4441,
      "total_tokens": 5506,
      "cost": 0.00371846,
      "is_byok": false,
      "prompt_tokens_details": {
        "cached_tokens": 624,
        "audio_tokens": 0,
        "video_tokens": 0
      },
      "cost_details": {
        "upstream_inference_cost": null,
        "upstream_inference_prompt_cost": 0.00016566,
        "upstream_inference_completions_cost": 0.0035528
      },
      "completion_tokens_details": {
        "reasoning_tokens": 0,
        "image_tokens": 0
      }
    }
  }
}