{
  "initial_state": {
    "domain": "uav",
    "time_s": 0.0,
    "env": {
      "weather": "fog",
      "wind_mps": 2.0,
      "wind_dir_deg": 180.0
    },
    "airspace": {
      "alt_bounds": [
        0.5,
        15.0
      ],
      "geofence": [
        {
          "type": "polygon",
          "points": [
            [
              0.0,
              0.0
            ],
            [
              50.0,
              0.0
            ],
            [
              50.0,
              30.0
            ],
            [
              0.0,
              30.0
            ]
          ]
        }
      ]
    },
    "uav": {
      "pose": {
        "x": 5.0,
        "y": 5.0,
        "z": 1.0,
        "yaw": 90.0
      },
      "speed_mps": 25.0,
      "energy": {
        "battery_pct": 100.0
      },
      "sensors": {
        "rgb": "ok",
        "thermal": "offline",
        "lidar": "ok",
        "radar": "offline",
        "gnss": "ok",
        "imu": "ok",
        "magnetometer": "ok",
        "barometer": "ok"
      },
      "payloads": []
    },
    "policy": {
      "alt_bounds": [
        0.5,
        15.0
      ]
    },
    "safety_flags": {
      "nfz_violation": false,
      "separation_breach": false
    }
  },
  "dialogue": [
    {
      "turn": 1,
      "speaker": "agent",
      "intent": "initiate mission and check telemetry",
      "actions": [
        {
          "type": "mcp",
          "name": "read_telemetry",
          "args": {}
        }
      ],
      "obs": [
        {
          "tool": "read_telemetry",
          "result": {
            "pose": {
              "x": 5.0,
              "y": 5.0,
              "z": 1.0,
              "yaw": 90.0
            },
            "battery_pct": 100.0,
            "speed_mps": 25.0,
            "sensors": {
              "rgb": "ok",
              "thermal": "offline",
              "lidar": "ok",
              "radar": "offline",
              "gnss": "ok",
              "imu": "ok"
            }
          }
        }
      ],
      "net": {
        "slice": "URLLC",
        "lat_ms": 3.2,
        "jitter_ms": 0.8,
        "loss_pct": 0.01,
        "throughput_mbps": 50,
        "edge_load": 0.35
      }
    },
    {
      "turn": 2,
      "speaker": "user",
      "intent": "confirm mission start and request route plan",
      "actions": [
        {
          "type": "mcp",
          "name": "plan_route",
          "args": {
            "start": [
              5.0,
              5.0
            ],
            "goal": [
              45.0,
              25.0
            ],
            "obstacles": []
          }
        }
      ],
      "obs": [
        {
          "tool": "plan_route",
          "result": {
            "waypoints": [
              [
                10.0,
                10.0
              ],
              [
                25.0,
                18.0
              ],
              [
                45.0,
                25.0
              ]
            ],
            "estimated_duration_s": 85.0,
            "battery_impact_pct": 12.0
          }
        }
      ],
      "net": {
        "slice": "eMBB",
        "lat_ms": 12.5,
        "jitter_ms": 2.1,
        "loss_pct": 0.05,
        "throughput_mbps": 120,
        "edge_load": 0.65
      }
    },
    {
      "turn": 3,
      "speaker": "agent",
      "intent": "request swarm coordination for collision check",
      "actions": [
        {
          "type": "a2a",
          "task": "collision_avoidance",
          "to": "uav_swarm_agent",
          "payload": {
            "current_pose": {
              "x": 5.0,
              "y": 5.0,
              "z": 1.0
            },
            "route": [
              [
                10.0,
                10.0
              ],
              [
                25.0,
                18.0
              ],
              [
                45.0,
                25.0
              ]
            ]
          }
        }
      ],
      "obs": [
        {
          "task": "collision_avoidance",
          "from": "uav_swarm_agent",
          "status": "ok",
          "payload": {
            "clearance": "safe",
            "conflict_uavs": []
          }
        }
      ],
      "net": {
        "slice": "URLLC",
        "lat_ms": 4.1,
        "jitter_ms": 0.9,
        "loss_pct": 0.02,
        "throughput_mbps": 45,
        "edge_load": 0.4
      }
    },
    {
      "turn": 4,
      "speaker": "user",
      "intent": "authorize takeoff and ascent to 12m",
      "actions": [
        {
          "type": "mcp",
          "name": "set_altitude",
          "args": {
            "target_z": 12.0
          }
        }
      ],
      "obs": [
        {
          "tool": "set_altitude",
          "result": {
            "status": "executing",
            "target_z": 12.0,
            "current_z": 6.2,
            "time_to_target_s": 3.1
          }
        }
      ],
      "net": {
        "slice": "URLLC",
        "lat_ms": 3.8,
        "jitter_ms": 1.0,
        "loss_pct": 0.01,
        "throughput_mbps": 55,
        "edge_load": 0.38
      }
    },
    {
      "turn": 5,
      "speaker": "agent",
      "intent": "monitor ascent and check sensor status",
      "actions": [
        {
          "type": "mcp",
          "name": "read_telemetry",
          "args": {}
        }
      ],
      "obs": [
        {
          "tool": "read_telemetry",
          "result": {
            "pose": {
              "x": 5.0,
              "y": 5.0,
              "z": 12.0,
              "yaw": 90.0
            },
            "battery_pct": 98.7,
            "sensors": {
              "lidar": "ok",
              "rgb": "ok"
            }
          }
        }
      ],
      "net": {
        "slice": "URLLC",
        "lat_ms": 3.5,
        "jitter_ms": 0.7,
        "loss_pct": 0.01,
        "throughput_mbps": 52,
        "edge_load": 0.36
      }
    },
    {
      "turn": 6,
      "speaker": "user",
      "intent": "initiate route execution",
      "actions": [
        {
          "type": "mcp",
          "name": "execute_route",
          "args": {
            "waypoints": [
              [
                10.0,
                10.0
              ],
              [
                25.0,
                18.0
              ],
              [
                45.0,
                25.0
              ]
            ]
          }
        }
      ],
      "obs": [
        {
          "tool": "execute_route",
          "result": {
            "status": "in_progress",
            "current_leg": 0,
            "next_waypoint": [
              10.0,
              10.0
            ],
            "eta_s": 18.0
          }
        }
      ],
      "net": {
        "slice": "eMBB",
        "lat_ms": 15.0,
        "jitter_ms": 3.2,
        "loss_pct": 0.1,
        "throughput_mbps": 100,
        "edge_load": 0.72
      }
    },
    {
      "turn": 7,
      "speaker": "agent",
      "intent": "detect network degradation and switch to URLLC",
      "actions": [
        {
          "type": "mcp",
          "name": "switch_network_slice",
          "args": {
            "target": "URLLC"
          }
        }
      ],
      "obs": [
        {
          "tool": "switch_network_slice",
          "result": {
            "status": "success",
            "previous": "eMBB",
            "current": "URLLC"
          }
        }
      ],
      "net": {
        "slice": "URLLC",
        "lat_ms": 3.9,
        "jitter_ms": 0.8,
        "loss_pct": 0.01,
        "throughput_mbps": 48,
        "edge_load": 0.37
      }
    },
    {
      "turn": 8,
      "speaker": "user",
      "intent": "request status update and battery check",
      "actions": [
        {
          "type": "mcp",
          "name": "read_telemetry",
          "args": {}
        }
      ],
      "obs": [
        {
          "tool": "read_telemetry",
          "result": {
            "pose": {
              "x": 25.0,
              "y": 18.0,
              "z": 12.0,
              "yaw": 90.0
            },
            "battery_pct": 88.5,
            "speed_mps": 25.0
          }
        }
      ],
      "net": {
        "slice": "URLLC",
        "lat_ms": 3.6,
        "jitter_ms": 0.9,
        "loss_pct": 0.01,
        "throughput_mbps": 50,
        "edge_load": 0.35
      }
    },
    {
      "turn": 9,
      "speaker": "agent",
      "intent": "prepare for final approach and verify geofence",
      "actions": [
        {
          "type": "mcp",
          "name": "check_geofence",
          "args": {
            "current_pose": {
              "x": 25.0,
              "y": 18.0
            }
          }
        }
      ],
      "obs": [
        {
          "tool": "check_geofence",
          "result": {
            "status": "inside",
            "boundary_distance_m": 5.0
          }
        }
      ],
      "net": {
        "slice": "URLLC",
        "lat_ms": 3.3,
        "jitter_ms": 0.7,
        "loss_pct": 0.01,
        "throughput_mbps": 53,
        "edge_load": 0.34
      }
    },
    {
      "turn": 10,
      "speaker": "user",
      "intent": "authorize final descent and delivery",
      "actions": [
        {
          "type": "mcp",
          "name": "set_altitude",
          "args": {
            "target_z": 1.5
          }
        }
      ],
      "obs": [
        {
          "tool": "set_altitude",
          "result": {
            "status": "complete",
            "target_z": 1.5,
            "current_z": 1.5
          }
        }
      ],
      "net": {
        "slice": "URLLC",
        "lat_ms": 3.7,
        "jitter_ms": 0.8,
        "loss_pct": 0.01,
        "throughput_mbps": 51,
        "edge_load": 0.36
      }
    }
  ],
  "final_state": {
    "domain": "uav",
    "time_s": 95.0,
    "env": {
      "weather": "fog",
      "wind_mps": 2.0,
      "wind_dir_deg": 180.0
    },
    "airspace": {
      "alt_bounds": [
        0.5,
        15.0
      ],
      "geofence": [
        {
          "type": "polygon",
          "points": [
            [
              0.0,
              0.0
            ],
            [
              50.0,
              0.0
            ],
            [
              50.0,
              30.0
            ],
            [
              0.0,
              30.0
            ]
          ]
        }
      ]
    },
    "uav": {
      "pose": {
        "x": 45.0,
        "y": 25.0,
        "z": 1.5,
        "yaw": 90.0
      },
      "speed_mps": 0.0,
      "energy": {
        "battery_pct": 86.2
      },
      "sensors": {
        "rgb": "ok",
        "thermal": "offline",
        "lidar": "ok",
        "radar": "offline",
        "gnss": "ok",
        "imu": "ok",
        "magnetometer": "ok",
        "barometer": "ok"
      },
      "payloads": []
    },
    "policy": {
      "alt_bounds": [
        0.5,
        15.0
      ]
    },
    "safety_flags": {
      "nfz_violation": false,
      "separation_breach": false
    }
  },
  "success": true,
  "_meta": {
    "seed": 42,
    "ts": 1763705886,
    "ts_iso": "2025-11-21T06:18:06Z",
    "gen_time_s": 54.00823497772217,
    "attempts_used": 1,
    "generation_failed": false,
    "usage": {
      "prompt_tokens": 1042,
      "completion_tokens": 3335,
      "total_tokens": 4377,
      "cost": 0.00283036,
      "is_byok": false,
      "prompt_tokens_details": {
        "cached_tokens": 608,
        "audio_tokens": 0,
        "video_tokens": 0
      },
      "cost_details": {
        "upstream_inference_cost": null,
        "upstream_inference_prompt_cost": 0.00016236,
        "upstream_inference_completions_cost": 0.002668
      },
      "completion_tokens_details": {
        "reasoning_tokens": 0,
        "image_tokens": 0
      }
    }
  }
}