{
  "initial_state": {
    "domain": "uav",
    "time_s": 0.0,
    "env": {
      "weather": "dust",
      "wind_mps": 12.0,
      "wind_dir_deg": 240.0
    },
    "airspace": {
      "alt_bounds": [
        5.0,
        120.0
      ],
      "geofence": [
        {
          "type": "polygon",
          "points": [
            [
              0.0,
              0.0
            ],
            [
              200.0,
              0.0
            ],
            [
              200.0,
              150.0
            ],
            [
              0.0,
              150.0
            ]
          ]
        }
      ]
    },
    "uav": {
      "pose": {
        "x": 10.0,
        "y": 10.0,
        "z": 10.0,
        "yaw": 90.0
      },
      "speed_mps": 28.0,
      "energy": {
        "battery_pct": 100.0
      },
      "sensors": {
        "rgb": "ok",
        "thermal": "offline",
        "lidar": "ok",
        "radar": "offline",
        "gnss": "ok",
        "imu": "ok",
        "magnetometer": "ok",
        "barometer": "ok"
      },
      "payloads": []
    },
    "policy": {
      "alt_bounds": [
        5.0,
        120.0
      ]
    },
    "safety_flags": {
      "nfz_violation": false,
      "separation_breach": false
    }
  },
  "dialogue": [
    {
      "turn": 1,
      "speaker": "agent",
      "intent": "initiate inspection mission under dust conditions",
      "actions": [
        {
          "type": "mcp",
          "name": "read_telemetry",
          "args": {}
        },
        {
          "type": "mcp",
          "name": "activate_sensor",
          "args": {
            "sensor": "lidar"
          }
        }
      ],
      "obs": [
        {
          "tool": "read_telemetry",
          "result": {
            "pose": {
              "x": 10.0,
              "y": 10.0,
              "z": 10.0
            },
            "battery_pct": 100.0,
            "speed_mps": 28.0
          }
        },
        {
          "tool": "activate_sensor",
          "result": {
            "sensor": "lidar",
            "status": "activated"
          }
        }
      ],
      "net": {
        "slice": "eMBB",
        "lat_ms": 18,
        "jitter_ms": 4,
        "loss_pct": 0.1,
        "throughput_mbps": 850,
        "edge_load": 0.65
      }
    },
    {
      "turn": 2,
      "speaker": "user",
      "intent": "request status and confirm mission proceed",
      "actions": [
        {
          "type": "mcp",
          "name": "get_system_status",
          "args": {}
        }
      ],
      "obs": [
        {
          "tool": "get_system_status",
          "result": {
            "mission": "inspection",
            "status": "active",
            "battery_pct": 100.0,
            "active_sensors": [
              "lidar",
              "rgb"
            ]
          }
        }
      ],
      "net": {
        "slice": "eMBB",
        "lat_ms": 17,
        "jitter_ms": 3,
        "loss_pct": 0.05,
        "throughput_mbps": 870,
        "edge_load": 0.62
      }
    },
    {
      "turn": 3,
      "speaker": "agent",
      "intent": "navigate to first inspection point",
      "actions": [
        {
          "type": "mcp",
          "name": "set_waypoint",
          "args": {
            "x": 50.0,
            "y": 30.0,
            "z": 25.0,
            "yaw": 90.0
          }
        }
      ],
      "obs": [
        {
          "tool": "set_waypoint",
          "result": {
            "status": "accepted",
            "eta_s": 45
          }
        }
      ],
      "net": {
        "slice": "URLLC",
        "lat_ms": 8,
        "jitter_ms": 1,
        "loss_pct": 0.02,
        "throughput_mbps": 120,
        "edge_load": 0.45
      }
    },
    {
      "turn": 4,
      "speaker": "user",
      "intent": "check for thermal sensor availability",
      "actions": [
        {
          "type": "mcp",
          "name": "diagnose_sensor",
          "args": {
            "sensor": "thermal"
          }
        }
      ],
      "obs": [
        {
          "tool": "diagnose_sensor",
          "result": {
            "sensor": "thermal",
            "status": "offline",
            "reason": "dust ingress"
          }
        }
      ],
      "net": {
        "slice": "mMTC",
        "lat_ms": 45,
        "jitter_ms": 12,
        "loss_pct": 1.2,
        "throughput_mbps": 1.5,
        "edge_load": 0.88
      }
    },
    {
      "turn": 5,
      "speaker": "agent",
      "intent": "compensate for sensor loss with lidar and request swarm support",
      "actions": [
        {
          "type": "a2a",
          "task": "request_thermal_scan",
          "to": "uav_swarm_agent",
          "payload": {
            "target": "building_north_wall",
            "priority": "high"
          }
        },
        {
          "type": "mcp",
          "name": "adjust_scan_pattern",
          "args": {
            "mode": "lidar_dense",
            "area": "north_wall"
          }
        }
      ],
      "obs": [
        {
          "task": "request_thermal_scan",
          "from": "uav_swarm_agent",
          "status": "acknowledged",
          "payload": {
            "eta": 60
          }
        },
        {
          "tool": "adjust_scan_pattern",
          "result": {
            "mode": "lidar_dense",
            "status": "applied"
          }
        }
      ],
      "net": {
        "slice": "URLLC",
        "lat_ms": 9,
        "jitter_ms": 2,
        "loss_pct": 0.03,
        "throughput_mbps": 110,
        "edge_load": 0.51
      }
    },
    {
      "turn": 6,
      "speaker": "user",
      "intent": "verify geofence compliance and battery",
      "actions": [
        {
          "type": "mcp",
          "name": "check_geofence",
          "args": {}
        },
        {
          "type": "mcp",
          "name": "read_telemetry",
          "args": {}
        }
      ],
      "obs": [
        {
          "tool": "check_geofence",
          "result": {
            "status": "compliant",
            "distance_to_boundary": 40.0
          }
        },
        {
          "tool": "read_telemetry",
          "result": {
            "pose": {
              "x": 48.2,
              "y": 29.1,
              "z": 24.8
            },
            "battery_pct": 96.3,
            "speed_mps": 12.0
          }
        }
      ],
      "net": {
        "slice": "URLLC",
        "lat_ms": 7,
        "jitter_ms": 1,
        "loss_pct": 0.01,
        "throughput_mbps": 130,
        "edge_load": 0.41
      }
    },
    {
      "turn": 7,
      "speaker": "agent",
      "intent": "detect wind gust and adjust attitude",
      "actions": [
        {
          "type": "mcp",
          "name": "read_telemetry",
          "args": {}
        },
        {
          "type": "mcp",
          "name": "adjust_attitude",
          "args": {
            "pitch": -3.0,
            "thrust": 1.15
          }
        }
      ],
      "obs": [
        {
          "tool": "read_telemetry",
          "result": {
            "wind_gust_mps": 18.0,
            "drift_x": 1.2
          }
        },
        {
          "tool": "adjust_attitude",
          "result": {
            "status": "applied",
            "drift_corrected": true
          }
        }
      ],
      "net": {
        "slice": "URLLC",
        "lat_ms": 6,
        "jitter_ms": 1,
        "loss_pct": 0.01,
        "throughput_mbps": 140,
        "edge_load": 0.39
      }
    },
    {
      "turn": 8,
      "speaker": "user",
      "intent": "request data downlink for inspection preview",
      "actions": [
        {
          "type": "mcp",
          "name": "initiate_data_stream",
          "args": {
            "stream": "lidar_preview",
            "quality": "medium"
          }
        }
      ],
      "obs": [
        {
          "tool": "initiate_data_stream",
          "result": {
            "status": "streaming",
            "bitrate_mbps": 45,
            "latency_s": 0.5
          }
        }
      ],
      "net": {
        "slice": "eMBB",
        "lat_ms": 22,
        "jitter_ms": 6,
        "loss_pct": 0.3,
        "throughput_mbps": 780,
        "edge_load": 0.72
      }
    },
    {
      "turn": 9,
      "speaker": "agent",
      "intent": "detect network degradation, switch to low-bandwidth mode",
      "actions": [
        {
          "type": "mcp",
          "name": "reduce_stream_quality",
          "args": {
            "stream": "lidar_preview",
            "quality": "low"
          }
        },
        {
          "type": "a2a",
          "task": "report_link_quality",
          "to": "network_orchestrator",
          "payload": {
            "current_slice": "eMBB",
            "recommended_slice": "URLLC",
            "edge_load": 0.85
          }
        }
      ],
      "obs": [
        {
          "tool": "reduce_stream_quality",
          "result": {
            "stream": "lidar_preview",
            "quality": "low",
            "bitrate_mbps": 15
          }
        },
        {
          "task": "report_link_quality",
          "from": "network_orchestrator",
          "status": "updated",
          "payload": {
            "new_slice": "URLLC"
          }
        }
      ],
      "net": {
        "slice": "URLLC",
        "lat_ms": 10,
        "jitter_ms": 2,
        "loss_pct": 0.05,
        "throughput_mbps": 100,
        "edge_load": 0.85
      }
    },
    {
      "turn": 10,
      "speaker": "user",
      "intent": "approve return and data sync",
      "actions": [
        {
          "type": "mcp",
          "name": "set_waypoint",
          "args": {
            "x": 10.0,
            "y": 10.0,
            "z": 10.0,
            "yaw": 0.0
          }
        }
      ],
      "obs": [
        {
          "tool": "set_waypoint",
          "result": {
            "status": "accepted",
            "eta_s": 52
          }
        }
      ],
      "net": {
        "slice": "URLLC",
        "lat_ms": 9,
        "jitter_ms": 1,
        "loss_pct": 0.02,
        "throughput_mbps": 115,
        "edge_load": 0.48
      }
    },
    {
      "turn": 11,
      "speaker": "agent",
      "intent": "complete mission and report",
      "actions": [
        {
          "type": "mcp",
          "name": "land",
          "args": {}
        },
        {
          "type": "mcp",
          "name": "upload_data",
          "args": {
            "destination": "edge_cloud",
            "data_class": "inspection"
          }
        }
      ],
      "obs": [
        {
          "tool": "land",
          "result": {
            "status": "completed",
            "touchdown_z": 0.1
          }
        },
        {
          "tool": "upload_data",
          "result": {
            "status": "queued",
            "size_mb": 1024
          }
        }
      ],
      "net": {
        "slice": "mMTC",
        "lat_ms": 50,
        "jitter_ms": 15,
        "loss_pct": 1.5,
        "throughput_mbps": 1.2,
        "edge_load": 0.91
      }
    }
  ],
  "final_state": {
    "domain": "uav",
    "time_s": 312.0,
    "env": {
      "weather": "dust",
      "wind_mps": 12.0,
      "wind_dir_deg": 240.0
    },
    "airspace": {
      "alt_bounds": [
        5.0,
        120.0
      ],
      "geofence": [
        {
          "type": "polygon",
          "points": [
            [
              0.0,
              0.0
            ],
            [
              200.0,
              0.0
            ],
            [
              200.0,
              150.0
            ],
            [
              0.0,
              150.0
            ]
          ]
        }
      ]
    },
    "uav": {
      "pose": {
        "x": 10.0,
        "y": 10.0,
        "z": 0.1,
        "yaw": 0.0
      },
      "speed_mps": 0.0,
      "energy": {
        "battery_pct": 82.0
      },
      "sensors": {
        "rgb": "ok",
        "thermal": "offline",
        "lidar": "ok",
        "radar": "offline",
        "gnss": "ok",
        "imu": "ok",
        "magnetometer": "ok",
        "barometer": "ok"
      },
      "payloads": []
    },
    "policy": {
      "alt_bounds": [
        5.0,
        120.0
      ]
    },
    "safety_flags": {
      "nfz_violation": false,
      "separation_breach": false
    }
  },
  "success": true,
  "_meta": {
    "seed": 42,
    "ts": 1763834711,
    "ts_iso": "2025-11-22T18:05:11Z",
    "gen_time_s": 51.26738500595093,
    "attempts_used": 1,
    "generation_failed": false,
    "usage": {
      "prompt_tokens": 1063,
      "completion_tokens": 3619,
      "total_tokens": 4682,
      "cost": 0.00306218,
      "is_byok": false,
      "prompt_tokens_details": {
        "cached_tokens": 608,
        "audio_tokens": 0,
        "video_tokens": 0
      },
      "cost_details": {
        "upstream_inference_cost": null,
        "upstream_inference_prompt_cost": 0.00016698,
        "upstream_inference_completions_cost": 0.0028952
      },
      "completion_tokens_details": {
        "reasoning_tokens": 0,
        "image_tokens": 0
      }
    }
  }
}