{
  "episode_id": "6gb_prompt_79c70804685f242c",
  "questions": [
    {
      "task_id": "T1",
      "task_name": "Intent Feasibility Assessment",
      "source_turn": 7,
      "question": "At turn 7 the UAV is executing the mission in icing weather with wind 7.5 mps while flying at speed 45.0 mps and altitude 40.0 within policy bounds of 30.0 to 300.0. The battery is still at 100.0 percent but lidar is offline, increasing reliance on networked coordination. Network telemetry has shifted from eMBB at latency 30 and jitter 10 in turn 6 to mMTC at latency 60 and jitter 25 with loss 2.1 and edge load 0.92 in turn 7. Earlier URLLC turns showed latency between 5 and 8 with edge load between 0.3 and 0.5. The user intent implies continuing area coverage and collision avoidance coordination for at least one to three more turns before return. If the edge load trend from 0.78 to 0.92 persists one more turn, congestion risk increases even if latency briefly improves. If the network instead recovers to URLLC characteristics, capacity limits may still bind during swarm coordination. All options violate at least one constraint either in altitude margin, sensing robustness, or network stability over the next turns. The decision must minimize worst case regret if degradation persists and collision avoidance remains active. Assume policy altitude bounds are strict and cannot be violated under any contingency. Which option should be selected?",
      "options": {
        "A": "Continue on URLLC immediately because latency 8 and loss 0.05 in turn 8 are lower than mMTC and keep speed at 45.0 within altitude 40.0.",
        "B": "Stay on mMTC for coordination because throughput 0.8 and edge load 0.92 already reflect worst congestion and altitude 40.0 is policy compliant.",
        "C": "Delay coordination and switch back to eMBB since throughput 100 to 120 supports sensing while accepting latency 25 to 30 and edge load up to 0.78.",
        "D": "Proceed with URLLC but throttle coordination frequency anticipating edge load returning toward 0.5 while maintaining altitude between 30.0 and 300.0."
      },
      "correct": "D",
      "reason": "Option D balances low latency from URLLC with reduced load growth, limiting regret if edge load remains near 0. 92 in the next turn. It respects altitude bounds and mitigates lidar loss by keeping collision avoidance viable. Option A is myopic because it ignores the prior rise from 0. 78 to 0.",
      "rationale_tag": "MINIMAX_REGRET_UNDER_CONGESTION",
      "difficulty": "very_hard"
    },
    {
      "task_id": "T3",
      "task_name": "Intent Drift Detection",
      "source_turn": 7,
      "question": "The mission begins with a safety focused flight under icing conditions while maintaining stable URLLC connectivity at 5 to 7 ms latency and edge load near 0.3 to 0.4. Over subsequent turns the network slice alternates across eMBB and mMTC with latency rising to 25 ms and then 50 ms while edge load peaks at 0.85. At turn 7 the agent explicitly notes network degradation when mMTC latency reaches 60 ms with jitter 25 ms, loss 2.1 percent, throughput 0.8 Mbps, and edge load 0.92. Immediately after, the user switches back to collision avoidance and then requests return to base at turn 10 while URLLC metrics recover to 5 ms latency and 0.3 edge load. The altitude policy remains between 30.0 and 300.0 meters and the UAV speed stays at 45.0 mps with battery at 100.0 percent, so platform constraints do not force termination. The implicit intent can be either continued area coverage despite degradation or a subtle shift toward risk minimization and early termination. Because edge load has shown rapid swings between 0.3 and 0.92, a worst case assumption is that high load could recur in the next one to two turns. If high load recurs, coordination or imaging intents would again rely on mMTC or eMBB behavior rather than URLLC. A single turn view suggests recovery and normal completion, but a multi turn view must consider regret if congestion returns. Which option best identifies the correct moment and nature of intent drift to minimize worst case future regret?",
      "options": {
        "A": "No intent drift occurred because URLLC latency returned to 5 ms and edge load fell back to 0.3 by turn 10, indicating stable execution.",
        "B": "Intent drift begins at turn 4 when mMTC latency hits 50 ms and edge load 0.85, implying immediate abandonment of the original flight intent.",
        "C": "Intent drift emerges at turn 7 where degradation to 60 ms latency and 0.92 edge load shifts intent from area coverage toward conservative continuation under uncertainty.",
        "D": "Intent drift only occurs at turn 10 when return to base is commanded with URLLC metrics of 5 ms latency and 0.3 edge load."
      },
      "correct": "C",
      "reason": "Turn 7 combines the highest observed latency and edge load, which signals a qualitative shift in intent despite unchanged platform limits. The worst case projection assumes edge load could return to 0. 92 in the next turns, making continued coverage risky. Earlier turns show degradation but not the explicit acknowledgment and adaptation behavior. Later recovery does not erase the earlier intent shift because the decision horizon already changed under uncertainty.",
      "rationale_tag": "INTENT_DRIFT_UNDER_DEGRADATION",
      "difficulty": "very_hard"
    },
    {
      "task_id": "T5",
      "task_name": "Slice Switching Decision",
      "source_turn": 7,
      "question": "At turn 7 the UAV detects degradation while operating in icing weather with wind 7.5 mps and flying at speed 45.0 mps at altitude 40.0 within policy bounds 30.0 to 300.0. The current slice is mMTC with latency 60 ms, jitter 25 ms, loss 2.1 pct, throughput 0.8 mbps, and edge load 0.92. In earlier turns URLLC showed latency between 5 and 8 ms, jitter between 1 and 2 ms, loss between 0.01 and 0.05 pct, throughput between 45 and 55 mbps, and edge load between 0.3 and 0.5. eMBB previously showed latency 25 to 30 ms, jitter 8 to 10 ms, loss 0.5 to 0.8 pct, throughput 100 to 120 mbps, and edge load 0.7 to 0.78. Battery is still 100 pct so endurance is not immediately limiting, but collision avoidance was requested at turn 8 and return to base is planned by turn 10. Over the next one to three turns the edge load could plausibly return to the recent worst observed value of 0.92 or stay near 0.5 depending on slice choice. A single turn improvement in throughput would help thermal imaging but increases control risk during collision avoidance. A myopic switch could look acceptable if only the current turn is considered. Which option should be selected to minimize worst case regret over the next three turns?",
      "options": {
        "A": "Switch immediately to eMBB to regain 100 to 120 mbps throughput despite latency of 25 to 30 ms and edge load up to 0.78.",
        "B": "Switch to URLLC and remain there even if edge load rises from 0.5 back toward 0.92 while accepting 45 to 55 mbps throughput.",
        "C": "Remain on mMTC because 0.8 mbps is sufficient and avoid any switching overhead despite 60 ms latency and 2.1 pct loss.",
        "D": "Delay a decision for one turn on mMTC to see if latency falls below 50 ms before switching."
      },
      "correct": "B",
      "reason": "URLLC has consistently shown the lowest latency and loss across multiple turns while supporting collision avoidance in turn 8 and safe return by turn 10. Even under the worst case where edge load rises back toward 0. 92, its latency and jitter remain far below the values seen on eMBB and mMTC. The throughput reduction is tolerable because battery is 100 pct and mission completion is imminent. Other options create higher worst case regret by risking control instability over multiple turns.",
      "rationale_tag": "MINIMAX_REGRET",
      "difficulty": "very_hard"
    },
    {
      "task_id": "T11",
      "task_name": "Preemptive Autonomy Downgrade",
      "source_turn": 7,
      "question": "At turn 7 the UAV is flying at 45.0 mps at altitude 40.0 with battery at 100.0 while operating in icing and 7.5 mps wind. Network conditions have fluctuated across recent turns with latency moving from 25 to 60 ms, jitter from 8 to 25 ms, loss from 0.5 to 2.1 pct, and edge_load from 0.7 to 0.92 depending on slice. The policy altitude bounds remain 30.0 to 300.0 and no landing has been initiated yet. Collision avoidance at turn 8 temporarily returns URLLC with 8 ms latency and 0.05 pct loss, but prior degradations suggest recovery is uncertain. If degradation persists for the next two turns, edge_load is likely to increase beyond the recent 0.92 level. High speed combined with network loss increases autonomy dependence and reduces reaction margin in icing. Downgrading autonomy now reduces mission capability but may cap future risk. Maintaining current autonomy preserves throughput but risks abrupt failure if loss spikes again toward 2.1 pct. Returning immediately sacrifices coverage and may conflict with ongoing swarm coordination. Which option should be selected?",
      "options": {
        "A": "Maintain full autonomy at 45.0 mps because current URLLC shows 8 ms latency and 0.05 pct loss, accepting the prior 0.92 edge_load as transient.",
        "B": "Preemptively downgrade autonomy to a lower mode while holding altitude 40.0, accepting reduced mission performance to tolerate loss up to 2.1 pct if edge_load continues rising.",
        "C": "Delay any downgrade for one more turn since battery is 100.0 and altitude is well within 30.0 to 300.0, assuming edge_load stabilizes near 0.7 again.",
        "D": "Immediately return to base at current speed 45.0 mps to avoid icing and network risk, abandoning coordination despite current latency of 8 ms."
      },
      "correct": "B",
      "reason": "Option B minimizes worst case regret by remaining viable if loss returns toward 2. 1 pct and edge_load exceeds 0. 92 over the next turns. The other options rely on the best case of current 8 ms latency and ignore the observed spread in jitter and loss. Downgrading now trades performance for stability while keeping altitude and battery margins intact.",
      "rationale_tag": "MINIMAX_REGRET_UNDER_NETWORK_UNCERTAINTY",
      "difficulty": "very_hard"
    },
    {
      "task_id": "T15",
      "task_name": "Decision Consistency under Replanning",
      "source_turn": 7,
      "question": "At turn 7 the agent observes severe network degradation while icing weather persists and the UAV is flying at 45.0 mps at altitude 40.0 m. Recent turns show URLLC latency between 5 and 8 ms, eMBB latency between 25 and 30 ms, and mMTC latency peaking at 60 ms. Edge load has varied from 0.3 up to 0.92, with the highest value occurring at turn 7. Battery remains at 100.0 pct, but collision avoidance at turn 8 required URLLC with latency 8 ms and edge load 0.5. The policy altitude bounds are 30.0 to 300.0 m, so altitude changes are allowed but must remain consistent with earlier caution under icing. Assume that over the next two turns edge load could return to the worst observed value and latency could match the highest previously seen on the selected slice. A consistent plan should avoid switching to a slice that was previously deemed risky unless it minimizes worst case regret if degradation persists. Choosing an action now also constrains replanning because reversing altitude or slice choices in the next turn incurs coordination delay under mMTC conditions. All options below incur some downside either in latency margin, edge load stress, or deviation from prior cautious behavior. Which option should be selected to maintain decision consistency while minimizing worst case regret over the next two turns?",
      "options": {
        "A": "Remain on URLLC and hold altitude at 40.0 m, accepting up to 8 ms latency and planning for edge load possibly returning to 0.92.",
        "B": "Switch to eMBB to gain 100 to 120 Mbps throughput despite 30 ms latency and edge load near 0.78 to 0.92.",
        "C": "Move coordination to mMTC assuming low throughput of 0.8 to 1 Mbps is sufficient even if latency reaches 60 ms.",
        "D": "Climb toward the upper altitude bound near 300.0 m while keeping URLLC to mitigate icing despite higher replanning cost."
      },
      "correct": "A",
      "reason": "Staying on URLLC aligns with prior collision avoidance decisions that already tolerated 8 ms latency. Under worst case assumptions, URLLC still avoids the 30 ms and 60 ms delays seen on other slices when edge load reaches 0. 92. Holding altitude preserves consistency with earlier cautious behavior under icing and avoids future reversal costs. Other options appear acceptable in a single turn but create higher regret if degradation persists into the next two turns.",
      "rationale_tag": "MINIMAX_REGRET_CONSISTENCY",
      "difficulty": "very_hard"
    },
    {
      "task_id": "T20",
      "task_name": "Agent-to-Agent Communication Management",
      "source_turn": 7,
      "question": "At turn 7 the agent observes severe degradation while coordinating with another UAV using horizontal messages. The current slice shows latency 60 ms, jitter 25 ms, loss 2.1 percent, throughput 0.8 Mbps, and edge load 0.92. Earlier turns show that URLLC latency varied between 5 and 8 ms with jitter between 1 and 2 and edge load between 0.3 and 0.5. The eMBB slice earlier delivered latency 25 to 30 ms, jitter 8 to 10, loss 0.5 to 0.8 percent, throughput 100 to 120 Mbps, and edge load 0.7 to 0.78. The mission must respect the policy altitude bounds of 30 and 300 while maintaining collision avoidance exchanges over the next two turns. Weather icing implies that any further delay beyond the worst observed values may persist for at least one additional turn. If congestion remains at the current edge load, worst case loss and latency should be assumed rather than the mean. A myopic choice would optimize only the next message, but coordination must remain reliable through turns 8 and 9. Each available routing choice risks either capacity saturation or control delay under uncertainty. Considering worst case persistence of current conditions and recovery patterns seen previously, which option should be selected?",
      "options": {
        "A": "Keep mMTC routing because its 0.8 Mbps throughput is sufficient for coordination and accept 60 ms latency at edge load 0.92 for the next turn.",
        "B": "Switch immediately to URLLC routing since latency 5 to 8 ms and loss 0.01 to 0.05 percent minimize immediate collision risk despite moderate throughput near 50 Mbps.",
        "C": "Route coordination over eMBB because 100 to 120 Mbps throughput provides margin even if latency stays near 30 ms and edge load remains around 0.78.",
        "D": "Split traffic by keeping control on mMTC and state sync on eMBB to average latency near 25 ms and reduce single slice load below 0.85."
      },
      "correct": "C",
      "reason": "Option C minimizes maximum regret because its worst observed latency and loss remain below the degraded mMTC values while offering throughput headroom if congestion persists. URLLC appears safest in a single turn but risks capacity pressure if edge load rises again as seen earlier. mMTC fails under worst case loss and latency if degradation lasts another turn. The mixed option assumes averaging that is not guaranteed under icing and high edge load conditions.",
      "rationale_tag": "MINIMAX_REGRET",
      "difficulty": "very_hard"
    },
    {
      "task_id": "T21",
      "task_name": "Device-Network Task Offload Arbitration",
      "source_turn": 7,
      "question": "At turn 7 the UAV must decide where to execute a collision avoidance and perception task while flying at 45.0 mps with battery at 100.0 pct in icing conditions. Recent telemetry shows URLLC latency values of 5.0 to 8.0 ms with jitter from 1.0 to 2.0 ms and edge load between 0.3 and 0.5. The eMBB slice previously showed 25.0 to 30.0 ms latency with jitter 8.0 to 10.0 ms and edge load rising from 0.7 to 0.78. The mMTC slice degraded to 60.0 ms latency with 25.0 ms jitter, 2.1 pct loss, throughput 0.8 Mbps, and edge load 0.92. The task may repeat over the next two turns if nearby traffic persists, and recovery to better slices is uncertain. If degradation persists one more turn, worst case network behavior must be assumed rather than the mean. Local execution increases energy use but avoids network loss, while offloading risks delay if edge load stays high. A myopic choice would optimize only the current URLLC reading. Another choice could appear acceptable if assuming average eMBB behavior instead of worst case. Considering the next one to three turns and minimizing maximum regret under worst case uncertainty, which option should be selected?",
      "options": {
        "A": "Offload to URLLC now because latency is as low as 5.0 to 8.0 ms and edge load was only 0.5 at turn 8.",
        "B": "Offload to eMBB because throughput reached 120 Mbps earlier and latency averaged near 25.0 to 30.0 ms.",
        "C": "Execute locally on the UAV accepting higher energy use to avoid the 60.0 ms and 0.92 edge load worst case seen on mMTC.",
        "D": "Delay the task one turn hoping mMTC improves from 60.0 ms latency and 2.1 pct loss."
      },
      "correct": "C",
      "reason": "The worst case observed network latency reaches 60. 0 ms with very high edge load, which dominates future regret if offloading is attempted. URLLC looks good at the mean but has already fluctuated up to 8. 0 ms and could worsen if congestion returns over the next turns. eMBB fails under worst case jitter and rising edge load when persistence is assumed.",
      "rationale_tag": "MINIMAX_REGRET_OFFLOAD",
      "difficulty": "very_hard"
    },
    {
      "task_id": "T29",
      "task_name": "Immersive/AR Resource Prioritization",
      "source_turn": 9,
      "question": "At turn 9 the operator plans to start a shared AR overlay that combines RGB and thermal feeds while the UAV is flying at 45.0 mps with battery at 100.0 percent. Recent telemetry shows URLLC latency of 6 ms with jitter 1.3 ms, loss 0.02 percent, throughput 52 Mbps and edge load 0.42. One turn earlier URLLC showed edge load 0.5 and latency 8 ms, while eMBB at turn 6 had latency 30 ms, jitter 10 ms, loss 0.8 percent, throughput 100 Mbps and edge load 0.78. mMTC previously degraded to latency 60 ms, jitter 25 ms, loss 2.1 percent and edge load 0.92 at turn 7. The AR session needs both steady frame timing and sufficient throughput over the next two to three turns while collision avoidance traffic may reappear. Assume edge load uncertainty spans the observed values from 0.42 to 0.5 on URLLC and from 0.7 to 0.78 on eMBB. If degradation persists one more turn, worst case jitter and latency dominate user discomfort rather than raw throughput. Each allocation option below sacrifices either latency margin, throughput margin, or future fairness. Which option should be selected?",
      "options": {
        "A": "Keep the AR stream entirely on URLLC using the observed 52 Mbps and accept edge load potentially rising back to 0.5 with latency between 6 and 8 ms.",
        "B": "Move the AR stream entirely to eMBB to exploit 100 to 120 Mbps throughput despite latency staying near 25 to 30 ms and edge load between 0.7 and 0.78.",
        "C": "Split the AR stream by sending control and pose updates on URLLC at 45 to 55 Mbps while offloading textures to eMBB with combined edge load approaching 0.7.",
        "D": "Throttle the AR stream to fit mMTC limits of about 1 Mbps to preserve fairness while tolerating latency around 50 to 60 ms and edge load near 0.85."
      },
      "correct": "C",
      "reason": "The split option preserves low worst case latency under 8 ms for timing critical data while still accessing higher throughput for visuals. It avoids the projected URLLC edge load peak of 0. 5 that risks future collision avoidance contention. It also avoids eMBB latency near 30 ms that would dominate discomfort if conditions persist another turn. This choice minimizes maximum regret across the next turns by balancing both latency and throughput margins.",
      "rationale_tag": "MINIMAX_REGRET",
      "difficulty": "very_hard"
    }
  ]
}