{
  "initial_state": {
    "domain": "uav",
    "time_s": 0.0,
    "env": {
      "weather": "dust",
      "wind_mps": 6.5,
      "wind_dir_deg": 240.0
    },
    "airspace": {
      "alt_bounds": [
        20.0,
        120.0
      ],
      "geofence": [
        {
          "type": "polygon",
          "points": [
            [
              0,
              0
            ],
            [
              0,
              400
            ],
            [
              300,
              400
            ],
            [
              300,
              0
            ]
          ]
        }
      ]
    },
    "uav": {
      "pose": {
        "x": 50.0,
        "y": 50.0,
        "z": 25.0,
        "yaw": 270.0
      },
      "speed_mps": 22.0,
      "energy": {
        "battery_pct": 100.0
      },
      "sensors": {
        "rgb": "ok",
        "thermal": "ok",
        "lidar": "offline",
        "radar": "offline",
        "gnss": "ok",
        "imu": "ok",
        "magnetometer": "ok",
        "barometer": "ok"
      },
      "payloads": []
    },
    "policy": {
      "alt_bounds": [
        20.0,
        120.0
      ]
    },
    "safety_flags": {
      "nfz_violation": false,
      "separation_breach": false
    }
  },
  "dialogue": [
    {
      "turn": 1,
      "speaker": "agent",
      "intent": "initiate inspection mission",
      "actions": [
        {
          "type": "mcp",
          "name": "read_telemetry",
          "args": {}
        },
        {
          "type": "a2a",
          "task": "request_swarm_formation",
          "to": "uav_swarm_agent",
          "payload": {
            "uav_id": "uav-7",
            "target_formation": "line-abreast",
            "waypoints": [
              [
                100,
                100,
                50
              ],
              [
                150,
                100,
                50
              ]
            ]
          }
        }
      ],
      "obs": [
        {
          "tool": "read_telemetry",
          "result": {
            "pose": {
              "x": 50.0,
              "y": 50.0,
              "z": 25.0
            },
            "battery_pct": 100.0,
            "speed_mps": 22.0
          }
        },
        {
          "task": "request_swarm_formation",
          "from": "uav_swarm_agent",
          "status": "acknowledged",
          "payload": {
            "expected_delay_s": 2.1
          }
        }
      ],
      "net": {
        "slice": "eMBB",
        "lat_ms": 18,
        "jitter_ms": 3,
        "loss_pct": 0.1,
        "throughput_mbps": 850,
        "edge_load": 0.45
      }
    },
    {
      "turn": 2,
      "speaker": "user",
      "intent": "approve formation and request status",
      "actions": [
        {
          "type": "mcp",
          "name": "get_uav_status",
          "args": {}
        }
      ],
      "obs": [
        {
          "tool": "get_uav_status",
          "result": {
            "mode": "mission",
            "waypoint_index": 0,
            "battery_pct": 99.8,
            "payloads_active": 0
          }
        }
      ],
      "net": {
        "slice": "eMBB",
        "lat_ms": 20,
        "jitter_ms": 4,
        "loss_pct": 0.2,
        "throughput_mbps": 820,
        "edge_load": 0.48
      }
    },
    {
      "turn": 3,
      "speaker": "agent",
      "intent": "ascend and proceed to first waypoint",
      "actions": [
        {
          "type": "mcp",
          "name": "set_altitude",
          "args": {
            "target_z": 50.0
          }
        },
        {
          "type": "mcp",
          "name": "set_waypoint",
          "args": {
            "x": 100.0,
            "y": 100.0,
            "z": 50.0
          }
        }
      ],
      "obs": [
        {
          "tool": "set_altitude",
          "result": {
            "status": "executing",
            "target": 50.0,
            "current_z": 32.1
          }
        },
        {
          "tool": "set_waypoint",
          "result": {
            "status": "accepted",
            "next_waypoint": [
              100.0,
              100.0,
              50.0
            ]
          }
        }
      ],
      "net": {
        "slice": "URLLC",
        "lat_ms": 8,
        "jitter_ms": 1,
        "loss_pct": 0.05,
        "throughput_mbps": 120,
        "edge_load": 0.32
      }
    },
    {
      "turn": 4,
      "speaker": "user",
      "intent": "verify sensor readiness",
      "actions": [
        {
          "type": "mcp",
          "name": "check_sensors",
          "args": {}
        }
      ],
      "obs": [
        {
          "tool": "check_sensors",
          "result": {
            "rgb": "ok",
            "thermal": "ok",
            "lidar": "offline",
            "radar": "offline"
          }
        }
      ],
      "net": {
        "slice": "mMTC",
        "lat_ms": 45,
        "jitter_ms": 12,
        "loss_pct": 1.2,
        "throughput_mbps": 1.5,
        "edge_load": 0.78
      }
    },
    {
      "turn": 5,
      "speaker": "agent",
      "intent": "activate thermal imaging for inspection",
      "actions": [
        {
          "type": "mcp",
          "name": "activate_sensor",
          "args": {
            "sensor": "thermal"
          }
        },
        {
          "type": "a2a",
          "task": "collision_avoidance",
          "to": "uav_swarm_agent",
          "payload": {
            "current_pose": [
              50.0,
              50.0,
              32.1
            ],
            "velocity": 22.0,
            "heading": 270.0
          }
        }
      ],
      "obs": [
        {
          "tool": "activate_sensor",
          "result": {
            "sensor": "thermal",
            "status": "active"
          }
        },
        {
          "task": "collision_avoidance",
          "from": "uav_swarm_agent",
          "status": "clear",
          "payload": {
            "recommended_evasion": "none"
          }
        }
      ],
      "net": {
        "slice": "URLLC",
        "lat_ms": 9,
        "jitter_ms": 1,
        "loss_pct": 0.03,
        "throughput_mbps": 110,
        "edge_load": 0.35
      }
    },
    {
      "turn": 6,
      "speaker": "user",
      "intent": "request telemetry snapshot",
      "actions": [
        {
          "type": "mcp",
          "name": "read_telemetry",
          "args": {}
        }
      ],
      "obs": [
        {
          "tool": "read_telemetry",
          "result": {
            "pose": {
              "x": 78.3,
              "y": 78.3,
              "z": 50.0
            },
            "battery_pct": 98.9,
            "speed_mps": 21.8,
            "waypoint_distance_m": 30.1
          }
        }
      ],
      "net": {
        "slice": "eMBB",
        "lat_ms": 22,
        "jitter_ms": 5,
        "loss_pct": 0.3,
        "throughput_mbps": 780,
        "edge_load": 0.52
      }
    },
    {
      "turn": 7,
      "speaker": "agent",
      "intent": "capture thermal image at waypoint",
      "actions": [
        {
          "type": "mcp",
          "name": "capture_image",
          "args": {
            "sensor": "thermal",
            "mode": "high_res"
          }
        }
      ],
      "obs": [
        {
          "tool": "capture_image",
          "result": {
            "status": "success",
            "image_id": "thm_7a8b9c",
            "anomaly_detected": true,
            "anomaly_type": "hotspot",
            "confidence": 0.94
          }
        }
      ],
      "net": {
        "slice": "eMBB",
        "lat_ms": 25,
        "jitter_ms": 6,
        "loss_pct": 0.4,
        "throughput_mbps": 750,
        "edge_load": 0.58
      }
    },
    {
      "turn": 8,
      "speaker": "user",
      "intent": "request anomaly details and battery check",
      "actions": [
        {
          "type": "mcp",
          "name": "get_image_analysis",
          "args": {
            "image_id": "thm_7a8b9c"
          }
        },
        {
          "type": "mcp",
          "name": "read_telemetry",
          "args": {}
        }
      ],
      "obs": [
        {
          "tool": "get_image_analysis",
          "result": {
            "anomaly_type": "hotspot",
            "location_px": [
              142,
              88
            ],
            "temperature_c": 78.3,
            "severity": "medium"
          }
        },
        {
          "tool": "read_telemetry",
          "result": {
            "pose": {
              "x": 100.0,
              "y": 100.0,
              "z": 50.0
            },
            "battery_pct": 98.5,
            "speed_mps": 0.0
          }
        }
      ],
      "net": {
        "slice": "eMBB",
        "lat_ms": 28,
        "jitter_ms": 7,
        "loss_pct": 0.5,
        "throughput_mbps": 700,
        "edge_load": 0.65
      }
    },
    {
      "turn": 9,
      "speaker": "agent",
      "intent": "adjust mission due to anomaly",
      "actions": [
        {
          "type": "mcp",
          "name": "set_waypoint",
          "args": {
            "x": 105.0,
            "y": 105.0,
            "z": 45.0
          }
        },
        {
          "type": "a2a",
          "task": "request_high_res_imaging",
          "to": "uav_imaging_agent",
          "payload": {
            "image_id": "thm_7a8b9c",
            "enhance": true
          }
        }
      ],
      "obs": [
        {
          "tool": "set_waypoint",
          "result": {
            "status": "accepted",
            "next_waypoint": [
              105.0,
              105.0,
              45.0
            ]
          }
        },
        {
          "task": "request_high_res_imaging",
          "from": "uav_imaging_agent",
          "status": "processing",
          "payload": {
            "estimated_completion": 3.2
          }
        }
      ],
      "net": {
        "slice": "URLLC",
        "lat_ms": 10,
        "jitter_ms": 2,
        "loss_pct": 0.1,
        "throughput_mbps": 100,
        "edge_load": 0.41
      }
    },
    {
      "turn": 10,
      "speaker": "user",
      "intent": "authorize close-up inspection",
      "actions": [
        {
          "type": "mcp",
          "name": "confirm_action",
          "args": {
            "action_id": "wp_adjust_7a",
            "authorized": true
          }
        }
      ],
      "obs": [
        {
          "tool": "confirm_action",
          "result": {
            "action_id": "wp_adjust_7a",
            "status": "authorized",
            "timestamp": 10.7
          }
        }
      ],
      "net": {
        "slice": "URLLC",
        "lat_ms": 7,
        "jitter_ms": 1,
        "loss_pct": 0.05,
        "throughput_mbps": 130,
        "edge_load": 0.31
      }
    },
    {
      "turn": 11,
      "speaker": "agent",
      "intent": "complete inspection and return to base",
      "actions": [
        {
          "type": "mcp",
          "name": "capture_image",
          "args": {
            "sensor": "thermal",
            "mode": "zoom_2x"
          }
        },
        {
          "type": "mcp",
          "name": "set_waypoint",
          "args": {
            "x": 50.0,
            "y": 50.0,
            "z": 30.0
          }
        }
      ],
      "obs": [
        {
          "tool": "capture_image",
          "result": {
            "status": "success",
            "image_id": "thm_8d9e0f",
            "anomaly_type": "hotspot",
            "confidence": 0.97
          }
        },
        {
          "tool": "set_waypoint",
          "result": {
            "status": "accepted",
            "next_waypoint": [
              50.0,
              50.0,
              30.0
            ]
          }
        }
      ],
      "net": {
        "slice": "mMTC",
        "lat_ms": 50,
        "jitter_ms": 15,
        "loss_pct": 2.0,
        "throughput_mbps": 0.8,
        "edge_load": 0.85
      }
    }
  ],
  "final_state": {
    "domain": "uav",
    "time_s": 12.3,
    "env": {
      "weather": "dust",
      "wind_mps": 6.5,
      "wind_dir_deg": 240.0
    },
    "airspace": {
      "alt_bounds": [
        20.0,
        120.0
      ],
      "geofence": [
        {
          "type": "polygon",
          "points": [
            [
              0,
              0
            ],
            [
              0,
              400
            ],
            [
              300,
              400
            ],
            [
              300,
              0
            ]
          ]
        }
      ]
    },
    "uav": {
      "pose": {
        "x": 98.2,
        "y": 98.2,
        "z": 48.1,
        "yaw": 270.0
      },
      "speed_mps": 20.5,
      "energy": {
        "battery_pct": 97.6
      },
      "sensors": {
        "rgb": "ok",
        "thermal": "ok",
        "lidar": "offline",
        "radar": "offline",
        "gnss": "ok",
        "imu": "ok",
        "magnetometer": "ok",
        "barometer": "ok"
      },
      "payloads": []
    },
    "policy": {
      "alt_bounds": [
        20.0,
        120.0
      ]
    },
    "safety_flags": {
      "nfz_violation": false,
      "separation_breach": false
    }
  },
  "success": true,
  "_meta": {
    "seed": 42,
    "ts": 1764080762,
    "ts_iso": "2025-11-25T14:26:02Z",
    "gen_time_s": 110.44494485855103,
    "attempts_used": 2,
    "generation_failed": false,
    "usage": {
      "prompt_tokens": 1086,
      "completion_tokens": 3807,
      "total_tokens": 4893,
      "cost": 0.0025014,
      "is_byok": false,
      "prompt_tokens_details": {
        "cached_tokens": 0,
        "audio_tokens": 0,
        "video_tokens": 0
      },
      "cost_details": {
        "upstream_inference_cost": null,
        "upstream_inference_prompt_cost": 0.0002172,
        "upstream_inference_completions_cost": 0.0022842
      },
      "completion_tokens_details": {
        "reasoning_tokens": 0,
        "image_tokens": 0
      }
    }
  }
}