{
  "initial_state": {
    "domain": "uav",
    "time_s": 0.0,
    "env": {
      "weather": "snow",
      "wind_mps": 8.0,
      "wind_dir_deg": 260.0
    },
    "airspace": {
      "alt_bounds": [
        50.0,
        350.0
      ],
      "geofence": [
        {
          "type": "polygon",
          "points": [
            [
              0,
              0
            ],
            [
              2000,
              0
            ],
            [
              2000,
              1500
            ],
            [
              0,
              1500
            ]
          ]
        }
      ]
    },
    "uav": {
      "pose": {
        "x": 100.0,
        "y": 100.0,
        "z": 100.0,
        "yaw": 90.0
      },
      "speed_mps": 22.0,
      "energy": {
        "battery_pct": 100.0
      },
      "sensors": {
        "rgb": "ok",
        "thermal": "offline",
        "lidar": "ok",
        "radar": "offline",
        "gnss": "ok",
        "imu": "ok",
        "magnetometer": "ok",
        "barometer": "ok"
      },
      "payloads": []
    },
    "policy": {
      "alt_bounds": [
        50.0,
        350.0
      ]
    },
    "safety_flags": {
      "nfz_violation": false,
      "separation_breach": false
    }
  },
  "dialogue": [
    {
      "turn": 1,
      "speaker": "agent",
      "intent": "initiate mission and check telemetry",
      "actions": [
        {
          "type": "mcp",
          "name": "read_telemetry",
          "args": {}
        }
      ],
      "obs": [
        {
          "tool": "read_telemetry",
          "result": {
            "pose": {
              "x": 100.0,
              "y": 100.0,
              "z": 100.0,
              "yaw": 90.0
            },
            "speed_mps": 22.0,
            "battery_pct": 100.0,
            "sensors": {
              "rgb": "ok",
              "thermal": "offline",
              "lidar": "ok",
              "radar": "offline",
              "gnss": "ok",
              "imu": "ok"
            }
          }
        }
      ],
      "net": {
        "slice": "eMBB",
        "lat_ms": 12,
        "jitter_ms": 3,
        "loss_pct": 0.1,
        "throughput_mbps": 850,
        "edge_load": 0.35
      }
    },
    {
      "turn": 2,
      "speaker": "user",
      "intent": "confirm mission start and assign delivery waypoint",
      "actions": [
        {
          "type": "mcp",
          "name": "set_waypoint",
          "args": {
            "x": 1800,
            "y": 1400,
            "z": 250
          }
        }
      ],
      "obs": [
        {
          "tool": "set_waypoint",
          "result": {
            "status": "accepted",
            "target": {
              "x": 1800,
              "y": 1400,
              "z": 250
            }
          }
        }
      ],
      "net": {
        "slice": "eMBB",
        "lat_ms": 11,
        "jitter_ms": 2,
        "loss_pct": 0.05,
        "throughput_mbps": 900,
        "edge_load": 0.38
      }
    },
    {
      "turn": 3,
      "speaker": "agent",
      "intent": "request swarm coordination for path optimization",
      "actions": [
        {
          "type": "a2a",
          "task": "path_optimization",
          "to": "uav_swarm_agent",
          "payload": {
            "current_pose": {
              "x": 100.0,
              "y": 100.0,
              "z": 100.0
            },
            "target": {
              "x": 1800,
              "y": 1400,
              "z": 250
            },
            "obstacles": [
              {
                "x": 900,
                "y": 700,
                "radius": 120
              }
            ]
          }
        }
      ],
      "obs": [
        {
          "task": "path_optimization",
          "from": "uav_swarm_agent",
          "status": "ok",
          "payload": {
            "optimized_waypoints": [
              {
                "x": 500,
                "y": 400,
                "z": 200
              },
              {
                "x": 1300,
                "y": 1000,
                "z": 220
              },
              {
                "x": 1800,
                "y": 1400,
                "z": 250
              }
            ]
          }
        }
      ],
      "net": {
        "slice": "URLLC",
        "lat_ms": 8,
        "jitter_ms": 1,
        "loss_pct": 0.02,
        "throughput_mbps": 120,
        "edge_load": 0.25
      }
    },
    {
      "turn": 4,
      "speaker": "user",
      "intent": "approve optimized path",
      "actions": [
        {
          "type": "mcp",
          "name": "execute_waypoints",
          "args": {
            "waypoints": [
              {
                "x": 500,
                "y": 400,
                "z": 200
              },
              {
                "x": 1300,
                "y": 1000,
                "z": 220
              },
              {
                "x": 1800,
                "y": 1400,
                "z": 250
              }
            ]
          }
        }
      ],
      "obs": [
        {
          "tool": "execute_waypoints",
          "result": {
            "status": "in_progress",
            "eta_s": 142
          }
        }
      ],
      "net": {
        "slice": "eMBB",
        "lat_ms": 15,
        "jitter_ms": 5,
        "loss_pct": 0.2,
        "throughput_mbps": 780,
        "edge_load": 0.42
      }
    },
    {
      "turn": 5,
      "speaker": "agent",
      "intent": "monitor telemetry under snowstorm conditions",
      "actions": [
        {
          "type": "mcp",
          "name": "read_telemetry",
          "args": {}
        }
      ],
      "obs": [
        {
          "tool": "read_telemetry",
          "result": {
            "pose": {
              "x": 510,
              "y": 410,
              "z": 202,
              "yaw": 88
            },
            "speed_mps": 20.5,
            "battery_pct": 97.3,
            "sensors": {
              "gnss": "degraded",
              "imu": "ok"
            }
          }
        }
      ],
      "net": {
        "slice": "URLLC",
        "lat_ms": 7,
        "jitter_ms": 1,
        "loss_pct": 0.01,
        "throughput_mbps": 110,
        "edge_load": 0.28
      }
    },
    {
      "turn": 6,
      "speaker": "user",
      "intent": "request thermal sensor activation for target zone",
      "actions": [
        {
          "type": "mcp",
          "name": "activate_sensor",
          "args": {
            "sensor": "thermal"
          }
        }
      ],
      "obs": [
        {
          "tool": "activate_sensor",
          "result": {
            "sensor": "thermal",
            "status": "failed",
            "reason": "hardware_fault_in_cold"
          }
        }
      ],
      "net": {
        "slice": "mMTC",
        "lat_ms": 50,
        "jitter_ms": 10,
        "loss_pct": 1.5,
        "throughput_mbps": 1.2,
        "edge_load": 0.65
      }
    },
    {
      "turn": 7,
      "speaker": "agent",
      "intent": "initiate collision avoidance due to radar failure",
      "actions": [
        {
          "type": "a2a",
          "task": "collision_avoidance",
          "to": "uav_swarm_agent",
          "payload": {
            "current_pose": {
              "x": 1310,
              "y": 1010,
              "z": 221
            },
            "velocity": 21.0,
            "sensor_status": {
              "radar": "offline",
              "lidar": "ok"
            }
          }
        }
      ],
      "obs": [
        {
          "task": "collision_avoidance",
          "from": "uav_swarm_agent",
          "status": "adjusted",
          "payload": {
            "new_heading": 85,
            "elevation_offset": 10
          }
        }
      ],
      "net": {
        "slice": "URLLC",
        "lat_ms": 6,
        "jitter_ms": 1,
        "loss_pct": 0.01,
        "throughput_mbps": 100,
        "edge_load": 0.22
      }
    },
    {
      "turn": 8,
      "speaker": "user",
      "intent": "verify final approach and confirm delivery",
      "actions": [
        {
          "type": "mcp",
          "name": "read_telemetry",
          "args": {}
        }
      ],
      "obs": [
        {
          "tool": "read_telemetry",
          "result": {
            "pose": {
              "x": 1790,
              "y": 1390,
              "z": 248
            },
            "speed_mps": 12.0,
            "battery_pct": 94.1,
            "status": "final_approach"
          }
        }
      ],
      "net": {
        "slice": "URLLC",
        "lat_ms": 9,
        "jitter_ms": 2,
        "loss_pct": 0.03,
        "throughput_mbps": 95,
        "edge_load": 0.31
      }
    },
    {
      "turn": 9,
      "speaker": "agent",
      "intent": "deliver payload and confirm success",
      "actions": [
        {
          "type": "mcp",
          "name": "deliver_payload",
          "args": {
            "bay": 1
          }
        }
      ],
      "obs": [
        {
          "tool": "deliver_payload",
          "result": {
            "status": "success",
            "bay": 1,
            "timestamp_s": 145.7
          }
        }
      ],
      "net": {
        "slice": "URLLC",
        "lat_ms": 5,
        "jitter_ms": 1,
        "loss_pct": 0.01,
        "throughput_mbps": 105,
        "edge_load": 0.19
      }
    },
    {
      "turn": 10,
      "speaker": "user",
      "intent": "order return to base",
      "actions": [
        {
          "type": "mcp",
          "name": "set_waypoint",
          "args": {
            "x": 100,
            "y": 100,
            "z": 100
          }
        }
      ],
      "obs": [
        {
          "tool": "set_waypoint",
          "result": {
            "status": "accepted",
            "target": {
              "x": 100,
              "y": 100,
              "z": 100
            }
          }
        }
      ],
      "net": {
        "slice": "mMTC",
        "lat_ms": 60,
        "jitter_ms": 15,
        "loss_pct": 2.0,
        "throughput_mbps": 0.8,
        "edge_load": 0.71
      }
    },
    {
      "turn": 11,
      "speaker": "agent",
      "intent": "confirm mission success and system status",
      "actions": [
        {
          "type": "mcp",
          "name": "read_telemetry",
          "args": {}
        }
      ],
      "obs": [
        {
          "tool": "read_telemetry",
          "result": {
            "pose": {
              "x": 1700,
              "y": 1300,
              "z": 240
            },
            "speed_mps": 18.0,
            "battery_pct": 93.8,
            "status": "returning"
          }
        }
      ],
      "net": {
        "slice": "URLLC",
        "lat_ms": 7,
        "jitter_ms": 1,
        "loss_pct": 0.02,
        "throughput_mbps": 102,
        "edge_load": 0.24
      }
    }
  ],
  "final_state": {
    "domain": "uav",
    "time_s": 150.0,
    "env": {
      "weather": "snow",
      "wind_mps": 8.0,
      "wind_dir_deg": 260.0
    },
    "airspace": {
      "alt_bounds": [
        50.0,
        350.0
      ],
      "geofence": [
        {
          "type": "polygon",
          "points": [
            [
              0,
              0
            ],
            [
              2000,
              0
            ],
            [
              2000,
              1500
            ],
            [
              0,
              1500
            ]
          ]
        }
      ]
    },
    "uav": {
      "pose": {
        "x": 1700,
        "y": 1300,
        "z": 240,
        "yaw": 85.0
      },
      "speed_mps": 18.0,
      "energy": {
        "battery_pct": 93.8
      },
      "sensors": {
        "rgb": "ok",
        "thermal": "offline",
        "lidar": "ok",
        "radar": "offline",
        "gnss": "degraded",
        "imu": "ok",
        "magnetometer": "ok",
        "barometer": "ok"
      },
      "payloads": []
    },
    "policy": {
      "alt_bounds": [
        50.0,
        350.0
      ]
    },
    "safety_flags": {
      "nfz_violation": false,
      "separation_breach": false
    }
  },
  "success": true,
  "_meta": {
    "seed": 42,
    "ts": 1763895407,
    "ts_iso": "2025-11-23T10:56:47Z",
    "gen_time_s": 62.835458755493164,
    "attempts_used": 1,
    "generation_failed": false,
    "usage": {
      "prompt_tokens": 1050,
      "completion_tokens": 3655,
      "total_tokens": 4705,
      "cost": 0.00308812,
      "is_byok": false,
      "prompt_tokens_details": {
        "cached_tokens": 608,
        "audio_tokens": 0,
        "video_tokens": 0
      },
      "cost_details": {
        "upstream_inference_cost": null,
        "upstream_inference_prompt_cost": 0.00016412,
        "upstream_inference_completions_cost": 0.002924
      },
      "completion_tokens_details": {
        "reasoning_tokens": 0,
        "image_tokens": 0
      }
    }
  }
}