{
  "episode_id": "6gb_prompt_ee321b208bd173c3",
  "questions": [
    {
      "task_id": "T7",
      "task_name": "Compute Placement Decision",
      "source_turn": 11,
      "question": "The UAV is currently hovering at 150m altitude with 100% battery and has just resumed patrol under URLLC with 10ms latency, 1.8ms jitter, 0.09% loss, 105Mbps throughput, and 0.41 edge load. The next waypoint is 2.4km away at 55m/s speed, requiring 44 seconds of flight and 3 image captures. The SLA mandates inference latency under 15ms for object detection and edge load under 0.8. Historical data shows eMBB degrades to 220ms latency and 8.5% loss under load, while URLLC maintains under 12ms but caps throughput at 120Mbps. If edge load increases by 0.05 per turn and network degradation persists, which compute placement minimizes maximum regret over the next 3 turns? A: Offload all inference to edge under URLLC, accepting 105Mbps throughput. B: Run inference onboard for first 2 captures, offload last under URLLC. C: Switch to eMBB for higher throughput despite 16ms latency and 0.6 edge load. D: Use mMTC for low load but 50ms latency and 1.2Mbps throughput.",
      "options": {
        "A": "Offload all inference to edge under URLLC, accepting 105Mbps throughput.",
        "B": "Run inference onboard for first 2 captures, offload last under URLLC.",
        "C": "Switch to eMBB for higher throughput despite 16ms latency and 0.6 edge load.",
        "D": "Use mMTC for low load but 50ms latency and 1.2Mbps throughput."
      },
      "correct": "B",
      "reason": "Option B minimizes maximum regret by balancing current SLA compliance and future risk. Onboard inference avoids network dependency for the first two captures, preserving URLLC for the final offload when edge load may reach 0. 56. Option A risks throughput saturation under 3 captures. Option C violates latency SLA at 16ms.",
      "rationale_tag": "WORST_CASE_REGRET_MINIMIZATION",
      "difficulty": "very_hard"
    },
    {
      "task_id": "T8",
      "task_name": "Graceful Degradation under Edge Overload",
      "source_turn": 6,
      "question": "At turn 6, edge load reaches 0.9 with eMBB slice latency spiking to 220ms and loss at 8.5%, while SLA mandates latency under 50ms and loss under 1%. The UAV is mid-patrol with 100% battery and thermal/RGB sensors active, but lidar remains offline. If edge load continues rising at 0.1 per turn and latency degrades by 15% per turn under eMBB, switching to URLLC now yields 10ms latency but only 100Mbps throughput, insufficient for real-time image streaming. Maintaining eMBB risks SLA violation in 2 turns, while switching to URLLC now sacrifices image quality for control stability. If the next turn requires high-res image capture for object classification, which option should be selected?",
      "options": {
        "A": "Switch to URLLC immediately to preserve control latency under 50ms, accepting 100Mbps throughput and degraded image quality for the next 3 turns.",
        "B": "Stay on eMBB for one more turn to complete image capture, accepting 220ms latency and 8.5% loss, then switch to URLLC if edge load exceeds 0.95.",
        "C": "Switch to mMTC to reduce edge load to 0.2, accepting 50ms latency and 1.2Mbps throughput, which prevents SLA violation but disables real-time imaging.",
        "D": "Request emergency battery conservation mode to reduce compute load, assuming edge load will drop by 0.15 per turn, allowing eMBB to remain viable for 2 more turns."
      },
      "correct": "A",
      "reason": "Switching to URLLC immediately ensures latency remains under 50ms for the next three turns despite edge load rising. Maintaining eMBB risks SLA violation in two turns as latency would exceed 250ms and loss would hit 10%. mMTC fails because 50ms latency is at SLA boundary and throughput is too low for any imaging. Battery conservation is speculative and not supported by telemetry. The correct choice minimizes maximum regret by preserving control stability over image quality under worst-case degradation.",
      "rationale_tag": "WORST_CASE_LATENCY_REGRET",
      "difficulty": "very_hard"
    },
    {
      "task_id": "T9",
      "task_name": "Trust-Aware Offloading",
      "source_turn": 6,
      "question": "At turn 6, the UAV is attempting to offload a high-priority image while experiencing severe network degradation: latency spiked to 220ms, jitter to 45ms, packet loss to 8.5%, throughput dropped to 200Mbps, and edge load reached 0.9. The policy mandates that mission-critical data must be offloaded within 150ms latency and under 5% loss to preserve trust in the edge infrastructure. The URLLC slice, available since turn 7, offers 10ms latency and 0.1% loss but only 100Mbps throughput, insufficient for the 1.2GB image. A fallback option is local storage with 0ms latency but no offload guarantee. A fourth option is to wait one turn for potential network recovery, risking mission delay. Given the uncertainty of recovery and the policy’s trust constraints, which option should be selected?",
      "options": {
        "A": "Offload immediately via eMBB despite violating latency and loss SLAs, prioritizing speed over trust.",
        "B": "Switch to URLLC and offload in chunks, accepting extended time but meeting latency and loss trust thresholds.",
        "C": "Store locally and defer offload, accepting zero network risk but violating the policy’s offload requirement.",
        "D": "Wait one turn for network recovery, assuming mean recovery based on prior URLLC performance, risking SLA breach if degradation persists."
      },
      "correct": "B",
      "reason": "The policy requires trust-aligned offloading under strict latency and loss bounds, which eMBB violates at turn 6. URLLC meets both bounds even if throughput is lower, allowing chunked offload without trust violation. Waiting one turn risks persistent degradation, as edge load remains high and prior recovery was not guaranteed. Local storage avoids network risk but fails the offload mandate, making it non-compliant. URLLC minimizes maximum regret by preserving trust while ensuring eventual delivery.",
      "rationale_tag": "TRUST_PRESERVATION_UNDER_CONSTRAINT",
      "difficulty": "very_hard"
    },
    {
      "task_id": "T10",
      "task_name": "SLA Violation Prediction",
      "source_turn": 11,
      "question": "The UAV is currently operating under URLLC with latency 10ms, jitter 1.8ms, loss 0.09%, throughput 105Mbps, and edge load 0.41. Historical data shows eMBB degraded from 16ms latency to 220ms over two turns, and URLLC has shown jitter spikes up to 2ms and loss up to 0.12% in prior turns. The mission SLA requires latency < 20ms, loss < 0.5%, and edge load < 0.8 for the next 3 turns. If wind persists at 12m/s and sensor fusion requires 80Mbps throughput, switching to eMBB risks latency exceeding 20ms within 1 turn under worst-case jitter and loss growth. Maintaining URLLC ensures latency compliance but may starve sensor fusion bandwidth. Switching to mMTC guarantees no SLA violation but reduces throughput to 1.2Mbps, making sensor fusion impossible. Given the risk of future degradation and the need to complete sensor fusion within 2 turns, which option should be selected?",
      "options": {
        "A": "Maintain URLLC: latency and loss are within SLA, and edge load is below 0.5; sensor fusion can proceed at reduced frame rate with 105Mbps.",
        "B": "Switch to eMBB: current latency is 10ms, which is below SLA; throughput is sufficient for sensor fusion; assume degradation will not recur.",
        "C": "Switch to mMTC: guarantees no SLA violation for latency, jitter, or edge load; throughput is too low for sensor fusion but mission can proceed without it.",
        "D": "Switch to eMBB but throttle sensor fusion: use 80Mbps for fusion and reserve 20Mbps for control; accept risk of latency exceeding 20ms in turn 12 if jitter spikes."
      },
      "correct": "A",
      "reason": "Maintaining URLLC ensures latency remains under 20ms even under worst-case jitter of 2ms and loss of 0. 12%, which are within SLA bounds. Switching to eMBB risks latency exceeding 20ms within one turn based on prior degradation pattern from 16ms to 220ms. mMTC eliminates SLA risk but prevents sensor fusion entirely, violating mission intent. Throttling eMBB still exposes the system to SLA violation if jitter or loss increases as observed in turn 6.",
      "rationale_tag": "WORST_CASE_SLA_COMPLIANCE",
      "difficulty": "very_hard"
    },
    {
      "task_id": "T16",
      "task_name": "Network-Exposed Compute Marketplace",
      "source_turn": 11,
      "question": "The UAV is currently operating under URLLC with 10ms latency, 1.8ms jitter, 0.09% loss, 105Mbps throughput, and 0.41 edge load. Historical data shows eMBB degraded from 16ms latency to 220ms over 1 turn, and URLLC has maintained sub-12ms latency across 5 turns despite edge load rising from 0.3 to 0.42. A third-party compute request arrives offering $120/hour for 0.15 edge load allocation, but it requires 80Mbps throughput and must complete within 2 turns. The current mission requires 95Mbps for sensor fusion and has a 3-turn window. If edge load exceeds 0.5, SLA penalties of $200 per turn apply. Which option should be selected?",
      "options": {
        "A": "Accept the third-party request and allocate 0.15 edge load; current URLLC can handle 105Mbps and projected edge load is 0.56 in 2 turns, which is under SLA threshold.",
        "B": "Reject the request; current mission requires 95Mbps and URLLC only guarantees 105Mbps, leaving no margin for third-party use under worst-case jitter of 2ms.",
        "C": "Accept the request but throttle mission data to 70Mbps; projected edge load will be 0.56 in 2 turns, and SLA violation risk is 15% based on historical degradation rate.",
        "D": "Defer the request for 1 turn; current edge load is 0.41, and if mission data completes in 1 turn, edge load drops to 0.26, freeing capacity for third-party use with zero SLA risk."
      },
      "correct": "D",
      "reason": "The current mission requires 95Mbps and cannot be throttled without risking sensor fusion failure. Accepting the request immediately pushes edge load to 0. 56, which exceeds the 0. 5 SLA threshold under worst-case projection. Deferring for one turn allows mission completion, reducing edge load to 0.",
      "rationale_tag": "WORST_CASE_SLAMARGIN",
      "difficulty": "very_hard"
    },
    {
      "task_id": "T17",
      "task_name": "Network-Knowledge RAG Augmentation",
      "source_turn": 11,
      "question": "The UAV is resuming patrol under URLLC with 10ms latency, 1.8ms jitter, 0.09% loss, 105Mbps throughput, and 0.41 edge load. Historical data shows eMBB degraded from 16ms to 220ms latency over two turns with edge load rising from 0.6 to 0.9. URLLC has maintained latency under 12ms but throughput is capped at 110Mbps. mMTC offers 50ms latency with 1.2Mbps throughput and 0.2 edge load. The next mission phase requires transmitting 1.2GB of fused sensor data within 30 seconds while maintaining sub-15ms control latency. If edge load increases by 0.05 per turn under URLLC and jitter may spike to 3ms, which network slice should be selected for RAG augmentation to ensure mission continuity over the next three turns while minimizing regret from potential SLA violations?",
      "options": {
        "A": "Stick with URLLC: latency is stable under 15ms, jitter is within 3ms worst case, and edge load will remain below 0.55 in three turns.",
        "B": "Switch to eMBB: current throughput is 105Mbps, sufficient for 1.2GB in 30s, and edge load may drop if traffic redistributes.",
        "C": "Switch to mMTC: latency is 50ms which exceeds control SLA, but throughput is adequate for data offload and edge load is low at 0.2.",
        "D": "Hybrid mode: use URLLC for control and eMBB for data, but this risks 220ms latency spikes and 8.5% loss if eMBB degrades further."
      },
      "correct": "A",
      "reason": "URLLC maintains latency under 15ms even under worst-case jitter of 3ms and projected edge load of 0. 56 in three turns. eMBB’s historical degradation to 220ms latency and 8. 5% loss makes it unreliable for control. mMTC’s 50ms latency violates the sub-15ms control SLA.",
      "rationale_tag": "WORST_CASE_LATENCY_MARGIN",
      "difficulty": "very_hard"
    },
    {
      "task_id": "T18",
      "task_name": "AI Agent Identity & Onboarding",
      "source_turn": 11,
      "question": "The UAV agent is currently operating under URLLC with latency 10ms, jitter 1.8ms, loss 0.09%, throughput 105Mbps, and edge load 0.41. Historical data shows eMBB degraded to 220ms latency and 8.5% loss at turn 6, and mMTC has 50ms latency and 0.5% loss but only 1.2Mbps throughput. The mission requires continuous sensor fusion with lidar offline, and the next waypoint is 3.2km away at 55m/s speed, requiring 58 seconds of uninterrupted control. Policy mandates SLA of <20ms latency and <0.5% loss for critical control. If network degradation persists for one more turn, which option minimizes maximum regret while preserving agent identity integrity and mission continuity? A) Stay on URLLC despite throughput constraints. B) Switch to eMBB for higher throughput, accepting risk of latency spike. C) Switch to mMTC to reduce edge load, accepting throughput collapse. D) Initiate emergency identity re-registration to force network renegotiation.",
      "options": {
        "A": "Stay on URLLC despite throughput constraints.",
        "B": "Switch to eMBB for higher throughput, accepting risk of latency spike.",
        "C": "Switch to mMTC to reduce edge load, accepting throughput collapse.",
        "D": "Initiate emergency identity re-registration to force network renegotiation."
      },
      "correct": "A",
      "reason": "URLLC maintains latency under 20ms and loss under 0. 5% even under worst-case jitter and loss projections. eMBB risks violating SLA if degradation recurs as at turn 6. mMTC throughput is insufficient for sensor fusion data rates. Identity re-registration introduces unquantified delay and does not guarantee improved network conditions.",
      "rationale_tag": "WORST_CASE_SLAMIN",
      "difficulty": "very_hard"
    },
    {
      "task_id": "T22",
      "task_name": "Federated / Collaborative Learning Orchestration",
      "source_turn": 11,
      "question": "The UAV is currently operating under URLLC with latency 10ms, jitter 1.8ms, loss 0.09%, throughput 105Mbps, and edge load 0.41. Battery is at 100% but will deplete at 2.5% per minute during active patrol. The next waypoint is 1200m away at 55m/s, requiring 22 seconds of flight. Federated model update requires 80MB of data upload with 95% success probability under current URLLC, but if edge load exceeds 0.65 in the next turn, success probability drops to 60%. eMBB offers 750Mbps throughput but latency 16ms and edge load 0.6, risking SLA violation if used for model sync. mMTC has 1.2Mbps throughput and 50ms latency, insufficient for timely model sync. If the UAV delays model sync for one more turn, edge load may rise to 0.55 due to swarm coordination, reducing URLLC success probability to 80%. Which option should be selected to minimize maximum regret over the next two turns while ensuring model convergence and battery sustainability?",
      "options": {
        "A": "Immediately initiate federated model sync over URLLC, accepting 95% success probability and 0.41 edge load, preserving battery for patrol.",
        "B": "Switch to eMBB for model sync, leveraging 750Mbps throughput despite 16ms latency and 0.6 edge load, risking SLA violation if load spikes.",
        "C": "Delay model sync for one turn to allow edge load to stabilize, accepting 80% success probability under URLLC and risking battery depletion during idle hover.",
        "D": "Use mMTC for model sync, accepting 1.2Mbps throughput and 50ms latency, ensuring no edge load increase but guaranteeing sync failure."
      },
      "correct": "A",
      "reason": "Option A minimizes maximum regret by using URLLC with current 95% success probability and 0. 41 edge load, avoiding SLA risk from eMBB and sync failure from mMTC. Delaying sync reduces success probability to 80% and wastes battery during idle hover. eMBB’s 0. 6 edge load is near the 0.",
      "rationale_tag": "REGRET_MINIMIZATION_UNDER_UNCERTAINTY",
      "difficulty": "very_hard"
    },
    {
      "task_id": "T26",
      "task_name": "Trust-Aware Third-Party Agent Exposure",
      "source_turn": 11,
      "question": "The UAV is operating under crosswind conditions at 12.0 m/s with battery at 100% and altitude at 150.0m, within geofenced airspace bounded by [0.0,0.0] to [8000.0,6000.0]. Network slice URLLC currently provides 10ms latency, 1.8ms jitter, 0.09% loss, 105Mbps throughput, and 0.41 edge load, while eMBB has degraded to 220ms latency and 8.5% loss in prior turns. A third-party analytics agent requests full sensor fusion data access for object classification, but policy restricts exposure if edge load exceeds 0.5 or latency exceeds 15ms for more than two consecutive turns. Historical data shows edge load increases by 0.05 per turn under URLLC during active analysis, and latency may spike to 18ms under worst-case jitter. If the UAV continues patrol with this agent, projected edge load in turn 13 will reach 0.51, exceeding policy. Which option should be selected to maintain compliance while minimizing mission disruption over the next three turns?",
      "options": {
        "A": "Grant full access under URLLC with real-time monitoring; edge load is currently 0.41 and latency is 10ms, both within limits.",
        "B": "Grant limited access under eMBB with 750Mbps throughput; latency is 16ms and loss is 0.3%, acceptable for non-critical data.",
        "C": "Deny access and switch to mMTC for logging only; latency is 50ms but edge load is 0.2, ensuring policy compliance.",
        "D": "Grant conditional access under URLLC with 10ms latency but cap data rate to 80Mbps; projected edge load in turn 13 is 0.49, under threshold."
      },
      "correct": "D",
      "reason": "Option D is correct because it maintains latency under 15ms and keeps projected edge load at 0. 49 in turn 13, below the 0. 5 policy threshold. Option A fails because edge load will exceed 0. 5 in turn 13 under worst-case projection.",
      "rationale_tag": "POLICY_COMPLIANCE_UNDER_PROJECTION",
      "difficulty": "very_hard"
    },
    {
      "task_id": "T30",
      "task_name": "Network Security Detection & Response Automation",
      "source_turn": 11,
      "question": "At turn 11, the UAV resumes patrol under URLLC with latency 10ms, jitter 1.8ms, loss 0.09%, throughput 105Mbps, and edge load 0.41. Historical data shows eMBB degraded from 16ms latency and 0.3% loss at turn 5 to 220ms latency and 8.5% loss at turn 6, then recovered partially to 14ms and 0.2% at turn 3. URLLC has maintained sub-12ms latency and under 0.12% loss since turn 2, but its throughput is capped at 150Mbps. mMTC at turn 10 showed 50ms latency and 0.5% loss with 1.2Mbps throughput. The mission requires continuous sensor fusion with 100Mbps minimum throughput and SLA of 20ms max latency. If edge load exceeds 0.85, the network may collapse within 2 turns. Given uncertainty in wind-induced packet loss up to ±0.05% and potential edge load growth of 0.03 per turn, which option should be selected to minimize maximum regret over the next 3 turns?",
      "options": {
        "A": "Stay on URLLC: latency 10ms, loss 0.09%±0.05%, throughput 105Mbps, edge load 0.41+0.03/turn — meets SLA and throughput, edge load stays under 0.50 in 3 turns.",
        "B": "Switch to eMBB: latency 14ms, loss 0.2%±0.05%, throughput 800Mbps, edge load 0.5 — throughput exceeds requirement but loss may hit 0.25% and edge load may reach 0.59 in 3 turns, risking SLA violation if degradation recurs.",
        "C": "Switch to mMTC: latency 50ms, loss 0.5%±0.05%, throughput 1.2Mbps — violates throughput SLA by 98.8Mbps and latency by 30ms, but edge load 0.2 is safe; however, sensor fusion will fail.",
        "D": "Initiate network isolation: force eMBB with 100% priority, accepting 220ms latency and 8.5% loss for 1 turn to reset edge load to 0.3 — risks mission failure due to SLA breach but may restore stability if degradation was transient."
      },
      "correct": "A",
      "reason": "URLLC maintains latency under 20ms and throughput above 100Mbps with edge load projected to stay below 0. 50 in three turns. eMBB risks recurrence of high latency and loss, which previously exceeded SLA by 10x. mMTC fails throughput and latency SLAs outright. Network isolation incurs immediate SLA violation with uncertain recovery.",
      "rationale_tag": "WORST_CASE_MARGIN_MINIMIZATION",
      "difficulty": "very_hard"
    }
  ]
}