{
  "initial_state": {
    "domain": "uav",
    "time_s": 0.0,
    "env": {
      "weather": "gusts",
      "wind_mps": 6.0,
      "wind_dir_deg": 135.0
    },
    "airspace": {
      "alt_bounds": [
        0.5,
        25.0
      ],
      "geofence": [
        {
          "type": "polygon",
          "points": [
            [
              0.0,
              0.0
            ],
            [
              50.0,
              0.0
            ],
            [
              50.0,
              30.0
            ],
            [
              0.0,
              30.0
            ]
          ]
        }
      ]
    },
    "uav": {
      "pose": {
        "x": 5.0,
        "y": 5.0,
        "z": 1.0,
        "yaw": 90.0
      },
      "speed_mps": 15.0,
      "energy": {
        "battery_pct": 100.0
      },
      "sensors": {
        "rgb": "ok",
        "thermal": "ok",
        "lidar": "ok",
        "radar": "offline",
        "gnss": "ok",
        "imu": "ok",
        "magnetometer": "ok",
        "barometer": "ok"
      },
      "payloads": [
        {
          "id": "main_inspector",
          "type": "lidar",
          "category": "imaging_advanced",
          "mass_kg": 0.3,
          "power_W": 25.0,
          "drag_cdA": 0.01,
          "mount": "gimbal",
          "data": {
            "stream": "pointcloud",
            "bitrate_mbps": 4.0,
            "storage_GB": 16.0
          },
          "operating": {
            "fov_deg": 270,
            "range_m": 50,
            "resolution": "1024x64@10",
            "wavelength": "NIR"
          },
          "constraints": {
            "min_alt_m": 5,
            "max_alt_m": 20,
            "day_night": "both"
          }
        },
        {
          "id": "thermal_imager",
          "type": "thermal_camera_lwir",
          "category": "imaging_thermal",
          "mass_kg": 0.15,
          "power_W": 8.0,
          "drag_cdA": 0.005,
          "mount": "gimbal",
          "data": {
            "stream": "video",
            "bitrate_mbps": 2.0,
            "storage_GB": 8.0
          },
          "operating": {
            "fov_deg": 90,
            "resolution": "640x512@30",
            "wavelength": "LWIR"
          },
          "constraints": {
            "min_alt_m": 3,
            "max_alt_m": 15,
            "day_night": "both"
          }
        }
      ]
    },
    "policy": {
      "alt_bounds": [
        0.5,
        25.0
      ]
    },
    "safety_flags": {
      "nfz_violation": false,
      "separation_breach": false
    }
  },
  "dialogue": [
    {
      "turn": 1,
      "speaker": "agent",
      "intent": "initiate_inspection_mission",
      "actions": [
        {
          "type": "mcp",
          "name": "read_telemetry",
          "args": {}
        },
        {
          "type": "mcp",
          "name": "activate_payload",
          "args": {
            "payload_id": "main_inspector"
          }
        }
      ],
      "obs": [
        {
          "tool": "read_telemetry",
          "result": {
            "pose": {
              "x": 5.0,
              "y": 5.0,
              "z": 1.0,
              "yaw": 90.0
            },
            "battery_pct": 100.0,
            "speed_mps": 15.0
          }
        },
        {
          "tool": "activate_payload",
          "result": {
            "status": "success",
            "payload_id": "main_inspector",
            "power_draw_W": 25.0
          }
        }
      ],
      "net": {
        "slice": "eMBB",
        "lat_ms": 12,
        "jitter_ms": 2,
        "loss_pct": 0.1,
        "throughput_mbps": 85,
        "edge_load": 0.4
      }
    },
    {
      "turn": 2,
      "speaker": "user",
      "intent": "confirm_takeoff_and_altitude",
      "actions": [
        {
          "type": "mcp",
          "name": "set_altitude",
          "args": {
            "target_m": 12.0
          }
        }
      ],
      "obs": [
        {
          "tool": "set_altitude",
          "result": {
            "status": "acknowledged",
            "target_m": 12.0
          }
        }
      ],
      "net": {
        "slice": "eMBB",
        "lat_ms": 11,
        "jitter_ms": 1.8,
        "loss_pct": 0.05,
        "throughput_mbps": 88,
        "edge_load": 0.42
      }
    },
    {
      "turn": 3,
      "speaker": "agent",
      "intent": "ascend_and_verify_stability",
      "actions": [
        {
          "type": "mcp",
          "name": "read_telemetry",
          "args": {}
        },
        {
          "type": "a2a",
          "task": "collision_avoidance",
          "to": "uav_swarm_agent",
          "payload": {
            "current_pose": {
              "x": 5.0,
              "y": 5.0,
              "z": 1.0
            },
            "target_pose": {
              "x": 5.0,
              "y": 5.0,
              "z": 12.0
            }
          }
        }
      ],
      "obs": [
        {
          "tool": "read_telemetry",
          "result": {
            "pose": {
              "x": 5.0,
              "y": 5.0,
              "z": 8.2,
              "yaw": 90.0
            },
            "battery_pct": 99.8,
            "speed_mps": 12.1
          }
        },
        {
          "task": "collision_avoidance",
          "from": "uav_swarm_agent",
          "status": "ok",
          "payload": {
            "clearance": true,
            "recommended_alt": 12.0
          }
        }
      ],
      "net": {
        "slice": "URLLC",
        "lat_ms": 8,
        "jitter_ms": 0.9,
        "loss_pct": 0.01,
        "throughput_mbps": 50,
        "edge_load": 0.3
      }
    },
    {
      "turn": 4,
      "speaker": "user",
      "intent": "request_thermal_scan",
      "actions": [
        {
          "type": "mcp",
          "name": "activate_payload",
          "args": {
            "payload_id": "thermal_imager"
          }
        }
      ],
      "obs": [
        {
          "tool": "activate_payload",
          "result": {
            "status": "success",
            "payload_id": "thermal_imager",
            "power_draw_W": 8.0
          }
        }
      ],
      "net": {
        "slice": "eMBB",
        "lat_ms": 15,
        "jitter_ms": 3,
        "loss_pct": 0.2,
        "throughput_mbps": 80,
        "edge_load": 0.5
      }
    },
    {
      "turn": 5,
      "speaker": "agent",
      "intent": "navigate_to_target_zone",
      "actions": [
        {
          "type": "mcp",
          "name": "set_waypoint",
          "args": {
            "x": 40.0,
            "y": 20.0,
            "z": 12.0
          }
        },
        {
          "type": "mcp",
          "name": "read_telemetry",
          "args": {}
        }
      ],
      "obs": [
        {
          "tool": "set_waypoint",
          "result": {
            "status": "accepted",
            "eta_s": 3.2
          }
        },
        {
          "tool": "read_telemetry",
          "result": {
            "pose": {
              "x": 18.7,
              "y": 11.3,
              "z": 12.0,
              "yaw": 88.5
            },
            "battery_pct": 99.5,
            "speed_mps": 14.8
          }
        }
      ],
      "net": {
        "slice": "eMBB",
        "lat_ms": 16,
        "jitter_ms": 3.5,
        "loss_pct": 0.3,
        "throughput_mbps": 75,
        "edge_load": 0.55
      }
    },
    {
      "turn": 6,
      "speaker": "user",
      "intent": "report_network_degradation",
      "actions": [],
      "obs": [],
      "net": {
        "slice": "mMTC",
        "lat_ms": 45,
        "jitter_ms": 12,
        "loss_pct": 5.0,
        "throughput_mbps": 1.2,
        "edge_load": 0.85
      }
    },
    {
      "turn": 7,
      "speaker": "agent",
      "intent": "adapt_to_poor_network",
      "actions": [
        {
          "type": "mcp",
          "name": "reduce_stream_bitrate",
          "args": {
            "payload_id": "main_inspector",
            "target_mbps": 1.0
          }
        },
        {
          "type": "mcp",
          "name": "store_locally",
          "args": {
            "payload_id": "thermal_imager"
          }
        }
      ],
      "obs": [
        {
          "tool": "reduce_stream_bitrate",
          "result": {
            "status": "adjusted",
            "from_mbps": 4.0,
            "to_mbps": 1.0
          }
        },
        {
          "tool": "store_locally",
          "result": {
            "status": "enabled",
            "payload_id": "thermal_imager",
            "local_storage_used_GB": 0.3
          }
        }
      ],
      "net": {
        "slice": "mMTC",
        "lat_ms": 42,
        "jitter_ms": 10,
        "loss_pct": 4.8,
        "throughput_mbps": 1.5,
        "edge_load": 0.82
      }
    },
    {
      "turn": 8,
      "speaker": "user",
      "intent": "resume_full_streaming",
      "actions": [
        {
          "type": "mcp",
          "name": "restore_stream_bitrate",
          "args": {
            "payload_id": "main_inspector"
          }
        }
      ],
      "obs": [
        {
          "tool": "restore_stream_bitrate",
          "result": {
            "status": "restored",
            "payload_id": "main_inspector",
            "bitrate_mbps": 4.0
          }
        }
      ],
      "net": {
        "slice": "URLLC",
        "lat_ms": 9,
        "jitter_ms": 1.1,
        "loss_pct": 0.02,
        "throughput_mbps": 60,
        "edge_load": 0.35
      }
    },
    {
      "turn": 9,
      "speaker": "agent",
      "intent": "complete_inspection_and_return",
      "actions": [
        {
          "type": "mcp",
          "name": "capture_snapshot",
          "args": {
            "payload_id": "main_inspector"
          }
        },
        {
          "type": "mcp",
          "name": "set_waypoint",
          "args": {
            "x": 5.0,
            "y": 5.0,
            "z": 1.0
          }
        }
      ],
      "obs": [
        {
          "tool": "capture_snapshot",
          "result": {
            "status": "success",
            "data_saved_GB": 0.15,
            "anomaly_detected": true,
            "anomaly_type": "crack",
            "location": {
              "x": 39.8,
              "y": 19.9,
              "z": 12.0
            }
          }
        },
        {
          "tool": "set_waypoint",
          "result": {
            "status": "accepted",
            "eta_s": 2.8
          }
        }
      ],
      "net": {
        "slice": "URLLC",
        "lat_ms": 7,
        "jitter_ms": 0.8,
        "loss_pct": 0.01,
        "throughput_mbps": 65,
        "edge_load": 0.3
      }
    },
    {
      "turn": 10,
      "speaker": "user",
      "intent": "acknowledge_anomaly_and_land",
      "actions": [
        {
          "type": "mcp",
          "name": "deactivate_payload",
          "args": {
            "payload_id": "main_inspector"
          }
        }
      ],
      "obs": [
        {
          "tool": "deactivate_payload",
          "result": {
            "status": "deactivated",
            "payload_id": "main_inspector"
          }
        }
      ],
      "net": {
        "slice": "URLLC",
        "lat_ms": 8,
        "jitter_ms": 0.9,
        "loss_pct": 0.01,
        "throughput_mbps": 62,
        "edge_load": 0.32
      }
    }
  ],
  "final_state": {
    "domain": "uav",
    "time_s": 120.0,
    "env": {
      "weather": "gusts",
      "wind_mps": 6.0,
      "wind_dir_deg": 135.0
    },
    "airspace": {
      "alt_bounds": [
        0.5,
        25.0
      ],
      "geofence": [
        {
          "type": "polygon",
          "points": [
            [
              0.0,
              0.0
            ],
            [
              50.0,
              0.0
            ],
            [
              50.0,
              30.0
            ],
            [
              0.0,
              30.0
            ]
          ]
        }
      ]
    },
    "uav": {
      "pose": {
        "x": 5.0,
        "y": 5.0,
        "z": 1.0,
        "yaw": 90.0
      },
      "speed_mps": 0.0,
      "energy": {
        "battery_pct": 95.2
      },
      "sensors": {
        "rgb": "ok",
        "thermal": "ok",
        "lidar": "ok",
        "radar": "offline",
        "gnss": "ok",
        "imu": "ok",
        "magnetometer": "ok",
        "barometer": "ok"
      },
      "payloads": [
        {
          "id": "main_inspector",
          "type": "lidar",
          "category": "imaging_advanced",
          "mass_kg": 0.3,
          "power_W": 25.0,
          "drag_cdA": 0.01,
          "mount": "gimbal",
          "data": {
            "stream": "pointcloud",
            "bitrate_mbps": 4.0,
            "storage_GB": 15.85
          },
          "operating": {
            "fov_deg": 270,
            "range_m": 50,
            "resolution": "1024x64@10",
            "wavelength": "NIR"
          },
          "constraints": {
            "min_alt_m": 5,
            "max_alt_m": 20,
            "day_night": "both"
          }
        },
        {
          "id": "thermal_imager",
          "type": "thermal_camera_lwir",
          "category": "imaging_thermal",
          "mass_kg": 0.15,
          "power_W": 8.0,
          "drag_cdA": 0.005,
          "mount": "gimbal",
          "data": {
            "stream": "video",
            "bitrate_mbps": 2.0,
            "storage_GB": 7.7
          },
          "operating": {
            "fov_deg": 90,
            "resolution": "640x512@30",
            "wavelength": "LWIR"
          },
          "constraints": {
            "min_alt_m": 3,
            "max_alt_m": 15,
            "day_night": "both"
          }
        }
      ]
    },
    "policy": {
      "alt_bounds": [
        0.5,
        25.0
      ]
    },
    "safety_flags": {
      "nfz_violation": false,
      "separation_breach": false
    }
  },
  "success": true,
  "_meta": {
    "seed": 42,
    "ts": 1764005270,
    "ts_iso": "2025-11-24T17:27:50Z",
    "gen_time_s": 152.33047151565552,
    "attempts_used": 2,
    "generation_failed": false,
    "usage": {
      "prompt_tokens": 1481,
      "completion_tokens": 4208,
      "total_tokens": 5689,
      "cost": 0.00353558,
      "is_byok": false,
      "prompt_tokens_details": {
        "cached_tokens": 1424,
        "audio_tokens": 0,
        "video_tokens": 0
      },
      "cost_details": {
        "upstream_inference_cost": null,
        "upstream_inference_prompt_cost": 0.00016918,
        "upstream_inference_completions_cost": 0.0033664
      },
      "completion_tokens_details": {
        "reasoning_tokens": 0,
        "image_tokens": 0
      }
    }
  }
}