{
  "initial_state": {
    "domain": "uav",
    "time_s": 0.0,
    "env": {
      "weather": "dust",
      "wind_mps": 6.0,
      "wind_dir_deg": 145.0
    },
    "airspace": {
      "alt_bounds": [
        10.0,
        120.0
      ],
      "geofence": [
        {
          "type": "polygon",
          "points": [
            [
              0.0,
              0.0
            ],
            [
              300.0,
              0.0
            ],
            [
              300.0,
              300.0
            ],
            [
              0.0,
              300.0
            ]
          ]
        }
      ]
    },
    "uav": {
      "pose": {
        "x": 50.0,
        "y": 50.0,
        "z": 20.0,
        "yaw": 90.0
      },
      "speed_mps": 18.0,
      "energy": {
        "battery_pct": 100.0
      },
      "sensors": {
        "rgb": "ok",
        "thermal": "ok",
        "lidar": "ok",
        "radar": "offline",
        "gnss": "ok",
        "imu": "ok",
        "magnetometer": "ok",
        "barometer": "ok"
      },
      "payloads": []
    },
    "policy": {
      "alt_bounds": [
        10.0,
        120.0
      ]
    },
    "safety_flags": {
      "nfz_violation": false,
      "separation_breach": false
    }
  },
  "dialogue": [
    {
      "turn": 1,
      "speaker": "agent",
      "intent": "initiate_survey_mission",
      "actions": [
        {
          "type": "mcp",
          "name": "read_telemetry",
          "args": {}
        },
        {
          "type": "mcp",
          "name": "activate_sensor",
          "args": {
            "sensor": "thermal"
          }
        }
      ],
      "obs": [
        {
          "tool": "read_telemetry",
          "result": {
            "pose": {
              "x": 50.0,
              "y": 50.0,
              "z": 20.0
            },
            "battery_pct": 100.0,
            "speed_mps": 18.0
          }
        },
        {
          "tool": "activate_sensor",
          "result": {
            "sensor": "thermal",
            "status": "activated"
          }
        }
      ],
      "net": {
        "slice": "eMBB",
        "lat_ms": 12,
        "jitter_ms": 2,
        "loss_pct": 0.1,
        "throughput_mbps": 850,
        "edge_load": 0.35
      }
    },
    {
      "turn": 2,
      "speaker": "user",
      "intent": "confirm_survey_and_monitor",
      "actions": [
        {
          "type": "mcp",
          "name": "get_network_status",
          "args": {}
        }
      ],
      "obs": [
        {
          "tool": "get_network_status",
          "result": {
            "current_slice": "eMBB",
            "signal_strength": -78,
            "cell_id": "6G-CELL-221A"
          }
        }
      ],
      "net": {
        "slice": "eMBB",
        "lat_ms": 11,
        "jitter_ms": 1.8,
        "loss_pct": 0.05,
        "throughput_mbps": 900,
        "edge_load": 0.32
      }
    },
    {
      "turn": 3,
      "speaker": "agent",
      "intent": "adjust_flight_path_for_coverage",
      "actions": [
        {
          "type": "mcp",
          "name": "set_waypoint",
          "args": {
            "x": 150.0,
            "y": 150.0,
            "z": 40.0
          }
        },
        {
          "type": "a2a",
          "task": "collision_avoidance_check",
          "to": "uav_swarm_agent",
          "payload": {
            "current_pose": {
              "x": 50.0,
              "y": 50.0,
              "z": 20.0
            },
            "target_waypoint": {
              "x": 150.0,
              "y": 150.0,
              "z": 40.0
            }
          }
        }
      ],
      "obs": [
        {
          "tool": "set_waypoint",
          "result": {
            "status": "accepted",
            "eta_s": 12.4
          }
        },
        {
          "task": "collision_avoidance_check",
          "from": "uav_swarm_agent",
          "status": "ok",
          "payload": {
            "clearance": "safe",
            "conflict_uavs": []
          }
        }
      ],
      "net": {
        "slice": "URLLC",
        "lat_ms": 8,
        "jitter_ms": 0.9,
        "loss_pct": 0.02,
        "throughput_mbps": 120,
        "edge_load": 0.28
      }
    },
    {
      "turn": 4,
      "speaker": "user",
      "intent": "request_thermal_image_snapshot",
      "actions": [
        {
          "type": "mcp",
          "name": "capture_image",
          "args": {
            "sensor": "thermal",
            "mode": "snapshot"
          }
        }
      ],
      "obs": [
        {
          "tool": "capture_image",
          "result": {
            "image_id": "THM-221A-001",
            "status": "captured",
            "temp_range_c": [
              22.1,
              38.7
            ]
          }
        }
      ],
      "net": {
        "slice": "eMBB",
        "lat_ms": 14,
        "jitter_ms": 2.1,
        "loss_pct": 0.2,
        "throughput_mbps": 800,
        "edge_load": 0.41
      }
    },
    {
      "turn": 5,
      "speaker": "agent",
      "intent": "detect_anomaly_via_ml",
      "actions": [
        {
          "type": "mcp",
          "name": "run_ml_inference",
          "args": {
            "model": "anomaly_detect_v3",
            "input": "THM-221A-001"
          }
        }
      ],
      "obs": [
        {
          "tool": "run_ml_inference",
          "result": {
            "prediction": "human_shape",
            "confidence": 0.93,
            "coordinates": {
              "x": 148.2,
              "y": 153.7
            }
          }
        }
      ],
      "net": {
        "slice": "eMBB",
        "lat_ms": 16,
        "jitter_ms": 3.0,
        "loss_pct": 0.3,
        "throughput_mbps": 750,
        "edge_load": 0.48
      }
    },
    {
      "turn": 6,
      "speaker": "user",
      "intent": "verify_detection_and_approach",
      "actions": [
        {
          "type": "mcp",
          "name": "activate_sensor",
          "args": {
            "sensor": "rgb"
          }
        }
      ],
      "obs": [
        {
          "tool": "activate_sensor",
          "result": {
            "sensor": "rgb",
            "status": "activated"
          }
        }
      ],
      "net": {
        "slice": "URLLC",
        "lat_ms": 7,
        "jitter_ms": 0.8,
        "loss_pct": 0.01,
        "throughput_mbps": 100,
        "edge_load": 0.25
      }
    },
    {
      "turn": 7,
      "speaker": "agent",
      "intent": "approach_target_for_visual_confirm",
      "actions": [
        {
          "type": "mcp",
          "name": "set_waypoint",
          "args": {
            "x": 148.0,
            "y": 154.0,
            "z": 25.0
          }
        },
        {
          "type": "mcp",
          "name": "capture_image",
          "args": {
            "sensor": "rgb",
            "mode": "high_res"
          }
        }
      ],
      "obs": [
        {
          "tool": "set_waypoint",
          "result": {
            "status": "accepted",
            "eta_s": 8.2
          }
        },
        {
          "tool": "capture_image",
          "result": {
            "image_id": "RGB-221A-002",
            "status": "captured",
            "resolution": "4096x2160"
          }
        }
      ],
      "net": {
        "slice": "URLLC",
        "lat_ms": 9,
        "jitter_ms": 1.1,
        "loss_pct": 0.03,
        "throughput_mbps": 110,
        "edge_load": 0.31
      }
    },
    {
      "turn": 8,
      "speaker": "user",
      "intent": "request_status_update",
      "actions": [
        {
          "type": "mcp",
          "name": "read_telemetry",
          "args": {}
        }
      ],
      "obs": [
        {
          "tool": "read_telemetry",
          "result": {
            "pose": {
              "x": 148.0,
              "y": 154.0,
              "z": 25.0
            },
            "battery_pct": 94.2,
            "speed_mps": 0.0
          }
        }
      ],
      "net": {
        "slice": "mMTC",
        "lat_ms": 45,
        "jitter_ms": 12,
        "loss_pct": 2.1,
        "throughput_mbps": 1.2,
        "edge_load": 0.78
      }
    },
    {
      "turn": 9,
      "speaker": "agent",
      "intent": "transmit_findings_with_adaptation",
      "actions": [
        {
          "type": "mcp",
          "name": "compress_and_transmit",
          "args": {
            "target": "ground_station",
            "files": [
              "RGB-221A-002",
              "THM-221A-001"
            ],
            "priority": "high"
          }
        }
      ],
      "obs": [
        {
          "tool": "compress_and_transmit",
          "result": {
            "status": "queued",
            "estimated_delivery": "3.2s",
            "compression_ratio": 0.15
          }
        }
      ],
      "net": {
        "slice": "URLLC",
        "lat_ms": 10,
        "jitter_ms": 1.3,
        "loss_pct": 0.04,
        "throughput_mbps": 130,
        "edge_load": 0.33
      }
    },
    {
      "turn": 10,
      "speaker": "user",
      "intent": "authorize_return_to_base",
      "actions": [
        {
          "type": "mcp",
          "name": "set_waypoint",
          "args": {
            "x": 50.0,
            "y": 50.0,
            "z": 20.0
          }
        }
      ],
      "obs": [
        {
          "tool": "set_waypoint",
          "result": {
            "status": "accepted",
            "eta_s": 14.7
          }
        }
      ],
      "net": {
        "slice": "URLLC",
        "lat_ms": 7,
        "jitter_ms": 0.7,
        "loss_pct": 0.01,
        "throughput_mbps": 105,
        "edge_load": 0.27
      }
    },
    {
      "turn": 11,
      "speaker": "agent",
      "intent": "monitor_return_and_conserve_power",
      "actions": [
        {
          "type": "mcp",
          "name": "deactivate_sensor",
          "args": {
            "sensor": "thermal"
          }
        },
        {
          "type": "mcp",
          "name": "deactivate_sensor",
          "args": {
            "sensor": "rgb"
          }
        }
      ],
      "obs": [
        {
          "tool": "deactivate_sensor",
          "result": {
            "sensor": "thermal",
            "status": "deactivated"
          }
        },
        {
          "tool": "deactivate_sensor",
          "result": {
            "sensor": "rgb",
            "status": "deactivated"
          }
        }
      ],
      "net": {
        "slice": "mMTC",
        "lat_ms": 50,
        "jitter_ms": 15,
        "loss_pct": 3.0,
        "throughput_mbps": 0.8,
        "edge_load": 0.85
      }
    }
  ],
  "final_state": {
    "domain": "uav",
    "time_s": 120.0,
    "env": {
      "weather": "dust",
      "wind_mps": 6.0,
      "wind_dir_deg": 145.0
    },
    "airspace": {
      "alt_bounds": [
        10.0,
        120.0
      ],
      "geofence": [
        {
          "type": "polygon",
          "points": [
            [
              0.0,
              0.0
            ],
            [
              300.0,
              0.0
            ],
            [
              300.0,
              300.0
            ],
            [
              0.0,
              300.0
            ]
          ]
        }
      ]
    },
    "uav": {
      "pose": {
        "x": 50.0,
        "y": 50.0,
        "z": 20.0,
        "yaw": 90.0
      },
      "speed_mps": 0.0,
      "energy": {
        "battery_pct": 88.5
      },
      "sensors": {
        "rgb": "ok",
        "thermal": "ok",
        "lidar": "ok",
        "radar": "offline",
        "gnss": "ok",
        "imu": "ok",
        "magnetometer": "ok",
        "barometer": "ok"
      },
      "payloads": []
    },
    "policy": {
      "alt_bounds": [
        10.0,
        120.0
      ]
    },
    "safety_flags": {
      "nfz_violation": false,
      "separation_breach": false
    }
  },
  "success": true,
  "_meta": {
    "seed": 42,
    "ts": 1763667548,
    "ts_iso": "2025-11-20T19:39:08Z",
    "gen_time_s": 121.94525122642517,
    "attempts_used": 2,
    "generation_failed": false,
    "usage": {
      "prompt_tokens": 1107,
      "completion_tokens": 3619,
      "total_tokens": 4726,
      "cost": 0.00302258,
      "is_byok": false,
      "prompt_tokens_details": {
        "cached_tokens": 1056,
        "audio_tokens": 0,
        "video_tokens": 0
      },
      "cost_details": {
        "upstream_inference_cost": null,
        "upstream_inference_prompt_cost": 0.00012738,
        "upstream_inference_completions_cost": 0.0028952
      },
      "completion_tokens_details": {
        "reasoning_tokens": 0,
        "image_tokens": 0
      }
    }
  }
}