{
  "initial_state": {
    "domain": "uav",
    "time_s": 0.0,
    "env": {
      "weather": "dust",
      "wind_mps": 8.5,
      "wind_dir_deg": 240.0
    },
    "airspace": {
      "alt_bounds": [
        200.0,
        1200.0
      ],
      "geofence": [
        {
          "type": "polygon",
          "points": [
            [
              0,
              0
            ],
            [
              2000,
              0
            ],
            [
              2000,
              1800
            ],
            [
              0,
              1800
            ]
          ]
        }
      ]
    },
    "uav": {
      "pose": {
        "x": 100.0,
        "y": 100.0,
        "z": 500.0,
        "yaw": 90.0
      },
      "speed_mps": 28.0,
      "energy": {
        "battery_pct": 100.0
      },
      "sensors": {
        "rgb": "ok",
        "thermal": "ok",
        "lidar": "offline",
        "radar": "ok",
        "gnss": "ok",
        "imu": "ok",
        "magnetometer": "ok",
        "barometer": "ok"
      },
      "payloads": []
    },
    "policy": {
      "alt_bounds": [
        200.0,
        1200.0
      ]
    },
    "safety_flags": {
      "nfz_violation": false,
      "separation_breach": false
    }
  },
  "dialogue": [
    {
      "turn": 1,
      "speaker": "agent",
      "intent": "initiate mission and assess current state",
      "actions": [
        {
          "type": "mcp",
          "name": "read_telemetry",
          "args": {}
        },
        {
          "type": "mcp",
          "name": "check_sensor_status",
          "args": {}
        }
      ],
      "obs": [
        {
          "tool": "read_telemetry",
          "result": {
            "pose": {
              "x": 100.0,
              "y": 100.0,
              "z": 500.0,
              "yaw": 90.0
            },
            "speed_mps": 28.0,
            "battery_pct": 100.0
          }
        },
        {
          "tool": "check_sensor_status",
          "result": {
            "lidar": "offline",
            "rgb": "ok",
            "thermal": "ok"
          }
        }
      ],
      "net": {
        "slice": "eMBB",
        "lat_ms": 12,
        "jitter_ms": 2,
        "loss_pct": 0.1,
        "throughput_mbps": 850,
        "edge_load": 0.45
      }
    },
    {
      "turn": 2,
      "speaker": "user",
      "intent": "request mission plan and sensor repair",
      "actions": [
        {
          "type": "mcp",
          "name": "repair_sensor",
          "args": {
            "sensor": "lidar"
          }
        }
      ],
      "obs": [
        {
          "tool": "repair_sensor",
          "result": {
            "sensor": "lidar",
            "status": "repairing",
            "eta_s": 15
          }
        }
      ],
      "net": {
        "slice": "eMBB",
        "lat_ms": 11,
        "jitter_ms": 1.8,
        "loss_pct": 0.05,
        "throughput_mbps": 870,
        "edge_load": 0.47
      }
    },
    {
      "turn": 3,
      "speaker": "agent",
      "intent": "acknowledge repair and initiate swarm coordination",
      "actions": [
        {
          "type": "a2a",
          "task": "collision_avoidance",
          "to": "uav_swarm_agent",
          "payload": {
            "current_pose": {
              "x": 100.0,
              "y": 100.0,
              "z": 500.0
            },
            "speed": 28.0,
            "trajectory": [
              1100,
              900
            ]
          }
        }
      ],
      "obs": [
        {
          "task": "collision_avoidance",
          "from": "uav_swarm_agent",
          "status": "ok",
          "payload": {
            "clearance": true,
            "recommended_alt": 600.0
          }
        }
      ],
      "net": {
        "slice": "URLLC",
        "lat_ms": 5,
        "jitter_ms": 0.5,
        "loss_pct": 0.01,
        "throughput_mbps": 120,
        "edge_load": 0.3
      }
    },
    {
      "turn": 4,
      "speaker": "user",
      "intent": "approve altitude change and request thermal imaging",
      "actions": [
        {
          "type": "mcp",
          "name": "adjust_altitude",
          "args": {
            "target_z": 600.0
          }
        },
        {
          "type": "mcp",
          "name": "capture_thermal",
          "args": {
            "mode": "high_res"
          }
        }
      ],
      "obs": [
        {
          "tool": "adjust_altitude",
          "result": {
            "status": "executing",
            "target": 600.0
          }
        },
        {
          "tool": "capture_thermal",
          "result": {
            "status": "success",
            "image_id": "thm_001",
            "anomalies_detected": [
              {
                "type": "heat_source",
                "x": 1120,
                "y": 890,
                "confidence": 0.93
              }
            ]
          }
        }
      ],
      "net": {
        "slice": "eMBB",
        "lat_ms": 14,
        "jitter_ms": 2.1,
        "loss_pct": 0.2,
        "throughput_mbps": 800,
        "edge_load": 0.52
      }
    },
    {
      "turn": 5,
      "speaker": "agent",
      "intent": "detect network degradation and adapt",
      "actions": [
        {
          "type": "mcp",
          "name": "read_network_metrics",
          "args": {}
        }
      ],
      "obs": [
        {
          "tool": "read_network_metrics",
          "result": {
            "slice": "eMBB",
            "lat_ms": 98,
            "jitter_ms": 15,
            "loss_pct": 8.5,
            "throughput_mbps": 110,
            "edge_load": 0.88
          }
        }
      ],
      "net": {
        "slice": "eMBB",
        "lat_ms": 98,
        "jitter_ms": 15,
        "loss_pct": 8.5,
        "throughput_mbps": 110,
        "edge_load": 0.88
      }
    },
    {
      "turn": 6,
      "speaker": "user",
      "intent": "switch to URLLC and continue mission",
      "actions": [
        {
          "type": "mcp",
          "name": "switch_network_slice",
          "args": {
            "target": "URLLC"
          }
        }
      ],
      "obs": [
        {
          "tool": "switch_network_slice",
          "result": {
            "status": "success",
            "new_slice": "URLLC",
            "lat_ms": 6,
            "throughput_mbps": 90
          }
        }
      ],
      "net": {
        "slice": "URLLC",
        "lat_ms": 6,
        "jitter_ms": 0.7,
        "loss_pct": 0.02,
        "throughput_mbps": 90,
        "edge_load": 0.35
      }
    },
    {
      "turn": 7,
      "speaker": "agent",
      "intent": "resume coordination under stable link",
      "actions": [
        {
          "type": "a2a",
          "task": "update_position",
          "to": "uav_swarm_agent",
          "payload": {
            "pose": {
              "x": 1100.0,
              "y": 900.0,
              "z": 600.0
            },
            "battery": 92.3
          }
        }
      ],
      "obs": [
        {
          "task": "update_position",
          "from": "uav_swarm_agent",
          "status": "confirmed",
          "payload": {
            "next_waypoint": [
              1500,
              1200
            ]
          }
        }
      ],
      "net": {
        "slice": "URLLC",
        "lat_ms": 5.5,
        "jitter_ms": 0.6,
        "loss_pct": 0.01,
        "throughput_mbps": 95,
        "edge_load": 0.33
      }
    },
    {
      "turn": 8,
      "speaker": "user",
      "intent": "request return to base due to dust accumulation",
      "actions": [
        {
          "type": "mcp",
          "name": "compute_return_path",
          "args": {
            "home": [
              100,
              100
            ]
          }
        }
      ],
      "obs": [
        {
          "tool": "compute_return_path",
          "result": {
            "path": [
              [
                1100,
                900
              ],
              [
                800,
                600
              ],
              [
                400,
                300
              ],
              [
                100,
                100
              ]
            ],
            "estimated_time_s": 142,
            "battery_required": 15.0
          }
        }
      ],
      "net": {
        "slice": "URLLC",
        "lat_ms": 6.1,
        "jitter_ms": 0.8,
        "loss_pct": 0.03,
        "throughput_mbps": 88,
        "edge_load": 0.37
      }
    },
    {
      "turn": 9,
      "speaker": "agent",
      "intent": "verify safety and initiate return",
      "actions": [
        {
          "type": "mcp",
          "name": "validate_geofence_path",
          "args": {
            "path": [
              [
                1100,
                900
              ],
              [
                800,
                600
              ],
              [
                400,
                300
              ],
              [
                100,
                100
              ]
            ]
          }
        }
      ],
      "obs": [
        {
          "tool": "validate_geofence_path",
          "result": {
            "status": "valid",
            "violations": []
          }
        }
      ],
      "net": {
        "slice": "mMTC",
        "lat_ms": 8,
        "jitter_ms": 1.2,
        "loss_pct": 0.1,
        "throughput_mbps": 1.2,
        "edge_load": 0.2
      }
    },
    {
      "turn": 10,
      "speaker": "user",
      "intent": "authorize return",
      "actions": [
        {
          "type": "mcp",
          "name": "execute_return",
          "args": {}
        }
      ],
      "obs": [
        {
          "tool": "execute_return",
          "result": {
            "status": "in_progress",
            "start": 1100.0,
            "end": 100.0
          }
        }
      ],
      "net": {
        "slice": "mMTC",
        "lat_ms": 7.8,
        "jitter_ms": 1.1,
        "loss_pct": 0.08,
        "throughput_mbps": 1.3,
        "edge_load": 0.19
      }
    }
  ],
  "final_state": {
    "domain": "uav",
    "time_s": 150.0,
    "env": {
      "weather": "dust",
      "wind_mps": 8.5,
      "wind_dir_deg": 240.0
    },
    "airspace": {
      "alt_bounds": [
        200.0,
        1200.0
      ],
      "geofence": [
        {
          "type": "polygon",
          "points": [
            [
              0,
              0
            ],
            [
              2000,
              0
            ],
            [
              2000,
              1800
            ],
            [
              0,
              1800
            ]
          ]
        }
      ]
    },
    "uav": {
      "pose": {
        "x": 500.0,
        "y": 400.0,
        "z": 450.0,
        "yaw": 270.0
      },
      "speed_mps": 22.0,
      "energy": {
        "battery_pct": 88.0
      },
      "sensors": {
        "rgb": "ok",
        "thermal": "ok",
        "lidar": "ok",
        "radar": "ok",
        "gnss": "ok",
        "imu": "ok",
        "magnetometer": "ok",
        "barometer": "ok"
      },
      "payloads": []
    },
    "policy": {
      "alt_bounds": [
        200.0,
        1200.0
      ]
    },
    "safety_flags": {
      "nfz_violation": false,
      "separation_breach": false
    }
  },
  "success": true,
  "_meta": {
    "seed": 42,
    "ts": 1763879038,
    "ts_iso": "2025-11-23T06:23:58Z",
    "gen_time_s": 88.12305116653442,
    "attempts_used": 2,
    "generation_failed": false,
    "usage": {
      "prompt_tokens": 1107,
      "completion_tokens": 3420,
      "total_tokens": 4527,
      "cost": 0.0029109,
      "is_byok": false,
      "prompt_tokens_details": {
        "cached_tokens": 624,
        "audio_tokens": 0,
        "video_tokens": 0
      },
      "cost_details": {
        "upstream_inference_cost": null,
        "upstream_inference_prompt_cost": 0.0001749,
        "upstream_inference_completions_cost": 0.002736
      },
      "completion_tokens_details": {
        "reasoning_tokens": 0,
        "image_tokens": 0
      }
    }
  }
}