{
  "initial_state": {
    "domain": "uav",
    "time_s": 0.0,
    "env": {
      "weather": "fog",
      "wind_mps": 6.5,
      "wind_dir_deg": 220.0
    },
    "airspace": {
      "alt_bounds": [
        30.0,
        400.0
      ],
      "geofence": [
        {
          "type": "polygon",
          "points": [
            [
              0,
              0
            ],
            [
              300,
              0
            ],
            [
              300,
              250
            ],
            [
              0,
              250
            ]
          ]
        }
      ]
    },
    "uav": {
      "pose": {
        "x": 20.0,
        "y": 20.0,
        "z": 40.0,
        "yaw": 90.0
      },
      "speed_mps": 22.0,
      "energy": {
        "battery_pct": 100.0
      },
      "sensors": {
        "rgb": "ok",
        "thermal": "ok",
        "lidar": "ok",
        "radar": "ok",
        "gnss": "ok",
        "imu": "ok",
        "magnetometer": "ok",
        "barometer": "ok"
      },
      "payloads": []
    },
    "policy": {
      "alt_bounds": [
        30.0,
        400.0
      ]
    },
    "safety_flags": {
      "nfz_violation": false,
      "separation_breach": false
    }
  },
  "dialogue": [
    {
      "turn": 1,
      "speaker": "agent",
      "intent": "initiate_mission",
      "actions": [
        {
          "type": "mcp",
          "name": "read_telemetry",
          "args": {}
        },
        {
          "type": "a2a",
          "task": "swarm_formation_check",
          "to": "uav_swarm_agent",
          "payload": {
            "uav_id": "uav_01",
            "current_pose": {
              "x": 20.0,
              "y": 20.0,
              "z": 40.0
            }
          }
        }
      ],
      "obs": [
        {
          "tool": "read_telemetry",
          "result": {
            "pose": {
              "x": 20.0,
              "y": 20.0,
              "z": 40.0
            },
            "battery_pct": 100.0,
            "speed_mps": 22.0
          }
        },
        {
          "task": "swarm_formation_check",
          "from": "uav_swarm_agent",
          "status": "ok",
          "payload": {
            "formation_valid": true,
            "neighbors": [
              "uav_02",
              "uav_03"
            ]
          }
        }
      ],
      "net": {
        "slice": "eMBB",
        "lat_ms": 12,
        "jitter_ms": 2,
        "loss_pct": 0.1,
        "throughput_mbps": 850,
        "edge_load": 0.3
      }
    },
    {
      "turn": 2,
      "speaker": "user",
      "intent": "confirm_mission_start",
      "actions": [
        {
          "type": "mcp",
          "name": "set_waypoint",
          "args": {
            "x": 280.0,
            "y": 230.0,
            "z": 350.0
          }
        }
      ],
      "obs": [
        {
          "tool": "set_waypoint",
          "result": {
            "status": "accepted",
            "eta_s": 45.2
          }
        }
      ],
      "net": {
        "slice": "eMBB",
        "lat_ms": 11,
        "jitter_ms": 1.8,
        "loss_pct": 0.05,
        "throughput_mbps": 870,
        "edge_load": 0.32
      }
    },
    {
      "turn": 3,
      "speaker": "agent",
      "intent": "ascend_and_reposition",
      "actions": [
        {
          "type": "mcp",
          "name": "adjust_altitude",
          "args": {
            "target_z": 350.0
          }
        },
        {
          "type": "mcp",
          "name": "activate_sensor",
          "args": {
            "sensor": "lidar"
          }
        }
      ],
      "obs": [
        {
          "tool": "adjust_altitude",
          "result": {
            "status": "in_progress",
            "current_z": 120.0
          }
        },
        {
          "tool": "activate_sensor",
          "result": {
            "sensor": "lidar",
            "status": "active"
          }
        }
      ],
      "net": {
        "slice": "URLLC",
        "lat_ms": 8,
        "jitter_ms": 0.9,
        "loss_pct": 0.02,
        "throughput_mbps": 120,
        "edge_load": 0.4
      }
    },
    {
      "turn": 4,
      "speaker": "user",
      "intent": "request_thermal_scan",
      "actions": [
        {
          "type": "mcp",
          "name": "activate_sensor",
          "args": {
            "sensor": "thermal"
          }
        }
      ],
      "obs": [
        {
          "tool": "activate_sensor",
          "result": {
            "sensor": "thermal",
            "status": "active"
          }
        }
      ],
      "net": {
        "slice": "URLLC",
        "lat_ms": 7.5,
        "jitter_ms": 0.8,
        "loss_pct": 0.01,
        "throughput_mbps": 110,
        "edge_load": 0.42
      }
    },
    {
      "turn": 5,
      "speaker": "agent",
      "intent": "detect_obstacle",
      "actions": [
        {
          "type": "mcp",
          "name": "lidar_scan",
          "args": {
            "range_m": 100,
            "resolution": "high"
          }
        }
      ],
      "obs": [
        {
          "tool": "lidar_scan",
          "result": {
            "obstacle": true,
            "distance_m": 67.3,
            "type": "rock_formation"
          }
        }
      ],
      "net": {
        "slice": "URLLC",
        "lat_ms": 9,
        "jitter_ms": 1.1,
        "loss_pct": 0.03,
        "throughput_mbps": 115,
        "edge_load": 0.45
      }
    },
    {
      "turn": 6,
      "speaker": "user",
      "intent": "adjust_route_due_to_obstacle",
      "actions": [
        {
          "type": "mcp",
          "name": "set_waypoint",
          "args": {
            "x": 260.0,
            "y": 210.0,
            "z": 360.0
          }
        }
      ],
      "obs": [
        {
          "tool": "set_waypoint",
          "result": {
            "status": "accepted",
            "eta_s": 38.7
          }
        }
      ],
      "net": {
        "slice": "mMTC",
        "lat_ms": 200,
        "jitter_ms": 50,
        "loss_pct": 2.5,
        "throughput_mbps": 1.2,
        "edge_load": 0.85
      }
    },
    {
      "turn": 7,
      "speaker": "agent",
      "intent": "adapt_to_degraded_network",
      "actions": [
        {
          "type": "mcp",
          "name": "read_telemetry",
          "args": {}
        },
        {
          "type": "a2a",
          "task": "collision_avoidance",
          "to": "uav_swarm_agent",
          "payload": {
            "uav_id": "uav_01",
            "new_waypoint": {
              "x": 260.0,
              "y": 210.0,
              "z": 360.0
            }
          }
        }
      ],
      "obs": [
        {
          "tool": "read_telemetry",
          "result": {
            "pose": {
              "x": 245.1,
              "y": 205.3,
              "z": 358.7
            },
            "battery_pct": 96.2,
            "speed_mps": 18.4
          }
        },
        {
          "task": "collision_avoidance",
          "from": "uav_swarm_agent",
          "status": "ok",
          "payload": {
            "clearance": "safe",
            "adjusted": false
          }
        }
      ],
      "net": {
        "slice": "mMTC",
        "lat_ms": 195,
        "jitter_ms": 48,
        "loss_pct": 2.3,
        "throughput_mbps": 1.3,
        "edge_load": 0.83
      }
    },
    {
      "turn": 8,
      "speaker": "user",
      "intent": "request_status_update",
      "actions": [
        {
          "type": "mcp",
          "name": "read_telemetry",
          "args": {}
        }
      ],
      "obs": [
        {
          "tool": "read_telemetry",
          "result": {
            "pose": {
              "x": 258.9,
              "y": 209.1,
              "z": 359.8
            },
            "battery_pct": 95.1,
            "speed_mps": 12.1,
            "status": "approaching_waypoint"
          }
        }
      ],
      "net": {
        "slice": "URLLC",
        "lat_ms": 10,
        "jitter_ms": 1.2,
        "loss_pct": 0.04,
        "throughput_mbps": 130,
        "edge_load": 0.38
      }
    },
    {
      "turn": 9,
      "speaker": "agent",
      "intent": "prepare_for_landing",
      "actions": [
        {
          "type": "mcp",
          "name": "adjust_altitude",
          "args": {
            "target_z": 50.0
          }
        },
        {
          "type": "mcp",
          "name": "deactivate_sensor",
          "args": {
            "sensor": "lidar"
          }
        }
      ],
      "obs": [
        {
          "tool": "adjust_altitude",
          "result": {
            "status": "in_progress",
            "current_z": 210.0
          }
        },
        {
          "tool": "deactivate_sensor",
          "result": {
            "sensor": "lidar",
            "status": "off"
          }
        }
      ],
      "net": {
        "slice": "URLLC",
        "lat_ms": 9.5,
        "jitter_ms": 1.0,
        "loss_pct": 0.02,
        "throughput_mbps": 125,
        "edge_load": 0.4
      }
    },
    {
      "turn": 10,
      "speaker": "user",
      "intent": "confirm_landing_zone",
      "actions": [
        {
          "type": "mcp",
          "name": "set_waypoint",
          "args": {
            "x": 30.0,
            "y": 30.0,
            "z": 40.0
          }
        }
      ],
      "obs": [
        {
          "tool": "set_waypoint",
          "result": {
            "status": "accepted",
            "eta_s": 52.4
          }
        }
      ],
      "net": {
        "slice": "eMBB",
        "lat_ms": 13,
        "jitter_ms": 2.1,
        "loss_pct": 0.1,
        "throughput_mbps": 800,
        "edge_load": 0.35
      }
    },
    {
      "turn": 11,
      "speaker": "agent",
      "intent": "complete_mission",
      "actions": [
        {
          "type": "mcp",
          "name": "land",
          "args": {}
        }
      ],
      "obs": [
        {
          "tool": "land",
          "result": {
            "status": "completed",
            "final_pose": {
              "x": 30.0,
              "y": 30.0,
              "z": 40.0
            },
            "battery_pct": 88.7
          }
        }
      ],
      "net": {
        "slice": "URLLC",
        "lat_ms": 8.7,
        "jitter_ms": 0.9,
        "loss_pct": 0.01,
        "throughput_mbps": 118,
        "edge_load": 0.41
      }
    }
  ],
  "final_state": {
    "domain": "uav",
    "time_s": 180.0,
    "env": {
      "weather": "fog",
      "wind_mps": 6.5,
      "wind_dir_deg": 220.0
    },
    "airspace": {
      "alt_bounds": [
        30.0,
        400.0
      ],
      "geofence": [
        {
          "type": "polygon",
          "points": [
            [
              0,
              0
            ],
            [
              300,
              0
            ],
            [
              300,
              250
            ],
            [
              0,
              250
            ]
          ]
        }
      ]
    },
    "uav": {
      "pose": {
        "x": 30.0,
        "y": 30.0,
        "z": 40.0,
        "yaw": 90.0
      },
      "speed_mps": 0.0,
      "energy": {
        "battery_pct": 88.7
      },
      "sensors": {
        "rgb": "ok",
        "thermal": "ok",
        "lidar": "ok",
        "radar": "ok",
        "gnss": "ok",
        "imu": "ok",
        "magnetometer": "ok",
        "barometer": "ok"
      },
      "payloads": []
    },
    "policy": {
      "alt_bounds": [
        30.0,
        400.0
      ]
    },
    "safety_flags": {
      "nfz_violation": false,
      "separation_breach": false
    }
  },
  "success": true,
  "_meta": {
    "seed": 42,
    "ts": 1763900419,
    "ts_iso": "2025-11-23T12:20:19Z",
    "gen_time_s": 47.726988077163696,
    "attempts_used": 1,
    "generation_failed": false,
    "usage": {
      "prompt_tokens": 1044,
      "completion_tokens": 3615,
      "total_tokens": 4659,
      "cost": 0.0030548,
      "is_byok": false,
      "prompt_tokens_details": {
        "cached_tokens": 608,
        "audio_tokens": 0,
        "video_tokens": 0
      },
      "cost_details": {
        "upstream_inference_cost": null,
        "upstream_inference_prompt_cost": 0.0001628,
        "upstream_inference_completions_cost": 0.002892
      },
      "completion_tokens_details": {
        "reasoning_tokens": 0,
        "image_tokens": 0
      }
    }
  }
}