{
  "initial_state": {
    "domain": "uav",
    "time_s": 0.0,
    "env": {
      "weather": "microburst_risk",
      "wind_mps": 8.0,
      "wind_dir_deg": 240.0
    },
    "airspace": {
      "alt_bounds": [
        30.0,
        150.0
      ],
      "geofence": [
        {
          "type": "polygon",
          "points": [
            [
              0.0,
              0.0
            ],
            [
              1000.0,
              0.0
            ],
            [
              1000.0,
              800.0
            ],
            [
              0.0,
              800.0
            ]
          ]
        }
      ]
    },
    "uav": {
      "pose": {
        "x": 100.0,
        "y": 700.0,
        "z": 30.0,
        "yaw": 90.0
      },
      "speed_mps": 25.0,
      "energy": {
        "battery_pct": 100.0
      },
      "sensors": {
        "rgb": "ok",
        "thermal": "offline",
        "lidar": "offline",
        "radar": "ok",
        "gnss": "ok",
        "imu": "ok",
        "magnetometer": "ok",
        "barometer": "ok"
      },
      "payloads": []
    },
    "policy": {
      "alt_bounds": [
        30.0,
        150.0
      ]
    },
    "safety_flags": {
      "nfz_violation": false,
      "separation_breach": false
    }
  },
  "dialogue": [
    {
      "turn": 1,
      "speaker": "agent",
      "intent": "initiate_mission",
      "actions": [
        {
          "type": "mcp",
          "name": "read_telemetry",
          "args": {}
        },
        {
          "type": "a2a",
          "task": "status_check",
          "to": "uav_swarm_agent",
          "payload": {
            "uav_id": "uav_01",
            "status": "standby"
          }
        }
      ],
      "obs": [
        {
          "tool": "read_telemetry",
          "result": {
            "pose": {
              "x": 100.0,
              "y": 700.0,
              "z": 30.0
            },
            "battery_pct": 100.0,
            "speed_mps": 25.0
          }
        },
        {
          "task": "status_check",
          "from": "uav_swarm_agent",
          "status": "ok",
          "payload": {
            "swarm_status": "nominal",
            "leader_uav": "uav_01"
          }
        }
      ],
      "net": {
        "slice": "URLLC",
        "lat_ms": 3,
        "jitter_ms": 0.5,
        "loss_pct": 0.01,
        "throughput_mbps": 50,
        "edge_load": 0.3
      }
    },
    {
      "turn": 2,
      "speaker": "user",
      "intent": "confirm_takeoff",
      "actions": [
        {
          "type": "mcp",
          "name": "verify_geofence",
          "args": {}
        }
      ],
      "obs": [
        {
          "tool": "verify_geofence",
          "result": {
            "inside": true,
            "boundary_distance_m": 100.0
          }
        }
      ],
      "net": {
        "slice": "URLLC",
        "lat_ms": 4,
        "jitter_ms": 0.6,
        "loss_pct": 0.02,
        "throughput_mbps": 48,
        "edge_load": 0.35
      }
    },
    {
      "turn": 3,
      "speaker": "agent",
      "intent": "ascend_to_survey_altitude",
      "actions": [
        {
          "type": "mcp",
          "name": "set_altitude",
          "args": {
            "target_z": 120.0
          }
        },
        {
          "type": "mcp",
          "name": "activate_sensor",
          "args": {
            "sensor": "rgb"
          }
        }
      ],
      "obs": [
        {
          "tool": "set_altitude",
          "result": {
            "achieved_z": 120.0,
            "time_s": 12.5
          }
        },
        {
          "tool": "activate_sensor",
          "result": {
            "sensor": "rgb",
            "status": "active"
          }
        }
      ],
      "net": {
        "slice": "eMBB",
        "lat_ms": 15,
        "jitter_ms": 2.0,
        "loss_pct": 0.1,
        "throughput_mbps": 120,
        "edge_load": 0.6
      }
    },
    {
      "turn": 4,
      "speaker": "user",
      "intent": "request_weather_assessment",
      "actions": [
        {
          "type": "mcp",
          "name": "query_weather_service",
          "args": {
            "fields": [
              "microburst_probability",
              "wind_gust"
            ]
          }
        }
      ],
      "obs": [
        {
          "tool": "query_weather_service",
          "result": {
            "microburst_probability": 0.65,
            "wind_gust_mps": 18.0
          }
        }
      ],
      "net": {
        "slice": "eMBB",
        "lat_ms": 18,
        "jitter_ms": 3.0,
        "loss_pct": 0.2,
        "throughput_mbps": 110,
        "edge_load": 0.7
      }
    },
    {
      "turn": 5,
      "speaker": "agent",
      "intent": "adjust_route_for_weather",
      "actions": [
        {
          "type": "mcp",
          "name": "plan_route",
          "args": {
            "waypoints": [
              {
                "x": 300.0,
                "y": 600.0,
                "z": 120.0
              },
              {
                "x": 600.0,
                "y": 500.0,
                "z": 120.0
              }
            ],
            "avoid_radius_m": 150.0
          }
        }
      ],
      "obs": [
        {
          "tool": "plan_route",
          "result": {
            "route_valid": true,
            "total_distance_m": 424.26,
            "estimated_time_s": 17.0
          }
        }
      ],
      "net": {
        "slice": "URLLC",
        "lat_ms": 5,
        "jitter_ms": 0.8,
        "loss_pct": 0.05,
        "throughput_mbps": 45,
        "edge_load": 0.4
      }
    },
    {
      "turn": 6,
      "speaker": "user",
      "intent": "enable_collision_avoidance",
      "actions": [
        {
          "type": "a2a",
          "task": "enable_proxemics",
          "to": "uav_swarm_agent",
          "payload": {
            "uav_id": "uav_01",
            "mode": "high_sensitivity"
          }
        }
      ],
      "obs": [
        {
          "task": "enable_proxemics",
          "from": "uav_swarm_agent",
          "status": "enabled",
          "payload": {
            "response_delay_s": 0.12
          }
        }
      ],
      "net": {
        "slice": "URLLC",
        "lat_ms": 4,
        "jitter_ms": 0.4,
        "loss_pct": 0.01,
        "throughput_mbps": 52,
        "edge_load": 0.3
      }
    },
    {
      "turn": 7,
      "speaker": "agent",
      "intent": "detect_anomaly",
      "actions": [
        {
          "type": "mcp",
          "name": "analyze_rgb_stream",
          "args": {
            "detection_model": "runway_incursion_v2"
          }
        }
      ],
      "obs": [
        {
          "tool": "analyze_rgb_stream",
          "result": {
            "anomaly_detected": true,
            "class": "vehicle",
            "position": {
              "x": 580.0,
              "y": 510.0,
              "z": 35.0
            },
            "confidence": 0.92
          }
        }
      ],
      "net": {
        "slice": "eMBB",
        "lat_ms": 25,
        "jitter_ms": 5.0,
        "loss_pct": 1.5,
        "throughput_mbps": 80,
        "edge_load": 0.85
      }
    },
    {
      "turn": 8,
      "speaker": "user",
      "intent": "verify_detection_and_alert",
      "actions": [
        {
          "type": "mcp",
          "name": "confirm_anomaly",
          "args": {
            "via": "human_in_the_loop"
          }
        }
      ],
      "obs": [
        {
          "tool": "confirm_anomaly",
          "result": {
            "verified": true,
            "action": "alert_air_traffic"
          }
        }
      ],
      "net": {
        "slice": "URLLC",
        "lat_ms": 6,
        "jitter_ms": 1.0,
        "loss_pct": 0.03,
        "throughput_mbps": 40,
        "edge_load": 0.5
      }
    },
    {
      "turn": 9,
      "speaker": "agent",
      "intent": "transmit_alert",
      "actions": [
        {
          "type": "a2a",
          "task": "broadcast_alert",
          "to": "atc_agent",
          "payload": {
            "event": "runway_incursion",
            "location": {
              "x": 580.0,
              "y": 510.0
            },
            "uav_id": "uav_01"
          }
        }
      ],
      "obs": [
        {
          "task": "broadcast_alert",
          "from": "atc_agent",
          "status": "received",
          "payload": {
            "ack_id": "alert_001928",
            "timestamp": 98.7
          }
        }
      ],
      "net": {
        "slice": "URLLC",
        "lat_ms": 3,
        "jitter_ms": 0.3,
        "loss_pct": 0.0,
        "throughput_mbps": 55,
        "edge_load": 0.25
      }
    },
    {
      "turn": 10,
      "speaker": "user",
      "intent": "return_to_base",
      "actions": [
        {
          "type": "mcp",
          "name": "set_waypoint",
          "args": {
            "x": 100.0,
            "y": 700.0,
            "z": 30.0
          }
        }
      ],
      "obs": [
        {
          "tool": "set_waypoint",
          "result": {
            "accepted": true,
            "eta_s": 22.0
          }
        }
      ],
      "net": {
        "slice": "mMTC",
        "lat_ms": 50,
        "jitter_ms": 10.0,
        "loss_pct": 2.0,
        "throughput_mbps": 1.5,
        "edge_load": 0.9
      }
    },
    {
      "turn": 11,
      "speaker": "agent",
      "intent": "land_safely",
      "actions": [
        {
          "type": "mcp",
          "name": "execute_landing",
          "args": {
            "precision": "gnss_rtk"
          }
        }
      ],
      "obs": [
        {
          "tool": "execute_landing",
          "result": {
            "status": "completed",
            "touchdown_z": 30.0,
            "battery_pct": 78.0
          }
        }
      ],
      "net": {
        "slice": "URLLC",
        "lat_ms": 4,
        "jitter_ms": 0.7,
        "loss_pct": 0.02,
        "throughput_mbps": 48,
        "edge_load": 0.35
      }
    }
  ],
  "final_state": {
    "domain": "uav",
    "time_s": 120.0,
    "env": {
      "weather": "microburst_risk",
      "wind_mps": 8.0,
      "wind_dir_deg": 240.0
    },
    "airspace": {
      "alt_bounds": [
        30.0,
        150.0
      ],
      "geofence": [
        {
          "type": "polygon",
          "points": [
            [
              0.0,
              0.0
            ],
            [
              1000.0,
              0.0
            ],
            [
              1000.0,
              800.0
            ],
            [
              0.0,
              800.0
            ]
          ]
        }
      ]
    },
    "uav": {
      "pose": {
        "x": 100.0,
        "y": 700.0,
        "z": 30.0,
        "yaw": 90.0
      },
      "speed_mps": 0.0,
      "energy": {
        "battery_pct": 78.0
      },
      "sensors": {
        "rgb": "ok",
        "thermal": "offline",
        "lidar": "offline",
        "radar": "ok",
        "gnss": "ok",
        "imu": "ok",
        "magnetometer": "ok",
        "barometer": "ok"
      },
      "payloads": []
    },
    "policy": {
      "alt_bounds": [
        30.0,
        150.0
      ]
    },
    "safety_flags": {
      "nfz_violation": false,
      "separation_breach": false
    }
  },
  "success": true,
  "_meta": {
    "seed": 42,
    "ts": 1763774139,
    "ts_iso": "2025-11-22T01:15:39Z",
    "gen_time_s": 217.3166208267212,
    "attempts_used": 1,
    "generation_failed": false,
    "usage": {
      "prompt_tokens": 1069,
      "completion_tokens": 3463,
      "total_tokens": 4532,
      "cost": 0.00217401,
      "is_byok": false,
      "prompt_tokens_details": {
        "cached_tokens": 0,
        "audio_tokens": 0,
        "video_tokens": 0
      },
      "cost_details": {
        "upstream_inference_cost": null,
        "upstream_inference_prompt_cost": 9.621e-05,
        "upstream_inference_completions_cost": 0.0020778
      },
      "completion_tokens_details": {
        "reasoning_tokens": 0,
        "image_tokens": 0
      }
    }
  }
}