{
  "initial_state": {
    "domain": "uav",
    "time_s": 0.0,
    "env": {
      "weather": "heat_haze,volcanic_ash",
      "wind_mps": 8.0,
      "wind_dir_deg": 240.0
    },
    "airspace": {
      "alt_bounds": [
        10.0,
        300.0
      ],
      "geofence": [
        {
          "type": "polygon",
          "points": [
            [
              0,
              0
            ],
            [
              3000,
              0
            ],
            [
              3000,
              2500
            ],
            [
              0,
              2500
            ]
          ]
        }
      ]
    },
    "uav": {
      "pose": {
        "x": 200.0,
        "y": 200.0,
        "z": 50.0,
        "yaw": 90.0
      },
      "speed_mps": 25.0,
      "energy": {
        "battery_pct": 100.0
      },
      "sensors": {
        "rgb": "ok",
        "thermal": "ok",
        "lidar": "ok",
        "radar": "offline",
        "gnss": "ok",
        "imu": "ok",
        "magnetometer": "ok",
        "barometer": "ok"
      },
      "payloads": []
    },
    "policy": {
      "alt_bounds": [
        10.0,
        300.0
      ]
    },
    "safety_flags": {
      "nfz_violation": false,
      "separation_breach": false
    }
  },
  "dialogue": [
    {
      "turn": 1,
      "speaker": "agent",
      "intent": "initiate_mission",
      "actions": [
        {
          "type": "mcp",
          "name": "read_telemetry",
          "args": {}
        }
      ],
      "obs": [
        {
          "tool": "read_telemetry",
          "result": {
            "pose": {
              "x": 200.0,
              "y": 200.0,
              "z": 50.0,
              "yaw": 90.0
            },
            "speed_mps": 25.0,
            "battery_pct": 100.0
          }
        }
      ],
      "net": {
        "slice": "eMBB",
        "lat_ms": 12,
        "jitter_ms": 2,
        "loss_pct": 0.1,
        "throughput_mbps": 850,
        "edge_load": 0.3
      }
    },
    {
      "turn": 2,
      "speaker": "user",
      "intent": "confirm_mission_start",
      "actions": [
        {
          "type": "mcp",
          "name": "check_weather_impact",
          "args": {
            "conditions": [
              "heat_haze",
              "volcanic_ash"
            ]
          }
        }
      ],
      "obs": [
        {
          "tool": "check_weather_impact",
          "result": {
            "visibility_m": 1200,
            "sensor_risk": {
              "lidar": "moderate",
              "rgb": "high"
            }
          }
        }
      ],
      "net": {
        "slice": "eMBB",
        "lat_ms": 11,
        "jitter_ms": 3,
        "loss_pct": 0.05,
        "throughput_mbps": 870,
        "edge_load": 0.32
      }
    },
    {
      "turn": 3,
      "speaker": "agent",
      "intent": "adjust_flight_plan_for_weather",
      "actions": [
        {
          "type": "mcp",
          "name": "set_altitude",
          "args": {
            "target_z": 120.0
          }
        }
      ],
      "obs": [
        {
          "tool": "set_altitude",
          "result": {
            "status": "executing",
            "target": 120.0,
            "current_z": 75.0
          }
        }
      ],
      "net": {
        "slice": "URLLC",
        "lat_ms": 8,
        "jitter_ms": 1,
        "loss_pct": 0.01,
        "throughput_mbps": 50,
        "edge_load": 0.1
      }
    },
    {
      "turn": 4,
      "speaker": "user",
      "intent": "request_swarm_coordination",
      "actions": [
        {
          "type": "a2a",
          "task": "collision_avoidance",
          "to": "uav_swarm_agent",
          "payload": {
            "uav_id": "uav_01",
            "pose": {
              "x": 200.0,
              "y": 200.0,
              "z": 75.0
            },
            "velocity": 25.0
          }
        }
      ],
      "obs": [
        {
          "task": "collision_avoidance",
          "from": "uav_swarm_agent",
          "status": "ok",
          "payload": {
            "recommended_heading": 95.0,
            "clearance_m": 45.2
          }
        }
      ],
      "net": {
        "slice": "URLLC",
        "lat_ms": 7,
        "jitter_ms": 0.8,
        "loss_pct": 0.02,
        "throughput_mbps": 45,
        "edge_load": 0.12
      }
    },
    {
      "turn": 5,
      "speaker": "agent",
      "intent": "adjust_heading_based_on_swarm",
      "actions": [
        {
          "type": "mcp",
          "name": "set_heading",
          "args": {
            "target_yaw": 95.0
          }
        }
      ],
      "obs": [
        {
          "tool": "set_heading",
          "result": {
            "status": "completed",
            "achieved_yaw": 95.0
          }
        }
      ],
      "net": {
        "slice": "URLLC",
        "lat_ms": 9,
        "jitter_ms": 1.2,
        "loss_pct": 0.01,
        "throughput_mbps": 48,
        "edge_load": 0.11
      }
    },
    {
      "turn": 6,
      "speaker": "user",
      "intent": "initiate_sensor_survey",
      "actions": [
        {
          "type": "mcp",
          "name": "activate_sensor",
          "args": {
            "sensor": "thermal"
          }
        }
      ],
      "obs": [
        {
          "tool": "activate_sensor",
          "result": {
            "sensor": "thermal",
            "status": "active",
            "data_rate_kbps": 2048
          }
        }
      ],
      "net": {
        "slice": "eMBB",
        "lat_ms": 14,
        "jitter_ms": 4,
        "loss_pct": 0.3,
        "throughput_mbps": 800,
        "edge_load": 0.65
      }
    },
    {
      "turn": 7,
      "speaker": "agent",
      "intent": "detect_network_degradation",
      "actions": [
        {
          "type": "mcp",
          "name": "monitor_network",
          "args": {}
        }
      ],
      "obs": [
        {
          "tool": "monitor_network",
          "result": {
            "slice": "eMBB",
            "lat_ms": 45,
            "jitter_ms": 12,
            "loss_pct": 5.2,
            "throughput_mbps": 120,
            "edge_load": 0.9
          }
        }
      ],
      "net": {
        "slice": "eMBB",
        "lat_ms": 45,
        "jitter_ms": 12,
        "loss_pct": 5.2,
        "throughput_mbps": 120,
        "edge_load": 0.9
      }
    },
    {
      "turn": 8,
      "speaker": "user",
      "intent": "switch_to_6g_resilient_mode",
      "actions": [
        {
          "type": "mcp",
          "name": "switch_network_slice",
          "args": {
            "target": "URLLC"
          }
        },
        {
          "type": "mcp",
          "name": "reduce_sensor_streaming",
          "args": {
            "sensors": [
              "thermal"
            ],
            "resolution": "low"
          }
        }
      ],
      "obs": [
        {
          "tool": "switch_network_slice",
          "result": {
            "status": "success",
            "new_slice": "URLLC"
          }
        },
        {
          "tool": "reduce_sensor_streaming",
          "result": {
            "sensor": "thermal",
            "resolution": "low",
            "data_rate_kbps": 512
          }
        }
      ],
      "net": {
        "slice": "URLLC",
        "lat_ms": 6,
        "jitter_ms": 1.0,
        "loss_pct": 0.01,
        "throughput_mbps": 55,
        "edge_load": 0.2
      }
    },
    {
      "turn": 9,
      "speaker": "agent",
      "intent": "request_return_to_base",
      "actions": [
        {
          "type": "mcp",
          "name": "plan_route",
          "args": {
            "destination": {
              "x": 200,
              "y": 200,
              "z": 50
            }
          }
        }
      ],
      "obs": [
        {
          "tool": "plan_route",
          "result": {
            "waypoints": [
              {
                "x": 180.0,
                "y": 180.0,
                "z": 100.0
              },
              {
                "x": 200.0,
                "y": 200.0,
                "z": 50.0
              }
            ],
            "estimated_time_s": 42.5
          }
        }
      ],
      "net": {
        "slice": "URLLC",
        "lat_ms": 7,
        "jitter_ms": 0.9,
        "loss_pct": 0.02,
        "throughput_mbps": 52,
        "edge_load": 0.18
      }
    },
    {
      "turn": 10,
      "speaker": "user",
      "intent": "execute_return",
      "actions": [
        {
          "type": "mcp",
          "name": "follow_waypoints",
          "args": {
            "waypoints": [
              {
                "x": 180.0,
                "y": 180.0,
                "z": 100.0
              },
              {
                "x": 200.0,
                "y": 200.0,
                "z": 50.0
              }
            ]
          }
        }
      ],
      "obs": [
        {
          "tool": "follow_waypoints",
          "result": {
            "status": "completed",
            "final_pose": {
              "x": 200.0,
              "y": 200.0,
              "z": 50.0,
              "yaw": 95.0
            }
          }
        }
      ],
      "net": {
        "slice": "URLLC",
        "lat_ms": 8,
        "jitter_ms": 1.1,
        "loss_pct": 0.01,
        "throughput_mbps": 50,
        "edge_load": 0.15
      }
    }
  ],
  "final_state": {
    "domain": "uav",
    "time_s": 120.0,
    "env": {
      "weather": "heat_haze,volcanic_ash",
      "wind_mps": 8.0,
      "wind_dir_deg": 240.0
    },
    "airspace": {
      "alt_bounds": [
        10.0,
        300.0
      ],
      "geofence": [
        {
          "type": "polygon",
          "points": [
            [
              0,
              0
            ],
            [
              3000,
              0
            ],
            [
              3000,
              2500
            ],
            [
              0,
              2500
            ]
          ]
        }
      ]
    },
    "uav": {
      "pose": {
        "x": 200.0,
        "y": 200.0,
        "z": 50.0,
        "yaw": 95.0
      },
      "speed_mps": 0.0,
      "energy": {
        "battery_pct": 88.5
      },
      "sensors": {
        "rgb": "ok",
        "thermal": "ok",
        "lidar": "ok",
        "radar": "offline",
        "gnss": "ok",
        "imu": "ok",
        "magnetometer": "ok",
        "barometer": "ok"
      },
      "payloads": []
    },
    "policy": {
      "alt_bounds": [
        10.0,
        300.0
      ]
    },
    "safety_flags": {
      "nfz_violation": false,
      "separation_breach": false
    }
  },
  "success": true,
  "_meta": {
    "seed": 42,
    "ts": 1764030743,
    "ts_iso": "2025-11-25T00:32:23Z",
    "gen_time_s": 52.04457235336304,
    "attempts_used": 1,
    "generation_failed": false,
    "usage": {
      "prompt_tokens": 1062,
      "completion_tokens": 3289,
      "total_tokens": 4351,
      "cost": 0.00279796,
      "is_byok": false,
      "prompt_tokens_details": {
        "cached_tokens": 608,
        "audio_tokens": 0,
        "video_tokens": 0
      },
      "cost_details": {
        "upstream_inference_cost": null,
        "upstream_inference_prompt_cost": 0.00016676,
        "upstream_inference_completions_cost": 0.0026312
      },
      "completion_tokens_details": {
        "reasoning_tokens": 0,
        "image_tokens": 0
      }
    }
  }
}