{
  "initial_state": {
    "domain": "uav",
    "time_s": 0.0,
    "env": {
      "weather": "icing",
      "wind_mps": 8.0,
      "wind_dir_deg": 210.0
    },
    "airspace": {
      "alt_bounds": [
        300.0,
        1200.0
      ],
      "geofence": [
        {
          "type": "polygon",
          "points": [
            [
              500,
              500
            ],
            [
              3500,
              500
            ],
            [
              3500,
              2500
            ],
            [
              500,
              2500
            ]
          ]
        }
      ]
    },
    "uav": {
      "pose": {
        "x": 1000.0,
        "y": 1000.0,
        "z": 600.0,
        "yaw": 45.0
      },
      "speed_mps": 28.0,
      "energy": {
        "battery_pct": 100.0
      },
      "sensors": {
        "rgb": "ok",
        "thermal": "ok",
        "lidar": "offline",
        "radar": "ok",
        "gnss": "ok",
        "imu": "ok",
        "magnetometer": "ok",
        "barometer": "ok"
      },
      "payloads": []
    },
    "policy": {
      "alt_bounds": [
        300.0,
        1200.0
      ]
    },
    "safety_flags": {
      "nfz_violation": false,
      "separation_breach": false
    }
  },
  "dialogue": [
    {
      "turn": 1,
      "speaker": "agent",
      "intent": "initiate inspection mission under 6G network",
      "actions": [
        {
          "type": "mcp",
          "name": "read_telemetry",
          "args": {}
        },
        {
          "type": "a2a",
          "task": "request_swarm_formation",
          "to": "uav_swarm_agent",
          "payload": {
            "uav_id": "uav_01",
            "target_formation": "line_abreast",
            "waypoints": [
              {
                "x": 1500,
                "y": 1200,
                "z": 700
              }
            ]
          }
        }
      ],
      "obs": [
        {
          "tool": "read_telemetry",
          "result": {
            "pose": {
              "x": 1000.0,
              "y": 1000.0,
              "z": 600.0
            },
            "battery_pct": 100.0,
            "speed_mps": 28.0
          }
        },
        {
          "task": "request_swarm_formation",
          "from": "uav_swarm_agent",
          "status": "ok",
          "payload": {
            "formation_ack": true,
            "assigned_role": "lead_uav"
          }
        }
      ],
      "net": {
        "slice": "eMBB",
        "lat_ms": 12,
        "jitter_ms": 2,
        "loss_pct": 0.1,
        "throughput_mbps": 850,
        "edge_load": 0.45
      }
    },
    {
      "turn": 2,
      "speaker": "user",
      "intent": "confirm mission start and check sensor status",
      "actions": [
        {
          "type": "mcp",
          "name": "check_sensors",
          "args": {}
        }
      ],
      "obs": [
        {
          "tool": "check_sensors",
          "result": {
            "status": "partial",
            "issues": [
              "lidar: offline"
            ],
            "redundancy_active": true
          }
        }
      ],
      "net": {
        "slice": "eMBB",
        "lat_ms": 11,
        "jitter_ms": 1.8,
        "loss_pct": 0.05,
        "throughput_mbps": 870,
        "edge_load": 0.47
      }
    },
    {
      "turn": 3,
      "speaker": "agent",
      "intent": "compensate for lidar failure using radar and thermal fusion",
      "actions": [
        {
          "type": "mcp",
          "name": "activate_sensor_fusion",
          "args": {
            "mode": "radar_thermal_fallback"
          }
        }
      ],
      "obs": [
        {
          "tool": "activate_sensor_fusion",
          "result": {
            "status": "active",
            "fusion_method": "radar_thermal_fallback",
            "confidence": 0.88
          }
        }
      ],
      "net": {
        "slice": "URLLC",
        "lat_ms": 8,
        "jitter_ms": 0.9,
        "loss_pct": 0.02,
        "throughput_mbps": 120,
        "edge_load": 0.32
      }
    },
    {
      "turn": 4,
      "speaker": "user",
      "intent": "request reroute to avoid icing zone",
      "actions": [
        {
          "type": "mcp",
          "name": "compute_alternate_route",
          "args": {
            "avoid_zone": "icing",
            "target_waypoint": {
              "x": 2000,
              "y": 1800,
              "z": 750
            }
          }
        }
      ],
      "obs": [
        {
          "tool": "compute_alternate_route",
          "result": {
            "route_valid": true,
            "waypoints": [
              {
                "x": 1300,
                "y": 1300,
                "z": 680
              },
              {
                "x": 1700,
                "y": 1600,
                "z": 720
              },
              {
                "x": 2000,
                "y": 1800,
                "z": 750
              }
            ],
            "eta_s": 145
          }
        }
      ],
      "net": {
        "slice": "eMBB",
        "lat_ms": 13,
        "jitter_ms": 2.1,
        "loss_pct": 0.2,
        "throughput_mbps": 830,
        "edge_load": 0.51
      }
    },
    {
      "turn": 5,
      "speaker": "agent",
      "intent": "execute reroute and monitor battery under wind load",
      "actions": [
        {
          "type": "mcp",
          "name": "execute_waypoints",
          "args": {
            "waypoints": [
              {
                "x": 1300,
                "y": 1300,
                "z": 680
              },
              {
                "x": 1700,
                "y": 1600,
                "z": 720
              },
              {
                "x": 2000,
                "y": 1800,
                "z": 750
              }
            ],
            "speed": 25
          }
        }
      ],
      "obs": [
        {
          "tool": "execute_waypoints",
          "result": {
            "status": "in_progress",
            "current_waypoint_idx": 0,
            "estimated_battery_at_end": 89.5
          }
        }
      ],
      "net": {
        "slice": "URLLC",
        "lat_ms": 9,
        "jitter_ms": 1.0,
        "loss_pct": 0.03,
        "throughput_mbps": 110,
        "edge_load": 0.35
      }
    },
    {
      "turn": 6,
      "speaker": "user",
      "intent": "initiate high-res thermal scan at next waypoint",
      "actions": [
        {
          "type": "mcp",
          "name": "schedule_payload_task",
          "args": {
            "payload": "thermal_camera",
            "task": "high_res_scan",
            "target": {
              "x": 2000,
              "y": 1800,
              "z": 750
            },
            "duration_s": 30
          }
        }
      ],
      "obs": [
        {
          "tool": "schedule_payload_task",
          "result": {
            "task_id": "thm_001",
            "scheduled": true,
            "expected_completion": 175
          }
        }
      ],
      "net": {
        "slice": "eMBB",
        "lat_ms": 14,
        "jitter_ms": 2.5,
        "loss_pct": 0.3,
        "throughput_mbps": 800,
        "edge_load": 0.58
      }
    },
    {
      "turn": 7,
      "speaker": "agent",
      "intent": "detect network degradation and switch to resilient mode",
      "actions": [
        {
          "type": "mcp",
          "name": "monitor_network",
          "args": {}
        }
      ],
      "obs": [
        {
          "tool": "monitor_network",
          "result": {
            "current_slice": "eMBB",
            "lat_ms": 45,
            "jitter_ms": 12,
            "loss_pct": 8.5,
            "recommendation": "switch to URLLC"
          }
        }
      ],
      "net": {
        "slice": "eMBB",
        "lat_ms": 45,
        "jitter_ms": 12,
        "loss_pct": 8.5,
        "throughput_mbps": 210,
        "edge_load": 0.89
      }
    },
    {
      "turn": 8,
      "speaker": "user",
      "intent": "approve switch to URLLC and reduce scan resolution",
      "actions": [
        {
          "type": "mcp",
          "name": "reconfigure_payload",
          "args": {
            "payload": "thermal_camera",
            "resolution": "medium",
            "frame_rate": 15
          }
        },
        {
          "type": "mcp",
          "name": "switch_network_slice",
          "args": {
            "target_slice": "URLLC"
          }
        }
      ],
      "obs": [
        {
          "tool": "reconfigure_payload",
          "result": {
            "status": "applied",
            "resolution": "medium"
          }
        },
        {
          "tool": "switch_network_slice",
          "result": {
            "status": "success",
            "new_slice": "URLLC"
          }
        }
      ],
      "net": {
        "slice": "URLLC",
        "lat_ms": 7,
        "jitter_ms": 0.8,
        "loss_pct": 0.01,
        "throughput_mbps": 95,
        "edge_load": 0.28
      }
    },
    {
      "turn": 9,
      "speaker": "agent",
      "intent": "complete inspection and return to base",
      "actions": [
        {
          "type": "mcp",
          "name": "complete_payload_task",
          "args": {
            "task_id": "thm_001"
          }
        },
        {
          "type": "mcp",
          "name": "return_to_base",
          "args": {
            "base_coords": {
              "x": 1000,
              "y": 1000,
              "z": 600
            }
          }
        }
      ],
      "obs": [
        {
          "tool": "complete_payload_task",
          "result": {
            "task_id": "thm_001",
            "status": "completed",
            "data_saved": true
          }
        },
        {
          "tool": "return_to_base",
          "result": {
            "status": "en_route",
            "eta_s": 90,
            "battery_est_on_landing": 76.0
          }
        }
      ],
      "net": {
        "slice": "URLLC",
        "lat_ms": 6,
        "jitter_ms": 0.7,
        "loss_pct": 0.0,
        "throughput_mbps": 100,
        "edge_load": 0.25
      }
    },
    {
      "turn": 10,
      "speaker": "user",
      "intent": "acknowledge safe return and mission success",
      "actions": [],
      "obs": [],
      "net": {
        "slice": "URLLC",
        "lat_ms": 5,
        "jitter_ms": 0.6,
        "loss_pct": 0.0,
        "throughput_mbps": 105,
        "edge_load": 0.22
      }
    }
  ],
  "final_state": {
    "domain": "uav",
    "time_s": 265.0,
    "env": {
      "weather": "icing",
      "wind_mps": 8.0,
      "wind_dir_deg": 210.0
    },
    "airspace": {
      "alt_bounds": [
        300.0,
        1200.0
      ],
      "geofence": [
        {
          "type": "polygon",
          "points": [
            [
              500,
              500
            ],
            [
              3500,
              500
            ],
            [
              3500,
              2500
            ],
            [
              500,
              2500
            ]
          ]
        }
      ]
    },
    "uav": {
      "pose": {
        "x": 1000.0,
        "y": 1000.0,
        "z": 600.0,
        "yaw": 90.0
      },
      "speed_mps": 0.0,
      "energy": {
        "battery_pct": 76.0
      },
      "sensors": {
        "rgb": "ok",
        "thermal": "ok",
        "lidar": "offline",
        "radar": "ok",
        "gnss": "ok",
        "imu": "ok",
        "magnetometer": "ok",
        "barometer": "ok"
      },
      "payloads": []
    },
    "policy": {
      "alt_bounds": [
        300.0,
        1200.0
      ]
    },
    "safety_flags": {
      "nfz_violation": false,
      "separation_breach": false
    }
  },
  "success": true,
  "_meta": {
    "seed": 42,
    "ts": 1764067395,
    "ts_iso": "2025-11-25T10:43:15Z",
    "gen_time_s": 44.12987804412842,
    "attempts_used": 1,
    "generation_failed": false,
    "usage": {
      "prompt_tokens": 1060,
      "completion_tokens": 3524,
      "total_tokens": 4584,
      "cost": 0.00298376,
      "is_byok": false,
      "prompt_tokens_details": {
        "cached_tokens": 624,
        "audio_tokens": 0,
        "video_tokens": 0
      },
      "cost_details": {
        "upstream_inference_cost": null,
        "upstream_inference_prompt_cost": 0.00016456,
        "upstream_inference_completions_cost": 0.0028192
      },
      "completion_tokens_details": {
        "reasoning_tokens": 0,
        "image_tokens": 0
      }
    }
  }
}