{
  "initial_state": {
    "domain": "uav",
    "time_s": 0.0,
    "env": {
      "weather": "good",
      "wind_mps": 6.5,
      "wind_dir_deg": 240.0
    },
    "airspace": {
      "alt_bounds": [
        10.0,
        120.0
      ],
      "geofence": [
        {
          "type": "polygon",
          "points": [
            [
              0,
              0
            ],
            [
              200,
              0
            ],
            [
              200,
              300
            ],
            [
              0,
              300
            ]
          ]
        }
      ]
    },
    "uav": {
      "pose": {
        "x": 10.0,
        "y": 150.0,
        "z": 25.0,
        "yaw": 90.0
      },
      "speed_mps": 18.0,
      "energy": {
        "battery_pct": 100.0
      },
      "sensors": {
        "rgb": "ok",
        "thermal": "offline",
        "lidar": "ok",
        "radar": "offline",
        "gnss": "ok",
        "imu": "ok",
        "magnetometer": "ok",
        "barometer": "ok"
      },
      "payloads": []
    },
    "policy": {
      "alt_bounds": [
        10.0,
        120.0
      ]
    },
    "safety_flags": {
      "nfz_violation": false,
      "separation_breach": false
    }
  },
  "dialogue": [
    {
      "turn": 1,
      "speaker": "agent",
      "intent": "initiate patrol mission along harbor perimeter",
      "actions": [
        {
          "type": "mcp",
          "name": "read_telemetry",
          "args": {}
        },
        {
          "type": "mcp",
          "name": "plan_route",
          "args": {
            "waypoints": [
              [
                20,
                280
              ],
              [
                180,
                280
              ],
              [
                180,
                20
              ],
              [
                20,
                20
              ]
            ],
            "altitude": 50.0
          }
        }
      ],
      "obs": [
        {
          "tool": "read_telemetry",
          "result": {
            "pose": {
              "x": 10.0,
              "y": 150.0,
              "z": 25.0
            },
            "battery_pct": 100.0,
            "speed_mps": 18.0
          }
        },
        {
          "tool": "plan_route",
          "result": {
            "route_id": "r_001",
            "estimated_duration_s": 180,
            "waypoints": [
              [
                20,
                280,
                50
              ],
              [
                180,
                280,
                50
              ],
              [
                180,
                20,
                50
              ],
              [
                20,
                20,
                50
              ]
            ]
          }
        }
      ],
      "net": {
        "slice": "eMBB",
        "lat_ms": 12,
        "jitter_ms": 2,
        "loss_pct": 0.1,
        "throughput_mbps": 850,
        "edge_load": 0.3
      }
    },
    {
      "turn": 2,
      "speaker": "user",
      "intent": "approve route and request thermal sensor activation",
      "actions": [
        {
          "type": "mcp",
          "name": "activate_sensor",
          "args": {
            "sensor": "thermal"
          }
        }
      ],
      "obs": [
        {
          "tool": "activate_sensor",
          "result": {
            "sensor": "thermal",
            "status": "failed",
            "reason": "hardware_fault"
          }
        }
      ],
      "net": {
        "slice": "eMBB",
        "lat_ms": 11,
        "jitter_ms": 1.8,
        "loss_pct": 0.05,
        "throughput_mbps": 900,
        "edge_load": 0.32
      }
    },
    {
      "turn": 3,
      "speaker": "agent",
      "intent": "acknowledge thermal failure and proceed with RGB and LiDAR",
      "actions": [
        {
          "type": "mcp",
          "name": "execute_route",
          "args": {
            "route_id": "r_001"
          }
        }
      ],
      "obs": [
        {
          "tool": "execute_route",
          "result": {
            "status": "in_progress",
            "current_waypoint_idx": 0,
            "next_waypoint": [
              20,
              280,
              50
            ]
          }
        }
      ],
      "net": {
        "slice": "URLLC",
        "lat_ms": 8,
        "jitter_ms": 0.9,
        "loss_pct": 0.02,
        "throughput_mbps": 120,
        "edge_load": 0.4
      }
    },
    {
      "turn": 4,
      "speaker": "user",
      "intent": "monitor progress and request status update",
      "actions": [
        {
          "type": "mcp",
          "name": "read_telemetry",
          "args": {}
        }
      ],
      "obs": [
        {
          "tool": "read_telemetry",
          "result": {
            "pose": {
              "x": 18.0,
              "y": 275.0,
              "z": 49.5
            },
            "battery_pct": 98.7,
            "speed_mps": 17.8,
            "waypoint_progress": 0.85
          }
        }
      ],
      "net": {
        "slice": "eMBB",
        "lat_ms": 14,
        "jitter_ms": 3.1,
        "loss_pct": 0.2,
        "throughput_mbps": 780,
        "edge_load": 0.5
      }
    },
    {
      "turn": 5,
      "speaker": "agent",
      "intent": "detect network degradation and switch to URLLC",
      "actions": [
        {
          "type": "a2a",
          "task": "network_adaptation",
          "to": "6g_network_agent",
          "payload": {
            "preferred_slice": "URLLC",
            "criticality": "high"
          }
        }
      ],
      "obs": [
        {
          "task": "network_adaptation",
          "from": "6g_network_agent",
          "status": "ok",
          "payload": {
            "assigned_slice": "URLLC",
            "lat_ms": 7,
            "throughput_mbps": 150
          }
        }
      ],
      "net": {
        "slice": "URLLC",
        "lat_ms": 7,
        "jitter_ms": 0.8,
        "loss_pct": 0.01,
        "throughput_mbps": 150,
        "edge_load": 0.38
      }
    },
    {
      "turn": 6,
      "speaker": "user",
      "intent": "request collision avoidance check due to moving vessel",
      "actions": [
        {
          "type": "a2a",
          "task": "collision_avoidance",
          "to": "uav_swarm_agent",
          "payload": {
            "current_pose": [
              18.0,
              275.0,
              49.5
            ],
            "vessel_trajectory": [
              [
                30,
                290
              ],
              [
                40,
                270
              ],
              [
                50,
                250
              ]
            ]
          }
        }
      ],
      "obs": [
        {
          "task": "collision_avoidance",
          "from": "uav_swarm_agent",
          "status": "warning",
          "payload": {
            "risk_level": "medium",
            "suggested_altitude": 65.0
          }
        }
      ],
      "net": {
        "slice": "URLLC",
        "lat_ms": 6.5,
        "jitter_ms": 0.7,
        "loss_pct": 0.01,
        "throughput_mbps": 160,
        "edge_load": 0.41
      }
    },
    {
      "turn": 7,
      "speaker": "agent",
      "intent": "adjust altitude to avoid collision risk",
      "actions": [
        {
          "type": "mcp",
          "name": "adjust_flight",
          "args": {
            "command": "change_altitude",
            "target": 65.0
          }
        }
      ],
      "obs": [
        {
          "tool": "adjust_flight",
          "result": {
            "status": "executing",
            "target_altitude": 65.0,
            "current_z": 52.3
          }
        }
      ],
      "net": {
        "slice": "URLLC",
        "lat_ms": 7.2,
        "jitter_ms": 0.9,
        "loss_pct": 0.02,
        "throughput_mbps": 140,
        "edge_load": 0.43
      }
    },
    {
      "turn": 8,
      "speaker": "user",
      "intent": "confirm safety and request image capture at next waypoint",
      "actions": [
        {
          "type": "mcp",
          "name": "capture_image",
          "args": {
            "sensor": "rgb",
            "location": [
              180,
              280
            ]
          }
        }
      ],
      "obs": [
        {
          "tool": "capture_image",
          "result": {
            "status": "success",
            "image_id": "img_001",
            "location": [
              180,
              280
            ],
            "altitude": 64.8
          }
        }
      ],
      "net": {
        "slice": "eMBB",
        "lat_ms": 13,
        "jitter_ms": 2.5,
        "loss_pct": 0.15,
        "throughput_mbps": 820,
        "edge_load": 0.48
      }
    },
    {
      "turn": 9,
      "speaker": "agent",
      "intent": "report successful capture and prepare return",
      "actions": [
        {
          "type": "mcp",
          "name": "plan_route",
          "args": {
            "waypoints": [
              [
                10,
                150
              ]
            ],
            "altitude": 40.0
          }
        }
      ],
      "obs": [
        {
          "tool": "plan_route",
          "result": {
            "route_id": "r_002",
            "estimated_duration_s": 95,
            "waypoints": [
              [
                10,
                150,
                40
              ]
            ]
          }
        }
      ],
      "net": {
        "slice": "URLLC",
        "lat_ms": 7.8,
        "jitter_ms": 1.0,
        "loss_pct": 0.03,
        "throughput_mbps": 130,
        "edge_load": 0.4
      }
    },
    {
      "turn": 10,
      "speaker": "user",
      "intent": "approve return route",
      "actions": [],
      "obs": [],
      "net": {
        "slice": "URLLC",
        "lat_ms": 8.1,
        "jitter_ms": 1.1,
        "loss_pct": 0.04,
        "throughput_mbps": 125,
        "edge_load": 0.39
      }
    },
    {
      "turn": 11,
      "speaker": "agent",
      "intent": "execute return and conserve battery",
      "actions": [
        {
          "type": "mcp",
          "name": "execute_route",
          "args": {
            "route_id": "r_002"
          }
        }
      ],
      "obs": [
        {
          "tool": "execute_route",
          "result": {
            "status": "completed",
            "final_pose": [
              10.0,
              150.0,
              40.0
            ],
            "battery_pct": 89.3
          }
        }
      ],
      "net": {
        "slice": "mMTC",
        "lat_ms": 25,
        "jitter_ms": 5.0,
        "loss_pct": 0.5,
        "throughput_mbps": 1.2,
        "edge_load": 0.2
      }
    }
  ],
  "final_state": {
    "domain": "uav",
    "time_s": 295.0,
    "env": {
      "weather": "good",
      "wind_mps": 6.5,
      "wind_dir_deg": 240.0
    },
    "airspace": {
      "alt_bounds": [
        10.0,
        120.0
      ],
      "geofence": [
        {
          "type": "polygon",
          "points": [
            [
              0,
              0
            ],
            [
              200,
              0
            ],
            [
              200,
              300
            ],
            [
              0,
              300
            ]
          ]
        }
      ]
    },
    "uav": {
      "pose": {
        "x": 10.0,
        "y": 150.0,
        "z": 40.0,
        "yaw": 90.0
      },
      "speed_mps": 0.0,
      "energy": {
        "battery_pct": 89.3
      },
      "sensors": {
        "rgb": "ok",
        "thermal": "offline",
        "lidar": "ok",
        "radar": "offline",
        "gnss": "ok",
        "imu": "ok",
        "magnetometer": "ok",
        "barometer": "ok"
      },
      "payloads": []
    },
    "policy": {
      "alt_bounds": [
        10.0,
        120.0
      ]
    },
    "safety_flags": {
      "nfz_violation": false,
      "separation_breach": false
    }
  },
  "success": true,
  "_meta": {
    "seed": 42,
    "ts": 1763731887,
    "ts_iso": "2025-11-21T13:31:27Z",
    "gen_time_s": 44.10953092575073,
    "attempts_used": 1,
    "generation_failed": false,
    "usage": {
      "prompt_tokens": 1041,
      "completion_tokens": 3375,
      "total_tokens": 4416,
      "cost": 0.0022332,
      "is_byok": false,
      "prompt_tokens_details": {
        "cached_tokens": 0,
        "audio_tokens": 0,
        "video_tokens": 0
      },
      "cost_details": {
        "upstream_inference_cost": null,
        "upstream_inference_prompt_cost": 0.0002082,
        "upstream_inference_completions_cost": 0.002025
      },
      "completion_tokens_details": {
        "reasoning_tokens": 0,
        "image_tokens": 0
      }
    }
  }
}