{
  "initial_state": {
    "domain": "uav",
    "time_s": 0.0,
    "env": {
      "weather": "thermal_updrafts",
      "wind_mps": 8.0,
      "wind_dir_deg": 135.0
    },
    "airspace": {
      "alt_bounds": [
        10.0,
        300.0
      ],
      "geofence": [
        {
          "type": "polygon",
          "points": [
            [
              0.0,
              0.0
            ],
            [
              2000.0,
              0.0
            ],
            [
              2000.0,
              1500.0
            ],
            [
              0.0,
              1500.0
            ]
          ]
        }
      ]
    },
    "uav": {
      "pose": {
        "x": 150.0,
        "y": 150.0,
        "z": 20.0,
        "yaw": 90.0
      },
      "speed_mps": 22.0,
      "energy": {
        "battery_pct": 100.0
      },
      "sensors": {
        "rgb": "ok",
        "thermal": "ok",
        "lidar": "offline",
        "radar": "ok",
        "gnss": "ok",
        "imu": "ok",
        "magnetometer": "ok",
        "barometer": "ok"
      },
      "payloads": []
    },
    "policy": {
      "alt_bounds": [
        10.0,
        300.0
      ]
    },
    "safety_flags": {
      "nfz_violation": false,
      "separation_breach": false
    }
  },
  "dialogue": [
    {
      "turn": 1,
      "speaker": "agent",
      "intent": "initiate_mission",
      "actions": [
        {
          "type": "mcp",
          "name": "read_telemetry",
          "args": {}
        }
      ],
      "obs": [
        {
          "tool": "read_telemetry",
          "result": {
            "pose": {
              "x": 150.0,
              "y": 150.0,
              "z": 20.0,
              "yaw": 90.0
            },
            "speed_mps": 22.0,
            "battery_pct": 100.0
          }
        }
      ],
      "net": {
        "slice": "eMBB",
        "lat_ms": 12,
        "jitter_ms": 2,
        "loss_pct": 0.1,
        "throughput_mbps": 850,
        "edge_load": 0.35
      }
    },
    {
      "turn": 2,
      "speaker": "user",
      "intent": "confirm_takeoff",
      "actions": [
        {
          "type": "mcp",
          "name": "set_waypoint",
          "args": {
            "x": 500.0,
            "y": 500.0,
            "z": 100.0
          }
        }
      ],
      "obs": [
        {
          "tool": "set_waypoint",
          "result": {
            "status": "accepted",
            "eta_s": 45.2
          }
        }
      ],
      "net": {
        "slice": "eMBB",
        "lat_ms": 14,
        "jitter_ms": 3,
        "loss_pct": 0.05,
        "throughput_mbps": 800,
        "edge_load": 0.4
      }
    },
    {
      "turn": 3,
      "speaker": "agent",
      "intent": "monitor_sensors",
      "actions": [
        {
          "type": "mcp",
          "name": "diagnose_sensor",
          "args": {
            "sensor": "lidar"
          }
        }
      ],
      "obs": [
        {
          "tool": "diagnose_sensor",
          "result": {
            "sensor": "lidar",
            "status": "offline",
            "error": "thermal_overload"
          }
        }
      ],
      "net": {
        "slice": "URLLC",
        "lat_ms": 8,
        "jitter_ms": 1,
        "loss_pct": 0.01,
        "throughput_mbps": 100,
        "edge_load": 0.2
      }
    },
    {
      "turn": 4,
      "speaker": "user",
      "intent": "request_redundancy",
      "actions": [
        {
          "type": "a2a",
          "task": "activate_radar_mapping",
          "to": "uav_sensor_fusion_agent",
          "payload": {
            "mode": "high_res",
            "fallback": true
          }
        }
      ],
      "obs": [
        {
          "task": "activate_radar_mapping",
          "from": "uav_sensor_fusion_agent",
          "status": "ok",
          "payload": {
            "resolution": "high",
            "coverage_area_km2": 1.8
          }
        }
      ],
      "net": {
        "slice": "URLLC",
        "lat_ms": 9,
        "jitter_ms": 1.2,
        "loss_pct": 0.02,
        "throughput_mbps": 95,
        "edge_load": 0.25
      }
    },
    {
      "turn": 5,
      "speaker": "agent",
      "intent": "adjust_route_for_wind",
      "actions": [
        {
          "type": "mcp",
          "name": "read_telemetry",
          "args": {}
        }
      ],
      "obs": [
        {
          "tool": "read_telemetry",
          "result": {
            "pose": {
              "x": 320.0,
              "y": 310.0,
              "z": 95.0,
              "yaw": 88.0
            },
            "speed_mps": 18.5,
            "battery_pct": 96.0,
            "wind_compensation_active": true
          }
        }
      ],
      "net": {
        "slice": "mMTC",
        "lat_ms": 25,
        "jitter_ms": 8,
        "loss_pct": 1.5,
        "throughput_mbps": 10,
        "edge_load": 0.7
      }
    },
    {
      "turn": 6,
      "speaker": "user",
      "intent": "check_battery",
      "actions": [
        {
          "type": "mcp",
          "name": "read_telemetry",
          "args": {}
        }
      ],
      "obs": [
        {
          "tool": "read_telemetry",
          "result": {
            "battery_pct": 96.0,
            "estimated_range_km": 12.4,
            "power_draw_w": 142.0
          }
        }
      ],
      "net": {
        "slice": "mMTC",
        "lat_ms": 30,
        "jitter_ms": 10,
        "loss_pct": 2.0,
        "throughput_mbps": 8,
        "edge_load": 0.75
      }
    },
    {
      "turn": 7,
      "speaker": "agent",
      "intent": "avoid_thermal_turbulence",
      "actions": [
        {
          "type": "mcp",
          "name": "set_waypoint",
          "args": {
            "x": 600.0,
            "y": 700.0,
            "z": 130.0
          }
        }
      ],
      "obs": [
        {
          "tool": "set_waypoint",
          "result": {
            "status": "updated",
            "eta_s": 68.0
          }
        }
      ],
      "net": {
        "slice": "URLLC",
        "lat_ms": 7,
        "jitter_ms": 1,
        "loss_pct": 0.01,
        "throughput_mbps": 110,
        "edge_load": 0.18
      }
    },
    {
      "turn": 8,
      "speaker": "user",
      "intent": "request_swarm_status",
      "actions": [
        {
          "type": "a2a",
          "task": "get_swarm_health",
          "to": "uav_swarm_agent",
          "payload": {}
        }
      ],
      "obs": [
        {
          "task": "get_swarm_health",
          "from": "uav_swarm_agent",
          "status": "ok",
          "payload": {
            "active_drones": 3,
            "avg_battery": 89.0,
            "leader_uav": "uav-01"
          }
        }
      ],
      "net": {
        "slice": "URLLC",
        "lat_ms": 6,
        "jitter_ms": 0.8,
        "loss_pct": 0.0,
        "throughput_mbps": 120,
        "edge_load": 0.15
      }
    },
    {
      "turn": 9,
      "speaker": "agent",
      "intent": "capture_thermal_data",
      "actions": [
        {
          "type": "mcp",
          "name": "capture_image",
          "args": {
            "sensor": "thermal",
            "mode": "high_gain"
          }
        }
      ],
      "obs": [
        {
          "tool": "capture_image",
          "result": {
            "status": "success",
            "image_id": "thm_001923",
            "anomaly_detected": true,
            "temp_max_c": 87.3
          }
        }
      ],
      "net": {
        "slice": "eMBB",
        "lat_ms": 15,
        "jitter_ms": 3,
        "loss_pct": 0.2,
        "throughput_mbps": 780,
        "edge_load": 0.45
      }
    },
    {
      "turn": 10,
      "speaker": "user",
      "intent": "log_anomaly",
      "actions": [
        {
          "type": "mcp",
          "name": "log_event",
          "args": {
            "event": "thermal_anomaly",
            "location": {
              "x": 595.0,
              "y": 695.0,
              "z": 128.0
            },
            "severity": "medium"
          }
        }
      ],
      "obs": [
        {
          "tool": "log_event",
          "result": {
            "status": "logged",
            "event_id": "evt_88321"
          }
        }
      ],
      "net": {
        "slice": "URLLC",
        "lat_ms": 10,
        "jitter_ms": 1.5,
        "loss_pct": 0.03,
        "throughput_mbps": 90,
        "edge_load": 0.3
      }
    }
  ],
  "final_state": {
    "domain": "uav",
    "time_s": 210.0,
    "env": {
      "weather": "thermal_updrafts",
      "wind_mps": 8.0,
      "wind_dir_deg": 135.0
    },
    "airspace": {
      "alt_bounds": [
        10.0,
        300.0
      ],
      "geofence": [
        {
          "type": "polygon",
          "points": [
            [
              0.0,
              0.0
            ],
            [
              2000.0,
              0.0
            ],
            [
              2000.0,
              1500.0
            ],
            [
              0.0,
              1500.0
            ]
          ]
        }
      ]
    },
    "uav": {
      "pose": {
        "x": 595.0,
        "y": 695.0,
        "z": 128.0,
        "yaw": 89.0
      },
      "speed_mps": 19.0,
      "energy": {
        "battery_pct": 92.0
      },
      "sensors": {
        "rgb": "ok",
        "thermal": "ok",
        "lidar": "offline",
        "radar": "ok",
        "gnss": "ok",
        "imu": "ok",
        "magnetometer": "ok",
        "barometer": "ok"
      },
      "payloads": []
    },
    "policy": {
      "alt_bounds": [
        10.0,
        300.0
      ]
    },
    "safety_flags": {
      "nfz_violation": false,
      "separation_breach": false
    }
  },
  "success": true,
  "_meta": {
    "seed": 42,
    "ts": 1763860950,
    "ts_iso": "2025-11-23T01:22:30Z",
    "gen_time_s": 134.03112888336182,
    "attempts_used": 3,
    "generation_failed": false,
    "usage": {
      "prompt_tokens": 1093,
      "completion_tokens": 3025,
      "total_tokens": 4118,
      "cost": 0.0025443,
      "is_byok": false,
      "prompt_tokens_details": {
        "cached_tokens": 1056,
        "audio_tokens": 0,
        "video_tokens": 0
      },
      "cost_details": {
        "upstream_inference_cost": null,
        "upstream_inference_prompt_cost": 0.0001243,
        "upstream_inference_completions_cost": 0.00242
      },
      "completion_tokens_details": {
        "reasoning_tokens": 0,
        "image_tokens": 0
      }
    }
  }
}