{
  "initial_state": {
    "domain": "uav",
    "time_s": 0.0,
    "env": {
      "weather": "dust",
      "wind_mps": 7.0,
      "wind_dir_deg": 240.0
    },
    "airspace": {
      "alt_bounds": [
        10.0,
        150.0
      ],
      "geofence": [
        {
          "type": "polygon",
          "points": [
            [
              0.0,
              0.0
            ],
            [
              800.0,
              0.0
            ],
            [
              800.0,
              600.0
            ],
            [
              0.0,
              600.0
            ]
          ]
        }
      ]
    },
    "uav": {
      "pose": {
        "x": 100.0,
        "y": 100.0,
        "z": 20.0,
        "yaw": 90.0
      },
      "speed_mps": 25.0,
      "energy": {
        "battery_pct": 100.0
      },
      "sensors": {
        "rgb": "ok",
        "thermal": "offline",
        "lidar": "ok",
        "radar": "offline",
        "gnss": "ok",
        "imu": "ok",
        "magnetometer": "ok",
        "barometer": "ok"
      },
      "payloads": []
    },
    "policy": {
      "alt_bounds": [
        10.0,
        150.0
      ]
    },
    "safety_flags": {
      "nfz_violation": false,
      "separation_breach": false
    }
  },
  "dialogue": [
    {
      "turn": 1,
      "speaker": "agent",
      "intent": "initiate mission and check telemetry",
      "actions": [
        {
          "type": "mcp",
          "name": "read_telemetry",
          "args": {}
        }
      ],
      "obs": [
        {
          "tool": "read_telemetry",
          "result": {
            "pose": {
              "x": 100.0,
              "y": 100.0,
              "z": 20.0,
              "yaw": 90.0
            },
            "speed_mps": 25.0,
            "battery_pct": 100.0,
            "sensors": {
              "rgb": "ok",
              "thermal": "offline",
              "lidar": "ok",
              "radar": "offline",
              "gnss": "ok",
              "imu": "ok"
            }
          }
        }
      ],
      "net": {
        "slice": "eMBB",
        "lat_ms": 12.5,
        "jitter_ms": 2.1,
        "loss_pct": 0.1,
        "throughput_mbps": 850,
        "edge_load": 0.35
      }
    },
    {
      "turn": 2,
      "speaker": "user",
      "intent": "confirm mission start and request loiter pattern",
      "actions": [],
      "obs": [],
      "net": {
        "slice": "eMBB",
        "lat_ms": 13.0,
        "jitter_ms": 2.3,
        "loss_pct": 0.1,
        "throughput_mbps": 830,
        "edge_load": 0.37
      }
    },
    {
      "turn": 3,
      "speaker": "agent",
      "intent": "execute loiter pattern at safe altitude",
      "actions": [
        {
          "type": "mcp",
          "name": "set_waypoint",
          "args": {
            "x": 150.0,
            "y": 150.0,
            "z": 50.0,
            "yaw": 90.0,
            "action": "loiter",
            "radius_m": 25.0
          }
        }
      ],
      "obs": [
        {
          "tool": "set_waypoint",
          "result": {
            "status": "accepted",
            "eta_s": 18.2,
            "trajectory": [
              {
                "x": 110.0,
                "y": 110.0,
                "z": 30.0
              },
              {
                "x": 130.0,
                "y": 130.0,
                "z": 40.0
              },
              {
                "x": 150.0,
                "y": 150.0,
                "z": 50.0
              }
            ]
          }
        }
      ],
      "net": {
        "slice": "eMBB",
        "lat_ms": 11.8,
        "jitter_ms": 1.9,
        "loss_pct": 0.05,
        "throughput_mbps": 870,
        "edge_load": 0.33
      }
    },
    {
      "turn": 4,
      "speaker": "user",
      "intent": "request thermal sensor activation",
      "actions": [
        {
          "type": "mcp",
          "name": "activate_sensor",
          "args": {
            "sensor": "thermal"
          }
        }
      ],
      "obs": [
        {
          "tool": "activate_sensor",
          "result": {
            "sensor": "thermal",
            "status": "failed",
            "reason": "hardware offline"
          }
        }
      ],
      "net": {
        "slice": "URLLC",
        "lat_ms": 8.2,
        "jitter_ms": 0.8,
        "loss_pct": 0.02,
        "throughput_mbps": 50,
        "edge_load": 0.4
      }
    },
    {
      "turn": 5,
      "speaker": "agent",
      "intent": "report sensor failure and suggest lidar alternative",
      "actions": [
        {
          "type": "mcp",
          "name": "scan_area",
          "args": {
            "mode": "lidar",
            "resolution": "high",
            "sector": "front-right",
            "range_m": 100.0
          }
        }
      ],
      "obs": [
        {
          "tool": "scan_area",
          "result": {
            "sector": "front-right",
            "obstacles": [
              {
                "x": 180.0,
                "y": 160.0,
                "z": 3.0,
                "type": "rock",
                "confidence": 0.92
              }
            ],
            "status": "completed"
          }
        }
      ],
      "net": {
        "slice": "URLLC",
        "lat_ms": 7.5,
        "jitter_ms": 0.7,
        "loss_pct": 0.01,
        "throughput_mbps": 45,
        "edge_load": 0.42
      }
    },
    {
      "turn": 6,
      "speaker": "user",
      "intent": "request swarm coordination for area coverage",
      "actions": [
        {
          "type": "a2a",
          "task": "area_coverage",
          "to": "uav_swarm_agent",
          "payload": {
            "target_area": {
              "center": {
                "x": 400.0,
                "y": 300.0
              },
              "radius": 100.0
            },
            "priority": "high"
          }
        }
      ],
      "obs": [
        {
          "task": "area_coverage",
          "from": "uav_swarm_agent",
          "status": "acknowledged",
          "payload": {
            "assigned_uavs": 3,
            "estimated_completion": "120s"
          }
        }
      ],
      "net": {
        "slice": "mMTC",
        "lat_ms": 25.0,
        "jitter_ms": 5.0,
        "loss_pct": 0.5,
        "throughput_mbps": 1.2,
        "edge_load": 0.68
      }
    },
    {
      "turn": 7,
      "speaker": "agent",
      "intent": "adjust altitude due to wind and dust",
      "actions": [
        {
          "type": "mcp",
          "name": "set_altitude",
          "args": {
            "z": 70.0
          }
        }
      ],
      "obs": [
        {
          "tool": "set_altitude",
          "result": {
            "status": "executing",
            "target_z": 70.0,
            "climb_rate_mps": 2.0
          }
        }
      ],
      "net": {
        "slice": "URLLC",
        "lat_ms": 9.1,
        "jitter_ms": 1.0,
        "loss_pct": 0.03,
        "throughput_mbps": 60,
        "edge_load": 0.39
      }
    },
    {
      "turn": 8,
      "speaker": "user",
      "intent": "request emergency stop due to network degradation",
      "actions": [
        {
          "type": "mcp",
          "name": "emergency_hold",
          "args": {}
        }
      ],
      "obs": [
        {
          "tool": "emergency_hold",
          "result": {
            "status": "held",
            "position": {
              "x": 150.0,
              "y": 150.0,
              "z": 70.0
            }
          }
        }
      ],
      "net": {
        "slice": "URLLC",
        "lat_ms": 500.0,
        "jitter_ms": 50.0,
        "loss_pct": 15.0,
        "throughput_mbps": 5.0,
        "edge_load": 0.92
      }
    },
    {
      "turn": 9,
      "speaker": "agent",
      "intent": "initiate low-bandwidth telemetry sync",
      "actions": [
        {
          "type": "mcp",
          "name": "read_telemetry",
          "args": {
            "mode": "compact"
          }
        }
      ],
      "obs": [
        {
          "tool": "read_telemetry",
          "result": {
            "pose": {
              "x": 150.0,
              "y": 150.0,
              "z": 70.0
            },
            "battery_pct": 92.5,
            "status": "held"
          }
        }
      ],
      "net": {
        "slice": "URLLC",
        "lat_ms": 480.0,
        "jitter_ms": 45.0,
        "loss_pct": 12.0,
        "throughput_mbps": 6.5,
        "edge_load": 0.89
      }
    },
    {
      "turn": 10,
      "speaker": "user",
      "intent": "resume mission with caution",
      "actions": [
        {
          "type": "mcp",
          "name": "resume_mission",
          "args": {}
        }
      ],
      "obs": [
        {
          "tool": "resume_mission",
          "result": {
            "status": "resumed",
            "current_waypoint": "loiter"
          }
        }
      ],
      "net": {
        "slice": "URLLC",
        "lat_ms": 10.2,
        "jitter_ms": 1.2,
        "loss_pct": 0.08,
        "throughput_mbps": 55,
        "edge_load": 0.41
      }
    },
    {
      "turn": 11,
      "speaker": "agent",
      "intent": "verify geofence and safety compliance",
      "actions": [
        {
          "type": "mcp",
          "name": "check_safety_constraints",
          "args": {}
        }
      ],
      "obs": [
        {
          "tool": "check_safety_constraints",
          "result": {
            "geofence_violation": false,
            "alt_violation": false,
            "separation_breach": false,
            "status": "all_clear"
          }
        }
      ],
      "net": {
        "slice": "URLLC",
        "lat_ms": 8.8,
        "jitter_ms": 0.9,
        "loss_pct": 0.04,
        "throughput_mbps": 62,
        "edge_load": 0.38
      }
    }
  ],
  "final_state": {
    "domain": "uav",
    "time_s": 120.0,
    "env": {
      "weather": "dust",
      "wind_mps": 7.0,
      "wind_dir_deg": 240.0
    },
    "airspace": {
      "alt_bounds": [
        10.0,
        150.0
      ],
      "geofence": [
        {
          "type": "polygon",
          "points": [
            [
              0.0,
              0.0
            ],
            [
              800.0,
              0.0
            ],
            [
              800.0,
              600.0
            ],
            [
              0.0,
              600.0
            ]
          ]
        }
      ]
    },
    "uav": {
      "pose": {
        "x": 150.0,
        "y": 150.0,
        "z": 70.0,
        "yaw": 90.0
      },
      "speed_mps": 0.0,
      "energy": {
        "battery_pct": 92.5
      },
      "sensors": {
        "rgb": "ok",
        "thermal": "offline",
        "lidar": "ok",
        "radar": "offline",
        "gnss": "ok",
        "imu": "ok",
        "magnetometer": "ok",
        "barometer": "ok"
      },
      "payloads": []
    },
    "policy": {
      "alt_bounds": [
        10.0,
        150.0
      ]
    },
    "safety_flags": {
      "nfz_violation": false,
      "separation_breach": false
    }
  },
  "success": true,
  "_meta": {
    "seed": 42,
    "ts": 1764036927,
    "ts_iso": "2025-11-25T02:15:27Z",
    "gen_time_s": 49.45594763755798,
    "attempts_used": 1,
    "generation_failed": false,
    "usage": {
      "prompt_tokens": 1060,
      "completion_tokens": 3429,
      "total_tokens": 4489,
      "cost": 0.00286024,
      "is_byok": false,
      "prompt_tokens_details": {
        "cached_tokens": 1056,
        "audio_tokens": 0,
        "video_tokens": 0
      },
      "cost_details": {
        "upstream_inference_cost": null,
        "upstream_inference_prompt_cost": 0.00011704,
        "upstream_inference_completions_cost": 0.0027432
      },
      "completion_tokens_details": {
        "reasoning_tokens": 0,
        "image_tokens": 0
      }
    }
  }
}