{
  "initial_state": {
    "domain": "uav",
    "time_s": 0.0,
    "env": {
      "weather": "icing",
      "wind_mps": 8.5,
      "wind_dir_deg": 240.0
    },
    "airspace": {
      "alt_bounds": [
        10.0,
        150.0
      ],
      "geofence": [
        {
          "type": "polygon",
          "points": [
            [
              0.0,
              0.0
            ],
            [
              1000.0,
              0.0
            ],
            [
              1000.0,
              800.0
            ],
            [
              0.0,
              800.0
            ]
          ]
        }
      ]
    },
    "uav": {
      "pose": {
        "x": 50.0,
        "y": 50.0,
        "z": 15.0,
        "yaw": 240.0
      },
      "speed_mps": 35.0,
      "energy": {
        "battery_pct": 100.0
      },
      "sensors": {
        "rgb": "ok",
        "thermal": "ok",
        "lidar": "offline",
        "radar": "ok",
        "gnss": "ok",
        "imu": "ok",
        "magnetometer": "ok",
        "barometer": "ok"
      },
      "payloads": []
    },
    "policy": {
      "alt_bounds": [
        10.0,
        150.0
      ]
    },
    "safety_flags": {
      "nfz_violation": false,
      "separation_breach": false
    }
  },
  "dialogue": [
    {
      "turn": 1,
      "speaker": "agent",
      "intent": "initiate inspection mission under icing conditions",
      "actions": [
        {
          "type": "mcp",
          "name": "read_telemetry",
          "args": {}
        },
        {
          "type": "mcp",
          "name": "activate_payload",
          "args": {
            "payload": "thermal"
          }
        }
      ],
      "obs": [
        {
          "tool": "read_telemetry",
          "result": {
            "pose": {
              "x": 50.0,
              "y": 50.0,
              "z": 15.0
            },
            "battery_pct": 100.0,
            "speed_mps": 35.0
          }
        },
        {
          "tool": "activate_payload",
          "result": {
            "payload": "thermal",
            "status": "activated"
          }
        }
      ],
      "net": {
        "slice": "eMBB",
        "lat_ms": 12,
        "jitter_ms": 3,
        "loss_pct": 0.1,
        "throughput_mbps": 850,
        "edge_load": 0.45
      }
    },
    {
      "turn": 2,
      "speaker": "user",
      "intent": "request status and confirm mission start",
      "actions": [
        {
          "type": "mcp",
          "name": "get_mission_status",
          "args": {}
        }
      ],
      "obs": [
        {
          "tool": "get_mission_status",
          "result": {
            "status": "initialized",
            "waypoints_remaining": 6
          }
        }
      ],
      "net": {
        "slice": "eMBB",
        "lat_ms": 11,
        "jitter_ms": 2,
        "loss_pct": 0.05,
        "throughput_mbps": 900,
        "edge_load": 0.42
      }
    },
    {
      "turn": 3,
      "speaker": "agent",
      "intent": "ascend to inspection altitude and navigate to first waypoint",
      "actions": [
        {
          "type": "mcp",
          "name": "set_altitude",
          "args": {
            "target_z": 120.0
          }
        },
        {
          "type": "mcp",
          "name": "navigate_to",
          "args": {
            "x": 200.0,
            "y": 150.0
          }
        }
      ],
      "obs": [
        {
          "tool": "set_altitude",
          "result": {
            "target_z": 120.0,
            "status": "climbing"
          }
        },
        {
          "tool": "navigate_to",
          "result": {
            "waypoint": [
              200.0,
              150.0
            ],
            "status": "en_route"
          }
        }
      ],
      "net": {
        "slice": "URLLC",
        "lat_ms": 8,
        "jitter_ms": 1,
        "loss_pct": 0.02,
        "throughput_mbps": 120,
        "edge_load": 0.38
      }
    },
    {
      "turn": 4,
      "speaker": "user",
      "intent": "check sensor status due to icing risk",
      "actions": [
        {
          "type": "mcp",
          "name": "check_sensors",
          "args": {}
        }
      ],
      "obs": [
        {
          "tool": "check_sensors",
          "result": {
            "lidar": "offline",
            "thermal": "ok",
            "rgb": "ok",
            "warning": "icing may affect lidar"
          }
        }
      ],
      "net": {
        "slice": "URLLC",
        "lat_ms": 7,
        "jitter_ms": 1,
        "loss_pct": 0.01,
        "throughput_mbps": 110,
        "edge_load": 0.36
      }
    },
    {
      "turn": 5,
      "speaker": "agent",
      "intent": "coordinate with swarm for deconfliction in shared airspace",
      "actions": [
        {
          "type": "a2a",
          "task": "collision_avoidance",
          "to": "uav_swarm_agent",
          "payload": {
            "current_pose": {
              "x": 120.0,
              "y": 95.0,
              "z": 118.0
            },
            "velocity": 32.0,
            "trajectory": [
              [
                200.0,
                150.0
              ],
              [
                300.0,
                250.0
              ]
            ]
          }
        }
      ],
      "obs": [
        {
          "task": "collision_avoidance",
          "from": "uav_swarm_agent",
          "status": "ok",
          "payload": {
            "conflict": false,
            "recommended_alt_adjust": 0
          }
        }
      ],
      "net": {
        "slice": "URLLC",
        "lat_ms": 9,
        "jitter_ms": 2,
        "loss_pct": 0.03,
        "throughput_mbps": 100,
        "edge_load": 0.41
      }
    },
    {
      "turn": 6,
      "speaker": "user",
      "intent": "request thermal image capture at next waypoint",
      "actions": [
        {
          "type": "mcp",
          "name": "capture_image",
          "args": {
            "sensor": "thermal",
            "mode": "high_res"
          }
        }
      ],
      "obs": [
        {
          "tool": "capture_image",
          "result": {
            "sensor": "thermal",
            "status": "success",
            "image_id": "IMG_THERM_001",
            "location": {
              "x": 198.5,
              "y": 149.2,
              "z": 120.1
            }
          }
        }
      ],
      "net": {
        "slice": "eMBB",
        "lat_ms": 15,
        "jitter_ms": 5,
        "loss_pct": 0.2,
        "throughput_mbps": 750,
        "edge_load": 0.52
      }
    },
    {
      "turn": 7,
      "speaker": "agent",
      "intent": "detect network degradation and switch to efficient telemetry",
      "actions": [
        {
          "type": "mcp",
          "name": "read_telemetry",
          "args": {
            "mode": "compact"
          }
        },
        {
          "type": "mcp",
          "name": "adjust_flight_path",
          "args": {
            "via": [
              250.0,
              200.0
            ]
          }
        }
      ],
      "obs": [
        {
          "tool": "read_telemetry",
          "result": {
            "z": 120.2,
            "battery_pct": 94.3,
            "gnss_lock": true
          }
        },
        {
          "tool": "adjust_flight_path",
          "result": {
            "status": "updated",
            "new_waypoint": [
              250.0,
              200.0
            ]
          }
        }
      ],
      "net": {
        "slice": "mMTC",
        "lat_ms": 45,
        "jitter_ms": 12,
        "loss_pct": 2.1,
        "throughput_mbps": 1.2,
        "edge_load": 0.78
      }
    },
    {
      "turn": 8,
      "speaker": "user",
      "intent": "verify geofence compliance and battery level",
      "actions": [
        {
          "type": "mcp",
          "name": "check_geofence",
          "args": {}
        },
        {
          "type": "mcp",
          "name": "get_battery_level",
          "args": {}
        }
      ],
      "obs": [
        {
          "tool": "check_geofence",
          "result": {
            "inside": true,
            "violation": false
          }
        },
        {
          "tool": "get_battery_level",
          "result": {
            "battery_pct": 94.1
          }
        }
      ],
      "net": {
        "slice": "URLLC",
        "lat_ms": 10,
        "jitter_ms": 2,
        "loss_pct": 0.04,
        "throughput_mbps": 95,
        "edge_load": 0.44
      }
    },
    {
      "turn": 9,
      "speaker": "agent",
      "intent": "resume high-fidelity data transmission as network improves",
      "actions": [
        {
          "type": "mcp",
          "name": "capture_image",
          "args": {
            "sensor": "rgb",
            "mode": "panorama"
          }
        },
        {
          "type": "a2a",
          "task": "data_relay",
          "to": "edge_gateway_agent",
          "payload": {
            "data_ids": [
              "IMG_THERM_001"
            ],
            "priority": "high"
          }
        }
      ],
      "obs": [
        {
          "tool": "capture_image",
          "result": {
            "sensor": "rgb",
            "status": "success",
            "image_id": "IMG_RGB_PAN_001"
          }
        },
        {
          "task": "data_relay",
          "from": "edge_gateway_agent",
          "status": "queued",
          "payload": {
            "bandwidth_allocated_mbps": 500,
            "eta_transmit_s": 2.1
          }
        }
      ],
      "net": {
        "slice": "eMBB",
        "lat_ms": 13,
        "jitter_ms": 4,
        "loss_pct": 0.15,
        "throughput_mbps": 820,
        "edge_load": 0.51
      }
    },
    {
      "turn": 10,
      "speaker": "user",
      "intent": "command return to base due to weather deterioration",
      "actions": [
        {
          "type": "mcp",
          "name": "set_home",
          "args": {
            "x": 50.0,
            "y": 50.0
          }
        }
      ],
      "obs": [
        {
          "tool": "set_home",
          "result": {
            "home_location": {
              "x": 50.0,
              "y": 50.0
            },
            "status": "confirmed"
          }
        }
      ],
      "net": {
        "slice": "URLLC",
        "lat_ms": 9,
        "jitter_ms": 1,
        "loss_pct": 0.02,
        "throughput_mbps": 115,
        "edge_load": 0.4
      }
    },
    {
      "turn": 11,
      "speaker": "agent",
      "intent": "execute return and land safely",
      "actions": [
        {
          "type": "mcp",
          "name": "return_to_home",
          "args": {}
        },
        {
          "type": "mcp",
          "name": "land",
          "args": {}
        }
      ],
      "obs": [
        {
          "tool": "return_to_home",
          "result": {
            "status": "en_route",
            "distance_remaining_m": 180.0
          }
        },
        {
          "tool": "land",
          "result": {
            "status": "completed",
            "final_pose": {
              "x": 50.0,
              "y": 50.0,
              "z": 0.0
            }
          }
        }
      ],
      "net": {
        "slice": "URLLC",
        "lat_ms": 8,
        "jitter_ms": 1,
        "loss_pct": 0.01,
        "throughput_mbps": 105,
        "edge_load": 0.37
      }
    }
  ],
  "final_state": {
    "domain": "uav",
    "time_s": 320.0,
    "env": {
      "weather": "icing",
      "wind_mps": 9.2,
      "wind_dir_deg": 245.0
    },
    "airspace": {
      "alt_bounds": [
        10.0,
        150.0
      ],
      "geofence": [
        {
          "type": "polygon",
          "points": [
            [
              0.0,
              0.0
            ],
            [
              1000.0,
              0.0
            ],
            [
              1000.0,
              800.0
            ],
            [
              0.0,
              800.0
            ]
          ]
        }
      ]
    },
    "uav": {
      "pose": {
        "x": 50.0,
        "y": 50.0,
        "z": 0.0,
        "yaw": 240.0
      },
      "speed_mps": 0.0,
      "energy": {
        "battery_pct": 78.5
      },
      "sensors": {
        "rgb": "ok",
        "thermal": "ok",
        "lidar": "offline",
        "radar": "ok",
        "gnss": "ok",
        "imu": "ok",
        "magnetometer": "ok",
        "barometer": "ok"
      },
      "payloads": []
    },
    "policy": {
      "alt_bounds": [
        10.0,
        150.0
      ]
    },
    "safety_flags": {
      "nfz_violation": false,
      "separation_breach": false
    }
  },
  "success": true,
  "_meta": {
    "seed": 42,
    "ts": 1763943140,
    "ts_iso": "2025-11-24T00:12:20Z",
    "gen_time_s": 53.17415165901184,
    "attempts_used": 1,
    "generation_failed": false,
    "usage": {
      "prompt_tokens": 1061,
      "completion_tokens": 3714,
      "total_tokens": 4775,
      "cost": 0.00313774,
      "is_byok": false,
      "prompt_tokens_details": {
        "cached_tokens": 608,
        "audio_tokens": 0,
        "video_tokens": 0
      },
      "cost_details": {
        "upstream_inference_cost": null,
        "upstream_inference_prompt_cost": 0.00016654,
        "upstream_inference_completions_cost": 0.0029712
      },
      "completion_tokens_details": {
        "reasoning_tokens": 0,
        "image_tokens": 0
      }
    }
  }
}