{
  "episode_id": "6gb_prompt_96d8ee4772b72fad",
  "questions": [
    {
      "task_id": "T5",
      "task_name": "Slice Switching Decision",
      "source_turn": 8,
      "question": "The UAV is currently operating on eMBB slice with latency 20ms, jitter 5ms, packet loss 0.5%, throughput 80Mbps, and edge load 0.8. The mission requires thermal sensor data which failed to activate locally, and the UAV must land within 3 turns. URLLC slice offers latency 4ms, jitter 0.7ms, loss 0.02%, throughput 50Mbps, and edge load 0.4, but switching now may delay landing by 1 turn due to handover latency. mMTC slice has latency 50ms, jitter 10ms, loss 1.5%, throughput 1Mbps, edge load 0.9, and is unsuitable for landing control. Weather conditions remain icy with wind at 8m/s, and battery is at 100%. If edge load increases by 0.1 per turn under eMBB and latency degrades by 2ms per turn, while URLLC edge load increases by 0.05 per turn and latency remains stable, which option should be selected?",
      "options": {
        "A": "Switch to URLLC immediately to ensure low latency for landing, accepting 1 turn delay.",
        "B": "Stay on eMBB for 1 more turn to avoid handover delay, then switch to URLLC for landing.",
        "C": "Switch to mMTC to conserve edge resources, accepting high latency for landing.",
        "D": "Stay on eMBB for all remaining turns, relying on current throughput for sensor data."
      },
      "correct": "A",
      "reason": "Switching to URLLC immediately ensures latency remains under 5ms for landing control, which is critical for safety. Staying on eMBB risks latency exceeding 24ms by turn 10, violating landing SLA. mMTC is unusable due to throughput and latency. The 1-turn handover delay is acceptable because the worst-case latency under eMBB would exceed safe bounds before landing. URLLC’s stable latency and lower edge load margin justify the switch despite the delay.",
      "rationale_tag": "WORST_CASE_LATENCY_SAFETY",
      "difficulty": "very_hard"
    },
    {
      "task_id": "T13",
      "task_name": "Swarm-Level Slice Negotiation",
      "source_turn": 8,
      "question": "The UAV is currently operating under eMBB slice with latency 20ms, jitter 5ms, loss 0.5%, throughput 80Mbps, and edge load 0.8. Battery is at 100% but thermal sensor remains offline. The next two turns require either maintaining eMBB for high throughput or switching to URLLC for reliability, while edge load is projected to increase by 0.1 per turn if eMBB persists. URLLC offers 4ms latency, 0.7ms jitter, 0.02% loss, 50Mbps throughput, and 0.4 edge load but cannot support thermal data relay if requested again. Worst-case jitter under eMBB could reach 7ms next turn, exceeding SLA of 6ms. If thermal data is requested in turn 9, eMBB may fail with 30% probability due to congestion. Which option should be selected?",
      "options": {
        "A": "Stay on eMBB: throughput 80Mbps supports sensor fusion, edge load 0.8 is acceptable, and jitter is currently 5ms below SLA.",
        "B": "Switch to URLLC: latency 4ms and jitter 0.7ms guarantee SLA compliance, edge load drops to 0.4, and reliability is critical for landing prep.",
        "C": "Negotiate hybrid slice: allocate 60% URLLC for control and 40% eMBB for data, balancing throughput and latency with edge load 0.6.",
        "D": "Request swarm assistance: offload thermal data via peer-to-peer URLLC link, maintaining eMBB for primary control with edge load 0.85."
      },
      "correct": "B",
      "reason": "Switching to URLLC ensures latency and jitter remain within SLA even under worst-case jitter projection of 7ms. Edge load reduction to 0. 4 prevents violation in turn 9 when load increases by 0. 1. Although throughput drops to 50Mbps, landing trajectory planning does not require high bandwidth.",
      "rationale_tag": "WORST_CASE_SLICE_SAFETY",
      "difficulty": "very_hard"
    },
    {
      "task_id": "T21",
      "task_name": "Device-Network Task Offload Arbitration",
      "source_turn": 8,
      "question": "The UAV is currently at 60m altitude with 100% battery and must offload thermal image processing to maintain situational awareness. URLLC offers 4ms latency with 0.02% loss and 45Mbps throughput but edge load is 0.4. eMBB offers 20ms latency with 0.5% loss and 80Mbps throughput but edge load is 0.8. mMTC offers 50ms latency with 1.5% loss and 1Mbps throughput but edge load is 0.9. Given that wind speed is 8m/s and thermal sensor remains offline, and assuming edge load may increase by 0.1 per turn under icing conditions, which offload option minimizes maximum regret over the next two turns if thermal processing must complete within 50ms to avoid collision risk? Which option should be selected?",
      "options": {
        "A": "Offload via URLLC: latency 4ms, edge load 0.4, throughput 45Mbps — acceptable under current load but may exceed 0.5 next turn.",
        "B": "Offload via eMBB: latency 20ms, edge load 0.8, throughput 80Mbps — meets latency but edge load may hit 0.9 next turn, risking SLA violation.",
        "C": "Offload via mMTC: latency 50ms, edge load 0.9, throughput 1Mbps — meets latency bound but throughput may drop below required 2Mbps for thermal frame.",
        "D": "Delay offload until next turn: battery remains 100%, but thermal data must be processed within 50ms to avoid collision — risk of missed deadline if network degrades further."
      },
      "correct": "A",
      "reason": "URLLC maintains latency under 50ms with minimal jitter and loss, and edge load of 0. 4 leaves a 0. 1 margin before hitting 0. 5, which is safer than eMBB’s 0. 8 nearing 0.",
      "rationale_tag": "WORST_CASE_MARGIN_MINIMIZATION",
      "difficulty": "very_hard"
    },
    {
      "task_id": "T27",
      "task_name": "Agent Lifecycle & Management",
      "source_turn": 10,
      "question": "The UAV is currently executing a landing maneuver under URLLC slice with 3ms latency, 0.5ms jitter, 0.01% loss, 55Mbps throughput, and 0.3 edge load. Battery is at 100% but thermal sensor remains offline. Weather remains icing with 8m/s wind from 270°. Policy enforces altitude bounds [30,150]m. Historical data shows eMBB slice degrades to 20ms latency and 0.5% loss at turn 8, while mMTC slice peaks at 50ms latency and 1.5% loss at turn 4. If the UAV must remain airborne for one more turn due to unexpected airspace congestion, and edge load is projected to increase by 0.1 per turn under current slice, which lifecycle operation should be selected to minimize maximum regret over the next two turns while maintaining SLA compliance for control latency under 10ms and edge load under 0.9?",
      "options": {
        "A": "Migrate to eMBB slice immediately; current throughput 55Mbps exceeds minimum 50Mbps, and latency 3ms is under 10ms SLA.",
        "B": "Retire the agent and instantiate a new one with thermal sensor; new agent will inherit 100% battery and URLLC slice with 3ms latency.",
        "C": "Scale up edge resources by 20% to absorb projected load increase; current edge load 0.3 will rise to 0.5 next turn, still under 0.9 limit.",
        "D": "Remain on URLLC slice but defer landing; projected edge load 0.4 next turn and 0.5 in two turns, both under 0.9, and latency remains under 10ms."
      },
      "correct": "D",
      "reason": "Remaining on URLLC slice preserves sub-10ms latency and avoids migration overhead that could spike jitter. Projected edge load of 0. 5 in two turns remains under the 0. 9 limit, whereas scaling up resources incurs unnecessary cost and eMBB migration risks latency spikes to 20ms. Retiring and reinstantiating wastes battery and time without solving the thermal sensor issue.",
      "rationale_tag": "WORST_CASE_REGRET_MINIMIZATION",
      "difficulty": "very_hard"
    }
  ]
}