{
  "initial_state": {
    "domain": "uav",
    "time_s": 0.0,
    "env": {
      "weather": "good",
      "wind_mps": 8.0,
      "wind_dir_deg": 270.0
    },
    "airspace": {
      "alt_bounds": [
        10.0,
        120.0
      ],
      "geofence": [
        {
          "type": "polygon",
          "points": [
            [
              0,
              0
            ],
            [
              200,
              0
            ],
            [
              200,
              200
            ],
            [
              0,
              200
            ]
          ]
        }
      ]
    },
    "uav": {
      "pose": {
        "x": 10.0,
        "y": 10.0,
        "z": 20.0,
        "yaw": 90.0
      },
      "speed_mps": 15.0,
      "energy": {
        "battery_pct": 100.0
      },
      "sensors": {
        "rgb": "ok",
        "thermal": "ok",
        "lidar": "offline",
        "radar": "unknown",
        "gnss": "ok",
        "imu": "ok",
        "magnetometer": "ok",
        "barometer": "ok"
      },
      "payloads": []
    },
    "policy": {
      "alt_bounds": [
        10.0,
        120.0
      ]
    },
    "safety_flags": {
      "nfz_violation": false,
      "separation_breach": false
    }
  },
  "dialogue": [
    {
      "turn": 1,
      "speaker": "agent",
      "intent": "initiate inspection mission",
      "actions": [
        {
          "type": "mcp",
          "name": "read_telemetry",
          "args": {}
        },
        {
          "type": "a2a",
          "task": "request_swarm_status",
          "to": "uav_swarm_agent",
          "payload": {
            "uav_id": "uav-7",
            "mission_phase": "pre-inspection"
          }
        }
      ],
      "obs": [
        {
          "tool": "read_telemetry",
          "result": {
            "pose": {
              "x": 10.0,
              "y": 10.0,
              "z": 20.0
            },
            "battery_pct": 100.0,
            "speed_mps": 15.0
          }
        },
        {
          "task": "request_swarm_status",
          "from": "uav_swarm_agent",
          "status": "ok",
          "payload": {
            "swarm_in_position": true,
            "leader_uav": "uav-7"
          }
        }
      ],
      "net": {
        "slice": "eMBB",
        "lat_ms": 12,
        "jitter_ms": 2,
        "loss_pct": 0.1,
        "throughput_mbps": 850,
        "edge_load": 0.35
      }
    },
    {
      "turn": 2,
      "speaker": "user",
      "intent": "confirm mission start and check sensor status",
      "actions": [
        {
          "type": "mcp",
          "name": "get_sensor_status",
          "args": {}
        }
      ],
      "obs": [
        {
          "tool": "get_sensor_status",
          "result": {
            "rgb": "ok",
            "thermal": "ok",
            "lidar": "offline",
            "radar": "unknown"
          }
        }
      ],
      "net": {
        "slice": "eMBB",
        "lat_ms": 11,
        "jitter_ms": 1.8,
        "loss_pct": 0.05,
        "throughput_mbps": 900,
        "edge_load": 0.38
      }
    },
    {
      "turn": 3,
      "speaker": "agent",
      "intent": "diagnose lidar and request repair sub-agent",
      "actions": [
        {
          "type": "mcp",
          "name": "diagnose_sensor",
          "args": {
            "sensor": "lidar"
          }
        },
        {
          "type": "a2a",
          "task": "dispatch_maintenance_agent",
          "to": "uav_maintenance_agent",
          "payload": {
            "target_uav": "uav-7",
            "sensor": "lidar"
          }
        }
      ],
      "obs": [
        {
          "tool": "diagnose_sensor",
          "result": {
            "sensor": "lidar",
            "status": "faulty_connection",
            "recommendation": "reseat cable"
          }
        },
        {
          "task": "dispatch_maintenance_agent",
          "from": "uav_maintenance_agent",
          "status": "dispatched",
          "payload": {
            "eta_minutes": 5,
            "agent_id": "uav-maint-3"
          }
        }
      ],
      "net": {
        "slice": "URLLC",
        "lat_ms": 8,
        "jitter_ms": 1,
        "loss_pct": 0.02,
        "throughput_mbps": 100,
        "edge_load": 0.2
      }
    },
    {
      "turn": 4,
      "speaker": "user",
      "intent": "approve reroute to inspection point via safe path",
      "actions": [
        {
          "type": "mcp",
          "name": "compute_route",
          "args": {
            "start": [
              10.0,
              10.0
            ],
            "goal": [
              180.0,
              160.0
            ],
            "via": "safe_corridor"
          }
        }
      ],
      "obs": [
        {
          "tool": "compute_route",
          "result": {
            "path": [
              [
                10.0,
                10.0
              ],
              [
                50.0,
                50.0
              ],
              [
                100.0,
                120.0
              ],
              [
                180.0,
                160.0
              ]
            ],
            "distance_m": 245.6,
            "estimated_time_s": 18.2
          }
        }
      ],
      "net": {
        "slice": "eMBB",
        "lat_ms": 14,
        "jitter_ms": 3,
        "loss_pct": 0.2,
        "throughput_mbps": 780,
        "edge_load": 0.42
      }
    },
    {
      "turn": 5,
      "speaker": "agent",
      "intent": "execute flight to inspection point",
      "actions": [
        {
          "type": "mcp",
          "name": "fly_to_waypoint",
          "args": {
            "waypoint": [
              180.0,
              160.0,
              45.0
            ],
            "speed": 18.0
          }
        }
      ],
      "obs": [
        {
          "tool": "fly_to_waypoint",
          "result": {
            "status": "en_route",
            "current_pose": [
              120.0,
              130.0,
              45.0
            ],
            "battery_pct": 96.2,
            "time_elapsed_s": 12.4
          }
        }
      ],
      "net": {
        "slice": "eMBB",
        "lat_ms": 16,
        "jitter_ms": 4,
        "loss_pct": 0.5,
        "throughput_mbps": 600,
        "edge_load": 0.55
      }
    },
    {
      "turn": 6,
      "speaker": "user",
      "intent": "monitor telemetry under moderate network degradation",
      "actions": [
        {
          "type": "mcp",
          "name": "read_telemetry",
          "args": {}
        }
      ],
      "obs": [
        {
          "tool": "read_telemetry",
          "result": {
            "pose": {
              "x": 120.0,
              "y": 130.0,
              "z": 45.0
            },
            "battery_pct": 96.2,
            "speed_mps": 18.0
          }
        }
      ],
      "net": {
        "slice": "mMTC",
        "lat_ms": 45,
        "jitter_ms": 12,
        "loss_pct": 2.1,
        "throughput_mbps": 1.2,
        "edge_load": 0.78
      }
    },
    {
      "turn": 7,
      "speaker": "agent",
      "intent": "reduce data usage and switch to lightweight telemetry",
      "actions": [
        {
          "type": "mcp",
          "name": "set_telemetry_mode",
          "args": {
            "mode": "low_bandwidth"
          }
        },
        {
          "type": "a2a",
          "task": "report_delay",
          "to": "uav_swarm_agent",
          "payload": {
            "uav_id": "uav-7",
            "delay_minutes": 3,
            "reason": "network_congestion"
          }
        }
      ],
      "obs": [
        {
          "tool": "set_telemetry_mode",
          "result": {
            "mode": "low_bandwidth",
            "sensors_active": [
              "gnss",
              "imu"
            ]
          }
        },
        {
          "task": "report_delay",
          "from": "uav_swarm_agent",
          "status": "acknowledged",
          "payload": {
            "new_coordinated_time": 154.3
          }
        }
      ],
      "net": {
        "slice": "URLLC",
        "lat_ms": 9,
        "jitter_ms": 2,
        "loss_pct": 0.3,
        "throughput_mbps": 90,
        "edge_load": 0.4
      }
    },
    {
      "turn": 8,
      "speaker": "user",
      "intent": "confirm arrival and initiate inspection",
      "actions": [
        {
          "type": "mcp",
          "name": "activate_sensor",
          "args": {
            "sensor": "rgb"
          }
        },
        {
          "type": "mcp",
          "name": "capture_image",
          "args": {
            "target": "turbine_blade_3A",
            "resolution": "1080p"
          }
        }
      ],
      "obs": [
        {
          "tool": "activate_sensor",
          "result": {
            "sensor": "rgb",
            "status": "active"
          }
        },
        {
          "tool": "capture_image",
          "result": {
            "image_id": "img_7a3f9b",
            "target": "turbine_blade_3A",
            "defect_detected": true,
            "confidence": 0.94
          }
        }
      ],
      "net": {
        "slice": "eMBB",
        "lat_ms": 13,
        "jitter_ms": 2.1,
        "loss_pct": 0.1,
        "throughput_mbps": 820,
        "edge_load": 0.39
      }
    },
    {
      "turn": 9,
      "speaker": "agent",
      "intent": "analyze defect and plan close-up",
      "actions": [
        {
          "type": "mcp",
          "name": "analyze_image",
          "args": {
            "image_id": "img_7a3f9b"
          }
        },
        {
          "type": "mcp",
          "name": "fly_to_waypoint",
          "args": {
            "waypoint": [
              182.0,
              158.0,
              35.0
            ],
            "speed": 8.0
          }
        }
      ],
      "obs": [
        {
          "tool": "analyze_image",
          "result": {
            "defect_type": "crack",
            "length_mm": 42.3,
            "severity": "high"
          }
        },
        {
          "tool": "fly_to_waypoint",
          "result": {
            "status": "arrived",
            "pose": [
              182.0,
              158.0,
              35.0
            ],
            "battery_pct": 93.1
          }
        }
      ],
      "net": {
        "slice": "URLLC",
        "lat_ms": 7,
        "jitter_ms": 1.2,
        "loss_pct": 0.05,
        "throughput_mbps": 110,
        "edge_load": 0.3
      }
    },
    {
      "turn": 10,
      "speaker": "user",
      "intent": "request thermal scan for subsurface damage",
      "actions": [
        {
          "type": "mcp",
          "name": "activate_sensor",
          "args": {
            "sensor": "thermal"
          }
        },
        {
          "type": "mcp",
          "name": "capture_thermal",
          "args": {
            "target": "turbine_blade_3A",
            "integration_time_ms": 150
          }
        }
      ],
      "obs": [
        {
          "tool": "activate_sensor",
          "result": {
            "sensor": "thermal",
            "status": "active"
          }
        },
        {
          "tool": "capture_thermal",
          "result": {
            "thermal_id": "thm_8c4g0c",
            "anomaly_detected": true,
            "delta_temp_c": 3.7
          }
        }
      ],
      "net": {
        "slice": "eMBB",
        "lat_ms": 10,
        "jitter_ms": 1.5,
        "loss_pct": 0.08,
        "throughput_mbps": 880,
        "edge_load": 0.33
      }
    },
    {
      "turn": 11,
      "speaker": "agent",
      "intent": "transmit findings and return to base",
      "actions": [
        {
          "type": "a2a",
          "task": "send_inspection_report",
          "to": "inspection_analysis_agent",
          "payload": {
            "uav_id": "uav-7",
            "defects": [
              {
                "type": "crack",
                "severity": "high",
                "thermal_anomaly": true
              }
            ],
            "images": [
              "img_7a3f9b",
              "thm_8c4g0c"
            ]
          }
        },
        {
          "type": "mcp",
          "name": "return_to_base",
          "args": {}
        }
      ],
      "obs": [
        {
          "task": "send_inspection_report",
          "from": "inspection_analysis_agent",
          "status": "received",
          "payload": {
            "ack_id": "rep_9d5h1d"
          }
        },
        {
          "tool": "return_to_base",
          "result": {
            "status": "completed",
            "final_pose": [
              10.0,
              10.0,
              20.0
            ],
            "battery_pct": 88.4
          }
        }
      ],
      "net": {
        "slice": "URLLC",
        "lat_ms": 6,
        "jitter_ms": 0.9,
        "loss_pct": 0.01,
        "throughput_mbps": 120,
        "edge_load": 0.25
      }
    }
  ],
  "final_state": {
    "domain": "uav",
    "time_s": 210.0,
    "env": {
      "weather": "good",
      "wind_mps": 8.0,
      "wind_dir_deg": 270.0
    },
    "airspace": {
      "alt_bounds": [
        10.0,
        120.0
      ],
      "geofence": [
        {
          "type": "polygon",
          "points": [
            [
              0,
              0
            ],
            [
              200,
              0
            ],
            [
              200,
              200
            ],
            [
              0,
              200
            ]
          ]
        }
      ]
    },
    "uav": {
      "pose": {
        "x": 10.0,
        "y": 10.0,
        "z": 20.0,
        "yaw": 90.0
      },
      "speed_mps": 0.0,
      "energy": {
        "battery_pct": 88.4
      },
      "sensors": {
        "rgb": "ok",
        "thermal": "ok",
        "lidar": "offline",
        "radar": "unknown",
        "gnss": "ok",
        "imu": "ok",
        "magnetometer": "ok",
        "barometer": "ok"
      },
      "payloads": []
    },
    "policy": {
      "alt_bounds": [
        10.0,
        120.0
      ]
    },
    "safety_flags": {
      "nfz_violation": false,
      "separation_breach": false
    }
  },
  "success": true,
  "_meta": {
    "seed": 42,
    "ts": 1763858715,
    "ts_iso": "2025-11-23T00:45:15Z",
    "gen_time_s": 50.27603316307068,
    "attempts_used": 1,
    "generation_failed": false,
    "usage": {
      "prompt_tokens": 1044,
      "completion_tokens": 4060,
      "total_tokens": 5104,
      "cost": 0.00340904,
      "is_byok": false,
      "prompt_tokens_details": {
        "cached_tokens": 624,
        "audio_tokens": 0,
        "video_tokens": 0
      },
      "cost_details": {
        "upstream_inference_cost": null,
        "upstream_inference_prompt_cost": 0.00016104,
        "upstream_inference_completions_cost": 0.003248
      },
      "completion_tokens_details": {
        "reasoning_tokens": 0,
        "image_tokens": 0
      }
    }
  }
}