{
  "initial_state": {
    "domain": "uav",
    "time_s": 0.0,
    "env": {
      "weather": "thermal_updrafts",
      "wind_mps": 6.2,
      "wind_dir_deg": 145.0
    },
    "airspace": {
      "alt_bounds": [
        10.0,
        120.0
      ],
      "geofence": [
        {
          "type": "polygon",
          "points": [
            [
              0,
              0
            ],
            [
              400,
              0
            ],
            [
              400,
              300
            ],
            [
              0,
              300
            ]
          ]
        }
      ]
    },
    "uav": {
      "pose": {
        "x": 20.0,
        "y": 20.0,
        "z": 25.0,
        "yaw": 90.0
      },
      "speed_mps": 25.0,
      "energy": {
        "battery_pct": 100.0
      },
      "sensors": {
        "rgb": "ok",
        "thermal": "ok",
        "lidar": "ok",
        "radar": "offline",
        "gnss": "ok",
        "imu": "ok",
        "magnetometer": "ok",
        "barometer": "ok"
      },
      "payloads": []
    },
    "policy": {
      "alt_bounds": [
        10.0,
        120.0
      ]
    },
    "safety_flags": {
      "nfz_violation": false,
      "separation_breach": false
    }
  },
  "dialogue": [
    {
      "turn": 1,
      "speaker": "agent",
      "intent": "initiate_medical_delivery",
      "actions": [
        {
          "type": "mcp",
          "name": "read_telemetry",
          "args": {}
        },
        {
          "type": "mcp",
          "name": "plan_route",
          "args": {
            "destination": [
              380,
              280,
              40
            ],
            "obstacles": [
              "smoke_plume",
              "crane"
            ]
          }
        }
      ],
      "obs": [
        {
          "tool": "read_telemetry",
          "result": {
            "pose": {
              "x": 20.0,
              "y": 20.0,
              "z": 25.0
            },
            "battery_pct": 100.0,
            "speed_mps": 25.0
          }
        },
        {
          "tool": "plan_route",
          "result": {
            "waypoints": [
              [
                100,
                60,
                30
              ],
              [
                200,
                150,
                50
              ],
              [
                350,
                260,
                45
              ],
              [
                380,
                280,
                40
              ]
            ],
            "eta_s": 120
          }
        }
      ],
      "net": {
        "slice": "eMBB",
        "lat_ms": 12,
        "jitter_ms": 2,
        "loss_pct": 0.1,
        "throughput_mbps": 850,
        "edge_load": 0.3
      }
    },
    {
      "turn": 2,
      "speaker": "user",
      "intent": "confirm_route",
      "actions": [
        {
          "type": "mcp",
          "name": "visualize_route",
          "args": {
            "waypoints": [
              [
                100,
                60,
                30
              ],
              [
                200,
                150,
                50
              ],
              [
                350,
                260,
                45
              ],
              [
                380,
                280,
                40
              ]
            ]
          }
        }
      ],
      "obs": [
        {
          "tool": "visualize_route",
          "result": {
            "display": "2D_projection_with_obstacles",
            "status": "confirmed"
          }
        }
      ],
      "net": {
        "slice": "eMBB",
        "lat_ms": 14,
        "jitter_ms": 3,
        "loss_pct": 0.2,
        "throughput_mbps": 800,
        "edge_load": 0.35
      }
    },
    {
      "turn": 3,
      "speaker": "agent",
      "intent": "execute_waypoint_navigation",
      "actions": [
        {
          "type": "mcp",
          "name": "navigate_to",
          "args": {
            "waypoint": [
              100,
              60,
              30
            ]
          }
        }
      ],
      "obs": [
        {
          "tool": "navigate_to",
          "result": {
            "status": "in_progress",
            "current_waypoint": [
              100,
              60,
              30
            ],
            "distance_remaining_m": 89.4
          }
        }
      ],
      "net": {
        "slice": "URLLC",
        "lat_ms": 8,
        "jitter_ms": 1,
        "loss_pct": 0.05,
        "throughput_mbps": 120,
        "edge_load": 0.2
      }
    },
    {
      "turn": 4,
      "speaker": "user",
      "intent": "request_status_update",
      "actions": [
        {
          "type": "mcp",
          "name": "read_telemetry",
          "args": {}
        }
      ],
      "obs": [
        {
          "tool": "read_telemetry",
          "result": {
            "pose": {
              "x": 60.0,
              "y": 40.0,
              "z": 28.0
            },
            "battery_pct": 98.5,
            "speed_mps": 24.0
          }
        }
      ],
      "net": {
        "slice": "URLLC",
        "lat_ms": 9,
        "jitter_ms": 1.5,
        "loss_pct": 0.1,
        "throughput_mbps": 110,
        "edge_load": 0.25
      }
    },
    {
      "turn": 5,
      "speaker": "agent",
      "intent": "detect_anomaly",
      "actions": [
        {
          "type": "mcp",
          "name": "activate_sensor",
          "args": {
            "sensor": "thermal"
          }
        },
        {
          "type": "a2a",
          "task": "thermal_anomaly_report",
          "to": "uav_swarm_agent",
          "payload": {
            "location": [
              105,
              65
            ],
            "temp_delta": 12.4
          }
        }
      ],
      "obs": [
        {
          "tool": "activate_sensor",
          "result": {
            "sensor": "thermal",
            "status": "active"
          }
        },
        {
          "task": "thermal_anomaly_report",
          "from": "uav_swarm_agent",
          "status": "ok",
          "payload": {
            "anomaly_type": "hotspot",
            "risk_level": "medium"
          }
        }
      ],
      "net": {
        "slice": "mMTC",
        "lat_ms": 50,
        "jitter_ms": 10,
        "loss_pct": 1.5,
        "throughput_mbps": 1.2,
        "edge_load": 0.7
      }
    },
    {
      "turn": 6,
      "speaker": "user",
      "intent": "adjust_altitude_due_to_thermal",
      "actions": [
        {
          "type": "mcp",
          "name": "update_flight_plan",
          "args": {
            "waypoint": [
              100,
              60,
              30
            ],
            "z": 35.0
          }
        }
      ],
      "obs": [
        {
          "tool": "update_flight_plan",
          "result": {
            "waypoint": [
              100,
              60,
              35
            ],
            "status": "updated"
          }
        }
      ],
      "net": {
        "slice": "URLLC",
        "lat_ms": 7,
        "jitter_ms": 1,
        "loss_pct": 0.05,
        "throughput_mbps": 130,
        "edge_load": 0.18
      }
    },
    {
      "turn": 7,
      "speaker": "agent",
      "intent": "resume_navigation",
      "actions": [
        {
          "type": "mcp",
          "name": "navigate_to",
          "args": {
            "waypoint": [
              200,
              150,
              50
            ]
          }
        }
      ],
      "obs": [
        {
          "tool": "navigate_to",
          "result": {
            "status": "in_progress",
            "current_waypoint": [
              200,
              150,
              50
            ],
            "distance_remaining_m": 141.4
          }
        }
      ],
      "net": {
        "slice": "URLLC",
        "lat_ms": 10,
        "jitter_ms": 2,
        "loss_pct": 0.1,
        "throughput_mbps": 115,
        "edge_load": 0.22
      }
    },
    {
      "turn": 8,
      "speaker": "user",
      "intent": "monitor_battery_and_weather",
      "actions": [
        {
          "type": "mcp",
          "name": "read_telemetry",
          "args": {}
        }
      ],
      "obs": [
        {
          "tool": "read_telemetry",
          "result": {
            "pose": {
              "x": 150.0,
              "y": 100.0,
              "z": 48.0
            },
            "battery_pct": 95.0,
            "speed_mps": 23.5,
            "env": {
              "wind_mps": 7.1,
              "wind_dir_deg": 150.0
            }
          }
        }
      ],
      "net": {
        "slice": "eMBB",
        "lat_ms": 110,
        "jitter_ms": 25,
        "loss_pct": 5.0,
        "throughput_mbps": 200,
        "edge_load": 0.9
      }
    },
    {
      "turn": 9,
      "speaker": "agent",
      "intent": "adapt_to_network_degradation",
      "actions": [
        {
          "type": "mcp",
          "name": "reduce_sensor_frequency",
          "args": {
            "sensor": "rgb",
            "interval_ms": 1000
          }
        },
        {
          "type": "a2a",
          "task": "handover_monitoring",
          "to": "backup_uav",
          "payload": {
            "task": "telemetry_monitoring",
            "interval_s": 5
          }
        }
      ],
      "obs": [
        {
          "tool": "reduce_sensor_frequency",
          "result": {
            "sensor": "rgb",
            "interval_ms": 1000,
            "status": "adjusted"
          }
        },
        {
          "task": "handover_monitoring",
          "from": "backup_uav",
          "status": "accepted",
          "payload": {
            "task": "telemetry_monitoring",
            "interval_s": 5
          }
        }
      ],
      "net": {
        "slice": "mMTC",
        "lat_ms": 60,
        "jitter_ms": 15,
        "loss_pct": 4.0,
        "throughput_mbps": 0.8,
        "edge_load": 0.85
      }
    },
    {
      "turn": 10,
      "speaker": "user",
      "intent": "authorize_final_approach",
      "actions": [
        {
          "type": "mcp",
          "name": "check_safety_constraints",
          "args": {}
        }
      ],
      "obs": [
        {
          "tool": "check_safety_constraints",
          "result": {
            "geofence_compliant": true,
            "alt_within_bounds": true,
            "separation_ok": true,
            "clearance": "granted"
          }
        }
      ],
      "net": {
        "slice": "URLLC",
        "lat_ms": 6,
        "jitter_ms": 0.8,
        "loss_pct": 0.02,
        "throughput_mbps": 150,
        "edge_load": 0.15
      }
    },
    {
      "turn": 11,
      "speaker": "agent",
      "intent": "complete_delivery",
      "actions": [
        {
          "type": "mcp",
          "name": "navigate_to",
          "args": {
            "waypoint": [
              380,
              280,
              40
            ]
          }
        },
        {
          "type": "mcp",
          "name": "deploy_payload",
          "args": {
            "payload_id": "medical_kit_001"
          }
        }
      ],
      "obs": [
        {
          "tool": "navigate_to",
          "result": {
            "status": "reached",
            "waypoint": [
              380,
              280,
              40
            ]
          }
        },
        {
          "tool": "deploy_payload",
          "result": {
            "status": "success",
            "timestamp_s": 118.7
          }
        }
      ],
      "net": {
        "slice": "URLLC",
        "lat_ms": 9,
        "jitter_ms": 1.2,
        "loss_pct": 0.08,
        "throughput_mbps": 140,
        "edge_load": 0.2
      }
    }
  ],
  "final_state": {
    "domain": "uav",
    "time_s": 120.0,
    "env": {
      "weather": "thermal_updrafts",
      "wind_mps": 6.8,
      "wind_dir_deg": 148.0
    },
    "airspace": {
      "alt_bounds": [
        10.0,
        120.0
      ],
      "geofence": [
        {
          "type": "polygon",
          "points": [
            [
              0,
              0
            ],
            [
              400,
              0
            ],
            [
              400,
              300
            ],
            [
              0,
              300
            ]
          ]
        }
      ]
    },
    "uav": {
      "pose": {
        "x": 380.0,
        "y": 280.0,
        "z": 40.0,
        "yaw": 90.0
      },
      "speed_mps": 0.0,
      "energy": {
        "battery_pct": 92.0
      },
      "sensors": {
        "rgb": "ok",
        "thermal": "ok",
        "lidar": "ok",
        "radar": "offline",
        "gnss": "ok",
        "imu": "ok",
        "magnetometer": "ok",
        "barometer": "ok"
      },
      "payloads": []
    },
    "policy": {
      "alt_bounds": [
        10.0,
        120.0
      ]
    },
    "safety_flags": {
      "nfz_violation": false,
      "separation_breach": false
    }
  },
  "success": true,
  "_meta": {
    "seed": 42,
    "ts": 1763950892,
    "ts_iso": "2025-11-24T02:21:32Z",
    "gen_time_s": 44.50663113594055,
    "attempts_used": 1,
    "generation_failed": false,
    "usage": {
      "prompt_tokens": 1054,
      "completion_tokens": 3673,
      "total_tokens": 4727,
      "cost": 0.00310164,
      "is_byok": false,
      "prompt_tokens_details": {
        "cached_tokens": 624,
        "audio_tokens": 0,
        "video_tokens": 0
      },
      "cost_details": {
        "upstream_inference_cost": null,
        "upstream_inference_prompt_cost": 0.00016324,
        "upstream_inference_completions_cost": 0.0029384
      },
      "completion_tokens_details": {
        "reasoning_tokens": 0,
        "image_tokens": 0
      }
    }
  }
}