{
  "initial_state": {
    "domain": "uav",
    "time_s": 0.0,
    "env": {
      "weather": "lightning_risk,gusts,crosswind_strong",
      "wind_mps": 7.5,
      "wind_dir_deg": 240.0
    },
    "airspace": {
      "alt_bounds": [
        10.0,
        200.0
      ],
      "geofence": [
        {
          "type": "polygon",
          "points": [
            [
              0.0,
              0.0
            ],
            [
              1000.0,
              0.0
            ],
            [
              1000.0,
              800.0
            ],
            [
              0.0,
              800.0
            ]
          ]
        }
      ]
    },
    "uav": {
      "pose": {
        "x": 100.0,
        "y": 100.0,
        "z": 15.0,
        "yaw": 90.0
      },
      "speed_mps": 30.0,
      "energy": {
        "battery_pct": 100.0
      },
      "sensors": {
        "rgb": "ok",
        "thermal": "ok",
        "lidar": "offline",
        "radar": "offline",
        "gnss": "ok",
        "imu": "ok",
        "magnetometer": "ok",
        "barometer": "ok"
      },
      "payloads": [
        {
          "id": "thermal_search",
          "type": "thermal_camera_lwir",
          "category": "imaging_thermal",
          "mass_kg": 1.2,
          "power_W": 45.0,
          "drag_cdA": 0.01,
          "mount": "gimbal",
          "data": {
            "stream": "video",
            "bitrate_mbps": 4.0,
            "storage_GB": 64.0
          },
          "operating": {
            "fov_deg": 55.0,
            "range_m": 500.0,
            "resolution": "640x512@30",
            "wavelength": "LWIR"
          },
          "constraints": {
            "min_alt_m": 20.0,
            "max_alt_m": 120.0,
            "day_night": "both",
            "weather_ok": [
              "clear",
              "light_rain",
              "fog"
            ]
          }
        },
        {
          "id": "optical_imaging",
          "type": "gimbaled_camera",
          "category": "imaging_optical",
          "mass_kg": 0.8,
          "power_W": 30.0,
          "drag_cdA": 0.008,
          "mount": "gimbal",
          "data": {
            "stream": "video",
            "bitrate_mbps": 6.0,
            "storage_GB": 128.0
          },
          "operating": {
            "fov_deg": 70.0,
            "resolution": "1920x1080@60"
          },
          "constraints": {
            "min_alt_m": 15.0,
            "max_alt_m": 150.0,
            "day_night": "day"
          }
        }
      ]
    },
    "policy": {
      "alt_bounds": [
        10.0,
        200.0
      ]
    },
    "safety_flags": {
      "nfz_violation": false,
      "separation_breach": false
    }
  },
  "dialogue": [
    {
      "turn": 1,
      "speaker": "agent",
      "intent": "initiate_mission",
      "actions": [
        {
          "type": "mcp",
          "name": "read_telemetry",
          "args": {}
        }
      ],
      "obs": [
        {
          "tool": "read_telemetry",
          "result": {
            "pose": {
              "x": 100.0,
              "y": 100.0,
              "z": 15.0
            },
            "battery_pct": 100.0,
            "speed_mps": 30.0
          }
        }
      ],
      "net": {
        "slice": "URLLC",
        "lat_ms": 5,
        "jitter_ms": 1,
        "loss_pct": 0.01,
        "throughput_mbps": 50,
        "edge_load": 0.3
      }
    },
    {
      "turn": 2,
      "speaker": "user",
      "intent": "confirm_mission",
      "actions": [
        {
          "type": "mcp",
          "name": "set_waypoint",
          "args": {
            "x": 500.0,
            "y": 400.0,
            "z": 80.0
          }
        }
      ],
      "obs": [
        {
          "tool": "set_waypoint",
          "result": {
            "status": "accepted",
            "target": {
              "x": 500.0,
              "y": 400.0,
              "z": 80.0
            }
          }
        }
      ],
      "net": {
        "slice": "eMBB",
        "lat_ms": 12,
        "jitter_ms": 3,
        "loss_pct": 0.1,
        "throughput_mbps": 120,
        "edge_load": 0.5
      }
    },
    {
      "turn": 3,
      "speaker": "agent",
      "intent": "navigate_to_target",
      "actions": [
        {
          "type": "mcp",
          "name": "execute_trajectory",
          "args": {
            "waypoints": [
              {
                "x": 500.0,
                "y": 400.0,
                "z": 80.0
              }
            ],
            "speed": 25.0
          }
        }
      ],
      "obs": [
        {
          "tool": "execute_trajectory",
          "result": {
            "status": "in_progress",
            "eta_s": 22.4,
            "path_length_m": 560.0
          }
        }
      ],
      "net": {
        "slice": "URLLC",
        "lat_ms": 6,
        "jitter_ms": 1.2,
        "loss_pct": 0.02,
        "throughput_mbps": 45,
        "edge_load": 0.4
      }
    },
    {
      "turn": 4,
      "speaker": "user",
      "intent": "request_sensor_activation",
      "actions": [
        {
          "type": "mcp",
          "name": "activate_sensor",
          "args": {
            "sensor_id": "thermal_search"
          }
        }
      ],
      "obs": [
        {
          "tool": "activate_sensor",
          "result": {
            "sensor_id": "thermal_search",
            "status": "activated",
            "power_draw_W": 45.0
          }
        }
      ],
      "net": {
        "slice": "eMBB",
        "lat_ms": 15,
        "jitter_ms": 5,
        "loss_pct": 0.5,
        "throughput_mbps": 100,
        "edge_load": 0.7
      }
    },
    {
      "turn": 5,
      "speaker": "agent",
      "intent": "monitor_weather_risk",
      "actions": [
        {
          "type": "mcp",
          "name": "check_weather_alert",
          "args": {}
        }
      ],
      "obs": [
        {
          "tool": "check_weather_alert",
          "result": {
            "alert": "lightning_risk",
            "severity": "high",
            "advice": "avoid elevated structures, reduce altitude if possible"
          }
        }
      ],
      "net": {
        "slice": "URLLC",
        "lat_ms": 4,
        "jitter_ms": 0.8,
        "loss_pct": 0.01,
        "throughput_mbps": 55,
        "edge_load": 0.35
      }
    },
    {
      "turn": 6,
      "speaker": "user",
      "intent": "adjust_altitude_for_safety",
      "actions": [
        {
          "type": "mcp",
          "name": "adjust_altitude",
          "args": {
            "target_z": 60.0
          }
        }
      ],
      "obs": [
        {
          "tool": "adjust_altitude",
          "result": {
            "status": "executing",
            "from_z": 80.0,
            "to_z": 60.0
          }
        }
      ],
      "net": {
        "slice": "URLLC",
        "lat_ms": 5,
        "jitter_ms": 1.0,
        "loss_pct": 0.01,
        "throughput_mbps": 50,
        "edge_load": 0.3
      }
    },
    {
      "turn": 7,
      "speaker": "agent",
      "intent": "coordinate_swarm",
      "actions": [
        {
          "type": "a2a",
          "task": "collision_avoidance",
          "to": "uav_swarm_agent",
          "payload": {
            "current_pose": {
              "x": 480.0,
              "y": 390.0,
              "z": 65.0
            },
            "velocity": 25.0,
            "trajectory": "curved_approach"
          }
        }
      ],
      "obs": [
        {
          "task": "collision_avoidance",
          "from": "uav_swarm_agent",
          "status": "ok",
          "payload": {
            "clearance_m": 45.2,
            "risk_level": "low"
          }
        }
      ],
      "net": {
        "slice": "mMTC",
        "lat_ms": 20,
        "jitter_ms": 10,
        "loss_pct": 1.2,
        "throughput_mbps": 1.5,
        "edge_load": 0.85
      }
    },
    {
      "turn": 8,
      "speaker": "user",
      "intent": "request_data_stream",
      "actions": [
        {
          "type": "mcp",
          "name": "start_data_stream",
          "args": {
            "payload_id": "thermal_search",
            "destination": "ground_station_3"
          }
        }
      ],
      "obs": [
        {
          "tool": "start_data_stream",
          "result": {
            "status": "streaming",
            "bitrate_mbps": 4.0,
            "latency_s": 0.25
          }
        }
      ],
      "net": {
        "slice": "eMBB",
        "lat_ms": 18,
        "jitter_ms": 6,
        "loss_pct": 0.8,
        "throughput_mbps": 80,
        "edge_load": 0.9
      }
    },
    {
      "turn": 9,
      "speaker": "agent",
      "intent": "detect_anomaly",
      "actions": [
        {
          "type": "mcp",
          "name": "analyze_thermal_feed",
          "args": {
            "duration_s": 10
          }
        }
      ],
      "obs": [
        {
          "tool": "analyze_thermal_feed",
          "result": {
            "anomalies_found": 1,
            "location": {
              "x": 510.0,
              "y": 415.0,
              "z": 5.0
            },
            "confidence": 0.93
          }
        }
      ],
      "net": {
        "slice": "URLLC",
        "lat_ms": 7,
        "jitter_ms": 1.5,
        "loss_pct": 0.03,
        "throughput_mbps": 40,
        "edge_load": 0.45
      }
    },
    {
      "turn": 10,
      "speaker": "user",
      "intent": "confirm_target_and_prepare_landing",
      "actions": [
        {
          "type": "mcp",
          "name": "set_waypoint",
          "args": {
            "x": 100.0,
            "y": 100.0,
            "z": 15.0
          }
        }
      ],
      "obs": [
        {
          "tool": "set_waypoint",
          "result": {
            "status": "accepted",
            "target": {
              "x": 100.0,
              "y": 100.0,
              "z": 15.0
            }
          }
        }
      ],
      "net": {
        "slice": "URLLC",
        "lat_ms": 5,
        "jitter_ms": 1.1,
        "loss_pct": 0.02,
        "throughput_mbps": 48,
        "edge_load": 0.38
      }
    },
    {
      "turn": 11,
      "speaker": "agent",
      "intent": "return_and_land",
      "actions": [
        {
          "type": "mcp",
          "name": "execute_trajectory",
          "args": {
            "waypoints": [
              {
                "x": 100.0,
                "y": 100.0,
                "z": 15.0
              }
            ],
            "speed": 20.0
          }
        }
      ],
      "obs": [
        {
          "tool": "execute_trajectory",
          "result": {
            "status": "completed",
            "final_pose": {
              "x": 100.0,
              "y": 100.0,
              "z": 15.0
            },
            "battery_pct": 78.5
          }
        }
      ],
      "net": {
        "slice": "URLLC",
        "lat_ms": 6,
        "jitter_ms": 1.0,
        "loss_pct": 0.01,
        "throughput_mbps": 52,
        "edge_load": 0.32
      }
    }
  ],
  "final_state": {
    "domain": "uav",
    "time_s": 120.0,
    "env": {
      "weather": "lightning_risk,gusts,crosswind_strong",
      "wind_mps": 7.5,
      "wind_dir_deg": 240.0
    },
    "airspace": {
      "alt_bounds": [
        10.0,
        200.0
      ],
      "geofence": [
        {
          "type": "polygon",
          "points": [
            [
              0.0,
              0.0
            ],
            [
              1000.0,
              0.0
            ],
            [
              1000.0,
              800.0
            ],
            [
              0.0,
              800.0
            ]
          ]
        }
      ]
    },
    "uav": {
      "pose": {
        "x": 100.0,
        "y": 100.0,
        "z": 15.0,
        "yaw": 90.0
      },
      "speed_mps": 0.0,
      "energy": {
        "battery_pct": 78.5
      },
      "sensors": {
        "rgb": "ok",
        "thermal": "ok",
        "lidar": "offline",
        "radar": "offline",
        "gnss": "ok",
        "imu": "ok",
        "magnetometer": "ok",
        "barometer": "ok"
      },
      "payloads": [
        {
          "id": "thermal_search",
          "type": "thermal_camera_lwir",
          "category": "imaging_thermal",
          "mass_kg": 1.2,
          "power_W": 45.0,
          "drag_cdA": 0.01,
          "mount": "gimbal",
          "data": {
            "stream": "video",
            "bitrate_mbps": 4.0,
            "storage_GB": 64.0
          },
          "operating": {
            "fov_deg": 55.0,
            "range_m": 500.0,
            "resolution": "640x512@30",
            "wavelength": "LWIR"
          },
          "constraints": {
            "min_alt_m": 20.0,
            "max_alt_m": 120.0,
            "day_night": "both",
            "weather_ok": [
              "clear",
              "light_rain",
              "fog"
            ]
          }
        },
        {
          "id": "optical_imaging",
          "type": "gimbaled_camera",
          "category": "imaging_optical",
          "mass_kg": 0.8,
          "power_W": 30.0,
          "drag_cdA": 0.008,
          "mount": "gimbal",
          "data": {
            "stream": "video",
            "bitrate_mbps": 6.0,
            "storage_GB": 128.0
          },
          "operating": {
            "fov_deg": 70.0,
            "resolution": "1920x1080@60"
          },
          "constraints": {
            "min_alt_m": 15.0,
            "max_alt_m": 150.0,
            "day_night": "day"
          }
        }
      ]
    },
    "policy": {
      "alt_bounds": [
        10.0,
        200.0
      ]
    },
    "safety_flags": {
      "nfz_violation": false,
      "separation_breach": false
    }
  },
  "success": true,
  "_meta": {
    "seed": 42,
    "ts": 1763923891,
    "ts_iso": "2025-11-23T18:51:31Z",
    "gen_time_s": 167.81301474571228,
    "attempts_used": 3,
    "generation_failed": false,
    "usage": {
      "prompt_tokens": 1529,
      "completion_tokens": 4274,
      "total_tokens": 5803,
      "cost": 0.0035919,
      "is_byok": false,
      "prompt_tokens_details": {
        "cached_tokens": 1488,
        "audio_tokens": 0,
        "video_tokens": 0
      },
      "cost_details": {
        "upstream_inference_cost": null,
        "upstream_inference_prompt_cost": 0.0001727,
        "upstream_inference_completions_cost": 0.0034192
      },
      "completion_tokens_details": {
        "reasoning_tokens": 0,
        "image_tokens": 0
      }
    }
  }
}