{
  "episode_id": "6gb_prompt_348130948e0daccf",
  "questions": [
    {
      "task_id": "T7",
      "task_name": "Compute Placement Decision",
      "source_turn": 8,
      "question": "The UAV is currently operating under URLCC slice with 10ms latency, 1.3ms jitter, 0.08% loss, 100Mbps throughput, and 0.5 edge load after wind shear detection. Battery is at 87%, speed is 28m/s, and altitude is 95m. The mission requires inference on thermal data every 2 seconds with SLA latency bound of 15ms. Thermal sensor is offline but can be re-enabled with 3s delay and 12% battery drain per minute. Edge inference has 8ms latency but requires 150Mbps throughput. Onboard inference has 25ms latency but consumes 0.8W extra power. Network degradation trend shows 15% latency increase per turn under dust. If wind shear persists, edge load may rise to 0.7 next turn. Which option should be selected?",
      "options": {
        "A": "Enable thermal sensor and use edge inference, accepting 10ms latency now but risking 17ms next turn if edge load hits 0.7.",
        "B": "Use onboard inference with 25ms latency, accepting SLA violation now but avoiding future network risk and saving 12% battery per minute.",
        "C": "Disable thermal sensor entirely, using only RGB for inference at 5ms latency, preserving battery and avoiding SLA risk, but losing thermal data.",
        "D": "Switch to eMBB slice with 14ms latency and 800Mbps throughput, enabling edge inference now but risking 20ms latency next turn if dust worsens."
      },
      "correct": "B",
      "reason": "Onboard inference incurs immediate SLA violation at 25ms but avoids future network degradation risk. Edge inference under URLLC may exceed 15ms SLA next turn if edge load rises to 0. 7. Battery drain from thermal re-enablement is 12% per minute, which is unsustainable over multiple turns. eMBB slice has higher latency and throughput but is vulnerable to dust-induced degradation.",
      "rationale_tag": "WORST_CASE_REGRET_MINIMIZATION",
      "difficulty": "very_hard"
    },
    {
      "task_id": "T8",
      "task_name": "Graceful Degradation under Edge Overload",
      "source_turn": 7,
      "question": "At turn 7, edge load is 0.85 with latency at 52ms and packet loss at 3.4%, while the SLA mandates latency under 40ms and loss under 2.0%. The UAV is ascending at 32m/s with battery at 100% and thermal sensor already disabled. If edge load increases by 0.08 per turn under dust conditions, and wind shear may force reroute at turn 8 requiring 115Mbps throughput, then under worst-case latency growth of 7ms per turn, which option minimizes maximum regret over the next two turns? Option A: Maintain current autonomy with URLLC slice despite edge load exceeding 0.8. Option B: Switch to eMBB slice now to preserve throughput for reroute, accepting 14ms latency. Option C: Disable lidar sensor to reduce edge load by 0.05, keeping URLLC. Option D: Descend to 10m altitude to reduce wind shear risk, accepting 55ms latency and 4% loss.",
      "options": {
        "A": "Maintain current autonomy with URLLC slice despite edge load exceeding 0.8.",
        "B": "Switch to eMBB slice now to preserve throughput for reroute, accepting 14ms latency.",
        "C": "Disable lidar sensor to reduce edge load by 0.05, keeping URLLC.",
        "D": "Descend to 10m altitude to reduce wind shear risk, accepting 55ms latency and 4% loss."
      },
      "correct": "C",
      "reason": "Disabling lidar reduces edge load to 0. 80, which is still high but delays SLA violation by one turn under worst-case growth. URLLC maintains latency under 40ms for now and supports reroute throughput needs. Switching to eMBB risks latency spikes during reroute. Descending increases loss beyond SLA immediately.",
      "rationale_tag": "WORST_CASE_DELAYED_VIOLATION",
      "difficulty": "very_hard"
    },
    {
      "task_id": "T9",
      "task_name": "Trust-Aware Offloading",
      "source_turn": 7,
      "question": "At turn 7, the UAV is operating under mMTC slice with latency 52ms, jitter 15ms, loss 3.4%, throughput 0.9Mbps, and edge load 0.85, while battery is at 100% and thermal sensor is offline. The policy requires latency under 60ms and edge load under 0.9 for offloading trust. Wind shear is forecasted to persist for 2 more turns, potentially increasing jitter by 20% and loss by 1.5 percentage points. If the UAV attempts to offload thermal processing to edge despite current metrics, the worst-case latency could reach 65ms with 5.0% loss by turn 9. Alternatively, local processing incurs 80ms latency but avoids edge load risk. Which option should be selected?",
      "options": {
        "A": "Offload thermal processing to edge now; current latency 52ms is under 60ms SLA and edge load 0.85 is under 0.9 policy limit.",
        "B": "Delay offloading until turn 9; projected edge load will drop to 0.72 and latency to 40ms if wind shear subsides as modeled.",
        "C": "Process locally; worst-case offload latency 65ms exceeds SLA and edge load 0.85 is near violation threshold with no margin for jitter growth.",
        "D": "Switch to URLLC slice immediately; it offers 9ms latency and 0.07% loss, but throughput 115Mbps is insufficient for thermal data burst of 120Mbps."
      },
      "correct": "C",
      "reason": "The current edge load of 0. 85 leaves only 0. 05 margin before policy violation, and projected jitter increase could push latency to 65ms, exceeding the 60ms SLA. Local processing at 80ms is slower but avoids trust violation and future regret. URLLC cannot handle the 120Mbps thermal burst despite low latency.",
      "rationale_tag": "WORST_CASE_TRUST_VIOLATION",
      "difficulty": "very_hard"
    },
    {
      "task_id": "T10",
      "task_name": "SLA Violation Prediction",
      "source_turn": 7,
      "question": "At turn 7, the UAV is operating under mMTC slice with latency 52ms, jitter 15ms, loss 3.4%, throughput 0.9Mbps, and edge load 0.85. The SLA requires latency < 40ms, loss < 2%, and throughput > 1Mbps. Dust storm is worsening with wind increasing from 8.5 to 10.2 mps next turn. If the UAV continues current operations, latency may rise to 65ms, loss to 5.1%, and throughput may drop to 0.6Mbps. If it switches to URLLC, latency drops to 10ms but throughput caps at 130Mbps, which may not sustain sensor fusion. If it switches to eMBB, throughput rises to 850Mbps but latency jumps to 14ms and jitter to 2.1ms, risking control loop stability. If it disables two sensors, edge load drops to 0.65 but mission fidelity degrades. Which option should be selected to minimize maximum regret over the next two turns under worst-case weather degradation?",
      "options": {
        "A": "Continue on mMTC with current settings, accepting SLA violation risk for mission continuity.",
        "B": "Switch to URLLC slice to guarantee latency and jitter compliance, accepting throughput cap.",
        "C": "Switch to eMBB slice to maximize throughput, accepting higher latency and jitter.",
        "D": "Disable two sensors to reduce edge load to 0.65, accepting reduced sensor fidelity."
      },
      "correct": "B",
      "reason": "Switching to URLLC ensures latency remains under 40ms even under worst-case degradation, preserving control loop integrity. Though throughput is capped, it exceeds the minimum 1Mbps SLA requirement and supports critical telemetry. Continuing on mMTC risks exceeding latency and loss SLAs by turn 8. eMBB introduces jitter instability that could cause control failure. Disabling sensors reduces load but does not address latency or loss, which are already violating SLA.",
      "rationale_tag": "WORST_CASE_LATENCY_GUARANTEE",
      "difficulty": "very_hard"
    },
    {
      "task_id": "T16",
      "task_name": "Network-Exposed Compute Marketplace",
      "source_turn": 7,
      "question": "The UAV is operating under dust storm conditions with network slice degraded to mMTC, exhibiting latency of 52ms, jitter of 15ms, packet loss of 3.4%, throughput of 0.9Mbps, and edge load at 85%. The thermal sensor is offline, and the UAV has 100% battery. A third-party compute request arrives offering $120/hour for edge processing, requiring 0.5Mbps sustained throughput and latency under 30ms. The SLA penalty for exceeding 30ms latency is $80/hour. Historical data shows mMTC degrades further by 15% latency and 20% throughput per turn under sustained dust. If the UAV switches to URLLC next turn, latency drops to 10ms but edge load increases to 50% and throughput caps at 100Mbps. Which option should be selected?",
      "options": {
        "A": "Accept the request on mMTC with current metrics; projected latency next turn is 60ms, exceeding SLA by 30ms, incurring $80/hour penalty but earning $120/hour net profit.",
        "B": "Reject the request and switch to URLLC next turn; latency drops to 10ms, throughput exceeds requirement, but edge load rises to 50%, risking future overload if another request arrives.",
        "C": "Accept the request on mMTC but throttle sensor usage to reduce edge load to 75%; projected latency next turn is 55ms, still exceeding SLA, but reduces penalty risk by 10%.",
        "D": "Delay decision until turn 9; if network recovers to eMBB, accept with 800Mbps throughput and 14ms latency, but risk losing the $120/hour offer if recovery fails."
      },
      "correct": "B",
      "reason": "Option B avoids immediate SLA violation by switching to URLLC, which guarantees latency under 30ms and sufficient throughput. Although edge load increases to 50%, it remains under the 85% observed in mMTC and allows future flexibility. Option A incurs guaranteed penalty exceeding revenue. Option C still violates SLA under worst-case degradation. Option D risks losing revenue with no guarantee of recovery.",
      "rationale_tag": "WORST_CASE_REGRET_MINIMIZATION",
      "difficulty": "very_hard"
    },
    {
      "task_id": "T17",
      "task_name": "Network-Knowledge RAG Augmentation",
      "source_turn": 8,
      "question": "At turn 8, the UAV is experiencing wind shear with wind speed 8.5 m/s and direction 240 degrees, while network slice has switched to URLLC with latency 10 ms, jitter 1.3 ms, loss 0.08%, throughput 100 Mbps, and edge load 0.5. The mission requires telemetry augmentation for RAG to support collision avoidance, but the next turn may see edge load rise to 0.65 under worst-case wind-induced congestion. The policy allows maximum latency of 15 ms and minimum throughput of 80 Mbps for safety-critical RAG. Option A uses full telemetry including thermal (offline) and lidar, consuming 110 Mbps. Option B disables thermal and uses only RGB and GNSS, consuming 90 Mbps. Option C uses only GNSS and IMU, consuming 60 Mbps, with projected latency margin of 3 ms. Option D waits one turn for network recovery, risking 12 ms latency if edge load hits 0.7. Which option should be selected?",
      "options": {
        "A": "Use full telemetry including thermal and lidar, consuming 110 Mbps, assuming edge load stabilizes at 0.5.",
        "B": "Disable thermal and use RGB and GNSS only, consuming 90 Mbps, accepting 1 ms jitter increase.",
        "C": "Use only GNSS and IMU, consuming 60 Mbps, ensuring 3 ms latency margin under worst-case edge load.",
        "D": "Wait one turn for network recovery, risking 12 ms latency if edge load reaches 0.7, but preserving full sensor data."
      },
      "correct": "C",
      "reason": "Option C minimizes maximum regret by ensuring latency remains under 15 ms even if edge load rises to 0. 65. It consumes only 60 Mbps, well above the 80 Mbps minimum, leaving buffer for jitter spikes. Options A and B exceed throughput capacity under projected edge load, risking SLA violation. Option D risks latency exceeding 15 ms if congestion worsens, making it unsafe for RAG augmentation.",
      "rationale_tag": "WORST_CASE_LATENCY_MARGIN",
      "difficulty": "very_hard"
    },
    {
      "task_id": "T18",
      "task_name": "AI Agent Identity & Onboarding",
      "source_turn": 8,
      "question": "An AI agent operating in a dust storm with wind shear must re-authenticate its identity and re-register its digital representation under degraded network conditions. The agent’s current slice is URLLC with 10ms latency, 1.3ms jitter, 0.08% loss, and 100Mbps throughput, but edge load is 0.5 and may rise to 0.65 under worst-case wind shear persistence. The policy requires identity re-registration every 3 turns or after any sensor disablement; the last re-registration was at turn 3. The agent’s thermal sensor was disabled at turn 7, and the next mission-critical telemetry update is due at turn 11. Under worst-case assumptions, the agent must choose between: A) Re-register now via URLLC despite edge load risk, B) Delay re-registration until turn 11 using eMBB with 14ms latency and 0.41 edge load, C) Re-register via mMTC with 52ms latency and 0.85 edge load to preserve URLLC for collision avoidance, D) Re-register via URLLC but throttle telemetry to reduce edge load to 0.4. Which option should be selected?",
      "options": {
        "A": "Re-register now via URLLC despite edge load risk",
        "B": "Delay re-registration until turn 11 using eMBB with 14ms latency and 0.41 edge load",
        "C": "Re-register via mMTC with 52ms latency and 0.85 edge load to preserve URLLC for collision avoidance",
        "D": "Re-register via URLLC but throttle telemetry to reduce edge load to 0.4"
      },
      "correct": "D",
      "reason": "Re-registration is mandatory after sensor disablement at turn 7 and must occur before turn 11. Option A risks edge overload beyond 0. 65 under worst-case wind shear, violating policy. Option B delays re-registration past the 3-turn window, risking identity invalidation. Option C uses mMTC which exceeds latency SLA for identity validation.",
      "rationale_tag": "WORST_CASE_IDENTITY_REGRET",
      "difficulty": "very_hard"
    },
    {
      "task_id": "T22",
      "task_name": "Federated / Collaborative Learning Orchestration",
      "source_turn": 7,
      "question": "The UAV is operating under dust storm conditions with network slice degraded to mMTC, latency at 52ms, jitter at 15ms, packet loss at 3.4%, throughput at 0.9Mbps, and edge load at 0.85. The thermal sensor is offline, and battery is at 100%. A federated learning update requires 1.2Mbps throughput and must complete within 3 turns to avoid model staleness, with SLA allowing max 60ms latency. The next turn may see 10% further throughput degradation or 5ms latency improvement with 50% probability. Option A schedules update now using current mMTC slice. Option B waits 1 turn for potential recovery, risking model staleness if degradation continues. Option C switches to URLLC slice with 115Mbps throughput but 9ms latency and 0.48 edge load, which may spike to 0.65 under load. Option D defers update to eMBB slice next turn, which has 800Mbps throughput but 14ms latency and 0.41 edge load, but may not be available if wind shear persists. Which option should be selected?",
      "options": {
        "A": "Schedule federated update now on mMTC slice despite 0.9Mbps throughput and 52ms latency.",
        "B": "Wait one turn for potential network recovery, accepting 50% risk of 10% throughput drop.",
        "C": "Switch to URLLC slice with 115Mbps throughput and 9ms latency, accepting edge load risk up to 0.65.",
        "D": "Defer to eMBB slice next turn, assuming it will be available with 800Mbps throughput and 14ms latency."
      },
      "correct": "C",
      "reason": "Option C minimizes maximum regret by ensuring throughput exceeds requirement even under worst-case edge load. The URLLC slice guarantees latency under SLA and avoids model staleness risk. Waiting or using mMTC risks violating throughput and latency SLAs. eMBB is unreliable due to wind shear uncertainty. Only URLLC provides both margin and availability across turns.",
      "rationale_tag": "WORST_CASE_MARGIN_MINIMIZATION",
      "difficulty": "very_hard"
    },
    {
      "task_id": "T26",
      "task_name": "Trust-Aware Third-Party Agent Exposure",
      "source_turn": 7,
      "question": "At turn 7, the UAV is operating under mMTC slice with latency 52ms, jitter 15ms, packet loss 3.4%, throughput 0.9Mbps, and edge load 0.85, while wind speed is 8.5m/s from 240° and thermal sensor is offline. The swarm agent requests full telemetry access and path recomputation API for next 3 turns, citing safety. Regulatory policy allows exposure only if SLA latency < 40ms and edge load < 0.8. Historical data shows mMTC degrades further 15% per turn under dust. If exposure is granted, projected latency at turn 9 will exceed 60ms with 95% confidence. If denied, the UAV must reroute manually, increasing flight time by 12% and risking battery depletion below 20% by turn 10. Which option should be selected?",
      "options": {
        "A": "Grant full exposure: current latency 52ms is within 10% of SLA, and edge load 0.85 is recoverable if wind drops by turn 8.",
        "B": "Grant partial exposure: allow telemetry read only, block path recomputation API; reduces edge load by 0.15 and keeps latency under 55ms for next turn.",
        "C": "Deny all exposure: enforce manual reroute; accept 12% longer flight but preserve battery above 25% and avoid SLA breach risk.",
        "D": "Grant exposure with throttling: limit API calls to 1 per 5 seconds; projects edge load 0.79 at turn 8 but latency still exceeds 58ms with 80% probability."
      },
      "correct": "B",
      "reason": "Option B minimizes maximum regret by reducing edge load below 0. 8 and keeping latency under 55ms for the next turn, which is within the 15% degradation bound. It avoids the SLA breach risk of options A and D while preventing the battery depletion risk of option C. The partial exposure allows critical telemetry for situational awareness without triggering path recomputation that would overload the edge. Future regret is minimized because manual reroute in option C incurs higher flight time and battery risk, while options A and D violate SLA under worst-case degradation.",
      "rationale_tag": "WORST_CASE_REGRET_MINIMIZATION",
      "difficulty": "very_hard"
    },
    {
      "task_id": "T30",
      "task_name": "Network Security Detection & Response Automation",
      "source_turn": 7,
      "question": "At turn 7, the UAV is operating under mMTC slice with latency 52ms, jitter 15ms, packet loss 3.4%, throughput 0.9Mbps, and edge load 0.85. The thermal sensor is offline, and wind shear is forecasted for turn 8. The SLA requires latency < 20ms and loss < 1% for collision avoidance. If the network degrades further by 20% in latency and 50% in loss by turn 8, and edge load exceeds 0.9, which response minimizes maximum regret over turns 8–9? Option A: Switch to URLLC immediately despite 100Mbps throughput cap. Option B: Maintain mMTC and disable lidar to reduce load. Option C: Re-enable thermal sensor to improve situational awareness. Option D: Request manual override and delay reroute until turn 9.",
      "options": {
        "A": "Switch to URLLC immediately despite 100Mbps throughput cap.",
        "B": "Maintain mMTC and disable lidar to reduce load.",
        "C": "Re-enable thermal sensor to improve situational awareness.",
        "D": "Request manual override and delay reroute until turn 9."
      },
      "correct": "A",
      "reason": "Switching to URLLC at turn 7 ensures latency remains under 20ms even with 20% degradation, preserving collision avoidance SLA. Maintaining mMTC risks exceeding latency and loss thresholds by turn 8, causing mission failure. Re-enabling thermal sensor increases load without addressing network constraints. Delaying action until turn 9 allows degradation to violate SLA, incurring higher regret. URLLC’s throughput cap is acceptable since collision avoidance requires low latency, not high bandwidth.",
      "rationale_tag": "WORST_CASE_LATENCY_SLA",
      "difficulty": "very_hard"
    }
  ]
}