{
  "initial_state": {
    "domain": "uav",
    "time_s": 0.0,
    "env": {
      "weather": "icing",
      "wind_mps": 6.0,
      "wind_dir_deg": 240.0
    },
    "airspace": {
      "alt_bounds": [
        10.0,
        120.0
      ],
      "geofence": [
        {
          "type": "polygon",
          "points": [
            [
              0.0,
              0.0
            ],
            [
              400.0,
              0.0
            ],
            [
              400.0,
              300.0
            ],
            [
              0.0,
              300.0
            ]
          ]
        }
      ]
    },
    "uav": {
      "pose": {
        "x": 50.0,
        "y": 50.0,
        "z": 20.0,
        "yaw": 90.0
      },
      "speed_mps": 35.0,
      "energy": {
        "battery_pct": 100.0
      },
      "sensors": {
        "rgb": "ok",
        "thermal": "ok",
        "lidar": "ok",
        "radar": "offline",
        "gnss": "ok",
        "imu": "ok",
        "magnetometer": "ok",
        "barometer": "ok"
      },
      "payloads": []
    },
    "policy": {
      "alt_bounds": [
        10.0,
        120.0
      ]
    },
    "safety_flags": {
      "nfz_violation": false,
      "separation_breach": false
    }
  },
  "dialogue": [
    {
      "turn": 1,
      "speaker": "agent",
      "intent": "initiate inspection mission under icing conditions",
      "actions": [
        {
          "type": "mcp",
          "name": "read_telemetry",
          "args": {}
        }
      ],
      "obs": [
        {
          "tool": "read_telemetry",
          "result": {
            "pose": {
              "x": 50.0,
              "y": 50.0,
              "z": 20.0
            },
            "battery_pct": 100.0,
            "speed_mps": 35.0
          }
        }
      ],
      "net": {
        "slice": "URLLC",
        "lat_ms": 3,
        "jitter_ms": 0.8,
        "loss_pct": 0.01,
        "throughput_mbps": 50,
        "edge_load": 0.3
      }
    },
    {
      "turn": 2,
      "speaker": "user",
      "intent": "confirm mission start and request status",
      "actions": [
        {
          "type": "mcp",
          "name": "get_weather_status",
          "args": {}
        }
      ],
      "obs": [
        {
          "tool": "get_weather_status",
          "result": {
            "condition": "icing",
            "wind_mps": 6.0,
            "risk_level": "moderate"
          }
        }
      ],
      "net": {
        "slice": "eMBB",
        "lat_ms": 12,
        "jitter_ms": 2.1,
        "loss_pct": 0.02,
        "throughput_mbps": 120,
        "edge_load": 0.5
      }
    },
    {
      "turn": 3,
      "speaker": "agent",
      "intent": "adjust flight path for icing risk and initiate swarm coordination",
      "actions": [
        {
          "type": "a2a",
          "task": "collision_avoidance",
          "to": "uav_swarm_agent",
          "payload": {
            "current_pose": {
              "x": 50.0,
              "y": 50.0,
              "z": 20.0
            },
            "waypoints": [
              {
                "x": 100.0,
                "y": 100.0,
                "z": 30.0
              }
            ]
          }
        }
      ],
      "obs": [
        {
          "task": "collision_avoidance",
          "from": "uav_swarm_agent",
          "status": "ok",
          "payload": {
            "clearance": true,
            "recommended_alt": 30.0
          }
        }
      ],
      "net": {
        "slice": "URLLC",
        "lat_ms": 4,
        "jitter_ms": 1.0,
        "loss_pct": 0.01,
        "throughput_mbps": 45,
        "edge_load": 0.4
      }
    },
    {
      "turn": 4,
      "speaker": "user",
      "intent": "request high-res thermal imaging of powerline segment",
      "actions": [
        {
          "type": "mcp",
          "name": "activate_sensor",
          "args": {
            "sensor": "thermal",
            "mode": "high_res"
          }
        }
      ],
      "obs": [
        {
          "tool": "activate_sensor",
          "result": {
            "sensor": "thermal",
            "status": "active",
            "mode": "high_res",
            "power_draw_pct": 8.0
          }
        }
      ],
      "net": {
        "slice": "eMBB",
        "lat_ms": 15,
        "jitter_ms": 3.0,
        "loss_pct": 0.05,
        "throughput_mbps": 100,
        "edge_load": 0.7
      }
    },
    {
      "turn": 5,
      "speaker": "agent",
      "intent": "detect network degradation and switch to efficient telemetry",
      "actions": [
        {
          "type": "mcp",
          "name": "read_telemetry",
          "args": {}
        }
      ],
      "obs": [
        {
          "tool": "read_telemetry",
          "result": {
            "pose": {
              "x": 100.0,
              "y": 100.0,
              "z": 30.0
            },
            "battery_pct": 92.0,
            "speed_mps": 30.0
          }
        }
      ],
      "net": {
        "slice": "mMTC",
        "lat_ms": 25,
        "jitter_ms": 10.0,
        "loss_pct": 1.2,
        "throughput_mbps": 1.5,
        "edge_load": 0.9
      }
    },
    {
      "turn": 6,
      "speaker": "user",
      "intent": "instruct UAV to return to base due to weather escalation",
      "actions": [
        {
          "type": "mcp",
          "name": "set_return_to_base",
          "args": {
            "emergency": false
          }
        }
      ],
      "obs": [
        {
          "tool": "set_return_to_base",
          "result": {
            "status": "acknowledged",
            "estimated_return_time_s": 180,
            "waypoints": [
              {
                "x": 25.0,
                "y": 25.0,
                "z": 15.0
              }
            ]
          }
        }
      ],
      "net": {
        "slice": "URLLC",
        "lat_ms": 5,
        "jitter_ms": 1.2,
        "loss_pct": 0.03,
        "throughput_mbps": 55,
        "edge_load": 0.6
      }
    },
    {
      "turn": 7,
      "speaker": "agent",
      "intent": "coordinate safe descent with swarm under improved link",
      "actions": [
        {
          "type": "a2a",
          "task": "formation_landing",
          "to": "uav_swarm_agent",
          "payload": {
            "landing_zone": {
              "x": 25.0,
              "y": 25.0
            },
            "priority": "high"
          }
        }
      ],
      "obs": [
        {
          "task": "formation_landing",
          "from": "uav_swarm_agent",
          "status": "confirmed",
          "payload": {
            "sequence": "uav_03_first",
            "timing_offset_s": 5.0
          }
        }
      ],
      "net": {
        "slice": "URLLC",
        "lat_ms": 3.5,
        "jitter_ms": 0.9,
        "loss_pct": 0.01,
        "throughput_mbps": 60,
        "edge_load": 0.4
      }
    },
    {
      "turn": 8,
      "speaker": "user",
      "intent": "verify geofence compliance and battery level",
      "actions": [
        {
          "type": "mcp",
          "name": "check_geofence_status",
          "args": {}
        },
        {
          "type": "mcp",
          "name": "read_battery_level",
          "args": {}
        }
      ],
      "obs": [
        {
          "tool": "check_geofence_status",
          "result": {
            "inside": true,
            "violation": false
          }
        },
        {
          "tool": "read_battery_level",
          "result": {
            "battery_pct": 85.0,
            "est_remaining_s": 320
          }
        }
      ],
      "net": {
        "slice": "URLLC",
        "lat_ms": 4,
        "jitter_ms": 1.1,
        "loss_pct": 0.02,
        "throughput_mbps": 50,
        "edge_load": 0.5
      }
    },
    {
      "turn": 9,
      "speaker": "agent",
      "intent": "execute landing sequence with sensor shutdown",
      "actions": [
        {
          "type": "mcp",
          "name": "land_uav",
          "args": {
            "auto_shutdown": true
          }
        }
      ],
      "obs": [
        {
          "tool": "land_uav",
          "result": {
            "status": "completed",
            "final_pose": {
              "x": 25.0,
              "y": 25.0,
              "z": 0.0
            },
            "shutdown": true
          }
        }
      ],
      "net": {
        "slice": "URLLC",
        "lat_ms": 3.8,
        "jitter_ms": 0.7,
        "loss_pct": 0.01,
        "throughput_mbps": 58,
        "edge_load": 0.3
      }
    },
    {
      "turn": 10,
      "speaker": "user",
      "intent": "request mission summary and data offload",
      "actions": [
        {
          "type": "mcp",
          "name": "generate_mission_report",
          "args": {
            "include_telemetry": true
          }
        }
      ],
      "obs": [
        {
          "tool": "generate_mission_report",
          "result": {
            "status": "ready",
            "data_size_mb": 245.6,
            "offload_required": true
          }
        }
      ],
      "net": {
        "slice": "eMBB",
        "lat_ms": 10,
        "jitter_ms": 2.0,
        "loss_pct": 0.01,
        "throughput_mbps": 150,
        "edge_load": 0.6
      }
    }
  ],
  "final_state": {
    "domain": "uav",
    "time_s": 360.0,
    "env": {
      "weather": "icing",
      "wind_mps": 6.0,
      "wind_dir_deg": 240.0
    },
    "airspace": {
      "alt_bounds": [
        10.0,
        120.0
      ],
      "geofence": [
        {
          "type": "polygon",
          "points": [
            [
              0.0,
              0.0
            ],
            [
              400.0,
              0.0
            ],
            [
              400.0,
              300.0
            ],
            [
              0.0,
              300.0
            ]
          ]
        }
      ]
    },
    "uav": {
      "pose": {
        "x": 25.0,
        "y": 25.0,
        "z": 0.0,
        "yaw": 90.0
      },
      "speed_mps": 0.0,
      "energy": {
        "battery_pct": 85.0
      },
      "sensors": {
        "rgb": "standby",
        "thermal": "standby",
        "lidar": "standby",
        "radar": "offline",
        "gnss": "ok",
        "imu": "ok",
        "magnetometer": "ok",
        "barometer": "ok"
      },
      "payloads": []
    },
    "policy": {
      "alt_bounds": [
        10.0,
        120.0
      ]
    },
    "safety_flags": {
      "nfz_violation": false,
      "separation_breach": false
    }
  },
  "success": true,
  "_meta": {
    "seed": 42,
    "ts": 1764048362,
    "ts_iso": "2025-11-25T05:26:02Z",
    "gen_time_s": 44.883668661117554,
    "attempts_used": 1,
    "generation_failed": false,
    "usage": {
      "prompt_tokens": 1055,
      "completion_tokens": 3156,
      "total_tokens": 4211,
      "cost": 0.0026865,
      "is_byok": false,
      "prompt_tokens_details": {
        "cached_tokens": 640,
        "audio_tokens": 0,
        "video_tokens": 0
      },
      "cost_details": {
        "upstream_inference_cost": null,
        "upstream_inference_prompt_cost": 0.0001617,
        "upstream_inference_completions_cost": 0.0025248
      },
      "completion_tokens_details": {
        "reasoning_tokens": 0,
        "image_tokens": 0
      }
    }
  }
}