{
  "episode_id": "6gb_prompt_0aba5454a836f026",
  "questions": [
    {
      "task_id": "T1",
      "task_name": "Intent Feasibility Assessment",
      "source_turn": 8,
      "question": "At turn 8 the operator requests a high resolution image while the mission is inside the geofence from x 0 to 80 and y 0 to 400 and altitude bounds from 5 to 60. The UAV is flying at 18.0 mps with battery at 100.0 pct and is already en route after sensor reductions at turn 7. The active network slice at turn 8 is mMTC with latency 140 ms jitter 35 ms loss 1.8 pct throughput 0.9 Mbps and edge load 0.81. In the prior two turns the same slice degraded from latency 120 to 130 to 140 ms and edge load rose from 0.68 to 0.75 to 0.81. Earlier URLLC operation showed latency between 6.8 and 9 ms with edge load between 0.4 and 0.52. The intent under assessment is to immediately fulfill the high resolution image request without aborting the mission. If the degradation persists for one more turn the UAV must still respect altitude bounds and geofence while avoiding control instability. One option is to keep mMTC and attempt the capture now based on current feasibility. Another option is to defer capture until after switching slices or adjusting mission parameters. Considering worst case behavior within the given bounds and the next two turns of network evolution which option should be selected?",
      "options": {
        "A": "Proceed immediately on mMTC at 140 ms latency and 0.9 Mbps since the geofence and altitude bounds 5 to 60 are currently respected.",
        "B": "Abort the image request entirely to avoid any risk because edge load is already 0.81 and loss is 1.8 pct.",
        "C": "Switch back to URLLC as in turn 9 with latency near 7 ms and edge load near 0.47 and then capture the image.",
        "D": "Delay the capture for one turn while navigating at 18.0 mps and reassess if mMTC latency stops increasing from 140 ms."
      },
      "correct": "C",
      "reason": "The mMTC trend shows rising latency and edge load which makes worst case control instability more likely in the next turn. URLLC previously demonstrated an order of magnitude lower latency and lower edge load which reduces future regret even if capture is delayed by a switch. Aborting wastes mission value while immediate capture on mMTC only looks acceptable in a single turn view. Switching slices minimizes maximum regret over the next two turns while keeping within altitude and geofence limits.",
      "rationale_tag": "MINIMAX_REGRET_UNDER_DEGRADATION",
      "difficulty": "very_hard"
    },
    {
      "task_id": "T3",
      "task_name": "Intent Drift Detection",
      "source_turn": 8,
      "question": "At turn 8 the operator requests a high resolution image while the mission was initiated as an inspection under constrained conditions. Network telemetry shows mMTC latency of 140 ms, jitter of 35 ms, loss of 1.8 percent, throughput of 0.9 Mbps, and edge load of 0.81 at this turn. Earlier inspection turns used eMBB and URLLC with latencies between 6.8 and 12 ms and edge load below 0.52. The UAV is still within altitude bounds of 5 to 60 meters and battery is at 100 percent so platform stress is low. If the current request is honored, projected edge load is expected to rise again next turn as seen from the trend from 0.68 to 0.75 to 0.81. Policy intent for inspection prioritizes timely navigation updates over payload data during degraded links. Under worst case reasoning the network could remain on mMTC for two more turns before recovery. A subtle intent drift would be indicated if actions favor data capture despite violating inspection priorities under these conditions. Some options appear safe now but create future regret if degradation persists. Considering margins to prior latency performance and multi turn impact, which option should be selected?",
      "options": {
        "A": "Treat the request as consistent with inspection because battery is 100 percent and altitude remains within 5 to 60 meters despite 140 ms latency.",
        "B": "Flag intent drift because high resolution capture at 0.9 Mbps and 1.8 percent loss conflicts with prior sub 12 ms control focused behavior if sustained for two turns.",
        "C": "Defer judgment since URLLC was successfully used at 7 ms latency in turn 9 and may recover immediately.",
        "D": "Ignore intent drift because edge load of 0.81 is below full saturation and jitter of 35 ms is tolerable for imaging."
      },
      "correct": "B",
      "reason": "The request shifts priority from control to data during the worst observed network conditions. Latency and loss are an order of magnitude worse than earlier inspection turns and projected edge load continues rising. Under the worst case of two more mMTC turns, this creates compounding delay risk while offering little inspection value. Option B minimizes future regret by detecting drift early rather than assuming recovery.",
      "rationale_tag": "INTENT_SHIFT_UNDER_CONSTRAINT",
      "difficulty": "very_hard"
    },
    {
      "task_id": "T11",
      "task_name": "Preemptive Autonomy Downgrade",
      "source_turn": 8,
      "question": "At turn 8 the UAV is operating in dust with wind at 8.0 mps and is within altitude bounds of 5.0 to 60.0 at z 15.0 while traveling at 18.0 mps. The network slice is mMTC with latency 140 ms, jitter 35 ms, loss 1.8 percent, throughput 0.9 Mbps, and edge load 0.81. In the prior turn edge load was 0.75 with latency 130 ms and jitter 30 ms, showing a rising trend across turns. Battery remains at 100.0 percent so endurance is not the immediate constraint. The user has requested a high resolution image that is queued and would consume bandwidth. If degradation persists for one to two more turns, worst case latency would stay near the observed maximum rather than recovering to URLLC levels. The geofence spans 0 to 80 in x and 0 to 400 in y, so a navigation error under delayed control could push toward a boundary during continued motion. A preemptive downgrade should minimize maximum regret if the network does not recover by turn 10. One option keeps current autonomy and fulfills the image request using 0.9 Mbps throughput. Another option switches back to URLLC immediately with edge load previously observed at 0.47 but risks oscillation. A third option pauses forward motion and disables noncritical sensors to wait out one turn. A fourth option continues navigation but reduces speed while keeping sensors active. Which option should be selected?",
      "options": {
        "A": "Continue current autonomy on mMTC, transmit the queued high resolution image at 0.9 Mbps, and maintain speed at 18.0 mps despite 140 ms latency.",
        "B": "Immediately switch to URLLC as seen earlier with 7 ms latency and 0.47 edge load and resume full sensing and motion without pause.",
        "C": "Pause forward navigation for one turn, deactivate noncritical sensors, and hold position at z 15.0 within the 5.0 to 60.0 bounds while monitoring whether edge load drops from 0.81.",
        "D": "Keep navigating inside the geofence but reduce speed from 18.0 mps while continuing sensor operation under 1.8 percent loss and 35 ms jitter."
      },
      "correct": "C",
      "reason": "The rising edge load from 0. 75 to 0. 81 and worst case latency near 140 ms imply control delay risk over the next turns. Pausing motion removes geofence regret while conserving bandwidth by disabling sensors. This choice remains safe if degradation persists and avoids dependence on immediate URLLC recovery.",
      "rationale_tag": "MINIMAX_REGRET",
      "difficulty": "very_hard"
    },
    {
      "task_id": "T17",
      "task_name": "Network-Knowledge RAG Augmentation",
      "source_turn": 8,
      "question": "At turn 8 the operator considers how to augment a RAG prompt while the network is degraded. Recent telemetry shows mMTC latency between 120 and 140 ms with jitter between 25 and 35 ms and loss between 1.2 and 1.8 pct. Throughput during this window fell from 1.5 to 0.9 Mbps while edge load rose from 0.68 to 0.81. The UAV is at altitude 15 within the 5 to 60 policy bounds moving at 18 mps with battery at 100 pct. Earlier URLLC turns showed latency near 7 to 9 ms with throughput 105 to 135 Mbps and edge load 0.4 to 0.52. The augmentation choice must hold if degradation persists for the next two turns or if recovery is delayed. Including richer context improves answer quality but risks delaying control messages and violating future margins under worst case latency. Exposing too little context increases regret if the next turn returns to URLLC capacity. Assume no sensor failures change and that altitude policy must be continuously satisfied. Which augmentation option should be selected?",
      "options": {
        "A": "Attach full resolution RGB and thermal frames plus raw lidar while staying on mMTC at 0.9 Mbps to maximize context now despite 140 ms latency.",
        "B": "Attach only current position and altitude 15 within the 5 to 60 bounds and suppress all network metrics to minimize load under 120 to 140 ms latency.",
        "C": "Attach compact numeric summaries of latency 120 to 140 ms jitter 25 to 35 ms loss 1.2 to 1.8 pct edge load 0.68 to 0.81 and last known URLLC stats while excluding images.",
        "D": "Switch immediately to URLLC and attach all recent telemetry and images assuming 7 to 9 ms latency and 105 to 135 Mbps persist."
      },
      "correct": "C",
      "reason": "Option C minimizes worst case delay because summaries fit within sub 1 Mbps even at 140 ms latency while preserving multi turn network context. It reduces maximum regret if degradation lasts two more turns because control traffic is not crowded at edge load 0. 81. It also limits regret if recovery occurs because URLLC history is still available without retransmitting images. Other options either fail under worst case mMTC limits or assume URLLC stability that may not hold.",
      "rationale_tag": "MINIMAX_REGRET_UNDER_LATENCY_UNCERTAINTY",
      "difficulty": "very_hard"
    },
    {
      "task_id": "T20",
      "task_name": "Agent-to-Agent Communication Management",
      "source_turn": 9,
      "question": "At turn 9 the agent has just switched back to URLLC for agent-to-agent control traffic while returning toward base. Across turns 5 to 11, URLLC latency values observed were 7, 7.2, 7.5, 8, and 9 ms, while mMTC latency values reached 120, 130, and 140 ms. Edge load has fluctuated from 0.35 on eMBB to 0.81 on mMTC and then down to 0.47 and 0.44 on URLLC, but previously spiked to 0.52 on URLLC during collision avoidance. Loss on URLLC has ranged from 0.0 to 0.03 percent, while mMTC loss ranged from 1.2 to 1.8 percent. Throughput on URLLC has stayed between 105 and 135 Mbps, whereas mMTC fell as low as 0.9 Mbps. The next two turns may require additional agent-to-agent coordination similar to turn 5 if dust or wind at 8.0 mps causes another avoidance event. Assume worst case that URLLC latency returns to its prior maximum and edge load rebounds to its prior peak, and that mMTC remains degraded at its last observed state. The UAV remains within policy altitude bounds of 5 to 60 m and has sufficient battery, so the decision is dominated by communication regret over the next two turns. Each routing option below trades current stability against future congestion risk and coordination delay. Which option should be selected?",
      "options": {
        "A": "Keep all agent-to-agent traffic on URLLC with no rate limiting, accepting possible edge load return to 0.52 and latency up to 9 ms.",
        "B": "Immediately move agent-to-agent traffic to mMTC since it is already in use elsewhere, tolerating 140 ms latency and 1.8 percent loss to preserve URLLC capacity.",
        "C": "Split agent-to-agent traffic so control stays on URLLC while noncritical coordination is deferred, capping URLLC usage to stay below the earlier 0.47 edge load.",
        "D": "Switch agent-to-agent traffic back to eMBB because it previously showed 11 to 12 ms latency and edge load as low as 0.32."
      },
      "correct": "C",
      "reason": "Option C minimizes worst case regret by keeping critical coordination within the 7 to 9 ms URLLC latency band while reducing the chance that edge load rebounds to the earlier 0. 52 level. Under worst case uncertainty, mMTC would still impose more than 120 ms latency and over 1 percent loss for two turns, making option B fail despite freeing capacity. Option A risks repeating the turn 5 congestion pattern if avoidance recurs, which could compound over two turns. Option D looks acceptable on a single turn but cannot guarantee eMBB availability or low loss during another spike, creating higher future regret.",
      "rationale_tag": "MINIMAX_REGRET_UNDER_WORST_CASE",
      "difficulty": "very_hard"
    },
    {
      "task_id": "T23",
      "task_name": "Network-Assisted Digital Twin Control",
      "source_turn": 8,
      "question": "At turn 8 the digital twin is lagging because the network slice is mMTC while the UAV is still inside the geofence with altitude constrained between 5.0 and 60.0 meters. The current telemetry shows latency 140 ms, jitter 35 ms, loss 1.8 percent, throughput 0.9 Mbps, and edge load 0.81. In the last two turns before this, mMTC latency increased from 120 ms to 130 ms and now to 140 ms while edge load rose from 0.68 to 0.75 and now to 0.81. Earlier URLLC operation showed latency between 7 and 9 ms, jitter between 1.0 and 1.5 ms, throughput between 105 and 135 Mbps, and edge load between 0.41 and 0.52. The operator requests a high resolution image which is queued, but obstacle avoidance and geofence checks may be needed again within the next two turns. Wind is 8.0 mps with dust, increasing sensing uncertainty if telemetry is delayed. Battery is still at 100 percent so energy is not the binding constraint. If degradation persists for one more turn, queued data may block control updates on mMTC. The network must choose a supply strategy that minimizes worst case regret over the next two turns rather than optimizing this instant. Considering worst case jitter and edge load trends, which option should be selected?",
      "options": {
        "A": "Keep mMTC and allow the queued high resolution image to transmit at 0.9 Mbps while accepting 140 ms latency and 0.81 edge load this turn.",
        "B": "Immediately switch all traffic to URLLC, sending both control and high resolution imagery at around 110 to 130 Mbps with edge load near 0.5.",
        "C": "Switch to URLLC for control and telemetry only and defer the high resolution image until after geofence verification, accepting URLLC throughput limits.",
        "D": "Remain on mMTC for one more turn expecting recovery since earlier degradation steps were only 10 ms per turn and edge load is below 1.0."
      },
      "correct": "C",
      "reason": "Option C balances low latency control with bounded edge load while avoiding saturating URLLC with imagery. Under worst case persistence of mMTC degradation, control latency would continue to rise, which C avoids. Full URLLC use risks future edge load increases that could raise latency in the next turn. Deferring imagery reduces regret if obstacle avoidance or geofence checks recur.",
      "rationale_tag": "MINIMAX_REGRET_UNDER_NETWORK_UNCERTAINTY",
      "difficulty": "very_hard"
    },
    {
      "task_id": "T24",
      "task_name": "Sensing-Enhanced Decisioning (ISAC)",
      "source_turn": 8,
      "question": "At turn 8 the operator requests high resolution sensing while the network is on mMTC with latency 140 ms jitter between 25 and 35 ms loss between 1.2 and 1.8 percent throughput 0.9 Mbps and edge load 0.81. The UAV has RGB thermal and lidar available while radar is offline and speed is 18 mps at altitude 15 m. Earlier URLLC turns showed latency between 6.8 and 9 ms jitter near 1 ms throughput between 105 and 135 Mbps and edge load between 0.41 and 0.52. Dusty weather and wind at 8.0 mps increase perception noise so fusion choice matters. Assume the next two turns may remain on mMTC before a possible URLLC switch as seen in turn 9. The perception task needs timely obstacle and hotspot awareness rather than full imagery. If high bandwidth streams are queued they risk compounding latency over two turns given edge load trends. If low rate fused features are used they may miss fine detail but stabilize control. You must choose a sensing stream and fusion strategy now that minimizes worst case regret over the next two turns under the observed jitter and loss ranges. Which option should be selected?",
      "options": {
        "A": "Transmit raw high resolution RGB plus thermal over mMTC at 0.9 Mbps accepting 140 ms latency to maximize detail this turn.",
        "B": "Queue lidar point clouds for transmission assuming a URLLC switch next turn since prior URLLC throughput reached 135 Mbps.",
        "C": "Fuse onboard lidar and thermal into low rate obstacle and hotspot features and transmit features only over mMTC while deferring raw data.",
        "D": "Deactivate lidar and send only thermal frames at reduced rate to stay within 0.9 Mbps and edge load 0.81."
      },
      "correct": "C",
      "reason": "The fused feature option limits data volume so worst case latency from 140 ms plus high jitter does not accumulate across two turns. Edge load has risen from 0. 68 to 0. 81 so projecting further increase makes raw streams risky before a guaranteed URLLC switch. Loss up to 1.",
      "rationale_tag": "MINIMAX_REGRET_UNDER_UNCERTAINTY",
      "difficulty": "very_hard"
    },
    {
      "task_id": "T25",
      "task_name": "AI-Agent-based Disaster / Public-Safety Coordination",
      "source_turn": 8,
      "question": "At turn 8 the UAV is inside the geofence with altitude constrained between 5.0 and 60.0 and is en route after a reroute. The network is on mMTC with latency observed between 120 and 140 ms across recent turns and jitter observed between 25 and 35 ms. Packet loss has risen from 1.2 to 1.8 percent while throughput has fallen from 1.5 to 0.9 Mbps and edge load has increased from 0.68 to 0.81. The UAV speed is 18.0 mps and battery is still at 100.0 percent so energy is not yet the binding constraint. A high resolution image request is queued which will contend with control and navigation traffic if transmitted immediately. In the previous degradation the agent mitigated risk by reducing sensor usage but the user is now requesting more data. If degradation persists for the next one to three turns the edge load trend may continue upward before any slice recovery occurs. Switching slices improves latency but has previously coincided with moderate edge load near 0.47 and lower throughput near 130 Mbps. Each option below has a downside either in safety margin, data quality, or future congestion. Which option should be selected to minimize worst case regret over the next few turns?",
      "options": {
        "A": "Transmit the high resolution image immediately over mMTC since throughput is still 0.9 Mbps and battery is 100.0 percent.",
        "B": "Delay the image for one turn and keep mMTC while navigating, accepting latency between 120 and 140 ms and jitter between 25 and 35 ms.",
        "C": "Switch to URLLC now for control and downscale the image to reduce throughput demand despite edge load previously reaching 0.47.",
        "D": "Keep mMTC but reactivate additional sensors to batch data later when edge load falls below 0.68 again."
      },
      "correct": "C",
      "reason": "The mMTC latency and jitter range combined with rising loss creates a worst case control risk if congestion persists another turn. Switching to URLLC reduces latency from the 120 to 140 ms range to single digit values even if throughput is lower. Downscaling the image limits future edge load growth compared to transmitting at 0. 9 Mbps under rising congestion. This choice minimizes the maximum regret if degradation continues while still allowing mission completion.",
      "rationale_tag": "MINIMAX_REGRET_UNDER_UNCERTAINTY",
      "difficulty": "very_hard"
    }
  ]
}