{
  "initial_state": {
    "domain": "uav",
    "time_s": 0.0,
    "env": {
      "weather": "hail",
      "wind_mps": 8.0,
      "wind_dir_deg": 270.0
    },
    "airspace": {
      "alt_bounds": [
        10.0,
        120.0
      ],
      "geofence": [
        {
          "type": "polygon",
          "points": [
            [
              0.0,
              0.0
            ],
            [
              200.0,
              0.0
            ],
            [
              200.0,
              150.0
            ],
            [
              0.0,
              150.0
            ]
          ]
        }
      ]
    },
    "uav": {
      "pose": {
        "x": 10.0,
        "y": 75.0,
        "z": 10.0,
        "yaw": 90.0
      },
      "speed_mps": 15.0,
      "energy": {
        "battery_pct": 100.0
      },
      "sensors": {
        "rgb": "ok",
        "thermal": "offline",
        "lidar": "offline",
        "radar": "offline",
        "gnss": "ok",
        "imu": "ok",
        "magnetometer": "ok",
        "barometer": "ok"
      },
      "payloads": []
    },
    "policy": {
      "alt_bounds": [
        10.0,
        120.0
      ]
    },
    "safety_flags": {
      "nfz_violation": false,
      "separation_breach": false
    }
  },
  "dialogue": [
    {
      "turn": 1,
      "speaker": "agent",
      "intent": "initiate_mission",
      "actions": [
        {
          "type": "mcp",
          "name": "read_telemetry",
          "args": {}
        }
      ],
      "obs": [
        {
          "tool": "read_telemetry",
          "result": {
            "pose": {
              "x": 10.0,
              "y": 75.0,
              "z": 10.0,
              "yaw": 90.0
            },
            "speed_mps": 15.0,
            "battery_pct": 100.0
          }
        }
      ],
      "net": {
        "slice": "URLLC",
        "lat_ms": 3.2,
        "jitter_ms": 0.8,
        "loss_pct": 0.01,
        "throughput_mbps": 50,
        "edge_load": 0.3
      }
    },
    {
      "turn": 2,
      "speaker": "user",
      "intent": "confirm_mission",
      "actions": [
        {
          "type": "mcp",
          "name": "check_weather_alerts",
          "args": {}
        }
      ],
      "obs": [
        {
          "tool": "check_weather_alerts",
          "result": {
            "current": "hail",
            "advisory": "high_risk",
            "recommended_action": "proceed_with_caution"
          }
        }
      ],
      "net": {
        "slice": "eMBB",
        "lat_ms": 12.5,
        "jitter_ms": 3.1,
        "loss_pct": 0.2,
        "throughput_mbps": 120,
        "edge_load": 0.6
      }
    },
    {
      "turn": 3,
      "speaker": "agent",
      "intent": "assess_risk",
      "actions": [
        {
          "type": "a2a",
          "task": "collision_avoidance",
          "to": "uav_swarm_agent",
          "payload": {
            "current_pose": {
              "x": 10.0,
              "y": 75.0,
              "z": 10.0
            },
            "speed_mps": 15.0,
            "trajectory": [
              [
                10.0,
                75.0,
                10.0
              ],
              [
                50.0,
                75.0,
                30.0
              ]
            ]
          }
        }
      ],
      "obs": [
        {
          "task": "collision_avoidance",
          "from": "uav_swarm_agent",
          "status": "ok",
          "payload": {
            "clearance": "safe",
            "recommended_alt": 30.0
          }
        }
      ],
      "net": {
        "slice": "URLLC",
        "lat_ms": 4.1,
        "jitter_ms": 1.0,
        "loss_pct": 0.02,
        "throughput_mbps": 45,
        "edge_load": 0.4
      }
    },
    {
      "turn": 4,
      "speaker": "user",
      "intent": "request_sensor_restart",
      "actions": [
        {
          "type": "mcp",
          "name": "restart_sensor",
          "args": {
            "sensor": "thermal"
          }
        }
      ],
      "obs": [
        {
          "tool": "restart_sensor",
          "result": {
            "sensor": "thermal",
            "status": "failed",
            "reason": "hardware_fault"
          }
        }
      ],
      "net": {
        "slice": "eMBB",
        "lat_ms": 15.0,
        "jitter_ms": 4.2,
        "loss_pct": 0.5,
        "throughput_mbps": 100,
        "edge_load": 0.7
      }
    },
    {
      "turn": 5,
      "speaker": "agent",
      "intent": "adjust_flight_plan",
      "actions": [
        {
          "type": "mcp",
          "name": "set_waypoint",
          "args": {
            "x": 50.0,
            "y": 75.0,
            "z": 30.0
          }
        }
      ],
      "obs": [
        {
          "tool": "set_waypoint",
          "result": {
            "status": "accepted",
            "eta_s": 3.2,
            "energy_cost_pct": 1.8
          }
        }
      ],
      "net": {
        "slice": "URLLC",
        "lat_ms": 3.8,
        "jitter_ms": 0.9,
        "loss_pct": 0.01,
        "throughput_mbps": 55,
        "edge_load": 0.35
      }
    },
    {
      "turn": 6,
      "speaker": "user",
      "intent": "monitor_progress",
      "actions": [
        {
          "type": "mcp",
          "name": "read_telemetry",
          "args": {}
        }
      ],
      "obs": [
        {
          "tool": "read_telemetry",
          "result": {
            "pose": {
              "x": 30.0,
              "y": 75.0,
              "z": 20.0,
              "yaw": 90.0
            },
            "speed_mps": 14.5,
            "battery_pct": 98.2
          }
        }
      ],
      "net": {
        "slice": "mMTC",
        "lat_ms": 25.0,
        "jitter_ms": 10.0,
        "loss_pct": 1.2,
        "throughput_mbps": 1.5,
        "edge_load": 0.85
      }
    },
    {
      "turn": 7,
      "speaker": "agent",
      "intent": "conserve_resources",
      "actions": [
        {
          "type": "mcp",
          "name": "reduce_speed",
          "args": {
            "target_mps": 10.0
          }
        }
      ],
      "obs": [
        {
          "tool": "reduce_speed",
          "result": {
            "status": "executed",
            "actual_mps": 10.0,
            "reason": "network_degradation"
          }
        }
      ],
      "net": {
        "slice": "mMTC",
        "lat_ms": 30.0,
        "jitter_ms": 12.0,
        "loss_pct": 1.8,
        "throughput_mbps": 1.0,
        "edge_load": 0.9
      }
    },
    {
      "turn": 8,
      "speaker": "user",
      "intent": "request_status_update",
      "actions": [
        {
          "type": "mcp",
          "name": "read_telemetry",
          "args": {}
        }
      ],
      "obs": [
        {
          "tool": "read_telemetry",
          "result": {
            "pose": {
              "x": 40.0,
              "y": 75.0,
              "z": 28.0,
              "yaw": 90.0
            },
            "speed_mps": 10.0,
            "battery_pct": 97.5
          }
        }
      ],
      "net": {
        "slice": "URLLC",
        "lat_ms": 5.0,
        "jitter_ms": 1.2,
        "loss_pct": 0.03,
        "throughput_mbps": 40,
        "edge_load": 0.5
      }
    },
    {
      "turn": 9,
      "speaker": "agent",
      "intent": "prepare_landing",
      "actions": [
        {
          "type": "mcp",
          "name": "set_waypoint",
          "args": {
            "x": 190.0,
            "y": 75.0,
            "z": 10.0
          }
        }
      ],
      "obs": [
        {
          "tool": "set_waypoint",
          "result": {
            "status": "accepted",
            "eta_s": 16.0,
            "energy_cost_pct": 3.0
          }
        }
      ],
      "net": {
        "slice": "URLLC",
        "lat_ms": 4.0,
        "jitter_ms": 1.0,
        "loss_pct": 0.01,
        "throughput_mbps": 50,
        "edge_load": 0.4
      }
    },
    {
      "turn": 10,
      "speaker": "user",
      "intent": "confirm_landing",
      "actions": [
        {
          "type": "a2a",
          "task": "landing_clearance",
          "to": "tower_agent",
          "payload": {
            "uav_id": "uav_41c5370d5366",
            "final_approach": true
          }
        }
      ],
      "obs": [
        {
          "task": "landing_clearance",
          "from": "tower_agent",
          "status": "granted",
          "payload": {
            "runway": "east-west",
            "wind_offset": 8.0
          }
        }
      ],
      "net": {
        "slice": "URLLC",
        "lat_ms": 3.5,
        "jitter_ms": 0.9,
        "loss_pct": 0.01,
        "throughput_mbps": 52,
        "edge_load": 0.38
      }
    }
  ],
  "final_state": {
    "domain": "uav",
    "time_s": 20.0,
    "env": {
      "weather": "hail",
      "wind_mps": 8.0,
      "wind_dir_deg": 270.0
    },
    "airspace": {
      "alt_bounds": [
        10.0,
        120.0
      ],
      "geofence": [
        {
          "type": "polygon",
          "points": [
            [
              0.0,
              0.0
            ],
            [
              200.0,
              0.0
            ],
            [
              200.0,
              150.0
            ],
            [
              0.0,
              150.0
            ]
          ]
        }
      ]
    },
    "uav": {
      "pose": {
        "x": 190.0,
        "y": 75.0,
        "z": 10.0,
        "yaw": 90.0
      },
      "speed_mps": 0.0,
      "energy": {
        "battery_pct": 94.5
      },
      "sensors": {
        "rgb": "ok",
        "thermal": "offline",
        "lidar": "offline",
        "radar": "offline",
        "gnss": "ok",
        "imu": "ok",
        "magnetometer": "ok",
        "barometer": "ok"
      },
      "payloads": []
    },
    "policy": {
      "alt_bounds": [
        10.0,
        120.0
      ]
    },
    "safety_flags": {
      "nfz_violation": false,
      "separation_breach": false
    }
  },
  "success": true,
  "_meta": {
    "seed": 42,
    "ts": 1763890506,
    "ts_iso": "2025-11-23T09:35:06Z",
    "gen_time_s": 54.54915380477905,
    "attempts_used": 1,
    "generation_failed": false,
    "usage": {
      "prompt_tokens": 1065,
      "completion_tokens": 3125,
      "total_tokens": 4190,
      "cost": 0.00266742,
      "is_byok": false,
      "prompt_tokens_details": {
        "cached_tokens": 608,
        "audio_tokens": 0,
        "video_tokens": 0
      },
      "cost_details": {
        "upstream_inference_cost": null,
        "upstream_inference_prompt_cost": 0.00016742,
        "upstream_inference_completions_cost": 0.0025
      },
      "completion_tokens_details": {
        "reasoning_tokens": 0,
        "image_tokens": 0
      }
    }
  }
}