{
  "initial_state": {
    "domain": "uav",
    "time_s": 0.0,
    "env": {
      "weather": "snow",
      "wind_mps": 9.5,
      "wind_dir_deg": 240.0
    },
    "airspace": {
      "alt_bounds": [
        5.0,
        120.0
      ],
      "geofence": [
        {
          "type": "polygon",
          "points": [
            [
              100,
              100
            ],
            [
              500,
              100
            ],
            [
              500,
              500
            ],
            [
              100,
              500
            ]
          ]
        }
      ]
    },
    "uav": {
      "pose": {
        "x": 120.0,
        "y": 120.0,
        "z": 10.0,
        "yaw": 60.0
      },
      "speed_mps": 18.0,
      "energy": {
        "battery_pct": 100.0
      },
      "sensors": {
        "rgb": "ok",
        "thermal": "offline",
        "lidar": "ok",
        "radar": "offline",
        "gnss": "ok",
        "imu": "ok",
        "magnetometer": "ok",
        "barometer": "ok"
      },
      "payloads": []
    },
    "policy": {
      "alt_bounds": [
        5.0,
        120.0
      ]
    },
    "safety_flags": {
      "nfz_violation": false,
      "separation_breach": false
    }
  },
  "dialogue": [
    {
      "turn": 1,
      "speaker": "agent",
      "intent": "initiate_mission",
      "actions": [
        {
          "type": "mcp",
          "name": "read_telemetry",
          "args": {}
        },
        {
          "type": "a2a",
          "task": "swarm_heartbeat",
          "to": "uav_swarm_agent",
          "payload": {
            "status": "active",
            "position": {
              "x": 120.0,
              "y": 120.0,
              "z": 10.0
            }
          }
        }
      ],
      "obs": [
        {
          "tool": "read_telemetry",
          "result": {
            "pose": {
              "x": 120.0,
              "y": 120.0,
              "z": 10.0
            },
            "battery_pct": 100.0,
            "speed_mps": 18.0
          }
        },
        {
          "task": "swarm_heartbeat",
          "from": "uav_swarm_agent",
          "status": "ok",
          "payload": {
            "response": "acknowledged",
            "timestamp": 0.1
          }
        }
      ],
      "net": {
        "slice": "URLLC",
        "lat_ms": 3.2,
        "jitter_ms": 0.8,
        "loss_pct": 0.01,
        "throughput_mbps": 50,
        "edge_load": 0.3
      }
    },
    {
      "turn": 2,
      "speaker": "user",
      "intent": "confirm_takeoff",
      "actions": [
        {
          "type": "mcp",
          "name": "set_altitude",
          "args": {
            "target_z": 80.0
          }
        }
      ],
      "obs": [
        {
          "tool": "set_altitude",
          "result": {
            "status": "accepted",
            "target_z": 80.0
          }
        }
      ],
      "net": {
        "slice": "URLLC",
        "lat_ms": 3.5,
        "jitter_ms": 1.0,
        "loss_pct": 0.02,
        "throughput_mbps": 48,
        "edge_load": 0.35
      }
    },
    {
      "turn": 3,
      "speaker": "agent",
      "intent": "ascend_to_mission_altitude",
      "actions": [
        {
          "type": "mcp",
          "name": "execute_maneuver",
          "args": {
            "maneuver": "climb",
            "target_z": 80.0,
            "speed_mps": 15.0
          }
        },
        {
          "type": "mcp",
          "name": "activate_sensor",
          "args": {
            "sensor": "lidar"
          }
        }
      ],
      "obs": [
        {
          "tool": "execute_maneuver",
          "result": {
            "status": "in_progress",
            "current_z": 45.0
          }
        },
        {
          "tool": "activate_sensor",
          "result": {
            "sensor": "lidar",
            "status": "activated"
          }
        }
      ],
      "net": {
        "slice": "eMBB",
        "lat_ms": 12.0,
        "jitter_ms": 3.0,
        "loss_pct": 0.1,
        "throughput_mbps": 120,
        "edge_load": 0.6
      }
    },
    {
      "turn": 4,
      "speaker": "user",
      "intent": "request_status_update",
      "actions": [
        {
          "type": "mcp",
          "name": "read_telemetry",
          "args": {}
        }
      ],
      "obs": [
        {
          "tool": "read_telemetry",
          "result": {
            "pose": {
              "x": 135.0,
              "y": 135.0,
              "z": 78.0
            },
            "battery_pct": 98.5,
            "speed_mps": 14.5
          }
        }
      ],
      "net": {
        "slice": "eMBB",
        "lat_ms": 15.0,
        "jitter_ms": 5.0,
        "loss_pct": 0.5,
        "throughput_mbps": 90,
        "edge_load": 0.75
      }
    },
    {
      "turn": 5,
      "speaker": "agent",
      "intent": "detect_obstacle",
      "actions": [
        {
          "type": "mcp",
          "name": "scan_environment",
          "args": {
            "sensor": "lidar",
            "range_m": 100.0
          }
        },
        {
          "type": "a2a",
          "task": "collision_avoidance",
          "to": "uav_swarm_agent",
          "payload": {
            "position": {
              "x": 135.0,
              "y": 135.0,
              "z": 78.0
            },
            "velocity": 14.5
          }
        }
      ],
      "obs": [
        {
          "tool": "scan_environment",
          "result": {
            "obstacle": {
              "type": "tower",
              "distance_m": 85.0,
              "bearing_deg": 45.0
            }
          }
        },
        {
          "task": "collision_avoidance",
          "from": "uav_swarm_agent",
          "status": "advised_course_correction",
          "payload": {
            "new_heading": 120.0
          }
        }
      ],
      "net": {
        "slice": "URLLC",
        "lat_ms": 4.0,
        "jitter_ms": 1.2,
        "loss_pct": 0.05,
        "throughput_mbps": 55,
        "edge_load": 0.4
      }
    },
    {
      "turn": 6,
      "speaker": "user",
      "intent": "approve_course_correction",
      "actions": [
        {
          "type": "mcp",
          "name": "set_heading",
          "args": {
            "target_heading": 120.0
          }
        }
      ],
      "obs": [
        {
          "tool": "set_heading",
          "result": {
            "status": "executing",
            "target_heading": 120.0
          }
        }
      ],
      "net": {
        "slice": "URLLC",
        "lat_ms": 3.8,
        "jitter_ms": 1.0,
        "loss_pct": 0.03,
        "throughput_mbps": 52,
        "edge_load": 0.38
      }
    },
    {
      "turn": 7,
      "speaker": "agent",
      "intent": "adjust_flight_path",
      "actions": [
        {
          "type": "mcp",
          "name": "execute_maneuver",
          "args": {
            "maneuver": "turn",
            "target_heading": 120.0,
            "radius_m": 30.0
          }
        },
        {
          "type": "mcp",
          "name": "read_telemetry",
          "args": {}
        }
      ],
      "obs": [
        {
          "tool": "execute_maneuver",
          "result": {
            "status": "completed",
            "final_heading": 120.0
          }
        },
        {
          "tool": "read_telemetry",
          "result": {
            "pose": {
              "x": 160.0,
              "y": 150.0,
              "z": 80.0
            },
            "battery_pct": 97.0,
            "speed_mps": 16.0
          }
        }
      ],
      "net": {
        "slice": "mMTC",
        "lat_ms": 20.0,
        "jitter_ms": 8.0,
        "loss_pct": 1.2,
        "throughput_mbps": 1.5,
        "edge_load": 0.85
      }
    },
    {
      "turn": 8,
      "speaker": "user",
      "intent": "initiate_survey",
      "actions": [
        {
          "type": "mcp",
          "name": "activate_sensor",
          "args": {
            "sensor": "rgb"
          }
        },
        {
          "type": "mcp",
          "name": "start_recording",
          "args": {
            "duration_s": 60
          }
        }
      ],
      "obs": [
        {
          "tool": "activate_sensor",
          "result": {
            "sensor": "rgb",
            "status": "activated"
          }
        },
        {
          "tool": "start_recording",
          "result": {
            "status": "recording_started",
            "duration_s": 60
          }
        }
      ],
      "net": {
        "slice": "eMBB",
        "lat_ms": 10.0,
        "jitter_ms": 2.5,
        "loss_pct": 0.2,
        "throughput_mbps": 100,
        "edge_load": 0.7
      }
    },
    {
      "turn": 9,
      "speaker": "agent",
      "intent": "monitor_survey_and_battery",
      "actions": [
        {
          "type": "mcp",
          "name": "read_telemetry",
          "args": {}
        },
        {
          "type": "a2a",
          "task": "data_offload_request",
          "to": "edge_processing_agent",
          "payload": {
            "data_size_mb": 250,
            "priority": "high"
          }
        }
      ],
      "obs": [
        {
          "tool": "read_telemetry",
          "result": {
            "pose": {
              "x": 200.0,
              "y": 180.0,
              "z": 80.0
            },
            "battery_pct": 94.0,
            "speed_mps": 17.0
          }
        },
        {
          "task": "data_offload_request",
          "from": "edge_processing_agent",
          "status": "queued",
          "payload": {
            "estimated_start_ms": 1200,
            "slice_assigned": "URLLC"
          }
        }
      ],
      "net": {
        "slice": "eMBB",
        "lat_ms": 14.0,
        "jitter_ms": 4.0,
        "loss_pct": 0.8,
        "throughput_mbps": 80,
        "edge_load": 0.8
      }
    },
    {
      "turn": 10,
      "speaker": "user",
      "intent": "prepare_return",
      "actions": [
        {
          "type": "mcp",
          "name": "set_home_position",
          "args": {
            "x": 120.0,
            "y": 120.0
          }
        }
      ],
      "obs": [
        {
          "tool": "set_home_position",
          "result": {
            "status": "updated",
            "home": {
              "x": 120.0,
              "y": 120.0
            }
          }
        }
      ],
      "net": {
        "slice": "URLLC",
        "lat_ms": 3.6,
        "jitter_ms": 0.9,
        "loss_pct": 0.04,
        "throughput_mbps": 49,
        "edge_load": 0.36
      }
    },
    {
      "turn": 11,
      "speaker": "agent",
      "intent": "return_to_base",
      "actions": [
        {
          "type": "mcp",
          "name": "execute_maneuver",
          "args": {
            "maneuver": "return_to_home",
            "speed_mps": 12.0
          }
        },
        {
          "type": "mcp",
          "name": "deactivate_sensor",
          "args": {
            "sensor": "rgb"
          }
        }
      ],
      "obs": [
        {
          "tool": "execute_maneuver",
          "result": {
            "status": "en_route",
            "target": "home",
            "eta_s": 45
          }
        },
        {
          "tool": "deactivate_sensor",
          "result": {
            "sensor": "rgb",
            "status": "deactivated"
          }
        }
      ],
      "net": {
        "slice": "URLLC",
        "lat_ms": 3.3,
        "jitter_ms": 0.7,
        "loss_pct": 0.01,
        "throughput_mbps": 51,
        "edge_load": 0.32
      }
    }
  ],
  "final_state": {
    "domain": "uav",
    "time_s": 120.0,
    "env": {
      "weather": "snow",
      "wind_mps": 9.5,
      "wind_dir_deg": 240.0
    },
    "airspace": {
      "alt_bounds": [
        5.0,
        120.0
      ],
      "geofence": [
        {
          "type": "polygon",
          "points": [
            [
              100,
              100
            ],
            [
              500,
              100
            ],
            [
              500,
              500
            ],
            [
              100,
              500
            ]
          ]
        }
      ]
    },
    "uav": {
      "pose": {
        "x": 120.0,
        "y": 120.0,
        "z": 10.0,
        "yaw": 60.0
      },
      "speed_mps": 0.0,
      "energy": {
        "battery_pct": 88.0
      },
      "sensors": {
        "rgb": "ok",
        "thermal": "offline",
        "lidar": "ok",
        "radar": "offline",
        "gnss": "ok",
        "imu": "ok",
        "magnetometer": "ok",
        "barometer": "ok"
      },
      "payloads": []
    },
    "policy": {
      "alt_bounds": [
        5.0,
        120.0
      ]
    },
    "safety_flags": {
      "nfz_violation": false,
      "separation_breach": false
    }
  },
  "success": true,
  "_meta": {
    "seed": 42,
    "ts": 1763973502,
    "ts_iso": "2025-11-24T08:38:22Z",
    "gen_time_s": 57.83356714248657,
    "attempts_used": 1,
    "generation_failed": false,
    "usage": {
      "prompt_tokens": 1055,
      "completion_tokens": 3928,
      "total_tokens": 4983,
      "cost": 0.0032601,
      "is_byok": false,
      "prompt_tokens_details": {
        "cached_tokens": 1040,
        "audio_tokens": 0,
        "video_tokens": 0
      },
      "cost_details": {
        "upstream_inference_cost": null,
        "upstream_inference_prompt_cost": 0.0001177,
        "upstream_inference_completions_cost": 0.0031424
      },
      "completion_tokens_details": {
        "reasoning_tokens": 0,
        "image_tokens": 0
      }
    }
  }
}