{
  "initial_state": {
    "domain": "uav",
    "time_s": 0.0,
    "env": {
      "weather": "lightning_risk",
      "wind_mps": 8.0,
      "wind_dir_deg": 225.0
    },
    "airspace": {
      "alt_bounds": [
        5.0,
        120.0
      ],
      "geofence": [
        {
          "type": "polygon",
          "points": [
            [
              0.0,
              0.0
            ],
            [
              200.0,
              0.0
            ],
            [
              200.0,
              150.0
            ],
            [
              0.0,
              150.0
            ]
          ]
        }
      ]
    },
    "uav": {
      "pose": {
        "x": 10.0,
        "y": 10.0,
        "z": 20.0,
        "yaw": 90.0
      },
      "speed_mps": 15.0,
      "energy": {
        "battery_pct": 100.0
      },
      "sensors": {
        "rgb": "ok",
        "thermal": "offline",
        "lidar": "ok",
        "radar": "offline",
        "gnss": "ok",
        "imu": "ok",
        "magnetometer": "ok",
        "barometer": "ok"
      },
      "payloads": []
    },
    "policy": {
      "alt_bounds": [
        5.0,
        120.0
      ]
    },
    "safety_flags": {
      "nfz_violation": false,
      "separation_breach": false
    }
  },
  "dialogue": [
    {
      "turn": 1,
      "speaker": "agent",
      "intent": "initiate_facade_inspection",
      "actions": [
        {
          "type": "mcp",
          "name": "read_telemetry",
          "args": {}
        }
      ],
      "obs": [
        {
          "tool": "read_telemetry",
          "result": {
            "pose": {
              "x": 10.0,
              "y": 10.0,
              "z": 20.0
            },
            "battery_pct": 100.0,
            "speed_mps": 15.0
          }
        }
      ],
      "net": {
        "slice": "eMBB",
        "lat_ms": 12,
        "jitter_ms": 2,
        "loss_pct": 0.1,
        "throughput_mbps": 850,
        "edge_load": 0.4
      }
    },
    {
      "turn": 2,
      "speaker": "user",
      "intent": "confirm_inspection_plan",
      "actions": [
        {
          "type": "mcp",
          "name": "get_mission_plan",
          "args": {
            "target_building": "B17"
          }
        }
      ],
      "obs": [
        {
          "tool": "get_mission_plan",
          "result": {
            "building_id": "B17",
            "facade_points": 48,
            "estimated_duration_min": 18,
            "battery_required_pct": 32
          }
        }
      ],
      "net": {
        "slice": "eMBB",
        "lat_ms": 11,
        "jitter_ms": 1.8,
        "loss_pct": 0.05,
        "throughput_mbps": 900,
        "edge_load": 0.42
      }
    },
    {
      "turn": 3,
      "speaker": "agent",
      "intent": "request_swarm_coordination",
      "actions": [
        {
          "type": "a2a",
          "task": "collision_avoidance",
          "to": "uav_swarm_agent",
          "payload": {
            "uav_id": "UAV-7",
            "route": [
              {
                "x": 10.0,
                "y": 10.0,
                "z": 20.0
              },
              {
                "x": 50.0,
                "y": 10.0,
                "z": 30.0
              }
            ],
            "eta": 45
          }
        }
      ],
      "obs": [
        {
          "task": "collision_avoidance",
          "from": "uav_swarm_agent",
          "status": "ok",
          "payload": {
            "clearance": true,
            "recommended_alt": 30.0
          }
        }
      ],
      "net": {
        "slice": "URLLC",
        "lat_ms": 5,
        "jitter_ms": 0.5,
        "loss_pct": 0.01,
        "throughput_mbps": 120,
        "edge_load": 0.3
      }
    },
    {
      "turn": 4,
      "speaker": "user",
      "intent": "enable_thermal_sensor",
      "actions": [
        {
          "type": "mcp",
          "name": "toggle_sensor",
          "args": {
            "sensor": "thermal",
            "state": "on"
          }
        }
      ],
      "obs": [
        {
          "tool": "toggle_sensor",
          "result": {
            "sensor": "thermal",
            "status": "failed",
            "reason": "hardware_fault"
          }
        }
      ],
      "net": {
        "slice": "eMBB",
        "lat_ms": 13,
        "jitter_ms": 2.1,
        "loss_pct": 0.2,
        "throughput_mbps": 800,
        "edge_load": 0.45
      }
    },
    {
      "turn": 5,
      "speaker": "agent",
      "intent": "adjust_route_for_weather",
      "actions": [
        {
          "type": "mcp",
          "name": "update_waypoint",
          "args": {
            "waypoint": {
              "x": 50.0,
              "y": 10.0,
              "z": 45.0
            }
          }
        }
      ],
      "obs": [
        {
          "tool": "update_waypoint",
          "result": {
            "status": "success",
            "new_alt": 45.0,
            "reason": "avoiding downdraft zone"
          }
        }
      ],
      "net": {
        "slice": "URLLC",
        "lat_ms": 6,
        "jitter_ms": 0.7,
        "loss_pct": 0.02,
        "throughput_mbps": 110,
        "edge_load": 0.5
      }
    },
    {
      "turn": 6,
      "speaker": "user",
      "intent": "check_network_health",
      "actions": [
        {
          "type": "mcp",
          "name": "run_network_diagnostics",
          "args": {}
        }
      ],
      "obs": [
        {
          "tool": "run_network_diagnostics",
          "result": {
            "current_slice": "eMBB",
            "congestion_level": "high",
            "recommended_slice": "URLLC"
          }
        }
      ],
      "net": {
        "slice": "eMBB",
        "lat_ms": 45,
        "jitter_ms": 15,
        "loss_pct": 8.0,
        "throughput_mbps": 200,
        "edge_load": 0.85
      }
    },
    {
      "turn": 7,
      "speaker": "agent",
      "intent": "switch_to_reliable_slice",
      "actions": [
        {
          "type": "mcp",
          "name": "switch_network_slice",
          "args": {
            "target": "URLLC"
          }
        }
      ],
      "obs": [
        {
          "tool": "switch_network_slice",
          "result": {
            "status": "success",
            "previous": "eMBB",
            "current": "URLLC"
          }
        }
      ],
      "net": {
        "slice": "URLLC",
        "lat_ms": 4,
        "jitter_ms": 0.3,
        "loss_pct": 0.01,
        "throughput_mbps": 95,
        "edge_load": 0.35
      }
    },
    {
      "turn": 8,
      "speaker": "user",
      "intent": "request_image_capture",
      "actions": [
        {
          "type": "mcp",
          "name": "capture_image",
          "args": {
            "sensor": "rgb",
            "target": "B17-facade-north"
          }
        }
      ],
      "obs": [
        {
          "tool": "capture_image",
          "result": {
            "status": "success",
            "image_id": "IMG-7721",
            "resolution": "4096x2160",
            "stored": true
          }
        }
      ],
      "net": {
        "slice": "URLLC",
        "lat_ms": 5,
        "jitter_ms": 0.4,
        "loss_pct": 0.01,
        "throughput_mbps": 100,
        "edge_load": 0.38
      }
    },
    {
      "turn": 9,
      "speaker": "agent",
      "intent": "perform_lidar_scan",
      "actions": [
        {
          "type": "mcp",
          "name": "execute_scan",
          "args": {
            "mode": "facade_lidar",
            "resolution": "high"
          }
        }
      ],
      "obs": [
        {
          "tool": "execute_scan",
          "result": {
            "status": "success",
            "points_captured": 125000,
            "defects_detected": 3
          }
        }
      ],
      "net": {
        "slice": "URLLC",
        "lat_ms": 6,
        "jitter_ms": 0.6,
        "loss_pct": 0.02,
        "throughput_mbps": 105,
        "edge_load": 0.41
      }
    },
    {
      "turn": 10,
      "speaker": "user",
      "intent": "abort_if_risk_high",
      "actions": [
        {
          "type": "mcp",
          "name": "assess_lightning_risk",
          "args": {}
        }
      ],
      "obs": [
        {
          "tool": "assess_lightning_risk",
          "result": {
            "current_risk_level": "moderate",
            "trend": "increasing",
            "advice": "complete mission within 10 minutes"
          }
        }
      ],
      "net": {
        "slice": "mMTC",
        "lat_ms": 20,
        "jitter_ms": 5,
        "loss_pct": 0.5,
        "throughput_mbps": 1.2,
        "edge_load": 0.3
      }
    },
    {
      "turn": 11,
      "speaker": "agent",
      "intent": "return_to_base",
      "actions": [
        {
          "type": "mcp",
          "name": "set_waypoint",
          "args": {
            "x": 10.0,
            "y": 10.0,
            "z": 15.0
          }
        }
      ],
      "obs": [
        {
          "tool": "set_waypoint",
          "result": {
            "status": "success",
            "eta_s": 68,
            "route_valid": true
          }
        }
      ],
      "net": {
        "slice": "URLLC",
        "lat_ms": 5,
        "jitter_ms": 0.4,
        "loss_pct": 0.01,
        "throughput_mbps": 115,
        "edge_load": 0.33
      }
    }
  ],
  "final_state": {
    "domain": "uav",
    "time_s": 680.0,
    "env": {
      "weather": "lightning_risk",
      "wind_mps": 9.2,
      "wind_dir_deg": 230.0
    },
    "airspace": {
      "alt_bounds": [
        5.0,
        120.0
      ],
      "geofence": [
        {
          "type": "polygon",
          "points": [
            [
              0.0,
              0.0
            ],
            [
              200.0,
              0.0
            ],
            [
              200.0,
              150.0
            ],
            [
              0.0,
              150.0
            ]
          ]
        }
      ]
    },
    "uav": {
      "pose": {
        "x": 10.0,
        "y": 10.0,
        "z": 15.0,
        "yaw": 270.0
      },
      "speed_mps": 8.0,
      "energy": {
        "battery_pct": 68.0
      },
      "sensors": {
        "rgb": "ok",
        "thermal": "offline",
        "lidar": "ok",
        "radar": "offline",
        "gnss": "ok",
        "imu": "ok",
        "magnetometer": "ok",
        "barometer": "ok"
      },
      "payloads": []
    },
    "policy": {
      "alt_bounds": [
        5.0,
        120.0
      ]
    },
    "safety_flags": {
      "nfz_violation": false,
      "separation_breach": false
    }
  },
  "success": true,
  "_meta": {
    "seed": 42,
    "ts": 1763786262,
    "ts_iso": "2025-11-22T04:37:42Z",
    "gen_time_s": 56.15113162994385,
    "attempts_used": 1,
    "generation_failed": false,
    "usage": {
      "prompt_tokens": 1065,
      "completion_tokens": 3290,
      "total_tokens": 4355,
      "cost": 0.00275014,
      "is_byok": false,
      "prompt_tokens_details": {
        "cached_tokens": 1056,
        "audio_tokens": 0,
        "video_tokens": 0
      },
      "cost_details": {
        "upstream_inference_cost": null,
        "upstream_inference_prompt_cost": 0.00011814,
        "upstream_inference_completions_cost": 0.002632
      },
      "completion_tokens_details": {
        "reasoning_tokens": 0,
        "image_tokens": 0
      }
    }
  }
}