{
  "initial_state": {
    "domain": "uav",
    "time_s": 0.0,
    "env": {
      "weather": "snow",
      "wind_mps": 6.5,
      "wind_dir_deg": 240.0
    },
    "airspace": {
      "alt_bounds": [
        20.0,
        150.0
      ],
      "geofence": [
        {
          "type": "polygon",
          "points": [
            [
              0,
              0
            ],
            [
              200,
              0
            ],
            [
              200,
              150
            ],
            [
              0,
              150
            ]
          ]
        }
      ]
    },
    "uav": {
      "pose": {
        "x": 10.0,
        "y": 10.0,
        "z": 25.0,
        "yaw": 90.0
      },
      "speed_mps": 22.0,
      "energy": {
        "battery_pct": 100.0
      },
      "sensors": {
        "rgb": "ok",
        "thermal": "offline",
        "lidar": "ok",
        "radar": "offline",
        "gnss": "ok",
        "imu": "ok",
        "magnetometer": "ok",
        "barometer": "ok"
      },
      "payloads": []
    },
    "policy": {
      "alt_bounds": [
        20.0,
        150.0
      ]
    },
    "safety_flags": {
      "nfz_violation": false,
      "separation_breach": false
    }
  },
  "dialogue": [
    {
      "turn": 1,
      "speaker": "agent",
      "intent": "initiate mission and check telemetry",
      "actions": [
        {
          "type": "mcp",
          "name": "read_telemetry",
          "args": {}
        }
      ],
      "obs": [
        {
          "tool": "read_telemetry",
          "result": {
            "pose": {
              "x": 10.0,
              "y": 10.0,
              "z": 25.0
            },
            "battery_pct": 100.0,
            "speed_mps": 22.0
          }
        }
      ],
      "net": {
        "slice": "eMBB",
        "lat_ms": 12,
        "jitter_ms": 2,
        "loss_pct": 0.1,
        "throughput_mbps": 850,
        "edge_load": 0.45
      }
    },
    {
      "turn": 2,
      "speaker": "user",
      "intent": "confirm mission start and request route plan",
      "actions": [
        {
          "type": "mcp",
          "name": "plan_route",
          "args": {
            "destination": {
              "x": 180,
              "y": 130,
              "z": 120
            }
          }
        }
      ],
      "obs": [
        {
          "tool": "plan_route",
          "result": {
            "waypoints": [
              {
                "x": 50,
                "y": 50,
                "z": 60
              },
              {
                "x": 100,
                "y": 90,
                "z": 100
              },
              {
                "x": 180,
                "y": 130,
                "z": 120
              }
            ],
            "estimated_duration_s": 145,
            "energy_cost_pct": 18.5
          }
        }
      ],
      "net": {
        "slice": "eMBB",
        "lat_ms": 11,
        "jitter_ms": 1.8,
        "loss_pct": 0.05,
        "throughput_mbps": 900,
        "edge_load": 0.48
      }
    },
    {
      "turn": 3,
      "speaker": "agent",
      "intent": "coordinate with swarm for collision check",
      "actions": [
        {
          "type": "a2a",
          "task": "collision_avoidance",
          "to": "uav_swarm_agent",
          "payload": {
            "route": [
              {
                "x": 50,
                "y": 50,
                "z": 60
              },
              {
                "x": 100,
                "y": 90,
                "z": 100
              },
              {
                "x": 180,
                "y": 130,
                "z": 120
              }
            ]
          }
        }
      ],
      "obs": [
        {
          "task": "collision_avoidance",
          "from": "uav_swarm_agent",
          "status": "ok",
          "payload": {
            "clearance": "all_clear",
            "conflict_risk": 0.02
          }
        }
      ],
      "net": {
        "slice": "URLLC",
        "lat_ms": 8,
        "jitter_ms": 0.5,
        "loss_pct": 0.01,
        "throughput_mbps": 120,
        "edge_load": 0.32
      }
    },
    {
      "turn": 4,
      "speaker": "user",
      "intent": "approve route and initiate flight",
      "actions": [
        {
          "type": "mcp",
          "name": "execute_maneuver",
          "args": {
            "waypoint": {
              "x": 50,
              "y": 50,
              "z": 60
            },
            "speed_mps": 20
          }
        }
      ],
      "obs": [
        {
          "tool": "execute_maneuver",
          "result": {
            "status": "in_progress",
            "target": {
              "x": 50,
              "y": 50,
              "z": 60
            },
            "eta_s": 2.3
          }
        }
      ],
      "net": {
        "slice": "URLLC",
        "lat_ms": 9,
        "jitter_ms": 0.6,
        "loss_pct": 0.02,
        "throughput_mbps": 110,
        "edge_load": 0.35
      }
    },
    {
      "turn": 5,
      "speaker": "agent",
      "intent": "monitor telemetry during maneuver",
      "actions": [
        {
          "type": "mcp",
          "name": "read_telemetry",
          "args": {}
        }
      ],
      "obs": [
        {
          "tool": "read_telemetry",
          "result": {
            "pose": {
              "x": 32.1,
              "y": 31.8,
              "z": 48.3
            },
            "battery_pct": 98.7,
            "speed_mps": 19.8
          }
        }
      ],
      "net": {
        "slice": "URLLC",
        "lat_ms": 7,
        "jitter_ms": 0.4,
        "loss_pct": 0.01,
        "throughput_mbps": 130,
        "edge_load": 0.31
      }
    },
    {
      "turn": 6,
      "speaker": "user",
      "intent": "request thermal sensor activation",
      "actions": [
        {
          "type": "mcp",
          "name": "activate_sensor",
          "args": {
            "sensor": "thermal"
          }
        }
      ],
      "obs": [
        {
          "tool": "activate_sensor",
          "result": {
            "sensor": "thermal",
            "status": "failed",
            "reason": "hardware_fault"
          }
        }
      ],
      "net": {
        "slice": "mMTC",
        "lat_ms": 120,
        "jitter_ms": 25,
        "loss_pct": 2.1,
        "throughput_mbps": 1.2,
        "edge_load": 0.78
      }
    },
    {
      "turn": 7,
      "speaker": "agent",
      "intent": "adapt to sensor failure and network degradation",
      "actions": [
        {
          "type": "mcp",
          "name": "switch_to_lidar_mapping",
          "args": {}
        }
      ],
      "obs": [
        {
          "tool": "switch_to_lidar_mapping",
          "result": {
            "status": "active",
            "mode": "obstacle_detection",
            "range_m": 80
          }
        }
      ],
      "net": {
        "slice": "mMTC",
        "lat_ms": 115,
        "jitter_ms": 28,
        "loss_pct": 2.3,
        "throughput_mbps": 1.0,
        "edge_load": 0.81
      }
    },
    {
      "turn": 8,
      "speaker": "user",
      "intent": "request status update and next action",
      "actions": [
        {
          "type": "mcp",
          "name": "read_telemetry",
          "args": {}
        }
      ],
      "obs": [
        {
          "tool": "read_telemetry",
          "result": {
            "pose": {
              "x": 49.8,
              "y": 49.9,
              "z": 59.7
            },
            "battery_pct": 97.5,
            "speed_mps": 0.2
          }
        }
      ],
      "net": {
        "slice": "URLLC",
        "lat_ms": 10,
        "jitter_ms": 0.7,
        "loss_pct": 0.03,
        "throughput_mbps": 100,
        "edge_load": 0.38
      }
    },
    {
      "turn": 9,
      "speaker": "agent",
      "intent": "proceed to next waypoint with swarm coordination",
      "actions": [
        {
          "type": "a2a",
          "task": "formation_update",
          "to": "uav_swarm_agent",
          "payload": {
            "current_position": {
              "x": 49.8,
              "y": 49.9,
              "z": 59.7
            },
            "next_waypoint": {
              "x": 100,
              "y": 90,
              "z": 100
            }
          }
        }
      ],
      "obs": [
        {
          "task": "formation_update",
          "from": "uav_swarm_agent",
          "status": "acknowledged",
          "payload": {
            "swarm_formation": "delta",
            "timing_sync": "aligned"
          }
        }
      ],
      "net": {
        "slice": "URLLC",
        "lat_ms": 8,
        "jitter_ms": 0.5,
        "loss_pct": 0.01,
        "throughput_mbps": 125,
        "edge_load": 0.33
      }
    },
    {
      "turn": 10,
      "speaker": "user",
      "intent": "authorize continuation and energy check",
      "actions": [
        {
          "type": "mcp",
          "name": "check_energy",
          "args": {}
        }
      ],
      "obs": [
        {
          "tool": "check_energy",
          "result": {
            "battery_pct": 97.5,
            "consumption_rate_pct_per_min": 1.2,
            "remaining_flight_time_min": 21.5
          }
        }
      ],
      "net": {
        "slice": "eMBB",
        "lat_ms": 14,
        "jitter_ms": 3,
        "loss_pct": 0.2,
        "throughput_mbps": 800,
        "edge_load": 0.51
      }
    },
    {
      "turn": 11,
      "speaker": "agent",
      "intent": "execute second leg of mission",
      "actions": [
        {
          "type": "mcp",
          "name": "execute_maneuver",
          "args": {
            "waypoint": {
              "x": 100,
              "y": 90,
              "z": 100
            },
            "speed_mps": 22
          }
        }
      ],
      "obs": [
        {
          "tool": "execute_maneuver",
          "result": {
            "status": "in_progress",
            "target": {
              "x": 100,
              "y": 90,
              "z": 100
            },
            "eta_s": 3.1
          }
        }
      ],
      "net": {
        "slice": "URLLC",
        "lat_ms": 9,
        "jitter_ms": 0.6,
        "loss_pct": 0.02,
        "throughput_mbps": 115,
        "edge_load": 0.36
      }
    }
  ],
  "final_state": {
    "domain": "uav",
    "time_s": 310.0,
    "env": {
      "weather": "snow",
      "wind_mps": 6.5,
      "wind_dir_deg": 240.0
    },
    "airspace": {
      "alt_bounds": [
        20.0,
        150.0
      ],
      "geofence": [
        {
          "type": "polygon",
          "points": [
            [
              0,
              0
            ],
            [
              200,
              0
            ],
            [
              200,
              150
            ],
            [
              0,
              150
            ]
          ]
        }
      ]
    },
    "uav": {
      "pose": {
        "x": 100,
        "y": 90,
        "z": 100,
        "yaw": 90.0
      },
      "speed_mps": 22.0,
      "energy": {
        "battery_pct": 95.2
      },
      "sensors": {
        "rgb": "ok",
        "thermal": "offline",
        "lidar": "active",
        "radar": "offline",
        "gnss": "ok",
        "imu": "ok",
        "magnetometer": "ok",
        "barometer": "ok"
      },
      "payloads": []
    },
    "policy": {
      "alt_bounds": [
        20.0,
        150.0
      ]
    },
    "safety_flags": {
      "nfz_violation": false,
      "separation_breach": false
    }
  },
  "success": true,
  "_meta": {
    "seed": 42,
    "ts": 1763879344,
    "ts_iso": "2025-11-23T06:29:04Z",
    "gen_time_s": 82.81321883201599,
    "attempts_used": 2,
    "generation_failed": false,
    "usage": {
      "prompt_tokens": 1091,
      "completion_tokens": 3539,
      "total_tokens": 4630,
      "cost": 0.00299906,
      "is_byok": false,
      "prompt_tokens_details": {
        "cached_tokens": 656,
        "audio_tokens": 0,
        "video_tokens": 0
      },
      "cost_details": {
        "upstream_inference_cost": null,
        "upstream_inference_prompt_cost": 0.00016786,
        "upstream_inference_completions_cost": 0.0028312
      },
      "completion_tokens_details": {
        "reasoning_tokens": 0,
        "image_tokens": 0
      }
    }
  }
}