{
  "initial_state": {
    "domain": "uav",
    "time_s": 0.0,
    "env": {
      "weather": "dust",
      "wind_mps": 8.0,
      "wind_dir_deg": 270.0
    },
    "airspace": {
      "alt_bounds": [
        10.0,
        150.0
      ],
      "geofence": [
        {
          "type": "polygon",
          "points": [
            [
              0.0,
              0.0
            ],
            [
              1000.0,
              0.0
            ],
            [
              1000.0,
              800.0
            ],
            [
              0.0,
              800.0
            ]
          ]
        }
      ]
    },
    "uav": {
      "pose": {
        "x": 100.0,
        "y": 100.0,
        "z": 30.0,
        "yaw": 90.0
      },
      "speed_mps": 55.0,
      "energy": {
        "battery_pct": 100.0
      },
      "sensors": {
        "rgb": "ok",
        "thermal": "ok",
        "lidar": "ok",
        "radar": "ok",
        "gnss": "ok",
        "imu": "ok",
        "magnetometer": "ok",
        "barometer": "ok"
      },
      "payloads": []
    },
    "policy": {
      "alt_bounds": [
        10.0,
        150.0
      ]
    },
    "safety_flags": {
      "nfz_violation": false,
      "separation_breach": false
    }
  },
  "dialogue": [
    {
      "turn": 1,
      "speaker": "agent",
      "intent": "initiate mission and verify telemetry",
      "actions": [
        {
          "type": "mcp",
          "name": "read_telemetry",
          "args": {}
        }
      ],
      "obs": [
        {
          "tool": "read_telemetry",
          "result": {
            "pose": {
              "x": 100.0,
              "y": 100.0,
              "z": 30.0,
              "yaw": 90.0
            },
            "speed_mps": 55.0,
            "battery_pct": 100.0
          }
        }
      ],
      "net": {
        "slice": "URLLC",
        "lat_ms": 3.2,
        "jitter_ms": 0.8,
        "loss_pct": 0.01,
        "throughput_mbps": 50,
        "edge_load": 0.3
      }
    },
    {
      "turn": 2,
      "speaker": "user",
      "intent": "confirm mission start and request escort path",
      "actions": [
        {
          "type": "mcp",
          "name": "get_route_plan",
          "args": {
            "target": "convoy_escort",
            "start": [
              100.0,
              100.0
            ],
            "end": [
              900.0,
              700.0
            ]
          }
        }
      ],
      "obs": [
        {
          "tool": "get_route_plan",
          "result": {
            "waypoints": [
              [
                200.0,
                200.0,
                50.0
              ],
              [
                500.0,
                400.0,
                70.0
              ],
              [
                800.0,
                600.0,
                60.0
              ],
              [
                900.0,
                700.0,
                50.0
              ]
            ],
            "estimated_duration_s": 180
          }
        }
      ],
      "net": {
        "slice": "eMBB",
        "lat_ms": 12.5,
        "jitter_ms": 3.0,
        "loss_pct": 0.1,
        "throughput_mbps": 120,
        "edge_load": 0.6
      }
    },
    {
      "turn": 3,
      "speaker": "agent",
      "intent": "coordinate with swarm for collision avoidance",
      "actions": [
        {
          "type": "a2a",
          "task": "collision_avoidance",
          "to": "uav_swarm_agent",
          "payload": {
            "current_pose": [
              100.0,
              100.0,
              30.0
            ],
            "route": [
              [
                200.0,
                200.0,
                50.0
              ],
              [
                500.0,
                400.0,
                70.0
              ]
            ]
          }
        }
      ],
      "obs": [
        {
          "task": "collision_avoidance",
          "from": "uav_swarm_agent",
          "status": "ok",
          "payload": {
            "clearance": true,
            "suggested_alt_offset": 0.0
          }
        }
      ],
      "net": {
        "slice": "URLLC",
        "lat_ms": 4.1,
        "jitter_ms": 1.0,
        "loss_pct": 0.02,
        "throughput_mbps": 45,
        "edge_load": 0.4
      }
    },
    {
      "turn": 4,
      "speaker": "user",
      "intent": "request high-res thermal imaging of convoy",
      "actions": [
        {
          "type": "mcp",
          "name": "activate_sensor",
          "args": {
            "sensor": "thermal",
            "mode": "high_res",
            "duration_s": 30
          }
        }
      ],
      "obs": [
        {
          "tool": "activate_sensor",
          "result": {
            "status": "activated",
            "sensor": "thermal",
            "mode": "high_res",
            "power_draw_pct": 8.0
          }
        }
      ],
      "net": {
        "slice": "eMBB",
        "lat_ms": 15.0,
        "jitter_ms": 4.2,
        "loss_pct": 0.15,
        "throughput_mbps": 100,
        "edge_load": 0.7
      }
    },
    {
      "turn": 5,
      "speaker": "agent",
      "intent": "adjust altitude due to wind shear and dust",
      "actions": [
        {
          "type": "mcp",
          "name": "adjust_altitude",
          "args": {
            "target_z": 60.0
          }
        }
      ],
      "obs": [
        {
          "tool": "adjust_altitude",
          "result": {
            "status": "executing",
            "target": 60.0,
            "current": 42.0
          }
        }
      ],
      "net": {
        "slice": "URLLC",
        "lat_ms": 3.8,
        "jitter_ms": 0.9,
        "loss_pct": 0.01,
        "throughput_mbps": 55,
        "edge_load": 0.35
      }
    },
    {
      "turn": 6,
      "speaker": "user",
      "intent": "report network degradation and request fallback",
      "actions": [
        {
          "type": "mcp",
          "name": "check_network_health",
          "args": {}
        }
      ],
      "obs": [
        {
          "tool": "check_network_health",
          "result": {
            "current_slice": "eMBB",
            "lat_ms": 45.0,
            "jitter_ms": 12.0,
            "loss_pct": 2.5,
            "recommendation": "switch to URLLC for control"
          }
        }
      ],
      "net": {
        "slice": "eMBB",
        "lat_ms": 45.0,
        "jitter_ms": 12.0,
        "loss_pct": 2.5,
        "throughput_mbps": 30,
        "edge_load": 0.9
      }
    },
    {
      "turn": 7,
      "speaker": "agent",
      "intent": "switch to URLLC and reduce sensor load",
      "actions": [
        {
          "type": "mcp",
          "name": "switch_network_slice",
          "args": {
            "target": "URLLC"
          }
        },
        {
          "type": "mcp",
          "name": "deactivate_sensor",
          "args": {
            "sensor": "thermal"
          }
        }
      ],
      "obs": [
        {
          "tool": "switch_network_slice",
          "result": {
            "status": "success",
            "new_slice": "URLLC"
          }
        },
        {
          "tool": "deactivate_sensor",
          "result": {
            "sensor": "thermal",
            "status": "deactivated"
          }
        }
      ],
      "net": {
        "slice": "URLLC",
        "lat_ms": 5.1,
        "jitter_ms": 1.3,
        "loss_pct": 0.03,
        "throughput_mbps": 40,
        "edge_load": 0.5
      }
    },
    {
      "turn": 8,
      "speaker": "user",
      "intent": "confirm safe corridor and approve final approach",
      "actions": [
        {
          "type": "mcp",
          "name": "verify_geofence_compliance",
          "args": {}
        }
      ],
      "obs": [
        {
          "tool": "verify_geofence_compliance",
          "result": {
            "status": "within_bounds",
            "distance_to_boundary_m": 120.5
          }
        }
      ],
      "net": {
        "slice": "URLLC",
        "lat_ms": 4.0,
        "jitter_ms": 1.1,
        "loss_pct": 0.02,
        "throughput_mbps": 48,
        "edge_load": 0.42
      }
    },
    {
      "turn": 9,
      "speaker": "agent",
      "intent": "execute final waypoint and stabilize",
      "actions": [
        {
          "type": "mcp",
          "name": "navigate_to_waypoint",
          "args": {
            "waypoint": [
              900.0,
              700.0,
              50.0
            ]
          }
        }
      ],
      "obs": [
        {
          "tool": "navigate_to_waypoint",
          "result": {
            "status": "reached",
            "timestamp_s": 178.3,
            "battery_pct": 88.7
          }
        }
      ],
      "net": {
        "slice": "URLLC",
        "lat_ms": 3.5,
        "jitter_ms": 0.7,
        "loss_pct": 0.01,
        "throughput_mbps": 52,
        "edge_load": 0.38
      }
    },
    {
      "turn": 10,
      "speaker": "user",
      "intent": "request mission summary and telemetry log",
      "actions": [
        {
          "type": "mcp",
          "name": "download_telemetry_log",
          "args": {
            "start_time": 0.0,
            "end_time": 178.3
          }
        }
      ],
      "obs": [
        {
          "tool": "download_telemetry_log",
          "result": {
            "status": "completed",
            "data_volume_mb": 12.4,
            "integrity": "verified"
          }
        }
      ],
      "net": {
        "slice": "mMTC",
        "lat_ms": 25.0,
        "jitter_ms": 5.0,
        "loss_pct": 0.5,
        "throughput_mbps": 1.2,
        "edge_load": 0.2
      }
    }
  ],
  "final_state": {
    "domain": "uav",
    "time_s": 178.3,
    "env": {
      "weather": "dust",
      "wind_mps": 8.0,
      "wind_dir_deg": 270.0
    },
    "airspace": {
      "alt_bounds": [
        10.0,
        150.0
      ],
      "geofence": [
        {
          "type": "polygon",
          "points": [
            [
              0.0,
              0.0
            ],
            [
              1000.0,
              0.0
            ],
            [
              1000.0,
              800.0
            ],
            [
              0.0,
              800.0
            ]
          ]
        }
      ]
    },
    "uav": {
      "pose": {
        "x": 900.0,
        "y": 700.0,
        "z": 50.0,
        "yaw": 90.0
      },
      "speed_mps": 0.0,
      "energy": {
        "battery_pct": 88.7
      },
      "sensors": {
        "rgb": "ok",
        "thermal": "standby",
        "lidar": "ok",
        "radar": "ok",
        "gnss": "ok",
        "imu": "ok",
        "magnetometer": "ok",
        "barometer": "ok"
      },
      "payloads": []
    },
    "policy": {
      "alt_bounds": [
        10.0,
        150.0
      ]
    },
    "safety_flags": {
      "nfz_violation": false,
      "separation_breach": false
    }
  },
  "success": true,
  "_meta": {
    "seed": 42,
    "ts": 1763952550,
    "ts_iso": "2025-11-24T02:49:10Z",
    "gen_time_s": 51.00795555114746,
    "attempts_used": 1,
    "generation_failed": false,
    "usage": {
      "prompt_tokens": 1068,
      "completion_tokens": 3242,
      "total_tokens": 4310,
      "cost": 0.00275992,
      "is_byok": false,
      "prompt_tokens_details": {
        "cached_tokens": 624,
        "audio_tokens": 0,
        "video_tokens": 0
      },
      "cost_details": {
        "upstream_inference_cost": null,
        "upstream_inference_prompt_cost": 0.00016632,
        "upstream_inference_completions_cost": 0.0025936
      },
      "completion_tokens_details": {
        "reasoning_tokens": 0,
        "image_tokens": 0
      }
    }
  }
}