{
  "initial_state": {
    "domain": "uav",
    "time_s": 0.0,
    "env": {
      "weather": "microburst_risk",
      "wind_mps": 8.5,
      "wind_dir_deg": 240.0
    },
    "airspace": {
      "alt_bounds": [
        10.0,
        120.0
      ],
      "geofence": [
        {
          "type": "polygon",
          "points": [
            [
              0,
              0
            ],
            [
              200,
              0
            ],
            [
              200,
              300
            ],
            [
              0,
              300
            ]
          ]
        }
      ]
    },
    "uav": {
      "pose": {
        "x": 10.0,
        "y": 10.0,
        "z": 25.0,
        "yaw": 90.0
      },
      "speed_mps": 18.0,
      "energy": {
        "battery_pct": 100.0
      },
      "sensors": {
        "rgb": "ok",
        "thermal": "offline",
        "lidar": "ok",
        "radar": "offline",
        "gnss": "ok",
        "imu": "ok",
        "magnetometer": "ok",
        "barometer": "ok"
      },
      "payloads": []
    },
    "policy": {
      "alt_bounds": [
        10.0,
        120.0
      ]
    },
    "safety_flags": {
      "nfz_violation": false,
      "separation_breach": false
    }
  },
  "dialogue": [
    {
      "turn": 1,
      "speaker": "agent",
      "intent": "initiate_mission",
      "actions": [
        {
          "type": "mcp",
          "name": "read_telemetry",
          "args": {}
        }
      ],
      "obs": [
        {
          "tool": "read_telemetry",
          "result": {
            "pose": {
              "x": 10.0,
              "y": 10.0,
              "z": 25.0
            },
            "battery_pct": 100.0,
            "speed_mps": 18.0
          }
        }
      ],
      "net": {
        "slice": "eMBB",
        "lat_ms": 12,
        "jitter_ms": 2,
        "loss_pct": 0.1,
        "throughput_mbps": 850,
        "edge_load": 0.45
      }
    },
    {
      "turn": 2,
      "speaker": "user",
      "intent": "confirm_mission_start",
      "actions": [],
      "obs": [],
      "net": {
        "slice": "eMBB",
        "lat_ms": 11,
        "jitter_ms": 1.8,
        "loss_pct": 0.05,
        "throughput_mbps": 870,
        "edge_load": 0.47
      }
    },
    {
      "turn": 3,
      "speaker": "agent",
      "intent": "request_swarm_coordination",
      "actions": [
        {
          "type": "a2a",
          "task": "collision_avoidance",
          "to": "uav_swarm_agent",
          "payload": {
            "current_pose": {
              "x": 10.0,
              "y": 10.0,
              "z": 25.0
            },
            "waypoints": [
              {
                "x": 150,
                "y": 150,
                "z": 60
              }
            ]
          }
        }
      ],
      "obs": [
        {
          "task": "collision_avoidance",
          "from": "uav_swarm_agent",
          "status": "ok",
          "payload": {
            "clearance": true,
            "recommended_alt": 60
          }
        }
      ],
      "net": {
        "slice": "URLLC",
        "lat_ms": 8,
        "jitter_ms": 0.9,
        "loss_pct": 0.02,
        "throughput_mbps": 120,
        "edge_load": 0.3
      }
    },
    {
      "turn": 4,
      "speaker": "user",
      "intent": "approve_waypoint",
      "actions": [
        {
          "type": "mcp",
          "name": "set_waypoint",
          "args": {
            "x": 150,
            "y": 150,
            "z": 60
          }
        }
      ],
      "obs": [
        {
          "tool": "set_waypoint",
          "result": {
            "status": "accepted",
            "eta_s": 24.5
          }
        }
      ],
      "net": {
        "slice": "URLLC",
        "lat_ms": 7.5,
        "jitter_ms": 0.8,
        "loss_pct": 0.01,
        "throughput_mbps": 130,
        "edge_load": 0.32
      }
    },
    {
      "turn": 5,
      "speaker": "agent",
      "intent": "monitor_environment",
      "actions": [
        {
          "type": "mcp",
          "name": "read_weather",
          "args": {}
        }
      ],
      "obs": [
        {
          "tool": "read_weather",
          "result": {
            "weather": "microburst_risk",
            "wind_mps": 12.3,
            "wind_dir_deg": 250.0
          }
        }
      ],
      "net": {
        "slice": "mMTC",
        "lat_ms": 50,
        "jitter_ms": 15,
        "loss_pct": 1.2,
        "throughput_mbps": 1.5,
        "edge_load": 0.85
      }
    },
    {
      "turn": 6,
      "speaker": "user",
      "intent": "adjust_altitude_due_to_wind",
      "actions": [
        {
          "type": "mcp",
          "name": "adjust_altitude",
          "args": {
            "target_z": 80
          }
        }
      ],
      "obs": [
        {
          "tool": "adjust_altitude",
          "result": {
            "status": "executing",
            "target_z": 80,
            "battery_impact": 3.2
          }
        }
      ],
      "net": {
        "slice": "URLLC",
        "lat_ms": 9,
        "jitter_ms": 1.1,
        "loss_pct": 0.03,
        "throughput_mbps": 110,
        "edge_load": 0.78
      }
    },
    {
      "turn": 7,
      "speaker": "agent",
      "intent": "check_sensor_status",
      "actions": [
        {
          "type": "mcp",
          "name": "diagnose_sensor",
          "args": {
            "sensor": "thermal"
          }
        }
      ],
      "obs": [
        {
          "tool": "diagnose_sensor",
          "result": {
            "sensor": "thermal",
            "status": "faulty",
            "recommendation": "bypass"
          }
        }
      ],
      "net": {
        "slice": "mMTC",
        "lat_ms": 60,
        "jitter_ms": 20,
        "loss_pct": 2.5,
        "throughput_mbps": 0.8,
        "edge_load": 0.92
      }
    },
    {
      "turn": 8,
      "speaker": "user",
      "intent": "request_emergency_return",
      "actions": [
        {
          "type": "mcp",
          "name": "set_waypoint",
          "args": {
            "x": 10,
            "y": 10,
            "z": 25
          }
        }
      ],
      "obs": [
        {
          "tool": "set_waypoint",
          "result": {
            "status": "accepted",
            "eta_s": 28.1
          }
        }
      ],
      "net": {
        "slice": "URLLC",
        "lat_ms": 6,
        "jitter_ms": 0.7,
        "loss_pct": 0.01,
        "throughput_mbps": 140,
        "edge_load": 0.4
      }
    },
    {
      "turn": 9,
      "speaker": "agent",
      "intent": "verify_return_path_safety",
      "actions": [
        {
          "type": "a2a",
          "task": "path_clearance_check",
          "to": "uav_swarm_agent",
          "payload": {
            "path": [
              {
                "x": 150,
                "y": 150,
                "z": 80
              },
              {
                "x": 10,
                "y": 10,
                "z": 25
              }
            ]
          }
        }
      ],
      "obs": [
        {
          "task": "path_clearance_check",
          "from": "uav_swarm_agent",
          "status": "ok",
          "payload": {
            "obstacles": [],
            "clear": true
          }
        }
      ],
      "net": {
        "slice": "URLLC",
        "lat_ms": 7,
        "jitter_ms": 0.8,
        "loss_pct": 0.02,
        "throughput_mbps": 135,
        "edge_load": 0.42
      }
    },
    {
      "turn": 10,
      "speaker": "user",
      "intent": "confirm_safe_return",
      "actions": [],
      "obs": [],
      "net": {
        "slice": "eMBB",
        "lat_ms": 13,
        "jitter_ms": 2.1,
        "loss_pct": 0.15,
        "throughput_mbps": 800,
        "edge_load": 0.5
      }
    }
  ],
  "final_state": {
    "domain": "uav",
    "time_s": 281.0,
    "env": {
      "weather": "microburst_risk",
      "wind_mps": 11.8,
      "wind_dir_deg": 248.0
    },
    "airspace": {
      "alt_bounds": [
        10.0,
        120.0
      ],
      "geofence": [
        {
          "type": "polygon",
          "points": [
            [
              0,
              0
            ],
            [
              200,
              0
            ],
            [
              200,
              300
            ],
            [
              0,
              300
            ]
          ]
        }
      ]
    },
    "uav": {
      "pose": {
        "x": 10.0,
        "y": 10.0,
        "z": 25.0,
        "yaw": 90.0
      },
      "speed_mps": 0.0,
      "energy": {
        "battery_pct": 88.5
      },
      "sensors": {
        "rgb": "ok",
        "thermal": "faulty",
        "lidar": "ok",
        "radar": "offline",
        "gnss": "ok",
        "imu": "ok",
        "magnetometer": "ok",
        "barometer": "ok"
      },
      "payloads": []
    },
    "policy": {
      "alt_bounds": [
        10.0,
        120.0
      ]
    },
    "safety_flags": {
      "nfz_violation": false,
      "separation_breach": false
    }
  },
  "success": true,
  "_meta": {
    "seed": 42,
    "ts": 1763723507,
    "ts_iso": "2025-11-21T11:11:47Z",
    "gen_time_s": 81.89844131469727,
    "attempts_used": 2,
    "generation_failed": false,
    "usage": {
      "prompt_tokens": 1102,
      "completion_tokens": 2878,
      "total_tokens": 3980,
      "cost": 0.00247092,
      "is_byok": false,
      "prompt_tokens_details": {
        "cached_tokens": 672,
        "audio_tokens": 0,
        "video_tokens": 0
      },
      "cost_details": {
        "upstream_inference_cost": null,
        "upstream_inference_prompt_cost": 0.00016852,
        "upstream_inference_completions_cost": 0.0023024
      },
      "completion_tokens_details": {
        "reasoning_tokens": 0,
        "image_tokens": 0
      }
    }
  }
}