{
  "initial_state": {
    "domain": "uav",
    "time_s": 0.0,
    "env": {
      "weather": "dust",
      "wind_mps": 8.5,
      "wind_dir_deg": 210.0
    },
    "airspace": {
      "alt_bounds": [
        0.0,
        300.0
      ],
      "geofence": [
        {
          "type": "polygon",
          "points": [
            [
              0,
              0
            ],
            [
              1200,
              0
            ],
            [
              1200,
              800
            ],
            [
              0,
              800
            ]
          ]
        }
      ]
    },
    "uav": {
      "pose": {
        "x": 150.0,
        "y": 400.0,
        "z": 30.0,
        "yaw": 270.0
      },
      "speed_mps": 28.0,
      "energy": {
        "battery_pct": 100.0
      },
      "sensors": {
        "rgb": "ok",
        "thermal": "offline",
        "lidar": "offline",
        "radar": "ok",
        "gnss": "ok",
        "imu": "ok",
        "magnetometer": "ok",
        "barometer": "ok"
      },
      "payloads": []
    },
    "policy": {
      "alt_bounds": [
        0.0,
        300.0
      ]
    },
    "safety_flags": {
      "nfz_violation": false,
      "separation_breach": false
    }
  },
  "dialogue": [
    {
      "turn": 1,
      "speaker": "agent",
      "intent": "initiate_mission",
      "actions": [
        {
          "type": "mcp",
          "name": "read_telemetry",
          "args": {}
        }
      ],
      "obs": [
        {
          "tool": "read_telemetry",
          "result": {
            "pose": {
              "x": 150.0,
              "y": 400.0,
              "z": 30.0,
              "yaw": 270.0
            },
            "speed_mps": 28.0,
            "battery_pct": 100.0
          }
        }
      ],
      "net": {
        "slice": "eMBB",
        "lat_ms": 12,
        "jitter_ms": 2,
        "loss_pct": 0.1,
        "throughput_mbps": 850,
        "edge_load": 0.45
      }
    },
    {
      "turn": 2,
      "speaker": "user",
      "intent": "confirm_mission",
      "actions": [
        {
          "type": "mcp",
          "name": "check_geofence",
          "args": {}
        }
      ],
      "obs": [
        {
          "tool": "check_geofence",
          "result": {
            "inside": true,
            "distance_to_boundary_m": 150.0
          }
        }
      ],
      "net": {
        "slice": "eMBB",
        "lat_ms": 11,
        "jitter_ms": 1.8,
        "loss_pct": 0.05,
        "throughput_mbps": 870,
        "edge_load": 0.47
      }
    },
    {
      "turn": 3,
      "speaker": "agent",
      "intent": "assess_sensor_status",
      "actions": [
        {
          "type": "mcp",
          "name": "diagnose_sensors",
          "args": {}
        }
      ],
      "obs": [
        {
          "tool": "diagnose_sensors",
          "result": {
            "status": "partial",
            "offline": [
              "thermal",
              "lidar"
            ],
            "online": [
              "rgb",
              "radar",
              "gnss",
              "imu",
              "magnetometer",
              "barometer"
            ]
          }
        }
      ],
      "net": {
        "slice": "URLLC",
        "lat_ms": 8,
        "jitter_ms": 0.9,
        "loss_pct": 0.02,
        "throughput_mbps": 120,
        "edge_load": 0.38
      }
    },
    {
      "turn": 4,
      "speaker": "user",
      "intent": "request_swarm_coordination",
      "actions": [
        {
          "type": "a2a",
          "task": "collision_avoidance",
          "to": "uav_swarm_agent",
          "payload": {
            "current_pose": {
              "x": 150.0,
              "y": 400.0,
              "z": 30.0
            },
            "speed": 28.0,
            "trajectory": [
              [
                200,
                400
              ],
              [
                400,
                400
              ],
              [
                600,
                400
              ]
            ]
          }
        }
      ],
      "obs": [
        {
          "task": "collision_avoidance",
          "from": "uav_swarm_agent",
          "status": "ok",
          "payload": {
            "clear_path": true,
            "recommended_alt": 45.0
          }
        }
      ],
      "net": {
        "slice": "URLLC",
        "lat_ms": 7,
        "jitter_ms": 0.7,
        "loss_pct": 0.01,
        "throughput_mbps": 110,
        "edge_load": 0.35
      }
    },
    {
      "turn": 5,
      "speaker": "agent",
      "intent": "adjust_flight_plan",
      "actions": [
        {
          "type": "mcp",
          "name": "set_altitude",
          "args": {
            "target_z": 45.0
          }
        }
      ],
      "obs": [
        {
          "tool": "set_altitude",
          "result": {
            "status": "executing",
            "target": 45.0,
            "current": 38.2
          }
        }
      ],
      "net": {
        "slice": "URLLC",
        "lat_ms": 9,
        "jitter_ms": 1.1,
        "loss_pct": 0.03,
        "throughput_mbps": 105,
        "edge_load": 0.41
      }
    },
    {
      "turn": 6,
      "speaker": "user",
      "intent": "monitor_environment",
      "actions": [
        {
          "type": "mcp",
          "name": "read_weather",
          "args": {}
        }
      ],
      "obs": [
        {
          "tool": "read_weather",
          "result": {
            "weather": "dust",
            "wind_mps": 9.2,
            "wind_dir_deg": 215.0,
            "visibility_m": 600
          }
        }
      ],
      "net": {
        "slice": "mMTC",
        "lat_ms": 120,
        "jitter_ms": 25,
        "loss_pct": 1.8,
        "throughput_mbps": 1.2,
        "edge_load": 0.78
      }
    },
    {
      "turn": 7,
      "speaker": "agent",
      "intent": "adapt_to_weather",
      "actions": [
        {
          "type": "mcp",
          "name": "reduce_speed",
          "args": {
            "target_speed": 20.0
          }
        }
      ],
      "obs": [
        {
          "tool": "reduce_speed",
          "result": {
            "status": "completed",
            "from": 28.0,
            "to": 20.0
          }
        }
      ],
      "net": {
        "slice": "URLLC",
        "lat_ms": 10,
        "jitter_ms": 1.3,
        "loss_pct": 0.04,
        "throughput_mbps": 95,
        "edge_load": 0.43
      }
    },
    {
      "turn": 8,
      "speaker": "user",
      "intent": "request_data_stream",
      "actions": [
        {
          "type": "mcp",
          "name": "stream_rgb_video",
          "args": {
            "duration_s": 30,
            "resolution": "720p"
          }
        }
      ],
      "obs": [
        {
          "tool": "stream_rgb_video",
          "result": {
            "status": "throttled",
            "actual_resolution": "480p",
            "bitrate_kbps": 800,
            "reason": "network_congestion"
          }
        }
      ],
      "net": {
        "slice": "eMBB",
        "lat_ms": 45,
        "jitter_ms": 12,
        "loss_pct": 2.5,
        "throughput_mbps": 210,
        "edge_load": 0.89
      }
    },
    {
      "turn": 9,
      "speaker": "agent",
      "intent": "optimize_communication",
      "actions": [
        {
          "type": "a2a",
          "task": "handover_edge_node",
          "to": "6g_orchestrator",
          "payload": {
            "current_node": "edge_45b",
            "preferred_node": "edge_32a",
            "reason": "lower_load"
          }
        }
      ],
      "obs": [
        {
          "task": "handover_edge_node",
          "from": "6g_orchestrator",
          "status": "completed",
          "payload": {
            "new_node": "edge_32a",
            "lat_ms": 6,
            "throughput_mbps": 920
          }
        }
      ],
      "net": {
        "slice": "URLLC",
        "lat_ms": 6,
        "jitter_ms": 0.5,
        "loss_pct": 0.01,
        "throughput_mbps": 920,
        "edge_load": 0.31
      }
    },
    {
      "turn": 10,
      "speaker": "user",
      "intent": "request_return",
      "actions": [
        {
          "type": "mcp",
          "name": "set_waypoint",
          "args": {
            "x": 150.0,
            "y": 400.0,
            "z": 30.0
          }
        }
      ],
      "obs": [
        {
          "tool": "set_waypoint",
          "result": {
            "status": "accepted",
            "eta_s": 68
          }
        }
      ],
      "net": {
        "slice": "URLLC",
        "lat_ms": 7,
        "jitter_ms": 0.6,
        "loss_pct": 0.02,
        "throughput_mbps": 890,
        "edge_load": 0.33
      }
    },
    {
      "turn": 11,
      "speaker": "agent",
      "intent": "land_uav",
      "actions": [
        {
          "type": "mcp",
          "name": "execute_landing",
          "args": {}
        }
      ],
      "obs": [
        {
          "tool": "execute_landing",
          "result": {
            "status": "completed",
            "final_pose": {
              "x": 150.0,
              "y": 400.0,
              "z": 0.5,
              "yaw": 270.0
            },
            "battery_pct": 88.2
          }
        }
      ],
      "net": {
        "slice": "URLLC",
        "lat_ms": 8,
        "jitter_ms": 0.8,
        "loss_pct": 0.01,
        "throughput_mbps": 850,
        "edge_load": 0.36
      }
    }
  ],
  "final_state": {
    "domain": "uav",
    "time_s": 125.0,
    "env": {
      "weather": "dust",
      "wind_mps": 9.2,
      "wind_dir_deg": 215.0
    },
    "airspace": {
      "alt_bounds": [
        0.0,
        300.0
      ],
      "geofence": [
        {
          "type": "polygon",
          "points": [
            [
              0,
              0
            ],
            [
              1200,
              0
            ],
            [
              1200,
              800
            ],
            [
              0,
              800
            ]
          ]
        }
      ]
    },
    "uav": {
      "pose": {
        "x": 150.0,
        "y": 400.0,
        "z": 0.5,
        "yaw": 270.0
      },
      "speed_mps": 0.0,
      "energy": {
        "battery_pct": 88.2
      },
      "sensors": {
        "rgb": "ok",
        "thermal": "offline",
        "lidar": "offline",
        "radar": "ok",
        "gnss": "ok",
        "imu": "ok",
        "magnetometer": "ok",
        "barometer": "ok"
      },
      "payloads": []
    },
    "policy": {
      "alt_bounds": [
        0.0,
        300.0
      ]
    },
    "safety_flags": {
      "nfz_violation": false,
      "separation_breach": false
    }
  },
  "success": true,
  "_meta": {
    "seed": 42,
    "ts": 1763710418,
    "ts_iso": "2025-11-21T07:33:38Z",
    "gen_time_s": 54.866358280181885,
    "attempts_used": 1,
    "generation_failed": false,
    "usage": {
      "prompt_tokens": 1056,
      "completion_tokens": 3288,
      "total_tokens": 4344,
      "cost": 0.00279408,
      "is_byok": false,
      "prompt_tokens_details": {
        "cached_tokens": 624,
        "audio_tokens": 0,
        "video_tokens": 0
      },
      "cost_details": {
        "upstream_inference_cost": null,
        "upstream_inference_prompt_cost": 0.00016368,
        "upstream_inference_completions_cost": 0.0026304
      },
      "completion_tokens_details": {
        "reasoning_tokens": 0,
        "image_tokens": 0
      }
    }
  }
}