{
  "initial_state": {
    "domain": "uav",
    "time_s": 0.0,
    "env": {
      "weather": "good",
      "wind_mps": 6.0,
      "wind_dir_deg": 135.0
    },
    "airspace": {
      "alt_bounds": [
        5.0,
        150.0
      ],
      "geofence": [
        {
          "type": "polygon",
          "points": [
            [
              0,
              0
            ],
            [
              800,
              0
            ],
            [
              800,
              600
            ],
            [
              0,
              600
            ]
          ]
        }
      ]
    },
    "uav": {
      "pose": {
        "x": 50.0,
        "y": 300.0,
        "z": 30.0,
        "yaw": 90.0
      },
      "speed_mps": 45.0,
      "energy": {
        "battery_pct": 100.0
      },
      "sensors": {
        "rgb": "ok",
        "thermal": "offline",
        "lidar": "ok",
        "radar": "offline",
        "gnss": "ok",
        "imu": "ok",
        "magnetometer": "ok",
        "barometer": "ok"
      },
      "payloads": []
    },
    "policy": {
      "alt_bounds": [
        5.0,
        150.0
      ]
    },
    "safety_flags": {
      "nfz_violation": false,
      "separation_breach": false
    }
  },
  "dialogue": [
    {
      "turn": 1,
      "speaker": "agent",
      "intent": "initiate mission and check telemetry",
      "actions": [
        {
          "type": "mcp",
          "name": "read_telemetry",
          "args": {}
        }
      ],
      "obs": [
        {
          "tool": "read_telemetry",
          "result": {
            "pose": {
              "x": 50.0,
              "y": 300.0,
              "z": 30.0,
              "yaw": 90.0
            },
            "speed_mps": 45.0,
            "battery_pct": 100.0,
            "sensors": {
              "rgb": "ok",
              "thermal": "offline",
              "lidar": "ok",
              "radar": "offline",
              "gnss": "ok",
              "imu": "ok"
            }
          }
        }
      ],
      "net": {
        "slice": "eMBB",
        "lat_ms": 12,
        "jitter_ms": 2,
        "loss_pct": 0.1,
        "throughput_mbps": 850,
        "edge_load": 0.45
      }
    },
    {
      "turn": 2,
      "speaker": "user",
      "intent": "confirm readiness and assign waypoint",
      "actions": [
        {
          "type": "mcp",
          "name": "set_waypoint",
          "args": {
            "x": 700.0,
            "y": 500.0,
            "z": 100.0
          }
        }
      ],
      "obs": [
        {
          "tool": "set_waypoint",
          "result": {
            "status": "accepted",
            "target": {
              "x": 700.0,
              "y": 500.0,
              "z": 100.0
            }
          }
        }
      ],
      "net": {
        "slice": "eMBB",
        "lat_ms": 14,
        "jitter_ms": 3,
        "loss_pct": 0.2,
        "throughput_mbps": 800,
        "edge_load": 0.5
      }
    },
    {
      "turn": 3,
      "speaker": "agent",
      "intent": "verify geofence compliance and initiate flight",
      "actions": [
        {
          "type": "mcp",
          "name": "check_geofence",
          "args": {
            "waypoint": {
              "x": 700.0,
              "y": 500.0
            }
          }
        },
        {
          "type": "mcp",
          "name": "fly_to_waypoint",
          "args": {
            "x": 700.0,
            "y": 500.0,
            "z": 100.0,
            "speed": 50.0
          }
        }
      ],
      "obs": [
        {
          "tool": "check_geofence",
          "result": {
            "inside": true,
            "violation_risk": "low"
          }
        },
        {
          "tool": "fly_to_waypoint",
          "result": {
            "status": "in_progress",
            "eta_s": 18.5
          }
        }
      ],
      "net": {
        "slice": "URLLC",
        "lat_ms": 8,
        "jitter_ms": 1,
        "loss_pct": 0.05,
        "throughput_mbps": 100,
        "edge_load": 0.3
      }
    },
    {
      "turn": 4,
      "speaker": "user",
      "intent": "request thermal sensor activation",
      "actions": [
        {
          "type": "mcp",
          "name": "activate_sensor",
          "args": {
            "sensor": "thermal"
          }
        }
      ],
      "obs": [
        {
          "tool": "activate_sensor",
          "result": {
            "sensor": "thermal",
            "status": "failed",
            "reason": "hardware_offline"
          }
        }
      ],
      "net": {
        "slice": "URLLC",
        "lat_ms": 7,
        "jitter_ms": 1,
        "loss_pct": 0.03,
        "throughput_mbps": 95,
        "edge_load": 0.32
      }
    },
    {
      "turn": 5,
      "speaker": "agent",
      "intent": "report sensor failure and suggest redundancy",
      "actions": [
        {
          "type": "a2a",
          "task": "request_thermal_coverage",
          "to": "uav_swarm_agent",
          "payload": {
            "area": {
              "center": {
                "x": 700,
                "y": 500
              },
              "radius_m": 50
            }
          }
        }
      ],
      "obs": [
        {
          "task": "request_thermal_coverage",
          "from": "uav_swarm_agent",
          "status": "ok",
          "payload": {
            "uav_id": "uav-7",
            "eta_s": 22,
            "coverage_plan": "assigned"
          }
        }
      ],
      "net": {
        "slice": "mMTC",
        "lat_ms": 25,
        "jitter_ms": 5,
        "loss_pct": 0.8,
        "throughput_mbps": 1.2,
        "edge_load": 0.75
      }
    },
    {
      "turn": 6,
      "speaker": "user",
      "intent": "acknowledge and request status update",
      "actions": [
        {
          "type": "mcp",
          "name": "read_telemetry",
          "args": {}
        }
      ],
      "obs": [
        {
          "tool": "read_telemetry",
          "result": {
            "pose": {
              "x": 420.0,
              "y": 440.0,
              "z": 98.0,
              "yaw": 88.5
            },
            "speed_mps": 48.0,
            "battery_pct": 96.2,
            "sensors": {
              "lidar": "ok",
              "rgb": "ok"
            }
          }
        }
      ],
      "net": {
        "slice": "URLLC",
        "lat_ms": 9,
        "jitter_ms": 1.5,
        "loss_pct": 0.1,
        "throughput_mbps": 110,
        "edge_load": 0.35
      }
    },
    {
      "turn": 7,
      "speaker": "agent",
      "intent": "detect network degradation and adapt",
      "actions": [
        {
          "type": "mcp",
          "name": "reduce_stream_quality",
          "args": {
            "stream": "rgb",
            "target_bitrate_kbps": 512
          }
        }
      ],
      "obs": [
        {
          "tool": "reduce_stream_quality",
          "result": {
            "stream": "rgb",
            "bitrate_kbps": 512,
            "status": "applied"
          }
        }
      ],
      "net": {
        "slice": "eMBB",
        "lat_ms": 45,
        "jitter_ms": 12,
        "loss_pct": 4.5,
        "throughput_mbps": 200,
        "edge_load": 0.88
      }
    },
    {
      "turn": 8,
      "speaker": "user",
      "intent": "instruct to return early due to weather alert",
      "actions": [
        {
          "type": "mcp",
          "name": "set_waypoint",
          "args": {
            "x": 50.0,
            "y": 300.0,
            "z": 30.0
          }
        }
      ],
      "obs": [
        {
          "tool": "set_waypoint",
          "result": {
            "status": "accepted",
            "target": {
              "x": 50.0,
              "y": 300.0,
              "z": 30.0
            }
          }
        }
      ],
      "net": {
        "slice": "URLLC",
        "lat_ms": 10,
        "jitter_ms": 2,
        "loss_pct": 0.15,
        "throughput_mbps": 90,
        "edge_load": 0.4
      }
    },
    {
      "turn": 9,
      "speaker": "agent",
      "intent": "initiate return and conserve energy",
      "actions": [
        {
          "type": "mcp",
          "name": "fly_to_waypoint",
          "args": {
            "x": 50.0,
            "y": 300.0,
            "z": 30.0,
            "speed": 40.0
          }
        },
        {
          "type": "mcp",
          "name": "deactivate_sensor",
          "args": {
            "sensor": "lidar"
          }
        }
      ],
      "obs": [
        {
          "tool": "fly_to_waypoint",
          "result": {
            "status": "in_progress",
            "eta_s": 16.8
          }
        },
        {
          "tool": "deactivate_sensor",
          "result": {
            "sensor": "lidar",
            "status": "deactivated"
          }
        }
      ],
      "net": {
        "slice": "URLLC",
        "lat_ms": 9,
        "jitter_ms": 1.8,
        "loss_pct": 0.1,
        "throughput_mbps": 98,
        "edge_load": 0.38
      }
    },
    {
      "turn": 10,
      "speaker": "user",
      "intent": "confirm safe return",
      "actions": [
        {
          "type": "mcp",
          "name": "read_telemetry",
          "args": {}
        }
      ],
      "obs": [
        {
          "tool": "read_telemetry",
          "result": {
            "pose": {
              "x": 120.0,
              "y": 280.0,
              "z": 32.0,
              "yaw": 270.0
            },
            "speed_mps": 38.0,
            "battery_pct": 92.5,
            "status": "returning"
          }
        }
      ],
      "net": {
        "slice": "URLLC",
        "lat_ms": 8,
        "jitter_ms": 1,
        "loss_pct": 0.08,
        "throughput_mbps": 105,
        "edge_load": 0.33
      }
    }
  ],
  "final_state": {
    "domain": "uav",
    "time_s": 100.0,
    "env": {
      "weather": "deteriorating",
      "wind_mps": 14.0,
      "wind_dir_deg": 135.0
    },
    "airspace": {
      "alt_bounds": [
        5.0,
        150.0
      ],
      "geofence": [
        {
          "type": "polygon",
          "points": [
            [
              0,
              0
            ],
            [
              800,
              0
            ],
            [
              800,
              600
            ],
            [
              0,
              600
            ]
          ]
        }
      ]
    },
    "uav": {
      "pose": {
        "x": 50.0,
        "y": 300.0,
        "z": 30.0,
        "yaw": 90.0
      },
      "speed_mps": 0.0,
      "energy": {
        "battery_pct": 90.1
      },
      "sensors": {
        "rgb": "ok",
        "thermal": "offline",
        "lidar": "standby",
        "radar": "offline",
        "gnss": "ok",
        "imu": "ok",
        "magnetometer": "ok",
        "barometer": "ok"
      },
      "payloads": []
    },
    "policy": {
      "alt_bounds": [
        5.0,
        150.0
      ]
    },
    "safety_flags": {
      "nfz_violation": false,
      "separation_breach": false
    }
  },
  "success": true,
  "_meta": {
    "seed": 42,
    "ts": 1763908757,
    "ts_iso": "2025-11-23T14:39:17Z",
    "gen_time_s": 41.80005407333374,
    "attempts_used": 1,
    "generation_failed": false,
    "usage": {
      "prompt_tokens": 1049,
      "completion_tokens": 3375,
      "total_tokens": 4424,
      "cost": 0.00286214,
      "is_byok": false,
      "prompt_tokens_details": {
        "cached_tokens": 624,
        "audio_tokens": 0,
        "video_tokens": 0
      },
      "cost_details": {
        "upstream_inference_cost": null,
        "upstream_inference_prompt_cost": 0.00016214,
        "upstream_inference_completions_cost": 0.0027
      },
      "completion_tokens_details": {
        "reasoning_tokens": 0,
        "image_tokens": 0
      }
    }
  }
}