{
  "initial_state": {
    "domain": "uav",
    "time_s": 0.0,
    "env": {
      "weather": "gusts",
      "wind_mps": 8.0,
      "wind_dir_deg": 240.0
    },
    "airspace": {
      "alt_bounds": [
        50.0,
        400.0
      ],
      "geofence": [
        {
          "type": "polygon",
          "points": [
            [
              200.0,
              200.0
            ],
            [
              1800.0,
              200.0
            ],
            [
              1800.0,
              1200.0
            ],
            [
              200.0,
              1200.0
            ]
          ]
        }
      ]
    },
    "uav": {
      "pose": {
        "x": 300.0,
        "y": 300.0,
        "z": 150.0,
        "yaw": 45.0
      },
      "speed_mps": 22.0,
      "energy": {
        "battery_pct": 100.0
      },
      "sensors": {
        "rgb": "ok",
        "thermal": "ok",
        "lidar": "offline",
        "radar": "offline",
        "gnss": "ok",
        "imu": "ok",
        "magnetometer": "ok",
        "barometer": "ok"
      },
      "payloads": []
    },
    "policy": {
      "alt_bounds": [
        50.0,
        400.0
      ]
    },
    "safety_flags": {
      "nfz_violation": false,
      "separation_breach": false
    }
  },
  "dialogue": [
    {
      "turn": 1,
      "speaker": "agent",
      "intent": "initiate_mission",
      "actions": [
        {
          "type": "mcp",
          "name": "read_telemetry",
          "args": {}
        },
        {
          "type": "a2a",
          "task": "request_weather_trend",
          "to": "weather_forecast_agent",
          "payload": {
            "location": [
              300.0,
              300.0
            ],
            "horizon_s": 300
          }
        }
      ],
      "obs": [
        {
          "tool": "read_telemetry",
          "result": {
            "pose": {
              "x": 300.0,
              "y": 300.0,
              "z": 150.0
            },
            "battery_pct": 100.0,
            "speed_mps": 22.0
          }
        },
        {
          "task": "request_weather_trend",
          "from": "weather_forecast_agent",
          "status": "ok",
          "payload": {
            "trend": "increasing_gusts",
            "confidence": 0.85
          }
        }
      ],
      "net": {
        "slice": "eMBB",
        "lat_ms": 18,
        "jitter_ms": 3,
        "loss_pct": 0.1,
        "throughput_mbps": 850,
        "edge_load": 0.35
      }
    },
    {
      "turn": 2,
      "speaker": "user",
      "intent": "approve_altitude_adjustment",
      "actions": [
        {
          "type": "mcp",
          "name": "set_altitude",
          "args": {
            "target_z": 250.0
          }
        }
      ],
      "obs": [
        {
          "tool": "set_altitude",
          "result": {
            "status": "accepted",
            "target_z": 250.0
          }
        }
      ],
      "net": {
        "slice": "URLLC",
        "lat_ms": 8,
        "jitter_ms": 1,
        "loss_pct": 0.05,
        "throughput_mbps": 120,
        "edge_load": 0.2
      }
    },
    {
      "turn": 3,
      "speaker": "agent",
      "intent": "ascend_to_thermal_layer",
      "actions": [
        {
          "type": "mcp",
          "name": "execute_maneuver",
          "args": {
            "maneuver": "climb",
            "rate_mps": 2.0,
            "target_z": 250.0
          }
        },
        {
          "type": "a2a",
          "task": "update_position",
          "to": "uav_swarm_agent",
          "payload": {
            "uav_id": "uav-7",
            "pose": {
              "x": 300.0,
              "y": 300.0,
              "z": 150.0
            }
          }
        }
      ],
      "obs": [
        {
          "tool": "execute_maneuver",
          "result": {
            "status": "in_progress",
            "current_z": 180.0,
            "time_to_completion_s": 35
          }
        },
        {
          "task": "update_position",
          "from": "uav_swarm_agent",
          "status": "ack",
          "payload": {
            "next_update_in_s": 10
          }
        }
      ],
      "net": {
        "slice": "URLLC",
        "lat_ms": 10,
        "jitter_ms": 2,
        "loss_pct": 0.1,
        "throughput_mbps": 100,
        "edge_load": 0.25
      }
    },
    {
      "turn": 4,
      "speaker": "user",
      "intent": "request_sensor_diagnostic",
      "actions": [
        {
          "type": "mcp",
          "name": "diagnose_sensor",
          "args": {
            "sensor": "lidar"
          }
        }
      ],
      "obs": [
        {
          "tool": "diagnose_sensor",
          "result": {
            "sensor": "lidar",
            "status": "faulty",
            "recommendation": "switch_to_radar"
          }
        }
      ],
      "net": {
        "slice": "mMTC",
        "lat_ms": 45,
        "jitter_ms": 12,
        "loss_pct": 1.2,
        "throughput_mbps": 1.5,
        "edge_load": 0.7
      }
    },
    {
      "turn": 5,
      "speaker": "agent",
      "intent": "compensate_sensor_failure",
      "actions": [
        {
          "type": "mcp",
          "name": "activate_sensor",
          "args": {
            "sensor": "radar"
          }
        },
        {
          "type": "a2a",
          "task": "request_radar_fusion",
          "to": "perception_agent",
          "payload": {
            "source": "radar",
            "fallback": true
          }
        }
      ],
      "obs": [
        {
          "tool": "activate_sensor",
          "result": {
            "sensor": "radar",
            "status": "online"
          }
        },
        {
          "task": "request_radar_fusion",
          "from": "perception_agent",
          "status": "processing",
          "payload": {
            "fusion_method": "kalman_filter",
            "inputs": [
              "radar",
              "gnss"
            ]
          }
        }
      ],
      "net": {
        "slice": "URLLC",
        "lat_ms": 9,
        "jitter_ms": 1,
        "loss_pct": 0.08,
        "throughput_mbps": 110,
        "edge_load": 0.3
      }
    },
    {
      "turn": 6,
      "speaker": "user",
      "intent": "redirect_to_waypoint",
      "actions": [
        {
          "type": "mcp",
          "name": "set_waypoint",
          "args": {
            "x": 1000.0,
            "y": 800.0,
            "z": 250.0
          }
        }
      ],
      "obs": [
        {
          "tool": "set_waypoint",
          "result": {
            "status": "confirmed",
            "eta_s": 120
          }
        }
      ],
      "net": {
        "slice": "eMBB",
        "lat_ms": 25,
        "jitter_ms": 6,
        "loss_pct": 0.3,
        "throughput_mbps": 700,
        "edge_load": 0.5
      }
    },
    {
      "turn": 7,
      "speaker": "agent",
      "intent": "monitor_wind_drift",
      "actions": [
        {
          "type": "mcp",
          "name": "read_telemetry",
          "args": {}
        },
        {
          "type": "a2a",
          "task": "collision_avoidance",
          "to": "uav_swarm_agent",
          "payload": {
            "current_pose": {
              "x": 600.0,
              "y": 550.0,
              "z": 250.0
            },
            "velocity": [
              20.0,
              18.0,
              0.0
            ]
          }
        }
      ],
      "obs": [
        {
          "tool": "read_telemetry",
          "result": {
            "pose": {
              "x": 600.0,
              "y": 550.0,
              "z": 250.0
            },
            "battery_pct": 92.0,
            "wind_drift": 3.5
          }
        },
        {
          "task": "collision_avoidance",
          "from": "uav_swarm_agent",
          "status": "clear",
          "payload": {
            "risk_level": "low",
            "recommended_action": "proceed"
          }
        }
      ],
      "net": {
        "slice": "URLLC",
        "lat_ms": 7,
        "jitter_ms": 1,
        "loss_pct": 0.05,
        "throughput_mbps": 130,
        "edge_load": 0.18
      }
    },
    {
      "turn": 8,
      "speaker": "user",
      "intent": "initiate_emergency_descent",
      "actions": [
        {
          "type": "mcp",
          "name": "set_altitude",
          "args": {
            "target_z": 80.0
          }
        }
      ],
      "obs": [
        {
          "tool": "set_altitude",
          "result": {
            "status": "accepted",
            "target_z": 80.0
          }
        }
      ],
      "net": {
        "slice": "URLLC",
        "lat_ms": 6,
        "jitter_ms": 1,
        "loss_pct": 0.04,
        "throughput_mbps": 140,
        "edge_load": 0.15
      }
    },
    {
      "turn": 9,
      "speaker": "agent",
      "intent": "execute_emergency_procedure",
      "actions": [
        {
          "type": "mcp",
          "name": "execute_maneuver",
          "args": {
            "maneuver": "descend",
            "rate_mps": 3.0,
            "target_z": 80.0
          }
        },
        {
          "type": "a2a",
          "task": "broadcast_emergency",
          "to": "control_center_agent",
          "payload": {
            "uav_id": "uav-7",
            "status": "emergency_descent",
            "reason": "high_wind_shear"
          }
        }
      ],
      "obs": [
        {
          "tool": "execute_maneuver",
          "result": {
            "status": "in_progress",
            "current_z": 220.0,
            "time_to_completion_s": 57
          }
        },
        {
          "task": "broadcast_emergency",
          "from": "control_center_agent",
          "status": "received",
          "payload": {
            "ack_id": "ack-9876",
            "response_eta_s": 10
          }
        }
      ],
      "net": {
        "slice": "URLLC",
        "lat_ms": 5,
        "jitter_ms": 0.8,
        "loss_pct": 0.02,
        "throughput_mbps": 150,
        "edge_load": 0.1
      }
    },
    {
      "turn": 10,
      "speaker": "user",
      "intent": "resume_normal_operation",
      "actions": [
        {
          "type": "mcp",
          "name": "set_waypoint",
          "args": {
            "x": 1500.0,
            "y": 1000.0,
            "z": 200.0
          }
        }
      ],
      "obs": [
        {
          "tool": "set_waypoint",
          "result": {
            "status": "confirmed",
            "eta_s": 150
          }
        }
      ],
      "net": {
        "slice": "mMTC",
        "lat_ms": 50,
        "jitter_ms": 15,
        "loss_pct": 1.5,
        "throughput_mbps": 1.2,
        "edge_load": 0.75
      }
    },
    {
      "turn": 11,
      "speaker": "agent",
      "intent": "stabilize_and_reassess",
      "actions": [
        {
          "type": "mcp",
          "name": "read_telemetry",
          "args": {}
        },
        {
          "type": "a2a",
          "task": "request_weather_trend",
          "to": "weather_forecast_agent",
          "payload": {
            "location": [
              1000.0,
              800.0
            ],
            "horizon_s": 600
          }
        }
      ],
      "obs": [
        {
          "tool": "read_telemetry",
          "result": {
            "pose": {
              "x": 1500.0,
              "y": 1000.0,
              "z": 200.0
            },
            "battery_pct": 85.0,
            "speed_mps": 18.0
          }
        },
        {
          "task": "request_weather_trend",
          "from": "weather_forecast_agent",
          "status": "ok",
          "payload": {
            "trend": "stabilizing",
            "confidence": 0.92
          }
        }
      ],
      "net": {
        "slice": "URLLC",
        "lat_ms": 9,
        "jitter_ms": 1.5,
        "loss_pct": 0.07,
        "throughput_mbps": 115,
        "edge_load": 0.22
      }
    }
  ],
  "final_state": {
    "domain": "uav",
    "time_s": 320.0,
    "env": {
      "weather": "gusts",
      "wind_mps": 8.0,
      "wind_dir_deg": 240.0
    },
    "airspace": {
      "alt_bounds": [
        50.0,
        400.0
      ],
      "geofence": [
        {
          "type": "polygon",
          "points": [
            [
              200.0,
              200.0
            ],
            [
              1800.0,
              200.0
            ],
            [
              1800.0,
              1200.0
            ],
            [
              200.0,
              1200.0
            ]
          ]
        }
      ]
    },
    "uav": {
      "pose": {
        "x": 1500.0,
        "y": 1000.0,
        "z": 200.0,
        "yaw": 45.0
      },
      "speed_mps": 18.0,
      "energy": {
        "battery_pct": 85.0
      },
      "sensors": {
        "rgb": "ok",
        "thermal": "ok",
        "lidar": "faulty",
        "radar": "online",
        "gnss": "ok",
        "imu": "ok",
        "magnetometer": "ok",
        "barometer": "ok"
      },
      "payloads": []
    },
    "policy": {
      "alt_bounds": [
        50.0,
        400.0
      ]
    },
    "safety_flags": {
      "nfz_violation": false,
      "separation_breach": false
    }
  },
  "success": true,
  "_meta": {
    "seed": 42,
    "ts": 1763802386,
    "ts_iso": "2025-11-22T09:06:26Z",
    "gen_time_s": 67.44813537597656,
    "attempts_used": 1,
    "generation_failed": false,
    "usage": {
      "prompt_tokens": 1081,
      "completion_tokens": 4066,
      "total_tokens": 5147,
      "cost": 0.00342374,
      "is_byok": false,
      "prompt_tokens_details": {
        "cached_tokens": 608,
        "audio_tokens": 0,
        "video_tokens": 0
      },
      "cost_details": {
        "upstream_inference_cost": null,
        "upstream_inference_prompt_cost": 0.00017094,
        "upstream_inference_completions_cost": 0.0032528
      },
      "completion_tokens_details": {
        "reasoning_tokens": 0,
        "image_tokens": 0
      }
    }
  }
}