{
  "episode_id": "6gb_prompt_4a05f2dbef91301f",
  "questions": [
    {
      "task_id": "T2",
      "task_name": "Intent Conflict Resolution",
      "source_turn": 8,
      "question": "At turn 8 the user requests high resolution imaging while the UAV is in transit and network slices have oscillated in prior turns. Recent telemetry shows eMBB latency rising from 12 to 15 ms with jitter increasing from 2 to 3.0 ms and loss reaching 0.5 pct while throughput drops from 900 to 700 Mbps and edge load rises from 0.32 to 0.45. URLLC earlier showed latency between 5 and 7 ms with jitter between 0.4 and 0.9 ms and throughput between 100 and 120 Mbps at edge load near 0.2. mMTC at turn 9 demonstrated latency of 50 ms with jitter 10 ms and loss 1.2 pct at throughput 1.5 Mbps and edge load 0.6. The mission intent favors continuing imaging over the next two turns while the network policy favors collision safety and control stability. Assume worst case latency equals observed latency plus jitter and that conditions may persist for up to two more turns without recovery. Battery is 100 pct and speed is 15 mps so loitering for two turns is feasible but adds exposure to link degradation. Under worst case reasoning eMBB could reach its highest observed latency and jitter together while URLLC could hit its upper observed bounds. A single turn view would favor eMBB for throughput but a multi turn view must minimize maximum regret if degradation persists. Which option should be selected?",
      "options": {
        "A": "Continue high resolution imaging on eMBB at 700 Mbps accepting 15 ms latency and 3.0 ms jitter with edge load 0.45 for the next two turns.",
        "B": "Switch to URLLC with 100 to 120 Mbps throughput and 5 to 7 ms latency with up to 0.9 ms jitter while deferring imaging for two turns.",
        "C": "Downgrade immediately to mMTC at 1.5 Mbps and 50 ms latency with 10 ms jitter to minimize edge load of 0.6.",
        "D": "Alternate one turn of eMBB imaging at 15 ms latency and one turn of URLLC control at 7 ms latency to balance load."
      },
      "correct": "B",
      "reason": "Worst case latency on eMBB reaches 18 ms when jitter is added and loss is already 0. 5 pct which risks control over two turns. URLLC worst case latency remains under 8 ms even at its upper jitter bound and edge load stays near 0. 2 which limits future regret if degradation persists. mMTC fails due to 50 ms latency and 1.",
      "rationale_tag": "MINIMAX_REGRET",
      "difficulty": "very_hard"
    },
    {
      "task_id": "T3",
      "task_name": "Intent Drift Detection",
      "source_turn": 8,
      "question": "During the mission, the original intent was safe transit with routine telemetry under eMBB at latencies near 11 to 14 ms and throughput near 900 to 750 Mbps. By turn 6 the user explicitly requested URLLC due to degradation, with latency dropping to 6 ms and throughput near 110 Mbps. At turn 8 the user requested high resolution imaging even though the active slice reverted to eMBB with latency 15 ms, jitter 3.0 ms, loss 0.5 percent, and edge load 0.45. Over the next two turns, telemetry was reduced under mMTC with latency 50 ms and loss 1.2 percent, then movement resumed under URLLC with latency between 6 and 7 ms and edge load near 0.22. The platform speed remained 15.0 mps and battery was initially 100 percent, implying no immediate energy pressure to justify aggressive sensing. Policy altitude bounds stayed constant at 10.0 to 120.0, so no airspace constraint forced the imaging change. If the network oscillation between eMBB and URLLC persists for one to three more turns, worst case latency would be 7 ms on URLLC and 15 ms on eMBB. High resolution imaging increases throughput demand relative to 110 to 120 Mbps available on URLLC, increasing future edge load risk beyond 0.22. Under a single turn view the imaging request succeeds, but over multiple turns it risks conflicting priorities between sensing and reliable control. Considering intent drift detection rather than immediate task success, which option should be selected?",
      "options": {
        "A": "Treat the high resolution imaging at turn 8 as a benign continuation because latency 15 ms and throughput 700 Mbps on eMBB are within prior observed ranges.",
        "B": "Flag a potential intent drift because the user shifted from degradation mitigation on URLLC at 6 ms latency to bandwidth intensive imaging that conflicts with low latency control over the next turns.",
        "C": "Ignore intent drift since URLLC later recovers to 6 to 7 ms latency and edge load 0.22, making the imaging request harmless in hindsight.",
        "D": "Escalate immediately to a fault because mMTC telemetry at 50 ms latency proves the mission intent fully changed to low priority monitoring."
      },
      "correct": "B",
      "reason": "The numeric shift from prioritizing 6 ms URLLC control to requesting imaging under 15 ms eMBB indicates a change in operational priority. Throughput demand conflicts with the later 110 to 120 Mbps URLLC capacity, which increases worst case future regret if oscillation persists. The conclusion holds under the worst observed latency of 7 ms and edge load near 0. 22 because control margin remains tight. Other options rely on single turn success or hindsight and miss the multi turn inconsistency.",
      "rationale_tag": "INTENT_INCONSISTENCY",
      "difficulty": "very_hard"
    },
    {
      "task_id": "T11",
      "task_name": "Preemptive Autonomy Downgrade",
      "source_turn": 9,
      "question": "During transit the UAV experienced multiple network slice changes across recent turns. eMBB latency rose from 12 ms at turn 1 to 15 ms with jitter 3.0 ms and loss 0.5 pct at turn 8 while edge load increased to 0.45. A temporary downgrade to mMTC at turn 9 showed latency 50 ms, jitter 10 ms, loss 1.2 pct and throughput 1.5 mbps with edge load 0.6. URLLC later showed latency between 5.5 ms and 7 ms with jitter up to 0.9 ms and loss up to 0.03 pct while throughput stayed near 100 to 120 mbps and edge load stayed near 0.18 to 0.22. Battery was 100 pct and speed remained 15 mps so energy is not the binding constraint over the next three turns. High resolution imaging previously pushed the system back to eMBB and raised loss and edge load in a single turn. Assume the observed latency and jitter ranges persist with worst case alignment next turn. A preemptive autonomy downgrade would reduce data demand but constrain perception quality. Over the next one to three turns the operator must choose a mode that minimizes worst case regret if congestion reappears. Which option should be selected?",
      "options": {
        "A": "Maintain full autonomy on URLLC using current parameters since latency is 6 to 7 ms and loss is 0.01 to 0.03 pct.",
        "B": "Force eMBB for high bandwidth sensing because throughput was 700 to 900 mbps despite 15 ms latency and 0.5 pct loss.",
        "C": "Downgrade autonomy and remain on mMTC accepting 50 ms latency and 1.2 pct loss to minimize edge load at 0.6.",
        "D": "Downgrade autonomy while staying on URLLC to cap throughput near 100 mbps and keep edge load near 0.2."
      },
      "correct": "D",
      "reason": "The URLLC slice shows a tight latency range and very low loss compared with eMBB and mMTC even under worst case jitter. Downgrading autonomy reduces data pressure so URLLC is unlikely to be forced back to eMBB if congestion persists for another turn. Staying fully autonomous risks regret if imaging demand resurges, while mMTC already violates real time needs at its worst case latency. This choice minimizes maximum regret over the next three turns because it balances low edge load with bounded delay.",
      "rationale_tag": "MINIMAX_REGRET",
      "difficulty": "very_hard"
    },
    {
      "task_id": "T13",
      "task_name": "Swarm-Level Slice Negotiation",
      "source_turn": 11,
      "question": "At turn 11 the swarm must renegotiate slices for the next three turns while movement continues and collision checks persist. Recent telemetry shows URLLC latency of 6 ms with jitter between 0.6 and 0.9 ms and loss between 0.01 and 0.03, while throughput is 120 Mbps and edge load is 0.19. Earlier eMBB imaging used 700 to 900 Mbps but drove edge load up to 0.45 with latency up to 15 ms and loss 0.5. A prior mMTC fallback had latency 50 ms, jitter 10 ms, loss 1.2 and edge load 0.6. Battery remains at 100 percent and speed is 15 mps so sustained coordination is expected for several more turns. Assume collision avoidance requires latency below 10.0 ms and jitter below 2.1 ms and imaging tolerates loss up to 0.5 but degrades future coordination if edge load exceeds 0.3. Worst case assume jitter and loss hit their higher observed values and that imaging demand persists one more turn. The swarm can choose a single slice now or a split allocation where one agent uses URLLC and others use eMBB, but total edge load adds linearly. Each option risks either coordination failure or imaging backlog within three turns. Which option should be selected to minimize maximum regret over the next three turns?",
      "options": {
        "A": "Keep all agents on URLLC at 120 Mbps with latency 6 ms and edge load 0.19, accepting reduced imaging quality for at least one turn.",
        "B": "Switch all agents to eMBB targeting 800 Mbps with latency near 13 to 15 ms and edge load around 0.38 to 0.45 to clear imaging immediately.",
        "C": "Move all agents to mMTC with latency 50 ms and edge load 0.6 to preserve capacity for later turns.",
        "D": "Split slices so one agent stays on URLLC at 120 Mbps and others use eMBB at 700 Mbps, yielding combined edge load near 0.19 plus 0.45."
      },
      "correct": "A",
      "reason": "Option A preserves collision avoidance margins even when jitter reaches 0. 9 ms and loss reaches 0. 03 while keeping edge load below the 0. 3 threshold. Option B appears acceptable for imaging now but exceeds the 10.",
      "rationale_tag": "MINIMAX_REGRET_UNDER_WORST_CASE",
      "difficulty": "very_hard"
    },
    {
      "task_id": "T14",
      "task_name": "Scheduler Reconfiguration Adaptation",
      "source_turn": 9,
      "question": "At turn 9 the scheduler was reconfigured to mMTC to reduce telemetry rate, while earlier turns alternated between eMBB and URLLC. Network observations show URLLC latency values of 5, 5.5, 6, and 7 ms with jitter between 0.4 and 0.9 ms across turns 3, 7, 10, and 11. The mMTC configuration at turn 9 showed latency 50 ms, jitter 10 ms, loss 1.2 percent, and edge load 0.6. The eMBB states earlier showed throughput between 700 and 900 Mbps but edge load rising from 0.3 to 0.45 by turn 8. The UAV remains at altitude 25.0 within policy bounds 10.0 to 120.0, speed 15.0 mps, and battery 100.0 percent so mission continuation is expected for several more turns. Assume the scheduler change must remain consistent for the next two turns even if degradation persists. Also assume edge load may revert to 0.6 as previously observed and URLLC jitter may reach the worst observed 0.9 ms. A myopic choice would optimize the current recovered state at turn 10, but a robust choice must minimize maximum regret if conditions oscillate. All options incur downsides either in latency, throughput, or load over the next two turns. Which scheduler reconfiguration option should be selected?",
      "options": {
        "A": "Lock URLLC for all tasks since latency of 7 ms and edge load 0.22 at turn 10 appears safe despite throughput near 100 Mbps.",
        "B": "Revert fully to eMBB because throughput of 700 to 900 Mbps supports imaging and edge load only reached 0.45 previously.",
        "C": "Maintain mMTC since it stabilized telemetry once at 50 ms latency and can tolerate edge load up to 0.6.",
        "D": "Adopt a hybrid schedule keeping control and collision checks on URLLC while bulk telemetry remains rate-limited as in turn 9."
      },
      "correct": "D",
      "reason": "The hybrid option balances worst case latency and load by isolating critical paths from the 50 ms latency seen under mMTC. Under worst case jitter of 0. 9 ms and edge load returning to 0. 6, pure URLLC risks capacity regret while pure eMBB risks another degradation spike. The hybrid minimizes future regret because control traffic stays near the 5 to 7 ms range while bulk data absorbs rate limits.",
      "rationale_tag": "MINIMAX_REGRET",
      "difficulty": "very_hard"
    },
    {
      "task_id": "T15",
      "task_name": "Decision Consistency under Replanning",
      "source_turn": 9,
      "question": "At turn 9 the agent reduced telemetry under an mMTC slice with latency 50 ms, jitter 10 ms, loss 1.2 percent, throughput 1.5 Mbps, and edge load 0.6 while the UAV flew at 15 mps with battery 100 percent at altitude 25 m. Across turns 6 to 11 the observed URLLC latency ranged from 5 to 7 ms and jitter ranged from 0.4 to 0.9 ms, whereas eMBB latency ranged from 11 to 15 ms with jitter from 1.8 to 3.0 ms. Assume collision checks require a worst case latency under 10 ms and telemetry loss under 0.5 percent to remain consistent with earlier replanning decisions. High resolution imaging in turn 8 pushed edge load to 0.45 on eMBB and caused loss 0.5 percent at 700 Mbps. If degradation persists for two more turns, edge load is expected to increase by 0.05 per turn on the chosen slice based on the recent trend. Switching slices again risks contradictory behavior relative to the turn 6 decision unless the worst case margins improve. Under worst case assumptions use the maximum observed latency and loss for each slice over the next two turns. Consider regret as the maximum number of turns until a violation of the collision check limits occurs. Each option below incurs some downside within the next three turns due to load or throughput constraints. Which option should be selected?",
      "options": {
        "A": "Remain on URLLC and keep reduced telemetry for the next two turns accepting 110 to 120 Mbps throughput and edge load rising from 0.18 by 0.05 per turn.",
        "B": "Switch back to eMBB to support imaging at 700 to 800 Mbps despite latency up to 15 ms and edge load starting at 0.45.",
        "C": "Continue on mMTC with minimal telemetry since throughput is sufficient at 1.5 Mbps even though latency is 50 ms.",
        "D": "Use URLLC this turn for collision checks then switch to eMBB next turn to balance load with latency near 11 ms."
      },
      "correct": "A",
      "reason": "URLLC maintains worst case latency below the 10 ms limit and loss well under 0. 5 percent even when using the maximum observed values. Its projected edge load remains below critical levels for at least two more turns, minimizing the time to any violation. The option is consistent with the earlier switch at turn 6 and avoids contradictory replanning. Other options either exceed latency limits immediately or only fail once worst case trends persist into the next turns.",
      "rationale_tag": "MINIMAX_REGRET",
      "difficulty": "very_hard"
    },
    {
      "task_id": "T19",
      "task_name": "AI Agent Interoperability & Federation",
      "source_turn": 9,
      "question": "At turn 9 the UAV agent must choose how to federate data exchange with a swarm agent while links fluctuate across slices. Recent telemetry shows eMBB latency rising from 12 to 15 ms with jitter up to 3.0 ms and edge_load reaching 0.45, while mMTC briefly shows 50 ms latency, 10 ms jitter, 1.2 percent loss, 1.5 Mbps throughput, and edge_load 0.6. URLLC previously delivered 5 to 7 ms latency with jitter under 0.9 ms and throughput between 100 and 120 Mbps, but edge_load has ranged from 0.15 to 0.22. The UAV battery remains at 100 percent and speed is 15 mps, so energy is not immediately constraining. Policy altitude bounds remain between 10.0 and 120.0, so collision avoidance updates must stay timely during movement. High resolution imaging already consumed eMBB capacity earlier and may recur within the next two turns. The federation choice must work if the mMTC degradation persists one more turn or if URLLC edge_load spikes to its observed maximum. One option favors maximum current throughput, another favors minimum current latency, another mixes slices with translation overhead, and another throttles shared state. Each option incurs some regret over the next one to three turns under plausible network evolution. Which option should be selected?",
      "options": {
        "A": "Federate all agents over eMBB to exploit 700 to 900 Mbps throughput despite 14 to 15 ms latency and edge_load up to 0.45.",
        "B": "Federate all agents over URLLC to minimize latency at 5 to 7 ms even though throughput is limited to 100 to 120 Mbps and edge_load can reach 0.22.",
        "C": "Use split federation with control messages on URLLC and bulk state on eMBB, accepting added translation while current latencies are 6 to 15 ms.",
        "D": "Throttle federation to mMTC with reduced telemetry rate at 1.5 Mbps accepting 50 ms latency and 1.2 percent loss to lower contention."
      },
      "correct": "C",
      "reason": "The split approach preserves low worst case control latency while offloading bulk data away from URLLC capacity limits. Under the worst case where mMTC conditions persist and URLLC edge load reaches its observed high, full reliance on either slice alone creates higher future regret. eMBB alone risks control delay growth when edge load rises again, and URLLC alone risks congestion as imaging recurs. Mixing slices minimizes maximum regret over the next turns by keeping collision avoidance timely while tolerating throughput swings.",
      "rationale_tag": "MINIMAX_REGRET_FEDERATION",
      "difficulty": "very_hard"
    },
    {
      "task_id": "T24",
      "task_name": "Sensing-Enhanced Decisioning (ISAC)",
      "source_turn": 8,
      "question": "At turn 8 the UAV is asked to provide sensing support while moving within altitude bounds of 10.0 to 120.0 meters and currently flying at 25.0 meters with speed 15.0 mps. The only active exteroceptive sensor is RGB while thermal, lidar, and radar remain offline. Network conditions have oscillated across recent turns with eMBB latency 15 ms and jitter 3.0 ms at turn 8, URLLC latency between 5.5 and 7 ms with jitter between 0.4 and 0.9 ms at turns 7 and 10, and mMTC latency 50 ms with jitter 10 ms at turn 9. Throughput has ranged from 700 Mbps on eMBB down to 1.5 Mbps on mMTC and about 100 to 120 Mbps on URLLC, while edge load varied from 0.18 up to 0.6. The mission requires time sensitive perception over the next three turns assuming degradation like turn 9 could recur once, and recovery like turn 10 may or may not occur. Fusing high resolution RGB centrally would consume bandwidth similar to turn 8, while edge assisted feature extraction reduces throughput demand but increases sensitivity to latency and jitter. A purely local sensing strategy minimizes network use but degrades perception quality at speed 15.0 mps over multiple turns. Any choice must remain safe if the worst observed latency and loss recur for one additional turn. No option avoids all downsides because perception quality, network risk, and future regret trade off differently. Which sensing stream and fusion strategy should be selected?",
      "options": {
        "A": "Centralized high resolution RGB fusion over eMBB using 700 Mbps similar to turn 8 to maximize immediate perception despite edge load near 0.45.",
        "B": "Edge assisted RGB feature extraction over URLLC using about 110 Mbps with latency between 5.5 and 7 ms and edge load near 0.2.",
        "C": "Fully local RGB processing with no network dependence to avoid latency spikes like the 50 ms seen on mMTC at turn 9.",
        "D": "Delay sensing decisions for one turn and rely on swarm feedback over URLLC at 120 Mbps assuming recovery persists as in turn 11."
      },
      "correct": "B",
      "reason": "Option B balances perception quality and network risk by fitting within URLLC throughput while tolerating the worst observed latency range. Centralized fusion fails under a recurrence of high edge load and loss seen with eMBB and mMTC. Fully local processing accumulates perception error over multiple turns at 15. 0 mps despite avoiding network issues. Delaying decisions assumes recovery that may not occur and increases future regret if degradation persists.",
      "rationale_tag": "MINIMAX_REGRET_UNDER_UNCERTAINTY",
      "difficulty": "very_hard"
    },
    {
      "task_id": "T26",
      "task_name": "Trust-Aware Third-Party Agent Exposure",
      "source_turn": 9,
      "question": "During turns 7 to 11, a third-party swarm agent is available to assist with collision avoidance and path replanning while the UAV experiences fluctuating network slices. Observed latency spans from 5.5 ms on URLLC to 50 ms on mMTC, jitter spans from 0.4 ms to 10 ms, loss spans from 0.01 pct to 1.2 pct, and edge load spans from 0.18 to 0.6. Throughput varies between 1.5 Mbps and 120 Mbps depending on slice, while battery remains at least 100 pct initially with no recharge events. Policy allows operation across these slices but requires minimizing data exposure to third parties under unstable links. The swarm agent requests expanded access including continuous telemetry streaming and high resolution imagery starting next turn. If degradation similar to turn 9 persists for one more turn, telemetry frequency reduction will continue and URLLC capacity may be reclaimed by the network. If instead URLLC remains available, low latency operations can continue but throughput remains capped near 100 to 120 Mbps. The decision must account for worst observed network conditions rather than the best case. All options incur some operational or safety cost over the next two turns. Which exposure option should be selected?",
      "options": {
        "A": "Grant full telemetry and imaging access over URLLC at 120 Mbps assuming latency near 5.5 ms and edge load near 0.18.",
        "B": "Grant full telemetry access but defer imagery, assuming mMTC latency of 50 ms is temporary and loss of 1.2 pct will recover next turn.",
        "C": "Grant limited collision avoidance API only, with event driven data under the worst observed latency of 50 ms and edge load of 0.6.",
        "D": "Deny all third-party access until throughput returns to at least 700 Mbps as seen on eMBB at turn 8."
      },
      "correct": "C",
      "reason": "Option C remains acceptable even if the worst observed latency and edge load persist into the next turn. It limits exposure while still allowing safety critical functions when throughput is as low as 1. 5 Mbps and loss reaches 1. 2 pct. Options A and B assume recovery toward low latency or low loss that may not occur and would amplify regret if degradation continues.",
      "rationale_tag": "MINIMAX_REGRET_UNDER_UNCERTAINTY",
      "difficulty": "very_hard"
    },
    {
      "task_id": "T29",
      "task_name": "Immersive/AR Resource Prioritization",
      "source_turn": 11,
      "question": "At turn 11 an operator plans to run two concurrent AR sessions while the UAV continues movement at 15.0 mps with battery at 100.0 percent. Session A is a collaborative navigation overlay that previously ran on URLLC with latency between 5.5 and 7 ms, jitter between 0.4 and 0.9 ms, throughput between 100 and 120 Mbps, and edge_load between 0.18 and 0.22 across turns 7 to 11. Session B is a high resolution imaging review that last ran on eMBB with latency between 13 and 15 ms, jitter between 2.1 and 3.0 ms, throughput between 700 and 800 Mbps, and edge_load between 0.38 and 0.45 across turns 4 to 8. The policy altitude bounds of 10.0 to 120.0 meters imply no altitude change is planned over the next three turns, so network conditions dominate regret. Telemetry history shows a brief degradation to mMTC at turn 9 with latency 50 ms and jitter 10 ms, creating uncertainty that one more degradation could recur. The operator can only allocate one URLLC slice and one eMBB slice and must choose which session gets priority edge resources for the next three turns. Worst case planning must assume the highest observed latency and jitter for each slice persists for one additional turn. A myopic choice would maximize current throughput, while a conservative choice would minimize maximum regret if degradation recurs. All options incur some loss either in throughput, latency margin, or edge load saturation within three turns. Which option should be selected?",
      "options": {
        "A": "Give URLLC priority and edge resources to Session A and keep Session B on eMBB at 700 to 800 Mbps despite edge_load up to 0.45.",
        "B": "Give URLLC priority to Session B to cut its latency from 15 ms toward 7 ms and leave Session A on eMBB with 750 Mbps.",
        "C": "Run both sessions on eMBB to maximize combined throughput near 1500 Mbps and accept latency up to 15 ms.",
        "D": "Throttle both sessions and move Session A to mMTC assuming the turn 9 degradation was transient with latency returning below 10 ms."
      },
      "correct": "A",
      "reason": "Session A on URLLC keeps worst case latency under 8 ms when adding the highest jitter, which remains stable across turns 7 to 11. Session B on eMBB risks high edge load but still functions with latency under 15 ms and does not threaten navigation if degradation recurs. If another mMTC like turn 9 happens, Session A would fail badly off URLLC while Session B only loses quality. This choice minimizes maximum regret over three turns by protecting the low latency session under uncertainty.",
      "rationale_tag": "MINIMAX_REGRET_UNDER_UNCERTAINTY",
      "difficulty": "very_hard"
    }
  ]
}