{
  "initial_state": {
    "domain": "uav",
    "time_s": 0.0,
    "env": {
      "weather": "snow",
      "wind_mps": 3.0,
      "wind_dir_deg": 135.0
    },
    "airspace": {
      "alt_bounds": [
        0.5,
        25.0
      ],
      "geofence": [
        {
          "type": "polygon",
          "points": [
            [
              0.0,
              0.0
            ],
            [
              100.0,
              0.0
            ],
            [
              100.0,
              80.0
            ],
            [
              0.0,
              80.0
            ]
          ]
        }
      ]
    },
    "uav": {
      "pose": {
        "x": 10.0,
        "y": 10.0,
        "z": 5.0,
        "yaw": 90.0
      },
      "speed_mps": 18.0,
      "energy": {
        "battery_pct": 100.0
      },
      "sensors": {
        "rgb": "ok",
        "thermal": "ok",
        "lidar": "ok",
        "radar": "offline",
        "gnss": "offline",
        "imu": "ok",
        "magnetometer": "ok",
        "barometer": "ok"
      },
      "payloads": []
    },
    "policy": {
      "alt_bounds": [
        0.5,
        25.0
      ]
    },
    "safety_flags": {
      "nfz_violation": false,
      "separation_breach": false
    }
  },
  "dialogue": [
    {
      "turn": 1,
      "speaker": "agent",
      "intent": "initiate_medical_delivery",
      "actions": [
        {
          "type": "mcp",
          "name": "read_telemetry",
          "args": {}
        },
        {
          "type": "mcp",
          "name": "activate_payload",
          "args": {
            "payload_id": "medical_cargo_01"
          }
        }
      ],
      "obs": [
        {
          "tool": "read_telemetry",
          "result": {
            "pose": {
              "x": 10.0,
              "y": 10.0,
              "z": 5.0
            },
            "battery_pct": 100.0,
            "sensors": {
              "gnss": "offline"
            }
          }
        },
        {
          "tool": "activate_payload",
          "result": {
            "status": "activated",
            "payload_id": "medical_cargo_01"
          }
        }
      ],
      "net": {
        "slice": "URLLC",
        "lat_ms": 3.2,
        "jitter_ms": 0.8,
        "loss_pct": 0.01,
        "throughput_mbps": 50,
        "edge_load": 0.35
      }
    },
    {
      "turn": 2,
      "speaker": "user",
      "intent": "confirm_delivery_route",
      "actions": [
        {
          "type": "mcp",
          "name": "get_route_plan",
          "args": {
            "destination": [
              85.0,
              70.0
            ]
          }
        }
      ],
      "obs": [
        {
          "tool": "get_route_plan",
          "result": {
            "route": [
              [
                10.0,
                10.0
              ],
              [
                30.0,
                25.0
              ],
              [
                60.0,
                50.0
              ],
              [
                85.0,
                70.0
              ]
            ],
            "estimated_time_s": 120.0
          }
        }
      ],
      "net": {
        "slice": "eMBB",
        "lat_ms": 12.0,
        "jitter_ms": 3.5,
        "loss_pct": 0.1,
        "throughput_mbps": 120,
        "edge_load": 0.6
      }
    },
    {
      "turn": 3,
      "speaker": "agent",
      "intent": "request_swarm_coordination",
      "actions": [
        {
          "type": "a2a",
          "task": "collision_avoidance",
          "to": "uav_swarm_agent",
          "payload": {
            "current_pose": [
              10.0,
              10.0,
              5.0
            ],
            "route": [
              [
                30.0,
                25.0
              ],
              [
                60.0,
                50.0
              ],
              [
                85.0,
                70.0
              ]
            ],
            "timestamp": 1.5
          }
        }
      ],
      "obs": [
        {
          "task": "collision_avoidance",
          "from": "uav_swarm_agent",
          "status": "ok",
          "payload": {
            "clearance": true,
            "recommended_alt": 6.0
          }
        }
      ],
      "net": {
        "slice": "URLLC",
        "lat_ms": 4.1,
        "jitter_ms": 1.0,
        "loss_pct": 0.02,
        "throughput_mbps": 45,
        "edge_load": 0.4
      }
    },
    {
      "turn": 4,
      "speaker": "user",
      "intent": "approve_route_with_alt_adjust",
      "actions": [
        {
          "type": "mcp",
          "name": "update_flight_plan",
          "args": {
            "waypoints": [
              [
                30.0,
                25.0,
                6.0
              ],
              [
                60.0,
                50.0,
                7.0
              ],
              [
                85.0,
                70.0,
                5.0
              ]
            ]
          }
        }
      ],
      "obs": [
        {
          "tool": "update_flight_plan",
          "result": {
            "status": "updated",
            "waypoints": [
              [
                30.0,
                25.0,
                6.0
              ],
              [
                60.0,
                50.0,
                7.0
              ],
              [
                85.0,
                70.0,
                5.0
              ]
            ]
          }
        }
      ],
      "net": {
        "slice": "URLLC",
        "lat_ms": 3.8,
        "jitter_ms": 0.9,
        "loss_pct": 0.01,
        "throughput_mbps": 48,
        "edge_load": 0.38
      }
    },
    {
      "turn": 5,
      "speaker": "agent",
      "intent": "initiate_flight",
      "actions": [
        {
          "type": "mcp",
          "name": "takeoff",
          "args": {
            "target_alt": 6.0
          }
        }
      ],
      "obs": [
        {
          "tool": "takeoff",
          "result": {
            "status": "completed",
            "final_alt": 6.0
          }
        }
      ],
      "net": {
        "slice": "URLLC",
        "lat_ms": 3.5,
        "jitter_ms": 0.7,
        "loss_pct": 0.01,
        "throughput_mbps": 52,
        "edge_load": 0.32
      }
    },
    {
      "turn": 6,
      "speaker": "user",
      "intent": "monitor_progress_and_check_sensors",
      "actions": [
        {
          "type": "mcp",
          "name": "diagnose_sensor",
          "args": {
            "sensor": "gnss"
          }
        }
      ],
      "obs": [
        {
          "tool": "diagnose_sensor",
          "result": {
            "sensor": "gnss",
            "status": "offline",
            "reason": "underground_signal_blocked"
          }
        }
      ],
      "net": {
        "slice": "mMTC",
        "lat_ms": 25.0,
        "jitter_ms": 10.0,
        "loss_pct": 1.2,
        "throughput_mbps": 1.0,
        "edge_load": 0.85
      }
    },
    {
      "turn": 7,
      "speaker": "agent",
      "intent": "adapt_navigation_due_to_gnss_loss",
      "actions": [
        {
          "type": "mcp",
          "name": "activate_sensor_fusion",
          "args": {
            "fallback": "lidar_imu"
          }
        }
      ],
      "obs": [
        {
          "tool": "activate_sensor_fusion",
          "result": {
            "status": "active",
            "mode": "lidar_imu",
            "accuracy_estimate": "high"
          }
        }
      ],
      "net": {
        "slice": "URLLC",
        "lat_ms": 4.0,
        "jitter_ms": 1.1,
        "loss_pct": 0.03,
        "throughput_mbps": 40,
        "edge_load": 0.7
      }
    },
    {
      "turn": 8,
      "speaker": "user",
      "intent": "request_delivery_status",
      "actions": [
        {
          "type": "mcp",
          "name": "read_telemetry",
          "args": {}
        }
      ],
      "obs": [
        {
          "tool": "read_telemetry",
          "result": {
            "pose": {
              "x": 60.0,
              "y": 50.0,
              "z": 7.0
            },
            "battery_pct": 78.0,
            "status": "en_route"
          }
        }
      ],
      "net": {
        "slice": "URLLC",
        "lat_ms": 3.6,
        "jitter_ms": 0.8,
        "loss_pct": 0.01,
        "throughput_mbps": 47,
        "edge_load": 0.42
      }
    },
    {
      "turn": 9,
      "speaker": "agent",
      "intent": "prepare_for_landing",
      "actions": [
        {
          "type": "mcp",
          "name": "verify_landing_zone",
          "args": {
            "target": [
              85.0,
              70.0
            ]
          }
        }
      ],
      "obs": [
        {
          "tool": "verify_landing_zone",
          "result": {
            "clear": true,
            "obstacles": [],
            "surface_stable": true
          }
        }
      ],
      "net": {
        "slice": "URLLC",
        "lat_ms": 3.3,
        "jitter_ms": 0.6,
        "loss_pct": 0.01,
        "throughput_mbps": 55,
        "edge_load": 0.3
      }
    },
    {
      "turn": 10,
      "speaker": "user",
      "intent": "authorize_final_approach",
      "actions": [
        {
          "type": "mcp",
          "name": "set_landing_sequence",
          "args": {
            "target": [
              85.0,
              70.0,
              5.0
            ]
          }
        }
      ],
      "obs": [
        {
          "tool": "set_landing_sequence",
          "result": {
            "status": "initiated",
            "phases": [
              "approach",
              "hover",
              "descend",
              "land"
            ]
          }
        }
      ],
      "net": {
        "slice": "URLLC",
        "lat_ms": 3.7,
        "jitter_ms": 0.9,
        "loss_pct": 0.02,
        "throughput_mbps": 50,
        "edge_load": 0.36
      }
    },
    {
      "turn": 11,
      "speaker": "agent",
      "intent": "complete_delivery",
      "actions": [
        {
          "type": "mcp",
          "name": "land",
          "args": {}
        },
        {
          "type": "mcp",
          "name": "release_payload",
          "args": {
            "payload_id": "medical_cargo_01"
          }
        }
      ],
      "obs": [
        {
          "tool": "land",
          "result": {
            "status": "completed",
            "final_pose": [
              85.0,
              70.0,
              5.0
            ]
          }
        },
        {
          "tool": "release_payload",
          "result": {
            "payload_id": "medical_cargo_01",
            "status": "released"
          }
        }
      ],
      "net": {
        "slice": "URLLC",
        "lat_ms": 3.4,
        "jitter_ms": 0.7,
        "loss_pct": 0.01,
        "throughput_mbps": 53,
        "edge_load": 0.34
      }
    }
  ],
  "final_state": {
    "domain": "uav",
    "time_s": 125.0,
    "env": {
      "weather": "snow",
      "wind_mps": 3.0,
      "wind_dir_deg": 135.0
    },
    "airspace": {
      "alt_bounds": [
        0.5,
        25.0
      ],
      "geofence": [
        {
          "type": "polygon",
          "points": [
            [
              0.0,
              0.0
            ],
            [
              100.0,
              0.0
            ],
            [
              100.0,
              80.0
            ],
            [
              0.0,
              80.0
            ]
          ]
        }
      ]
    },
    "uav": {
      "pose": {
        "x": 85.0,
        "y": 70.0,
        "z": 5.0,
        "yaw": 90.0
      },
      "speed_mps": 0.0,
      "energy": {
        "battery_pct": 72.0
      },
      "sensors": {
        "rgb": "ok",
        "thermal": "ok",
        "lidar": "ok",
        "radar": "offline",
        "gnss": "offline",
        "imu": "ok",
        "magnetometer": "ok",
        "barometer": "ok"
      },
      "payloads": []
    },
    "policy": {
      "alt_bounds": [
        0.5,
        25.0
      ]
    },
    "safety_flags": {
      "nfz_violation": false,
      "separation_breach": false
    }
  },
  "success": true,
  "_meta": {
    "seed": 42,
    "ts": 1763987785,
    "ts_iso": "2025-11-24T12:36:25Z",
    "gen_time_s": 49.15353560447693,
    "attempts_used": 1,
    "generation_failed": false,
    "usage": {
      "prompt_tokens": 1053,
      "completion_tokens": 3434,
      "total_tokens": 4487,
      "cost": 0.00286446,
      "is_byok": false,
      "prompt_tokens_details": {
        "cached_tokens": 1040,
        "audio_tokens": 0,
        "video_tokens": 0
      },
      "cost_details": {
        "upstream_inference_cost": null,
        "upstream_inference_prompt_cost": 0.00011726,
        "upstream_inference_completions_cost": 0.0027472
      },
      "completion_tokens_details": {
        "reasoning_tokens": 0,
        "image_tokens": 0
      }
    }
  }
}