{
  "episode_id": "6gb_prompt_a1dbac282cb05185",
  "questions": [
    {
      "task_id": "T5",
      "task_name": "Slice Switching Decision",
      "source_turn": 7,
      "question": "At turn 7, the UAV is descending under icing conditions with battery at 88 percent and speed reduced to 18 m/s due to drag. Network telemetry shows URLLC slice latency at 3.0 ms, jitter 0.6 ms, loss 0.0 percent, throughput 58 Mbps, and edge load 0.3. Policy mandates latency under 10 ms and loss under 0.1 percent for control. Historical data shows eMBB slice degrades to 18 ms latency and 0.3 percent loss under icing, while mMTC slice has 9.0 ms latency with 0.08 percent loss but only 1.5 Mbps throughput. If icing persists for two more turns, URLLC edge load may rise to 0.45, risking congestion. Switching now to eMBB would provide 120 Mbps for thermal data but risks latency exceeding 15 ms in turn 8. Switching to mMTC would conserve bandwidth but may delay collision avoidance commands. Which option should be selected?",
      "options": {
        "A": "Remain on URLLC: latency and loss are within SLA, edge load is low, and future congestion is manageable under worst-case projection.",
        "B": "Switch to eMBB: higher throughput supports thermal imaging, and historical degradation is within acceptable bounds for one turn.",
        "C": "Switch to mMTC: minimal bandwidth usage preserves edge resources, and latency is still under 10 ms for control commands.",
        "D": "Switch to eMBB now and revert to URLLC in turn 8 if latency exceeds 12 ms, balancing throughput and safety."
      },
      "correct": "A",
      "reason": "URLLC maintains latency and loss within policy limits even under worst-case edge load projection. eMBB risks exceeding latency SLA in turn 8 due to icing-induced degradation. mMTC lacks throughput for critical telemetry and may delay collision avoidance. The correct option minimizes maximum regret by preserving reliability over the next two turns despite lower throughput.",
      "rationale_tag": "WORST_CASE_RELIABILITY_PRESERVATION",
      "difficulty": "very_hard"
    },
    {
      "task_id": "T13",
      "task_name": "Swarm-Level Slice Negotiation",
      "source_turn": 5,
      "question": "The UAV is operating under icing conditions with wind at 7.0 m/s from 240 degrees, currently at 5.0m altitude with 100% battery and radar offline. At turn 3, URLLC slice was active with 4.1ms latency, 1.0ms jitter, 0.05% loss, and 45Mbps throughput under 0.4 edge load. At turn 4, eMBB was used for thermal imaging with 15.0ms latency, 3.0ms jitter, 0.2% loss, and 110Mbps throughput under 0.7 edge load. At turn 5, network degradation triggered a switch back to URLLC with 3.8ms latency, 0.9ms jitter, 0.03% loss, and 55Mbps throughput under 0.38 edge load. The swarm must now negotiate slice allocation for the next 3 turns, anticipating potential icing-induced drag increasing power consumption by 15% per turn and edge load rising by 0.05 per turn if eMBB is selected. URLLC has a maximum edge load capacity of 0.45, while eMBB caps at 0.8. If latency must remain under 5ms for collision avoidance and throughput must exceed 40Mbps for sensor fusion, which slice should be selected for the next turn to minimize maximum regret over turns 6–8 under worst-case edge load growth and battery drain?",
      "options": {
        "A": "URLLC: latency 3.8ms, jitter 0.9ms, loss 0.03%, throughput 55Mbps, edge load 0.38 — satisfies latency and throughput, leaves 0.07 margin to URLLC capacity, but may not support future swarm coordination if edge load rises.",
        "B": "eMBB: latency 15.0ms, jitter 3.0ms, loss 0.2%, throughput 110Mbps, edge load 0.7 — exceeds latency SLA by 10ms, but offers high throughput; edge load is 0.1 below cap, but projected to hit 0.85 in turn 7 under worst-case growth.",
        "C": "mMTC: latency 8.0ms, jitter 1.5ms, loss 0.05%, throughput 1.2Mbps, edge load 0.25 — violates throughput SLA by 38.8Mbps, but has lowest edge load; suitable only if no sensor fusion is needed.",
        "D": "Hybrid: alternate URLLC and eMBB every turn — maintains average latency under 10ms and throughput above 70Mbps, but introduces jitter spikes and may violate latency SLA in eMBB turns under worst-case conditions."
      },
      "correct": "A",
      "reason": "URLLC is the only slice that satisfies both the 5ms latency and 40Mbps throughput constraints under current and projected conditions. Although eMBB offers higher throughput, its 15ms latency violates the collision avoidance SLA and its edge load is projected to exceed capacity by turn 7. mMTC fails the throughput requirement entirely. The hybrid option introduces unacceptable jitter and latency risk during eMBB turns. URLLC’s 0.",
      "rationale_tag": "WORST_CASE_SLICE_MARGIN",
      "difficulty": "very_hard"
    },
    {
      "task_id": "T21",
      "task_name": "Device-Network Task Offload Arbitration",
      "source_turn": 5,
      "question": "The UAV is descending under icing conditions with battery at 100% and radar offline, requiring real-time collision avoidance coordination with swarm peers. Network telemetry at turn 5 shows URLLC slice with 3.8ms latency, 0.9ms jitter, 0.03% loss, 55Mbps throughput, and 0.38 edge load. Historical data from turn 4 shows eMBB with 15.0ms latency, 3.0ms jitter, 0.2% loss, 110Mbps throughput, and 0.7 edge load. Projected edge load for next turn under URLLC is 0.42 with 95% confidence interval ±0.03, while eMBB would rise to 0.75±0.05. The mission SLA requires latency <5ms and loss <0.1% for safety-critical tasks over the next two turns. If icing persists, battery drain increases by 12% per turn, reducing available energy for computation. Offloading to edge under URLLC consumes 8% battery per turn versus 3% for local execution. Which option should be selected?",
      "options": {
        "A": "Offload collision avoidance to edge via URLLC: meets SLA with 1.2ms margin, projected edge load 0.42±0.03, battery cost 8% per turn, worst-case latency 4.7ms.",
        "B": "Execute locally: avoids network dependency, battery cost 3% per turn, but latency 22ms exceeds SLA by 17ms, risking collision.",
        "C": "Switch to eMBB: higher throughput 110Mbps, but latency 15.0ms violates SLA by 10ms, edge load 0.75±0.05 risks congestion, battery cost 5% per turn.",
        "D": "Delay offload until turn 7: assume network recovers, but historical degradation trend shows 20% latency increase per turn under icing, making SLA violation certain by turn 6."
      },
      "correct": "A",
      "reason": "Option A satisfies the SLA with a 1. 2ms latency margin under worst-case jitter and maintains edge load below 0. 45, avoiding congestion. Local execution in B violates latency by 17ms, creating unacceptable collision risk. eMBB in C exceeds latency SLA by 10ms and pushes edge load to 0.",
      "rationale_tag": "SLA_COMPLIANCE_UNDER_WORST_CASE",
      "difficulty": "very_hard"
    },
    {
      "task_id": "T27",
      "task_name": "Agent Lifecycle & Management",
      "source_turn": 9,
      "question": "The UAV is descending under icing conditions with battery at 82 percent and wind drag increasing descent rate by 15 percent. Network slice mMTC is active with latency 7.5 ms, jitter 1.2 ms, loss 0.02 percent, throughput 1.5 Mbps, and edge load 0.2. Policy requires landing within 3 minutes or battery below 20 percent triggers emergency shutdown. Projected descent time is 180 seconds with 0.5 percent battery drain per second. If network degrades further, latency may rise to 12 ms with 0.1 percent loss. Option A retains mMTC for minimal bandwidth. Option B switches to URLLC with 3.5 ms latency but 0.4 edge load and 5 Mbps throughput cap. Option C switches to eMBB with 15 ms latency and 120 Mbps throughput but 0.7 edge load. Option D initiates immediate landing abort and climb to 50 m for network reacquisition. Which option should be selected?",
      "options": {
        "A": "Retain mMTC: lowest edge load (0.2) and sufficient for telemetry; battery drain rate unchanged.",
        "B": "Switch to URLLC: lowest latency (3.5 ms) and jitter (0.7 ms) for control; edge load increases to 0.4.",
        "C": "Switch to eMBB: highest throughput (120 Mbps) for potential sensor upload; latency 15 ms exceeds SLA.",
        "D": "Abort landing and climb: avoids network degradation risk; consumes 12 percent battery in 60 seconds."
      },
      "correct": "B",
      "reason": "Switching to URLLC minimizes control latency under worst-case network degradation while staying within edge load limits. Battery drain over 180 seconds remains under 90 percent even with 15 percent drag penalty. mMTC fails under projected latency rise to 12 ms which exceeds control SLA. eMBB introduces unacceptable latency and edge load. Climbing wastes battery and delays landing beyond policy window.",
      "rationale_tag": "WORST_CASE_REGRET_MINIMIZATION",
      "difficulty": "very_hard"
    }
  ]
}