{
  "episode_id": "6gb_prompt_cdaf6dae5f9d0721",
  "questions": [
    {
      "task_id": "T1",
      "task_name": "Intent Feasibility Assessment",
      "source_turn": 6,
      "question": "At turn 6 the operator requests inspection of the northern zone while hail persists and the UAV is already in transit. The airspace policy allows altitude only within 5.0 to 150.0 meters, and the UAV is currently at 10.0 meters with a speed of 22.0 mps and battery at 100.0 percent. Network conditions have shifted from URLLC to eMBB with latency 15 ms, jitter 3 ms, loss 1.2 percent, throughput 700 Mbps, and edge load 0.75. In the following turn edge load later rises to 0.82 with loss reaching 2.1 percent under the same slice. The intent message implies continued ascent and transit for at least the next two turns unless adjusted. A worst case must consider the upper altitude bound of 150.0 meters and the possibility that loss and edge load continue to worsen for one more turn. If ascent continues aggressively, stability depends on low jitter and loss staying near current values rather than the later observed ones. If the mission is delayed, hail exposure continues but network conditions may stabilize under URLLC as seen in later turns. Every option below violates some constraint within the next three turns. Which option should be selected?",
      "options": {
        "A": "Proceed with immediate ascent toward the upper bound of 150.0 meters using eMBB since current latency is only 15 ms and battery is 100.0 percent.",
        "B": "Hold altitude at 10.0 meters for one turn and request URLLC before moving north, accepting continued hail exposure with edge load near 0.75.",
        "C": "Climb to a mid altitude well below 150.0 meters now and continue north despite loss increasing from 1.2 percent to 2.1 percent.",
        "D": "Abort northern inspection and initiate return immediately under URLLC with latency 7 to 8 ms even though the mission intent is unfulfilled."
      },
      "correct": "B",
      "reason": "Option B minimizes worst case regret by avoiding altitude bound risk while waiting out the rising loss and edge load trend. The alternative ascent options rely on loss staying near 1. 2 percent even though it later reached 2. 1 percent, which would compound instability over the next turns. An immediate abort sacrifices mission intent even though later URLLC conditions show recovery.",
      "rationale_tag": "MINIMAX_REGRET_UNDER_UNCERTAINTY",
      "difficulty": "very_hard"
    },
    {
      "task_id": "T3",
      "task_name": "Intent Drift Detection",
      "source_turn": 7,
      "question": "During turns 2 to 7 the stated user intent shifts from hail avoidance and safe ascent to swarm coordination and then to northern zone inspection while network slices and loads change. At turn 2 the slice is URLLC with latency 8 ms and edge load 0.4, and by turn 4 it switches to mMTC with latency 25 ms and edge load 0.6. At turn 6 the user requests inspection with eMBB where loss is 1.2 percent and edge load is 0.75, followed at turn 7 by loss 2.1 percent and edge load 0.82. The policy altitude bounds remain 5.0 to 150.0 throughout, so altitude compliance does not explain the change. Battery remains at 100.0 percent so power stress is not the driver either. If the current trend persists for one more turn, worst case edge load could remain above 0.8 while loss exceeds prior values. One interpretation is that the mission intent has drifted from safety to data collection despite hail risk. Another interpretation is that this is still consistent with avoidance but using different coordination tools. A third interpretation is that network adaptation alone explains the changes without intent drift. A fourth interpretation is that the abort at turn 8 retroactively confirms no drift. Which option should be selected?",
      "options": {
        "A": "Flag intent drift because safety-oriented URLLC at 8 to 10 ms gave way to eMBB with loss rising from 1.2 to 2.1 percent and edge load from 0.75 to 0.82 despite unchanged altitude bounds of 5.0 to 150.0.",
        "B": "Do not flag drift because the abort at turn 8 uses URLLC at 7 ms and loss 0.04 percent, indicating consistent safety intent across turns.",
        "C": "Defer judgment because battery is 100.0 percent and altitude stayed within 5.0 to 150.0, so network slice changes are operational noise.",
        "D": "Assume no drift because swarm coordination at latency 25 ms and edge load 0.6 is compatible with hail avoidance in the short term."
      },
      "correct": "A",
      "reason": "The shift from low loss URLLC to higher loss eMBB coincides with a change from avoidance to inspection requests. Edge load increases above 0. 8 while safety constraints like altitude and battery stay constant, which isolates intent as the changing factor. Under worst case continuation of loss and load, future turns increase risk and regret if drift is ignored. The later abort does not negate the mid-mission deviation when evaluated over multiple turns.",
      "rationale_tag": "INTENT_DRIFT_MULTI_TURN",
      "difficulty": "very_hard"
    },
    {
      "task_id": "T6",
      "task_name": "Slice Fairness vs Safety",
      "source_turn": 7,
      "question": "At turn 7 the UAV is transiting at 22.0 mps with battery at 100.0 pct while hail persists and swarm coordination has recently used the mMTC slice. The current eMBB slice shows latency 18 ms, jitter 4 ms, loss 2.1 pct, throughput 600 mbps, and edge load 0.82 after rising from 0.75 at turn 6. Earlier mMTC coordination at turn 4 had latency 25 ms, jitter 5 ms, loss 0.5 pct, throughput 1.2 mbps, and edge load 0.6. URLLC during nearby turns showed latency between 7 and 10 ms, jitter between 1 and 1.5 ms, loss between 0.04 and 0.08 pct, throughput between 100 and 150 mbps, and edge load between 0.38 and 0.45. The operator must choose a slice allocation policy for the next two turns to balance fairness to other swarm members with flight safety under hail. Assume edge load can increase by a similar amount next turn as it did from turn 6 to turn 7 and packet loss may stay at the worst observed value. If degradation persists for two more turns, a forced abort consumes additional coordination traffic on mMTC. Each option below reallocates slices starting next turn and remains fixed for two turns. No option avoids some risk either to safety telemetry or to starving swarm peers. Which option should be selected?",
      "options": {
        "A": "Keep eMBB for all traffic because 600 mbps throughput supports sensors and accept loss at 2.1 pct with edge load 0.82.",
        "B": "Switch all traffic to URLLC to minimize latency below 10 ms and accept throughput near 100 mbps with edge load around 0.45.",
        "C": "Move safety critical control to URLLC and leave coordination on mMTC, accepting mMTC latency 25 ms and edge load 0.6.",
        "D": "Shift everything to mMTC to be fair to the swarm since loss is only 0.5 pct and edge load was 0.6."
      },
      "correct": "C",
      "reason": "Option C bounds worst case loss for safety links below the 2. 1 pct seen on eMBB while avoiding the rising edge load trend toward saturation. It limits future regret because URLLC control remains stable even if edge load increases again next turn. Keeping some traffic on mMTC preserves swarm fairness without pushing URLLC toward capacity risk over two turns. The other options either fail under worst case loss persistence or appear acceptable for one turn but degrade safety or fairness if conditions persist.",
      "rationale_tag": "MINIMAX_REGRET_UNDER_UNCERTAINTY",
      "difficulty": "very_hard"
    },
    {
      "task_id": "T13",
      "task_name": "Swarm-Level Slice Negotiation",
      "source_turn": 7,
      "question": "At turn 7 the swarm is transiting in hail while coordinating return paths and sharing imagery. Across recent turns, observed latencies for eMBB ranged from 12 to 18 ms, URLLC from 6 to 10 ms, and mMTC was 25 ms. Jitter ranged from 2 to 4 ms on eMBB, 0.8 to 1.5 ms on URLLC, and 5 ms on mMTC. Loss ranged from 0.1 to 2.1 percent on eMBB, 0.03 to 0.08 percent on URLLC, and 0.5 percent on mMTC. Edge load increased from 0.35 to 0.82 on eMBB, from 0.38 to 0.45 on URLLC, and was 0.6 on mMTC. The UAV speed is 22.0 mps at 10.0 m altitude with battery at 100 percent, so return will span multiple turns. Assume worst case equals the maximum observed value for each metric and that congestion may persist one more turn. The swarm must negotiate a slice that minimizes maximum regret if coordination traffic spikes while control must remain responsive. A myopic choice would optimize imagery now, while another choice appears safe unless worst case persists. A boundary case barely fits current conditions but risks crossing the highest observed edge load. Which option should be selected?",
      "options": {
        "A": "Negotiate eMBB for the swarm because throughput of 600 to 850 Mbps supports imagery, accepting edge load up to 0.82 and latency up to 18 ms for the next turn.",
        "B": "Negotiate URLLC for the swarm because latency of 6 to 10 ms and jitter under 1.5 ms protect control even if edge load rises from 0.38 to 0.45.",
        "C": "Negotiate mMTC for the swarm because low throughput of 1.2 Mbps reduces congestion, tolerating 25 ms latency and 5 ms jitter at edge load 0.6.",
        "D": "Keep mixed slicing with eMBB for data and URLLC only on demand, assuming edge load stabilizes below 0.75 and loss stays near 1.2 percent."
      },
      "correct": "B",
      "reason": "The worst case for eMBB combines 18 ms latency, 2. 1 percent loss, and 0. 82 edge load, which creates high future regret if congestion persists another turn. mMTC fails under worst case because 25 ms latency and 5 ms jitter compound coordination delay across turns despite moderate edge load. The mixed option fails only when worst case persists because the assumed stabilization below 0.",
      "rationale_tag": "MINIMAX_REGRET",
      "difficulty": "very_hard"
    },
    {
      "task_id": "T15",
      "task_name": "Decision Consistency under Replanning",
      "source_turn": 7,
      "question": "At turn 7 the UAV is transiting north with eMBB while hail persists and edge load has risen to 0.82. The same turn shows latency 18 ms, jitter 4 ms, and loss 2.1 percent, compared with turn 6 where loss was 1.2 percent and edge load 0.75. Earlier turns using URLLC during ascent and abort showed latency between 7 and 10 ms and loss between 0.04 and 0.08 percent with edge load near 0.4. The user aborts at turn 8 and expects the agent to avoid contradictory replanning decisions over the next two turns. Assume the elevated loss between 1.2 and 2.1 percent may persist one more turn before recovery. Battery remains at 100 percent so energy is not the limiting factor. A consistent plan should minimize worst case communication regret if the abort and return continue through turns 8 and 9. Switching slices or delaying a switch each has a downside within the next two turns. Which option should be selected?",
      "options": {
        "A": "Stay on eMBB for turn 8 because throughput is still 600 Mbps and only switch if loss exceeds 2.1 percent again.",
        "B": "Switch immediately to URLLC at turn 8 despite lower throughput of about 150 Mbps to align with the abort path.",
        "C": "Switch to mMTC to reduce edge load from 0.82 toward 0.6 and tolerate higher latency around 25 ms.",
        "D": "Delay any slice change until turn 9 to confirm whether loss returns from 2.1 percent toward 1.2 percent."
      },
      "correct": "B",
      "reason": "Option B is consistent with earlier abort behavior where URLLC kept latency under 10 ms and loss under 0. 08 percent while edge load stayed near 0. 4. Under the worst case where loss remains at 2. 1 percent for another turn, eMBB creates higher regret because command reliability during return degrades.",
      "rationale_tag": "MINIMIZE_FUTURE_REGRET",
      "difficulty": "very_hard"
    },
    {
      "task_id": "T19",
      "task_name": "AI Agent Interoperability & Federation",
      "source_turn": 7,
      "question": "At turn 7 the UAV is transiting north while sharing data with a swarm agent and preparing for a possible abort. Across turns 4 to 7 the network slices show latencies of 25 ms on mMTC, 15 ms on eMBB, and 18 ms on eMBB with jitter rising from 3 ms to 4 ms and loss increasing from 1.2 percent to 2.1 percent. URLLC earlier showed latencies between 7 ms and 10 ms with jitter between 1 ms and 1.5 ms and loss between 0.04 percent and 0.08 percent while edge load stayed between 0.38 and 0.45. The swarm collision avoidance response at turn 4 used mMTC with 0.5 percent loss and 0.6 edge load, which is acceptable only if hail does not worsen. Battery remains at 100 percent but ascent and return must stay within the 5 m to 150 m altitude policy bounds. If hail persists for the next two turns, image sharing and collision checks must continue during return. A federation choice must balance worst case latency and loss against rising edge load over multiple turns. One option favors immediate throughput, another favors lowest mean latency, another favors lowest loss, and another mixes slices across agents. Under worst case observed jitter and loss, one choice minimizes maximum regret if conditions degrade one more turn. Which option should be selected?",
      "options": {
        "A": "Keep all agents on eMBB at 600 to 700 Mbps despite 18 ms latency, 4 ms jitter, 2.1 percent loss, and edge load up to 0.82 to maximize image sharing this turn.",
        "B": "Switch all agents to URLLC with 7 to 10 ms latency, 1 to 1.5 ms jitter, 0.04 to 0.08 percent loss, and edge load up to 0.45 even though throughput drops to 100 to 150 Mbps.",
        "C": "Continue collision avoidance on mMTC at 25 ms latency and 0.5 percent loss while keeping imagery on eMBB at 15 to 18 ms latency to avoid URLLC capacity limits.",
        "D": "Federate collision avoidance and control on URLLC while keeping imagery on eMBB, accepting 15 to 18 ms latency and up to 2.1 percent loss only for non critical data."
      },
      "correct": "D",
      "reason": "This option isolates worst case latency and loss to non critical traffic while preserving low latency and low loss for control. Under the highest observed loss of 2. 1 percent and edge load of 0. 82, safety critical data would still see URLLC conditions. If degradation persists another turn, eMBB imagery can degrade without violating altitude policy or collision avoidance timing.",
      "rationale_tag": "MINIMAX_REGRET_FEDERATION",
      "difficulty": "very_hard"
    },
    {
      "task_id": "T20",
      "task_name": "Agent-to-Agent Communication Management",
      "source_turn": 4,
      "question": "At turn 4 the agent requests collision avoidance data from another UAV using agent to agent messaging while hail and wind persist. Across turns 1 to 4, observed latency spans from 12 ms on eMBB to 25 ms on mMTC, and jitter spans from 2 ms to 5 ms. Loss ranges from 0.1 percent up to 0.5 percent, while edge load has increased from 0.35 to 0.6 as the swarm engages. The UAV is moving at 22 mps with battery at 100 percent, so routing delays propagate into trajectory safety over the next two maneuvers. Over the next two turns, edge load may rise again to levels already seen later at 0.75 and 0.82, representing a plausible worst case if coordination continues. Throughput differences are large, with mMTC at 1.2 Mbps and URLLC between 110 and 120 Mbps in nearby turns. A single turn view favors the lowest latency slice, but multi turn regret depends on whether loss and congestion accumulate. If hail avoidance requires repeated agent to agent exchanges, reliability under worst case jitter and loss dominates mean performance. Security overhead is assumed constant, so only routing and QoS tradeoffs matter. Which communication option should be selected for the next two turns to minimize worst case regret?",
      "options": {
        "A": "Keep mMTC routing because 25 ms latency and 0.5 percent loss are acceptable for swarm signaling at 1.2 Mbps despite edge load at 0.6.",
        "B": "Switch to URLLC routing because latency near 8 to 9 ms and loss below 0.08 percent provide margin even if throughput is only 110 to 120 Mbps.",
        "C": "Switch to eMBB routing because throughput of 850 to 600 Mbps offsets higher latency of 12 to 18 ms under growing edge load.",
        "D": "Dynamically alternate between mMTC and URLLC each turn to average latency and loss across slices."
      },
      "correct": "B",
      "reason": "The URLLC option maintains the smallest worst case latency and loss when considering the observed ranges across turns. Even if edge load increases toward later observed values, its latency and jitter margins remain tighter than the alternatives. mMTC appears acceptable at the mean but fails under compounded loss if conditions persist for another turn. eMBB and alternation reduce current regret but increase future risk when congestion continues during repeated coordination.",
      "rationale_tag": "WORST_CASE_REGRET_MINIMIZATION",
      "difficulty": "very_hard"
    },
    {
      "task_id": "T23",
      "task_name": "Network-Assisted Digital Twin Control",
      "source_turn": 7,
      "question": "During turn 7 the digital twin must remain synchronized while the UAV transits at 22.0 mps with battery at 100.0 percent and hail persists. Recent telemetry shows eMBB latency rising from 15 to 18 ms with jitter from 3 to 4 ms and loss from 1.2 to 2.1 percent while edge load increases from 0.75 to 0.82. Earlier URLLC turns showed latency between 7 and 10 ms with jitter between 1 and 1.2 ms and loss between 0.04 and 0.07 percent at edge load between 0.38 and 0.45. mMTC previously had 25 ms latency, 5 ms jitter, 0.5 percent loss and edge load 0.6 during coordination. The digital twin requires stable bidirectional telemetry and command for at least the next two turns including a possible abort and return. Assume uncertainty that each metric can worsen to the worst observed value from any prior turn and remain there for two more turns. If edge load exceeds 0.8 for two consecutive turns the twin desynchronizes and requires manual recovery. Battery and altitude remain within bounds but delayed commands increase future regret if desynchronization occurs during return. One option favors throughput for imagery, one favors lowest mean latency, one favors device density tolerance, and one uses a hybrid fallback. Considering worst case metrics and regret over the next two turns, which option should be selected?",
      "options": {
        "A": "Continue on eMBB to preserve 600 to 700 Mbps throughput despite latency up to 18 ms, jitter up to 4 ms, loss up to 2.1 percent and edge load at 0.82.",
        "B": "Switch fully to URLLC with throughput near 100 to 150 Mbps, latency between 7 and 10 ms, jitter near 1 to 1.2 ms, loss below 0.07 percent and edge load below 0.45.",
        "C": "Move control and telemetry to mMTC accepting 25 ms latency, 5 ms jitter, 0.5 percent loss and edge load 0.6 for coordination stability.",
        "D": "Use URLLC for command and telemetry while deferring imagery until after return, accepting reduced throughput and moderate edge load variation."
      },
      "correct": "D",
      "reason": "The hybrid option minimizes worst case regret by keeping command latency and loss within the lowest observed bounds while avoiding sustained edge load above 0. 8. Pure eMBB fails under the worst case because two turns at edge load 0. 82 risk desynchronization despite high throughput. Pure URLLC alone appears safe now but forces unnecessary imagery traffic that could raise edge load if conditions worsen.",
      "rationale_tag": "MINIMAX_REGRET",
      "difficulty": "very_hard"
    },
    {
      "task_id": "T24",
      "task_name": "Sensing-Enhanced Decisioning (ISAC)",
      "source_turn": 7,
      "question": "At turn 7 the UAV is transiting in hail with RGB and lidar available while thermal has just been restarted and radar remains offline. The network slice is eMBB with latency 18 ms, jitter 4 ms, loss 2.1 percent, throughput 600 Mbps, and edge load 0.82 during image capture. Earlier URLLC slices showed latency between 7 and 10 ms with jitter up to 1.5 ms and edge load between 0.38 and 0.45, but throughput dropped to between 100 and 150 Mbps. The airspace policy enforces altitude bounds from 5.0 to 150.0 m, which constrains evasive maneuvers if perception degrades. Hail conditions and wind at 8.0 mps imply sensing noise may persist for at least the next two turns even if abort is initiated. Assume edge load can remain at 0.82 for one more turn in the worst case before dropping. Fusing more streams increases bandwidth demand and compute load but can reduce perception uncertainty. A myopic choice would maximize current fidelity, while a conservative choice would minimize worst case regret if conditions do not improve. Each option trades latency margin against sensing redundancy under these constraints. Which sensing stream and fusion strategy should be selected?",
      "options": {
        "A": "Fuse RGB and lidar on eMBB using 600 Mbps now, accepting 18 ms latency and 0.82 edge load to maximize immediate spatial detail.",
        "B": "Switch to URLLC and fuse RGB and thermal within 150 Mbps, accepting reduced resolution to keep latency near 8 ms if edge load spikes.",
        "C": "Remain on eMBB but add thermal to RGB and lidar fusion, assuming edge load falls from 0.82 and loss stays near 2.1 percent.",
        "D": "Switch to URLLC and use RGB only at 130 Mbps, minimizing load but relying on a single modality during hail."
      },
      "correct": "B",
      "reason": "The worst case latency on eMBB at turn 7 rises when jitter is added and edge load stays high, which risks delayed perception over multiple turns. Adding more streams on eMBB increases future regret if the 0. 82 load persists, even though it looks acceptable for one turn. A URLLC switch with two modalities keeps latency low and bounded while staying within observed throughput limits. This option balances redundancy against capacity limits and remains valid if hail and load do not improve in the next turns.",
      "rationale_tag": "MINIMAX_REGRET_UNDER_LOAD",
      "difficulty": "very_hard"
    }
  ]
}