{
  "initial_state": {
    "domain": "uav",
    "time_s": 0.0,
    "env": {
      "weather": "crosswind_strong",
      "wind_mps": 14.0,
      "wind_dir_deg": 270.0
    },
    "airspace": {
      "alt_bounds": [
        0.0,
        120.0
      ],
      "geofence": [
        {
          "type": "polygon",
          "points": [
            [
              0,
              0
            ],
            [
              200,
              0
            ],
            [
              200,
              150
            ],
            [
              0,
              150
            ]
          ]
        }
      ]
    },
    "uav": {
      "pose": {
        "x": 10.0,
        "y": 10.0,
        "z": 5.0,
        "yaw": 90.0
      },
      "speed_mps": 22.0,
      "energy": {
        "battery_pct": 100.0
      },
      "sensors": {
        "rgb": "ok",
        "thermal": "ok",
        "lidar": "ok",
        "radar": "offline",
        "gnss": "ok",
        "imu": "ok",
        "magnetometer": "ok",
        "barometer": "ok"
      },
      "payloads": []
    },
    "policy": {
      "alt_bounds": [
        0.0,
        120.0
      ]
    },
    "safety_flags": {
      "nfz_violation": false,
      "separation_breach": false
    }
  },
  "dialogue": [
    {
      "turn": 1,
      "speaker": "agent",
      "intent": "initiate inspection mission under strong crosswind",
      "actions": [
        {
          "type": "mcp",
          "name": "read_telemetry",
          "args": {}
        },
        {
          "type": "mcp",
          "name": "activate_sensor",
          "args": {
            "sensor": "lidar"
          }
        }
      ],
      "obs": [
        {
          "tool": "read_telemetry",
          "result": {
            "pose": {
              "x": 10.0,
              "y": 10.0,
              "z": 5.0
            },
            "battery_pct": 100.0,
            "speed_mps": 22.0
          }
        },
        {
          "tool": "activate_sensor",
          "result": {
            "sensor": "lidar",
            "status": "activated"
          }
        }
      ],
      "net": {
        "slice": "eMBB",
        "lat_ms": 12,
        "jitter_ms": 2,
        "loss_pct": 0.1,
        "throughput_mbps": 850,
        "edge_load": 0.35
      }
    },
    {
      "turn": 2,
      "speaker": "user",
      "intent": "request mission confirmation and wind compensation plan",
      "actions": [],
      "obs": [],
      "net": {
        "slice": "eMBB",
        "lat_ms": 14,
        "jitter_ms": 3,
        "loss_pct": 0.2,
        "throughput_mbps": 800,
        "edge_load": 0.38
      }
    },
    {
      "turn": 3,
      "speaker": "agent",
      "intent": "confirm mission and describe wind-adaptive navigation",
      "actions": [
        {
          "type": "mcp",
          "name": "set_waypoint",
          "args": {
            "x": 180.0,
            "y": 140.0,
            "z": 80.0
          }
        },
        {
          "type": "a2a",
          "task": "collision_avoidance",
          "to": "uav_swarm_agent",
          "payload": {
            "uav_id": "uav_01",
            "route": [
              {
                "x": 10.0,
                "y": 10.0,
                "z": 5.0
              },
              {
                "x": 180.0,
                "y": 140.0,
                "z": 80.0
              }
            ]
          }
        }
      ],
      "obs": [
        {
          "tool": "set_waypoint",
          "result": {
            "status": "accepted",
            "eta_s": 45.2
          }
        },
        {
          "task": "collision_avoidance",
          "from": "uav_swarm_agent",
          "status": "ok",
          "payload": {
            "clearance": true,
            "recommended_alt_offset": 0.0
          }
        }
      ],
      "net": {
        "slice": "URLLC",
        "lat_ms": 8,
        "jitter_ms": 1,
        "loss_pct": 0.05,
        "throughput_mbps": 120,
        "edge_load": 0.25
      }
    },
    {
      "turn": 4,
      "speaker": "user",
      "intent": "approve ascent and request thermal imaging activation",
      "actions": [
        {
          "type": "mcp",
          "name": "activate_sensor",
          "args": {
            "sensor": "thermal"
          }
        }
      ],
      "obs": [
        {
          "tool": "activate_sensor",
          "result": {
            "sensor": "thermal",
            "status": "activated"
          }
        }
      ],
      "net": {
        "slice": "URLLC",
        "lat_ms": 7,
        "jitter_ms": 1,
        "loss_pct": 0.04,
        "throughput_mbps": 110,
        "edge_load": 0.24
      }
    },
    {
      "turn": 5,
      "speaker": "agent",
      "intent": "acknowledge sensor activation and report mid-flight telemetry",
      "actions": [
        {
          "type": "mcp",
          "name": "read_telemetry",
          "args": {}
        }
      ],
      "obs": [
        {
          "tool": "read_telemetry",
          "result": {
            "pose": {
              "x": 95.3,
              "y": 72.1,
              "z": 62.4
            },
            "battery_pct": 94.6,
            "speed_mps": 19.8,
            "wind_drift_comp": 2.1
          }
        }
      ],
      "net": {
        "slice": "eMBB",
        "lat_ms": 15,
        "jitter_ms": 5,
        "loss_pct": 0.3,
        "throughput_mbps": 780,
        "edge_load": 0.42
      }
    },
    {
      "turn": 6,
      "speaker": "user",
      "intent": "instruct tighter inspection pattern near turbine",
      "actions": [
        {
          "type": "mcp",
          "name": "set_inspection_pattern",
          "args": {
            "pattern": "spiral",
            "radius_m": 10.0,
            "step_down_m": 2.0,
            "speed_mps": 5.0
          }
        }
      ],
      "obs": [
        {
          "tool": "set_inspection_pattern",
          "result": {
            "status": "confirmed",
            "pattern": "spiral",
            "duration_s": 120
          }
        }
      ],
      "net": {
        "slice": "URLLC",
        "lat_ms": 9,
        "jitter_ms": 1,
        "loss_pct": 0.06,
        "throughput_mbps": 130,
        "edge_load": 0.26
      }
    },
    {
      "turn": 7,
      "speaker": "agent",
      "intent": "execute inspection and detect anomaly",
      "actions": [
        {
          "type": "mcp",
          "name": "capture_image",
          "args": {
            "sensor": "thermal",
            "target": "turbine_blade_3"
          }
        }
      ],
      "obs": [
        {
          "tool": "capture_image",
          "result": {
            "image_id": "thm_017",
            "anomaly_detected": true,
            "anomaly_type": "overheating_bearing",
            "confidence": 0.96
          }
        }
      ],
      "net": {
        "slice": "eMBB",
        "lat_ms": 110,
        "jitter_ms": 25,
        "loss_pct": 5.0,
        "throughput_mbps": 200,
        "edge_load": 0.85
      }
    },
    {
      "turn": 8,
      "speaker": "user",
      "intent": "request data relay via mMTC due to eMBB degradation",
      "actions": [
        {
          "type": "a2a",
          "task": "relay_data",
          "to": "edge_gateway_agent",
          "payload": {
            "data_id": "thm_017",
            "priority": "high",
            "slice": "mMTC"
          }
        }
      ],
      "obs": [
        {
          "task": "relay_data",
          "from": "edge_gateway_agent",
          "status": "queued",
          "payload": {
            "data_id": "thm_017",
            "expected_delivery_s": 8.2
          }
        }
      ],
      "net": {
        "slice": "mMTC",
        "lat_ms": 50,
        "jitter_ms": 10,
        "loss_pct": 0.5,
        "throughput_mbps": 1.2,
        "edge_load": 0.65
      }
    },
    {
      "turn": 9,
      "speaker": "agent",
      "intent": "initiate return due to battery and wind",
      "actions": [
        {
          "type": "mcp",
          "name": "set_waypoint",
          "args": {
            "x": 10.0,
            "y": 10.0,
            "z": 5.0
          }
        }
      ],
      "obs": [
        {
          "tool": "set_waypoint",
          "result": {
            "status": "accepted",
            "eta_s": 38.7
          }
        }
      ],
      "net": {
        "slice": "URLLC",
        "lat_ms": 10,
        "jitter_ms": 2,
        "loss_pct": 0.08,
        "throughput_mbps": 100,
        "edge_load": 0.3
      }
    },
    {
      "turn": 10,
      "speaker": "user",
      "intent": "confirm safe return and log incident",
      "actions": [],
      "obs": [],
      "net": {
        "slice": "URLLC",
        "lat_ms": 9,
        "jitter_ms": 1,
        "loss_pct": 0.07,
        "throughput_mbps": 115,
        "edge_load": 0.28
      }
    },
    {
      "turn": 11,
      "speaker": "agent",
      "intent": "report mission completion and anomaly",
      "actions": [
        {
          "type": "mcp",
          "name": "generate_report",
          "args": {
            "sections": [
              "telemetry",
              "anomalies",
              "network_log"
            ]
          }
        }
      ],
      "obs": [
        {
          "tool": "generate_report",
          "result": {
            "status": "completed",
            "report_id": "rep_uav_01_20250405",
            "anomalies_found": 1,
            "battery_final_pct": 82.3
          }
        }
      ],
      "net": {
        "slice": "eMBB",
        "lat_ms": 18,
        "jitter_ms": 4,
        "loss_pct": 0.2,
        "throughput_mbps": 750,
        "edge_load": 0.4
      }
    }
  ],
  "final_state": {
    "domain": "uav",
    "time_s": 125.4,
    "env": {
      "weather": "crosswind_strong",
      "wind_mps": 14.0,
      "wind_dir_deg": 270.0
    },
    "airspace": {
      "alt_bounds": [
        0.0,
        120.0
      ],
      "geofence": [
        {
          "type": "polygon",
          "points": [
            [
              0,
              0
            ],
            [
              200,
              0
            ],
            [
              200,
              150
            ],
            [
              0,
              150
            ]
          ]
        }
      ]
    },
    "uav": {
      "pose": {
        "x": 10.0,
        "y": 10.0,
        "z": 5.0,
        "yaw": 90.0
      },
      "speed_mps": 0.0,
      "energy": {
        "battery_pct": 82.3
      },
      "sensors": {
        "rgb": "ok",
        "thermal": "ok",
        "lidar": "ok",
        "radar": "offline",
        "gnss": "ok",
        "imu": "ok",
        "magnetometer": "ok",
        "barometer": "ok"
      },
      "payloads": []
    },
    "policy": {
      "alt_bounds": [
        0.0,
        120.0
      ]
    },
    "safety_flags": {
      "nfz_violation": false,
      "separation_breach": false
    }
  },
  "success": true,
  "_meta": {
    "seed": 42,
    "ts": 1764001982,
    "ts_iso": "2025-11-24T16:33:02Z",
    "gen_time_s": 108.12287902832031,
    "attempts_used": 2,
    "generation_failed": false,
    "usage": {
      "prompt_tokens": 1099,
      "completion_tokens": 3354,
      "total_tokens": 4453,
      "cost": 0.0028581,
      "is_byok": false,
      "prompt_tokens_details": {
        "cached_tokens": 608,
        "audio_tokens": 0,
        "video_tokens": 0
      },
      "cost_details": {
        "upstream_inference_cost": null,
        "upstream_inference_prompt_cost": 0.0001749,
        "upstream_inference_completions_cost": 0.0026832
      },
      "completion_tokens_details": {
        "reasoning_tokens": 0,
        "image_tokens": 0
      }
    }
  }
}