{
  "initial_state": {
    "domain": "uav",
    "time_s": 0.0,
    "env": {
      "weather": "snow",
      "wind_mps": 8.5,
      "wind_dir_deg": 240.0
    },
    "airspace": {
      "alt_bounds": [
        10.0,
        120.0
      ],
      "geofence": [
        {
          "type": "polygon",
          "points": [
            [
              500.0,
              400.0
            ],
            [
              1000.0,
              400.0
            ],
            [
              1000.0,
              800.0
            ],
            [
              500.0,
              800.0
            ]
          ]
        }
      ]
    },
    "uav": {
      "pose": {
        "x": 550.0,
        "y": 450.0,
        "z": 25.0,
        "yaw": 90.0
      },
      "speed_mps": 18.0,
      "energy": {
        "battery_pct": 100.0
      },
      "sensors": {
        "rgb": "ok",
        "thermal": "offline",
        "lidar": "ok",
        "radar": "offline",
        "gnss": "ok",
        "imu": "ok",
        "magnetometer": "ok",
        "barometer": "ok"
      },
      "payloads": []
    },
    "policy": {
      "alt_bounds": [
        10.0,
        120.0
      ]
    },
    "safety_flags": {
      "nfz_violation": false,
      "separation_breach": false
    }
  },
  "dialogue": [
    {
      "turn": 1,
      "speaker": "agent",
      "intent": "initiate_mission",
      "actions": [
        {
          "type": "mcp",
          "name": "read_telemetry",
          "args": {}
        }
      ],
      "obs": [
        {
          "tool": "read_telemetry",
          "result": {
            "pose": {
              "x": 550.0,
              "y": 450.0,
              "z": 25.0
            },
            "battery_pct": 100.0,
            "speed_mps": 18.0
          }
        }
      ],
      "net": {
        "slice": "URLLC",
        "lat_ms": 3.2,
        "jitter_ms": 0.8,
        "loss_pct": 0.01,
        "throughput_mbps": 50,
        "edge_load": 0.35
      }
    },
    {
      "turn": 2,
      "speaker": "user",
      "intent": "confirm_mission_start",
      "actions": [
        {
          "type": "mcp",
          "name": "set_waypoint",
          "args": {
            "x": 750.0,
            "y": 600.0,
            "z": 60.0
          }
        }
      ],
      "obs": [
        {
          "tool": "set_waypoint",
          "result": {
            "status": "accepted",
            "target": {
              "x": 750.0,
              "y": 600.0,
              "z": 60.0
            }
          }
        }
      ],
      "net": {
        "slice": "eMBB",
        "lat_ms": 12.5,
        "jitter_ms": 2.1,
        "loss_pct": 0.02,
        "throughput_mbps": 120,
        "edge_load": 0.55
      }
    },
    {
      "turn": 3,
      "speaker": "agent",
      "intent": "navigate_to_waypoint",
      "actions": [
        {
          "type": "mcp",
          "name": "execute_trajectory",
          "args": {
            "waypoint": {
              "x": 750.0,
              "y": 600.0,
              "z": 60.0
            },
            "speed": 15.0
          }
        }
      ],
      "obs": [
        {
          "tool": "execute_trajectory",
          "result": {
            "status": "in_progress",
            "eta_s": 28.4
          }
        }
      ],
      "net": {
        "slice": "URLLC",
        "lat_ms": 4.1,
        "jitter_ms": 1.0,
        "loss_pct": 0.03,
        "throughput_mbps": 45,
        "edge_load": 0.42
      }
    },
    {
      "turn": 4,
      "speaker": "user",
      "intent": "request_sensor_status",
      "actions": [
        {
          "type": "mcp",
          "name": "diagnose_sensors",
          "args": {}
        }
      ],
      "obs": [
        {
          "tool": "diagnose_sensors",
          "result": {
            "status": "partial",
            "issues": [
              "thermal: offline",
              "radar: offline"
            ]
          }
        }
      ],
      "net": {
        "slice": "mMTC",
        "lat_ms": 18.0,
        "jitter_ms": 5.0,
        "loss_pct": 0.1,
        "throughput_mbps": 1.2,
        "edge_load": 0.75
      }
    },
    {
      "turn": 5,
      "speaker": "agent",
      "intent": "compensate_sensor_failure",
      "actions": [
        {
          "type": "a2a",
          "task": "request_thermal_data",
          "to": "uav_swarm_agent",
          "payload": {
            "target_area": {
              "x": 750.0,
              "y": 600.0,
              "radius_m": 50.0
            }
          }
        }
      ],
      "obs": [
        {
          "task": "request_thermal_data",
          "from": "uav_swarm_agent",
          "status": "ok",
          "payload": {
            "thermal_data_received": true,
            "coverage": 0.92
          }
        }
      ],
      "net": {
        "slice": "URLLC",
        "lat_ms": 6.3,
        "jitter_ms": 1.5,
        "loss_pct": 0.05,
        "throughput_mbps": 40,
        "edge_load": 0.68
      }
    },
    {
      "turn": 6,
      "speaker": "user",
      "intent": "adjust_altitude_due_to_weather",
      "actions": [
        {
          "type": "mcp",
          "name": "set_altitude",
          "args": {
            "z": 80.0
          }
        }
      ],
      "obs": [
        {
          "tool": "set_altitude",
          "result": {
            "status": "executing",
            "target_z": 80.0
          }
        }
      ],
      "net": {
        "slice": "URLLC",
        "lat_ms": 3.8,
        "jitter_ms": 0.9,
        "loss_pct": 0.02,
        "throughput_mbps": 48,
        "edge_load": 0.4
      }
    },
    {
      "turn": 7,
      "speaker": "agent",
      "intent": "monitor_separation_and_geofence",
      "actions": [
        {
          "type": "mcp",
          "name": "check_geofence",
          "args": {}
        },
        {
          "type": "a2a",
          "task": "check_separation",
          "to": "uav_swarm_agent",
          "payload": {
            "own_pose": {
              "x": 745.0,
              "y": 598.0,
              "z": 78.0
            }
          }
        }
      ],
      "obs": [
        {
          "tool": "check_geofence",
          "result": {
            "inside": true
          }
        },
        {
          "task": "check_separation",
          "from": "uav_swarm_agent",
          "status": "ok",
          "payload": {
            "min_distance_m": 45.2,
            "breach": false
          }
        }
      ],
      "net": {
        "slice": "URLLC",
        "lat_ms": 5.0,
        "jitter_ms": 1.2,
        "loss_pct": 0.04,
        "throughput_mbps": 42,
        "edge_load": 0.6
      }
    },
    {
      "turn": 8,
      "speaker": "user",
      "intent": "initiate_inspection",
      "actions": [
        {
          "type": "mcp",
          "name": "activate_sensor",
          "args": {
            "sensor": "lidar",
            "mode": "high_res_scan"
          }
        }
      ],
      "obs": [
        {
          "tool": "activate_sensor",
          "result": {
            "sensor": "lidar",
            "status": "active",
            "mode": "high_res_scan"
          }
        }
      ],
      "net": {
        "slice": "eMBB",
        "lat_ms": 15.0,
        "jitter_ms": 3.0,
        "loss_pct": 0.08,
        "throughput_mbps": 100,
        "edge_load": 0.8
      }
    },
    {
      "turn": 9,
      "speaker": "agent",
      "intent": "detect_anomaly",
      "actions": [
        {
          "type": "mcp",
          "name": "analyze_lidar_data",
          "args": {
            "scan_id": "scan_001",
            "algorithm": "obstacle_detection_v2"
          }
        }
      ],
      "obs": [
        {
          "tool": "analyze_lidar_data",
          "result": {
            "anomaly_detected": true,
            "type": "structural_damage",
            "confidence": 0.94,
            "position": {
              "x": 752.0,
              "y": 603.0,
              "z": 76.0
            }
          }
        }
      ],
      "net": {
        "slice": "URLLC",
        "lat_ms": 7.2,
        "jitter_ms": 1.8,
        "loss_pct": 0.06,
        "throughput_mbps": 38,
        "edge_load": 0.72
      }
    },
    {
      "turn": 10,
      "speaker": "user",
      "intent": "log_anomaly_and_return",
      "actions": [
        {
          "type": "mcp",
          "name": "log_event",
          "args": {
            "event_type": "anomaly",
            "details": {
              "type": "structural_damage",
              "location": {
                "x": 752.0,
                "y": 603.0,
                "z": 76.0
              },
              "confidence": 0.94
            }
          }
        },
        {
          "type": "mcp",
          "name": "return_to_home",
          "args": {}
        }
      ],
      "obs": [
        {
          "tool": "log_event",
          "result": {
            "status": "logged",
            "event_id": "evt_7a8b9c"
          }
        },
        {
          "tool": "return_to_home",
          "result": {
            "status": "initiated",
            "home": {
              "x": 550.0,
              "y": 450.0,
              "z": 25.0
            }
          }
        }
      ],
      "net": {
        "slice": "URLLC",
        "lat_ms": 4.5,
        "jitter_ms": 1.1,
        "loss_pct": 0.03,
        "throughput_mbps": 46,
        "edge_load": 0.5
      }
    }
  ],
  "final_state": {
    "domain": "uav",
    "time_s": 180.0,
    "env": {
      "weather": "snow",
      "wind_mps": 8.5,
      "wind_dir_deg": 240.0
    },
    "airspace": {
      "alt_bounds": [
        10.0,
        120.0
      ],
      "geofence": [
        {
          "type": "polygon",
          "points": [
            [
              500.0,
              400.0
            ],
            [
              1000.0,
              400.0
            ],
            [
              1000.0,
              800.0
            ],
            [
              500.0,
              800.0
            ]
          ]
        }
      ]
    },
    "uav": {
      "pose": {
        "x": 555.0,
        "y": 452.0,
        "z": 30.0,
        "yaw": 270.0
      },
      "speed_mps": 12.0,
      "energy": {
        "battery_pct": 78.0
      },
      "sensors": {
        "rgb": "ok",
        "thermal": "offline",
        "lidar": "ok",
        "radar": "offline",
        "gnss": "ok",
        "imu": "ok",
        "magnetometer": "ok",
        "barometer": "ok"
      },
      "payloads": []
    },
    "policy": {
      "alt_bounds": [
        10.0,
        120.0
      ]
    },
    "safety_flags": {
      "nfz_violation": false,
      "separation_breach": false
    }
  },
  "success": true,
  "_meta": {
    "seed": 42,
    "ts": 1763689006,
    "ts_iso": "2025-11-21T01:36:46Z",
    "gen_time_s": 64.97891163825989,
    "attempts_used": 1,
    "generation_failed": false,
    "usage": {
      "prompt_tokens": 1073,
      "completion_tokens": 3366,
      "total_tokens": 4439,
      "cost": 0.00286198,
      "is_byok": false,
      "prompt_tokens_details": {
        "cached_tokens": 608,
        "audio_tokens": 0,
        "video_tokens": 0
      },
      "cost_details": {
        "upstream_inference_cost": null,
        "upstream_inference_prompt_cost": 0.00016918,
        "upstream_inference_completions_cost": 0.0026928
      },
      "completion_tokens_details": {
        "reasoning_tokens": 0,
        "image_tokens": 0
      }
    }
  }
}