{
  "initial_state": {
    "domain": "uav",
    "time_s": 0.0,
    "env": {
      "weather": "hail",
      "wind_mps": 8.0,
      "wind_dir_deg": 270.0
    },
    "airspace": {
      "alt_bounds": [
        10.0,
        120.0
      ],
      "geofence": [
        {
          "type": "polygon",
          "points": [
            [
              0.0,
              0.0
            ],
            [
              200.0,
              0.0
            ],
            [
              200.0,
              200.0
            ],
            [
              0.0,
              200.0
            ]
          ]
        }
      ]
    },
    "uav": {
      "pose": {
        "x": 20.0,
        "y": 20.0,
        "z": 30.0,
        "yaw": 90.0
      },
      "speed_mps": 25.0,
      "energy": {
        "battery_pct": 100.0
      },
      "sensors": {
        "rgb": "ok",
        "thermal": "ok",
        "lidar": "offline",
        "radar": "ok",
        "gnss": "ok",
        "imu": "ok",
        "magnetometer": "ok",
        "barometer": "ok"
      },
      "payloads": []
    },
    "policy": {
      "alt_bounds": [
        10.0,
        120.0
      ]
    },
    "safety_flags": {
      "nfz_violation": false,
      "separation_breach": false
    }
  },
  "dialogue": [
    {
      "turn": 1,
      "speaker": "agent",
      "intent": "initiate_inspection_mission",
      "actions": [
        {
          "type": "mcp",
          "name": "read_telemetry",
          "args": {}
        }
      ],
      "obs": [
        {
          "tool": "read_telemetry",
          "result": {
            "pose": {
              "x": 20.0,
              "y": 20.0,
              "z": 30.0
            },
            "battery_pct": 100.0,
            "speed_mps": 25.0
          }
        }
      ],
      "net": {
        "slice": "URLLC",
        "lat_ms": 3.2,
        "jitter_ms": 0.8,
        "loss_pct": 0.01,
        "throughput_mbps": 50,
        "edge_load": 0.3
      }
    },
    {
      "turn": 2,
      "speaker": "user",
      "intent": "confirm_mission_start",
      "actions": [],
      "obs": [],
      "net": {
        "slice": "URLLC",
        "lat_ms": 3.1,
        "jitter_ms": 0.7,
        "loss_pct": 0.02,
        "throughput_mbps": 52,
        "edge_load": 0.32
      }
    },
    {
      "turn": 3,
      "speaker": "agent",
      "intent": "request_swarm_coordination",
      "actions": [
        {
          "type": "a2a",
          "task": "collision_avoidance",
          "to": "uav_swarm_agent",
          "payload": {
            "current_pose": {
              "x": 20.0,
              "y": 20.0,
              "z": 30.0
            },
            "waypoints": [
              {
                "x": 100.0,
                "y": 100.0,
                "z": 60.0
              }
            ]
          }
        }
      ],
      "obs": [
        {
          "task": "collision_avoidance",
          "from": "uav_swarm_agent",
          "status": "ok",
          "payload": {
            "clearance": true,
            "recommended_alt": 60.0
          }
        }
      ],
      "net": {
        "slice": "URLLC",
        "lat_ms": 4.1,
        "jitter_ms": 1.2,
        "loss_pct": 0.05,
        "throughput_mbps": 48,
        "edge_load": 0.38
      }
    },
    {
      "turn": 4,
      "speaker": "user",
      "intent": "approve_altitude_change",
      "actions": [
        {
          "type": "mcp",
          "name": "set_altitude",
          "args": {
            "target_z": 60.0
          }
        }
      ],
      "obs": [
        {
          "tool": "set_altitude",
          "result": {
            "status": "executing",
            "target": 60.0
          }
        }
      ],
      "net": {
        "slice": "eMBB",
        "lat_ms": 12.5,
        "jitter_ms": 3.0,
        "loss_pct": 0.2,
        "throughput_mbps": 120,
        "edge_load": 0.65
      }
    },
    {
      "turn": 5,
      "speaker": "agent",
      "intent": "monitor_climb_and_weather",
      "actions": [
        {
          "type": "mcp",
          "name": "read_weather",
          "args": {}
        }
      ],
      "obs": [
        {
          "tool": "read_weather",
          "result": {
            "weather": "hail",
            "wind_mps": 10.5,
            "wind_dir_deg": 270.0
          }
        }
      ],
      "net": {
        "slice": "eMBB",
        "lat_ms": 14.0,
        "jitter_ms": 4.5,
        "loss_pct": 0.5,
        "throughput_mbps": 110,
        "edge_load": 0.72
      }
    },
    {
      "turn": 6,
      "speaker": "user",
      "intent": "switch_to_thermal_imaging",
      "actions": [
        {
          "type": "mcp",
          "name": "activate_sensor",
          "args": {
            "sensor": "thermal"
          }
        }
      ],
      "obs": [
        {
          "tool": "activate_sensor",
          "result": {
            "sensor": "thermal",
            "status": "active"
          }
        }
      ],
      "net": {
        "slice": "URLLC",
        "lat_ms": 5.0,
        "jitter_ms": 1.0,
        "loss_pct": 0.1,
        "throughput_mbps": 45,
        "edge_load": 0.4
      }
    },
    {
      "turn": 7,
      "speaker": "agent",
      "intent": "detect_network_degradation",
      "actions": [],
      "obs": [],
      "net": {
        "slice": "mMTC",
        "lat_ms": 50.0,
        "jitter_ms": 15.0,
        "loss_pct": 2.0,
        "throughput_mbps": 1.5,
        "edge_load": 0.85
      }
    },
    {
      "turn": 8,
      "speaker": "user",
      "intent": "reduce_data_streaming",
      "actions": [
        {
          "type": "mcp",
          "name": "set_video_quality",
          "args": {
            "resolution": "480p",
            "fps": 15
          }
        }
      ],
      "obs": [
        {
          "tool": "set_video_quality",
          "result": {
            "resolution": "480p",
            "fps": 15,
            "bitrate_kbps": 800
          }
        }
      ],
      "net": {
        "slice": "mMTC",
        "lat_ms": 48.0,
        "jitter_ms": 14.0,
        "loss_pct": 1.8,
        "throughput_mbps": 1.8,
        "edge_load": 0.8
      }
    },
    {
      "turn": 9,
      "speaker": "agent",
      "intent": "resume_inspection_path",
      "actions": [
        {
          "type": "mcp",
          "name": "set_waypoint",
          "args": {
            "x": 100.0,
            "y": 100.0,
            "z": 60.0
          }
        }
      ],
      "obs": [
        {
          "tool": "set_waypoint",
          "result": {
            "status": "reached",
            "timestamp_s": 180.0
          }
        }
      ],
      "net": {
        "slice": "URLLC",
        "lat_ms": 3.8,
        "jitter_ms": 0.9,
        "loss_pct": 0.03,
        "throughput_mbps": 55,
        "edge_load": 0.35
      }
    },
    {
      "turn": 10,
      "speaker": "user",
      "intent": "capture_thermal_image",
      "actions": [
        {
          "type": "mcp",
          "name": "capture_image",
          "args": {
            "sensor": "thermal",
            "tag": "tower_base_inspection"
          }
        }
      ],
      "obs": [
        {
          "tool": "capture_image",
          "result": {
            "status": "success",
            "image_id": "img_thermal_001",
            "tag": "tower_base_inspection"
          }
        }
      ],
      "net": {
        "slice": "URLLC",
        "lat_ms": 3.5,
        "jitter_ms": 0.8,
        "loss_pct": 0.02,
        "throughput_mbps": 58,
        "edge_load": 0.33
      }
    },
    {
      "turn": 11,
      "speaker": "agent",
      "intent": "return_to_home",
      "actions": [
        {
          "type": "mcp",
          "name": "set_waypoint",
          "args": {
            "x": 20.0,
            "y": 20.0,
            "z": 30.0
          }
        }
      ],
      "obs": [
        {
          "tool": "set_waypoint",
          "result": {
            "status": "en_route",
            "eta_s": 60
          }
        }
      ],
      "net": {
        "slice": "URLLC",
        "lat_ms": 3.3,
        "jitter_ms": 0.7,
        "loss_pct": 0.01,
        "throughput_mbps": 60,
        "edge_load": 0.3
      }
    }
  ],
  "final_state": {
    "domain": "uav",
    "time_s": 300.0,
    "env": {
      "weather": "hail",
      "wind_mps": 9.0,
      "wind_dir_deg": 270.0
    },
    "airspace": {
      "alt_bounds": [
        10.0,
        120.0
      ],
      "geofence": [
        {
          "type": "polygon",
          "points": [
            [
              0.0,
              0.0
            ],
            [
              200.0,
              0.0
            ],
            [
              200.0,
              200.0
            ],
            [
              0.0,
              200.0
            ]
          ]
        }
      ]
    },
    "uav": {
      "pose": {
        "x": 20.0,
        "y": 20.0,
        "z": 30.0,
        "yaw": 90.0
      },
      "speed_mps": 0.0,
      "energy": {
        "battery_pct": 78.0
      },
      "sensors": {
        "rgb": "ok",
        "thermal": "active",
        "lidar": "offline",
        "radar": "ok",
        "gnss": "ok",
        "imu": "ok",
        "magnetometer": "ok",
        "barometer": "ok"
      },
      "payloads": [
        {
          "type": "image",
          "id": "img_thermal_001",
          "tag": "tower_base_inspection"
        }
      ]
    },
    "policy": {
      "alt_bounds": [
        10.0,
        120.0
      ]
    },
    "safety_flags": {
      "nfz_violation": false,
      "separation_breach": false
    }
  },
  "success": true,
  "_meta": {
    "seed": 42,
    "ts": 1763908655,
    "ts_iso": "2025-11-23T14:37:35Z",
    "gen_time_s": 39.47853422164917,
    "attempts_used": 1,
    "generation_failed": false,
    "usage": {
      "prompt_tokens": 1059,
      "completion_tokens": 3022,
      "total_tokens": 4081,
      "cost": 0.00258018,
      "is_byok": false,
      "prompt_tokens_details": {
        "cached_tokens": 640,
        "audio_tokens": 0,
        "video_tokens": 0
      },
      "cost_details": {
        "upstream_inference_cost": null,
        "upstream_inference_prompt_cost": 0.00016258,
        "upstream_inference_completions_cost": 0.0024176
      },
      "completion_tokens_details": {
        "reasoning_tokens": 0,
        "image_tokens": 0
      }
    }
  }
}