{
  "episode_id": "6gb_prompt_6c68b6de452811b0",
  "questions": [
    {
      "task_id": "T7",
      "task_name": "Compute Placement Decision",
      "source_turn": 7,
      "question": "At turn 7, the UAV is operating under mMTC slice with latency 30ms, jitter 12ms, loss 2.0%, throughput 0.8Mbps, and edge load 0.85. The SLA requires inference latency under 25ms with 99.9% reliability over the next 2 turns. The onboard inference engine can process in 18ms but consumes 5% battery per inference, while edge inference under current conditions takes 30ms with 98% success rate. If edge load increases by 0.1 per turn and jitter grows by 2ms per turn, and the UAV must complete 3 more inferences before return, which placement minimizes maximum regret under worst-case degradation? The UAV has 85% battery remaining and must maintain 20% reserve. Option A: Offload all to edge. Option B: Run all onboard. Option C: Offload first, then switch to onboard. Option D: Offload two, run one onboard.",
      "options": {
        "A": "Offload all to edge: leverages current edge capacity despite high latency, assuming load stabilizes.",
        "B": "Run all onboard: avoids network risk but drains battery to 70%, risking reserve violation.",
        "C": "Offload first, then switch to onboard: balances load but risks second inference failing if edge degrades further.",
        "D": "Offload two, run one onboard: minimizes edge exposure while preserving battery, but may miss SLA on second offload."
      },
      "correct": "D",
      "reason": "Option D minimizes maximum regret by limiting edge exposure to two inferences while preserving battery above reserve. Offloading two under current conditions risks SLA violation on the second due to projected edge load 0. 95 and jitter 14ms, but onboard fallback ensures completion. Option A fails SLA on turn 8 under worst-case jitter and load. Option B risks battery reserve violation.",
      "rationale_tag": "WORST_CASE_REGRET_MINIMIZATION",
      "difficulty": "very_hard"
    },
    {
      "task_id": "T8",
      "task_name": "Graceful Degradation under Edge Overload",
      "source_turn": 7,
      "question": "At turn 7, the UAV is operating under mMTC slice with latency 30ms, jitter 12ms, loss 2.0%, throughput 0.8Mbps, and edge load 0.85. The SLA requires latency <25ms and edge load <0.8 for mission-critical autonomy. Thermal sensor remains offline. If degradation persists, edge load may rise to 0.92 by turn 8. Switching to URLLC would reduce latency to 7ms but cap throughput at 55Mbps, insufficient for real-time image offload. eMBB offers 880Mbps but latency 11ms and edge load 0.3, which may spike to 0.75 under load. The UAV must maintain at least 30% battery for return, currently at 85%. Which option should be selected?",
      "options": {
        "A": "Switch to URLLC immediately to guarantee latency <10ms, accepting throughput limitation and potential image offload failure.",
        "B": "Stay on mMTC but reduce autonomy level to manual override, accepting SLA violation risk if edge load exceeds 0.92 by turn 8.",
        "C": "Switch to eMBB to leverage high throughput, accepting latency margin of 6ms above SLA and projected edge load of 0.75.",
        "D": "Initiate emergency hover on URLLC for 30s to reset edge load, then resume on eMBB, accepting 5% battery drain and 1-turn delay."
      },
      "correct": "D",
      "reason": "Option D minimizes maximum regret by resetting edge load before resuming on eMBB, which has sufficient throughput and acceptable latency margin. URLLC lacks throughput for offload, risking mission failure. Staying on mMTC risks SLA violation with edge load projected to exceed 0. 92. eMBB alone risks latency violation if edge load spikes.",
      "rationale_tag": "WORST_CASE_REGRET_MINIMIZATION",
      "difficulty": "very_hard"
    },
    {
      "task_id": "T9",
      "task_name": "Trust-Aware Offloading",
      "source_turn": 7,
      "question": "At turn 7, the UAV is operating under mMTC slice with latency 30ms, jitter 12ms, loss 2.0%, throughput 0.8Mbps, and edge load 0.85, while attempting to offload image processing to edge_ai_agent. The policy allows altitudes between 5m and 150m, and the UAV is currently at 30m with 100% battery. The thermal sensor remains offline, and the next two turns may see edge load increase to 0.95 under worst-case degradation. Offloading now risks violating SLA if latency exceeds 35ms or edge load exceeds 0.9. The URLLC slice offers 7ms latency and 0.38 edge load at turn 9 but has only 55Mbps throughput, insufficient for high-res image bursts. The eMBB slice at turn 10 offers 800Mbps but 13ms latency and 0.32 edge load, which may not be available if the UAV moves out of coverage. Which option should be selected to minimize maximum regret over the next three turns while respecting trust constraints?",
      "options": {
        "A": "Offload immediately under mMTC despite high edge load, assuming recovery by turn 9.",
        "B": "Switch to URLLC slice now for lower latency, accepting throughput limitation for image compression.",
        "C": "Delay offloading until turn 10 under eMBB, betting on stable coverage and lower edge load.",
        "D": "Abort offloading and process locally, preserving battery and avoiding network risk."
      },
      "correct": "D",
      "reason": "Offloading under mMTC risks SLA violation as edge load may reach 0. 95, exceeding the 0. 9 threshold. URLLC lacks throughput for image bursts, risking incomplete processing. eMBB at turn 10 is uncertain due to potential coverage loss during movement.",
      "rationale_tag": "TRUST_PRESERVATION_OVER_OPTIMIZATION",
      "difficulty": "very_hard"
    },
    {
      "task_id": "T10",
      "task_name": "SLA Violation Prediction",
      "source_turn": 7,
      "question": "At turn 7, the UAV is operating under mMTC slice with latency 30ms, jitter 12ms, loss 2.0%, throughput 0.8Mbps, and edge load 0.85. The SLA requires latency <25ms, jitter <8ms, loss <1.0%, and throughput >1.0Mbps. Historical trends show latency increases by 5ms per turn under mMTC, jitter by 2ms, loss by 0.5%, and throughput decreases by 0.2Mbps per turn. Edge load is projected to reach 0.95 next turn. If the UAV continues on current path, SLA violation is certain by turn 8. Switching to URLLC now would reduce latency to 7ms but cap throughput at 55Mbps and increase edge load to 0.4. Switching to eMBB now would yield latency 13ms but throughput 800Mbps and edge load 0.32. Maintaining mMTC risks immediate SLA breach next turn. Which option should be selected?",
      "options": {
        "A": "Continue on mMTC: latency and jitter will exceed SLA next turn, but throughput may recover if edge load stabilizes.",
        "B": "Switch to URLLC: latency and jitter meet SLA, but throughput is capped at 55Mbps, which may limit future image offloading.",
        "C": "Switch to eMBB: latency and throughput meet SLA, but jitter is 2ms above SLA limit and edge load may rise under sustained load.",
        "D": "Request manual override: defer decision until turn 8 telemetry, accepting 100% SLA violation risk if degradation continues."
      },
      "correct": "B",
      "reason": "Switching to URLLC ensures latency and jitter remain under SLA limits for at least two turns even under worst-case degradation. Throughput cap of 55Mbps is sufficient for image offloading given current payload size. Continuing mMTC guarantees SLA violation by turn 8. eMBB fails jitter SLA and risks edge load escalation. Manual override incurs certain violation with no mitigation.",
      "rationale_tag": "WORST_CASE_SLAMIN",
      "difficulty": "very_hard"
    },
    {
      "task_id": "T16",
      "task_name": "Network-Exposed Compute Marketplace",
      "source_turn": 7,
      "question": "At turn 7, the UAV is operating under mMTC slice with latency 30ms, jitter 12ms, loss 2.0%, throughput 0.8Mbps, and edge load 0.85. The edge compute node is projected to reach 0.95 load next turn if current offload rate continues. A third-party AI service requests compute access with SLA requiring <15ms latency and <1% loss, offering $120/hour. The UAV’s mission-critical image processing requires 0.5Mbps throughput and tolerates up to 25ms latency. If the edge node fails under overload, mission loss is estimated at $500. The network policy allows slicing priority override only if edge load <0.9. Which option should be selected?",
      "options": {
        "A": "Accept third-party request with 50% compute allocation, assuming edge load stabilizes at 0.88 next turn.",
        "B": "Reject third-party request and reserve full compute for mission, accepting no external revenue but ensuring mission continuity.",
        "C": "Accept third-party request with 30% allocation, projecting edge load to 0.92 next turn, assuming 10% offload reduction from UAV optimization.",
        "D": "Accept third-party request with 20% allocation, projecting edge load to 0.87 next turn, but risk 15% chance of SLA violation if jitter spikes to 15ms."
      },
      "correct": "B",
      "reason": "The edge load is already at 0. 85 and projected to reach 0. 95 next turn under current usage. Any third-party allocation pushes load beyond the 0. 9 policy threshold, risking priority override failure.",
      "rationale_tag": "WORST_CASE_POLICY_VIOLATION",
      "difficulty": "very_hard"
    },
    {
      "task_id": "T17",
      "task_name": "Network-Knowledge RAG Augmentation",
      "source_turn": 7,
      "question": "At turn 7, the UAV is operating under mMTC slice with latency 30ms, jitter 12ms, loss 2.0%, throughput 0.8Mbps, and edge load 0.85. The mission requires offloading image processing to edge AI within 50ms SLA, but the current slice violates this by 20ms worst-case. The thermal sensor remains offline, and battery is at 100%. If the UAV continues on this path, edge load will rise to 0.92 next turn, increasing jitter to 15ms and loss to 2.5%. Switching to URLLC now would reduce latency to 8ms but cap throughput at 50Mbps, risking image compression artifacts. eMBB offers 880Mbps but latency 14ms with 0.35 edge load, which may not sustain if wind increases. Which option should be selected to minimize maximum regret over the next two turns while ensuring SLA compliance under worst-case jitter and loss?",
      "options": {
        "A": "Stay on mMTC: accept 30ms latency with 12ms jitter; project edge load 0.92 next turn; tolerate 2.5% loss; assume SLA violation is acceptable for mission continuity.",
        "B": "Switch to URLLC: latency drops to 8ms, jitter 0.5ms, loss 0.02%, throughput 50Mbps; risk image quality degradation due to compression; edge load 0.25; SLA met with 42ms margin.",
        "C": "Switch to eMBB: latency 14ms, jitter 3ms, loss 0.1%, throughput 880Mbps; edge load 0.35; SLA met with 36ms margin; but wind may increase load to 0.45 next turn, raising latency to 18ms.",
        "D": "Request manual override to hybrid mode: combine URLLC for control and eMBB for data; latency 10ms, throughput 400Mbps, edge load 0.5; but no SLA guarantee and potential 5ms jitter spike under wind gusts."
      },
      "correct": "B",
      "reason": "URLLC guarantees SLA compliance under worst-case jitter and loss with 42ms margin. mMTC will violate SLA next turn as edge load rises to 0. 92. eMBB appears safe now but risks latency increase to 18ms under wind, reducing margin to 32ms. Hybrid mode lacks SLA guarantee and introduces jitter risk.",
      "rationale_tag": "WORST_CASE_SLAMIN",
      "difficulty": "very_hard"
    },
    {
      "task_id": "T18",
      "task_name": "AI Agent Identity & Onboarding",
      "source_turn": 7,
      "question": "At turn 7, the UAV agent detects network degradation while offloading image processing to edge_ai_agent under mMTC slice with 30ms latency, 12ms jitter, 2.0% loss, and 0.8Mbps throughput, while edge_load is 0.85. The mission requires 95% image delivery reliability over next 2 turns, and SLA mandates latency under 20ms for critical control. Thermal sensor remains offline, and battery is at 85%. If the agent must now register a new identity for edge_ai_agent to prioritize traffic, which option minimizes maximum regret across turns 8–9 under worst-case jitter and loss? Option A: Register edge_ai_agent under URLLC with 6ms latency cap, 0.3ms jitter, 0.01% loss, but only 60Mbps throughput and 0.4 edge_load. Option B: Register under eMBB with 13ms latency, 2ms jitter, 0.1% loss, 800Mbps throughput, but edge_load may rise to 0.95 under load. Option C: Keep mMTC registration but request 10% QoS boost, reducing jitter to 10ms and loss to 1.5%, but throughput remains 1.2Mbps and edge_load hits 0.9. Option D: Register edge_ai_agent under hybrid slice with 15ms latency, 5ms jitter, 0.5% loss, 200Mbps throughput, and 0.6 edge_load, but requires 3s re-authentication delay. Which option should be selected?",
      "options": {
        "A": "Register edge_ai_agent under URLLC with 6ms latency cap, 0.3ms jitter, 0.01% loss, but only 60Mbps throughput and 0.4 edge_load.",
        "B": "Register under eMBB with 13ms latency, 2ms jitter, 0.1% loss, 800Mbps throughput, but edge_load may rise to 0.95 under load.",
        "C": "Keep mMTC registration but request 10% QoS boost, reducing jitter to 10ms and loss to 1.5%, but throughput remains 1.2Mbps and edge_load hits 0.9.",
        "D": "Register edge_ai_agent under hybrid slice with 15ms latency, 5ms jitter, 0.5% loss, 200Mbps throughput, and 0.6 edge_load, but requires 3s re-authentication delay."
      },
      "correct": "A",
      "reason": "URLLC registration ensures latency and jitter remain under SLA even under worst-case conditions across turns 8–9. Although throughput is lower, image offload size is small and fits within 60Mbps. eMBB risks edge_load saturation and potential latency spikes. mMTC cannot meet reliability even with QoS boost. Hybrid slice introduces re-authentication delay that risks mission continuity.",
      "rationale_tag": "WORST_CASE_LATENCY_GUARANTEE",
      "difficulty": "very_hard"
    },
    {
      "task_id": "T22",
      "task_name": "Federated / Collaborative Learning Orchestration",
      "source_turn": 7,
      "question": "At turn 7, the UAV is operating under mMTC slice with latency 30ms, jitter 12ms, loss 2.0%, throughput 0.8Mbps, and edge load 0.85. The edge AI agent reports it can process federated model updates only if throughput exceeds 1.0Mbps and edge load remains below 0.9. The next turn may see 10% degradation in throughput and 5% increase in edge load under worst-case interference. The mission requires at least one model update before return to base at turn 10. Option A: Stay on mMTC and risk model update failure. Option B: Switch to URLLC with 55Mbps throughput but 0.38 edge load, risking battery drain from frequent retransmissions. Option C: Switch to eMBB with 800Mbps throughput but 0.32 edge load, risking latency spikes above 20ms which violate SLA for real-time collaboration. Option D: Delay update until turn 9, accepting 30% probability of no update due to battery drop below 20%. Which option should be selected?",
      "options": {
        "A": "Stay on mMTC and risk model update failure.",
        "B": "Switch to URLLC with 55Mbps throughput but 0.38 edge load, risking battery drain from frequent retransmissions.",
        "C": "Switch to eMBB with 800Mbps throughput but 0.32 edge load, risking latency spikes above 20ms which violate SLA for real-time collaboration.",
        "D": "Delay update until turn 9, accepting 30% probability of no update due to battery drop below 20%."
      },
      "correct": "B",
      "reason": "Switching to URLLC ensures throughput exceeds 1. 0Mbps and edge load stays under 0. 9 even under worst-case degradation. The battery drain risk is offset by the short duration and high reliability of URLLC for critical updates. Delaying to turn 9 risks mission failure due to battery constraints.",
      "rationale_tag": "WORST_CASE_MARGIN_OPTIMIZATION",
      "difficulty": "very_hard"
    },
    {
      "task_id": "T26",
      "task_name": "Trust-Aware Third-Party Agent Exposure",
      "source_turn": 7,
      "question": "At turn 7, the UAV is operating under mMTC slice with latency 30ms, jitter 12ms, loss 2.0%, throughput 0.8Mbps, and edge load 0.85, while attempting to offload image processing to edge_ai_agent. The agent’s trust score is 0.72, and regulatory policy caps exposure to third-party compute at 0.8 trust threshold. The next turn may see edge load rise to 0.92 under worst-case interference, and SLA requires latency under 25ms for critical offloads. If the agent’s trust degrades by 0.05 per turn under stress, and the UAV must complete 3 more offloads before return, which exposure level minimizes maximum regret across all plausible futures? Option A grants full compute access now but risks SLA violation next turn. Option B restricts to metadata-only exposure, preserving latency but forfeiting processing. Option C allows compute access with 50% throttling, reducing throughput to 0.4Mbps but lowering edge load to 0.75. Option D defers all offloads until return, risking mission delay but avoiding exposure. Which option should be selected?",
      "options": {
        "A": "Grant full compute access now; trust score 0.72 exceeds 0.7 threshold and current latency 30ms is acceptable for non-critical tasks.",
        "B": "Restrict to metadata-only exposure; preserves latency under 25ms and avoids trust degradation risk.",
        "C": "Allow compute access with 50% throttling; reduces edge load to 0.75 and maintains trust score above 0.67 for next turn.",
        "D": "Defer all offloads until return; avoids exposure risk and ensures SLA compliance during critical phases."
      },
      "correct": "C",
      "reason": "Option C minimizes maximum regret by balancing trust decay, edge load projection, and SLA compliance. It reduces edge load to 0. 75, which delays SLA violation by at least one turn under worst-case load growth. The throttled throughput still enables partial processing, avoiding complete mission delay. Trust score remains above 0.",
      "rationale_tag": "TRUST_DECAY_BALANCE",
      "difficulty": "very_hard"
    },
    {
      "task_id": "T30",
      "task_name": "Network Security Detection & Response Automation",
      "source_turn": 7,
      "question": "At turn 7, the UAV is operating under mMTC slice with latency 30ms, jitter 12ms, packet loss 2.0%, throughput 0.8Mbps, and edge load 0.85. The mission requires image offload to edge AI within 50ms SLA, and battery is at 85% with 120s remaining flight time. If network degradation persists, edge load may rise to 0.95 next turn, increasing latency to 40ms with 95% confidence. Switching to URLLC now would reduce latency to 8ms but cap throughput at 60Mbps, risking image corruption if resolution exceeds 4K. eMBB offers 850Mbps but latency may spike to 20ms under load. Which option should be selected to minimize maximum regret over the next two turns while ensuring mission completion under worst-case bounds?",
      "options": {
        "A": "Stay on mMTC: latency 30ms is under 50ms SLA, and edge load 0.85 is below 0.9 threshold; image offload will succeed if no further degradation.",
        "B": "Switch to URLLC: latency drops to 8ms, ensuring SLA compliance, and jitter is stable at 0.3ms; throughput 60Mbps supports 4K images if resolution is capped.",
        "C": "Switch to eMBB: throughput 850Mbps allows full-resolution image transfer; latency 13ms is acceptable if edge load remains below 0.4, which is likely given current 0.32.",
        "D": "Initiate emergency hover: suspend image offload, reduce edge load to 0.4, and wait for network recovery; battery will last 120s, allowing 30s for recovery before resuming."
      },
      "correct": "B",
      "reason": "Switching to URLLC ensures latency remains under 50ms SLA even if edge load rises to 0. 95 next turn. Throughput of 60Mbps is sufficient for 4K images if resolution is capped, avoiding corruption. mMTC risks violating SLA under worst-case latency of 40ms. eMBB’s latency may spike under load, and hover wastes time without guaranteeing recovery.",
      "rationale_tag": "WORST_CASE_LATENCY_COMPLIANCE",
      "difficulty": "very_hard"
    }
  ]
}