{
  "initial_state": {
    "domain": "uav",
    "time_s": 0.0,
    "env": {
      "weather": "dust",
      "wind_mps": 12.0,
      "wind_dir_deg": 240.0
    },
    "airspace": {
      "alt_bounds": [
        10.0,
        120.0
      ],
      "geofence": [
        {
          "type": "polygon",
          "points": [
            [
              0,
              0
            ],
            [
              200,
              0
            ],
            [
              200,
              300
            ],
            [
              0,
              300
            ]
          ]
        }
      ]
    },
    "uav": {
      "pose": {
        "x": 0.0,
        "y": 0.0,
        "z": 10.0,
        "yaw": 270.0
      },
      "speed_mps": 35.0,
      "energy": {
        "battery_pct": 100.0
      },
      "sensors": {
        "rgb": "ok",
        "thermal": "ok",
        "lidar": "ok",
        "radar": "ok",
        "gnss": "ok",
        "imu": "ok",
        "magnetometer": "ok",
        "barometer": "ok"
      },
      "payloads": []
    },
    "policy": {
      "alt_bounds": [
        10.0,
        120.0
      ]
    },
    "safety_flags": {
      "nfz_violation": false,
      "separation_breach": false
    }
  },
  "dialogue": [
    {
      "turn": 1,
      "speaker": "agent",
      "intent": "initiate inspection mission under dust conditions",
      "actions": [
        {
          "type": "mcp",
          "name": "read_telemetry",
          "args": {}
        },
        {
          "type": "a2a",
          "task": "request_swarm_formation",
          "to": "uav_swarm_agent",
          "payload": {
            "uav_id": "uav_01",
            "target_formation": "line_abreast",
            "waypoints": [
              [
                50,
                50,
                30
              ],
              [
                100,
                100,
                30
              ]
            ]
          }
        }
      ],
      "obs": [
        {
          "tool": "read_telemetry",
          "result": {
            "pose": {
              "x": 0.0,
              "y": 0.0,
              "z": 10.0
            },
            "battery_pct": 100.0,
            "speed_mps": 35.0
          }
        },
        {
          "task": "request_swarm_formation",
          "from": "uav_swarm_agent",
          "status": "ok",
          "payload": {
            "assigned_role": "lead",
            "formation_locked": true
          }
        }
      ],
      "net": {
        "slice": "eMBB",
        "lat_ms": 18,
        "jitter_ms": 3,
        "loss_pct": 0.1,
        "throughput_mbps": 850,
        "edge_load": 0.45
      }
    },
    {
      "turn": 2,
      "speaker": "user",
      "intent": "approve ascent and confirm sensor status",
      "actions": [
        {
          "type": "mcp",
          "name": "check_sensors",
          "args": {}
        }
      ],
      "obs": [
        {
          "tool": "check_sensors",
          "result": {
            "status": "all_operational",
            "degraded": [
              "rgb"
            ]
          }
        }
      ],
      "net": {
        "slice": "eMBB",
        "lat_ms": 20,
        "jitter_ms": 4,
        "loss_pct": 0.2,
        "throughput_mbps": 800,
        "edge_load": 0.5
      }
    },
    {
      "turn": 3,
      "speaker": "agent",
      "intent": "ascend to safe altitude and navigate to first waypoint",
      "actions": [
        {
          "type": "mcp",
          "name": "set_altitude",
          "args": {
            "target_z": 30.0
          }
        },
        {
          "type": "mcp",
          "name": "navigate_to",
          "args": {
            "x": 50,
            "y": 50,
            "z": 30
          }
        }
      ],
      "obs": [
        {
          "tool": "set_altitude",
          "result": {
            "status": "executing",
            "target": 30.0
          }
        },
        {
          "tool": "navigate_to",
          "result": {
            "status": "waypoint_accepted",
            "eta_s": 45
          }
        }
      ],
      "net": {
        "slice": "URLLC",
        "lat_ms": 8,
        "jitter_ms": 1,
        "loss_pct": 0.05,
        "throughput_mbps": 120,
        "edge_load": 0.3
      }
    },
    {
      "turn": 4,
      "speaker": "user",
      "intent": "request real-time video feed for visual confirmation",
      "actions": [
        {
          "type": "mcp",
          "name": "stream_video",
          "args": {
            "camera": "rgb",
            "resolution": "1080p",
            "duration_s": 30
          }
        }
      ],
      "obs": [
        {
          "tool": "stream_video",
          "result": {
            "status": "bandwidth_exceeded",
            "advised_resolution": "720p"
          }
        }
      ],
      "net": {
        "slice": "eMBB",
        "lat_ms": 120,
        "jitter_ms": 25,
        "loss_pct": 8.0,
        "throughput_mbps": 150,
        "edge_load": 0.85
      }
    },
    {
      "turn": 5,
      "speaker": "agent",
      "intent": "adapt to network degradation by switching to thermal feed with lower bandwidth",
      "actions": [
        {
          "type": "mcp",
          "name": "stream_video",
          "args": {
            "camera": "thermal",
            "resolution": "720p",
            "duration_s": 30
          }
        },
        {
          "type": "a2a",
          "task": "report_link_quality",
          "to": "network_orchestrator",
          "payload": {
            "current_slice": "eMBB",
            "recommended_slice": "URLLC",
            "reason": "high_loss_and_jitter"
          }
        }
      ],
      "obs": [
        {
          "tool": "stream_video",
          "result": {
            "status": "streaming",
            "bitrate_kbps": 800
          }
        },
        {
          "task": "report_link_quality",
          "from": "network_orchestrator",
          "status": "slice_switched",
          "payload": {
            "new_slice": "URLLC"
          }
        }
      ],
      "net": {
        "slice": "URLLC",
        "lat_ms": 6,
        "jitter_ms": 1,
        "loss_pct": 0.02,
        "throughput_mbps": 90,
        "edge_load": 0.25
      }
    },
    {
      "turn": 6,
      "speaker": "user",
      "intent": "instruct UAV to inspect bridge pylon at waypoint",
      "actions": [
        {
          "type": "mcp",
          "name": "activate_sensor",
          "args": {
            "sensor": "lidar",
            "mode": "high_res_scan"
          }
        }
      ],
      "obs": [
        {
          "tool": "activate_sensor",
          "result": {
            "sensor": "lidar",
            "status": "active",
            "mode": "high_res_scan",
            "power_draw_pct": 8.0
          }
        }
      ],
      "net": {
        "slice": "URLLC",
        "lat_ms": 7,
        "jitter_ms": 1.2,
        "loss_pct": 0.03,
        "throughput_mbps": 95,
        "edge_load": 0.3
      }
    },
    {
      "turn": 7,
      "speaker": "agent",
      "intent": "perform structural scan and detect anomaly",
      "actions": [
        {
          "type": "mcp",
          "name": "run_diagnostic",
          "args": {
            "diagnostic": "crack_detection",
            "source": "lidar_point_cloud"
          }
        }
      ],
      "obs": [
        {
          "tool": "run_diagnostic",
          "result": {
            "status": "anomaly_detected",
            "type": "surface_crack",
            "confidence": 0.94,
            "location": [
              52.1,
              51.3,
              28.7
            ]
          }
        }
      ],
      "net": {
        "slice": "mMTC",
        "lat_ms": 50,
        "jitter_ms": 10,
        "loss_pct": 0.5,
        "throughput_mbps": 1.2,
        "edge_load": 0.15
      }
    },
    {
      "turn": 8,
      "speaker": "user",
      "intent": "request damage assessment report generation",
      "actions": [
        {
          "type": "mcp",
          "name": "generate_report",
          "args": {
            "template": "bridge_inspection",
            "include_images": true
          }
        }
      ],
      "obs": [
        {
          "tool": "generate_report",
          "result": {
            "status": "queued",
            "estimated_completion": 15
          }
        }
      ],
      "net": {
        "slice": "mMTC",
        "lat_ms": 55,
        "jitter_ms": 12,
        "loss_pct": 0.6,
        "throughput_mbps": 1.0,
        "edge_load": 0.18
      }
    },
    {
      "turn": 9,
      "speaker": "agent",
      "intent": "return to base due to battery and weather concerns",
      "actions": [
        {
          "type": "mcp",
          "name": "assess_battery",
          "args": {}
        },
        {
          "type": "mcp",
          "name": "return_to_home",
          "args": {}
        }
      ],
      "obs": [
        {
          "tool": "assess_battery",
          "result": {
            "current": 68.0,
            "required_for_return": 25.0,
            "status": "sufficient"
          }
        },
        {
          "tool": "return_to_home",
          "result": {
            "status": "initiated",
            "home_pose": [
              0,
              0,
              10
            ]
          }
        }
      ],
      "net": {
        "slice": "URLLC",
        "lat_ms": 9,
        "jitter_ms": 2,
        "loss_pct": 0.04,
        "throughput_mbps": 110,
        "edge_load": 0.35
      }
    },
    {
      "turn": 10,
      "speaker": "user",
      "intent": "confirm safe return and data offload",
      "actions": [
        {
          "type": "mcp",
          "name": "offload_data",
          "args": {
            "target": "edge_station_4",
            "priority": "high"
          }
        }
      ],
      "obs": [
        {
          "tool": "offload_data",
          "result": {
            "status": "completed",
            "data_volume_gb": 4.2,
            "duration_s": 38
          }
        }
      ],
      "net": {
        "slice": "eMBB",
        "lat_ms": 22,
        "jitter_ms": 5,
        "loss_pct": 0.15,
        "throughput_mbps": 780,
        "edge_load": 0.52
      }
    }
  ],
  "final_state": {
    "domain": "uav",
    "time_s": 320.0,
    "env": {
      "weather": "dust",
      "wind_mps": 12.0,
      "wind_dir_deg": 240.0
    },
    "airspace": {
      "alt_bounds": [
        10.0,
        120.0
      ],
      "geofence": [
        {
          "type": "polygon",
          "points": [
            [
              0,
              0
            ],
            [
              200,
              0
            ],
            [
              200,
              300
            ],
            [
              0,
              300
            ]
          ]
        }
      ]
    },
    "uav": {
      "pose": {
        "x": 0.0,
        "y": 0.0,
        "z": 10.0,
        "yaw": 270.0
      },
      "speed_mps": 0.0,
      "energy": {
        "battery_pct": 62.0
      },
      "sensors": {
        "rgb": "ok",
        "thermal": "ok",
        "lidar": "standby",
        "radar": "ok",
        "gnss": "ok",
        "imu": "ok",
        "magnetometer": "ok",
        "barometer": "ok"
      },
      "payloads": []
    },
    "policy": {
      "alt_bounds": [
        10.0,
        120.0
      ]
    },
    "safety_flags": {
      "nfz_violation": false,
      "separation_breach": false
    }
  },
  "success": true,
  "_meta": {
    "seed": 42,
    "ts": 1763909722,
    "ts_iso": "2025-11-23T14:55:22Z",
    "gen_time_s": 128.3548927307129,
    "attempts_used": 3,
    "generation_failed": false,
    "usage": {
      "prompt_tokens": 1072,
      "completion_tokens": 3266,
      "total_tokens": 4338,
      "cost": 0.00278,
      "is_byok": false,
      "prompt_tokens_details": {
        "cached_tokens": 624,
        "audio_tokens": 0,
        "video_tokens": 0
      },
      "cost_details": {
        "upstream_inference_cost": null,
        "upstream_inference_prompt_cost": 0.0001672,
        "upstream_inference_completions_cost": 0.0026128
      },
      "completion_tokens_details": {
        "reasoning_tokens": 0,
        "image_tokens": 0
      }
    }
  }
}