{
  "initial_state": {
    "domain": "uav",
    "time_s": 0.0,
    "env": {
      "weather": "good",
      "wind_mps": 6.5,
      "wind_dir_deg": 180.0
    },
    "airspace": {
      "alt_bounds": [
        10.0,
        120.0
      ],
      "geofence": [
        {
          "type": "polygon",
          "points": [
            [
              0,
              0
            ],
            [
              200,
              0
            ],
            [
              200,
              200
            ],
            [
              0,
              200
            ]
          ]
        }
      ]
    },
    "uav": {
      "pose": {
        "x": 50.0,
        "y": 50.0,
        "z": 30.0,
        "yaw": 90.0
      },
      "speed_mps": 22.0,
      "energy": {
        "battery_pct": 100.0
      },
      "sensors": {
        "rgb": "ok",
        "thermal": "offline",
        "lidar": "ok",
        "radar": "offline",
        "gnss": "ok",
        "imu": "ok",
        "magnetometer": "ok",
        "barometer": "ok"
      },
      "payloads": []
    },
    "policy": {
      "alt_bounds": [
        10.0,
        120.0
      ]
    },
    "safety_flags": {
      "nfz_violation": false,
      "separation_breach": false
    }
  },
  "dialogue": [
    {
      "turn": 1,
      "speaker": "agent",
      "intent": "initiate_survey_mission",
      "actions": [
        {
          "type": "mcp",
          "name": "read_telemetry",
          "args": {}
        },
        {
          "type": "mcp",
          "name": "activate_sensor",
          "args": {
            "sensor": "thermal"
          }
        }
      ],
      "obs": [
        {
          "tool": "read_telemetry",
          "result": {
            "pose": {
              "x": 50.0,
              "y": 50.0,
              "z": 30.0
            },
            "battery_pct": 100.0,
            "speed_mps": 22.0
          }
        },
        {
          "tool": "activate_sensor",
          "result": {
            "sensor": "thermal",
            "status": "failed",
            "reason": "hardware_fault"
          }
        }
      ],
      "net": {
        "slice": "eMBB",
        "lat_ms": 12,
        "jitter_ms": 2,
        "loss_pct": 0.1,
        "throughput_mbps": 850,
        "edge_load": 0.35
      }
    },
    {
      "turn": 2,
      "speaker": "user",
      "intent": "request_status",
      "actions": [
        {
          "type": "mcp",
          "name": "get_uav_status",
          "args": {}
        }
      ],
      "obs": [
        {
          "tool": "get_uav_status",
          "result": {
            "mode": "auto",
            "mission_progress": 0,
            "battery_pct": 100.0,
            "sensors_active": [
              "rgb",
              "lidar"
            ]
          }
        }
      ],
      "net": {
        "slice": "eMBB",
        "lat_ms": 11,
        "jitter_ms": 1.8,
        "loss_pct": 0.05,
        "throughput_mbps": 900,
        "edge_load": 0.38
      }
    },
    {
      "turn": 3,
      "speaker": "agent",
      "intent": "adjust_route_for_coverage",
      "actions": [
        {
          "type": "mcp",
          "name": "plan_waypoints",
          "args": {
            "waypoints": [
              {
                "x": 100,
                "y": 100,
                "z": 50
              },
              {
                "x": 150,
                "y": 150,
                "z": 40
              }
            ]
          }
        }
      ],
      "obs": [
        {
          "tool": "plan_waypoints",
          "result": {
            "route_length_m": 142.4,
            "estimated_time_s": 6.5,
            "battery_impact_pct": 3.2,
            "valid": true
          }
        }
      ],
      "net": {
        "slice": "URLLC",
        "lat_ms": 8,
        "jitter_ms": 0.9,
        "loss_pct": 0.01,
        "throughput_mbps": 120,
        "edge_load": 0.2
      }
    },
    {
      "turn": 4,
      "speaker": "user",
      "intent": "request_swarm_coordination",
      "actions": [
        {
          "type": "a2a",
          "task": "collision_avoidance",
          "to": "uav_swarm_agent",
          "payload": {
            "current_pose": {
              "x": 50,
              "y": 50,
              "z": 30
            },
            "next_waypoint": {
              "x": 100,
              "y": 100,
              "z": 50
            },
            "speed_mps": 22
          }
        }
      ],
      "obs": [
        {
          "task": "collision_avoidance",
          "from": "uav_swarm_agent",
          "status": "ok",
          "payload": {
            "conflict_detected": false,
            "recommended_alt_offset": 0
          }
        }
      ],
      "net": {
        "slice": "URLLC",
        "lat_ms": 7,
        "jitter_ms": 0.7,
        "loss_pct": 0.02,
        "throughput_mbps": 110,
        "edge_load": 0.22
      }
    },
    {
      "turn": 5,
      "speaker": "agent",
      "intent": "execute_waypoint_transition",
      "actions": [
        {
          "type": "mcp",
          "name": "move_to",
          "args": {
            "waypoint": {
              "x": 100,
              "y": 100,
              "z": 50
            },
            "speed": 20
          }
        }
      ],
      "obs": [
        {
          "tool": "move_to",
          "result": {
            "status": "in_progress",
            "start_time_s": 6.0,
            "eta_s": 3.2
          }
        }
      ],
      "net": {
        "slice": "eMBB",
        "lat_ms": 14,
        "jitter_ms": 3,
        "loss_pct": 0.2,
        "throughput_mbps": 800,
        "edge_load": 0.45
      }
    },
    {
      "turn": 6,
      "speaker": "user",
      "intent": "report_network_degradation",
      "actions": [
        {
          "type": "mcp",
          "name": "check_network_health",
          "args": {}
        }
      ],
      "obs": [
        {
          "tool": "check_network_health",
          "result": {
            "slice": "eMBB",
            "lat_ms": 45,
            "jitter_ms": 12,
            "loss_pct": 5.3,
            "throughput_mbps": 120,
            "recommendation": "switch_to_URLLC"
          }
        }
      ],
      "net": {
        "slice": "eMBB",
        "lat_ms": 45,
        "jitter_ms": 12,
        "loss_pct": 5.3,
        "throughput_mbps": 120,
        "edge_load": 0.78
      }
    },
    {
      "turn": 7,
      "speaker": "agent",
      "intent": "adapt_to_network_loss",
      "actions": [
        {
          "type": "mcp",
          "name": "switch_network_slice",
          "args": {
            "target": "URLLC"
          }
        },
        {
          "type": "mcp",
          "name": "read_telemetry",
          "args": {}
        }
      ],
      "obs": [
        {
          "tool": "switch_network_slice",
          "result": {
            "status": "success",
            "from": "eMBB",
            "to": "URLLC"
          }
        },
        {
          "tool": "read_telemetry",
          "result": {
            "pose": {
              "x": 98.7,
              "y": 98.7,
              "z": 49.2
            },
            "battery_pct": 97.8,
            "speed_mps": 19.8
          }
        }
      ],
      "net": {
        "slice": "URLLC",
        "lat_ms": 9,
        "jitter_ms": 1.1,
        "loss_pct": 0.03,
        "throughput_mbps": 130,
        "edge_load": 0.31
      }
    },
    {
      "turn": 8,
      "speaker": "user",
      "intent": "request_emergency_check",
      "actions": [
        {
          "type": "mcp",
          "name": "assess_battery_health",
          "args": {}
        }
      ],
      "obs": [
        {
          "tool": "assess_battery_health",
          "result": {
            "battery_pct": 97.8,
            "voltage_v": 15.6,
            "status": "nominal",
            "estimated_endurance_min": 22.4
          }
        }
      ],
      "net": {
        "slice": "URLLC",
        "lat_ms": 8.5,
        "jitter_ms": 0.8,
        "loss_pct": 0.02,
        "throughput_mbps": 125,
        "edge_load": 0.29
      }
    },
    {
      "turn": 9,
      "speaker": "agent",
      "intent": "proceed_to_final_waypoint",
      "actions": [
        {
          "type": "mcp",
          "name": "move_to",
          "args": {
            "waypoint": {
              "x": 150,
              "y": 150,
              "z": 40
            },
            "speed": 18
          }
        }
      ],
      "obs": [
        {
          "tool": "move_to",
          "result": {
            "status": "reached",
            "duration_s": 3.8,
            "battery_impact_pct": 2.1
          }
        }
      ],
      "net": {
        "slice": "URLLC",
        "lat_ms": 8.2,
        "jitter_ms": 0.7,
        "loss_pct": 0.01,
        "throughput_mbps": 135,
        "edge_load": 0.25
      }
    },
    {
      "turn": 10,
      "speaker": "user",
      "intent": "authorize_return",
      "actions": [
        {
          "type": "mcp",
          "name": "set_return_strategy",
          "args": {
            "mode": "direct",
            "landing_site": "home"
          }
        }
      ],
      "obs": [
        {
          "tool": "set_return_strategy",
          "result": {
            "mode": "direct",
            "target": "home",
            "eta_s": 4.1,
            "required_altitude_clearance": true
          }
        }
      ],
      "net": {
        "slice": "mMTC",
        "lat_ms": 16,
        "jitter_ms": 5,
        "loss_pct": 0.8,
        "throughput_mbps": 1.2,
        "edge_load": 0.18
      }
    },
    {
      "turn": 11,
      "speaker": "agent",
      "intent": "return_and_land",
      "actions": [
        {
          "type": "mcp",
          "name": "return_to_home",
          "args": {}
        },
        {
          "type": "mcp",
          "name": "deactivate_sensors",
          "args": {}
        }
      ],
      "obs": [
        {
          "tool": "return_to_home",
          "result": {
            "status": "completed",
            "landing_time_s": 120.5,
            "final_battery_pct": 92.1
          }
        },
        {
          "tool": "deactivate_sensors",
          "result": {
            "deactivated": [
              "rgb",
              "lidar"
            ],
            "status": "success"
          }
        }
      ],
      "net": {
        "slice": "mMTC",
        "lat_ms": 18,
        "jitter_ms": 6,
        "loss_pct": 1.1,
        "throughput_mbps": 0.9,
        "edge_load": 0.21
      }
    }
  ],
  "final_state": {
    "domain": "uav",
    "time_s": 120.5,
    "env": {
      "weather": "good",
      "wind_mps": 6.5,
      "wind_dir_deg": 180.0
    },
    "airspace": {
      "alt_bounds": [
        10.0,
        120.0
      ],
      "geofence": [
        {
          "type": "polygon",
          "points": [
            [
              0,
              0
            ],
            [
              200,
              0
            ],
            [
              200,
              200
            ],
            [
              0,
              200
            ]
          ]
        }
      ]
    },
    "uav": {
      "pose": {
        "x": 50.0,
        "y": 50.0,
        "z": 0.0,
        "yaw": 90.0
      },
      "speed_mps": 0.0,
      "energy": {
        "battery_pct": 92.1
      },
      "sensors": {
        "rgb": "off",
        "thermal": "offline",
        "lidar": "off",
        "radar": "offline",
        "gnss": "ok",
        "imu": "ok",
        "magnetometer": "ok",
        "barometer": "ok"
      },
      "payloads": []
    },
    "policy": {
      "alt_bounds": [
        10.0,
        120.0
      ]
    },
    "safety_flags": {
      "nfz_violation": false,
      "separation_breach": false
    }
  },
  "success": true,
  "_meta": {
    "seed": 42,
    "ts": 1763901217,
    "ts_iso": "2025-11-23T12:33:37Z",
    "gen_time_s": 41.53040814399719,
    "attempts_used": 1,
    "generation_failed": false,
    "usage": {
      "prompt_tokens": 1041,
      "completion_tokens": 3574,
      "total_tokens": 4615,
      "cost": 0.00301958,
      "is_byok": false,
      "prompt_tokens_details": {
        "cached_tokens": 624,
        "audio_tokens": 0,
        "video_tokens": 0
      },
      "cost_details": {
        "upstream_inference_cost": null,
        "upstream_inference_prompt_cost": 0.00016038,
        "upstream_inference_completions_cost": 0.0028592
      },
      "completion_tokens_details": {
        "reasoning_tokens": 0,
        "image_tokens": 0
      }
    }
  }
}