{
  "initial_state": {
    "domain": "uav",
    "time_s": 0.0,
    "env": {
      "weather": "snow",
      "wind_mps": 8.5,
      "wind_dir_deg": 310.0
    },
    "airspace": {
      "alt_bounds": [
        10.0,
        180.0
      ],
      "geofence": [
        {
          "type": "polygon",
          "points": [
            [
              0.0,
              0.0
            ],
            [
              500.0,
              0.0
            ],
            [
              500.0,
              600.0
            ],
            [
              0.0,
              600.0
            ]
          ]
        }
      ]
    },
    "uav": {
      "pose": {
        "x": 50.0,
        "y": 50.0,
        "z": 30.0,
        "yaw": 90.0
      },
      "speed_mps": 35.0,
      "energy": {
        "battery_pct": 100.0
      },
      "sensors": {
        "rgb": "ok",
        "thermal": "ok",
        "lidar": "ok",
        "radar": "offline",
        "gnss": "ok",
        "imu": "ok",
        "magnetometer": "ok",
        "barometer": "ok"
      },
      "payloads": []
    },
    "policy": {
      "alt_bounds": [
        10.0,
        180.0
      ]
    },
    "safety_flags": {
      "nfz_violation": false,
      "separation_breach": false
    }
  },
  "dialogue": [
    {
      "turn": 1,
      "speaker": "agent",
      "intent": "initiate mission and check telemetry",
      "actions": [
        {
          "type": "mcp",
          "name": "read_telemetry",
          "args": {}
        }
      ],
      "obs": [
        {
          "tool": "read_telemetry",
          "result": {
            "pose": {
              "x": 50.0,
              "y": 50.0,
              "z": 30.0,
              "yaw": 90.0
            },
            "speed_mps": 35.0,
            "battery_pct": 100.0,
            "sensors": {
              "radar": "offline"
            }
          }
        }
      ],
      "net": {
        "slice": "eMBB",
        "lat_ms": 12,
        "jitter_ms": 2,
        "loss_pct": 0.1,
        "throughput_mbps": 850,
        "edge_load": 0.45
      }
    },
    {
      "turn": 2,
      "speaker": "user",
      "intent": "confirm radar issue and proceed",
      "actions": [],
      "obs": [],
      "net": {
        "slice": "eMBB",
        "lat_ms": 11,
        "jitter_ms": 1.8,
        "loss_pct": 0.1,
        "throughput_mbps": 870,
        "edge_load": 0.47
      }
    },
    {
      "turn": 3,
      "speaker": "agent",
      "intent": "request swarm coordination for redundancy",
      "actions": [
        {
          "type": "a2a",
          "task": "sensor_coverage",
          "to": "uav_swarm_agent",
          "payload": {
            "primary_uav": "uav_01",
            "target_area": [
              100.0,
              100.0,
              400.0,
              500.0
            ],
            "priority": "high"
          }
        }
      ],
      "obs": [
        {
          "task": "sensor_coverage",
          "from": "uav_swarm_agent",
          "status": "ok",
          "payload": {
            "assigned_uav": "uav_03",
            "coverage_plan": "thermal_scan_from_north"
          }
        }
      ],
      "net": {
        "slice": "URLLC",
        "lat_ms": 8,
        "jitter_ms": 0.9,
        "loss_pct": 0.05,
        "throughput_mbps": 120,
        "edge_load": 0.38
      }
    },
    {
      "turn": 4,
      "speaker": "user",
      "intent": "approve swarm coordination and request visual confirmation",
      "actions": [
        {
          "type": "mcp",
          "name": "capture_image",
          "args": {
            "sensor": "rgb",
            "target": "powerline_junction_45"
          }
        }
      ],
      "obs": [
        {
          "tool": "capture_image",
          "result": {
            "image_id": "img_001a",
            "status": "success",
            "resolution": "4096x2160",
            "defect_detected": false
          }
        }
      ],
      "net": {
        "slice": "eMBB",
        "lat_ms": 14,
        "jitter_ms": 2.1,
        "loss_pct": 0.2,
        "throughput_mbps": 800,
        "edge_load": 0.52
      }
    },
    {
      "turn": 5,
      "speaker": "agent",
      "intent": "detect network degradation and adapt",
      "actions": [
        {
          "type": "mcp",
          "name": "read_network_state",
          "args": {}
        }
      ],
      "obs": [
        {
          "tool": "read_network_state",
          "result": {
            "current_slice": "eMBB",
            "predicted_jitter_spike": true,
            "recommended_slice": "URLLC"
          }
        }
      ],
      "net": {
        "slice": "eMBB",
        "lat_ms": 95,
        "jitter_ms": 25,
        "loss_pct": 8.0,
        "throughput_mbps": 110,
        "edge_load": 0.88
      }
    },
    {
      "turn": 6,
      "speaker": "user",
      "intent": "switch to URLLC and continue mission",
      "actions": [
        {
          "type": "mcp",
          "name": "switch_network_slice",
          "args": {
            "target_slice": "URLLC"
          }
        }
      ],
      "obs": [
        {
          "tool": "switch_network_slice",
          "result": {
            "status": "success",
            "new_slice": "URLLC",
            "lat_ms": 9,
            "throughput_mbps": 130
          }
        }
      ],
      "net": {
        "slice": "URLLC",
        "lat_ms": 9,
        "jitter_ms": 1.1,
        "loss_pct": 0.08,
        "throughput_mbps": 130,
        "edge_load": 0.41
      }
    },
    {
      "turn": 7,
      "speaker": "agent",
      "intent": "perform thermal inspection under stable link",
      "actions": [
        {
          "type": "mcp",
          "name": "capture_image",
          "args": {
            "sensor": "thermal",
            "target": "transformer_array_7"
          }
        }
      ],
      "obs": [
        {
          "tool": "capture_image",
          "result": {
            "image_id": "thm_007c",
            "status": "success",
            "anomaly_score": 0.87,
            "temp_max_c": 98.3,
            "action_required": true
          }
        }
      ],
      "net": {
        "slice": "URLLC",
        "lat_ms": 10,
        "jitter_ms": 1.0,
        "loss_pct": 0.07,
        "throughput_mbps": 125,
        "edge_load": 0.43
      }
    },
    {
      "turn": 8,
      "speaker": "user",
      "intent": "request detailed lidar scan of hotspot",
      "actions": [
        {
          "type": "mcp",
          "name": "activate_sensor",
          "args": {
            "sensor": "lidar",
            "mode": "high_res_scan"
          }
        }
      ],
      "obs": [
        {
          "tool": "activate_sensor",
          "result": {
            "sensor": "lidar",
            "status": "activated",
            "mode": "high_res_scan",
            "power_draw_pct": 8.0
          }
        }
      ],
      "net": {
        "slice": "URLLC",
        "lat_ms": 9,
        "jitter_ms": 0.9,
        "loss_pct": 0.06,
        "throughput_mbps": 135,
        "edge_load": 0.46
      }
    },
    {
      "turn": 9,
      "speaker": "agent",
      "intent": "execute high-res lidar scan",
      "actions": [
        {
          "type": "mcp",
          "name": "capture_point_cloud",
          "args": {
            "target": "transformer_array_7",
            "resolution": "high"
          }
        }
      ],
      "obs": [
        {
          "tool": "capture_point_cloud",
          "result": {
            "point_cloud_id": "pc_007x",
            "status": "success",
            "anomaly_confirmed": true,
            "structural_risk": "medium"
          }
        }
      ],
      "net": {
        "slice": "URLLC",
        "lat_ms": 11,
        "jitter_ms": 1.2,
        "loss_pct": 0.09,
        "throughput_mbps": 128,
        "edge_load": 0.49
      }
    },
    {
      "turn": 10,
      "speaker": "user",
      "intent": "log defect and return to base",
      "actions": [
        {
          "type": "mcp",
          "name": "log_defect",
          "args": {
            "location": "transformer_array_7",
            "severity": "medium",
            "images": [
              "thm_007c",
              "pc_007x"
            ]
          }
        },
        {
          "type": "mcp",
          "name": "return_to_base",
          "args": {}
        }
      ],
      "obs": [
        {
          "tool": "log_defect",
          "result": {
            "status": "success",
            "ticket_id": "DEF-2024-087"
          }
        },
        {
          "tool": "return_to_base",
          "result": {
            "status": "initiated",
            "route": "direct",
            "estimated_time_s": 125
          }
        }
      ],
      "net": {
        "slice": "URLLC",
        "lat_ms": 10,
        "jitter_ms": 1.0,
        "loss_pct": 0.08,
        "throughput_mbps": 132,
        "edge_load": 0.51
      }
    }
  ],
  "final_state": {
    "domain": "uav",
    "time_s": 125.0,
    "env": {
      "weather": "snow",
      "wind_mps": 8.5,
      "wind_dir_deg": 310.0
    },
    "airspace": {
      "alt_bounds": [
        10.0,
        180.0
      ],
      "geofence": [
        {
          "type": "polygon",
          "points": [
            [
              0.0,
              0.0
            ],
            [
              500.0,
              0.0
            ],
            [
              500.0,
              600.0
            ],
            [
              0.0,
              600.0
            ]
          ]
        }
      ]
    },
    "uav": {
      "pose": {
        "x": 50.0,
        "y": 50.0,
        "z": 25.0,
        "yaw": 270.0
      },
      "speed_mps": 20.0,
      "energy": {
        "battery_pct": 76.0
      },
      "sensors": {
        "rgb": "ok",
        "thermal": "ok",
        "lidar": "ok",
        "radar": "offline",
        "gnss": "ok",
        "imu": "ok",
        "magnetometer": "ok",
        "barometer": "ok"
      },
      "payloads": []
    },
    "policy": {
      "alt_bounds": [
        10.0,
        180.0
      ]
    },
    "safety_flags": {
      "nfz_violation": false,
      "separation_breach": false
    }
  },
  "success": true,
  "_meta": {
    "seed": 42,
    "ts": 1763975881,
    "ts_iso": "2025-11-24T09:18:01Z",
    "gen_time_s": 99.22492504119873,
    "attempts_used": 2,
    "generation_failed": false,
    "usage": {
      "prompt_tokens": 1109,
      "completion_tokens": 3088,
      "total_tokens": 4197,
      "cost": 0.0026475,
      "is_byok": false,
      "prompt_tokens_details": {
        "cached_tokens": 608,
        "audio_tokens": 0,
        "video_tokens": 0
      },
      "cost_details": {
        "upstream_inference_cost": null,
        "upstream_inference_prompt_cost": 0.0001771,
        "upstream_inference_completions_cost": 0.0024704
      },
      "completion_tokens_details": {
        "reasoning_tokens": 0,
        "image_tokens": 0
      }
    }
  }
}