{
  "initial_state": {
    "domain": "uav",
    "time_s": 0.0,
    "env": {
      "weather": "good",
      "wind_mps": 8.5,
      "wind_dir_deg": 240.0
    },
    "airspace": {
      "alt_bounds": [
        10.0,
        120.0
      ],
      "geofence": [
        {
          "type": "polygon",
          "points": [
            [
              0,
              0
            ],
            [
              200,
              0
            ],
            [
              200,
              150
            ],
            [
              0,
              150
            ]
          ]
        }
      ]
    },
    "uav": {
      "pose": {
        "x": 10.0,
        "y": 10.0,
        "z": 20.0,
        "yaw": 90.0
      },
      "speed_mps": 18.0,
      "energy": {
        "battery_pct": 100.0
      },
      "sensors": {
        "rgb": "ok",
        "thermal": "ok",
        "lidar": "ok",
        "radar": "offline",
        "gnss": "ok",
        "imu": "ok",
        "magnetometer": "ok",
        "barometer": "ok"
      },
      "payloads": []
    },
    "policy": {
      "alt_bounds": [
        10.0,
        120.0
      ]
    },
    "safety_flags": {
      "nfz_violation": false,
      "separation_breach": false
    }
  },
  "dialogue": [
    {
      "turn": 1,
      "speaker": "agent",
      "intent": "initiate_survey_mission",
      "actions": [
        {
          "type": "mcp",
          "name": "read_telemetry",
          "args": {}
        },
        {
          "type": "a2a",
          "task": "request_swarm_formation",
          "to": "uav_swarm_agent",
          "payload": {
            "uav_id": "uav_01",
            "target_formation": "line_abreast",
            "waypoints": [
              [
                50,
                30,
                40
              ],
              [
                100,
                60,
                60
              ],
              [
                150,
                90,
                80
              ]
            ]
          }
        }
      ],
      "obs": [
        {
          "tool": "read_telemetry",
          "result": {
            "pose": {
              "x": 10.0,
              "y": 10.0,
              "z": 20.0
            },
            "battery_pct": 100.0,
            "speed_mps": 18.0
          }
        },
        {
          "task": "request_swarm_formation",
          "from": "uav_swarm_agent",
          "status": "ok",
          "payload": {
            "assigned_role": "lead_uav",
            "formation_status": "acknowledged"
          }
        }
      ],
      "net": {
        "slice": "eMBB",
        "lat_ms": 12,
        "jitter_ms": 2,
        "loss_pct": 0.1,
        "throughput_mbps": 850,
        "edge_load": 0.35
      }
    },
    {
      "turn": 2,
      "speaker": "user",
      "intent": "confirm_mission_start",
      "actions": [
        {
          "type": "mcp",
          "name": "check_geofence_status",
          "args": {}
        }
      ],
      "obs": [
        {
          "tool": "check_geofence_status",
          "result": {
            "inside": true,
            "distance_to_boundary_m": 10.0
          }
        }
      ],
      "net": {
        "slice": "eMBB",
        "lat_ms": 11,
        "jitter_ms": 1.8,
        "loss_pct": 0.05,
        "throughput_mbps": 870,
        "edge_load": 0.33
      }
    },
    {
      "turn": 3,
      "speaker": "agent",
      "intent": "proceed_to_first_waypoint",
      "actions": [
        {
          "type": "mcp",
          "name": "set_waypoint",
          "args": {
            "x": 50,
            "y": 30,
            "z": 40
          }
        },
        {
          "type": "mcp",
          "name": "activate_sensor",
          "args": {
            "sensor": "rgb"
          }
        }
      ],
      "obs": [
        {
          "tool": "set_waypoint",
          "result": {
            "status": "accepted",
            "eta_s": 120
          }
        },
        {
          "tool": "activate_sensor",
          "result": {
            "sensor": "rgb",
            "status": "active"
          }
        }
      ],
      "net": {
        "slice": "URLLC",
        "lat_ms": 8,
        "jitter_ms": 1.2,
        "loss_pct": 0.02,
        "throughput_mbps": 120,
        "edge_load": 0.4
      }
    },
    {
      "turn": 4,
      "speaker": "user",
      "intent": "request_radar_diagnostic",
      "actions": [
        {
          "type": "mcp",
          "name": "run_diagnostic",
          "args": {
            "system": "radar"
          }
        }
      ],
      "obs": [
        {
          "tool": "run_diagnostic",
          "result": {
            "system": "radar",
            "status": "faulty",
            "error_code": "RAD_07",
            "recommendation": "bypass_and_monitor"
          }
        }
      ],
      "net": {
        "slice": "mMTC",
        "lat_ms": 120,
        "jitter_ms": 15,
        "loss_pct": 1.8,
        "throughput_mbps": 1.2,
        "edge_load": 0.78
      }
    },
    {
      "turn": 5,
      "speaker": "agent",
      "intent": "adapt_to_sensor_failure",
      "actions": [
        {
          "type": "mcp",
          "name": "compensate_sensor_failure",
          "args": {
            "failed_sensor": "radar",
            "compensate_with": [
              "lidar",
              "imu"
            ]
          }
        },
        {
          "type": "a2a",
          "task": "notify_sensor_failure",
          "to": "uav_swarm_agent",
          "payload": {
            "uav_id": "uav_01",
            "failed_sensor": "radar",
            "compensation_active": true
          }
        }
      ],
      "obs": [
        {
          "tool": "compensate_sensor_failure",
          "result": {
            "status": "active",
            "methods": [
              "lidar_fusion",
              "imu_drift_correction"
            ]
          }
        },
        {
          "task": "notify_sensor_failure",
          "from": "uav_swarm_agent",
          "status": "received",
          "payload": {
            "ack_id": "ACK_8821"
          }
        }
      ],
      "net": {
        "slice": "URLLC",
        "lat_ms": 9,
        "jitter_ms": 1.5,
        "loss_pct": 0.03,
        "throughput_mbps": 110,
        "edge_load": 0.42
      }
    },
    {
      "turn": 6,
      "speaker": "user",
      "intent": "adjust_altitude_for_obstacle",
      "actions": [
        {
          "type": "mcp",
          "name": "update_policy",
          "args": {
            "alt_bounds": [
              10.0,
              100.0
            ]
          }
        }
      ],
      "obs": [
        {
          "tool": "update_policy",
          "result": {
            "alt_bounds": [
              10.0,
              100.0
            ],
            "applied": true
          }
        }
      ],
      "net": {
        "slice": "URLLC",
        "lat_ms": 7,
        "jitter_ms": 1.0,
        "loss_pct": 0.01,
        "throughput_mbps": 130,
        "edge_load": 0.38
      }
    },
    {
      "turn": 7,
      "speaker": "agent",
      "intent": "capture_thermal_data",
      "actions": [
        {
          "type": "mcp",
          "name": "activate_sensor",
          "args": {
            "sensor": "thermal"
          }
        },
        {
          "type": "mcp",
          "name": "capture_image",
          "args": {
            "mode": "thermal",
            "resolution": "high"
          }
        }
      ],
      "obs": [
        {
          "tool": "activate_sensor",
          "result": {
            "sensor": "thermal",
            "status": "active"
          }
        },
        {
          "tool": "capture_image",
          "result": {
            "status": "success",
            "image_id": "THM_001",
            "anomaly_detected": true,
            "anomaly_type": "overheating_pipe"
          }
        }
      ],
      "net": {
        "slice": "eMBB",
        "lat_ms": 14,
        "jitter_ms": 3,
        "loss_pct": 0.2,
        "throughput_mbps": 800,
        "edge_load": 0.45
      }
    },
    {
      "turn": 8,
      "speaker": "user",
      "intent": "report_anomaly_and_return",
      "actions": [
        {
          "type": "mcp",
          "name": "generate_report",
          "args": {
            "type": "anomaly",
            "details": "Overheating observed in sector B3"
          }
        }
      ],
      "obs": [
        {
          "tool": "generate_report",
          "result": {
            "report_id": "REP_9912",
            "status": "completed",
            "distribution": [
              "ground_control",
              "maintenance_team"
            ]
          }
        }
      ],
      "net": {
        "slice": "eMBB",
        "lat_ms": 16,
        "jitter_ms": 4,
        "loss_pct": 0.3,
        "throughput_mbps": 750,
        "edge_load": 0.5
      }
    },
    {
      "turn": 9,
      "speaker": "agent",
      "intent": "initiate_return_to_home",
      "actions": [
        {
          "type": "mcp",
          "name": "set_waypoint",
          "args": {
            "x": 10,
            "y": 10,
            "z": 20
          }
        },
        {
          "type": "a2a",
          "task": "disband_swarm",
          "to": "uav_swarm_agent",
          "payload": {
            "uav_id": "uav_01",
            "reason": "mission_complete"
          }
        }
      ],
      "obs": [
        {
          "tool": "set_waypoint",
          "result": {
            "status": "accepted",
            "eta_s": 150
          }
        },
        {
          "task": "disband_swarm",
          "from": "uav_swarm_agent",
          "status": "acknowledged",
          "payload": {
            "swarm_status": "disbanded"
          }
        }
      ],
      "net": {
        "slice": "URLLC",
        "lat_ms": 10,
        "jitter_ms": 1.6,
        "loss_pct": 0.04,
        "throughput_mbps": 100,
        "edge_load": 0.41
      }
    },
    {
      "turn": 10,
      "speaker": "user",
      "intent": "monitor_return",
      "actions": [
        {
          "type": "mcp",
          "name": "read_telemetry",
          "args": {}
        }
      ],
      "obs": [
        {
          "tool": "read_telemetry",
          "result": {
            "pose": {
              "x": 45.2,
              "y": 62.1,
              "z": 38.5
            },
            "battery_pct": 76.3,
            "speed_mps": 16.5
          }
        }
      ],
      "net": {
        "slice": "mMTC",
        "lat_ms": 110,
        "jitter_ms": 12,
        "loss_pct": 2.1,
        "throughput_mbps": 0.9,
        "edge_load": 0.82
      }
    },
    {
      "turn": 11,
      "speaker": "agent",
      "intent": "land_safely",
      "actions": [
        {
          "type": "mcp",
          "name": "execute_landing",
          "args": {
            "target": "home_base"
          }
        }
      ],
      "obs": [
        {
          "tool": "execute_landing",
          "result": {
            "status": "completed",
            "touchdown_time_s": 310,
            "final_battery_pct": 68.4
          }
        }
      ],
      "net": {
        "slice": "URLLC",
        "lat_ms": 6,
        "jitter_ms": 0.8,
        "loss_pct": 0.01,
        "throughput_mbps": 140,
        "edge_load": 0.36
      }
    }
  ],
  "final_state": {
    "domain": "uav",
    "time_s": 310.0,
    "env": {
      "weather": "good",
      "wind_mps": 8.5,
      "wind_dir_deg": 240.0
    },
    "airspace": {
      "alt_bounds": [
        10.0,
        100.0
      ],
      "geofence": [
        {
          "type": "polygon",
          "points": [
            [
              0,
              0
            ],
            [
              200,
              0
            ],
            [
              200,
              150
            ],
            [
              0,
              150
            ]
          ]
        }
      ]
    },
    "uav": {
      "pose": {
        "x": 10.0,
        "y": 10.0,
        "z": 0.0,
        "yaw": 90.0
      },
      "speed_mps": 0.0,
      "energy": {
        "battery_pct": 68.4
      },
      "sensors": {
        "rgb": "standby",
        "thermal": "standby",
        "lidar": "ok",
        "radar": "offline",
        "gnss": "ok",
        "imu": "ok",
        "magnetometer": "ok",
        "barometer": "ok"
      },
      "payloads": []
    },
    "policy": {
      "alt_bounds": [
        10.0,
        100.0
      ]
    },
    "safety_flags": {
      "nfz_violation": false,
      "separation_breach": false
    }
  },
  "success": true,
  "_meta": {
    "seed": 42,
    "ts": 1764046204,
    "ts_iso": "2025-11-25T04:50:04Z",
    "gen_time_s": 97.33428740501404,
    "attempts_used": 2,
    "generation_failed": false,
    "usage": {
      "prompt_tokens": 1095,
      "completion_tokens": 3684,
      "total_tokens": 4779,
      "cost": 0.0030737,
      "is_byok": false,
      "prompt_tokens_details": {
        "cached_tokens": 1040,
        "audio_tokens": 0,
        "video_tokens": 0
      },
      "cost_details": {
        "upstream_inference_cost": null,
        "upstream_inference_prompt_cost": 0.0001265,
        "upstream_inference_completions_cost": 0.0029472
      },
      "completion_tokens_details": {
        "reasoning_tokens": 0,
        "image_tokens": 0
      }
    }
  }
}