{
  "initial_state": {
    "domain": "uav",
    "time_s": 0.0,
    "env": {
      "weather": "dust",
      "wind_mps": 8.5,
      "wind_dir_deg": 310.0
    },
    "airspace": {
      "alt_bounds": [
        30.0,
        120.0
      ],
      "geofence": [
        {
          "type": "polygon",
          "points": [
            [
              0.0,
              0.0
            ],
            [
              500.0,
              0.0
            ],
            [
              500.0,
              500.0
            ],
            [
              0.0,
              500.0
            ]
          ]
        }
      ]
    },
    "uav": {
      "pose": {
        "x": 50.0,
        "y": 50.0,
        "z": 60.0,
        "yaw": 90.0
      },
      "speed_mps": 18.0,
      "energy": {
        "battery_pct": 100.0
      },
      "sensors": {
        "rgb": "ok",
        "thermal": "offline",
        "lidar": "ok",
        "radar": "offline",
        "gnss": "ok",
        "imu": "ok",
        "magnetometer": "ok",
        "barometer": "ok"
      },
      "payloads": []
    },
    "policy": {
      "alt_bounds": [
        30.0,
        120.0
      ]
    },
    "safety_flags": {
      "nfz_violation": false,
      "separation_breach": false
    }
  },
  "dialogue": [
    {
      "turn": 1,
      "speaker": "agent",
      "intent": "initiate mission and check telemetry",
      "actions": [
        {
          "type": "mcp",
          "name": "read_telemetry",
          "args": {}
        }
      ],
      "obs": [
        {
          "tool": "read_telemetry",
          "result": {
            "pose": {
              "x": 50.0,
              "y": 50.0,
              "z": 60.0,
              "yaw": 90.0
            },
            "speed_mps": 18.0,
            "battery_pct": 100.0,
            "sensors": {
              "rgb": "ok",
              "thermal": "offline",
              "lidar": "ok",
              "radar": "offline",
              "gnss": "ok",
              "imu": "ok"
            }
          }
        }
      ],
      "net": {
        "slice": "eMBB",
        "lat_ms": 12,
        "jitter_ms": 3,
        "loss_pct": 0.1,
        "throughput_mbps": 850,
        "edge_load": 0.45
      }
    },
    {
      "turn": 2,
      "speaker": "user",
      "intent": "confirm mission start and request route plan",
      "actions": [
        {
          "type": "mcp",
          "name": "request_route_plan",
          "args": {
            "destination": [
              450.0,
              450.0
            ]
          }
        }
      ],
      "obs": [
        {
          "tool": "request_route_plan",
          "result": {
            "route": [
              [
                50.0,
                50.0
              ],
              [
                150.0,
                150.0
              ],
              [
                300.0,
                300.0
              ],
              [
                450.0,
                450.0
              ]
            ],
            "eta_s": 142.5,
            "energy_required_pct": 88.0
          }
        }
      ],
      "net": {
        "slice": "eMBB",
        "lat_ms": 14,
        "jitter_ms": 4,
        "loss_pct": 0.2,
        "throughput_mbps": 800,
        "edge_load": 0.52
      }
    },
    {
      "turn": 3,
      "speaker": "agent",
      "intent": "coordinate with swarm for collision check",
      "actions": [
        {
          "type": "a2a",
          "task": "collision_avoidance",
          "to": "uav_swarm_agent",
          "payload": {
            "current_pose": [
              50.0,
              50.0,
              60.0
            ],
            "route": [
              [
                150.0,
                150.0
              ],
              [
                300.0,
                300.0
              ],
              [
                450.0,
                450.0
              ]
            ]
          }
        }
      ],
      "obs": [
        {
          "task": "collision_avoidance",
          "from": "uav_swarm_agent",
          "status": "ok",
          "payload": {
            "conflicts": [],
            "recommended_alt_offset": 0.0
          }
        }
      ],
      "net": {
        "slice": "URLLC",
        "lat_ms": 8,
        "jitter_ms": 1,
        "loss_pct": 0.05,
        "throughput_mbps": 120,
        "edge_load": 0.3
      }
    },
    {
      "turn": 4,
      "speaker": "user",
      "intent": "approve route and initiate movement",
      "actions": [
        {
          "type": "mcp",
          "name": "set_waypoint",
          "args": {
            "waypoint": [
              150.0,
              150.0
            ],
            "altitude": 70.0
          }
        }
      ],
      "obs": [
        {
          "tool": "set_waypoint",
          "result": {
            "status": "accepted",
            "execution_time_s": 1.2,
            "estimated_arrival_s": 18.5
          }
        }
      ],
      "net": {
        "slice": "URLLC",
        "lat_ms": 9,
        "jitter_ms": 2,
        "loss_pct": 0.1,
        "throughput_mbps": 110,
        "edge_load": 0.35
      }
    },
    {
      "turn": 5,
      "speaker": "agent",
      "intent": "monitor telemetry during transit and detect network degradation",
      "actions": [
        {
          "type": "mcp",
          "name": "read_telemetry",
          "args": {}
        }
      ],
      "obs": [
        {
          "tool": "read_telemetry",
          "result": {
            "pose": {
              "x": 120.0,
              "y": 120.0,
              "z": 70.0,
              "yaw": 92.0
            },
            "speed_mps": 16.5,
            "battery_pct": 96.2,
            "sensors": {
              "gnss": "degraded",
              "imu": "ok"
            }
          }
        }
      ],
      "net": {
        "slice": "mMTC",
        "lat_ms": 200,
        "jitter_ms": 50,
        "loss_pct": 5.0,
        "throughput_mbps": 1.5,
        "edge_load": 0.85
      }
    },
    {
      "turn": 6,
      "speaker": "user",
      "intent": "switch to resilient mode due to poor network",
      "actions": [
        {
          "type": "mcp",
          "name": "enable_resilient_mode",
          "args": {
            "use_imu_only": true,
            "reduce_payload": false
          }
        }
      ],
      "obs": [
        {
          "tool": "enable_resilient_mode",
          "result": {
            "status": "active",
            "reason": "gnss_degraded",
            "fallback_active": true
          }
        }
      ],
      "net": {
        "slice": "URLLC",
        "lat_ms": 10,
        "jitter_ms": 2,
        "loss_pct": 0.1,
        "throughput_mbps": 100,
        "edge_load": 0.4
      }
    },
    {
      "turn": 7,
      "speaker": "agent",
      "intent": "resume route with fallback navigation",
      "actions": [
        {
          "type": "mcp",
          "name": "set_waypoint",
          "args": {
            "waypoint": [
              300.0,
              300.0
            ],
            "altitude": 75.0
          }
        }
      ],
      "obs": [
        {
          "tool": "set_waypoint",
          "result": {
            "status": "accepted",
            "execution_time_s": 1.1,
            "estimated_arrival_s": 32.0
          }
        }
      ],
      "net": {
        "slice": "URLLC",
        "lat_ms": 11,
        "jitter_ms": 1,
        "loss_pct": 0.08,
        "throughput_mbps": 115,
        "edge_load": 0.38
      }
    },
    {
      "turn": 8,
      "speaker": "user",
      "intent": "request thermal sensor diagnostic",
      "actions": [
        {
          "type": "mcp",
          "name": "diagnose_sensor",
          "args": {
            "sensor": "thermal"
          }
        }
      ],
      "obs": [
        {
          "tool": "diagnose_sensor",
          "result": {
            "sensor": "thermal",
            "status": "faulty",
            "error_code": "THERM_402",
            "recommendation": "restart_power_cycle"
          }
        }
      ],
      "net": {
        "slice": "eMBB",
        "lat_ms": 13,
        "jitter_ms": 3,
        "loss_pct": 0.15,
        "throughput_mbps": 780,
        "edge_load": 0.5
      }
    },
    {
      "turn": 9,
      "speaker": "agent",
      "intent": "attempt sensor recovery",
      "actions": [
        {
          "type": "mcp",
          "name": "restart_sensor",
          "args": {
            "sensor": "thermal"
          }
        }
      ],
      "obs": [
        {
          "tool": "restart_sensor",
          "result": {
            "sensor": "thermal",
            "status": "ok",
            "post_restart_diagnostic": "nominal"
          }
        }
      ],
      "net": {
        "slice": "URLLC",
        "lat_ms": 9,
        "jitter_ms": 1,
        "loss_pct": 0.05,
        "throughput_mbps": 125,
        "edge_load": 0.32
      }
    },
    {
      "turn": 10,
      "speaker": "user",
      "intent": "proceed to final destination",
      "actions": [
        {
          "type": "mcp",
          "name": "set_waypoint",
          "args": {
            "waypoint": [
              450.0,
              450.0
            ],
            "altitude": 65.0
          }
        }
      ],
      "obs": [
        {
          "tool": "set_waypoint",
          "result": {
            "status": "accepted",
            "execution_time_s": 1.0,
            "estimated_arrival_s": 28.0
          }
        }
      ],
      "net": {
        "slice": "URLLC",
        "lat_ms": 10,
        "jitter_ms": 2,
        "loss_pct": 0.07,
        "throughput_mbps": 118,
        "edge_load": 0.36
      }
    }
  ],
  "final_state": {
    "domain": "uav",
    "time_s": 142.5,
    "env": {
      "weather": "dust",
      "wind_mps": 8.5,
      "wind_dir_deg": 310.0
    },
    "airspace": {
      "alt_bounds": [
        30.0,
        120.0
      ],
      "geofence": [
        {
          "type": "polygon",
          "points": [
            [
              0.0,
              0.0
            ],
            [
              500.0,
              0.0
            ],
            [
              500.0,
              500.0
            ],
            [
              0.0,
              500.0
            ]
          ]
        }
      ]
    },
    "uav": {
      "pose": {
        "x": 450.0,
        "y": 450.0,
        "z": 65.0,
        "yaw": 90.0
      },
      "speed_mps": 0.0,
      "energy": {
        "battery_pct": 12.3
      },
      "sensors": {
        "rgb": "ok",
        "thermal": "ok",
        "lidar": "ok",
        "radar": "offline",
        "gnss": "ok",
        "imu": "ok",
        "magnetometer": "ok",
        "barometer": "ok"
      },
      "payloads": []
    },
    "policy": {
      "alt_bounds": [
        30.0,
        120.0
      ]
    },
    "safety_flags": {
      "nfz_violation": false,
      "separation_breach": false
    }
  },
  "success": true,
  "_meta": {
    "seed": 42,
    "ts": 1763834403,
    "ts_iso": "2025-11-22T18:00:03Z",
    "gen_time_s": 21.433536291122437,
    "attempts_used": 1,
    "generation_failed": false,
    "usage": {
      "prompt_tokens": 1070,
      "completion_tokens": 3235,
      "total_tokens": 4305,
      "cost": 0.0035025,
      "is_byok": false,
      "prompt_tokens_details": {
        "cached_tokens": 0,
        "audio_tokens": 0,
        "video_tokens": 0
      },
      "cost_details": {
        "upstream_inference_cost": null,
        "upstream_inference_prompt_cost": 0.0002675,
        "upstream_inference_completions_cost": 0.003235
      },
      "completion_tokens_details": {
        "reasoning_tokens": 0,
        "image_tokens": 0
      }
    }
  }
}