{
  "initial_state": {
    "domain": "uav",
    "time_s": 0.0,
    "env": {
      "weather": "good",
      "wind_mps": 9.5,
      "wind_dir_deg": 240.0
    },
    "airspace": {
      "alt_bounds": [
        5.0,
        120.0
      ],
      "geofence": [
        {
          "type": "polygon",
          "points": [
            [
              0,
              0
            ],
            [
              200,
              0
            ],
            [
              200,
              150
            ],
            [
              0,
              150
            ]
          ]
        }
      ]
    },
    "uav": {
      "pose": {
        "x": 20.0,
        "y": 20.0,
        "z": 10.0,
        "yaw": 270.0
      },
      "speed_mps": 18.0,
      "energy": {
        "battery_pct": 100.0
      },
      "sensors": {
        "rgb": "ok",
        "thermal": "offline",
        "lidar": "ok",
        "radar": "ok",
        "gnss": "ok",
        "imu": "ok",
        "magnetometer": "ok",
        "barometer": "ok"
      },
      "payloads": []
    },
    "policy": {
      "alt_bounds": [
        5.0,
        120.0
      ]
    },
    "safety_flags": {
      "nfz_violation": false,
      "separation_breach": false
    }
  },
  "dialogue": [
    {
      "turn": 1,
      "speaker": "agent",
      "intent": "initiate_mission",
      "actions": [
        {
          "type": "mcp",
          "name": "read_telemetry",
          "args": {}
        },
        {
          "type": "a2a",
          "task": "swarm_status_check",
          "to": "uav_swarm_agent",
          "payload": {
            "uav_id": "uav-01",
            "status": "standby"
          }
        }
      ],
      "obs": [
        {
          "tool": "read_telemetry",
          "result": {
            "pose": {
              "x": 20.0,
              "y": 20.0,
              "z": 10.0
            },
            "battery_pct": 100.0,
            "speed_mps": 18.0
          }
        },
        {
          "task": "swarm_status_check",
          "from": "uav_swarm_agent",
          "status": "ok",
          "payload": {
            "active_uavs": 3,
            "leader": "uav-01"
          }
        }
      ],
      "net": {
        "slice": "eMBB",
        "lat_ms": 12,
        "jitter_ms": 2,
        "loss_pct": 0.1,
        "throughput_mbps": 850,
        "edge_load": 0.3
      }
    },
    {
      "turn": 2,
      "speaker": "user",
      "intent": "confirm_mission_start",
      "actions": [
        {
          "type": "mcp",
          "name": "send_command",
          "args": {
            "command": "arm_motors",
            "target": "uav-01"
          }
        }
      ],
      "obs": [
        {
          "tool": "send_command",
          "result": {
            "status": "acknowledged",
            "command": "arm_motors",
            "target": "uav-01"
          }
        }
      ],
      "net": {
        "slice": "eMBB",
        "lat_ms": 11,
        "jitter_ms": 1.8,
        "loss_pct": 0.05,
        "throughput_mbps": 870,
        "edge_load": 0.32
      }
    },
    {
      "turn": 3,
      "speaker": "agent",
      "intent": "ascend_to_inspection_altitude",
      "actions": [
        {
          "type": "mcp",
          "name": "set_waypoint",
          "args": {
            "x": 20.0,
            "y": 20.0,
            "z": 60.0,
            "yaw": 270.0
          }
        },
        {
          "type": "mcp",
          "name": "read_telemetry",
          "args": {}
        }
      ],
      "obs": [
        {
          "tool": "set_waypoint",
          "result": {
            "status": "accepted",
            "target": [
              20.0,
              20.0,
              60.0
            ]
          }
        },
        {
          "tool": "read_telemetry",
          "result": {
            "pose": {
              "x": 20.0,
              "y": 20.0,
              "z": 35.2,
              "yaw": 270.0
            },
            "battery_pct": 99.8,
            "speed_mps": 16.5
          }
        }
      ],
      "net": {
        "slice": "URLLC",
        "lat_ms": 8,
        "jitter_ms": 0.9,
        "loss_pct": 0.02,
        "throughput_mbps": 120,
        "edge_load": 0.4
      }
    },
    {
      "turn": 4,
      "speaker": "user",
      "intent": "request_sensor_activation",
      "actions": [
        {
          "type": "mcp",
          "name": "activate_sensor",
          "args": {
            "sensor": "thermal",
            "mode": "high_res"
          }
        }
      ],
      "obs": [
        {
          "tool": "activate_sensor",
          "result": {
            "sensor": "thermal",
            "status": "failed",
            "reason": "hardware_fault"
          }
        }
      ],
      "net": {
        "slice": "URLLC",
        "lat_ms": 7.5,
        "jitter_ms": 0.8,
        "loss_pct": 0.01,
        "throughput_mbps": 110,
        "edge_load": 0.41
      }
    },
    {
      "turn": 5,
      "speaker": "agent",
      "intent": "compensate_sensor_failure",
      "actions": [
        {
          "type": "mcp",
          "name": "activate_sensor",
          "args": {
            "sensor": "lidar",
            "mode": "scanning"
          }
        },
        {
          "type": "a2a",
          "task": "request_thermal_coverage",
          "to": "uav_swarm_agent",
          "payload": {
            "uav_id": "uav-01",
            "target_area": [
              50,
              80,
              70,
              100
            ]
          }
        }
      ],
      "obs": [
        {
          "tool": "activate_sensor",
          "result": {
            "sensor": "lidar",
            "status": "active",
            "mode": "scanning"
          }
        },
        {
          "task": "request_thermal_coverage",
          "from": "uav_swarm_agent",
          "status": "assigned",
          "payload": {
            "assigned_to": "uav-03",
            "eta": 18
          }
        }
      ],
      "net": {
        "slice": "URLLC",
        "lat_ms": 9,
        "jitter_ms": 1.1,
        "loss_pct": 0.03,
        "throughput_mbps": 130,
        "edge_load": 0.45
      }
    },
    {
      "turn": 6,
      "speaker": "user",
      "intent": "adjust_inspection_plan",
      "actions": [
        {
          "type": "mcp",
          "name": "set_waypoint",
          "args": {
            "x": 50.0,
            "y": 80.0,
            "z": 60.0,
            "yaw": 90.0
          }
        }
      ],
      "obs": [
        {
          "tool": "set_waypoint",
          "result": {
            "status": "accepted",
            "target": [
              50.0,
              80.0,
              60.0
            ]
          }
        }
      ],
      "net": {
        "slice": "eMBB",
        "lat_ms": 130,
        "jitter_ms": 25,
        "loss_pct": 8.5,
        "throughput_mbps": 200,
        "edge_load": 0.85
      }
    },
    {
      "turn": 7,
      "speaker": "agent",
      "intent": "adapt_to_network_degradation",
      "actions": [
        {
          "type": "mcp",
          "name": "read_telemetry",
          "args": {}
        }
      ],
      "obs": [
        {
          "tool": "read_telemetry",
          "result": {
            "pose": {
              "x": 42.1,
              "y": 76.3,
              "z": 60.0,
              "yaw": 90.0
            },
            "battery_pct": 98.5,
            "speed_mps": 15.2
          }
        }
      ],
      "net": {
        "slice": "mMTC",
        "lat_ms": 300,
        "jitter_ms": 50,
        "loss_pct": 15.0,
        "throughput_mbps": 1.2,
        "edge_load": 0.92
      }
    },
    {
      "turn": 8,
      "speaker": "user",
      "intent": "switch_to_low_bandwidth_mode",
      "actions": [
        {
          "type": "mcp",
          "name": "set_stream_quality",
          "args": {
            "stream": "video",
            "quality": "low",
            "fps": 15
          }
        }
      ],
      "obs": [
        {
          "tool": "set_stream_quality",
          "result": {
            "stream": "video",
            "quality": "low",
            "status": "applied"
          }
        }
      ],
      "net": {
        "slice": "URLLC",
        "lat_ms": 10,
        "jitter_ms": 1.5,
        "loss_pct": 0.2,
        "throughput_mbps": 100,
        "edge_load": 0.5
      }
    },
    {
      "turn": 9,
      "speaker": "agent",
      "intent": "resume_inspection_with_compensation",
      "actions": [
        {
          "type": "mcp",
          "name": "capture_image",
          "args": {
            "sensor": "lidar",
            "area": [
              48,
              78,
              52,
              82
            ]
          }
        },
        {
          "type": "a2a",
          "task": "confirm_coverage",
          "to": "uav_swarm_agent",
          "payload": {
            "uav_id": "uav-01",
            "task": "thermal_scan",
            "status": "pending"
          }
        }
      ],
      "obs": [
        {
          "tool": "capture_image",
          "result": {
            "sensor": "lidar",
            "status": "success",
            "data_id": "lidar_01_20250405_0912"
          }
        },
        {
          "task": "confirm_coverage",
          "from": "uav_swarm_agent",
          "status": "confirmed",
          "payload": {
            "uav_id": "uav-03",
            "completion_time": 10.2
          }
        }
      ],
      "net": {
        "slice": "URLLC",
        "lat_ms": 9,
        "jitter_ms": 1.0,
        "loss_pct": 0.1,
        "throughput_mbps": 115,
        "edge_load": 0.48
      }
    },
    {
      "turn": 10,
      "speaker": "user",
      "intent": "initiate_return",
      "actions": [
        {
          "type": "mcp",
          "name": "set_waypoint",
          "args": {
            "x": 20.0,
            "y": 20.0,
            "z": 10.0,
            "yaw": 270.0
          }
        }
      ],
      "obs": [
        {
          "tool": "set_waypoint",
          "result": {
            "status": "accepted",
            "target": [
              20.0,
              20.0,
              10.0
            ]
          }
        }
      ],
      "net": {
        "slice": "URLLC",
        "lat_ms": 8.5,
        "jitter_ms": 0.9,
        "loss_pct": 0.05,
        "throughput_mbps": 125,
        "edge_load": 0.42
      }
    },
    {
      "turn": 11,
      "speaker": "agent",
      "intent": "verify_safe_landing",
      "actions": [
        {
          "type": "mcp",
          "name": "read_telemetry",
          "args": {}
        }
      ],
      "obs": [
        {
          "tool": "read_telemetry",
          "result": {
            "pose": {
              "x": 20.0,
              "y": 20.0,
              "z": 10.0,
              "yaw": 270.0
            },
            "battery_pct": 96.2,
            "speed_mps": 0.0
          }
        }
      ],
      "net": {
        "slice": "URLLC",
        "lat_ms": 7.8,
        "jitter_ms": 0.7,
        "loss_pct": 0.01,
        "throughput_mbps": 130,
        "edge_load": 0.4
      }
    }
  ],
  "final_state": {
    "domain": "uav",
    "time_s": 120.0,
    "env": {
      "weather": "good",
      "wind_mps": 9.5,
      "wind_dir_deg": 240.0
    },
    "airspace": {
      "alt_bounds": [
        5.0,
        120.0
      ],
      "geofence": [
        {
          "type": "polygon",
          "points": [
            [
              0,
              0
            ],
            [
              200,
              0
            ],
            [
              200,
              150
            ],
            [
              0,
              150
            ]
          ]
        }
      ]
    },
    "uav": {
      "pose": {
        "x": 20.0,
        "y": 20.0,
        "z": 10.0,
        "yaw": 270.0
      },
      "speed_mps": 0.0,
      "energy": {
        "battery_pct": 96.2
      },
      "sensors": {
        "rgb": "ok",
        "thermal": "offline",
        "lidar": "active",
        "radar": "ok",
        "gnss": "ok",
        "imu": "ok",
        "magnetometer": "ok",
        "barometer": "ok"
      },
      "payloads": []
    },
    "policy": {
      "alt_bounds": [
        5.0,
        120.0
      ]
    },
    "safety_flags": {
      "nfz_violation": false,
      "separation_breach": false
    }
  },
  "success": true,
  "_meta": {
    "seed": 42,
    "ts": 1763795581,
    "ts_iso": "2025-11-22T07:13:01Z",
    "gen_time_s": 68.27880883216858,
    "attempts_used": 1,
    "generation_failed": false,
    "usage": {
      "prompt_tokens": 1042,
      "completion_tokens": 3774,
      "total_tokens": 4816,
      "cost": 0.00318156,
      "is_byok": false,
      "prompt_tokens_details": {
        "cached_tokens": 608,
        "audio_tokens": 0,
        "video_tokens": 0
      },
      "cost_details": {
        "upstream_inference_cost": null,
        "upstream_inference_prompt_cost": 0.00016236,
        "upstream_inference_completions_cost": 0.0030192
      },
      "completion_tokens_details": {
        "reasoning_tokens": 0,
        "image_tokens": 0
      }
    }
  }
}