{
  "episode_id": "6gb_prompt_24343d7f5f4ef6e8",
  "questions": [
    {
      "task_id": "T28",
      "task_name": "6G Model Training-as-a-Service Decision",
      "source_turn": 10,
      "question": "The UAV is currently operating under URLLC slice with 8ms latency, 1.0ms jitter, 0.01% loss, 110Mbps throughput, and 0.44 edge load. A customer requests immediate LLM fine-tuning requiring 150Mbps sustained throughput and <10ms latency for 3 turns, with SLA penalty if violated. Historical data shows edge load increases 0.05 per turn under URLLC during compute-intensive tasks. Worst-case jitter may spike to 2.5ms under load. eMBB slice offers 870Mbps but latency jumps to 45ms under degradation, which occurred once in 7 turns. If the UAV accepts the task now, projected edge load in turn 12 will be 0.54, risking overload if degradation recurs. Which option should be selected?",
      "options": {
        "A": "Accept the task now under URLLC; current metrics meet SLA and projected load remains under 0.60 for 3 turns.",
        "B": "Reject the task; URLLC throughput is insufficient and eMBB latency violates SLA even under nominal conditions.",
        "C": "Delay acceptance for 1 turn to monitor edge load; if load stays below 0.46, accept under URLLC with 10% buffer.",
        "D": "Accept under eMBB with throttling; cap throughput at 150Mbps to avoid overload, accepting 45ms latency as unavoidable."
      },
      "correct": "C",
      "reason": "Accepting now under URLLC risks exceeding edge load capacity by turn 12 if degradation recurs. eMBB violates latency SLA even nominally. Delaying one turn allows observation of load trend and provides a safety buffer. The 10% buffer accounts for worst-case jitter and load growth, minimizing regret if degradation occurs.",
      "rationale_tag": "WORST_CASE_REGRET_MINIMIZATION",
      "difficulty": "very_hard"
    },
    {
      "task_id": "T29",
      "task_name": "Immersive/AR Resource Prioritization",
      "source_turn": 10,
      "question": "The UAV is conducting an immersive AR survey under dust conditions with wind at 3.5 m/s. Current network slice is URLLC with 8 ms latency, 1.0 ms jitter, 0.01% loss, 110 Mbps throughput, and 0.44 edge load. Historical data shows eMBB degraded to 45 ms latency and 5.2% loss at turn 7. Thermal sensor remains offline despite activation attempts. Mission requires continuous high-fidelity visual streaming and collision avoidance with swarm agents. If dust persists, edge load may rise 0.08 per turn and latency may increase 2 ms per turn under URLLC. Which option should be selected to maintain mission integrity over the next three turns while minimizing maximum regret?",
      "options": {
        "A": "Maintain URLLC slice; accept 110 Mbps throughput; projected edge load 0.68 by turn 13; latency may reach 14 ms; SLA requires <15 ms latency and <0.1% loss.",
        "B": "Switch to eMBB slice; gain 870 Mbps throughput; risk latency spiking to 45 ms if degradation recurs; edge load would drop to 0.35; SLA allows 15 ms latency but requires <0.1% loss.",
        "C": "Switch to mMTC slice; throughput 1.2 Mbps; latency 15 ms; edge load 0.65; suitable for low-bandwidth telemetry but insufficient for AR streaming; SLA violation guaranteed.",
        "D": "Request edge resource scaling; delay mission 2 turns; cost 15% battery; edge load reduced to 0.30; latency stabilized at 6 ms; but thermal sensor remains offline and mission timeline slips."
      },
      "correct": "A",
      "reason": "Option A maintains URLLC which satisfies the SLA latency and loss constraints even under worst-case projection. The projected latency of 14 ms remains under the 15 ms SLA bound while throughput is sufficient for AR streaming. Option B risks catastrophic latency violation if degradation recurs as seen at turn 7. Option C fails throughput requirements outright. Option D incurs unnecessary battery cost and timeline slip without resolving the thermal sensor issue.",
      "rationale_tag": "WORST_CASE_SLAMIN",
      "difficulty": "very_hard"
    }
  ]
}