{
  "initial_state": {
    "domain": "uav",
    "time_s": 0.0,
    "env": {
      "weather": "thermal_updrafts",
      "wind_mps": 6.5,
      "wind_dir_deg": 240.0
    },
    "airspace": {
      "alt_bounds": [
        10.0,
        150.0
      ],
      "geofence": [
        {
          "type": "polygon",
          "points": [
            [
              500,
              500
            ],
            [
              1500,
              500
            ],
            [
              1500,
              1200
            ],
            [
              500,
              1200
            ]
          ]
        }
      ]
    },
    "uav": {
      "pose": {
        "x": 600.0,
        "y": 600.0,
        "z": 30.0,
        "yaw": 90.0
      },
      "speed_mps": 18.0,
      "energy": {
        "battery_pct": 100.0
      },
      "sensors": {
        "rgb": "ok",
        "thermal": "ok",
        "lidar": "ok",
        "radar": "offline",
        "gnss": "ok",
        "imu": "ok",
        "magnetometer": "ok",
        "barometer": "ok"
      },
      "payloads": []
    },
    "policy": {
      "alt_bounds": [
        10.0,
        150.0
      ]
    },
    "safety_flags": {
      "nfz_violation": false,
      "separation_breach": false
    }
  },
  "dialogue": [
    {
      "turn": 1,
      "speaker": "agent",
      "intent": "initiate inspection mission",
      "actions": [
        {
          "type": "mcp",
          "name": "read_telemetry",
          "args": {}
        },
        {
          "type": "a2a",
          "task": "request_swarm_formation",
          "to": "uav_swarm_agent",
          "payload": {
            "uav_id": "uav_01",
            "mission": "wind_turbine_inspection",
            "target_area": [
              1000,
              800
            ]
          }
        }
      ],
      "obs": [
        {
          "tool": "read_telemetry",
          "result": {
            "pose": {
              "x": 600.0,
              "y": 600.0,
              "z": 30.0
            },
            "battery_pct": 100.0,
            "speed_mps": 18.0
          }
        },
        {
          "task": "request_swarm_formation",
          "from": "uav_swarm_agent",
          "status": "ok",
          "payload": {
            "formation": "delta",
            "assigned_role": "lead"
          }
        }
      ],
      "net": {
        "slice": "eMBB",
        "lat_ms": 12,
        "jitter_ms": 2,
        "loss_pct": 0.1,
        "throughput_mbps": 850,
        "edge_load": 0.35
      }
    },
    {
      "turn": 2,
      "speaker": "user",
      "intent": "approve mission start",
      "actions": [],
      "obs": [],
      "net": {
        "slice": "eMBB",
        "lat_ms": 11,
        "jitter_ms": 1.8,
        "loss_pct": 0.05,
        "throughput_mbps": 870,
        "edge_load": 0.33
      }
    },
    {
      "turn": 3,
      "speaker": "agent",
      "intent": "navigate to target area",
      "actions": [
        {
          "type": "mcp",
          "name": "set_waypoint",
          "args": {
            "x": 1000,
            "y": 800,
            "z": 50
          }
        },
        {
          "type": "mcp",
          "name": "activate_sensor",
          "args": {
            "sensor": "lidar"
          }
        }
      ],
      "obs": [
        {
          "tool": "set_waypoint",
          "result": {
            "status": "accepted",
            "eta_s": 45
          }
        },
        {
          "tool": "activate_sensor",
          "result": {
            "sensor": "lidar",
            "status": "active"
          }
        }
      ],
      "net": {
        "slice": "eMBB",
        "lat_ms": 13,
        "jitter_ms": 2.1,
        "loss_pct": 0.12,
        "throughput_mbps": 830,
        "edge_load": 0.38
      }
    },
    {
      "turn": 4,
      "speaker": "user",
      "intent": "monitor progress and confirm sensor activation",
      "actions": [
        {
          "type": "mcp",
          "name": "read_telemetry",
          "args": {}
        }
      ],
      "obs": [
        {
          "tool": "read_telemetry",
          "result": {
            "pose": {
              "x": 800.2,
              "y": 700.1,
              "z": 48.3
            },
            "battery_pct": 98.7,
            "speed_mps": 17.8
          }
        }
      ],
      "net": {
        "slice": "eMBB",
        "lat_ms": 14,
        "jitter_ms": 2.3,
        "loss_pct": 0.15,
        "throughput_mbps": 810,
        "edge_load": 0.41
      }
    },
    {
      "turn": 5,
      "speaker": "agent",
      "intent": "detect network degradation and adapt",
      "actions": [
        {
          "type": "mcp",
          "name": "read_network_status",
          "args": {}
        }
      ],
      "obs": [
        {
          "tool": "read_network_status",
          "result": {
            "slice": "eMBB",
            "lat_ms": 89,
            "jitter_ms": 15,
            "loss_pct": 8.2,
            "throughput_mbps": 120,
            "edge_load": 0.89
          }
        }
      ],
      "net": {
        "slice": "eMBB",
        "lat_ms": 89,
        "jitter_ms": 15,
        "loss_pct": 8.2,
        "throughput_mbps": 120,
        "edge_load": 0.89
      }
    },
    {
      "turn": 6,
      "speaker": "user",
      "intent": "instruct agent to switch to URLLC for reliability",
      "actions": [],
      "obs": [],
      "net": {
        "slice": "URLLC",
        "lat_ms": 8,
        "jitter_ms": 1.2,
        "loss_pct": 0.03,
        "throughput_mbps": 50,
        "edge_load": 0.22
      }
    },
    {
      "turn": 7,
      "speaker": "agent",
      "intent": "resume mission under URLLC with reduced sensing",
      "actions": [
        {
          "type": "mcp",
          "name": "set_network_slice",
          "args": {
            "slice": "URLLC"
          }
        },
        {
          "type": "mcp",
          "name": "set_waypoint",
          "args": {
            "x": 1000,
            "y": 800,
            "z": 50
          }
        }
      ],
      "obs": [
        {
          "tool": "set_network_slice",
          "result": {
            "status": "success",
            "slice": "URLLC"
          }
        },
        {
          "tool": "set_waypoint",
          "result": {
            "status": "accepted",
            "eta_s": 28
          }
        }
      ],
      "net": {
        "slice": "URLLC",
        "lat_ms": 7,
        "jitter_ms": 1.0,
        "loss_pct": 0.02,
        "throughput_mbps": 55,
        "edge_load": 0.2
      }
    },
    {
      "turn": 8,
      "speaker": "user",
      "intent": "request thermal imaging at target",
      "actions": [],
      "obs": [],
      "net": {
        "slice": "URLLC",
        "lat_ms": 7.5,
        "jitter_ms": 1.1,
        "loss_pct": 0.03,
        "throughput_mbps": 52,
        "edge_load": 0.21
      }
    },
    {
      "turn": 9,
      "speaker": "agent",
      "intent": "capture thermal data with minimal delay",
      "actions": [
        {
          "type": "mcp",
          "name": "capture_image",
          "args": {
            "sensor": "thermal",
            "mode": "snapshot"
          }
        }
      ],
      "obs": [
        {
          "tool": "capture_image",
          "result": {
            "sensor": "thermal",
            "status": "success",
            "image_id": "thermal_001",
            "anomaly_detected": true,
            "anomaly_type": "overheating_bearing"
          }
        }
      ],
      "net": {
        "slice": "URLLC",
        "lat_ms": 9,
        "jitter_ms": 1.3,
        "loss_pct": 0.04,
        "throughput_mbps": 48,
        "edge_load": 0.23
      }
    },
    {
      "turn": 10,
      "speaker": "user",
      "intent": "order return to base",
      "actions": [],
      "obs": [],
      "net": {
        "slice": "mMTC",
        "lat_ms": 50,
        "jitter_ms": 5,
        "loss_pct": 1.5,
        "throughput_mbps": 1,
        "edge_load": 0.15
      }
    },
    {
      "turn": 11,
      "speaker": "agent",
      "intent": "initiate return and conserve energy",
      "actions": [
        {
          "type": "mcp",
          "name": "set_waypoint",
          "args": {
            "x": 600,
            "y": 600,
            "z": 30
          }
        },
        {
          "type": "mcp",
          "name": "deactivate_sensor",
          "args": {
            "sensor": "lidar"
          }
        }
      ],
      "obs": [
        {
          "tool": "set_waypoint",
          "result": {
            "status": "accepted",
            "eta_s": 52
          }
        },
        {
          "tool": "deactivate_sensor",
          "result": {
            "sensor": "lidar",
            "status": "deactivated"
          }
        }
      ],
      "net": {
        "slice": "mMTC",
        "lat_ms": 52,
        "jitter_ms": 5.2,
        "loss_pct": 1.6,
        "throughput_mbps": 0.9,
        "edge_load": 0.16
      }
    }
  ],
  "final_state": {
    "domain": "uav",
    "time_s": 180.0,
    "env": {
      "weather": "thermal_updrafts",
      "wind_mps": 6.5,
      "wind_dir_deg": 240.0
    },
    "airspace": {
      "alt_bounds": [
        10.0,
        150.0
      ],
      "geofence": [
        {
          "type": "polygon",
          "points": [
            [
              500,
              500
            ],
            [
              1500,
              500
            ],
            [
              1500,
              1200
            ],
            [
              500,
              1200
            ]
          ]
        }
      ]
    },
    "uav": {
      "pose": {
        "x": 650.0,
        "y": 640.0,
        "z": 32.0,
        "yaw": 270.0
      },
      "speed_mps": 16.5,
      "energy": {
        "battery_pct": 88.2
      },
      "sensors": {
        "rgb": "ok",
        "thermal": "ok",
        "lidar": "inactive",
        "radar": "offline",
        "gnss": "ok",
        "imu": "ok",
        "magnetometer": "ok",
        "barometer": "ok"
      },
      "payloads": []
    },
    "policy": {
      "alt_bounds": [
        10.0,
        150.0
      ]
    },
    "safety_flags": {
      "nfz_violation": false,
      "separation_breach": false
    }
  },
  "success": true,
  "_meta": {
    "seed": 42,
    "ts": 1763833336,
    "ts_iso": "2025-11-22T17:42:16Z",
    "gen_time_s": 386.7239589691162,
    "attempts_used": 2,
    "generation_failed": false,
    "usage": {
      "prompt_tokens": 1114,
      "completion_tokens": 3155,
      "total_tokens": 4269,
      "cost": 0.00189861,
      "is_byok": false,
      "prompt_tokens_details": {
        "cached_tokens": 0,
        "audio_tokens": 0,
        "video_tokens": 0
      },
      "cost_details": {
        "upstream_inference_cost": null,
        "upstream_inference_prompt_cost": 0.00010026,
        "upstream_inference_completions_cost": 0.00179835
      },
      "completion_tokens_details": {
        "reasoning_tokens": 0,
        "image_tokens": 0
      }
    }
  }
}