{
  "initial_state": {
    "domain": "uav",
    "time_s": 0.0,
    "env": {
      "weather": "dust",
      "wind_mps": 8.5,
      "wind_dir_deg": 240.0
    },
    "airspace": {
      "alt_bounds": [
        10.0,
        120.0
      ],
      "geofence": [
        {
          "type": "polygon",
          "points": [
            [
              0,
              0
            ],
            [
              400,
              0
            ],
            [
              400,
              300
            ],
            [
              0,
              300
            ]
          ]
        }
      ]
    },
    "uav": {
      "pose": {
        "x": 20.0,
        "y": 20.0,
        "z": 25.0,
        "yaw": 90.0
      },
      "speed_mps": 18.0,
      "energy": {
        "battery_pct": 100.0
      },
      "sensors": {
        "rgb": "ok",
        "thermal": "offline",
        "lidar": "ok",
        "radar": "offline",
        "gnss": "ok",
        "imu": "ok",
        "magnetometer": "ok",
        "barometer": "ok"
      },
      "payloads": []
    },
    "policy": {
      "alt_bounds": [
        10.0,
        120.0
      ]
    },
    "safety_flags": {
      "nfz_violation": false,
      "separation_breach": false
    }
  },
  "dialogue": [
    {
      "turn": 1,
      "speaker": "agent",
      "intent": "initiate mission and check telemetry",
      "actions": [
        {
          "type": "mcp",
          "name": "read_telemetry",
          "args": {}
        }
      ],
      "obs": [
        {
          "tool": "read_telemetry",
          "result": {
            "pose": {
              "x": 20.0,
              "y": 20.0,
              "z": 25.0,
              "yaw": 90.0
            },
            "speed_mps": 18.0,
            "battery_pct": 100.0,
            "sensors": {
              "gnss": "ok",
              "imu": "ok"
            }
          }
        }
      ],
      "net": {
        "slice": "eMBB",
        "lat_ms": 12,
        "jitter_ms": 2,
        "loss_pct": 0.1,
        "throughput_mbps": 850,
        "edge_load": 0.65
      }
    },
    {
      "turn": 2,
      "speaker": "user",
      "intent": "confirm mission start and request route plan",
      "actions": [
        {
          "type": "mcp",
          "name": "request_route_plan",
          "args": {
            "destination": [
              380,
              280
            ],
            "avoid_thermal": true
          }
        }
      ],
      "obs": [
        {
          "tool": "request_route_plan",
          "result": {
            "route": [
              [
                20,
                20
              ],
              [
                100,
                60
              ],
              [
                200,
                150
              ],
              [
                300,
                240
              ],
              [
                380,
                280
              ]
            ],
            "eta_s": 115,
            "energy_required_pct": 42.0
          }
        }
      ],
      "net": {
        "slice": "eMBB",
        "lat_ms": 14,
        "jitter_ms": 3,
        "loss_pct": 0.2,
        "throughput_mbps": 800,
        "edge_load": 0.7
      }
    },
    {
      "turn": 3,
      "speaker": "agent",
      "intent": "initiate swarm coordination for escort",
      "actions": [
        {
          "type": "a2a",
          "task": "swarm_escort_request",
          "to": "uav_swarm_agent",
          "payload": {
            "uav_id": "uav-01",
            "route": [
              [
                20,
                20
              ],
              [
                100,
                60
              ],
              [
                200,
                150
              ],
              [
                300,
                240
              ],
              [
                380,
                280
              ]
            ],
            "priority": "high"
          }
        }
      ],
      "obs": [
        {
          "task": "swarm_escort_request",
          "from": "uav_swarm_agent",
          "status": "ok",
          "payload": {
            "assigned_units": [
              "uav-02",
              "uav-03"
            ],
            "eta_lead": 110
          }
        }
      ],
      "net": {
        "slice": "URLLC",
        "lat_ms": 8,
        "jitter_ms": 1,
        "loss_pct": 0.05,
        "throughput_mbps": 120,
        "edge_load": 0.3
      }
    },
    {
      "turn": 4,
      "speaker": "user",
      "intent": "enable thermal sensor and monitor dust interference",
      "actions": [
        {
          "type": "mcp",
          "name": "activate_sensor",
          "args": {
            "sensor": "thermal"
          }
        }
      ],
      "obs": [
        {
          "tool": "activate_sensor",
          "result": {
            "sensor": "thermal",
            "status": "failed",
            "reason": "dust interference above threshold"
          }
        }
      ],
      "net": {
        "slice": "mMTC",
        "lat_ms": 25,
        "jitter_ms": 10,
        "loss_pct": 1.5,
        "throughput_mbps": 1.2,
        "edge_load": 0.85
      }
    },
    {
      "turn": 5,
      "speaker": "agent",
      "intent": "adapt to sensor failure and request radar handoff",
      "actions": [
        {
          "type": "a2a",
          "task": "sensor_handoff",
          "to": "uav-02",
          "payload": {
            "request": "radar_scan",
            "target_area": [
              300,
              240,
              380,
              280
            ],
            "priority": "urgent"
          }
        }
      ],
      "obs": [
        {
          "task": "sensor_handoff",
          "from": "uav-02",
          "status": "success",
          "payload": {
            "radar_contact": [
              {
                "type": "obstacle",
                "x": 340,
                "y": 260,
                "z": 30,
                "confidence": 0.92
              }
            ]
          }
        }
      ],
      "net": {
        "slice": "URLLC",
        "lat_ms": 9,
        "jitter_ms": 1,
        "loss_pct": 0.08,
        "throughput_mbps": 110,
        "edge_load": 0.4
      }
    },
    {
      "turn": 6,
      "speaker": "user",
      "intent": "reroute to avoid obstacle and conserve energy",
      "actions": [
        {
          "type": "mcp",
          "name": "update_route",
          "args": {
            "waypoints": [
              [
                20,
                20
              ],
              [
                100,
                60
              ],
              [
                200,
                150
              ],
              [
                320,
                250
              ],
              [
                380,
                280
              ]
            ],
            "max_alt": 110
          }
        }
      ],
      "obs": [
        {
          "tool": "update_route",
          "result": {
            "status": "applied",
            "new_eta_s": 122,
            "battery_projected_end_pct": 58.0
          }
        }
      ],
      "net": {
        "slice": "eMBB",
        "lat_ms": 16,
        "jitter_ms": 4,
        "loss_pct": 0.3,
        "throughput_mbps": 750,
        "edge_load": 0.72
      }
    },
    {
      "turn": 7,
      "speaker": "agent",
      "intent": "perform mid-flight telemetry check under wind stress",
      "actions": [
        {
          "type": "mcp",
          "name": "read_telemetry",
          "args": {}
        }
      ],
      "obs": [
        {
          "tool": "read_telemetry",
          "result": {
            "pose": {
              "x": 200.3,
              "y": 150.7,
              "z": 108.2,
              "yaw": 88.5
            },
            "speed_mps": 16.2,
            "battery_pct": 82.0,
            "wind_drift_comp": 2.1
          }
        }
      ],
      "net": {
        "slice": "URLLC",
        "lat_ms": 7,
        "jitter_ms": 1,
        "loss_pct": 0.04,
        "throughput_mbps": 130,
        "edge_load": 0.25
      }
    },
    {
      "turn": 8,
      "speaker": "user",
      "intent": "request image capture at final approach",
      "actions": [
        {
          "type": "mcp",
          "name": "capture_image",
          "args": {
            "mode": "rgb",
            "target": [
              380,
              280
            ],
            "quality": "high"
          }
        }
      ],
      "obs": [
        {
          "tool": "capture_image",
          "result": {
            "status": "success",
            "image_id": "img_01a",
            "stored": true,
            "resolution": "4096x2160"
          }
        }
      ],
      "net": {
        "slice": "eMBB",
        "lat_ms": 13,
        "jitter_ms": 2,
        "loss_pct": 0.1,
        "throughput_mbps": 880,
        "edge_load": 0.6
      }
    },
    {
      "turn": 9,
      "speaker": "agent",
      "intent": "verify geofence compliance and prepare landing",
      "actions": [
        {
          "type": "mcp",
          "name": "check_geofence",
          "args": {}
        }
      ],
      "obs": [
        {
          "tool": "check_geofence",
          "result": {
            "inside": true,
            "distance_to_boundary_m": 20.0,
            "violation_risk": "low"
          }
        }
      ],
      "net": {
        "slice": "URLLC",
        "lat_ms": 6,
        "jitter_ms": 0.8,
        "loss_pct": 0.02,
        "throughput_mbps": 150,
        "edge_load": 0.2
      }
    },
    {
      "turn": 10,
      "speaker": "user",
      "intent": "authorize landing sequence",
      "actions": [
        {
          "type": "mcp",
          "name": "authorize_action",
          "args": {
            "action": "land",
            "target": [
              380,
              280,
              5
            ]
          }
        }
      ],
      "obs": [
        {
          "tool": "authorize_action",
          "result": {
            "action": "land",
            "status": "authorized",
            "timestamp": 123.4
          }
        }
      ],
      "net": {
        "slice": "URLLC",
        "lat_ms": 5,
        "jitter_ms": 0.5,
        "loss_pct": 0.01,
        "throughput_mbps": 160,
        "edge_load": 0.18
      }
    },
    {
      "turn": 11,
      "speaker": "agent",
      "intent": "execute landing and report completion",
      "actions": [
        {
          "type": "mcp",
          "name": "execute_landing",
          "args": {
            "target": [
              380,
              280,
              5
            ]
          }
        }
      ],
      "obs": [
        {
          "tool": "execute_landing",
          "result": {
            "status": "completed",
            "final_pose": {
              "x": 380.0,
              "y": 280.0,
              "z": 5.0
            },
            "battery_pct": 56.0
          }
        }
      ],
      "net": {
        "slice": "URLLC",
        "lat_ms": 6,
        "jitter_ms": 0.7,
        "loss_pct": 0.03,
        "throughput_mbps": 140,
        "edge_load": 0.22
      }
    }
  ],
  "final_state": {
    "domain": "uav",
    "time_s": 125.0,
    "env": {
      "weather": "dust",
      "wind_mps": 8.5,
      "wind_dir_deg": 240.0
    },
    "airspace": {
      "alt_bounds": [
        10.0,
        120.0
      ],
      "geofence": [
        {
          "type": "polygon",
          "points": [
            [
              0,
              0
            ],
            [
              400,
              0
            ],
            [
              400,
              300
            ],
            [
              0,
              300
            ]
          ]
        }
      ]
    },
    "uav": {
      "pose": {
        "x": 380.0,
        "y": 280.0,
        "z": 5.0,
        "yaw": 88.5
      },
      "speed_mps": 0.0,
      "energy": {
        "battery_pct": 56.0
      },
      "sensors": {
        "rgb": "ok",
        "thermal": "offline",
        "lidar": "ok",
        "radar": "offline",
        "gnss": "ok",
        "imu": "ok",
        "magnetometer": "ok",
        "barometer": "ok"
      },
      "payloads": []
    },
    "policy": {
      "alt_bounds": [
        10.0,
        120.0
      ]
    },
    "safety_flags": {
      "nfz_violation": false,
      "separation_breach": false
    }
  },
  "success": true,
  "_meta": {
    "seed": 42,
    "ts": 1763977998,
    "ts_iso": "2025-11-24T09:53:18Z",
    "gen_time_s": 51.87609386444092,
    "attempts_used": 1,
    "generation_failed": false,
    "usage": {
      "prompt_tokens": 1049,
      "completion_tokens": 3522,
      "total_tokens": 4571,
      "cost": 0.00297622,
      "is_byok": false,
      "prompt_tokens_details": {
        "cached_tokens": 656,
        "audio_tokens": 0,
        "video_tokens": 0
      },
      "cost_details": {
        "upstream_inference_cost": null,
        "upstream_inference_prompt_cost": 0.00015862,
        "upstream_inference_completions_cost": 0.0028176
      },
      "completion_tokens_details": {
        "reasoning_tokens": 0,
        "image_tokens": 0
      }
    }
  }
}