{
  "initial_state": {
    "domain": "uav",
    "time_s": 0.0,
    "env": {
      "weather": "poor",
      "wind_mps": 3.0,
      "wind_dir_deg": 180.0
    },
    "airspace": {
      "alt_bounds": [
        1.0,
        6.0
      ],
      "geofence": [
        {
          "type": "polygon",
          "points": [
            [
              0.0,
              0.0
            ],
            [
              20.0,
              0.0
            ],
            [
              20.0,
              15.0
            ],
            [
              0.0,
              15.0
            ]
          ]
        }
      ]
    },
    "uav": {
      "pose": {
        "x": 2.0,
        "y": 2.0,
        "z": 1.5,
        "yaw": 90.0
      },
      "speed_mps": 22.0,
      "energy": {
        "battery_pct": 100.0
      },
      "sensors": {
        "rgb": "ok",
        "thermal": "offline",
        "lidar": "ok",
        "radar": "offline",
        "gnss": "ok",
        "imu": "ok",
        "magnetometer": "ok",
        "barometer": "ok"
      },
      "payloads": []
    },
    "policy": {
      "alt_bounds": [
        1.0,
        6.0
      ]
    },
    "safety_flags": {
      "nfz_violation": false,
      "separation_breach": false
    }
  },
  "dialogue": [
    {
      "turn": 1,
      "speaker": "agent",
      "intent": "initiate_inspection_mission",
      "actions": [
        {
          "type": "mcp",
          "name": "read_telemetry",
          "args": {}
        },
        {
          "type": "mcp",
          "name": "activate_sensor",
          "args": {
            "sensor": "thermal"
          }
        }
      ],
      "obs": [
        {
          "tool": "read_telemetry",
          "result": {
            "pose": {
              "x": 2.0,
              "y": 2.0,
              "z": 1.5
            },
            "battery_pct": 100.0,
            "speed_mps": 22.0
          }
        },
        {
          "tool": "activate_sensor",
          "result": {
            "sensor": "thermal",
            "status": "failed",
            "reason": "sensor_fault"
          }
        }
      ],
      "net": {
        "slice": "eMBB",
        "lat_ms": 12,
        "jitter_ms": 3,
        "loss_pct": 0.1,
        "throughput_mbps": 850,
        "edge_load": 0.45
      }
    },
    {
      "turn": 2,
      "speaker": "user",
      "intent": "request_status_update",
      "actions": [
        {
          "type": "mcp",
          "name": "get_uav_status",
          "args": {}
        }
      ],
      "obs": [
        {
          "tool": "get_uav_status",
          "result": {
            "mode": "standby",
            "battery_pct": 100.0,
            "active_sensors": [
              "rgb",
              "lidar"
            ],
            "faults": [
              "thermal_sensor_offline"
            ]
          }
        }
      ],
      "net": {
        "slice": "eMBB",
        "lat_ms": 11,
        "jitter_ms": 2,
        "loss_pct": 0.05,
        "throughput_mbps": 900,
        "edge_load": 0.48
      }
    },
    {
      "turn": 3,
      "speaker": "agent",
      "intent": "adjust_mission_plan_due_to_sensor_failure",
      "actions": [
        {
          "type": "mcp",
          "name": "replan_route",
          "args": {
            "objective": "visual_inspection",
            "excluded_sensors": [
              "thermal"
            ]
          }
        },
        {
          "type": "a2a",
          "task": "collision_avoidance",
          "to": "uav_swarm_agent",
          "payload": {
            "current_pose": {
              "x": 2.0,
              "y": 2.0,
              "z": 1.5
            },
            "waypoints": [
              {
                "x": 5.0,
                "y": 5.0,
                "z": 3.0
              }
            ]
          }
        }
      ],
      "obs": [
        {
          "tool": "replan_route",
          "result": {
            "waypoints": [
              {
                "x": 5.0,
                "y": 5.0,
                "z": 3.0
              },
              {
                "x": 10.0,
                "y": 8.0,
                "z": 4.0
              }
            ],
            "estimated_duration_s": 45
          }
        },
        {
          "task": "collision_avoidance",
          "from": "uav_swarm_agent",
          "status": "ok",
          "payload": {
            "safe": true,
            "suggested_alt": 4.2
          }
        }
      ],
      "net": {
        "slice": "URLLC",
        "lat_ms": 8,
        "jitter_ms": 1,
        "loss_pct": 0.01,
        "throughput_mbps": 120,
        "edge_load": 0.3
      }
    },
    {
      "turn": 4,
      "speaker": "user",
      "intent": "approve_route_and_proceed",
      "actions": [
        {
          "type": "mcp",
          "name": "set_waypoints",
          "args": {
            "waypoints": [
              {
                "x": 5.0,
                "y": 5.0,
                "z": 3.0
              },
              {
                "x": 10.0,
                "y": 8.0,
                "z": 4.0
              }
            ]
          }
        }
      ],
      "obs": [
        {
          "tool": "set_waypoints",
          "result": {
            "status": "accepted",
            "execution_mode": "auto"
          }
        }
      ],
      "net": {
        "slice": "URLLC",
        "lat_ms": 7,
        "jitter_ms": 1,
        "loss_pct": 0.02,
        "throughput_mbps": 110,
        "edge_load": 0.32
      }
    },
    {
      "turn": 5,
      "speaker": "agent",
      "intent": "execute_first_leg",
      "actions": [
        {
          "type": "mcp",
          "name": "navigate_to_waypoint",
          "args": {
            "index": 0
          }
        }
      ],
      "obs": [
        {
          "tool": "navigate_to_waypoint",
          "result": {
            "status": "in_progress",
            "target": {
              "x": 5.0,
              "y": 5.0,
              "z": 3.0
            },
            "estimated_arrival_s": 12
          }
        }
      ],
      "net": {
        "slice": "URLLC",
        "lat_ms": 9,
        "jitter_ms": 1.5,
        "loss_pct": 0.03,
        "throughput_mbps": 105,
        "edge_load": 0.35
      }
    },
    {
      "turn": 6,
      "speaker": "user",
      "intent": "monitor_progress_and_check_weather_impact",
      "actions": [
        {
          "type": "mcp",
          "name": "read_telemetry",
          "args": {}
        },
        {
          "type": "mcp",
          "name": "get_weather_impact",
          "args": {}
        }
      ],
      "obs": [
        {
          "tool": "read_telemetry",
          "result": {
            "pose": {
              "x": 4.8,
              "y": 4.9,
              "z": 2.9
            },
            "battery_pct": 98.7,
            "speed_mps": 20.5
          }
        },
        {
          "tool": "get_weather_impact",
          "result": {
            "wind_effect": "moderate_drift",
            "visibility_m": 800,
            "risk_level": "medium"
          }
        }
      ],
      "net": {
        "slice": "mMTC",
        "lat_ms": 120,
        "jitter_ms": 25,
        "loss_pct": 2.5,
        "throughput_mbps": 1.2,
        "edge_load": 0.8
      }
    },
    {
      "turn": 7,
      "speaker": "agent",
      "intent": "adapt_to_network_degradation",
      "actions": [
        {
          "type": "mcp",
          "name": "reduce_sensor_sampling",
          "args": {
            "sensors": [
              "lidar"
            ],
            "rate_hz": 5
          }
        },
        {
          "type": "a2a",
          "task": "relay_data",
          "to": "edge_gateway_agent",
          "payload": {
            "data_type": "telemetry_summary",
            "interval_s": 10
          }
        }
      ],
      "obs": [
        {
          "tool": "reduce_sensor_sampling",
          "result": {
            "sensor": "lidar",
            "new_rate_hz": 5,
            "status": "adjusted"
          }
        },
        {
          "task": "relay_data",
          "from": "edge_gateway_agent",
          "status": "queued",
          "payload": {
            "next_transmission_s": 8
          }
        }
      ],
      "net": {
        "slice": "mMTC",
        "lat_ms": 130,
        "jitter_ms": 30,
        "loss_pct": 3.0,
        "throughput_mbps": 0.9,
        "edge_load": 0.85
      }
    },
    {
      "turn": 8,
      "speaker": "user",
      "intent": "request_high_res_image_at_next_waypoint",
      "actions": [
        {
          "type": "mcp",
          "name": "schedule_task",
          "args": {
            "task": "capture_rgb",
            "at_waypoint": 1,
            "resolution": "high"
          }
        }
      ],
      "obs": [
        {
          "tool": "schedule_task",
          "result": {
            "task_id": "rgb_001",
            "scheduled_waypoint": 1,
            "status": "queued"
          }
        }
      ],
      "net": {
        "slice": "URLLC",
        "lat_ms": 10,
        "jitter_ms": 2,
        "loss_pct": 0.1,
        "throughput_mbps": 100,
        "edge_load": 0.5
      }
    },
    {
      "turn": 9,
      "speaker": "agent",
      "intent": "arrive_at_waypoint_and_capture_data",
      "actions": [
        {
          "type": "mcp",
          "name": "navigate_to_waypoint",
          "args": {
            "index": 1
          }
        },
        {
          "type": "mcp",
          "name": "capture_rgb",
          "args": {
            "resolution": "high",
            "trigger": "on_arrival"
          }
        }
      ],
      "obs": [
        {
          "tool": "navigate_to_waypoint",
          "result": {
            "status": "complete",
            "arrival_time_s": 58.3,
            "final_pose": {
              "x": 10.0,
              "y": 8.0,
              "z": 4.0
            }
          }
        },
        {
          "tool": "capture_rgb",
          "result": {
            "status": "success",
            "image_id": "img_20250405_1001",
            "size_kb": 2048
          }
        }
      ],
      "net": {
        "slice": "eMBB",
        "lat_ms": 15,
        "jitter_ms": 4,
        "loss_pct": 0.2,
        "throughput_mbps": 700,
        "edge_load": 0.6
      }
    },
    {
      "turn": 10,
      "speaker": "user",
      "intent": "verify_data_and_prepare_return",
      "actions": [
        {
          "type": "mcp",
          "name": "download_asset",
          "args": {
            "asset_id": "img_20250405_1001"
          }
        },
        {
          "type": "mcp",
          "name": "check_battery",
          "args": {}
        }
      ],
      "obs": [
        {
          "tool": "download_asset",
          "result": {
            "asset_id": "img_20250405_1001",
            "status": "complete",
            "integrity": "verified"
          }
        },
        {
          "tool": "check_battery",
          "result": {
            "battery_pct": 92.3,
            "estimated_return_required": 15.0
          }
        }
      ],
      "net": {
        "slice": "eMBB",
        "lat_ms": 14,
        "jitter_ms": 3,
        "loss_pct": 0.15,
        "throughput_mbps": 750,
        "edge_load": 0.58
      }
    },
    {
      "turn": 11,
      "speaker": "agent",
      "intent": "initiate_return_and_land",
      "actions": [
        {
          "type": "mcp",
          "name": "generate_return_path",
          "args": {
            "origin": {
              "x": 10.0,
              "y": 8.0,
              "z": 4.0
            },
            "home": {
              "x": 2.0,
              "y": 2.0,
              "z": 1.5
            }
          }
        },
        {
          "type": "mcp",
          "name": "land",
          "args": {
            "auto_disarm": true
          }
        }
      ],
      "obs": [
        {
          "tool": "generate_return_path",
          "result": {
            "waypoints": [
              {
                "x": 6.0,
                "y": 5.0,
                "z": 3.0
              },
              {
                "x": 2.0,
                "y": 2.0,
                "z": 1.5
              }
            ],
            "risk_assessment": "low"
          }
        },
        {
          "tool": "land",
          "result": {
            "status": "complete",
            "landing_time_s": 115.7,
            "final_battery_pct": 88.1
          }
        }
      ],
      "net": {
        "slice": "URLLC",
        "lat_ms": 6,
        "jitter_ms": 0.8,
        "loss_pct": 0.01,
        "throughput_mbps": 130,
        "edge_load": 0.25
      }
    }
  ],
  "final_state": {
    "domain": "uav",
    "time_s": 115.7,
    "env": {
      "weather": "poor",
      "wind_mps": 3.0,
      "wind_dir_deg": 180.0
    },
    "airspace": {
      "alt_bounds": [
        1.0,
        6.0
      ],
      "geofence": [
        {
          "type": "polygon",
          "points": [
            [
              0.0,
              0.0
            ],
            [
              20.0,
              0.0
            ],
            [
              20.0,
              15.0
            ],
            [
              0.0,
              15.0
            ]
          ]
        }
      ]
    },
    "uav": {
      "pose": {
        "x": 2.0,
        "y": 2.0,
        "z": 1.5,
        "yaw": 90.0
      },
      "speed_mps": 0.0,
      "energy": {
        "battery_pct": 88.1
      },
      "sensors": {
        "rgb": "ok",
        "thermal": "offline",
        "lidar": "ok",
        "radar": "offline",
        "gnss": "ok",
        "imu": "ok",
        "magnetometer": "ok",
        "barometer": "ok"
      },
      "payloads": []
    },
    "policy": {
      "alt_bounds": [
        1.0,
        6.0
      ]
    },
    "safety_flags": {
      "nfz_violation": false,
      "separation_breach": false
    }
  },
  "success": true,
  "_meta": {
    "seed": 42,
    "ts": 1763765484,
    "ts_iso": "2025-11-21T22:51:24Z",
    "gen_time_s": 75.70265030860901,
    "attempts_used": 1,
    "generation_failed": false,
    "usage": {
      "prompt_tokens": 1043,
      "completion_tokens": 4099,
      "total_tokens": 5142,
      "cost": 0.00383658,
      "is_byok": false,
      "prompt_tokens_details": {
        "cached_tokens": 3,
        "audio_tokens": 0,
        "video_tokens": 0
      },
      "cost_details": {
        "upstream_inference_cost": null,
        "upstream_inference_prompt_cost": 0.00022946,
        "upstream_inference_completions_cost": 0.00360712
      },
      "completion_tokens_details": {
        "reasoning_tokens": 0,
        "image_tokens": 0
      }
    }
  }
}