{
  "episode_id": "6gb_prompt_4377d19a0e460190",
  "questions": [
    {
      "task_id": "T1",
      "task_name": "Intent Feasibility Assessment",
      "source_turn": 8,
      "question": "The UAV is operating under icing conditions with wind at 8.5 m/s from 240 degrees, currently at 50m altitude within a geofenced polygon. Battery is at 100% but the RTL threshold is now set to 30%. Network slice has degraded to mMTC with 50ms latency, 15ms jitter, 3% loss, and 0.8 Mbps throughput, while edge load is at 0.82. The mission requires thermal feed streaming (minimum 5 Mbps) and collision avoidance coordination (latency < 10ms). If degradation persists for one more turn, the edge load may rise to 0.88 and latency to 60ms. Under worst-case uncertainty, which option minimizes maximum regret over the next two turns while maintaining safety and mission continuity? A) Switch to URLLC immediately despite 130 Mbps throughput cap and 0.35 edge load, accepting 7ms latency. B) Maintain mMTC and reduce sensor streaming to 0.5 Mbps to stay within throughput, risking 60ms latency next turn. C) Switch to eMBB with 900 Mbps throughput but 15ms latency, accepting 0.51 edge load and 0.3% loss. D) Abort mission and initiate RTL now, preserving battery but forfeiting all mission objectives.",
      "options": {
        "A": "Switch to URLLC immediately despite 130 Mbps throughput cap and 0.35 edge load, accepting 7ms latency.",
        "B": "Maintain mMTC and reduce sensor streaming to 0.5 Mbps to stay within throughput, risking 60ms latency next turn.",
        "C": "Switch to eMBB with 900 Mbps throughput but 15ms latency, accepting 0.51 edge load and 0.3% loss.",
        "D": "Abort mission and initiate RTL now, preserving battery but forfeiting all mission objectives."
      },
      "correct": "A",
      "reason": "Switching to URLLC ensures latency remains under 10ms for collision avoidance, which is critical under icing conditions. Although throughput is capped at 130 Mbps, it exceeds the 5 Mbps thermal feed requirement. Edge load drops to 0. 35, reducing risk of further degradation. Maintaining mMTC risks latency exceeding 60ms next turn, violating safety.",
      "rationale_tag": "WORST_CASE_LATENCY_SLA",
      "difficulty": "very_hard"
    },
    {
      "task_id": "T2",
      "task_name": "Intent Conflict Resolution",
      "source_turn": 8,
      "question": "The UAV is operating under icing conditions with wind at 8.5 m/s from 240 degrees, currently at 50m altitude within a geofenced polygon. Battery is at 100% but user has set RTL threshold at 30%. Network slice is mMTC with 50ms latency, 15ms jitter, 3% loss, 0.8Mbps throughput, and 82% edge load. Mission intent requires thermal feed streaming, but current slice cannot support it. URLLC slice offers 9ms latency, 1.1ms jitter, 0.08% loss, 110Mbps throughput, and 41% edge load but may not sustain under wind-induced degradation. If degradation persists for one more turn, edge load may rise to 85% and latency to 60ms. What should be selected to resolve intent-policy conflict while minimizing maximum regret over next two turns?",
      "options": {
        "A": "Switch to URLLC immediately to enable thermal streaming, accepting 41% edge load and 9ms latency, assuming no further degradation.",
        "B": "Remain on mMTC and defer thermal streaming until battery drops to 35%, accepting 3% loss and 0.8Mbps throughput, assuming edge load stabilizes.",
        "C": "Switch to URLLC but throttle thermal resolution to 720p to reduce throughput demand to 80Mbps, accepting 10ms latency and 45% edge load under worst-case jitter.",
        "D": "Initiate RTL now at 100% battery to avoid any network risk, accepting mission failure but ensuring policy compliance and safety."
      },
      "correct": "C",
      "reason": "Option C balances mission intent with network policy by reducing throughput demand to fit URLLC capacity under worst-case jitter. It avoids immediate RTL which incurs full mission regret. It outperforms staying on mMTC which cannot support thermal streaming at all. It minimizes maximum regret by ensuring service continuity even if edge load rises to 85% next turn.",
      "rationale_tag": "WORST_CASE_THROUGHPUT_MARGIN",
      "difficulty": "very_hard"
    },
    {
      "task_id": "T5",
      "task_name": "Slice Switching Decision",
      "source_turn": 10,
      "question": "The UAV is operating under icing conditions with wind at 8.5 m/s and is currently on URLLC slice with 7 ms latency, 0.9 ms jitter, 0.02% loss, 135 Mbps throughput, and 0.36 edge load. Historical data shows that mMTC slice degraded to 50 ms latency and 3.0% loss at turn 8, while eMBB previously hit 15 ms latency and 0.3% loss at turn 4. The battery is at 100% but will drop below 30% if RTL is not triggered within 12 turns. The mission requires continuous thermal feed streaming at 100 Mbps minimum, and the next waypoint is 3 turns away. If network degradation persists, the edge load may rise to 0.90 by turn 13. Which option should be selected to avoid unnecessary switching while ensuring mission continuity and safety?",
      "options": {
        "A": "Stay on URLLC: latency and jitter are within SLA, throughput exceeds 100 Mbps, and edge load is below 0.40; switching now risks instability.",
        "B": "Switch to eMBB: higher throughput (850 Mbps) supports thermal streaming, even though latency (15 ms) exceeds URLLC and jitter (3.2 ms) is higher.",
        "C": "Switch to mMTC: lower edge load (0.78) may reduce congestion, despite latency (50 ms) and loss (3.0%) violating SLA for streaming.",
        "D": "Initiate RTL immediately: battery will drop below 30% in 12 turns, and current slice cannot guarantee thermal feed under projected edge load of 0.90."
      },
      "correct": "A",
      "reason": "Staying on URLLC preserves low latency and jitter critical for real-time control under icing conditions. Although eMBB offers higher throughput, its historical degradation makes it unreliable for the next 3 turns. mMTC violates SLA for streaming and would cause mission failure. RTL is premature since battery remains at 100% and the next waypoint is only 3 turns away. The projected edge load of 0.",
      "rationale_tag": "WORST_CASE_SLICE_STABILITY",
      "difficulty": "very_hard"
    },
    {
      "task_id": "T6",
      "task_name": "Slice Fairness vs Safety",
      "source_turn": 10,
      "question": "The UAV swarm is operating under icing conditions with wind at 8.5 m/s from 240 degrees, currently at 50m altitude within a geofenced polygon. Network slice performance has degraded from eMBB to mMTC over turns 5–8, with edge load rising from 0.45 to 0.82 and latency spiking to 50ms. At turn 10, URLLC slice is active with 7ms latency, 0.9ms jitter, 0.02% loss, 135Mbps throughput, and 0.36 edge load. Battery is at 100% but RTL threshold is set to 30%. If wind increases by 15% next turn and edge load rises by 0.08, URLLC may exceed 10ms latency with 0.15% loss. eMBB offers 15ms latency but 780Mbps throughput and 0.51 edge load, while mMTC has 50ms latency and 0.82 edge load. Which option should be selected to ensure swarm safety and fairness across members over the next two turns?",
      "options": {
        "A": "Maintain URLLC slice; accept 10ms latency cap and 0.15% loss under projected wind increase, preserving control responsiveness for collision avoidance.",
        "B": "Switch to eMBB slice; leverage 780Mbps throughput for thermal streaming despite 15ms latency, assuming edge load stabilizes at 0.51.",
        "C": "Revert to mMTC slice; tolerate 50ms latency and 3% loss for minimal edge load (0.82), prioritizing network stability over real-time control.",
        "D": "Initiate RTL immediately; abort mission to preserve battery above 30% threshold, ignoring current network state and weather projection."
      },
      "correct": "A",
      "reason": "Maintaining URLLC ensures latency remains under 10ms even under worst-case wind increase, which is critical for collision avoidance in icing conditions. eMBB’s 15ms latency exceeds the safety margin for real-time control, risking swarm coordination failure. mMTC’s 50ms latency and 3% loss make it unusable for safety-critical commands. RTL is premature since battery is at 100% and no immediate threat exists. URLLC’s projected edge load of 0.",
      "rationale_tag": "WORST_CASE_LATENCY_SAFETY",
      "difficulty": "very_hard"
    },
    {
      "task_id": "T7",
      "task_name": "Compute Placement Decision",
      "source_turn": 10,
      "question": "The UAV is operating under icing conditions with wind at 8.5 m/s and is currently at 50m altitude within a geofenced area. Network slice is URLLC with 7ms latency, 0.9ms jitter, 0.02% loss, 135 Mbps throughput, and 0.36 edge load. Battery is at 100% but RTL threshold is set to 30%. Historical data shows edge load increased from 0.33 to 0.36 over the last turn, and worst-case jitter could reach 1.5ms under current weather. The mission requires real-time obstacle detection with SLA latency bound of 10ms and minimum throughput of 100 Mbps. If network degrades further to mMTC next turn, latency may spike to 50ms and throughput drop to 0.8 Mbps. Onboard inference consumes 12ms latency and 80 Mbps throughput, while edge inference under current URLLC uses 7ms latency and 135 Mbps throughput. Which option should be selected to minimize maximum regret over the next two turns under worst-case network degradation?",
      "options": {
        "A": "Use edge inference now and switch to onboard if edge load exceeds 0.4 next turn, accepting 12ms latency if needed.",
        "B": "Immediately switch to onboard inference to avoid future network risk, accepting 12ms latency and 80 Mbps throughput now.",
        "C": "Stay on edge inference under URLLC, assuming jitter remains below 1.2ms and edge load stays under 0.4.",
        "D": "Request network upgrade to eMBB slice now, which offers 15ms latency and 780 Mbps throughput, despite higher jitter."
      },
      "correct": "A",
      "reason": "Option A minimizes maximum regret by preserving current performance while preparing for degradation. Edge inference currently meets SLA with 3ms margin to 10ms bound. Onboard inference incurs 12ms latency, violating SLA immediately. If edge load exceeds 0. 4 next turn, it signals impending mMTC degradation, making onboard fallback necessary.",
      "rationale_tag": "WORST_CASE_REGRET_MINIMIZATION",
      "difficulty": "very_hard"
    },
    {
      "task_id": "T8",
      "task_name": "Graceful Degradation under Edge Overload",
      "source_turn": 8,
      "question": "The UAV is operating under icing conditions with wind at 8.5 m/s and is currently on mMTC slice with 50 ms latency, 15 ms jitter, 3.0% loss, 0.8 Mbps throughput, and edge load at 0.82. The SLA requires latency under 40 ms and loss under 1.0% for autonomous navigation. Battery is at 100% but RTL threshold is set to 30%. Historical edge load has increased from 0.45 to 0.82 over 8 turns, and worst-case jitter projection for next turn is 18 ms. If edge load exceeds 0.9, autonomy must degrade to manual override. Option A maintains URLLC with 140 Mbps throughput but risks edge load rising to 0.88 next turn. Option B switches to eMBB with 800 Mbps throughput but latency jumps to 20 ms and edge load drops to 0.65. Option C remains on mMTC with projected edge load of 0.89 and latency of 55 ms next turn. Option D initiates RTL now despite 100% battery. Which option should be selected?",
      "options": {
        "A": "Maintain URLLC slice with 140 Mbps throughput, accepting edge load projected to reach 0.88 next turn.",
        "B": "Switch to eMBB slice with 800 Mbps throughput, accepting 20 ms latency and edge load of 0.65.",
        "C": "Remain on mMTC slice with projected 55 ms latency and 0.89 edge load next turn.",
        "D": "Initiate RTL immediately despite 100% battery to avoid future overload risk."
      },
      "correct": "B",
      "reason": "Option B reduces edge load to 0. 65 which is below the 0. 9 degradation threshold and maintains latency under 40 ms. Option A risks crossing the edge load threshold next turn. Option C violates latency SLA and approaches edge overload.",
      "rationale_tag": "WORST_CASE_EDGE_LOAD_PROJECTION",
      "difficulty": "very_hard"
    },
    {
      "task_id": "T9",
      "task_name": "Trust-Aware Offloading",
      "source_turn": 8,
      "question": "The UAV is operating under icing conditions with wind at 8.5 m/s and is currently at 50m altitude within a geofenced polygon. Network slice has degraded to mMTC with 50ms latency, 15ms jitter, 3.0% loss, and 0.8 Mbps throughput while edge load is at 0.82. Policy mandates altitude bounds of 10–120m and RTL trigger at battery <30%. The next three turns project edge load rising to 0.91, latency to 62ms, and jitter to 20ms under mMTC. URLLC slice offers 9ms latency, 1.1ms jitter, 0.08% loss, and 110 Mbps throughput but is capacity-constrained with only 2 slots left. eMBB slice has 15ms latency, 3.2ms jitter, 0.3% loss, and 780 Mbps throughput but edge load is already 0.51 and rising. Given the risk of violating SLA thresholds (latency >50ms, jitter >10ms, loss >1%) and the need to maintain trust in offloading decisions over the next 3 turns, which option should be selected?",
      "options": {
        "A": "Offload to URLLC slice despite capacity constraints, accepting potential future denial of service if load exceeds 2 slots.",
        "B": "Offload to eMBB slice, accepting higher jitter and latency but leveraging higher throughput for sensor data aggregation.",
        "C": "Maintain local processing, avoiding offloading entirely to prevent SLA violations under projected mMTC degradation.",
        "D": "Switch to mMTC slice with current parameters, assuming edge load will stabilize below 0.85 in next turn."
      },
      "correct": "C",
      "reason": "Local processing avoids SLA violations under worst-case projections of latency exceeding 62ms and jitter reaching 20ms. URLLC is capacity-limited and may deny future requests, risking mission failure. eMBB’s jitter and latency exceed safety margins under projected load. mMTC’s degradation trend makes it unreliable for trust-aware operations over multiple turns.",
      "rationale_tag": "WORST_CASE_TRUST_VIOLATION",
      "difficulty": "very_hard"
    },
    {
      "task_id": "T10",
      "task_name": "SLA Violation Prediction",
      "source_turn": 10,
      "question": "The UAV is operating under icing conditions with wind at 8.5 m/s from 240 degrees, currently at 50m altitude and 18 m/s speed, with battery at 100%. Network slice has stabilized at URLLC with 7ms latency, 0.9ms jitter, 0.02% loss, 135 Mbps throughput, and 0.36 edge load. Historical data shows edge load increased from 0.33 to 0.82 over 3 turns during mMTC use, and latency spiked to 50ms with 3% loss. SLA requires latency <10ms, jitter <2ms, loss <0.5%, and edge load <0.8. If wind increases by 15% next turn, edge load may rise by 0.12 under URLLC, and if radar remains offline, GNSS drift may force altitude correction increasing control traffic by 20%. Which option should be selected to minimize maximum regret over the next 2 turns?",
      "options": {
        "A": "Stay on URLLC: current metrics are within SLA, and edge load is below 0.8; projected load of 0.48 still under threshold.",
        "B": "Switch to eMBB: higher throughput (900 Mbps) can absorb control traffic surge; latency 15ms exceeds SLA but jitter 3.2ms is acceptable if loss stays below 0.5%.",
        "C": "Switch to mMTC: edge load is already 0.82, but latency 50ms and loss 3% violate SLA; however, it may handle sensor bursts if control traffic drops by 40%.",
        "D": "Initiate RTL: battery is 100%, but if edge load exceeds 0.8 next turn, SLA violation is certain; RTL avoids risk but forfeits mission."
      },
      "correct": "A",
      "reason": "Option A remains within all SLA bounds even under worst-case edge load projection of 0. 48. Option B violates latency SLA by 5ms and risks jitter exceeding 2ms if control traffic increases. Option C already violates latency and loss SLA and cannot recover under projected conditions. Option D incurs mission failure regret despite no immediate SLA violation.",
      "rationale_tag": "WORST_CASE_SLAMIN",
      "difficulty": "very_hard"
    },
    {
      "task_id": "T13",
      "task_name": "Swarm-Level Slice Negotiation",
      "source_turn": 10,
      "question": "The UAV swarm is operating under icing conditions with wind at 8.5 m/s from 240 degrees, currently at 50m altitude within a 200x300m geofence. Network slice metrics show URLLC at 7ms latency, 0.9ms jitter, 0.02% loss, 135 Mbps throughput, and 0.36 edge load. Historical data reveals eMBB degraded from 11ms to 15ms latency and mMTC spiked to 50ms latency with 3% loss. Battery is at 100% but RTL threshold is set to 30%. If wind increases by 15% next turn, edge load may rise by 0.12 under URLLC, and if thermal streaming resumes, throughput demand will jump to 800 Mbps. Under worst-case assumptions including 20% higher jitter and 0.5% packet loss, which slice should be negotiated for the next 3 turns to maintain safety, avoid SLA violation, and minimize regret if conditions worsen?",
      "options": {
        "A": "URLLC: maintains latency under 10ms and jitter under 1.5ms, but throughput capped at 140 Mbps, risking thermal feed failure if demand exceeds 800 Mbps.",
        "B": "eMBB: offers 800+ Mbps throughput for thermal streaming, but latency may exceed 20ms under wind stress, violating real-time control SLA of 15ms.",
        "C": "mMTC: tolerates high latency up to 50ms, but loss rate may hit 3.5% under worst case, risking GNSS update loss and geofence violation.",
        "D": "Hybrid: split traffic between URLLC for control and eMBB for streaming, but edge load may exceed 0.9 under combined stress, triggering network collapse."
      },
      "correct": "D",
      "reason": "URLLC alone cannot meet throughput demand for thermal streaming under worst-case load. eMBB risks violating latency SLA for control commands. mMTC introduces unacceptable loss for safety-critical GNSS updates. Hybrid allocation minimizes maximum regret by preserving control reliability while partially satisfying throughput, even if edge load approaches 0. 9, because it avoids total failure modes of single-slice options.",
      "rationale_tag": "WORST_CASE_REGRET_MINIMIZATION",
      "difficulty": "very_hard"
    },
    {
      "task_id": "T14",
      "task_name": "Scheduler Reconfiguration Adaptation",
      "source_turn": 10,
      "question": "The UAV is operating under icing conditions with wind at 8.5 m/s from 240 degrees, currently at 50m altitude within a geofenced polygon. Network slice has stabilized at URLLC with 7ms latency, 0.9ms jitter, 0.02% loss, 135 Mbps throughput, and 0.36 edge load. Battery remains at 100%, but RTL threshold is set to 30%. Historical data shows mMTC slice degraded to 50ms latency, 15ms jitter, 3% loss, and 0.82 edge load at turn 8. If wind increases by 20% next turn and edge load rises by 0.15, URLLC may exceed 10ms latency with 0.5% loss probability. eMBB offers 15ms latency but 780 Mbps throughput and 0.51 edge load, while mMTC risks 55ms latency with 4% loss under worst-case wind. Which option should be selected to minimize maximum regret over the next two turns while maintaining safety and mission continuity?",
      "options": {
        "A": "Remain on URLLC; current metrics are within SLA and edge load is low at 0.36, with projected latency under 10ms even under 20% wind increase.",
        "B": "Switch to eMBB; higher throughput supports sensor streaming despite 15ms latency, and edge load of 0.51 is below critical threshold of 0.8.",
        "C": "Switch to mMTC; it has lowest cost and can handle low-priority telemetry, even if latency jumps to 55ms and loss reaches 4% under worst-case wind.",
        "D": "Initiate RTL immediately; battery is 100% but future network degradation may prevent safe return if edge load exceeds 0.85 and latency exceeds 20ms."
      },
      "correct": "A",
      "reason": "URLLC maintains the lowest latency and jitter under current and projected conditions, even with 20% wind increase and edge load rise. eMBB’s higher throughput is unnecessary for current sensor load and its latency exceeds URLLC’s worst-case bound. mMTC’s worst-case latency and loss violate safety margins for real-time control. RTL is premature since battery is full and network degradation is not yet critical. The correct choice minimizes regret by preserving real-time control under uncertainty.",
      "rationale_tag": "WORST_CASE_LATENCY_MARGIN",
      "difficulty": "very_hard"
    },
    {
      "task_id": "T16",
      "task_name": "Network-Exposed Compute Marketplace",
      "source_turn": 10,
      "question": "The UAV is operating under icing conditions with wind at 8.5 m/s and is currently using URLLC slice with 7 ms latency, 0.9 ms jitter, 0.02% loss, 135 Mbps throughput, and 0.36 edge load. Historical data shows edge load peaked at 0.82 during mMTC usage and dropped to 0.33 under URLLC. A third-party analytics service requests 150 Mbps throughput for 30 seconds with a latency SLA of 10 ms, offering $120 compensation. The UAV’s battery is at 100% but will deplete at 2% per minute under current load. If edge load exceeds 0.85, the system risks thermal throttling and mission failure. The next 3 turns may see wind increase to 10 m/s, raising edge load by up to 15%. Which option should be selected?",
      "options": {
        "A": "Accept the request; current edge load is 0.36 and URLLC can handle 150 Mbps with 7 ms latency, well under SLA and thermal limit.",
        "B": "Reject the request; even with current metrics, adding 150 Mbps may push edge load to 0.51, and worst-case wind increase could raise it to 0.59, risking throttling in turn 13.",
        "C": "Accept with throttling clause; offer 100 Mbps at 8 ms latency for $80, ensuring edge load stays under 0.45 even with 15% wind-induced load increase.",
        "D": "Delay decision until turn 12; monitor edge load trend and accept only if it remains below 0.40, accepting potential $60 opportunity cost if load rises."
      },
      "correct": "C",
      "reason": "The current edge load of 0. 36 leaves room for growth but must account for worst-case wind-induced 15% load increase over the next three turns. Accepting full 150 Mbps would push load to 0. 51, and with wind, to 0. 59, nearing the 0.",
      "rationale_tag": "WORST_CASE_MARGIN_PROJECTION",
      "difficulty": "very_hard"
    },
    {
      "task_id": "T17",
      "task_name": "Network-Knowledge RAG Augmentation",
      "source_turn": 10,
      "question": "The UAV is operating under icing conditions with wind at 8.5 m/s from 240 degrees, currently at 50m altitude within a geofenced polygon. Network slice is URLLC with 7ms latency, 0.9ms jitter, 0.02% loss, 135 Mbps throughput, and 0.36 edge load. Battery is at 100% but RTL threshold is set to 30%. Historical data shows eMBB slice degraded from 11ms to 15ms latency over two turns, and mMTC slice peaked at 50ms latency with 3% loss. If the next turn projects edge load to increase by 0.08 under URLLC and jitter may rise to 1.5ms under worst-case weather, while eMBB offers 800 Mbps but with 18ms latency and 0.5% loss, which option should be selected to augment RAG prompts under policy constraints and minimize regret over the next two turns?",
      "options": {
        "A": "Stick with URLLC: latency 7ms, jitter 0.9ms, edge load 0.36, throughput 135 Mbps — sufficient for real-time control despite low bandwidth.",
        "B": "Switch to eMBB: latency 18ms, jitter 2.5ms, edge load 0.48, throughput 800 Mbps — better for data-rich RAG but violates SLA if latency exceeds 15ms.",
        "C": "Switch to mMTC: latency 50ms, jitter 15ms, edge load 0.82, throughput 0.8 Mbps — only viable if RAG can tolerate 3% loss and 50ms delay, which it cannot.",
        "D": "Hybrid: use URLLC for control and eMBB for RAG data bursts — but coordination latency adds 5ms overhead and edge load may hit 0.75, risking overload."
      },
      "correct": "A",
      "reason": "URLLC maintains latency under 15ms even with worst-case jitter increase to 1. 5ms and edge load rise to 0. 44. eMBB exceeds SLA latency in worst case and risks 0. 5% loss which corrupts RAG context.",
      "rationale_tag": "WORST_CASE_LATENCY_MARGIN",
      "difficulty": "very_hard"
    },
    {
      "task_id": "T18",
      "task_name": "AI Agent Identity & Onboarding",
      "source_turn": 10,
      "question": "An AI agent operating a UAV in icing conditions must decide its next identity mapping policy for network slice registration under evolving constraints. Current telemetry shows battery at 100%, altitude at 50m within bounds, and geofence compliance. Network slice URLLC has latency 7ms, jitter 0.9ms, loss 0.02%, throughput 135Mbps, edge load 0.36. Previous turn showed mMTC with 50ms latency, 15ms jitter, 3% loss, 0.8Mbps throughput, edge load 0.82. Policy requires maintaining altitude above 10m and returning if battery drops below 30%. If network degradation persists for one more turn, URLLC edge load may rise to 0.45, increasing latency to 10ms with 1.5ms jitter. mMTC may degrade further to 60ms latency, 20ms jitter, 5% loss, 0.5Mbps throughput, edge load 0.90. Which option should be selected?",
      "options": {
        "A": "Register under URLLC with current parameters, accepting 0.36 edge load and 7ms latency, assuming no further degradation.",
        "B": "Switch to mMTC to conserve edge resources, accepting 50ms latency and 3% loss, assuming degradation stabilizes.",
        "C": "Register under URLLC but with a fallback to mMTC if edge load exceeds 0.40 within next turn, accepting 10ms latency under worst case.",
        "D": "Delay registration until next telemetry, risking mission interruption if network fails to recover, assuming current URLLC stability."
      },
      "correct": "C",
      "reason": "Option C minimizes maximum regret by hedging against worst-case edge load increase while preserving low latency. URLLC under worst case still meets SLA for control with 10ms latency, whereas mMTC fails under degradation with 60ms latency and 5% loss. Delaying registration risks mission failure if network degrades further. The fallback mechanism ensures identity mapping adapts without violating safety bounds.",
      "rationale_tag": "WORST_CASE_HEDGING",
      "difficulty": "very_hard"
    },
    {
      "task_id": "T20",
      "task_name": "Agent-to-Agent Communication Management",
      "source_turn": 10,
      "question": "The UAV is currently operating under URLLC slice with 7ms latency, 0.9ms jitter, 0.02% loss, 135Mbps throughput, and 0.36 edge load. Historical data shows that under icing conditions, edge load increases by 0.08 per turn with 90% probability, and latency may spike to 15ms with 30% probability. The mission requires maintaining swarm coordination with sub-10ms latency for collision avoidance over the next 3 turns. Battery is at 100% but will deplete at 2% per turn if streaming thermal feed. Switching to eMBB offers 900Mbps throughput but 15ms latency and 0.51 edge load; mMTC offers 0.8Mbps but 50ms latency and 0.82 edge load. If the next turn’s edge load exceeds 0.75, the network will throttle throughput by 40%. Which option should be selected to minimize maximum regret over the next 3 turns while ensuring swarm safety?",
      "options": {
        "A": "Remain on URLLC; current latency is acceptable and edge load is below 0.75, so no immediate risk.",
        "B": "Switch to eMBB; higher throughput supports thermal streaming and edge load is stable at 0.51, below throttle threshold.",
        "C": "Switch to mMTC; lowest cost and acceptable for non-critical telemetry, though latency exceeds 10ms.",
        "D": "Preemptively switch to eMBB now to avoid future URLLC overload, accepting 15ms latency as a known risk."
      },
      "correct": "A",
      "reason": "URLLC maintains sub-10ms latency which is critical for collision avoidance over the next three turns. Even with a 0. 08 edge load increase per turn, worst-case edge load in turn 13 would be 0. 60, still below the 0. 75 throttle threshold.",
      "rationale_tag": "WORST_CASE_LATENCY_MARGIN",
      "difficulty": "very_hard"
    },
    {
      "task_id": "T21",
      "task_name": "Device-Network Task Offload Arbitration",
      "source_turn": 10,
      "question": "The UAV is currently operating under URLLC slice with 7ms latency, 0.9ms jitter, 0.02% loss, 135Mbps throughput, and 36% edge load. Battery is at 100% but will deplete at 0.8% per minute due to icing conditions. The next AI task requires 120Mbps throughput and must complete within 10 seconds to avoid mission drift. Edge load is projected to rise to 0.45 next turn if no action is taken. If the network degrades to mMTC (50ms latency, 15ms jitter, 3% loss, 0.8Mbps throughput) in turn 11, the task will fail. Offloading to cloud incurs 18ms latency and 200ms jitter with 99.9% reliability but consumes 1.2% battery per task. Local execution uses 0.5% battery but risks 15% task failure due to sensor fusion latency. Which option should be selected?",
      "options": {
        "A": "Offload to edge under current URLLC slice (latency 7ms, throughput 135Mbps, edge_load 0.36) with 0.5% battery cost.",
        "B": "Offload to cloud with 18ms latency, 200ms jitter, 99.9% reliability, and 1.2% battery cost.",
        "C": "Execute locally with 0.5% battery cost but 15% failure risk due to sensor fusion latency.",
        "D": "Wait one turn to see if edge load drops below 0.4, accepting 10% risk of network degradation to mMTC."
      },
      "correct": "A",
      "reason": "Option A minimizes regret by leveraging current URLLC capacity which meets throughput and latency constraints while consuming minimal battery. Option B incurs higher battery cost and jitter that may violate real-time bounds. Option C risks mission failure due to local latency under sensor fusion. Option D invites catastrophic failure if network degrades to mMTC next turn, which is likely given rising edge load and prior pattern. Only A satisfies all constraints under worst-case projection.",
      "rationale_tag": "WORST_CASE_REGRET_MINIMIZATION",
      "difficulty": "very_hard"
    },
    {
      "task_id": "T22",
      "task_name": "Federated / Collaborative Learning Orchestration",
      "source_turn": 8,
      "question": "The UAV swarm is operating under icing conditions with wind at 8.5 m/s and must coordinate federated model updates across edge nodes while preserving battery and network SLAs. Current edge load is 0.82, latency is 50 ms, and throughput is 0.8 Mbps under mMTC slice. Battery is at 100% but RTL threshold is set to 30%. The next 3 turns project edge load increasing to 0.88, latency to 55 ms, and throughput dropping to 0.6 Mbps if mMTC persists. URLLC offers 140 Mbps throughput but only 130 ms latency budget before SLA violation, and eMBB offers 850 Mbps but with 15 ms latency and 0.3% loss. One node requires 120 MB update within 2 turns or model drift exceeds 5%. Which option should be selected?",
      "options": {
        "A": "Schedule federated update over URLLC now, accepting 130 ms latency budget with 0.08% loss, risking SLA if edge load rises to 0.88 next turn.",
        "B": "Delay update for 1 turn to wait for eMBB recovery, risking 5% model drift if network remains degraded, but preserving battery for RTL if needed.",
        "C": "Split update across mMTC and URLLC: 60 MB over mMTC now (0.8 Mbps, 50 ms), 60 MB over URLLC next turn (140 Mbps, 7 ms), accepting 0.82 edge load now and 0.88 next turn.",
        "D": "Abort federated update entirely and enter RTL mode immediately to preserve battery, forfeiting model accuracy for safety under current network conditions."
      },
      "correct": "C",
      "reason": "Option C minimizes maximum regret by distributing load across slices and avoiding single-point failure. It accepts current edge load of 0. 82 but avoids exceeding 0. 88 next turn by splitting the update. The 60 MB over mMTC now uses available throughput without violating latency, and the remainder over URLLC next turn leverages its high throughput while staying under 130 ms budget.",
      "rationale_tag": "MULTI_TURN_REGRET_MINIMIZATION",
      "difficulty": "very_hard"
    },
    {
      "task_id": "T26",
      "task_name": "Trust-Aware Third-Party Agent Exposure",
      "source_turn": 8,
      "question": "The UAV is operating under icing conditions with wind at 8.5 m/s from 240 degrees, currently at 50m altitude within a geofenced polygon. Battery is at 100% but RTL threshold is now set to 30%. Network slice has degraded to mMTC with 50ms latency, 15ms jitter, 3.0% loss, 0.8 Mbps throughput, and 82% edge load. A third-party analytics agent requests full sensor API access for predictive weather routing, promising to reduce future latency by 20% if granted. However, granting access increases edge load by 15% and risks violating SLA if edge load exceeds 90%. The agent’s trust score is 0.72, below the 0.80 threshold for unrestricted access. If network degradation persists for two more turns, edge load may reach 95%. Which option should be selected?",
      "options": {
        "A": "Grant full API access with 5-minute timeout; projected edge load after 2 turns: 97%, SLA violation risk: high, trust score: 0.72",
        "B": "Grant read-only thermal and GNSS access; edge load increase: 5%, projected edge load after 2 turns: 87%, SLA margin: 3%, trust score: 0.72",
        "C": "Deny all access; maintain current edge load at 82%, no SLA risk, but forfeit 20% latency reduction, trust score irrelevant",
        "D": "Grant full access with 1-minute timeout; edge load after 1 turn: 97%, SLA violation risk: certain, trust score: 0.72"
      },
      "correct": "B",
      "reason": "Option B minimizes maximum regret by balancing trust constraints and SLA safety. It accepts partial exposure to gain latency reduction while keeping edge load under 90% even under worst-case projection. Option A and D violate SLA under persistent degradation. Option C forgoes improvement without reducing risk. Trust score remains below threshold but partial access mitigates exposure.",
      "rationale_tag": "WORST_CASE_SLAMARGIN_TRUSTBOUND",
      "difficulty": "very_hard"
    },
    {
      "task_id": "T27",
      "task_name": "Agent Lifecycle & Management",
      "source_turn": 8,
      "question": "The UAV is operating under icing conditions with wind at 8.5 m/s and is currently at 50m altitude with 100% battery. Network slice has degraded to mMTC with 50ms latency, 15ms jitter, 3.0% loss, and 0.8 Mbps throughput at 82% edge load. The operator set RTL threshold at 30% battery, but the next waypoint is 12km away requiring 45 minutes at 18m/s. Projecting battery drain at 1.2% per minute and accounting for 20% margin for wind resistance, the UAV will reach 30% battery in 48 minutes. If network degradation persists, control latency may exceed 60ms, risking collision avoidance failure. A new agent instantiation would require 8 seconds setup time and consume 5% battery, but would operate on URLLC with 8ms latency and 130 Mbps throughput. Which option should be selected?",
      "options": {
        "A": "Maintain current agent; battery will last 48 minutes, sufficient for 45-minute mission, and network may recover to URLLC within 2 turns.",
        "B": "Instantiate new agent; 5% battery cost is acceptable, and URLLC guarantees sub-10ms latency for collision avoidance over next 3 turns.",
        "C": "Abort mission and return to launch; battery at 30% threshold is non-negotiable under policy, and network degradation is irreversible.",
        "D": "Switch to eMBB slice; throughput is higher at 780 Mbps, and latency of 15ms is acceptable for navigation if jitter remains under 5ms."
      },
      "correct": "B",
      "reason": "The current agent will deplete battery to 30% in 48 minutes, which exceeds the 45-minute mission duration by 3 minutes, creating a safety margin risk under wind resistance. Network degradation to mMTC introduces latency above 50ms, which may exceed collision avoidance SLA of 20ms in worst case. Instantiating a new agent incurs 5% battery cost but guarantees URLLC latency under 10ms for the next 3 turns, ensuring safety compliance. Option A fails under worst-case battery and latency projection, while D ignores jitter and loss that degrade control reliability.",
      "rationale_tag": "WORST_CASE_LIFECYCLE_SAFETY",
      "difficulty": "very_hard"
    },
    {
      "task_id": "T28",
      "task_name": "6G Model Training-as-a-Service Decision",
      "source_turn": 10,
      "question": "The UAV is currently operating under URLLC slice with 7ms latency, 0.9ms jitter, 0.02% loss, 135Mbps throughput, and 0.36 edge load. A customer requests immediate LLM fine-tuning requiring 200Mbps sustained throughput and <10ms latency for 300 seconds. Historical data shows edge load increases by 0.08 per turn under training load, and worst-case jitter may spike to 3ms under wind gusts. The UAV battery is at 100% but will deplete 12% per 100 seconds under compute load. If training begins now, the edge load will reach 0.60 by turn 12, exceeding the 0.55 safety threshold. If delayed until turn 13, edge load drops to 0.30 but battery falls to 64%, and throughput may degrade to 110Mbps due to predicted icing. Which option should be selected?",
      "options": {
        "A": "Accept training now: current throughput 135Mbps exceeds 200Mbps requirement by 65Mbps margin, latency is under 10ms, and battery is at 100%.",
        "B": "Delay until turn 13: edge load will be 0.30, below safety threshold, and battery remains above 60%, though throughput may drop to 110Mbps.",
        "C": "Accept training now but cap duration at 150 seconds: reduces edge load to 0.48 by turn 11, keeps battery above 80%, and meets SLA for half the session.",
        "D": "Reject training: current edge load 0.36 is safe, but projected load 0.60 violates SLA by turn 12, and battery depletion under load risks RTL trigger before completion."
      },
      "correct": "D",
      "reason": "Accepting training now risks exceeding the 0. 55 edge load threshold by turn 12, which violates operational safety. Delaying to turn 13 reduces edge load but throughput may fall below 200Mbps, failing the customer SLA. Capping duration still violates SLA for half the session and does not resolve the edge load violation. Rejecting avoids all SLA breaches and preserves battery for critical navigation, minimizing maximum regret across all plausible futures.",
      "rationale_tag": "WORST_CASE_REGRET_MINIMIZATION",
      "difficulty": "very_hard"
    },
    {
      "task_id": "T29",
      "task_name": "Immersive/AR Resource Prioritization",
      "source_turn": 10,
      "question": "The UAV is operating under icing conditions with wind at 8.5 m/s and is currently using URLLC slice with 7 ms latency, 0.9 ms jitter, 0.02% loss, 135 Mbps throughput, and 0.36 edge load. Battery is at 100% but will deplete at 2.5% per minute. The mission requires continuous thermal feed with minimum 100 Mbps throughput and latency under 10 ms for AR overlay. Network degradation has occurred twice in the last 5 turns, with worst-case latency spiking to 50 ms and edge load reaching 0.82. If the next turn sees a 20% increase in edge load and 15% latency degradation, which option minimizes maximum regret over the next two turns while maintaining safety and mission continuity? A: Stay on URLLC with current settings. B: Switch to eMBB with 900 Mbps throughput but 15 ms latency. C: Switch to mMTC with 1.2 Mbps throughput and 45 ms latency. D: Request edge offload to reduce load by 0.15 but risk 5 ms latency penalty.",
      "options": {
        "A": "Stay on URLLC with current settings.",
        "B": "Switch to eMBB with 900 Mbps throughput but 15 ms latency.",
        "C": "Switch to mMTC with 1.2 Mbps throughput and 45 ms latency.",
        "D": "Request edge offload to reduce load by 0.15 but risk 5 ms latency penalty."
      },
      "correct": "D",
      "reason": "Staying on URLLC risks violation if edge load increases by 20% and latency degrades by 15% as projected. eMBB exceeds latency SLA of 10 ms even at current state. mMTC fails throughput and latency requirements outright. Edge offload reduces load to 0. 21 and maintains latency under 12 ms even under worst-case degradation, preserving mission continuity with minimal regret over two turns.",
      "rationale_tag": "WORST_CASE_REGRET_MINIMIZATION",
      "difficulty": "very_hard"
    },
    {
      "task_id": "T30",
      "task_name": "Network Security Detection & Response Automation",
      "source_turn": 8,
      "question": "At turn 8, the UAV is operating under mMTC slice with latency 50ms, jitter 15ms, packet loss 3.0%, throughput 0.8Mbps, and edge load 0.82. The policy mandates SLA latency < 20ms and loss < 1.0% for safety-critical control. A degradation trend shows edge load increasing 0.04 per turn since turn 5. If the UAV continues on mMTC, worst-case latency may reach 65ms by turn 10. Switching to URLLC now would incur 120ms handover delay but guarantee latency ≤ 10ms and loss ≤ 0.1% thereafter. Alternatively, staying on mMTC with throttled control commands may reduce load by 0.05 per turn but risks violating SLA in 2 turns. A third option is to initiate emergency RTL at 30% battery, which is currently 100% but depletes at 8% per turn under current load. Which option should be selected?",
      "options": {
        "A": "Switch to URLLC immediately despite 120ms handover delay, ensuring SLA compliance for next 3 turns.",
        "B": "Stay on mMTC with throttled commands, projecting edge load to drop to 0.72 by turn 10, risking SLA violation if trend reverses.",
        "C": "Initiate emergency RTL now, sacrificing mission to preserve safety, with battery lasting 8.75 turns at current depletion rate.",
        "D": "Wait one turn to observe if edge load stabilizes, accepting 50ms latency and 3.0% loss for one more turn before deciding."
      },
      "correct": "A",
      "reason": "Switching to URLLC immediately incurs a one-time 120ms penalty but guarantees SLA compliance for the next three turns under worst-case projections. Staying on mMTC risks SLA violation within two turns even with throttling, as edge load remains above 0. 7 and jitter exceeds 10ms. Emergency RTL is premature since battery is at 100% and depletion rate allows 8. 75 turns, making it a high-regret option.",
      "rationale_tag": "WORST_CASE_SLA_COMPLIANCE",
      "difficulty": "very_hard"
    }
  ]
}