{
  "initial_state": {
    "domain": "uav",
    "time_s": 0.0,
    "env": {
      "weather": "snow",
      "wind_mps": 6.0,
      "wind_dir_deg": 270.0
    },
    "airspace": {
      "alt_bounds": [
        0.0,
        300.0
      ],
      "geofence": [
        {
          "type": "polygon",
          "points": [
            [
              0,
              0
            ],
            [
              1000,
              0
            ],
            [
              1000,
              800
            ],
            [
              0,
              800
            ]
          ]
        }
      ]
    },
    "uav": {
      "pose": {
        "x": 100.0,
        "y": 300.0,
        "z": 150.0,
        "yaw": 90.0
      },
      "speed_mps": 65.0,
      "energy": {
        "battery_pct": 100.0
      },
      "sensors": {
        "rgb": "ok",
        "thermal": "offline",
        "lidar": "ok",
        "radar": "offline",
        "gnss": "ok",
        "imu": "ok",
        "magnetometer": "ok",
        "barometer": "ok"
      },
      "payloads": []
    },
    "policy": {
      "alt_bounds": [
        0.0,
        300.0
      ]
    },
    "safety_flags": {
      "nfz_violation": false,
      "separation_breach": false
    }
  },
  "dialogue": [
    {
      "turn": 1,
      "speaker": "agent",
      "intent": "initiate mission and check telemetry",
      "actions": [
        {
          "type": "mcp",
          "name": "read_telemetry",
          "args": {}
        }
      ],
      "obs": [
        {
          "tool": "read_telemetry",
          "result": {
            "pose": {
              "x": 100.0,
              "y": 300.0,
              "z": 150.0,
              "yaw": 90.0
            },
            "speed_mps": 65.0,
            "battery_pct": 100.0,
            "sensors": {
              "gnss": "ok",
              "imu": "ok"
            }
          }
        }
      ],
      "net": {
        "slice": "eMBB",
        "lat_ms": 12,
        "jitter_ms": 2,
        "loss_pct": 0.1,
        "throughput_mbps": 850,
        "edge_load": 0.4
      }
    },
    {
      "turn": 2,
      "speaker": "user",
      "intent": "confirm readiness and request status",
      "actions": [
        {
          "type": "mcp",
          "name": "get_uav_status",
          "args": {}
        }
      ],
      "obs": [
        {
          "tool": "get_uav_status",
          "result": {
            "mode": "loiter",
            "battery_pct": 100.0,
            "payloads": [],
            "faults": []
          }
        }
      ],
      "net": {
        "slice": "eMBB",
        "lat_ms": 11,
        "jitter_ms": 1.8,
        "loss_pct": 0.05,
        "throughput_mbps": 870,
        "edge_load": 0.42
      }
    },
    {
      "turn": 3,
      "speaker": "agent",
      "intent": "request swarm coordination for path planning",
      "actions": [
        {
          "type": "a2a",
          "task": "path_plan_request",
          "to": "uav_swarm_agent",
          "payload": {
            "destination": {
              "x": 900,
              "y": 700,
              "z": 120
            },
            "priority": "high"
          }
        }
      ],
      "obs": [
        {
          "task": "path_plan_request",
          "from": "uav_swarm_agent",
          "status": "ok",
          "payload": {
            "waypoints": [
              {
                "x": 300,
                "y": 400,
                "z": 130
              },
              {
                "x": 600,
                "y": 550,
                "z": 125
              },
              {
                "x": 900,
                "y": 700,
                "z": 120
              }
            ],
            "eta_s": 142
          }
        }
      ],
      "net": {
        "slice": "URLLC",
        "lat_ms": 8,
        "jitter_ms": 0.9,
        "loss_pct": 0.01,
        "throughput_mbps": 120,
        "edge_load": 0.3
      }
    },
    {
      "turn": 4,
      "speaker": "user",
      "intent": "approve flight plan and initiate movement",
      "actions": [
        {
          "type": "mcp",
          "name": "set_waypoints",
          "args": {
            "waypoints": [
              {
                "x": 300,
                "y": 400,
                "z": 130
              },
              {
                "x": 600,
                "y": 550,
                "z": 125
              },
              {
                "x": 900,
                "y": 700,
                "z": 120
              }
            ]
          }
        }
      ],
      "obs": [
        {
          "tool": "set_waypoints",
          "result": {
            "status": "accepted",
            "execution_time_s": 142
          }
        }
      ],
      "net": {
        "slice": "URLLC",
        "lat_ms": 7,
        "jitter_ms": 0.8,
        "loss_pct": 0.02,
        "throughput_mbps": 110,
        "edge_load": 0.35
      }
    },
    {
      "turn": 5,
      "speaker": "agent",
      "intent": "monitor telemetry during transit",
      "actions": [
        {
          "type": "mcp",
          "name": "read_telemetry",
          "args": {}
        }
      ],
      "obs": [
        {
          "tool": "read_telemetry",
          "result": {
            "pose": {
              "x": 305.2,
              "y": 402.1,
              "z": 129.8,
              "yaw": 88.5
            },
            "speed_mps": 63.4,
            "battery_pct": 98.7,
            "sensors": {
              "lidar": "ok",
              "gnss": "ok"
            }
          }
        }
      ],
      "net": {
        "slice": "eMBB",
        "lat_ms": 15,
        "jitter_ms": 3,
        "loss_pct": 0.2,
        "throughput_mbps": 800,
        "edge_load": 0.5
      }
    },
    {
      "turn": 6,
      "speaker": "user",
      "intent": "check for nearby UAVs due to snow visibility",
      "actions": [
        {
          "type": "a2a",
          "task": "proximity_scan",
          "to": "uav_swarm_agent",
          "payload": {
            "radius_m": 300
          }
        }
      ],
      "obs": [
        {
          "task": "proximity_scan",
          "from": "uav_swarm_agent",
          "status": "ok",
          "payload": {
            "nearby_uavs": [
              {
                "id": "uav-7",
                "distance_m": 245,
                "bearing_deg": 120,
                "altitude_m": 135
              }
            ],
            "separation_safe": true
          }
        }
      ],
      "net": {
        "slice": "mMTC",
        "lat_ms": 25,
        "jitter_ms": 10,
        "loss_pct": 1.5,
        "throughput_mbps": 1.2,
        "edge_load": 0.6
      }
    },
    {
      "turn": 7,
      "speaker": "agent",
      "intent": "adapt to degraded network by reducing sensor usage",
      "actions": [
        {
          "type": "mcp",
          "name": "disable_sensor",
          "args": {
            "sensor": "rgb"
          }
        }
      ],
      "obs": [
        {
          "tool": "disable_sensor",
          "result": {
            "sensor": "rgb",
            "status": "disabled"
          }
        }
      ],
      "net": {
        "slice": "mMTC",
        "lat_ms": 30,
        "jitter_ms": 12,
        "loss_pct": 2.1,
        "throughput_mbps": 0.9,
        "edge_load": 0.7
      }
    },
    {
      "turn": 8,
      "speaker": "user",
      "intent": "re-enable critical sensor and check battery",
      "actions": [
        {
          "type": "mcp",
          "name": "enable_sensor",
          "args": {
            "sensor": "radar"
          }
        },
        {
          "type": "mcp",
          "name": "read_telemetry",
          "args": {}
        }
      ],
      "obs": [
        {
          "tool": "enable_sensor",
          "result": {
            "sensor": "radar",
            "status": "enabled"
          }
        },
        {
          "tool": "read_telemetry",
          "result": {
            "pose": {
              "x": 605.1,
              "y": 552.3,
              "z": 124.9,
              "yaw": 89.2
            },
            "speed_mps": 64.1,
            "battery_pct": 96.3,
            "sensors": {
              "radar": "ok",
              "gnss": "ok"
            }
          }
        }
      ],
      "net": {
        "slice": "URLLC",
        "lat_ms": 9,
        "jitter_ms": 1.1,
        "loss_pct": 0.03,
        "throughput_mbps": 100,
        "edge_load": 0.4
      }
    },
    {
      "turn": 9,
      "speaker": "agent",
      "intent": "prepare for landing approach",
      "actions": [
        {
          "type": "mcp",
          "name": "set_altitude",
          "args": {
            "z": 50.0
          }
        }
      ],
      "obs": [
        {
          "tool": "set_altitude",
          "result": {
            "target_z": 50.0,
            "status": "executing"
          }
        }
      ],
      "net": {
        "slice": "URLLC",
        "lat_ms": 7,
        "jitter_ms": 0.7,
        "loss_pct": 0.01,
        "throughput_mbps": 130,
        "edge_load": 0.3
      }
    },
    {
      "turn": 10,
      "speaker": "user",
      "intent": "confirm safe descent and geofence compliance",
      "actions": [
        {
          "type": "mcp",
          "name": "check_geofence",
          "args": {}
        }
      ],
      "obs": [
        {
          "tool": "check_geofence",
          "result": {
            "inside": true,
            "violation": false
          }
        }
      ],
      "net": {
        "slice": "URLLC",
        "lat_ms": 6,
        "jitter_ms": 0.6,
        "loss_pct": 0.0,
        "throughput_mbps": 140,
        "edge_load": 0.25
      }
    },
    {
      "turn": 11,
      "speaker": "agent",
      "intent": "report mission completion",
      "actions": [
        {
          "type": "mcp",
          "name": "land_uav",
          "args": {
            "target": "runway"
          }
        }
      ],
      "obs": [
        {
          "tool": "land_uav",
          "result": {
            "status": "completed",
            "touchdown_pose": {
              "x": 900.0,
              "y": 700.0,
              "z": 0.0
            },
            "battery_pct": 94.1
          }
        }
      ],
      "net": {
        "slice": "URLLC",
        "lat_ms": 5,
        "jitter_ms": 0.5,
        "loss_pct": 0.0,
        "throughput_mbps": 150,
        "edge_load": 0.2
      }
    }
  ],
  "final_state": {
    "domain": "uav",
    "time_s": 150.0,
    "env": {
      "weather": "snow",
      "wind_mps": 6.0,
      "wind_dir_deg": 270.0
    },
    "airspace": {
      "alt_bounds": [
        0.0,
        300.0
      ],
      "geofence": [
        {
          "type": "polygon",
          "points": [
            [
              0,
              0
            ],
            [
              1000,
              0
            ],
            [
              1000,
              800
            ],
            [
              0,
              800
            ]
          ]
        }
      ]
    },
    "uav": {
      "pose": {
        "x": 900.0,
        "y": 700.0,
        "z": 0.0,
        "yaw": 89.2
      },
      "speed_mps": 0.0,
      "energy": {
        "battery_pct": 94.1
      },
      "sensors": {
        "rgb": "disabled",
        "thermal": "offline",
        "lidar": "ok",
        "radar": "ok",
        "gnss": "ok",
        "imu": "ok",
        "magnetometer": "ok",
        "barometer": "ok"
      },
      "payloads": []
    },
    "policy": {
      "alt_bounds": [
        0.0,
        300.0
      ]
    },
    "safety_flags": {
      "nfz_violation": false,
      "separation_breach": false
    }
  },
  "success": true,
  "_meta": {
    "seed": 42,
    "ts": 1764020785,
    "ts_iso": "2025-11-24T21:46:25Z",
    "gen_time_s": 50.02012348175049,
    "attempts_used": 1,
    "generation_failed": false,
    "usage": {
      "prompt_tokens": 1051,
      "completion_tokens": 3577,
      "total_tokens": 4628,
      "cost": 0.00302418,
      "is_byok": false,
      "prompt_tokens_details": {
        "cached_tokens": 624,
        "audio_tokens": 0,
        "video_tokens": 0
      },
      "cost_details": {
        "upstream_inference_cost": null,
        "upstream_inference_prompt_cost": 0.00016258,
        "upstream_inference_completions_cost": 0.0028616
      },
      "completion_tokens_details": {
        "reasoning_tokens": 0,
        "image_tokens": 0
      }
    }
  }
}