{
  "initial_state": {
    "domain": "uav",
    "time_s": 0.0,
    "env": {
      "weather": "lightning_risk",
      "wind_mps": 6.0,
      "wind_dir_deg": 240.0
    },
    "airspace": {
      "alt_bounds": [
        10.0,
        120.0
      ],
      "geofence": [
        {
          "type": "polygon",
          "points": [
            [
              0,
              0
            ],
            [
              0,
              300
            ],
            [
              250,
              300
            ],
            [
              250,
              0
            ]
          ]
        }
      ]
    },
    "uav": {
      "pose": {
        "x": 50.0,
        "y": 50.0,
        "z": 20.0,
        "yaw": 90.0
      },
      "speed_mps": 18.0,
      "energy": {
        "battery_pct": 100.0
      },
      "sensors": {
        "rgb": "ok",
        "thermal": "offline",
        "lidar": "ok",
        "radar": "offline",
        "gnss": "ok",
        "imu": "ok",
        "magnetometer": "ok",
        "barometer": "ok"
      },
      "payloads": []
    },
    "policy": {
      "alt_bounds": [
        10.0,
        120.0
      ]
    },
    "safety_flags": {
      "nfz_violation": false,
      "separation_breach": false
    }
  },
  "dialogue": [
    {
      "turn": 1,
      "speaker": "agent",
      "intent": "initiate_mission_and_check_status",
      "actions": [
        {
          "type": "mcp",
          "name": "read_telemetry",
          "args": {}
        },
        {
          "type": "mcp",
          "name": "check_sensors",
          "args": {}
        }
      ],
      "obs": [
        {
          "tool": "read_telemetry",
          "result": {
            "pose": {
              "x": 50.0,
              "y": 50.0,
              "z": 20.0,
              "yaw": 90.0
            },
            "speed_mps": 18.0,
            "battery_pct": 100.0
          }
        },
        {
          "tool": "check_sensors",
          "result": {
            "status": "partial",
            "offline": [
              "thermal",
              "radar"
            ]
          }
        }
      ],
      "net": {
        "slice": "eMBB",
        "lat_ms": 12,
        "jitter_ms": 2,
        "loss_pct": 0.1,
        "throughput_mbps": 850,
        "edge_load": 0.35
      }
    },
    {
      "turn": 2,
      "speaker": "user",
      "intent": "approve_mission_with_caution",
      "actions": [
        {
          "type": "mcp",
          "name": "update_policy",
          "args": {
            "alt_bounds": [
              20.0,
              100.0
            ]
          }
        }
      ],
      "obs": [
        {
          "tool": "update_policy",
          "result": {
            "alt_bounds": [
              20.0,
              100.0
            ],
            "status": "applied"
          }
        }
      ],
      "net": {
        "slice": "eMBB",
        "lat_ms": 11,
        "jitter_ms": 1.8,
        "loss_pct": 0.05,
        "throughput_mbps": 870,
        "edge_load": 0.37
      }
    },
    {
      "turn": 3,
      "speaker": "agent",
      "intent": "request_swarm_coordination",
      "actions": [
        {
          "type": "a2a",
          "task": "collision_avoidance",
          "to": "uav_swarm_agent",
          "payload": {
            "current_pose": {
              "x": 50.0,
              "y": 50.0,
              "z": 20.0
            },
            "route": [
              [
                100,
                100
              ],
              [
                200,
                250
              ]
            ]
          }
        }
      ],
      "obs": [
        {
          "task": "collision_avoidance",
          "from": "uav_swarm_agent",
          "status": "ok",
          "payload": {
            "safe": true,
            "suggested_alt": 35.0
          }
        }
      ],
      "net": {
        "slice": "URLLC",
        "lat_ms": 5,
        "jitter_ms": 0.5,
        "loss_pct": 0.01,
        "throughput_mbps": 120,
        "edge_load": 0.2
      }
    },
    {
      "turn": 4,
      "speaker": "user",
      "intent": "request_thermal_diagnostic",
      "actions": [
        {
          "type": "mcp",
          "name": "diagnose_sensor",
          "args": {
            "sensor": "thermal"
          }
        }
      ],
      "obs": [
        {
          "tool": "diagnose_sensor",
          "result": {
            "sensor": "thermal",
            "diagnosis": "hardware_fault",
            "repairable": false
          }
        }
      ],
      "net": {
        "slice": "mMTC",
        "lat_ms": 50,
        "jitter_ms": 10,
        "loss_pct": 1.2,
        "throughput_mbps": 1.5,
        "edge_load": 0.85
      }
    },
    {
      "turn": 5,
      "speaker": "agent",
      "intent": "adjust_route_for_weather",
      "actions": [
        {
          "type": "mcp",
          "name": "query_weather_risk",
          "args": {
            "target_area": [
              150,
              200
            ]
          }
        }
      ],
      "obs": [
        {
          "tool": "query_weather_risk",
          "result": {
            "risk_level": "high",
            "advisory": "avoid area within 50m radius"
          }
        }
      ],
      "net": {
        "slice": "URLLC",
        "lat_ms": 6,
        "jitter_ms": 0.7,
        "loss_pct": 0.02,
        "throughput_mbps": 110,
        "edge_load": 0.4
      }
    },
    {
      "turn": 6,
      "speaker": "user",
      "intent": "authorize_route_change",
      "actions": [
        {
          "type": "mcp",
          "name": "update_flight_plan",
          "args": {
            "waypoints": [
              [
                100,
                100
              ],
              [
                180,
                220
              ]
            ]
          }
        }
      ],
      "obs": [
        {
          "tool": "update_flight_plan",
          "result": {
            "status": "updated",
            "waypoints": [
              [
                100,
                100
              ],
              [
                180,
                220
              ]
            ]
          }
        }
      ],
      "net": {
        "slice": "eMBB",
        "lat_ms": 14,
        "jitter_ms": 3,
        "loss_pct": 0.2,
        "throughput_mbps": 800,
        "edge_load": 0.45
      }
    },
    {
      "turn": 7,
      "speaker": "agent",
      "intent": "perform_mapping_with_lidar",
      "actions": [
        {
          "type": "mcp",
          "name": "activate_sensor",
          "args": {
            "sensor": "lidar"
          }
        },
        {
          "type": "mcp",
          "name": "capture_point_cloud",
          "args": {
            "resolution": "high"
          }
        }
      ],
      "obs": [
        {
          "tool": "activate_sensor",
          "result": {
            "sensor": "lidar",
            "status": "active"
          }
        },
        {
          "tool": "capture_point_cloud",
          "result": {
            "points": 1250000,
            "coverage_area_m2": 7500,
            "status": "complete"
          }
        }
      ],
      "net": {
        "slice": "eMBB",
        "lat_ms": 13,
        "jitter_ms": 2.5,
        "loss_pct": 0.15,
        "throughput_mbps": 820,
        "edge_load": 0.5
      }
    },
    {
      "turn": 8,
      "speaker": "user",
      "intent": "request_data_summary",
      "actions": [
        {
          "type": "mcp",
          "name": "summarize_data",
          "args": {
            "include": [
              "lidar",
              "rgb"
            ]
          }
        }
      ],
      "obs": [
        {
          "tool": "summarize_data",
          "result": {
            "lidar_coverage": "98%",
            "rgb_quality": "high",
            "anomalies_detected": 3
          }
        }
      ],
      "net": {
        "slice": "eMBB",
        "lat_ms": 16,
        "jitter_ms": 4,
        "loss_pct": 0.3,
        "throughput_mbps": 780,
        "edge_load": 0.6
      }
    },
    {
      "turn": 9,
      "speaker": "agent",
      "intent": "detect_anomaly_and_report",
      "actions": [
        {
          "type": "mcp",
          "name": "analyze_anomaly",
          "args": {
            "id": 1,
            "type": "thermal_source"
          }
        }
      ],
      "obs": [
        {
          "tool": "analyze_anomaly",
          "result": {
            "id": 1,
            "classification": "wildfire_start",
            "confidence": 0.94,
            "location": {
              "x": 178.2,
              "y": 218.7
            }
          }
        }
      ],
      "net": {
        "slice": "URLLC",
        "lat_ms": 7,
        "jitter_ms": 1.0,
        "loss_pct": 0.05,
        "throughput_mbps": 100,
        "edge_load": 0.55
      }
    },
    {
      "turn": 10,
      "speaker": "user",
      "intent": "initiate_emergency_protocol",
      "actions": [
        {
          "type": "a2a",
          "task": "alert_fire_response",
          "to": "ground_control",
          "payload": {
            "event": "wildfire_start",
            "location": {
              "x": 178.2,
              "y": 218.7
            },
            "confidence": 0.94
          }
        }
      ],
      "obs": [
        {
          "task": "alert_fire_response",
          "from": "ground_control",
          "status": "acknowledged",
          "payload": {
            "response_team": "dispatched",
            "eta_min": 8
          }
        }
      ],
      "net": {
        "slice": "URLLC",
        "lat_ms": 4,
        "jitter_ms": 0.3,
        "loss_pct": 0.01,
        "throughput_mbps": 130,
        "edge_load": 0.15
      }
    },
    {
      "turn": 11,
      "speaker": "agent",
      "intent": "return_to_base_due_to_risk",
      "actions": [
        {
          "type": "mcp",
          "name": "compute_return_path",
          "args": {
            "origin": [
              180,
              220
            ],
            "destination": [
              50,
              50
            ]
          }
        },
        {
          "type": "mcp",
          "name": "execute_return",
          "args": {}
        }
      ],
      "obs": [
        {
          "tool": "compute_return_path",
          "result": {
            "waypoints": [
              [
                150,
                180
              ],
              [
                100,
                100
              ],
              [
                50,
                50
              ]
            ],
            "distance_m": 210,
            "estimated_time_s": 12
          }
        },
        {
          "tool": "execute_return",
          "result": {
            "status": "in_progress",
            "start_pose": {
              "x": 180,
              "y": 220,
              "z": 35.0
            }
          }
        }
      ],
      "net": {
        "slice": "URLLC",
        "lat_ms": 5,
        "jitter_ms": 0.6,
        "loss_pct": 0.03,
        "throughput_mbps": 115,
        "edge_load": 0.25
      }
    },
    {
      "turn": 12,
      "speaker": "user",
      "intent": "confirm_mission_completion",
      "actions": [
        {
          "type": "mcp",
          "name": "land_uav",
          "args": {
            "safe_zone": true
          }
        }
      ],
      "obs": [
        {
          "tool": "land_uav",
          "result": {
            "status": "landed",
            "final_pose": {
              "x": 50.0,
              "y": 50.0,
              "z": 0.0
            },
            "battery_pct": 78.0
          }
        }
      ],
      "net": {
        "slice": "URLLC",
        "lat_ms": 4,
        "jitter_ms": 0.2,
        "loss_pct": 0.01,
        "throughput_mbps": 140,
        "edge_load": 0.1
      }
    }
  ],
  "final_state": {
    "domain": "uav",
    "time_s": 145.0,
    "env": {
      "weather": "lightning_risk",
      "wind_mps": 6.5,
      "wind_dir_deg": 245.0
    },
    "airspace": {
      "alt_bounds": [
        10.0,
        120.0
      ],
      "geofence": [
        {
          "type": "polygon",
          "points": [
            [
              0,
              0
            ],
            [
              0,
              300
            ],
            [
              250,
              300
            ],
            [
              250,
              0
            ]
          ]
        }
      ]
    },
    "uav": {
      "pose": {
        "x": 50.0,
        "y": 50.0,
        "z": 0.0,
        "yaw": 90.0
      },
      "speed_mps": 0.0,
      "energy": {
        "battery_pct": 78.0
      },
      "sensors": {
        "rgb": "ok",
        "thermal": "offline",
        "lidar": "ok",
        "radar": "offline",
        "gnss": "ok",
        "imu": "ok",
        "magnetometer": "ok",
        "barometer": "ok"
      },
      "payloads": []
    },
    "policy": {
      "alt_bounds": [
        20.0,
        100.0
      ]
    },
    "safety_flags": {
      "nfz_violation": false,
      "separation_breach": false
    }
  },
  "success": true,
  "_meta": {
    "seed": 42,
    "ts": 1763866061,
    "ts_iso": "2025-11-23T02:47:41Z",
    "gen_time_s": 129.40262651443481,
    "attempts_used": 2,
    "generation_failed": false,
    "usage": {
      "prompt_tokens": 1094,
      "completion_tokens": 3657,
      "total_tokens": 4751,
      "cost": 0.0030994,
      "is_byok": false,
      "prompt_tokens_details": {
        "cached_tokens": 608,
        "audio_tokens": 0,
        "video_tokens": 0
      },
      "cost_details": {
        "upstream_inference_cost": null,
        "upstream_inference_prompt_cost": 0.0001738,
        "upstream_inference_completions_cost": 0.0029256
      },
      "completion_tokens_details": {
        "reasoning_tokens": 0,
        "image_tokens": 0
      }
    }
  }
}