{
  "initial_state": {
    "domain": "uav",
    "time_s": 0.0,
    "env": {
      "weather": "dust",
      "wind_mps": 6.0,
      "wind_dir_deg": 180.0
    },
    "airspace": {
      "alt_bounds": [
        5.0,
        120.0
      ],
      "geofence": [
        {
          "type": "polygon",
          "points": [
            [
              0.0,
              0.0
            ],
            [
              200.0,
              0.0
            ],
            [
              200.0,
              150.0
            ],
            [
              0.0,
              150.0
            ]
          ]
        }
      ]
    },
    "uav": {
      "pose": {
        "x": 10.0,
        "y": 10.0,
        "z": 25.0,
        "yaw": 90.0
      },
      "speed_mps": 22.0,
      "energy": {
        "battery_pct": 100.0
      },
      "sensors": {
        "rgb": "ok",
        "thermal": "offline",
        "lidar": "ok",
        "radar": "offline",
        "gnss": "ok",
        "imu": "ok",
        "magnetometer": "ok",
        "barometer": "ok"
      },
      "payloads": []
    },
    "policy": {
      "alt_bounds": [
        5.0,
        120.0
      ]
    },
    "safety_flags": {
      "nfz_violation": false,
      "separation_breach": false
    }
  },
  "dialogue": [
    {
      "turn": 1,
      "speaker": "agent",
      "intent": "initiate_survey_mission",
      "actions": [
        {
          "type": "mcp",
          "name": "read_telemetry",
          "args": {}
        },
        {
          "type": "a2a",
          "task": "request_swarm_coverage",
          "to": "uav_swarm_agent",
          "payload": {
            "area": [
              [
                50.0,
                50.0
              ],
              [
                150.0,
                50.0
              ],
              [
                150.0,
                100.0
              ],
              [
                50.0,
                100.0
              ]
            ],
            "priority": "high"
          }
        }
      ],
      "obs": [
        {
          "tool": "read_telemetry",
          "result": {
            "pose": {
              "x": 10.0,
              "y": 10.0,
              "z": 25.0
            },
            "battery_pct": 100.0,
            "speed_mps": 22.0
          }
        },
        {
          "task": "request_swarm_coverage",
          "from": "uav_swarm_agent",
          "status": "acknowledged",
          "payload": {
            "assigned_subarea": [
              [
                50.0,
                50.0
              ],
              [
                100.0,
                50.0
              ],
              [
                100.0,
                100.0
              ],
              [
                50.0,
                100.0
              ]
            ]
          }
        }
      ],
      "net": {
        "slice": "eMBB",
        "lat_ms": 12,
        "jitter_ms": 2,
        "loss_pct": 0.1,
        "throughput_mbps": 850,
        "edge_load": 0.3
      }
    },
    {
      "turn": 2,
      "speaker": "user",
      "intent": "approve_mission",
      "actions": [
        {
          "type": "mcp",
          "name": "set_waypoint",
          "args": {
            "x": 50.0,
            "y": 50.0,
            "z": 40.0
          }
        }
      ],
      "obs": [
        {
          "tool": "set_waypoint",
          "result": {
            "status": "accepted",
            "eta_s": 65
          }
        }
      ],
      "net": {
        "slice": "eMBB",
        "lat_ms": 11,
        "jitter_ms": 1.8,
        "loss_pct": 0.05,
        "throughput_mbps": 900,
        "edge_load": 0.32
      }
    },
    {
      "turn": 3,
      "speaker": "agent",
      "intent": "navigate_to_survey_start",
      "actions": [
        {
          "type": "mcp",
          "name": "read_telemetry",
          "args": {}
        },
        {
          "type": "mcp",
          "name": "activate_sensor",
          "args": {
            "sensor": "lidar"
          }
        }
      ],
      "obs": [
        {
          "tool": "read_telemetry",
          "result": {
            "pose": {
              "x": 30.0,
              "y": 30.0,
              "z": 35.0
            },
            "battery_pct": 98.7,
            "speed_mps": 20.0
          }
        },
        {
          "tool": "activate_sensor",
          "result": {
            "sensor": "lidar",
            "status": "active"
          }
        }
      ],
      "net": {
        "slice": "eMBB",
        "lat_ms": 13,
        "jitter_ms": 2.1,
        "loss_pct": 0.12,
        "throughput_mbps": 880,
        "edge_load": 0.35
      }
    },
    {
      "turn": 4,
      "speaker": "user",
      "intent": "request_status_update",
      "actions": [
        {
          "type": "mcp",
          "name": "read_telemetry",
          "args": {}
        }
      ],
      "obs": [
        {
          "tool": "read_telemetry",
          "result": {
            "pose": {
              "x": 48.0,
              "y": 49.0,
              "z": 40.0
            },
            "battery_pct": 97.5,
            "speed_mps": 18.0
          }
        }
      ],
      "net": {
        "slice": "URLLC",
        "lat_ms": 5,
        "jitter_ms": 0.8,
        "loss_pct": 0.01,
        "throughput_mbps": 120,
        "edge_load": 0.4
      }
    },
    {
      "turn": 5,
      "speaker": "agent",
      "intent": "begin_survey_scan",
      "actions": [
        {
          "type": "mcp",
          "name": "start_lidar_scan",
          "args": {
            "resolution_cm": 10,
            "duration_s": 120
          }
        },
        {
          "type": "a2a",
          "task": "coordinate_scan_overlap",
          "to": "uav_swarm_agent",
          "payload": {
            "scan_area": [
              [
                50.0,
                50.0
              ],
              [
                100.0,
                50.0
              ],
              [
                100.0,
                100.0
              ],
              [
                50.0,
                100.0
              ]
            ],
            "overlap_m": 5.0
          }
        }
      ],
      "obs": [
        {
          "tool": "start_lidar_scan",
          "result": {
            "status": "in_progress",
            "estimated_completion": 120
          }
        },
        {
          "task": "coordinate_scan_overlap",
          "from": "uav_swarm_agent",
          "status": "confirmed",
          "payload": {
            "adjusted_overlap": 5.0
          }
        }
      ],
      "net": {
        "slice": "URLLC",
        "lat_ms": 6,
        "jitter_ms": 0.9,
        "loss_pct": 0.02,
        "throughput_mbps": 110,
        "edge_load": 0.42
      }
    },
    {
      "turn": 6,
      "speaker": "user",
      "intent": "report_network_anomaly",
      "actions": [
        {
          "type": "mcp",
          "name": "diagnose_network",
          "args": {}
        }
      ],
      "obs": [
        {
          "tool": "diagnose_network",
          "result": {
            "current_slice": "mMTC",
            "lat_ms": 120,
            "loss_pct": 8.5,
            "cause": "dust_interference",
            "recommendation": "switch_to_low_bandwidth_mode"
          }
        }
      ],
      "net": {
        "slice": "mMTC",
        "lat_ms": 120,
        "jitter_ms": 15,
        "loss_pct": 8.5,
        "throughput_mbps": 1.2,
        "edge_load": 0.85
      }
    },
    {
      "turn": 7,
      "speaker": "agent",
      "intent": "adapt_to_network_degradation",
      "actions": [
        {
          "type": "mcp",
          "name": "reduce_sensor_sampling",
          "args": {
            "sensor": "lidar",
            "rate_hz": 5
          }
        },
        {
          "type": "a2a",
          "task": "request_data_relay",
          "to": "uav_relay_agent",
          "payload": {
            "data_type": "lidar_summary",
            "priority": "medium"
          }
        }
      ],
      "obs": [
        {
          "tool": "reduce_sensor_sampling",
          "result": {
            "sensor": "lidar",
            "rate_hz": 5,
            "status": "adjusted"
          }
        },
        {
          "task": "request_data_relay",
          "from": "uav_relay_agent",
          "status": "accepted",
          "payload": {
            "relay_eta_s": 45
          }
        }
      ],
      "net": {
        "slice": "mMTC",
        "lat_ms": 115,
        "jitter_ms": 18,
        "loss_pct": 7.8,
        "throughput_mbps": 1.5,
        "edge_load": 0.82
      }
    },
    {
      "turn": 8,
      "speaker": "user",
      "intent": "authorize_return_if_unstable",
      "actions": [
        {
          "type": "mcp",
          "name": "read_telemetry",
          "args": {}
        }
      ],
      "obs": [
        {
          "tool": "read_telemetry",
          "result": {
            "pose": {
              "x": 75.0,
              "y": 75.0,
              "z": 40.0
            },
            "battery_pct": 95.2,
            "speed_mps": 15.0
          }
        }
      ],
      "net": {
        "slice": "URLLC",
        "lat_ms": 7,
        "jitter_ms": 1.0,
        "loss_pct": 0.03,
        "throughput_mbps": 100,
        "edge_load": 0.5
      }
    },
    {
      "turn": 9,
      "speaker": "agent",
      "intent": "complete_scan_and_prepare_return",
      "actions": [
        {
          "type": "mcp",
          "name": "stop_lidar_scan",
          "args": {}
        },
        {
          "type": "mcp",
          "name": "set_waypoint",
          "args": {
            "x": 10.0,
            "y": 10.0,
            "z": 30.0
          }
        }
      ],
      "obs": [
        {
          "tool": "stop_lidar_scan",
          "result": {
            "status": "completed",
            "data_saved": true
          }
        },
        {
          "tool": "set_waypoint",
          "result": {
            "status": "accepted",
            "eta_s": 90
          }
        }
      ],
      "net": {
        "slice": "URLLC",
        "lat_ms": 6,
        "jitter_ms": 0.9,
        "loss_pct": 0.01,
        "throughput_mbps": 115,
        "edge_load": 0.48
      }
    },
    {
      "turn": 10,
      "speaker": "user",
      "intent": "confirm_return",
      "actions": [
        {
          "type": "mcp",
          "name": "acknowledge_return",
          "args": {}
        }
      ],
      "obs": [
        {
          "tool": "acknowledge_return",
          "result": {
            "status": "confirmed"
          }
        }
      ],
      "net": {
        "slice": "URLLC",
        "lat_ms": 5,
        "jitter_ms": 0.7,
        "loss_pct": 0.0,
        "throughput_mbps": 130,
        "edge_load": 0.4
      }
    }
  ],
  "final_state": {
    "domain": "uav",
    "time_s": 300.0,
    "env": {
      "weather": "dust",
      "wind_mps": 6.0,
      "wind_dir_deg": 180.0
    },
    "airspace": {
      "alt_bounds": [
        5.0,
        120.0
      ],
      "geofence": [
        {
          "type": "polygon",
          "points": [
            [
              0.0,
              0.0
            ],
            [
              200.0,
              0.0
            ],
            [
              200.0,
              150.0
            ],
            [
              0.0,
              150.0
            ]
          ]
        }
      ]
    },
    "uav": {
      "pose": {
        "x": 25.0,
        "y": 25.0,
        "z": 30.0,
        "yaw": 270.0
      },
      "speed_mps": 16.0,
      "energy": {
        "battery_pct": 93.0
      },
      "sensors": {
        "rgb": "ok",
        "thermal": "offline",
        "lidar": "ok",
        "radar": "offline",
        "gnss": "ok",
        "imu": "ok",
        "magnetometer": "ok",
        "barometer": "ok"
      },
      "payloads": []
    },
    "policy": {
      "alt_bounds": [
        5.0,
        120.0
      ]
    },
    "safety_flags": {
      "nfz_violation": false,
      "separation_breach": false
    }
  },
  "success": true,
  "_meta": {
    "seed": 42,
    "ts": 1763674267,
    "ts_iso": "2025-11-20T21:31:07Z",
    "gen_time_s": 46.27262258529663,
    "attempts_used": 1,
    "generation_failed": false,
    "usage": {
      "prompt_tokens": 1059,
      "completion_tokens": 3528,
      "total_tokens": 4587,
      "cost": 0.00293922,
      "is_byok": false,
      "prompt_tokens_details": {
        "cached_tokens": 1056,
        "audio_tokens": 0,
        "video_tokens": 0
      },
      "cost_details": {
        "upstream_inference_cost": null,
        "upstream_inference_prompt_cost": 0.00011682,
        "upstream_inference_completions_cost": 0.0028224
      },
      "completion_tokens_details": {
        "reasoning_tokens": 0,
        "image_tokens": 0
      }
    }
  }
}