{
  "episode_id": "6gb_prompt_984457be952f7b0d",
  "questions": [
    {
      "task_id": "T1",
      "task_name": "Intent Feasibility Assessment",
      "source_turn": 10,
      "question": "At turn 10 the operator commands return to base while the network slice shifts to mMTC with latency observed at 20.0 ms and jitter at 8.0 ms. In the following turn the same slice shows latency of 22.0 ms, jitter of 10.0 ms, loss of 0.8 percent, throughput of 1.0 Mbps, and edge load of 0.8. Earlier URLLC operation showed latency between 3.0 and 3.6 ms, jitter between 0.7 and 1.1 ms, loss at or below 0.03 percent, and edge load near 0.3. The UAV is at altitude 50.0 within policy bounds of 10.0 to 300.0 and is flying in fog with lidar offline but radar and GNSS ok. The intent requires safe return under degraded comms while avoiding future infeasibility if degradation persists for one to three more turns. Assume worst case that the higher observed mMTC latency and jitter persist and that edge load does not drop. One option prioritizes minimal communications on mMTC, another switches back to URLLC, another delays return to regain eMBB planning support, and another descends toward the lower altitude bound to improve link margin. Each option has a downside in the next turns including congestion risk, control instability, or policy margin erosion. The feasibility decision must minimize maximum regret across these plausible futures rather than optimize the current turn. Which option should be selected?",
      "options": {
        "A": "Continue return on mMTC with minimal comms, accepting latency up to 22.0 ms, jitter up to 10.0 ms, loss up to 0.8 percent, and edge load of 0.8 to avoid further slice switches.",
        "B": "Immediately switch back to URLLC using observed latency between 3.0 and 3.6 ms and edge load near 0.3 despite reduced throughput around 45 Mbps.",
        "C": "Pause return and request eMBB coordination again, relying on 12.0 to 13.0 ms latency and higher throughput while edge load is 0.6 to 0.65.",
        "D": "Descend toward the 10.0 altitude bound during return to improve link margin while staying on mMTC with current latency and jitter."
      },
      "correct": "B",
      "reason": "Switching back to URLLC minimizes worst case control delay when latency could remain at 22. 0 ms and jitter at 10. 0 ms on mMTC over the next turns. The lower edge load near 0. 3 reduces future congestion regret compared to staying at 0.",
      "rationale_tag": "MINIMAX_REGRET",
      "difficulty": "very_hard"
    },
    {
      "task_id": "T2",
      "task_name": "Intent Conflict Resolution",
      "source_turn": 10,
      "question": "At turn 10 the operator commands return to base while the network slice switches to mMTC with latency observed at 20.0 ms and jitter at 8.0 ms. On the following turn latency rises to 22.0 ms with jitter 10.0 ms and loss 0.8 percent, while edge load increases from 0.75 to 0.8. Earlier URLLC operation during turns 7 to 9 showed latency between 3.1 and 3.6 ms, jitter between 0.8 and 1.1 ms, and edge load between 0.3 and 0.35. The UAV is at altitude 50.0 m within the 10.0 to 300.0 m policy bounds and flying at 28.0 mps with battery at 100 percent. Fog persists and lidar is offline, increasing reliance on timely control updates over the next two turns of return. Network conditions are uncertain because recent jitter spans 8.0 to 10.0 ms on mMTC and 0.8 to 1.1 ms on URLLC. If degradation persists for two more turns, delayed control could force a temporary altitude deviation that risks approaching the 10.0 m lower bound. Switching slices again may reduce latency but could raise edge load toward previously seen values. Maintaining mMTC preserves low throughput use but increases worst case latency as edge load grows. Considering mission intent to return safely and network policy tradeoffs over the next two turns, which option should be selected?",
      "options": {
        "A": "Remain on mMTC with current settings, accepting 20.0 to 22.0 ms latency and edge load rising to 0.8 to minimize network churn during return.",
        "B": "Immediately switch back to URLLC, restoring 3.0 to 3.6 ms latency despite edge load potentially returning to 0.35.",
        "C": "Switch to eMBB to gain 115.0 Mbps throughput seen earlier even though latency would be around 12.0 to 13.0 ms under higher edge load.",
        "D": "Alternate slices each turn, using mMTC now and URLLC next turn to balance average latency and edge load."
      },
      "correct": "B",
      "reason": "Option B minimizes worst case control delay by restoring latency below 4 ms even if edge load rises again. Under persistent fog and sensor loss, the worst case mMTC latency above 20 ms over two turns risks altitude correction delays near policy bounds. The regret of higher edge load on URLLC is smaller than the safety risk from accumulated delay if degradation persists. Other options appear acceptable in a single turn but fail under worst case multi turn latency growth.",
      "rationale_tag": "MINIMAX_REGRET",
      "difficulty": "very_hard"
    },
    {
      "task_id": "T3",
      "task_name": "Intent Drift Detection",
      "source_turn": 10,
      "question": "During the mission, the agent began with a safety critical navigation intent under fog while using URLLC at latencies between 3.0 and 3.6 ms and edge load between 0.28 and 0.35. Across turns 5 to 9 the jitter fluctuated from 0.7 to 1.1 ms while loss stayed near 0.01 to 0.03, supporting that intent. At turn 10 the user commanded return to base and the network slice changed to mMTC with latency 20.0 ms, jitter 8.0 ms, loss 0.5, throughput 1.2 Mbps, and edge load 0.75. Fog conditions and speed of 28.0 mps remained unchanged, so the physical risk profile did not relax. If mMTC conditions persist one more turn, latency could rise to 22.0 ms and jitter to 10.0 ms as seen at turn 11. The earlier intent emphasized low latency navigation and thermal sensing reliability rather than energy saving. A single turn view might accept the slice change as return related, but over two turns it increases communication uncertainty during flight. The operator must decide whether this represents a subtle drift in intent that should be flagged now. Each possible assessment has some downside in the next two turns. Which option should be selected?",
      "options": {
        "A": "Flag intent drift immediately because the shift from URLLC latency around 3.3 ms to mMTC latency 20.0 ms under unchanged fog and speed creates a growing worst case risk over the next two turns.",
        "B": "Do not flag intent drift because the return command justifies mMTC despite the increase to 22.0 ms latency and 0.8 loss in the following turn.",
        "C": "Delay flagging intent drift for one turn since the current edge load of 0.75 might drop and the mean jitter of 8.0 ms is acceptable for return.",
        "D": "Ignore intent drift entirely because throughput of 1.2 Mbps is sufficient and battery is still 100.0 percent."
      },
      "correct": "A",
      "reason": "The safety oriented intent earlier relied on low latency and low jitter margins that disappear when latency jumps from about 3. 3 ms to a worst case of 22. 0 ms. Under fog and constant speed this creates higher future uncertainty if the condition persists one more turn. Option A minimizes maximum regret by detecting the drift before communication degradation compounds.",
      "rationale_tag": "INTENT_DRIFT_UNDER_WORST_CASE",
      "difficulty": "very_hard"
    },
    {
      "task_id": "T5",
      "task_name": "Slice Switching Decision",
      "source_turn": 8,
      "question": "At turn 8 the UAV is flying at 28.0 mps with battery at 100.0 pct and altitude 50.0 within policy bounds 10.0 to 300.0. The active slice is URLLC with latency 3.4 ms, jitter that has ranged from 0.8 to 1.1 ms across recent turns, loss 0.03 pct, throughput 44 to 47 Mbps, and edge load between 0.30 and 0.35. Earlier use of eMBB at turns 3 and 4 showed latency 12.0 to 13.0 ms, jitter 3.0 to 3.5 ms, loss 0.1 to 0.12 pct, throughput 115 to 120 Mbps, and edge load 0.6 to 0.65. Fog persists and the next one to three turns include thermal scan completion followed by return where mMTC later exhibited latency 20.0 to 22.0 ms and loss 0.5 to 0.8 pct. The operator considers switching now to improve throughput for data handling, but switching incurs exposure to higher edge load seen previously. If degradation persists one more turn, URLLC metrics may drift toward the upper observed jitter and edge load values. The decision must minimize maximum regret over the next three turns rather than optimize the current snapshot. All options incur some downside in latency, loss, or future congestion risk. Which option should be selected?",
      "options": {
        "A": "Switch immediately to eMBB to gain 115 to 120 Mbps despite accepting 12.0 to 13.0 ms latency and 0.6 to 0.65 edge load now.",
        "B": "Remain on URLLC through the next two turns, accepting jitter up to 1.1 ms and edge load up to 0.35 to avoid higher congestion risk before return.",
        "C": "Switch now anticipating that eMBB latency of 12.0 ms is tolerable for one turn and will revert before return to base.",
        "D": "Delay one turn then switch if URLLC jitter exceeds 1.0 ms, using the current 3.4 ms latency as a trigger."
      },
      "correct": "B",
      "reason": "Remaining on URLLC keeps worst case latency and loss far below the later mMTC conditions while staying within observed edge load bounds. Switching to eMBB exposes the mission to higher congestion that already reached 0. 65 and increases future regret if conditions persist into return. The uncertainty range shows URLLC jitter growth is limited compared to the step change seen on eMBB. Over multiple turns this choice minimizes the maximum downside rather than chasing short term throughput.",
      "rationale_tag": "MINIMAX_REGRET",
      "difficulty": "very_hard"
    },
    {
      "task_id": "T6",
      "task_name": "Slice Fairness vs Safety",
      "source_turn": 10,
      "question": "At turn 10 the swarm begins return to base while the active slice shifts to mMTC with latency 20.0 ms, jitter 8.0 ms, loss 0.5 percent, throughput 1.2 Mbps, and edge load 0.75. Earlier URLLC operation showed latency between 3.0 and 3.6 ms, jitter between 0.7 and 1.1 ms, loss between 0.01 and 0.03 percent, throughput between 44 and 47 Mbps, and edge load between 0.28 and 0.35. The eMBB slice previously used for coordination had latency 12.0 to 13.0 ms, jitter 3.0 to 3.5 ms, loss 0.1 to 0.12 percent, throughput 115 to 120 Mbps, and edge load 0.6 to 0.65. The UAV is flying at 28.0 mps at 50.0 m altitude in fog with radar available but lidar offline, so timely swarm separation updates remain safety relevant for the next two turns. Edge load has trended upward across turns, and worst case planning must assume the next turn matches the highest observed load for the chosen slice. Fairness pressure exists because other swarm members require bandwidth for coordination, but a collision would impose irreversible regret. If mMTC persists for two more turns, latency and jitter could reach their observed maxima while throughput remains near 1.0 Mbps. If URLLC is reselected, throughput drops to the mid 40s but latency and loss stay near their best observed values even under worst case jitter. If eMBB is selected again, throughput is ample but latency and jitter stay an order higher than URLLC under peak edge load. Considering worst case uncertainty and regret over the next two turns, which option should be selected?",
      "options": {
        "A": "Keep mMTC to maximize fairness since 1.2 Mbps throughput and 20.0 ms latency are acceptable now even if edge load rises to 0.8 next turn.",
        "B": "Switch to eMBB to balance fairness and safety because 115 to 120 Mbps throughput offsets 12.0 to 13.0 ms latency under 0.65 edge load.",
        "C": "Switch back to URLLC accepting 44 to 47 Mbps throughput since 3.0 to 3.6 ms latency and 0.01 to 0.03 percent loss minimize worst case collision risk if degradation persists.",
        "D": "Alternate between mMTC this turn and eMBB next turn because single turn exposure to 22.0 ms latency and 10.0 ms jitter is tolerable."
      },
      "correct": "C",
      "reason": "The worst case latency and jitter under mMTC and eMBB are much higher than URLLC when edge load peaks, increasing collision risk in fog. URLLC maintains the lowest observed loss and latency even if jitter reaches its maximum of 1. 1 ms. Over two turns the regret of reduced throughput is bounded, while the regret of delayed swarm separation under other slices is unbounded. Therefore URLLC minimizes maximum future regret despite fairness pressure.",
      "rationale_tag": "MINIMAX_REGRET_UNDER_UNCERTAINTY",
      "difficulty": "very_hard"
    },
    {
      "task_id": "T12",
      "task_name": "Conservative Continuation Decision",
      "source_turn": 8,
      "question": "At turn 8 the UAV is flying in fog at 50.0 m altitude and 28.0 mps with battery at 100.0 percent while lidar is offline and radar is active. Network telemetry over the last three turns on URLLC shows latency values of 3.1 ms, 3.4 ms, and 3.6 ms with jitter between 0.8 ms and 1.1 ms and loss between 0.01 percent and 0.03 percent. Edge load has drifted from 0.3 to 0.35 while throughput declined from 46 Mbps to 44 Mbps. The mission requires reaching one more waypoint before return, which historically takes one to two turns at the current speed. Fog persistence is uncertain and may last one to three additional turns, increasing reliance on radar and network stability. A conservative continuation decision must consider worst case network behavior rather than the mean. If degradation persists, future regret is measured as either forced abort under worse conditions or lost mission value from early termination. Switching slices or changing behavior now has costs that compound over the next turns. All options below satisfy basic safety constraints at the current turn. Which option should be selected?",
      "options": {
        "A": "Continue on URLLC at 28.0 mps since latency is below 3.6 ms and loss is below 0.03 percent, accepting rising edge load of 0.35 for the next two turns.",
        "B": "Continue but reduce speed below 28.0 mps to offset fog, assuming network metrics remain near their recent averages of 3.4 ms latency and 0.02 percent loss.",
        "C": "Switch to eMBB now to gain throughput above 44 Mbps despite earlier 12.0 ms latency, betting that fog clears within one turn.",
        "D": "Pause progression and loiter one turn on URLLC to observe whether edge load above 0.35 stabilizes before committing to the final waypoint."
      },
      "correct": "D",
      "reason": "Option D minimizes maximum regret by limiting exposure to the worst observed latency of 3. 6 ms and loss of 0. 03 percent while preserving the option to continue next turn. Continuing immediately at speed risks compounding edge load increases if fog persists for two more turns. Switching slices introduces a known higher latency seen earlier that could fail under worst case persistence.",
      "rationale_tag": "MINIMAX_REGRET_UNDER_UNCERTAINTY",
      "difficulty": "very_hard"
    },
    {
      "task_id": "T14",
      "task_name": "Scheduler Reconfiguration Adaptation",
      "source_turn": 10,
      "question": "At turn 10 the scheduler is implicitly reconfigured by switching the network slice to mMTC while the UAV is commanded to return to base under fog and wind of 8.0 mps. In earlier turns the URLLC slice showed latency between 3.0 and 3.6 ms, jitter between 0.7 and 1.1 ms, throughput between 44 and 47 Mbps, and edge_load rising from 0.28 to 0.35. At turn 10 the mMTC slice shows latency 20.0 ms, jitter 8.0 ms, throughput 1.2 Mbps, and edge_load 0.75, followed by turn 11 with latency 22.0 ms, jitter 10.0 ms, throughput 1.0 Mbps, and edge_load 0.8. Battery remains at 100.0 pct and speed is still 28.0 mps during return. The scheduler must maintain consistency of command execution and telemetry acknowledgments across the next two turns despite degraded network conditions. Jitter and loss have shown variability across turns, with loss ranging from 0.01 to 0.03 pct on URLLC and increasing to 0.5 to 0.8 pct on mMTC. Assume worst case that mMTC jitter and loss persist or worsen for one additional turn while edge_load continues its observed upward trend. A purely single turn optimization would prioritize immediate command confirmation, while a multi turn view must consider backlog and delayed acknowledgments. Each available adaptation introduces some delay or coordination cost over the next one to three turns. Which scheduler adaptation should be selected?",
      "options": {
        "A": "Keep the scheduler bound to mMTC with minimal telemetry at 1.0 to 1.2 Mbps to avoid further reconfiguration overhead despite edge_load rising from 0.75 to 0.8.",
        "B": "Immediately switch back to URLLC with reduced telemetry frequency, accepting throughput of about 45 Mbps and edge_load around 0.3 to 0.35 based on earlier turns.",
        "C": "Use a hybrid scheduler that sends commands on URLLC and defers bulk telemetry to mMTC, tolerating combined jitter between 1.1 and 8.0 ms.",
        "D": "Pause nonessential scheduling for one turn to let edge_load drop, assuming latency around 20.0 ms and jitter near 8.0 ms are acceptable short term."
      },
      "correct": "C",
      "reason": "The hybrid option minimizes worst case regret by isolating commands from the high jitter and loss seen at 8. 0 to 10. 0 ms and 0. 5 to 0. 8 pct on mMTC.",
      "rationale_tag": "MINIMAX_REGRET",
      "difficulty": "very_hard"
    },
    {
      "task_id": "T21",
      "task_name": "Device-Network Task Offload Arbitration",
      "source_turn": 10,
      "question": "At turn 10 the UAV begins return to base under fog while the network slice shifts to mMTC with latency 20.0 ms rising to 22.0 ms, jitter between 8.0 and 10.0 ms, loss between 0.5 and 0.8 percent, throughput between 1.2 and 1.0 Mbps, and edge load increasing from 0.75 to 0.8. The thermal scan has completed, but the onboard AI must classify hotspots and update navigation advisories over the next two turns. Earlier turns on URLLC showed latency near 3.0 to 3.6 ms and edge load near 0.28 to 0.35, but that slice is no longer active. The UAV speed is 28.0 mps and battery is 100.0 percent, so compute is available but radio conditions are uncertain. If offloaded, the task requires sustained throughput and is sensitive to loss accumulation across two turns. Assume the worst case within the observed ranges persists for the next two turns. One option prioritizes immediate accuracy, another prioritizes continuity, another assumes recovery, and another minimizes worst case regret. Each option incurs some downside within the next two turns due to either delay, energy, or staleness. You must choose the option that remains acceptable if degradation persists and edge load stays high. Consider projected edge congestion and cumulative latency under worst case jitter. Which option should be selected?",
      "options": {
        "A": "Offload to cloud over mMTC now, accepting 20.0 to 22.0 ms latency and 1.0 to 1.2 Mbps throughput to maximize model accuracy this turn.",
        "B": "Offload to edge over mMTC, relying on edge load around 0.75 to 0.8 and tolerating 0.5 to 0.8 percent loss to keep energy use low.",
        "C": "Delay offload and wait one turn for a possible return to URLLC conditions seen at 3.0 to 3.6 ms latency and 0.28 to 0.35 edge load.",
        "D": "Run the model fully on device for the next two turns, avoiding 1.0 Mbps throughput limits and 0.8 percent loss at the cost of higher onboard compute."
      },
      "correct": "D",
      "reason": "Worst case mMTC latency and jitter accumulate over two turns and combine with low throughput to risk missed updates if offloaded. Edge load near 0. 8 increases queuing delay under uncertainty, which makes edge and cloud options fragile beyond a single turn. Waiting for recovery ignores the possibility that 22. 0 ms latency and 0.",
      "rationale_tag": "MINIMAX_REGRET",
      "difficulty": "very_hard"
    },
    {
      "task_id": "T22",
      "task_name": "Federated / Collaborative Learning Orchestration",
      "source_turn": 10,
      "question": "At turn 10 the UAV is commanded to return to base and the network slice shifts to mMTC with latency 20.0 ms, jitter 8.0 ms, loss 0.5 pct, throughput 1.2 Mbps, and edge load 0.75. Across the previous URLLC turns the latency fluctuated between 3.0 ms and 3.6 ms with jitter between 0.7 ms and 1.1 ms and throughput between 44 and 47 Mbps. Battery is still 100 pct and speed is 28.0 mps, but minimal communications are planned for the next two turns. A federated learning coordinator must decide how to schedule a thermal model update using data just captured while respecting privacy and resource limits. One option is to push a full update immediately over mMTC, another is to defer until a possible slice recovery, another is to send a partial update now and finish later, and another is to skip this round entirely. Edge load has already risen from 0.35 at turn 9 to 0.75 at turn 10, and historically increased further to 0.8 at turn 11. Loss also increased from 0.02 to 0.5 and then to 0.8 over the same transition. Assume the mMTC conditions may persist for up to three turns and recovery is uncertain. Each choice risks either training staleness, excess regret from missed collaboration, or violating resource constraints. Which option should be selected?",
      "options": {
        "A": "Immediately run a full federated update over mMTC using the 1.2 Mbps throughput and accept the 20.0 ms latency to avoid staleness this turn.",
        "B": "Defer all federated training until a later turn when URLLC or eMBB returns, accepting staleness if mMTC with 22.0 ms latency persists.",
        "C": "Transmit a minimal partial update now under mMTC and schedule the remaining aggregation only if edge load drops below the earlier 0.35 level in a future turn.",
        "D": "Cancel this federated round entirely to avoid loss rates rising from 0.5 to 0.8 and rely on future missions for model updates."
      },
      "correct": "C",
      "reason": "The partial update minimizes worst case regret because it limits exposure to low throughput and rising loss while still reducing staleness. Full transmission fails under worst case persistence as edge load and loss increase further in the next turn. Full deferral or cancellation creates larger regret if recovery does not occur within three turns because no learning signal is shared. The mixed strategy remains feasible across the observed latency and edge load ranges and hedges against uncertainty.",
      "rationale_tag": "MINIMAX_REGRET_UNDER_UNCERTAINTY",
      "difficulty": "very_hard"
    },
    {
      "task_id": "T24",
      "task_name": "Sensing-Enhanced Decisioning (ISAC)",
      "source_turn": 8,
      "question": "At turn 8 the UAV is in fog with wind at 8.0 mps and is relying on RGB, thermal and radar while lidar is offline. The active network slice is URLLC with latency observed between 3.1 and 3.6 ms across recent turns and jitter observed between 0.8 and 1.1 ms. Throughput has declined from 47 to 44 Mbps while edge load has risen from 0.30 to 0.35. The next two turns may either hold at these values or degrade to the worst values already observed earlier on mMTC with latency 20.0 to 22.0 ms and jitter 8.0 to 10.0 ms. The agent must choose which sensing streams and fusion strategy to request from the network for the next three turns to support time sensitive perception while returning. Fog reduces RGB reliability but thermal has just succeeded and radar is available. Battery is still at 100.0 pct but speed remains 28.0 mps so perception latency directly affects safety margin. A single turn view favors maximum sensing now, but a multi turn view must consider sustained edge load and possible slice downgrade. The decision must minimize worst case regret if degradation persists for two more turns. Which option should be selected?",
      "options": {
        "A": "Request full RGB plus thermal plus radar fusion over URLLC at current 44 to 46 Mbps, accepting edge load near 0.35 and assuming latency stays near 3.4 ms.",
        "B": "Request thermal plus radar fusion only over URLLC, reducing dependence on RGB while keeping latency in the 3.1 to 3.6 ms range under edge load up to 0.35.",
        "C": "Switch to eMBB to stream RGB plus thermal fusion at 115 to 120 Mbps, accepting latency around 12.0 to 13.0 ms and jitter around 3.0 to 3.5 ms.",
        "D": "Preemptively drop to mMTC with thermal only, tolerating latency of 20.0 to 22.0 ms and jitter of 8.0 to 10.0 ms to avoid future edge load growth."
      },
      "correct": "B",
      "reason": "Option B balances sensing quality and network risk by keeping thermal and radar that work in fog while avoiding extra load from RGB. Its worst case latency stays under the combined observed maximum of URLLC latency and jitter, which remains far below the mMTC values if degradation occurs. Option A looks best now but risks future regret if throughput drops further under rising edge load. Options C and D both incur much higher worst case latency over the next two turns, increasing safety risk at 28. 0 mps.",
      "rationale_tag": "MINIMAX_REGRET_FUSION",
      "difficulty": "very_hard"
    },
    {
      "task_id": "T30",
      "task_name": "Network Security Detection & Response Automation",
      "source_turn": 10,
      "question": "At turn 10 the network slice abruptly shifts to mMTC with latency 20.0 ms, jitter 8.0 ms, loss 0.5 pct, throughput 1.2 Mbps, and edge load 0.75 while the UAV battery remains at 100.0 pct and return to base is commanded. Over prior URLLC turns the observed latency ranged from 3.0 to 3.6 ms and jitter ranged from 0.7 to 1.1 ms with loss between 0.01 and 0.03 pct. At turn 11 the mMTC degradation deepens to latency 22.0 ms, jitter 10.0 ms, loss 0.8 pct, throughput 1.0 Mbps, and edge load 0.8. The security monitor flags a potential control plane flooding attack when loss reaches 0.5 pct or higher and edge load exceeds 0.7 for more than one turn. One response option is to immediately isolate the UAV link, which halts live telemetry but prevents further attack propagation. Another option is to stay on mMTC and wait one more turn assuming recovery similar to earlier transient degradations. A third option is to force a switch back to URLLC even though prior edge load there peaked at 0.35 and throughput fell from 50 to 44 Mbps during maneuvers. A fourth option is to throttle telemetry further without isolation, accepting current loss to preserve minimal command and control. Considering worst case continuation of the attack for the next two turns and comparing maximum regret across options, which option should be selected?",
      "options": {
        "A": "Immediately isolate the UAV link now because loss has reached 0.5 pct and edge load is 0.75, accepting zero throughput but stopping further escalation.",
        "B": "Remain on mMTC for one more turn since throughput is still 1.2 Mbps and battery is 100.0 pct, expecting recovery as seen earlier.",
        "C": "Force a switch back to URLLC where latency was 3.0 to 3.6 ms and edge load stayed below 0.35, despite the risk of renewed congestion.",
        "D": "Throttle telemetry further on mMTC while avoiding isolation, tolerating loss rising from 0.5 to 0.8 pct to keep minimal control."
      },
      "correct": "A",
      "reason": "Isolation caps the worst case because loss already meets the 0. 5 pct trigger and edge load exceeds 0. 7 for multiple turns. Waiting or throttling appears acceptable at the mean but fails when loss rises to 0. 8 pct and jitter to 10.",
      "rationale_tag": "MINIMAX_REGRET_UNDER_ATTACK",
      "difficulty": "very_hard"
    }
  ]
}