{
  "initial_state": {
    "domain": "uav",
    "time_s": 0.0,
    "env": {
      "weather": "good",
      "wind_mps": 6.0,
      "wind_dir_deg": 270.0
    },
    "airspace": {
      "alt_bounds": [
        20.0,
        120.0
      ],
      "geofence": [
        {
          "type": "polygon",
          "points": [
            [
              0.0,
              0.0
            ],
            [
              1000.0,
              0.0
            ],
            [
              1000.0,
              800.0
            ],
            [
              0.0,
              800.0
            ]
          ]
        }
      ]
    },
    "uav": {
      "pose": {
        "x": 100.0,
        "y": 100.0,
        "z": 20.0,
        "yaw": 90.0
      },
      "speed_mps": 35.0,
      "energy": {
        "battery_pct": 100.0
      },
      "sensors": {
        "rgb": "ok",
        "thermal": "ok",
        "lidar": "ok",
        "radar": "offline",
        "gnss": "ok",
        "imu": "ok",
        "magnetometer": "ok",
        "barometer": "ok"
      },
      "payloads": []
    },
    "policy": {
      "alt_bounds": [
        20.0,
        120.0
      ]
    },
    "safety_flags": {
      "nfz_violation": false,
      "separation_breach": false
    }
  },
  "dialogue": [
    {
      "turn": 1,
      "speaker": "agent",
      "intent": "initiate mission and check telemetry",
      "actions": [
        {
          "type": "mcp",
          "name": "read_telemetry",
          "args": {}
        }
      ],
      "obs": [
        {
          "tool": "read_telemetry",
          "result": {
            "pose": {
              "x": 100.0,
              "y": 100.0,
              "z": 20.0,
              "yaw": 90.0
            },
            "speed_mps": 35.0,
            "battery_pct": 100.0
          }
        }
      ],
      "net": {
        "slice": "eMBB",
        "lat_ms": 12,
        "jitter_ms": 2,
        "loss_pct": 0.1,
        "throughput_mbps": 850,
        "edge_load": 0.4
      }
    },
    {
      "turn": 2,
      "speaker": "user",
      "intent": "confirm mission start and request route plan",
      "actions": [
        {
          "type": "mcp",
          "name": "get_route_plan",
          "args": {
            "start": [
              100.0,
              100.0
            ],
            "end": [
              900.0,
              700.0
            ],
            "waypoints": 5
          }
        }
      ],
      "obs": [
        {
          "tool": "get_route_plan",
          "result": {
            "waypoints": [
              [
                100.0,
                100.0
              ],
              [
                300.0,
                200.0
              ],
              [
                500.0,
                400.0
              ],
              [
                700.0,
                600.0
              ],
              [
                900.0,
                700.0
              ]
            ],
            "estimated_duration_s": 180,
            "estimated_battery_used_pct": 18
          }
        }
      ],
      "net": {
        "slice": "eMBB",
        "lat_ms": 14,
        "jitter_ms": 3,
        "loss_pct": 0.05,
        "throughput_mbps": 900,
        "edge_load": 0.35
      }
    },
    {
      "turn": 3,
      "speaker": "agent",
      "intent": "request swarm coordination for collision check",
      "actions": [
        {
          "type": "a2a",
          "task": "collision_avoidance",
          "to": "uav_swarm_agent",
          "payload": {
            "uav_id": "uav-07",
            "trajectory": [
              [
                100.0,
                100.0
              ],
              [
                300.0,
                200.0
              ],
              [
                500.0,
                400.0
              ]
            ],
            "eta": 90
          }
        }
      ],
      "obs": [
        {
          "task": "collision_avoidance",
          "from": "uav_swarm_agent",
          "status": "ok",
          "payload": {
            "clearance": true,
            "conflicts": []
          }
        }
      ],
      "net": {
        "slice": "URLLC",
        "lat_ms": 8,
        "jitter_ms": 1,
        "loss_pct": 0.01,
        "throughput_mbps": 100,
        "edge_load": 0.2
      }
    },
    {
      "turn": 4,
      "speaker": "user",
      "intent": "approve takeoff and initiate flight",
      "actions": [
        {
          "type": "mcp",
          "name": "takeoff",
          "args": {
            "target_altitude": 60.0
          }
        }
      ],
      "obs": [
        {
          "tool": "takeoff",
          "result": {
            "status": "success",
            "final_altitude": 60.0,
            "battery_pct": 98.5
          }
        }
      ],
      "net": {
        "slice": "URLLC",
        "lat_ms": 9,
        "jitter_ms": 1.2,
        "loss_pct": 0.02,
        "throughput_mbps": 110,
        "edge_load": 0.25
      }
    },
    {
      "turn": 5,
      "speaker": "agent",
      "intent": "navigate to first waypoint",
      "actions": [
        {
          "type": "mcp",
          "name": "navigate_to_waypoint",
          "args": {
            "waypoint": [
              300.0,
              200.0
            ],
            "speed": 30.0
          }
        }
      ],
      "obs": [
        {
          "tool": "navigate_to_waypoint",
          "result": {
            "status": "reached",
            "waypoint": [
              300.0,
              200.0
            ],
            "battery_pct": 96.0,
            "time_s": 45.0
          }
        }
      ],
      "net": {
        "slice": "eMBB",
        "lat_ms": 15,
        "jitter_ms": 3.5,
        "loss_pct": 0.1,
        "throughput_mbps": 800,
        "edge_load": 0.5
      }
    },
    {
      "turn": 6,
      "speaker": "user",
      "intent": "request thermal inspection at current location",
      "actions": [
        {
          "type": "mcp",
          "name": "activate_sensor",
          "args": {
            "sensor": "thermal",
            "mode": "high_res"
          }
        }
      ],
      "obs": [
        {
          "tool": "activate_sensor",
          "result": {
            "sensor": "thermal",
            "status": "active",
            "resolution": "640x480",
            "battery_draw_pct_per_min": 1.2
          }
        }
      ],
      "net": {
        "slice": "eMBB",
        "lat_ms": 16,
        "jitter_ms": 4,
        "loss_pct": 0.2,
        "throughput_mbps": 750,
        "edge_load": 0.6
      }
    },
    {
      "turn": 7,
      "speaker": "agent",
      "intent": "detect network degradation and adapt",
      "actions": [
        {
          "type": "mcp",
          "name": "read_telemetry",
          "args": {}
        }
      ],
      "obs": [
        {
          "tool": "read_telemetry",
          "result": {
            "pose": {
              "x": 300.0,
              "y": 200.0,
              "z": 60.0,
              "yaw": 90.0
            },
            "speed_mps": 0.0,
            "battery_pct": 96.0
          }
        }
      ],
      "net": {
        "slice": "mMTC",
        "lat_ms": 50,
        "jitter_ms": 15,
        "loss_pct": 2.5,
        "throughput_mbps": 1,
        "edge_load": 0.85
      }
    },
    {
      "turn": 8,
      "speaker": "user",
      "intent": "abort high-bandwidth tasks due to poor link",
      "actions": [
        {
          "type": "mcp",
          "name": "deactivate_sensor",
          "args": {
            "sensor": "thermal"
          }
        }
      ],
      "obs": [
        {
          "tool": "deactivate_sensor",
          "result": {
            "sensor": "thermal",
            "status": "off",
            "battery_saved_pct_per_min": 1.2
          }
        }
      ],
      "net": {
        "slice": "mMTC",
        "lat_ms": 55,
        "jitter_ms": 18,
        "loss_pct": 3.0,
        "throughput_mbps": 0.8,
        "edge_load": 0.9
      }
    },
    {
      "turn": 9,
      "speaker": "agent",
      "intent": "resume navigation under low-QoS",
      "actions": [
        {
          "type": "mcp",
          "name": "navigate_to_waypoint",
          "args": {
            "waypoint": [
              500.0,
              400.0
            ],
            "speed": 20.0
          }
        }
      ],
      "obs": [
        {
          "tool": "navigate_to_waypoint",
          "result": {
            "status": "reached",
            "waypoint": [
              500.0,
              400.0
            ],
            "battery_pct": 93.0,
            "time_s": 110.0
          }
        }
      ],
      "net": {
        "slice": "URLLC",
        "lat_ms": 10,
        "jitter_ms": 2,
        "loss_pct": 0.05,
        "throughput_mbps": 120,
        "edge_load": 0.4
      }
    },
    {
      "turn": 10,
      "speaker": "user",
      "intent": "request return to base",
      "actions": [
        {
          "type": "mcp",
          "name": "return_to_base",
          "args": {}
        }
      ],
      "obs": [
        {
          "tool": "return_to_base",
          "result": {
            "status": "initiated",
            "route": [
              [
                500.0,
                400.0
              ],
              [
                300.0,
                200.0
              ],
              [
                100.0,
                100.0
              ]
            ],
            "estimated_time_s": 60,
            "estimated_landing_battery": 88.0
          }
        }
      ],
      "net": {
        "slice": "URLLC",
        "lat_ms": 9,
        "jitter_ms": 1.5,
        "loss_pct": 0.01,
        "throughput_mbps": 115,
        "edge_load": 0.3
      }
    }
  ],
  "final_state": {
    "domain": "uav",
    "time_s": 170.0,
    "env": {
      "weather": "good",
      "wind_mps": 6.0,
      "wind_dir_deg": 270.0
    },
    "airspace": {
      "alt_bounds": [
        20.0,
        120.0
      ],
      "geofence": [
        {
          "type": "polygon",
          "points": [
            [
              0.0,
              0.0
            ],
            [
              1000.0,
              0.0
            ],
            [
              1000.0,
              800.0
            ],
            [
              0.0,
              800.0
            ]
          ]
        }
      ]
    },
    "uav": {
      "pose": {
        "x": 100.0,
        "y": 100.0,
        "z": 20.0,
        "yaw": 90.0
      },
      "speed_mps": 0.0,
      "energy": {
        "battery_pct": 88.0
      },
      "sensors": {
        "rgb": "ok",
        "thermal": "ok",
        "lidar": "ok",
        "radar": "offline",
        "gnss": "ok",
        "imu": "ok",
        "magnetometer": "ok",
        "barometer": "ok"
      },
      "payloads": []
    },
    "policy": {
      "alt_bounds": [
        20.0,
        120.0
      ]
    },
    "safety_flags": {
      "nfz_violation": false,
      "separation_breach": false
    }
  },
  "success": true,
  "_meta": {
    "seed": 42,
    "ts": 1764051872,
    "ts_iso": "2025-11-25T06:24:32Z",
    "gen_time_s": 45.46550726890564,
    "attempts_used": 1,
    "generation_failed": false,
    "usage": {
      "prompt_tokens": 1062,
      "completion_tokens": 3254,
      "total_tokens": 4316,
      "cost": 0.00276996,
      "is_byok": false,
      "prompt_tokens_details": {
        "cached_tokens": 608,
        "audio_tokens": 0,
        "video_tokens": 0
      },
      "cost_details": {
        "upstream_inference_cost": null,
        "upstream_inference_prompt_cost": 0.00016676,
        "upstream_inference_completions_cost": 0.0026032
      },
      "completion_tokens_details": {
        "reasoning_tokens": 0,
        "image_tokens": 0
      }
    }
  }
}