{
  "initial_state": {
    "domain": "uav",
    "time_s": 0.0,
    "env": {
      "weather": "dust",
      "wind_mps": 12.0,
      "wind_dir_deg": 270.0
    },
    "airspace": {
      "alt_bounds": [
        5.0,
        50.0
      ],
      "geofence": [
        {
          "type": "polygon",
          "points": [
            [
              0.0,
              0.0
            ],
            [
              100.0,
              0.0
            ],
            [
              100.0,
              80.0
            ],
            [
              0.0,
              80.0
            ]
          ]
        }
      ]
    },
    "uav": {
      "pose": {
        "x": 10.0,
        "y": 10.0,
        "z": 10.0,
        "yaw": 90.0
      },
      "speed_mps": 15.0,
      "energy": {
        "battery_pct": 100.0
      },
      "sensors": {
        "rgb": "ok",
        "thermal": "offline",
        "lidar": "offline",
        "radar": "offline",
        "gnss": "ok",
        "imu": "ok",
        "magnetometer": "ok",
        "barometer": "ok"
      },
      "payloads": []
    },
    "policy": {
      "alt_bounds": [
        5.0,
        50.0
      ]
    },
    "safety_flags": {
      "nfz_violation": false,
      "separation_breach": false
    }
  },
  "dialogue": [
    {
      "turn": 1,
      "speaker": "agent",
      "intent": "initiate mission and check telemetry",
      "actions": [
        {
          "type": "mcp",
          "name": "read_telemetry",
          "args": {}
        }
      ],
      "obs": [
        {
          "tool": "read_telemetry",
          "result": {
            "pose": {
              "x": 10.0,
              "y": 10.0,
              "z": 10.0,
              "yaw": 90.0
            },
            "speed_mps": 15.0,
            "battery_pct": 100.0,
            "sensors": {
              "rgb": "ok",
              "thermal": "offline",
              "lidar": "offline",
              "radar": "offline",
              "gnss": "ok",
              "imu": "ok"
            }
          }
        }
      ],
      "net": {
        "slice": "URLLC",
        "lat_ms": 5,
        "jitter_ms": 1,
        "loss_pct": 0.1,
        "throughput_mbps": 50,
        "edge_load": 0.3
      }
    },
    {
      "turn": 2,
      "speaker": "user",
      "intent": "confirm mission start and request sensor activation",
      "actions": [
        {
          "type": "mcp",
          "name": "activate_sensor",
          "args": {
            "sensor": "thermal"
          }
        }
      ],
      "obs": [
        {
          "tool": "activate_sensor",
          "result": {
            "sensor": "thermal",
            "status": "failed",
            "reason": "sensor not available in current environmental conditions"
          }
        }
      ],
      "net": {
        "slice": "eMBB",
        "lat_ms": 12,
        "jitter_ms": 3,
        "loss_pct": 0.5,
        "throughput_mbps": 80,
        "edge_load": 0.6
      }
    },
    {
      "turn": 3,
      "speaker": "agent",
      "intent": "request swarm coordination for path planning",
      "actions": [
        {
          "type": "a2a",
          "task": "path_plan",
          "to": "uav_swarm_agent",
          "payload": {
            "target": {
              "x": 90.0,
              "y": 70.0,
              "z": 15.0
            },
            "obstacles": [
              {
                "x": 50.0,
                "y": 40.0,
                "radius": 10.0
              }
            ]
          }
        }
      ],
      "obs": [
        {
          "task": "path_plan",
          "from": "uav_swarm_agent",
          "status": "ok",
          "payload": {
            "waypoints": [
              {
                "x": 30.0,
                "y": 25.0,
                "z": 15.0
              },
              {
                "x": 60.0,
                "y": 50.0,
                "z": 20.0
              },
              {
                "x": 90.0,
                "y": 70.0,
                "z": 15.0
              }
            ],
            "eta_s": 120
          }
        }
      ],
      "net": {
        "slice": "URLLC",
        "lat_ms": 6,
        "jitter_ms": 1.2,
        "loss_pct": 0.2,
        "throughput_mbps": 45,
        "edge_load": 0.4
      }
    },
    {
      "turn": 4,
      "speaker": "user",
      "intent": "approve flight path and request status update",
      "actions": [
        {
          "type": "mcp",
          "name": "read_status",
          "args": {}
        }
      ],
      "obs": [
        {
          "tool": "read_status",
          "result": {
            "flight_mode": "auto",
            "mission_progress": 0.0,
            "battery_pct": 98.5,
            "link_quality": "good"
          }
        }
      ],
      "net": {
        "slice": "eMBB",
        "lat_ms": 15,
        "jitter_ms": 5,
        "loss_pct": 1.0,
        "throughput_mbps": 70,
        "edge_load": 0.7
      }
    },
    {
      "turn": 5,
      "speaker": "agent",
      "intent": "execute next waypoint under degraded network",
      "actions": [
        {
          "type": "mcp",
          "name": "navigate_to",
          "args": {
            "waypoint": {
              "x": 30.0,
              "y": 25.0,
              "z": 15.0
            }
          }
        }
      ],
      "obs": [
        {
          "tool": "navigate_to",
          "result": {
            "status": "in_progress",
            "eta_s": 25,
            "battery_pct": 97.8
          }
        }
      ],
      "net": {
        "slice": "mMTC",
        "lat_ms": 100,
        "jitter_ms": 20,
        "loss_pct": 5.0,
        "throughput_mbps": 1,
        "edge_load": 0.9
      }
    },
    {
      "turn": 6,
      "speaker": "user",
      "intent": "monitor progress and request emergency hold",
      "actions": [
        {
          "type": "mcp",
          "name": "hold_position",
          "args": {}
        }
      ],
      "obs": [
        {
          "tool": "hold_position",
          "result": {
            "status": "held",
            "pose": {
              "x": 29.8,
              "y": 24.9,
              "z": 14.9,
              "yaw": 92.0
            },
            "reason": "operator override"
          }
        }
      ],
      "net": {
        "slice": "URLLC",
        "lat_ms": 4,
        "jitter_ms": 0.8,
        "loss_pct": 0.05,
        "throughput_mbps": 55,
        "edge_load": 0.2
      }
    },
    {
      "turn": 7,
      "speaker": "agent",
      "intent": "assess hold and recheck telemetry",
      "actions": [
        {
          "type": "mcp",
          "name": "read_telemetry",
          "args": {}
        }
      ],
      "obs": [
        {
          "tool": "read_telemetry",
          "result": {
            "pose": {
              "x": 29.8,
              "y": 24.9,
              "z": 14.9,
              "yaw": 92.0
            },
            "speed_mps": 0.0,
            "battery_pct": 97.5,
            "sensors": {
              "rgb": "ok",
              "gnss": "ok",
              "imu": "ok"
            }
          }
        }
      ],
      "net": {
        "slice": "URLLC",
        "lat_ms": 5,
        "jitter_ms": 1,
        "loss_pct": 0.1,
        "throughput_mbps": 50,
        "edge_load": 0.25
      }
    },
    {
      "turn": 8,
      "speaker": "user",
      "intent": "resume mission and request visual feed",
      "actions": [
        {
          "type": "mcp",
          "name": "stream_video",
          "args": {
            "duration_s": 30,
            "quality": "low"
          }
        }
      ],
      "obs": [
        {
          "tool": "stream_video",
          "result": {
            "status": "started",
            "bitrate_kbps": 512,
            "resolution": "640x480",
            "duration_s": 30
          }
        }
      ],
      "net": {
        "slice": "eMBB",
        "lat_ms": 18,
        "jitter_ms": 6,
        "loss_pct": 1.2,
        "throughput_mbps": 65,
        "edge_load": 0.75
      }
    },
    {
      "turn": 9,
      "speaker": "agent",
      "intent": "resume navigation with swarm coordination",
      "actions": [
        {
          "type": "a2a",
          "task": "collision_avoidance",
          "to": "uav_swarm_agent",
          "payload": {
            "current_pose": {
              "x": 29.8,
              "y": 24.9,
              "z": 14.9
            },
            "next_waypoint": {
              "x": 60.0,
              "y": 50.0,
              "z": 20.0
            }
          }
        }
      ],
      "obs": [
        {
          "task": "collision_avoidance",
          "from": "uav_swarm_agent",
          "status": "ok",
          "payload": {
            "safe": true,
            "recommended_alt": 20.0
          }
        }
      ],
      "net": {
        "slice": "URLLC",
        "lat_ms": 7,
        "jitter_ms": 1.5,
        "loss_pct": 0.3,
        "throughput_mbps": 48,
        "edge_load": 0.35
      }
    },
    {
      "turn": 10,
      "speaker": "user",
      "intent": "confirm final approach",
      "actions": [
        {
          "type": "mcp",
          "name": "acknowledge",
          "args": {
            "message_id": "nav_resume_9a2f"
          }
        }
      ],
      "obs": [
        {
          "tool": "acknowledge",
          "result": {
            "status": "confirmed",
            "message_id": "nav_resume_9a2f"
          }
        }
      ],
      "net": {
        "slice": "URLLC",
        "lat_ms": 4,
        "jitter_ms": 0.9,
        "loss_pct": 0.08,
        "throughput_mbps": 52,
        "edge_load": 0.22
      }
    },
    {
      "turn": 11,
      "speaker": "agent",
      "intent": "complete mission and land",
      "actions": [
        {
          "type": "mcp",
          "name": "land",
          "args": {
            "target": {
              "x": 90.0,
              "y": 70.0,
              "z": 5.0
            }
          }
        }
      ],
      "obs": [
        {
          "tool": "land",
          "result": {
            "status": "completed",
            "final_pose": {
              "x": 90.0,
              "y": 70.0,
              "z": 5.0,
              "yaw": 90.0
            },
            "battery_pct": 88.2
          }
        }
      ],
      "net": {
        "slice": "URLLC",
        "lat_ms": 5,
        "jitter_ms": 1.1,
        "loss_pct": 0.12,
        "throughput_mbps": 49,
        "edge_load": 0.3
      }
    }
  ],
  "final_state": {
    "domain": "uav",
    "time_s": 135.0,
    "env": {
      "weather": "dust",
      "wind_mps": 12.0,
      "wind_dir_deg": 270.0
    },
    "airspace": {
      "alt_bounds": [
        5.0,
        50.0
      ],
      "geofence": [
        {
          "type": "polygon",
          "points": [
            [
              0.0,
              0.0
            ],
            [
              100.0,
              0.0
            ],
            [
              100.0,
              80.0
            ],
            [
              0.0,
              80.0
            ]
          ]
        }
      ]
    },
    "uav": {
      "pose": {
        "x": 90.0,
        "y": 70.0,
        "z": 5.0,
        "yaw": 90.0
      },
      "speed_mps": 0.0,
      "energy": {
        "battery_pct": 88.2
      },
      "sensors": {
        "rgb": "ok",
        "thermal": "offline",
        "lidar": "offline",
        "radar": "offline",
        "gnss": "ok",
        "imu": "ok",
        "magnetometer": "ok",
        "barometer": "ok"
      },
      "payloads": []
    },
    "policy": {
      "alt_bounds": [
        5.0,
        50.0
      ]
    },
    "safety_flags": {
      "nfz_violation": false,
      "separation_breach": false
    }
  },
  "success": true,
  "_meta": {
    "seed": 42,
    "ts": 1763936700,
    "ts_iso": "2025-11-23T22:25:00Z",
    "gen_time_s": 49.91335988044739,
    "attempts_used": 1,
    "generation_failed": false,
    "usage": {
      "prompt_tokens": 1052,
      "completion_tokens": 3584,
      "total_tokens": 4636,
      "cost": 0.00303,
      "is_byok": false,
      "prompt_tokens_details": {
        "cached_tokens": 624,
        "audio_tokens": 0,
        "video_tokens": 0
      },
      "cost_details": {
        "upstream_inference_cost": null,
        "upstream_inference_prompt_cost": 0.0001628,
        "upstream_inference_completions_cost": 0.0028672
      },
      "completion_tokens_details": {
        "reasoning_tokens": 0,
        "image_tokens": 0
      }
    }
  }
}