{
  "initial_state": {
    "domain": "uav",
    "time_s": 0.0,
    "env": {
      "weather": "dust",
      "wind_mps": 1.5,
      "wind_dir_deg": 90.0
    },
    "airspace": {
      "alt_bounds": [
        0.5,
        4.0
      ],
      "geofence": [
        {
          "type": "polygon",
          "points": [
            [
              0.0,
              0.0
            ],
            [
              20.0,
              0.0
            ],
            [
              20.0,
              15.0
            ],
            [
              0.0,
              15.0
            ]
          ]
        }
      ]
    },
    "uav": {
      "pose": {
        "x": 2.0,
        "y": 2.0,
        "z": 1.5,
        "yaw": 90.0
      },
      "speed_mps": 8.0,
      "energy": {
        "battery_pct": 100.0
      },
      "sensors": {
        "rgb": "ok",
        "thermal": "offline",
        "lidar": "ok",
        "radar": "offline",
        "gnss": "offline",
        "imu": "ok",
        "magnetometer": "ok",
        "barometer": "ok"
      },
      "payloads": []
    },
    "policy": {
      "alt_bounds": [
        0.5,
        4.0
      ]
    },
    "safety_flags": {
      "nfz_violation": false,
      "separation_breach": false
    }
  },
  "dialogue": [
    {
      "turn": 1,
      "speaker": "agent",
      "intent": "initiate mission and check telemetry",
      "actions": [
        {
          "type": "mcp",
          "name": "read_telemetry",
          "args": {}
        }
      ],
      "obs": [
        {
          "tool": "read_telemetry",
          "result": {
            "pose": {
              "x": 2.0,
              "y": 2.0,
              "z": 1.5,
              "yaw": 90.0
            },
            "battery_pct": 100.0,
            "speed_mps": 8.0,
            "sensors": {
              "rgb": "ok",
              "lidar": "ok",
              "imu": "ok"
            }
          }
        }
      ],
      "net": {
        "slice": "URLLC",
        "lat_ms": 3.2,
        "jitter_ms": 0.8,
        "loss_pct": 0.1,
        "throughput_mbps": 50,
        "edge_load": 0.35
      }
    },
    {
      "turn": 2,
      "speaker": "user",
      "intent": "request swarm coordination for area coverage",
      "actions": [
        {
          "type": "a2a",
          "task": "swarm_formation",
          "to": "uav_swarm_agent",
          "payload": {
            "pattern": "grid",
            "spacing_m": 3.0,
            "target_area": [
              5.0,
              5.0,
              15.0,
              12.0
            ]
          }
        }
      ],
      "obs": [
        {
          "task": "swarm_formation",
          "from": "uav_swarm_agent",
          "status": "ok",
          "payload": {
            "assigned_role": "leader",
            "neighbors": [
              "uav_2",
              "uav_3"
            ],
            "formation_ack": true
          }
        }
      ],
      "net": {
        "slice": "eMBB",
        "lat_ms": 12.5,
        "jitter_ms": 2.1,
        "loss_pct": 0.3,
        "throughput_mbps": 120,
        "edge_load": 0.65
      }
    },
    {
      "turn": 3,
      "speaker": "agent",
      "intent": "navigate to first waypoint with obstacle detection",
      "actions": [
        {
          "type": "mcp",
          "name": "set_waypoint",
          "args": {
            "x": 8.0,
            "y": 6.0,
            "z": 2.0
          }
        },
        {
          "type": "mcp",
          "name": "obstacle_scan",
          "args": {
            "sensor": "lidar",
            "range_m": 10.0
          }
        }
      ],
      "obs": [
        {
          "tool": "set_waypoint",
          "result": {
            "status": "accepted",
            "eta_s": 3.8
          }
        },
        {
          "tool": "obstacle_scan",
          "result": {
            "obstacles": [
              {
                "x": 10.2,
                "y": 6.1,
                "z": 1.8,
                "type": "crate",
                "confidence": 0.96
              }
            ],
            "clear_path": false
          }
        }
      ],
      "net": {
        "slice": "URLLC",
        "lat_ms": 4.1,
        "jitter_ms": 1.0,
        "loss_pct": 0.2,
        "throughput_mbps": 45,
        "edge_load": 0.42
      }
    },
    {
      "turn": 4,
      "speaker": "user",
      "intent": "adjust path due to obstacle and request thermal sensor activation",
      "actions": [
        {
          "type": "mcp",
          "name": "set_waypoint",
          "args": {
            "x": 7.5,
            "y": 7.5,
            "z": 2.0
          }
        },
        {
          "type": "mcp",
          "name": "activate_sensor",
          "args": {
            "sensor": "thermal"
          }
        }
      ],
      "obs": [
        {
          "tool": "set_waypoint",
          "result": {
            "status": "accepted",
            "eta_s": 4.2
          }
        },
        {
          "tool": "activate_sensor",
          "result": {
            "sensor": "thermal",
            "status": "failed",
            "reason": "hardware_fault"
          }
        }
      ],
      "net": {
        "slice": "mMTC",
        "lat_ms": 25.0,
        "jitter_ms": 8.0,
        "loss_pct": 1.5,
        "throughput_mbps": 1.2,
        "edge_load": 0.88
      }
    },
    {
      "turn": 5,
      "speaker": "agent",
      "intent": "compensate for sensor failure using RGB and lidar fusion",
      "actions": [
        {
          "type": "mcp",
          "name": "sensor_fusion",
          "args": {
            "sensors": [
              "rgb",
              "lidar"
            ],
            "task": "object_classification"
          }
        }
      ],
      "obs": [
        {
          "tool": "sensor_fusion",
          "result": {
            "classified_objects": [
              {
                "type": "person",
                "x": 7.8,
                "y": 7.2,
                "confidence": 0.89
              }
            ]
          }
        }
      ],
      "net": {
        "slice": "URLLC",
        "lat_ms": 5.0,
        "jitter_ms": 1.2,
        "loss_pct": 0.3,
        "throughput_mbps": 40,
        "edge_load": 0.51
      }
    },
    {
      "turn": 6,
      "speaker": "user",
      "intent": "verify safety and request loiter pattern",
      "actions": [
        {
          "type": "mcp",
          "name": "check_safety",
          "args": {}
        },
        {
          "type": "mcp",
          "name": "set_loiter",
          "args": {
            "radius_m": 1.5,
            "duration_s": 30
          }
        }
      ],
      "obs": [
        {
          "tool": "check_safety",
          "result": {
            "nfz_violation": false,
            "separation_breach": false,
            "battery_ok": true
          }
        },
        {
          "tool": "set_loiter",
          "result": {
            "status": "active",
            "center": {
              "x": 7.5,
              "y": 7.5,
              "z": 2.0
            }
          }
        }
      ],
      "net": {
        "slice": "URLLC",
        "lat_ms": 3.8,
        "jitter_ms": 0.9,
        "loss_pct": 0.1,
        "throughput_mbps": 55,
        "edge_load": 0.39
      }
    },
    {
      "turn": 7,
      "speaker": "agent",
      "intent": "report person detection and request user confirmation",
      "actions": [],
      "obs": [],
      "net": {
        "slice": "mMTC",
        "lat_ms": 30.0,
        "jitter_ms": 10.0,
        "loss_pct": 2.0,
        "throughput_mbps": 0.8,
        "edge_load": 0.92
      }
    },
    {
      "turn": 8,
      "speaker": "user",
      "intent": "acknowledge detection and command approach",
      "actions": [
        {
          "type": "mcp",
          "name": "set_waypoint",
          "args": {
            "x": 7.7,
            "y": 7.3,
            "z": 1.8
          }
        }
      ],
      "obs": [
        {
          "tool": "set_waypoint",
          "result": {
            "status": "accepted",
            "eta_s": 2.1
          }
        }
      ],
      "net": {
        "slice": "URLLC",
        "lat_ms": 4.0,
        "jitter_ms": 1.1,
        "loss_pct": 0.2,
        "throughput_mbps": 48,
        "edge_load": 0.45
      }
    },
    {
      "turn": 9,
      "speaker": "agent",
      "intent": "capture high-res image and prepare for return",
      "actions": [
        {
          "type": "mcp",
          "name": "capture_image",
          "args": {
            "mode": "high_res",
            "sensor": "rgb"
          }
        }
      ],
      "obs": [
        {
          "tool": "capture_image",
          "result": {
            "status": "success",
            "image_id": "img_001729",
            "resolution": "4096x2160",
            "stored": true
          }
        }
      ],
      "net": {
        "slice": "eMBB",
        "lat_ms": 15.0,
        "jitter_ms": 3.0,
        "loss_pct": 0.5,
        "throughput_mbps": 100,
        "edge_load": 0.72
      }
    },
    {
      "turn": 10,
      "speaker": "user",
      "intent": "initiate return to home and swarm disband",
      "actions": [
        {
          "type": "a2a",
          "task": "disband_swarm",
          "to": "uav_swarm_agent",
          "payload": {
            "return_home": true
          }
        },
        {
          "type": "mcp",
          "name": "return_to_home",
          "args": {}
        }
      ],
      "obs": [
        {
          "task": "disband_swarm",
          "from": "uav_swarm_agent",
          "status": "ok",
          "payload": {
            "swarm_active": false,
            "all_clear": true
          }
        },
        {
          "tool": "return_to_home",
          "result": {
            "status": "en_route",
            "home_pose": {
              "x": 2.0,
              "y": 2.0,
              "z": 1.5
            }
          }
        }
      ],
      "net": {
        "slice": "URLLC",
        "lat_ms": 3.5,
        "jitter_ms": 0.7,
        "loss_pct": 0.1,
        "throughput_mbps": 52,
        "edge_load": 0.38
      }
    }
  ],
  "final_state": {
    "domain": "uav",
    "time_s": 120.0,
    "env": {
      "weather": "dust",
      "wind_mps": 1.5,
      "wind_dir_deg": 90.0
    },
    "airspace": {
      "alt_bounds": [
        0.5,
        4.0
      ],
      "geofence": [
        {
          "type": "polygon",
          "points": [
            [
              0.0,
              0.0
            ],
            [
              20.0,
              0.0
            ],
            [
              20.0,
              15.0
            ],
            [
              0.0,
              15.0
            ]
          ]
        }
      ]
    },
    "uav": {
      "pose": {
        "x": 2.0,
        "y": 2.0,
        "z": 1.5,
        "yaw": 90.0
      },
      "speed_mps": 0.0,
      "energy": {
        "battery_pct": 78.0
      },
      "sensors": {
        "rgb": "ok",
        "thermal": "offline",
        "lidar": "ok",
        "radar": "offline",
        "gnss": "offline",
        "imu": "ok",
        "magnetometer": "ok",
        "barometer": "ok"
      },
      "payloads": []
    },
    "policy": {
      "alt_bounds": [
        0.5,
        4.0
      ]
    },
    "safety_flags": {
      "nfz_violation": false,
      "separation_breach": false
    }
  },
  "success": true,
  "_meta": {
    "seed": 42,
    "ts": 1764019744,
    "ts_iso": "2025-11-24T21:29:04Z",
    "gen_time_s": 45.81796050071716,
    "attempts_used": 1,
    "generation_failed": false,
    "usage": {
      "prompt_tokens": 1051,
      "completion_tokens": 3371,
      "total_tokens": 4422,
      "cost": 0.00285938,
      "is_byok": false,
      "prompt_tokens_details": {
        "cached_tokens": 624,
        "audio_tokens": 0,
        "video_tokens": 0
      },
      "cost_details": {
        "upstream_inference_cost": null,
        "upstream_inference_prompt_cost": 0.00016258,
        "upstream_inference_completions_cost": 0.0026968
      },
      "completion_tokens_details": {
        "reasoning_tokens": 0,
        "image_tokens": 0
      }
    }
  }
}