{
  "initial_state": {
    "domain": "uav",
    "time_s": 0.0,
    "env": {
      "weather": "fog",
      "wind_mps": 8.0,
      "wind_dir_deg": 270.0
    },
    "airspace": {
      "alt_bounds": [
        10.0,
        150.0
      ],
      "geofence": [
        {
          "type": "polygon",
          "points": [
            [
              100.0,
              100.0
            ],
            [
              100.0,
              700.0
            ],
            [
              900.0,
              700.0
            ],
            [
              900.0,
              100.0
            ]
          ]
        }
      ]
    },
    "uav": {
      "pose": {
        "x": 150.0,
        "y": 120.0,
        "z": 10.0,
        "yaw": 90.0
      },
      "speed_mps": 22.0,
      "energy": {
        "battery_pct": 100.0
      },
      "sensors": {
        "rgb": "ok",
        "thermal": "ok",
        "lidar": "offline",
        "radar": "offline",
        "gnss": "ok",
        "imu": "ok",
        "magnetometer": "ok",
        "barometer": "ok"
      },
      "payloads": []
    },
    "policy": {
      "alt_bounds": [
        10.0,
        150.0
      ]
    },
    "safety_flags": {
      "nfz_violation": false,
      "separation_breach": false
    }
  },
  "dialogue": [
    {
      "turn": 1,
      "speaker": "agent",
      "intent": "initiate mission and check telemetry",
      "actions": [
        {
          "type": "mcp",
          "name": "read_telemetry",
          "args": {}
        }
      ],
      "obs": [
        {
          "tool": "read_telemetry",
          "result": {
            "pose": {
              "x": 150.0,
              "y": 120.0,
              "z": 10.0,
              "yaw": 90.0
            },
            "speed_mps": 22.0,
            "battery_pct": 100.0,
            "sensors": {
              "lidar": "offline",
              "radar": "offline"
            }
          }
        }
      ],
      "net": {
        "slice": "URLLC",
        "lat_ms": 5,
        "jitter_ms": 1,
        "loss_pct": 0.1,
        "throughput_mbps": 50,
        "edge_load": 0.3
      }
    },
    {
      "turn": 2,
      "speaker": "user",
      "intent": "authorize ascent and sensor restart",
      "actions": [
        {
          "type": "mcp",
          "name": "set_altitude",
          "args": {
            "target_z": 80.0
          }
        },
        {
          "type": "mcp",
          "name": "restart_sensor",
          "args": {
            "sensor": "lidar"
          }
        }
      ],
      "obs": [
        {
          "tool": "set_altitude",
          "result": {
            "status": "acknowledged",
            "target_z": 80.0
          }
        },
        {
          "tool": "restart_sensor",
          "result": {
            "sensor": "lidar",
            "status": "restarting"
          }
        }
      ],
      "net": {
        "slice": "eMBB",
        "lat_ms": 12,
        "jitter_ms": 3,
        "loss_pct": 0.5,
        "throughput_mbps": 120,
        "edge_load": 0.6
      }
    },
    {
      "turn": 3,
      "speaker": "agent",
      "intent": "monitor ascent and verify lidar recovery",
      "actions": [
        {
          "type": "mcp",
          "name": "read_telemetry",
          "args": {}
        }
      ],
      "obs": [
        {
          "tool": "read_telemetry",
          "result": {
            "pose": {
              "x": 155.0,
              "y": 125.0,
              "z": 45.0,
              "yaw": 90.0
            },
            "battery_pct": 98.7,
            "sensors": {
              "lidar": "ok"
            }
          }
        }
      ],
      "net": {
        "slice": "URLLC",
        "lat_ms": 6,
        "jitter_ms": 1.2,
        "loss_pct": 0.2,
        "throughput_mbps": 45,
        "edge_load": 0.4
      }
    },
    {
      "turn": 4,
      "speaker": "user",
      "intent": "request swarm coordination for bridge inspection",
      "actions": [
        {
          "type": "a2a",
          "task": "form_formation",
          "to": "uav_swarm_agent",
          "payload": {
            "target_area": "bridge_north",
            "pattern": "line_abreast",
            "uav_id": "uav_01"
          }
        }
      ],
      "obs": [
        {
          "task": "form_formation",
          "from": "uav_swarm_agent",
          "status": "ok",
          "payload": {
            "assigned_role": "lead",
            "next_waypoint": [
              500.0,
              400.0
            ]
          }
        }
      ],
      "net": {
        "slice": "mMTC",
        "lat_ms": 15,
        "jitter_ms": 5,
        "loss_pct": 1.0,
        "throughput_mbps": 1,
        "edge_load": 0.8
      }
    },
    {
      "turn": 5,
      "speaker": "agent",
      "intent": "navigate toward bridge under fog",
      "actions": [
        {
          "type": "mcp",
          "name": "set_waypoint",
          "args": {
            "x": 500.0,
            "y": 400.0,
            "z": 80.0
          }
        }
      ],
      "obs": [
        {
          "tool": "set_waypoint",
          "result": {
            "status": "accepted",
            "eta_s": 68
          }
        }
      ],
      "net": {
        "slice": "URLLC",
        "lat_ms": 7,
        "jitter_ms": 1.5,
        "loss_pct": 0.3,
        "throughput_mbps": 55,
        "edge_load": 0.5
      }
    },
    {
      "turn": 6,
      "speaker": "user",
      "intent": "activate thermal imaging due to fog",
      "actions": [
        {
          "type": "mcp",
          "name": "activate_sensor",
          "args": {
            "sensor": "thermal",
            "mode": "high_res"
          }
        }
      ],
      "obs": [
        {
          "tool": "activate_sensor",
          "result": {
            "sensor": "thermal",
            "mode": "high_res",
            "status": "active"
          }
        }
      ],
      "net": {
        "slice": "eMBB",
        "lat_ms": 25,
        "jitter_ms": 10,
        "loss_pct": 5.0,
        "throughput_mbps": 80,
        "edge_load": 0.9
      }
    },
    {
      "turn": 7,
      "speaker": "agent",
      "intent": "detect network degradation and adapt",
      "actions": [
        {
          "type": "mcp",
          "name": "read_telemetry",
          "args": {}
        }
      ],
      "obs": [
        {
          "tool": "read_telemetry",
          "result": {
            "pose": {
              "x": 320.0,
              "y": 280.0,
              "z": 80.0,
              "yaw": 88.0
            },
            "battery_pct": 95.2,
            "network": {
              "slice": "eMBB",
              "loss_pct": 5.0
            }
          }
        }
      ],
      "net": {
        "slice": "URLLC",
        "lat_ms": 8,
        "jitter_ms": 2,
        "loss_pct": 0.4,
        "throughput_mbps": 50,
        "edge_load": 0.7
      }
    },
    {
      "turn": 8,
      "speaker": "user",
      "intent": "switch to URLLC and reduce sensor load",
      "actions": [
        {
          "type": "mcp",
          "name": "switch_network_slice",
          "args": {
            "target": "URLLC"
          }
        },
        {
          "type": "mcp",
          "name": "adjust_sensor_mode",
          "args": {
            "sensor": "thermal",
            "mode": "low_res"
          }
        }
      ],
      "obs": [
        {
          "tool": "switch_network_slice",
          "result": {
            "status": "success",
            "current": "URLLC"
          }
        },
        {
          "tool": "adjust_sensor_mode",
          "result": {
            "sensor": "thermal",
            "mode": "low_res"
          }
        }
      ],
      "net": {
        "slice": "URLLC",
        "lat_ms": 6,
        "jitter_ms": 1.1,
        "loss_pct": 0.1,
        "throughput_mbps": 40,
        "edge_load": 0.5
      }
    },
    {
      "turn": 9,
      "speaker": "agent",
      "intent": "approach bridge and initiate inspection",
      "actions": [
        {
          "type": "mcp",
          "name": "capture_image",
          "args": {
            "sensor": "thermal",
            "target": "bridge_pier_3"
          }
        }
      ],
      "obs": [
        {
          "tool": "capture_image",
          "result": {
            "target": "bridge_pier_3",
            "status": "success",
            "data_size_mb": 2.1
          }
        }
      ],
      "net": {
        "slice": "URLLC",
        "lat_ms": 5,
        "jitter_ms": 0.9,
        "loss_pct": 0.05,
        "throughput_mbps": 48,
        "edge_load": 0.4
      }
    },
    {
      "turn": 10,
      "speaker": "user",
      "intent": "confirm safe operation and prepare return",
      "actions": [
        {
          "type": "a2a",
          "task": "verify_separation",
          "to": "uav_swarm_agent",
          "payload": {
            "uav_id": "uav_01"
          }
        }
      ],
      "obs": [
        {
          "task": "verify_separation",
          "from": "uav_swarm_agent",
          "status": "ok",
          "payload": {
            "min_distance_m": 25.0,
            "status": "within_limits"
          }
        }
      ],
      "net": {
        "slice": "mMTC",
        "lat_ms": 14,
        "jitter_ms": 4,
        "loss_pct": 0.8,
        "throughput_mbps": 1.2,
        "edge_load": 0.6
      }
    },
    {
      "turn": 11,
      "speaker": "agent",
      "intent": "return to base and land",
      "actions": [
        {
          "type": "mcp",
          "name": "return_to_base",
          "args": {}
        }
      ],
      "obs": [
        {
          "tool": "return_to_base",
          "result": {
            "status": "in_progress",
            "route": [
              {
                "x": 150.0,
                "y": 120.0,
                "z": 50.0
              }
            ],
            "eta_s": 45
          }
        }
      ],
      "net": {
        "slice": "URLLC",
        "lat_ms": 6,
        "jitter_ms": 1.0,
        "loss_pct": 0.1,
        "throughput_mbps": 52,
        "edge_load": 0.3
      }
    }
  ],
  "final_state": {
    "domain": "uav",
    "time_s": 120.0,
    "env": {
      "weather": "fog",
      "wind_mps": 8.0,
      "wind_dir_deg": 270.0
    },
    "airspace": {
      "alt_bounds": [
        10.0,
        150.0
      ],
      "geofence": [
        {
          "type": "polygon",
          "points": [
            [
              100.0,
              100.0
            ],
            [
              100.0,
              700.0
            ],
            [
              900.0,
              700.0
            ],
            [
              900.0,
              100.0
            ]
          ]
        }
      ]
    },
    "uav": {
      "pose": {
        "x": 150.0,
        "y": 120.0,
        "z": 5.0,
        "yaw": 90.0
      },
      "speed_mps": 0.0,
      "energy": {
        "battery_pct": 88.5
      },
      "sensors": {
        "rgb": "ok",
        "thermal": "ok",
        "lidar": "ok",
        "radar": "offline",
        "gnss": "ok",
        "imu": "ok",
        "magnetometer": "ok",
        "barometer": "ok"
      },
      "payloads": []
    },
    "policy": {
      "alt_bounds": [
        10.0,
        150.0
      ]
    },
    "safety_flags": {
      "nfz_violation": false,
      "separation_breach": false
    }
  },
  "success": true,
  "_meta": {
    "seed": 42,
    "ts": 1763922474,
    "ts_iso": "2025-11-23T18:27:54Z",
    "gen_time_s": 108.43869590759277,
    "attempts_used": 2,
    "generation_failed": false,
    "usage": {
      "prompt_tokens": 1114,
      "completion_tokens": 3474,
      "total_tokens": 4588,
      "cost": 0.0029574,
      "is_byok": false,
      "prompt_tokens_details": {
        "cached_tokens": 608,
        "audio_tokens": 0,
        "video_tokens": 0
      },
      "cost_details": {
        "upstream_inference_cost": null,
        "upstream_inference_prompt_cost": 0.0001782,
        "upstream_inference_completions_cost": 0.0027792
      },
      "completion_tokens_details": {
        "reasoning_tokens": 0,
        "image_tokens": 0
      }
    }
  }
}