{
  "initial_state": {
    "domain": "uav",
    "time_s": 0.0,
    "env": {
      "weather": "lightning_risk",
      "wind_mps": 8.0,
      "wind_dir_deg": 210.0
    },
    "airspace": {
      "alt_bounds": [
        10.0,
        120.0
      ],
      "geofence": [
        {
          "type": "polygon",
          "points": [
            [
              0,
              0
            ],
            [
              150,
              0
            ],
            [
              150,
              120
            ],
            [
              0,
              120
            ]
          ]
        }
      ]
    },
    "uav": {
      "pose": {
        "x": 10.0,
        "y": 10.0,
        "z": 10.0,
        "yaw": 90.0
      },
      "speed_mps": 35.0,
      "energy": {
        "battery_pct": 100.0
      },
      "sensors": {
        "rgb": "ok",
        "thermal": "offline",
        "lidar": "ok",
        "radar": "offline",
        "gnss": "ok",
        "imu": "ok",
        "magnetometer": "ok",
        "barometer": "ok"
      },
      "payloads": []
    },
    "policy": {
      "alt_bounds": [
        10.0,
        120.0
      ]
    },
    "safety_flags": {
      "nfz_violation": false,
      "separation_breach": false
    }
  },
  "dialogue": [
    {
      "turn": 1,
      "speaker": "agent",
      "intent": "initiate_survey_mission",
      "actions": [
        {
          "type": "mcp",
          "name": "read_telemetry",
          "args": {}
        },
        {
          "type": "mcp",
          "name": "activate_sensor",
          "args": {
            "sensor": "thermal"
          }
        }
      ],
      "obs": [
        {
          "tool": "read_telemetry",
          "result": {
            "pose": {
              "x": 10.0,
              "y": 10.0,
              "z": 10.0
            },
            "battery_pct": 100.0,
            "speed_mps": 35.0
          }
        },
        {
          "tool": "activate_sensor",
          "result": {
            "sensor": "thermal",
            "status": "failed",
            "reason": "hardware_fault"
          }
        }
      ],
      "net": {
        "slice": "eMBB",
        "lat_ms": 12,
        "jitter_ms": 2,
        "loss_pct": 0.1,
        "throughput_mbps": 850,
        "edge_load": 0.45
      }
    },
    {
      "turn": 2,
      "speaker": "user",
      "intent": "request_status",
      "actions": [
        {
          "type": "mcp",
          "name": "get_mission_plan",
          "args": {}
        }
      ],
      "obs": [
        {
          "tool": "get_mission_plan",
          "result": {
            "waypoints": [
              {
                "x": 100,
                "y": 100,
                "z": 50
              },
              {
                "x": 50,
                "y": 100,
                "z": 30
              }
            ],
            "task": "thermal_survey",
            "status": "planned"
          }
        }
      ],
      "net": {
        "slice": "eMBB",
        "lat_ms": 11,
        "jitter_ms": 1.8,
        "loss_pct": 0.05,
        "throughput_mbps": 900,
        "edge_load": 0.48
      }
    },
    {
      "turn": 3,
      "speaker": "agent",
      "intent": "adjust_plan_for_sensor_failure",
      "actions": [
        {
          "type": "mcp",
          "name": "update_mission_plan",
          "args": {
            "task": "visual_survey",
            "sensors": [
              "rgb",
              "lidar"
            ]
          }
        }
      ],
      "obs": [
        {
          "tool": "update_mission_plan",
          "result": {
            "status": "updated",
            "new_task": "visual_survey"
          }
        }
      ],
      "net": {
        "slice": "URLLC",
        "lat_ms": 5,
        "jitter_ms": 0.5,
        "loss_pct": 0.01,
        "throughput_mbps": 120,
        "edge_load": 0.3
      }
    },
    {
      "turn": 4,
      "speaker": "user",
      "intent": "authorize_altitude_change",
      "actions": [
        {
          "type": "mcp",
          "name": "check_geofence_compliance",
          "args": {
            "target_alt": 110.0
          }
        }
      ],
      "obs": [
        {
          "tool": "check_geofence_compliance",
          "result": {
            "compliant": true,
            "reason": "within_alt_bounds_and_geofence"
          }
        }
      ],
      "net": {
        "slice": "URLLC",
        "lat_ms": 6,
        "jitter_ms": 0.7,
        "loss_pct": 0.02,
        "throughput_mbps": 110,
        "edge_load": 0.32
      }
    },
    {
      "turn": 5,
      "speaker": "agent",
      "intent": "execute_waypoint_transition",
      "actions": [
        {
          "type": "mcp",
          "name": "navigate_to",
          "args": {
            "waypoint": {
              "x": 100,
              "y": 100,
              "z": 110
            }
          }
        },
        {
          "type": "a2a",
          "task": "collision_avoidance",
          "to": "uav_swarm_agent",
          "payload": {
            "current_pose": {
              "x": 10.0,
              "y": 10.0,
              "z": 10.0
            },
            "target": {
              "x": 100,
              "y": 100,
              "z": 110
            }
          }
        }
      ],
      "obs": [
        {
          "tool": "navigate_to",
          "result": {
            "status": "in_progress",
            "eta_s": 120
          }
        },
        {
          "task": "collision_avoidance",
          "from": "uav_swarm_agent",
          "status": "ok",
          "payload": {
            "clearance": "safe",
            "recommended_alt": 110
          }
        }
      ],
      "net": {
        "slice": "URLLC",
        "lat_ms": 4,
        "jitter_ms": 0.3,
        "loss_pct": 0.01,
        "throughput_mbps": 150,
        "edge_load": 0.28
      }
    },
    {
      "turn": 6,
      "speaker": "user",
      "intent": "monitor_progress",
      "actions": [
        {
          "type": "mcp",
          "name": "read_telemetry",
          "args": {}
        }
      ],
      "obs": [
        {
          "tool": "read_telemetry",
          "result": {
            "pose": {
              "x": 65.0,
              "y": 55.0,
              "z": 60.0
            },
            "battery_pct": 88.0,
            "speed_mps": 32.0
          }
        }
      ],
      "net": {
        "slice": "mMTC",
        "lat_ms": 50,
        "jitter_ms": 10,
        "loss_pct": 1.5,
        "throughput_mbps": 1,
        "edge_load": 0.85
      }
    },
    {
      "turn": 7,
      "speaker": "agent",
      "intent": "adapt_to_network_degradation",
      "actions": [
        {
          "type": "mcp",
          "name": "reduce_sensor_sampling",
          "args": {
            "sensors": [
              "lidar"
            ],
            "rate_hz": 5
          }
        }
      ],
      "obs": [
        {
          "tool": "reduce_sensor_sampling",
          "result": {
            "sensor": "lidar",
            "new_rate": 5,
            "status": "adjusted"
          }
        }
      ],
      "net": {
        "slice": "mMTC",
        "lat_ms": 55,
        "jitter_ms": 12,
        "loss_pct": 2.0,
        "throughput_mbps": 0.8,
        "edge_load": 0.88
      }
    },
    {
      "turn": 8,
      "speaker": "user",
      "intent": "request_high_res_data",
      "actions": [
        {
          "type": "mcp",
          "name": "request_data_stream",
          "args": {
            "sensor": "rgb",
            "resolution": "high"
          }
        }
      ],
      "obs": [
        {
          "tool": "request_data_stream",
          "result": {
            "status": "queued",
            "reason": "network_congestion",
            "estimated_start": 45
          }
        }
      ],
      "net": {
        "slice": "mMTC",
        "lat_ms": 60,
        "jitter_ms": 15,
        "loss_pct": 2.5,
        "throughput_mbps": 0.6,
        "edge_load": 0.92
      }
    },
    {
      "turn": 9,
      "speaker": "agent",
      "intent": "resume_normal_operations",
      "actions": [
        {
          "type": "mcp",
          "name": "read_telemetry",
          "args": {}
        },
        {
          "type": "mcp",
          "name": "capture_image",
          "args": {
            "mode": "high_res"
          }
        }
      ],
      "obs": [
        {
          "tool": "read_telemetry",
          "result": {
            "pose": {
              "x": 100.0,
              "y": 100.0,
              "z": 110.0
            },
            "battery_pct": 78.0,
            "speed_mps": 0.0
          }
        },
        {
          "tool": "capture_image",
          "result": {
            "status": "success",
            "image_id": "IMG_29485",
            "size_mb": 4.2
          }
        }
      ],
      "net": {
        "slice": "eMBB",
        "lat_ms": 10,
        "jitter_ms": 1.5,
        "loss_pct": 0.08,
        "throughput_mbps": 800,
        "edge_load": 0.5
      }
    },
    {
      "turn": 10,
      "speaker": "user",
      "intent": "confirm_return",
      "actions": [
        {
          "type": "mcp",
          "name": "check_return_path",
          "args": {
            "home": {
              "x": 10,
              "y": 10,
              "z": 10
            }
          }
        }
      ],
      "obs": [
        {
          "tool": "check_return_path",
          "result": {
            "clear": true,
            "risk": "low"
          }
        }
      ],
      "net": {
        "slice": "URLLC",
        "lat_ms": 5,
        "jitter_ms": 0.6,
        "loss_pct": 0.01,
        "throughput_mbps": 130,
        "edge_load": 0.31
      }
    },
    {
      "turn": 11,
      "speaker": "agent",
      "intent": "return_to_home",
      "actions": [
        {
          "type": "mcp",
          "name": "navigate_to",
          "args": {
            "waypoint": {
              "x": 10,
              "y": 10,
              "z": 10
            }
          }
        }
      ],
      "obs": [
        {
          "tool": "navigate_to",
          "result": {
            "status": "completed",
            "duration_s": 135
          }
        }
      ],
      "net": {
        "slice": "URLLC",
        "lat_ms": 4,
        "jitter_ms": 0.4,
        "loss_pct": 0.0,
        "throughput_mbps": 140,
        "edge_load": 0.29
      }
    }
  ],
  "final_state": {
    "domain": "uav",
    "time_s": 285.0,
    "env": {
      "weather": "lightning_risk",
      "wind_mps": 8.0,
      "wind_dir_deg": 210.0
    },
    "airspace": {
      "alt_bounds": [
        10.0,
        120.0
      ],
      "geofence": [
        {
          "type": "polygon",
          "points": [
            [
              0,
              0
            ],
            [
              150,
              0
            ],
            [
              150,
              120
            ],
            [
              0,
              120
            ]
          ]
        }
      ]
    },
    "uav": {
      "pose": {
        "x": 10.0,
        "y": 10.0,
        "z": 10.0,
        "yaw": 90.0
      },
      "speed_mps": 0.0,
      "energy": {
        "battery_pct": 65.0
      },
      "sensors": {
        "rgb": "ok",
        "thermal": "offline",
        "lidar": "ok",
        "radar": "offline",
        "gnss": "ok",
        "imu": "ok",
        "magnetometer": "ok",
        "barometer": "ok"
      },
      "payloads": []
    },
    "policy": {
      "alt_bounds": [
        10.0,
        120.0
      ]
    },
    "safety_flags": {
      "nfz_violation": false,
      "separation_breach": false
    }
  },
  "success": true,
  "_meta": {
    "seed": 42,
    "ts": 1763931601,
    "ts_iso": "2025-11-23T21:00:01Z",
    "gen_time_s": 51.169358015060425,
    "attempts_used": 1,
    "generation_failed": false,
    "usage": {
      "prompt_tokens": 1045,
      "completion_tokens": 3529,
      "total_tokens": 4574,
      "cost": 0.00298622,
      "is_byok": false,
      "prompt_tokens_details": {
        "cached_tokens": 608,
        "audio_tokens": 0,
        "video_tokens": 0
      },
      "cost_details": {
        "upstream_inference_cost": null,
        "upstream_inference_prompt_cost": 0.00016302,
        "upstream_inference_completions_cost": 0.0028232
      },
      "completion_tokens_details": {
        "reasoning_tokens": 0,
        "image_tokens": 0
      }
    }
  }
}