{
  "initial_state": {
    "domain": "uav",
    "time_s": 0.0,
    "env": {
      "weather": "icing",
      "wind_mps": 8.0,
      "wind_dir_deg": 240.0
    },
    "airspace": {
      "alt_bounds": [
        5.0,
        120.0
      ],
      "geofence": [
        {
          "type": "polygon",
          "points": [
            [
              0,
              0
            ],
            [
              400,
              0
            ],
            [
              400,
              300
            ],
            [
              0,
              300
            ]
          ]
        }
      ]
    },
    "uav": {
      "pose": {
        "x": 20.0,
        "y": 150.0,
        "z": 10.0,
        "yaw": 90.0
      },
      "speed_mps": 22.0,
      "energy": {
        "battery_pct": 100.0
      },
      "sensors": {
        "rgb": "ok",
        "thermal": "ok",
        "lidar": "ok",
        "radar": "ok",
        "gnss": "ok",
        "imu": "ok",
        "magnetometer": "ok",
        "barometer": "ok"
      },
      "payloads": []
    },
    "policy": {
      "alt_bounds": [
        5.0,
        120.0
      ]
    },
    "safety_flags": {
      "nfz_violation": false,
      "separation_breach": false
    }
  },
  "dialogue": [
    {
      "turn": 1,
      "speaker": "agent",
      "intent": "initiate inspection mission under icing conditions",
      "actions": [
        {
          "type": "mcp",
          "name": "read_telemetry",
          "args": {}
        },
        {
          "type": "a2a",
          "task": "request_weather_update",
          "to": "met_agent",
          "payload": {
            "location": "offshore_block_7",
            "priority": "high"
          }
        }
      ],
      "obs": [
        {
          "tool": "read_telemetry",
          "result": {
            "pose": {
              "x": 20.0,
              "y": 150.0,
              "z": 10.0
            },
            "battery_pct": 100.0,
            "speed_mps": 22.0
          }
        },
        {
          "task": "request_weather_update",
          "from": "met_agent",
          "status": "ok",
          "payload": {
            "precip": "light_ice",
            "visibility_m": 400,
            "wind_gust_peak": 14.2
          }
        }
      ],
      "net": {
        "slice": "URLLC",
        "lat_ms": 3.2,
        "jitter_ms": 0.8,
        "loss_pct": 0.01,
        "throughput_mbps": 50,
        "edge_load": 0.35
      }
    },
    {
      "turn": 2,
      "speaker": "user",
      "intent": "approve ascent and route adjustment for visibility",
      "actions": [
        {
          "type": "mcp",
          "name": "set_waypoint",
          "args": {
            "x": 200.0,
            "y": 180.0,
            "z": 60.0
          }
        }
      ],
      "obs": [
        {
          "tool": "set_waypoint",
          "result": {
            "status": "accepted",
            "eta_s": 28.5,
            "route_valid": true
          }
        }
      ],
      "net": {
        "slice": "eMBB",
        "lat_ms": 12.0,
        "jitter_ms": 2.1,
        "loss_pct": 0.02,
        "throughput_mbps": 120,
        "edge_load": 0.65
      }
    },
    {
      "turn": 3,
      "speaker": "agent",
      "intent": "ascend to safer altitude avoiding icing layer",
      "actions": [
        {
          "type": "mcp",
          "name": "execute_maneuver",
          "args": {
            "maneuver": "climb",
            "target_z": 60.0,
            "rate_mps": 3.0
          }
        },
        {
          "type": "a2a",
          "task": "collision_avoidance_scan",
          "to": "uav_swarm_agent",
          "payload": {
            "current_pose": {
              "x": 20.0,
              "y": 150.0,
              "z": 10.0
            },
            "target_pose": {
              "x": 200.0,
              "y": 180.0,
              "z": 60.0
            }
          }
        }
      ],
      "obs": [
        {
          "tool": "execute_maneuver",
          "result": {
            "status": "in_progress",
            "current_z": 35.2,
            "time_to_target_s": 8.3
          }
        },
        {
          "task": "collision_avoidance_scan",
          "from": "uav_swarm_agent",
          "status": "clear",
          "payload": {
            "conflict_count": 0,
            "recommended_alt_offset": 0
          }
        }
      ],
      "net": {
        "slice": "URLLC",
        "lat_ms": 4.1,
        "jitter_ms": 0.9,
        "loss_pct": 0.01,
        "throughput_mbps": 45,
        "edge_load": 0.4
      }
    },
    {
      "turn": 4,
      "speaker": "user",
      "intent": "request thermal imaging of platform base",
      "actions": [
        {
          "type": "mcp",
          "name": "activate_sensor",
          "args": {
            "sensor": "thermal",
            "mode": "high_res"
          }
        }
      ],
      "obs": [
        {
          "tool": "activate_sensor",
          "result": {
            "status": "active",
            "frame_rate": 15,
            "battery_draw_w": 18.5
          }
        }
      ],
      "net": {
        "slice": "eMBB",
        "lat_ms": 15.0,
        "jitter_ms": 3.0,
        "loss_pct": 0.05,
        "throughput_mbps": 100,
        "edge_load": 0.75
      }
    },
    {
      "turn": 5,
      "speaker": "agent",
      "intent": "detect network degradation, switch to URLLC for critical control",
      "actions": [
        {
          "type": "mcp",
          "name": "read_telemetry",
          "args": {}
        }
      ],
      "obs": [
        {
          "tool": "read_telemetry",
          "result": {
            "pose": {
              "x": 110.4,
              "y": 168.1,
              "z": 58.7
            },
            "battery_pct": 96.2,
            "gnss_lock": true
          }
        }
      ],
      "net": {
        "slice": "URLLC",
        "lat_ms": 3.8,
        "jitter_ms": 1.1,
        "loss_pct": 0.02,
        "throughput_mbps": 55,
        "edge_load": 0.38
      }
    },
    {
      "turn": 6,
      "speaker": "user",
      "intent": "confirm arrival and initiate inspection sequence",
      "actions": [
        {
          "type": "mcp",
          "name": "start_inspection_protocol",
          "args": {
            "target_id": "platform_alpha",
            "scan_type": "360_lidar_thermal"
          }
        }
      ],
      "obs": [
        {
          "tool": "start_inspection_protocol",
          "result": {
            "status": "started",
            "estimated_duration_s": 95,
            "data_volume_mb": 850
          }
        }
      ],
      "net": {
        "slice": "eMBB",
        "lat_ms": 18.0,
        "jitter_ms": 4.5,
        "loss_pct": 0.1,
        "throughput_mbps": 80,
        "edge_load": 0.85
      }
    },
    {
      "turn": 7,
      "speaker": "agent",
      "intent": "detect high edge load, throttle data streaming",
      "actions": [
        {
          "type": "mcp",
          "name": "adjust_streaming_quality",
          "args": {
            "stream": "thermal",
            "quality": "medium"
          }
        },
        {
          "type": "a2a",
          "task": "offload_processing",
          "to": "edge_ai_agent",
          "payload": {
            "task": "anomaly_detection",
            "data_ref": "thermal_chunk_7a",
            "priority": "medium"
          }
        }
      ],
      "obs": [
        {
          "tool": "adjust_streaming_quality",
          "result": {
            "stream": "thermal",
            "quality": "medium",
            "bandwidth_saved_mbps": 15
          }
        },
        {
          "task": "offload_processing",
          "from": "edge_ai_agent",
          "status": "queued",
          "payload": {
            "queue_position": 3,
            "estimated_start_s": 12
          }
        }
      ],
      "net": {
        "slice": "mMTC",
        "lat_ms": 25.0,
        "jitter_ms": 10.0,
        "loss_pct": 0.5,
        "throughput_mbps": 1.2,
        "edge_load": 0.95
      }
    },
    {
      "turn": 8,
      "speaker": "user",
      "intent": "abort inspection due to weather deterioration",
      "actions": [
        {
          "type": "mcp",
          "name": "halt_inspection",
          "args": {}
        }
      ],
      "obs": [
        {
          "tool": "halt_inspection",
          "result": {
            "status": "halted",
            "data_saved_mb": 420,
            "reason": "user_aborted"
          }
        }
      ],
      "net": {
        "slice": "URLLC",
        "lat_ms": 5.0,
        "jitter_ms": 1.3,
        "loss_pct": 0.01,
        "throughput_mbps": 50,
        "edge_load": 0.45
      }
    },
    {
      "turn": 9,
      "speaker": "agent",
      "intent": "initiate return-to-home with battery-aware routing",
      "actions": [
        {
          "type": "mcp",
          "name": "compute_rth_path",
          "args": {
            "home_pose": {
              "x": 20.0,
              "y": 150.0,
              "z": 10.0
            },
            "battery_threshold": 25.0
          }
        }
      ],
      "obs": [
        {
          "tool": "compute_rth_path",
          "result": {
            "path_valid": true,
            "waypoints": [
              {
                "x": 100.0,
                "y": 170.0,
                "z": 50.0
              },
              {
                "x": 60.0,
                "y": 160.0,
                "z": 30.0
              },
              {
                "x": 20.0,
                "y": 150.0,
                "z": 10.0
              }
            ],
            "estimated_battery_on_arrival": 42.0
          }
        }
      ],
      "net": {
        "slice": "URLLC",
        "lat_ms": 4.0,
        "jitter_ms": 0.9,
        "loss_pct": 0.01,
        "throughput_mbps": 48,
        "edge_load": 0.4
      }
    },
    {
      "turn": 10,
      "speaker": "user",
      "intent": "approve return path",
      "actions": [
        {
          "type": "mcp",
          "name": "execute_rth",
          "args": {}
        }
      ],
      "obs": [
        {
          "tool": "execute_rth",
          "result": {
            "status": "in_progress",
            "current_waypoint_idx": 0,
            "home_distance_m": 85.3
          }
        }
      ],
      "net": {
        "slice": "URLLC",
        "lat_ms": 3.5,
        "jitter_ms": 0.7,
        "loss_pct": 0.01,
        "throughput_mbps": 52,
        "edge_load": 0.38
      }
    }
  ],
  "final_state": {
    "domain": "uav",
    "time_s": 120.0,
    "env": {
      "weather": "icing",
      "wind_mps": 8.0,
      "wind_dir_deg": 240.0
    },
    "airspace": {
      "alt_bounds": [
        5.0,
        120.0
      ],
      "geofence": [
        {
          "type": "polygon",
          "points": [
            [
              0,
              0
            ],
            [
              400,
              0
            ],
            [
              400,
              300
            ],
            [
              0,
              300
            ]
          ]
        }
      ]
    },
    "uav": {
      "pose": {
        "x": 85.0,
        "y": 165.0,
        "z": 42.0,
        "yaw": 270.0
      },
      "speed_mps": 18.0,
      "energy": {
        "battery_pct": 42.0
      },
      "sensors": {
        "rgb": "ok",
        "thermal": "standby",
        "lidar": "ok",
        "radar": "ok",
        "gnss": "ok",
        "imu": "ok",
        "magnetometer": "ok",
        "barometer": "ok"
      },
      "payloads": []
    },
    "policy": {
      "alt_bounds": [
        5.0,
        120.0
      ]
    },
    "safety_flags": {
      "nfz_violation": false,
      "separation_breach": false
    }
  },
  "success": false,
  "_meta": {
    "seed": 42,
    "ts": 1763855502,
    "ts_iso": "2025-11-22T23:51:42Z",
    "gen_time_s": 56.813899517059326,
    "attempts_used": 1,
    "generation_failed": false,
    "usage": {
      "prompt_tokens": 1044,
      "completion_tokens": 3528,
      "total_tokens": 4572,
      "cost": 0.0029852,
      "is_byok": false,
      "prompt_tokens_details": {
        "cached_tokens": 608,
        "audio_tokens": 0,
        "video_tokens": 0
      },
      "cost_details": {
        "upstream_inference_cost": null,
        "upstream_inference_prompt_cost": 0.0001628,
        "upstream_inference_completions_cost": 0.0028224
      },
      "completion_tokens_details": {
        "reasoning_tokens": 0,
        "image_tokens": 0
      }
    }
  }
}