{
  "initial_state": {
    "domain": "uav",
    "time_s": 0.0,
    "env": {
      "weather": "microburst_risk",
      "wind_mps": 8.5,
      "wind_dir_deg": 240.0
    },
    "airspace": {
      "alt_bounds": [
        10.0,
        150.0
      ],
      "geofence": [
        {
          "type": "polygon",
          "points": [
            [
              0,
              0
            ],
            [
              0,
              500
            ],
            [
              500,
              500
            ],
            [
              500,
              0
            ]
          ]
        }
      ]
    },
    "uav": {
      "pose": {
        "x": 50.0,
        "y": 50.0,
        "z": 30.0,
        "yaw": 90.0
      },
      "speed_mps": 22.0,
      "energy": {
        "battery_pct": 100.0
      },
      "sensors": {
        "rgb": "ok",
        "thermal": "ok",
        "lidar": "ok",
        "radar": "offline",
        "gnss": "ok",
        "imu": "ok",
        "magnetometer": "ok",
        "barometer": "ok"
      },
      "payloads": []
    },
    "policy": {
      "alt_bounds": [
        10.0,
        150.0
      ]
    },
    "safety_flags": {
      "nfz_violation": false,
      "separation_breach": false
    }
  },
  "dialogue": [
    {
      "turn": 1,
      "speaker": "agent",
      "intent": "initiate_mission",
      "actions": [
        {
          "type": "mcp",
          "name": "read_telemetry",
          "args": {}
        }
      ],
      "obs": [
        {
          "tool": "read_telemetry",
          "result": {
            "pose": {
              "x": 50.0,
              "y": 50.0,
              "z": 30.0
            },
            "battery_pct": 100.0,
            "speed_mps": 22.0
          }
        }
      ],
      "net": {
        "slice": "URLLC",
        "lat_ms": 3.2,
        "jitter_ms": 0.8,
        "loss_pct": 0.01,
        "throughput_mbps": 50,
        "edge_load": 0.35
      }
    },
    {
      "turn": 2,
      "speaker": "user",
      "intent": "confirm_mission_start",
      "actions": [
        {
          "type": "mcp",
          "name": "set_waypoint",
          "args": {
            "x": 400.0,
            "y": 400.0,
            "z": 120.0
          }
        }
      ],
      "obs": [
        {
          "tool": "set_waypoint",
          "result": {
            "status": "accepted",
            "eta_s": 45.6
          }
        }
      ],
      "net": {
        "slice": "eMBB",
        "lat_ms": 12.5,
        "jitter_ms": 2.1,
        "loss_pct": 0.05,
        "throughput_mbps": 120,
        "edge_load": 0.65
      }
    },
    {
      "turn": 3,
      "speaker": "agent",
      "intent": "monitor_weather_risk",
      "actions": [
        {
          "type": "mcp",
          "name": "activate_sensor",
          "args": {
            "sensor": "lidar"
          }
        }
      ],
      "obs": [
        {
          "tool": "activate_sensor",
          "result": {
            "sensor": "lidar",
            "status": "active"
          }
        }
      ],
      "net": {
        "slice": "URLLC",
        "lat_ms": 4.1,
        "jitter_ms": 1.0,
        "loss_pct": 0.02,
        "throughput_mbps": 45,
        "edge_load": 0.4
      }
    },
    {
      "turn": 4,
      "speaker": "user",
      "intent": "request_swarm_coordination",
      "actions": [
        {
          "type": "a2a",
          "task": "collision_avoidance",
          "to": "uav_swarm_agent",
          "payload": {
            "current_pose": {
              "x": 50.0,
              "y": 50.0,
              "z": 30.0
            },
            "waypoint": {
              "x": 400.0,
              "y": 400.0,
              "z": 120.0
            }
          }
        }
      ],
      "obs": [
        {
          "task": "collision_avoidance",
          "from": "uav_swarm_agent",
          "status": "ok",
          "payload": {
            "safe_path": true,
            "risk_level": "low"
          }
        }
      ],
      "net": {
        "slice": "mMTC",
        "lat_ms": 18.0,
        "jitter_ms": 5.0,
        "loss_pct": 0.5,
        "throughput_mbps": 1.2,
        "edge_load": 0.8
      }
    },
    {
      "turn": 5,
      "speaker": "agent",
      "intent": "adjust_flight_due_to_wind",
      "actions": [
        {
          "type": "mcp",
          "name": "adjust_attitude",
          "args": {
            "pitch_offset": 3.5,
            "throttle_up": 0.12
          }
        }
      ],
      "obs": [
        {
          "tool": "adjust_attitude",
          "result": {
            "status": "applied",
            "new_speed_mps": 20.1
          }
        }
      ],
      "net": {
        "slice": "URLLC",
        "lat_ms": 3.8,
        "jitter_ms": 0.9,
        "loss_pct": 0.01,
        "throughput_mbps": 48,
        "edge_load": 0.38
      }
    },
    {
      "turn": 6,
      "speaker": "user",
      "intent": "check_battery_and_progress",
      "actions": [
        {
          "type": "mcp",
          "name": "read_telemetry",
          "args": {}
        }
      ],
      "obs": [
        {
          "tool": "read_telemetry",
          "result": {
            "pose": {
              "x": 180.0,
              "y": 180.0,
              "z": 85.0
            },
            "battery_pct": 88.5,
            "speed_mps": 20.1
          }
        }
      ],
      "net": {
        "slice": "eMBB",
        "lat_ms": 14.0,
        "jitter_ms": 3.0,
        "loss_pct": 0.1,
        "throughput_mbps": 110,
        "edge_load": 0.7
      }
    },
    {
      "turn": 7,
      "speaker": "agent",
      "intent": "detect_network_degradation",
      "actions": [
        {
          "type": "mcp",
          "name": "switch_network_slice",
          "args": {
            "target": "URLLC"
          }
        }
      ],
      "obs": [
        {
          "tool": "switch_network_slice",
          "result": {
            "from": "eMBB",
            "to": "URLLC",
            "status": "success"
          }
        }
      ],
      "net": {
        "slice": "URLLC",
        "lat_ms": 4.0,
        "jitter_ms": 1.1,
        "loss_pct": 0.02,
        "throughput_mbps": 50,
        "edge_load": 0.42
      }
    },
    {
      "turn": 8,
      "speaker": "user",
      "intent": "initiate_emergency_hover",
      "actions": [
        {
          "type": "mcp",
          "name": "set_flight_mode",
          "args": {
            "mode": "hover"
          }
        }
      ],
      "obs": [
        {
          "tool": "set_flight_mode",
          "result": {
            "mode": "hover",
            "status": "engaged"
          }
        }
      ],
      "net": {
        "slice": "URLLC",
        "lat_ms": 3.5,
        "jitter_ms": 0.7,
        "loss_pct": 0.01,
        "throughput_mbps": 52,
        "edge_load": 0.33
      }
    },
    {
      "turn": 9,
      "speaker": "agent",
      "intent": "resume_mission_safely",
      "actions": [
        {
          "type": "mcp",
          "name": "set_waypoint",
          "args": {
            "x": 400.0,
            "y": 400.0,
            "z": 120.0
          }
        }
      ],
      "obs": [
        {
          "tool": "set_waypoint",
          "result": {
            "status": "accepted",
            "eta_s": 32.4
          }
        }
      ],
      "net": {
        "slice": "URLLC",
        "lat_ms": 3.9,
        "jitter_ms": 0.8,
        "loss_pct": 0.01,
        "throughput_mbps": 49,
        "edge_load": 0.37
      }
    },
    {
      "turn": 10,
      "speaker": "user",
      "intent": "confirm_final_approach",
      "actions": [
        {
          "type": "a2a",
          "task": "verify_landing_zone",
          "to": "ground_control_agent",
          "payload": {
            "target": "offshore_platform",
            "coordinates": {
              "x": 400.0,
              "y": 400.0,
              "z": 120.0
            }
          }
        }
      ],
      "obs": [
        {
          "task": "verify_landing_zone",
          "from": "ground_control_agent",
          "status": "clear",
          "payload": {
            "obstacles": [],
            "wind_gust_alert": false
          }
        }
      ],
      "net": {
        "slice": "mMTC",
        "lat_ms": 20.0,
        "jitter_ms": 6.0,
        "loss_pct": 0.6,
        "throughput_mbps": 1.0,
        "edge_load": 0.85
      }
    },
    {
      "turn": 11,
      "speaker": "agent",
      "intent": "land_safely",
      "actions": [
        {
          "type": "mcp",
          "name": "execute_landing",
          "args": {}
        }
      ],
      "obs": [
        {
          "tool": "execute_landing",
          "result": {
            "status": "completed",
            "final_pose": {
              "x": 400.0,
              "y": 400.0,
              "z": 10.0
            },
            "battery_pct": 76.3
          }
        }
      ],
      "net": {
        "slice": "URLLC",
        "lat_ms": 4.2,
        "jitter_ms": 1.0,
        "loss_pct": 0.01,
        "throughput_mbps": 47,
        "edge_load": 0.41
      }
    }
  ],
  "final_state": {
    "domain": "uav",
    "time_s": 110.0,
    "env": {
      "weather": "microburst_risk",
      "wind_mps": 8.5,
      "wind_dir_deg": 240.0
    },
    "airspace": {
      "alt_bounds": [
        10.0,
        150.0
      ],
      "geofence": [
        {
          "type": "polygon",
          "points": [
            [
              0,
              0
            ],
            [
              0,
              500
            ],
            [
              500,
              500
            ],
            [
              500,
              0
            ]
          ]
        }
      ]
    },
    "uav": {
      "pose": {
        "x": 400.0,
        "y": 400.0,
        "z": 10.0,
        "yaw": 90.0
      },
      "speed_mps": 0.0,
      "energy": {
        "battery_pct": 76.3
      },
      "sensors": {
        "rgb": "ok",
        "thermal": "ok",
        "lidar": "active",
        "radar": "offline",
        "gnss": "ok",
        "imu": "ok",
        "magnetometer": "ok",
        "barometer": "ok"
      },
      "payloads": []
    },
    "policy": {
      "alt_bounds": [
        10.0,
        150.0
      ]
    },
    "safety_flags": {
      "nfz_violation": false,
      "separation_breach": false
    }
  },
  "success": true,
  "_meta": {
    "seed": 42,
    "ts": 1763915910,
    "ts_iso": "2025-11-23T16:38:30Z",
    "gen_time_s": 101.93397736549377,
    "attempts_used": 2,
    "generation_failed": false,
    "usage": {
      "prompt_tokens": 1096,
      "completion_tokens": 3286,
      "total_tokens": 4382,
      "cost": 0.00280128,
      "is_byok": false,
      "prompt_tokens_details": {
        "cached_tokens": 624,
        "audio_tokens": 0,
        "video_tokens": 0
      },
      "cost_details": {
        "upstream_inference_cost": null,
        "upstream_inference_prompt_cost": 0.00017248,
        "upstream_inference_completions_cost": 0.0026288
      },
      "completion_tokens_details": {
        "reasoning_tokens": 0,
        "image_tokens": 0
      }
    }
  }
}