{
  "initial_state": {
    "domain": "uav",
    "time_s": 0.0,
    "env": {
      "weather": "hail",
      "wind_mps": 8.5,
      "wind_dir_deg": 240.0
    },
    "airspace": {
      "alt_bounds": [
        10.0,
        150.0
      ],
      "geofence": [
        {
          "type": "polygon",
          "points": [
            [
              0,
              0
            ],
            [
              400,
              0
            ],
            [
              400,
              300
            ],
            [
              0,
              300
            ]
          ]
        }
      ]
    },
    "uav": {
      "pose": {
        "x": 50.0,
        "y": 50.0,
        "z": 20.0,
        "yaw": 90.0
      },
      "speed_mps": 28.0,
      "energy": {
        "battery_pct": 100.0
      },
      "sensors": {
        "rgb": "ok",
        "thermal": "ok",
        "lidar": "ok",
        "radar": "offline",
        "gnss": "ok",
        "imu": "ok",
        "magnetometer": "ok",
        "barometer": "ok"
      },
      "payloads": []
    },
    "policy": {
      "alt_bounds": [
        10.0,
        150.0
      ]
    },
    "safety_flags": {
      "nfz_violation": false,
      "separation_breach": false
    }
  },
  "dialogue": [
    {
      "turn": 1,
      "speaker": "agent",
      "intent": "initiate mission under adverse weather",
      "actions": [
        {
          "type": "mcp",
          "name": "read_telemetry",
          "args": {}
        }
      ],
      "obs": [
        {
          "tool": "read_telemetry",
          "result": {
            "pose": {
              "x": 50.0,
              "y": 50.0,
              "z": 20.0
            },
            "battery_pct": 100.0,
            "speed_mps": 28.0
          }
        }
      ],
      "net": {
        "slice": "eMBB",
        "lat_ms": 12,
        "jitter_ms": 2,
        "loss_pct": 0.1,
        "throughput_mbps": 850,
        "edge_load": 0.45
      }
    },
    {
      "turn": 2,
      "speaker": "user",
      "intent": "confirm mission start and request weather adaptation",
      "actions": [
        {
          "type": "mcp",
          "name": "get_weather",
          "args": {}
        }
      ],
      "obs": [
        {
          "tool": "get_weather",
          "result": {
            "condition": "hail",
            "wind_mps": 8.5,
            "recommendation": "reduce speed to 20 m/s"
          }
        }
      ],
      "net": {
        "slice": "URLLC",
        "lat_ms": 8,
        "jitter_ms": 1,
        "loss_pct": 0.05,
        "throughput_mbps": 100,
        "edge_load": 0.3
      }
    },
    {
      "turn": 3,
      "speaker": "agent",
      "intent": "adjust flight parameters for safety",
      "actions": [
        {
          "type": "mcp",
          "name": "set_speed",
          "args": {
            "speed": 20.0
          }
        }
      ],
      "obs": [
        {
          "tool": "set_speed",
          "result": {
            "status": "success",
            "actual_speed": 20.0
          }
        }
      ],
      "net": {
        "slice": "URLLC",
        "lat_ms": 9,
        "jitter_ms": 1.5,
        "loss_pct": 0.08,
        "throughput_mbps": 110,
        "edge_load": 0.35
      }
    },
    {
      "turn": 4,
      "speaker": "user",
      "intent": "request swarm coordination for coverage",
      "actions": [
        {
          "type": "a2a",
          "task": "formation_update",
          "to": "uav_swarm_agent",
          "payload": {
            "leader_pose": {
              "x": 50.0,
              "y": 50.0,
              "z": 20.0
            },
            "mode": "echelon"
          }
        }
      ],
      "obs": [
        {
          "task": "formation_update",
          "from": "uav_swarm_agent",
          "status": "ok",
          "payload": {
            "ack": true,
            "assigned_uavs": 3
          }
        }
      ],
      "net": {
        "slice": "mMTC",
        "lat_ms": 50,
        "jitter_ms": 10,
        "loss_pct": 0.5,
        "throughput_mbps": 10,
        "edge_load": 0.6
      }
    },
    {
      "turn": 5,
      "speaker": "agent",
      "intent": "initiate thermal imaging scan",
      "actions": [
        {
          "type": "mcp",
          "name": "activate_sensor",
          "args": {
            "sensor": "thermal"
          }
        }
      ],
      "obs": [
        {
          "tool": "activate_sensor",
          "result": {
            "sensor": "thermal",
            "status": "active"
          }
        }
      ],
      "net": {
        "slice": "eMBB",
        "lat_ms": 15,
        "jitter_ms": 3,
        "loss_pct": 0.2,
        "throughput_mbps": 700,
        "edge_load": 0.5
      }
    },
    {
      "turn": 6,
      "speaker": "user",
      "intent": "report network degradation and request fallback",
      "actions": [
        {
          "type": "mcp",
          "name": "check_network",
          "args": {}
        }
      ],
      "obs": [
        {
          "tool": "check_network",
          "result": {
            "current_slice": "eMBB",
            "recommendation": "switch to URLLC due to hail interference"
          }
        }
      ],
      "net": {
        "slice": "eMBB",
        "lat_ms": 45,
        "jitter_ms": 20,
        "loss_pct": 5.0,
        "throughput_mbps": 200,
        "edge_load": 0.85
      }
    },
    {
      "turn": 7,
      "speaker": "agent",
      "intent": "adapt to degraded network by switching slice and reducing sensor usage",
      "actions": [
        {
          "type": "mcp",
          "name": "switch_network_slice",
          "args": {
            "target": "URLLC"
          }
        },
        {
          "type": "mcp",
          "name": "deactivate_sensor",
          "args": {
            "sensor": "rgb"
          }
        }
      ],
      "obs": [
        {
          "tool": "switch_network_slice",
          "result": {
            "status": "success",
            "new_slice": "URLLC"
          }
        },
        {
          "tool": "deactivate_sensor",
          "result": {
            "sensor": "rgb",
            "status": "deactivated"
          }
        }
      ],
      "net": {
        "slice": "URLLC",
        "lat_ms": 7,
        "jitter_ms": 1,
        "loss_pct": 0.04,
        "throughput_mbps": 90,
        "edge_load": 0.25
      }
    },
    {
      "turn": 8,
      "speaker": "user",
      "intent": "authorize ascent to improve LoS",
      "actions": [
        {
          "type": "mcp",
          "name": "set_altitude",
          "args": {
            "target_z": 120.0
          }
        }
      ],
      "obs": [
        {
          "tool": "set_altitude",
          "result": {
            "status": "success",
            "target": 120.0,
            "climb_rate_mps": 5.0
          }
        }
      ],
      "net": {
        "slice": "URLLC",
        "lat_ms": 8,
        "jitter_ms": 1.2,
        "loss_pct": 0.06,
        "throughput_mbps": 95,
        "edge_load": 0.3
      }
    },
    {
      "turn": 9,
      "speaker": "agent",
      "intent": "detect potential obstacle via lidar",
      "actions": [
        {
          "type": "mcp",
          "name": "activate_sensor",
          "args": {
            "sensor": "lidar"
          }
        }
      ],
      "obs": [
        {
          "tool": "activate_sensor",
          "result": {
            "sensor": "lidar",
            "status": "active",
            "obstacle_ahead_m": 180.0,
            "type": "rock_face"
          }
        }
      ],
      "net": {
        "slice": "URLLC",
        "lat_ms": 9,
        "jitter_ms": 1.5,
        "loss_pct": 0.07,
        "throughput_mbps": 100,
        "edge_load": 0.32
      }
    },
    {
      "turn": 10,
      "speaker": "user",
      "intent": "request collision avoidance maneuver",
      "actions": [
        {
          "type": "a2a",
          "task": "collision_avoidance",
          "to": "uav_swarm_agent",
          "payload": {
            "obstacle": "rock_face",
            "distance": 180.0,
            "action": "climb_and_divert"
          }
        }
      ],
      "obs": [
        {
          "task": "collision_avoidance",
          "from": "uav_swarm_agent",
          "status": "executing",
          "payload": {
            "new_heading": 110.0,
            "climb_to": 130.0
          }
        }
      ],
      "net": {
        "slice": "URLLC",
        "lat_ms": 10,
        "jitter_ms": 2,
        "loss_pct": 0.09,
        "throughput_mbps": 105,
        "edge_load": 0.38
      }
    },
    {
      "turn": 11,
      "speaker": "agent",
      "intent": "confirm safe trajectory and report status",
      "actions": [
        {
          "type": "mcp",
          "name": "read_telemetry",
          "args": {}
        }
      ],
      "obs": [
        {
          "tool": "read_telemetry",
          "result": {
            "pose": {
              "x": 65.0,
              "y": 72.0,
              "z": 130.0
            },
            "battery_pct": 94.5,
            "speed_mps": 18.0,
            "status": "nominal"
          }
        }
      ],
      "net": {
        "slice": "URLLC",
        "lat_ms": 8,
        "jitter_ms": 1,
        "loss_pct": 0.05,
        "throughput_mbps": 110,
        "edge_load": 0.33
      }
    }
  ],
  "final_state": {
    "domain": "uav",
    "time_s": 110.0,
    "env": {
      "weather": "hail",
      "wind_mps": 8.5,
      "wind_dir_deg": 240.0
    },
    "airspace": {
      "alt_bounds": [
        10.0,
        150.0
      ],
      "geofence": [
        {
          "type": "polygon",
          "points": [
            [
              0,
              0
            ],
            [
              400,
              0
            ],
            [
              400,
              300
            ],
            [
              0,
              300
            ]
          ]
        }
      ]
    },
    "uav": {
      "pose": {
        "x": 65.0,
        "y": 72.0,
        "z": 130.0,
        "yaw": 110.0
      },
      "speed_mps": 18.0,
      "energy": {
        "battery_pct": 94.5
      },
      "sensors": {
        "rgb": "off",
        "thermal": "ok",
        "lidar": "active",
        "radar": "offline",
        "gnss": "ok",
        "imu": "ok",
        "magnetometer": "ok",
        "barometer": "ok"
      },
      "payloads": []
    },
    "policy": {
      "alt_bounds": [
        10.0,
        150.0
      ]
    },
    "safety_flags": {
      "nfz_violation": false,
      "separation_breach": false
    }
  },
  "success": true,
  "_meta": {
    "seed": 42,
    "ts": 1764054336,
    "ts_iso": "2025-11-25T07:05:36Z",
    "gen_time_s": 44.82976794242859,
    "attempts_used": 1,
    "generation_failed": false,
    "usage": {
      "prompt_tokens": 1047,
      "completion_tokens": 3233,
      "total_tokens": 4280,
      "cost": 0.00274986,
      "is_byok": false,
      "prompt_tokens_details": {
        "cached_tokens": 608,
        "audio_tokens": 0,
        "video_tokens": 0
      },
      "cost_details": {
        "upstream_inference_cost": null,
        "upstream_inference_prompt_cost": 0.00016346,
        "upstream_inference_completions_cost": 0.0025864
      },
      "completion_tokens_details": {
        "reasoning_tokens": 0,
        "image_tokens": 0
      }
    }
  }
}