{
  "initial_state": {
    "domain": "uav",
    "time_s": 0.0,
    "env": {
      "weather": "rain",
      "wind_mps": 7.5,
      "wind_dir_deg": 240.0
    },
    "airspace": {
      "alt_bounds": [
        10.0,
        150.0
      ],
      "geofence": [
        {
          "type": "polygon",
          "points": [
            [
              0,
              0
            ],
            [
              1000,
              0
            ],
            [
              1000,
              800
            ],
            [
              0,
              800
            ]
          ]
        }
      ]
    },
    "uav": {
      "pose": {
        "x": 100.0,
        "y": 50.0,
        "z": 50.0,
        "yaw": 80.0
      },
      "speed_mps": 22.0,
      "energy": {
        "battery_pct": 100.0
      },
      "sensors": {
        "rgb": "ok",
        "thermal": "offline",
        "lidar": "ok",
        "radar": "offline",
        "gnss": "ok",
        "imu": "ok",
        "magnetometer": "ok",
        "barometer": "ok"
      },
      "payloads": []
    },
    "policy": {
      "alt_bounds": [
        10.0,
        150.0
      ]
    },
    "safety_flags": {
      "nfz_violation": false,
      "separation_breach": false
    }
  },
  "dialogue": [
    {
      "turn": 1,
      "speaker": "agent",
      "intent": "initiate mission and check telemetry",
      "actions": [
        {
          "type": "mcp",
          "name": "read_telemetry",
          "args": {}
        }
      ],
      "obs": [
        {
          "tool": "read_telemetry",
          "result": {
            "pose": {
              "x": 100.0,
              "y": 50.0,
              "z": 50.0,
              "yaw": 80.0
            },
            "speed_mps": 22.0,
            "battery_pct": 100.0,
            "sensors": {
              "gnss": "ok",
              "imu": "ok"
            }
          }
        }
      ],
      "net": {
        "slice": "URLLC",
        "lat_ms": 3.2,
        "jitter_ms": 0.8,
        "loss_pct": 0.01,
        "throughput_mbps": 50,
        "edge_load": 0.3
      }
    },
    {
      "turn": 2,
      "speaker": "user",
      "intent": "confirm mission start and request delivery target",
      "actions": [
        {
          "type": "mcp",
          "name": "set_target",
          "args": {
            "x": 800,
            "y": 700,
            "z": 40
          }
        }
      ],
      "obs": [
        {
          "tool": "set_target",
          "result": {
            "status": "accepted",
            "target": {
              "x": 800,
              "y": 700,
              "z": 40
            }
          }
        }
      ],
      "net": {
        "slice": "eMBB",
        "lat_ms": 12.5,
        "jitter_ms": 2.1,
        "loss_pct": 0.05,
        "throughput_mbps": 120,
        "edge_load": 0.6
      }
    },
    {
      "turn": 3,
      "speaker": "agent",
      "intent": "request swarm coordination for path planning",
      "actions": [
        {
          "type": "a2a",
          "task": "path_plan",
          "to": "uav_swarm_agent",
          "payload": {
            "start": {
              "x": 100,
              "y": 50,
              "z": 50
            },
            "goal": {
              "x": 800,
              "y": 700,
              "z": 40
            },
            "obstacles": [
              {
                "type": "tree",
                "x": 450,
                "y": 300,
                "radius": 20,
                "height": 35
              }
            ]
          }
        }
      ],
      "obs": [
        {
          "task": "path_plan",
          "from": "uav_swarm_agent",
          "status": "ok",
          "payload": {
            "waypoints": [
              {
                "x": 200,
                "y": 150,
                "z": 60
              },
              {
                "x": 600,
                "y": 500,
                "z": 50
              },
              {
                "x": 800,
                "y": 700,
                "z": 40
              }
            ],
            "eta_s": 185
          }
        }
      ],
      "net": {
        "slice": "URLLC",
        "lat_ms": 4.1,
        "jitter_ms": 1.0,
        "loss_pct": 0.02,
        "throughput_mbps": 45,
        "edge_load": 0.4
      }
    },
    {
      "turn": 4,
      "speaker": "user",
      "intent": "approve path and request thermal sensor activation",
      "actions": [
        {
          "type": "mcp",
          "name": "activate_sensor",
          "args": {
            "sensor": "thermal"
          }
        }
      ],
      "obs": [
        {
          "tool": "activate_sensor",
          "result": {
            "sensor": "thermal",
            "status": "failed",
            "reason": "hardware_offline"
          }
        }
      ],
      "net": {
        "slice": "eMBB",
        "lat_ms": 110,
        "jitter_ms": 15.0,
        "loss_pct": 5.2,
        "throughput_mbps": 8,
        "edge_load": 0.9
      }
    },
    {
      "turn": 5,
      "speaker": "agent",
      "intent": "adapt to network degradation and sensor failure",
      "actions": [
        {
          "type": "mcp",
          "name": "switch_network_slice",
          "args": {
            "target": "URLLC"
          }
        }
      ],
      "obs": [
        {
          "tool": "switch_network_slice",
          "result": {
            "status": "success",
            "new_slice": "URLLC",
            "lat_ms": 3.8,
            "throughput_mbps": 55
          }
        }
      ],
      "net": {
        "slice": "URLLC",
        "lat_ms": 3.8,
        "jitter_ms": 0.9,
        "loss_pct": 0.01,
        "throughput_mbps": 55,
        "edge_load": 0.35
      }
    },
    {
      "turn": 6,
      "speaker": "user",
      "intent": "request status update and battery check",
      "actions": [
        {
          "type": "mcp",
          "name": "read_telemetry",
          "args": {}
        }
      ],
      "obs": [
        {
          "tool": "read_telemetry",
          "result": {
            "pose": {
              "x": 320.0,
              "y": 280.0,
              "z": 58.0,
              "yaw": 85.0
            },
            "speed_mps": 20.5,
            "battery_pct": 88.3,
            "sensors": {
              "lidar": "ok",
              "rgb": "ok"
            }
          }
        }
      ],
      "net": {
        "slice": "URLLC",
        "lat_ms": 4.0,
        "jitter_ms": 1.1,
        "loss_pct": 0.01,
        "throughput_mbps": 52,
        "edge_load": 0.38
      }
    },
    {
      "turn": 7,
      "speaker": "agent",
      "intent": "initiate collision avoidance due to dynamic obstacle",
      "actions": [
        {
          "type": "a2a",
          "task": "collision_avoidance",
          "to": "uav_swarm_agent",
          "payload": {
            "current_pose": {
              "x": 320,
              "y": 280,
              "z": 58
            },
            "obstacle_prediction": {
              "type": "bird_flock",
              "x": 330,
              "y": 270,
              "z": 55,
              "velocity": 15,
              "heading": 95
            }
          }
        }
      ],
      "obs": [
        {
          "task": "collision_avoidance",
          "from": "uav_swarm_agent",
          "status": "adjusted",
          "payload": {
            "new_waypoint": {
              "x": 340,
              "y": 260,
              "z": 62
            },
            "reason": "bird_flock_avoidance"
          }
        }
      ],
      "net": {
        "slice": "URLLC",
        "lat_ms": 3.5,
        "jitter_ms": 0.7,
        "loss_pct": 0.01,
        "throughput_mbps": 58,
        "edge_load": 0.32
      }
    },
    {
      "turn": 8,
      "speaker": "user",
      "intent": "confirm avoidance and request delivery confirmation",
      "actions": [
        {
          "type": "mcp",
          "name": "confirm_delivery_target",
          "args": {}
        }
      ],
      "obs": [
        {
          "tool": "confirm_delivery_target",
          "result": {
            "target_reachable": true,
            "eta_s": 92,
            "battery_est_pct": 76.4
          }
        }
      ],
      "net": {
        "slice": "URLLC",
        "lat_ms": 3.9,
        "jitter_ms": 1.0,
        "loss_pct": 0.02,
        "throughput_mbps": 50,
        "edge_load": 0.41
      }
    },
    {
      "turn": 9,
      "speaker": "agent",
      "intent": "prepare for final descent and payload release",
      "actions": [
        {
          "type": "mcp",
          "name": "descend_to_altitude",
          "args": {
            "z": 40
          }
        }
      ],
      "obs": [
        {
          "tool": "descend_to_altitude",
          "result": {
            "status": "in_progress",
            "target_z": 40,
            "current_z": 52.0
          }
        }
      ],
      "net": {
        "slice": "URLLC",
        "lat_ms": 3.7,
        "jitter_ms": 0.8,
        "loss_pct": 0.01,
        "throughput_mbps": 54,
        "edge_load": 0.36
      }
    },
    {
      "turn": 10,
      "speaker": "user",
      "intent": "authorize payload release",
      "actions": [
        {
          "type": "mcp",
          "name": "release_payload",
          "args": {}
        }
      ],
      "obs": [
        {
          "tool": "release_payload",
          "result": {
            "status": "success",
            "timestamp_s": 198.5,
            "location": {
              "x": 798.2,
              "y": 698.7,
              "z": 40.1
            }
          }
        }
      ],
      "net": {
        "slice": "URLLC",
        "lat_ms": 3.3,
        "jitter_ms": 0.6,
        "loss_pct": 0.01,
        "throughput_mbps": 60,
        "edge_load": 0.3
      }
    },
    {
      "turn": 11,
      "speaker": "agent",
      "intent": "report mission completion and return to base",
      "actions": [
        {
          "type": "mcp",
          "name": "return_to_base",
          "args": {
            "base_coords": {
              "x": 100,
              "y": 50,
              "z": 50
            }
          }
        }
      ],
      "obs": [
        {
          "tool": "return_to_base",
          "result": {
            "status": "initiated",
            "route_length_m": 850,
            "eta_s": 142
          }
        }
      ],
      "net": {
        "slice": "mMTC",
        "lat_ms": 25.0,
        "jitter_ms": 5.0,
        "loss_pct": 0.5,
        "throughput_mbps": 1,
        "edge_load": 0.2
      }
    }
  ],
  "final_state": {
    "domain": "uav",
    "time_s": 210.0,
    "env": {
      "weather": "rain",
      "wind_mps": 7.5,
      "wind_dir_deg": 240.0
    },
    "airspace": {
      "alt_bounds": [
        10.0,
        150.0
      ],
      "geofence": [
        {
          "type": "polygon",
          "points": [
            [
              0,
              0
            ],
            [
              1000,
              0
            ],
            [
              1000,
              800
            ],
            [
              0,
              800
            ]
          ]
        }
      ]
    },
    "uav": {
      "pose": {
        "x": 700.0,
        "y": 600.0,
        "z": 45.0,
        "yaw": 260.0
      },
      "speed_mps": 18.0,
      "energy": {
        "battery_pct": 74.1
      },
      "sensors": {
        "rgb": "ok",
        "thermal": "offline",
        "lidar": "ok",
        "radar": "offline",
        "gnss": "ok",
        "imu": "ok",
        "magnetometer": "ok",
        "barometer": "ok"
      },
      "payloads": []
    },
    "policy": {
      "alt_bounds": [
        10.0,
        150.0
      ]
    },
    "safety_flags": {
      "nfz_violation": false,
      "separation_breach": false
    }
  },
  "success": true,
  "_meta": {
    "seed": 42,
    "ts": 1763828832,
    "ts_iso": "2025-11-22T16:27:12Z",
    "gen_time_s": 62.09988498687744,
    "attempts_used": 1,
    "generation_failed": false,
    "usage": {
      "prompt_tokens": 1052,
      "completion_tokens": 3581,
      "total_tokens": 4633,
      "cost": 0.00302936,
      "is_byok": false,
      "prompt_tokens_details": {
        "cached_tokens": 608,
        "audio_tokens": 0,
        "video_tokens": 0
      },
      "cost_details": {
        "upstream_inference_cost": null,
        "upstream_inference_prompt_cost": 0.00016456,
        "upstream_inference_completions_cost": 0.0028648
      },
      "completion_tokens_details": {
        "reasoning_tokens": 0,
        "image_tokens": 0
      }
    }
  }
}