{
  "initial_state": {
    "domain": "uav",
    "time_s": 0.0,
    "env": {
      "weather": "microburst_risk",
      "wind_mps": 8.5,
      "wind_dir_deg": 260.0
    },
    "airspace": {
      "alt_bounds": [
        10.0,
        120.0
      ],
      "geofence": [
        {
          "type": "polygon",
          "points": [
            [
              0,
              0
            ],
            [
              2000,
              0
            ],
            [
              2000,
              1500
            ],
            [
              0,
              1500
            ]
          ]
        }
      ]
    },
    "uav": {
      "pose": {
        "x": 100.0,
        "y": 100.0,
        "z": 30.0,
        "yaw": 90.0
      },
      "speed_mps": 28.0,
      "energy": {
        "battery_pct": 100.0
      },
      "sensors": {
        "rgb": "ok",
        "thermal": "ok",
        "lidar": "ok",
        "radar": "offline",
        "gnss": "ok",
        "imu": "ok",
        "magnetometer": "ok",
        "barometer": "ok"
      },
      "payloads": []
    },
    "policy": {
      "alt_bounds": [
        10.0,
        120.0
      ]
    },
    "safety_flags": {
      "nfz_violation": false,
      "separation_breach": false
    }
  },
  "dialogue": [
    {
      "turn": 1,
      "speaker": "agent",
      "intent": "initiate_inspection_mission",
      "actions": [
        {
          "type": "mcp",
          "name": "read_telemetry",
          "args": {}
        },
        {
          "type": "a2a",
          "task": "request_weather_update",
          "to": "met_agent",
          "payload": {
            "location": [
              100,
              100
            ],
            "horizon": 300
          }
        }
      ],
      "obs": [
        {
          "tool": "read_telemetry",
          "result": {
            "pose": {
              "x": 100.0,
              "y": 100.0,
              "z": 30.0
            },
            "battery_pct": 100.0,
            "speed_mps": 28.0
          }
        },
        {
          "task": "request_weather_update",
          "from": "met_agent",
          "status": "ok",
          "payload": {
            "risk": "microburst",
            "gusts_mps": 14.2,
            "trend": "increasing"
          }
        }
      ],
      "net": {
        "slice": "eMBB",
        "lat_ms": 12,
        "jitter_ms": 2,
        "loss_pct": 0.1,
        "throughput_mbps": 850,
        "edge_load": 0.35
      }
    },
    {
      "turn": 2,
      "speaker": "user",
      "intent": "confirm_mission_start",
      "actions": [
        {
          "type": "mcp",
          "name": "set_inspection_plan",
          "args": {
            "waypoints": [
              [
                500,
                200
              ],
              [
                1200,
                800
              ],
              [
                1800,
                1200
              ]
            ],
            "altitude": 60.0
          }
        }
      ],
      "obs": [
        {
          "tool": "set_inspection_plan",
          "result": {
            "status": "accepted",
            "plan_id": "p_001",
            "estimated_duration_s": 420
          }
        }
      ],
      "net": {
        "slice": "eMBB",
        "lat_ms": 11,
        "jitter_ms": 1.8,
        "loss_pct": 0.05,
        "throughput_mbps": 900,
        "edge_load": 0.38
      }
    },
    {
      "turn": 3,
      "speaker": "agent",
      "intent": "execute_waypoint_transition",
      "actions": [
        {
          "type": "mcp",
          "name": "navigate_to",
          "args": {
            "target": [
              500,
              200,
              60
            ],
            "speed": 25
          }
        },
        {
          "type": "a2a",
          "task": "collision_avoidance",
          "to": "uav_swarm_agent",
          "payload": {
            "current_pose": [
              100,
              100,
              30
            ],
            "trajectory": [
              [
                200,
                150
              ],
              [
                300,
                175
              ],
              [
                500,
                200
              ]
            ]
          }
        }
      ],
      "obs": [
        {
          "tool": "navigate_to",
          "result": {
            "status": "in_progress",
            "eta_s": 18
          }
        },
        {
          "task": "collision_avoidance",
          "from": "uav_swarm_agent",
          "status": "ok",
          "payload": {
            "clearance": "safe",
            "recommended_alt": 60
          }
        }
      ],
      "net": {
        "slice": "URLLC",
        "lat_ms": 8,
        "jitter_ms": 0.9,
        "loss_pct": 0.01,
        "throughput_mbps": 120,
        "edge_load": 0.22
      }
    },
    {
      "turn": 4,
      "speaker": "user",
      "intent": "request_sensor_diagnostic",
      "actions": [
        {
          "type": "mcp",
          "name": "diagnose_sensor",
          "args": {
            "sensor": "radar"
          }
        }
      ],
      "obs": [
        {
          "tool": "diagnose_sensor",
          "result": {
            "sensor": "radar",
            "status": "faulty",
            "error_code": "RAD_409",
            "suggested_action": "bypass_and_use_lidar_fusion"
          }
        }
      ],
      "net": {
        "slice": "mMTC",
        "lat_ms": 45,
        "jitter_ms": 12,
        "loss_pct": 0.8,
        "throughput_mbps": 1.2,
        "edge_load": 0.68
      }
    },
    {
      "turn": 5,
      "speaker": "agent",
      "intent": "adapt_to_sensor_failure",
      "actions": [
        {
          "type": "mcp",
          "name": "activate_sensor_fusion",
          "args": {
            "mode": "lidar_rgb_thermal",
            "fusion_rate_hz": 10
          }
        },
        {
          "type": "a2a",
          "task": "request_radar_backup",
          "to": "uav_swarm_agent",
          "payload": {
            "requestor_id": "uav_01",
            "area": "sector_4"
          }
        }
      ],
      "obs": [
        {
          "tool": "activate_sensor_fusion",
          "result": {
            "status": "active",
            "latency_ms": 85
          }
        },
        {
          "task": "request_radar_backup",
          "from": "uav_swarm_agent",
          "status": "acknowledged",
          "payload": {
            "providing_uav": "uav_07",
            "eta_coverage": 25
          }
        }
      ],
      "net": {
        "slice": "URLLC",
        "lat_ms": 9,
        "jitter_ms": 1.1,
        "loss_pct": 0.02,
        "throughput_mbps": 110,
        "edge_load": 0.25
      }
    },
    {
      "turn": 6,
      "speaker": "user",
      "intent": "adjust_altitude_due_to_wind",
      "actions": [
        {
          "type": "mcp",
          "name": "update_flight_params",
          "args": {
            "altitude": 50.0,
            "speed": 22.0
          }
        }
      ],
      "obs": [
        {
          "tool": "update_flight_params",
          "result": {
            "status": "applied",
            "new_z": 50.0,
            "new_speed": 22.0
          }
        }
      ],
      "net": {
        "slice": "eMBB",
        "lat_ms": 13,
        "jitter_ms": 2.1,
        "loss_pct": 0.12,
        "throughput_mbps": 800,
        "edge_load": 0.41
      }
    },
    {
      "turn": 7,
      "speaker": "agent",
      "intent": "perform_inspection_at_waypoint",
      "actions": [
        {
          "type": "mcp",
          "name": "capture_inspection_data",
          "args": {
            "mode": "high_res_thermal",
            "duration_s": 30
          }
        },
        {
          "type": "a2a",
          "task": "transmit_data_to_edge",
          "to": "edge_cloud_agent",
          "payload": {
            "data_size_mb": 1250,
            "priority": "high",
            "compression": "h265"
          }
        }
      ],
      "obs": [
        {
          "tool": "capture_inspection_data",
          "result": {
            "status": "completed",
            "files_generated": 3,
            "defect_detected": true,
            "defect_type": "crack"
          }
        },
        {
          "task": "transmit_data_to_edge",
          "from": "edge_cloud_agent",
          "status": "in_progress",
          "payload": {
            "session_id": "tx_8892",
            "rate_mbps": 780
          }
        }
      ],
      "net": {
        "slice": "eMBB",
        "lat_ms": 14,
        "jitter_ms": 2.3,
        "loss_pct": 0.15,
        "throughput_mbps": 780,
        "edge_load": 0.72
      }
    },
    {
      "turn": 8,
      "speaker": "user",
      "intent": "abort_high_bandwidth_task_due_to_load",
      "actions": [
        {
          "type": "mcp",
          "name": "pause_transmission",
          "args": {
            "session_id": "tx_8892"
          }
        }
      ],
      "obs": [
        {
          "tool": "pause_transmission",
          "result": {
            "session_id": "tx_8892",
            "status": "paused",
            "data_sent_mb": 640
          }
        }
      ],
      "net": {
        "slice": "mMTC",
        "lat_ms": 52,
        "jitter_ms": 15,
        "loss_pct": 1.2,
        "throughput_mbps": 0.9,
        "edge_load": 0.85
      }
    },
    {
      "turn": 9,
      "speaker": "agent",
      "intent": "resume_with_compression_and_buffer",
      "actions": [
        {
          "type": "mcp",
          "name": "recompress_data",
          "args": {
            "session_id": "tx_8892",
            "target_ratio": 0.4
          }
        },
        {
          "type": "a2a",
          "task": "schedule_transmission_window",
          "to": "edge_cloud_agent",
          "payload": {
            "preferred_slice": "URLLC",
            "window_start": 120,
            "data_mb": 610
          }
        }
      ],
      "obs": [
        {
          "tool": "recompress_data",
          "result": {
            "session_id": "tx_8892",
            "original_mb": 610,
            "compressed_mb": 244,
            "status": "ready"
          }
        },
        {
          "task": "schedule_transmission_window",
          "from": "edge_cloud_agent",
          "status": "scheduled",
          "payload": {
            "window_id": "win_334",
            "slice": "URLLC",
            "start_s": 120
          }
        }
      ],
      "net": {
        "slice": "URLLC",
        "lat_ms": 7,
        "jitter_ms": 0.8,
        "loss_pct": 0.01,
        "throughput_mbps": 130,
        "edge_load": 0.31
      }
    },
    {
      "turn": 10,
      "speaker": "user",
      "intent": "initiate_return_to_home",
      "actions": [
        {
          "type": "mcp",
          "name": "navigate_to",
          "args": {
            "target": [
              100,
              100,
              30
            ],
            "speed": 20
          }
        }
      ],
      "obs": [
        {
          "tool": "navigate_to",
          "result": {
            "status": "in_progress",
            "eta_s": 95
          }
        }
      ],
      "net": {
        "slice": "URLLC",
        "lat_ms": 8,
        "jitter_ms": 1.0,
        "loss_pct": 0.02,
        "throughput_mbps": 125,
        "edge_load": 0.28
      }
    }
  ],
  "final_state": {
    "domain": "uav",
    "time_s": 520.0,
    "env": {
      "weather": "microburst_risk",
      "wind_mps": 8.5,
      "wind_dir_deg": 260.0
    },
    "airspace": {
      "alt_bounds": [
        10.0,
        120.0
      ],
      "geofence": [
        {
          "type": "polygon",
          "points": [
            [
              0,
              0
            ],
            [
              2000,
              0
            ],
            [
              2000,
              1500
            ],
            [
              0,
              1500
            ]
          ]
        }
      ]
    },
    "uav": {
      "pose": {
        "x": 320.5,
        "y": 280.3,
        "z": 48.7,
        "yaw": 275.0
      },
      "speed_mps": 20.0,
      "energy": {
        "battery_pct": 78.4
      },
      "sensors": {
        "rgb": "ok",
        "thermal": "ok",
        "lidar": "ok",
        "radar": "faulty",
        "gnss": "ok",
        "imu": "ok",
        "magnetometer": "ok",
        "barometer": "ok"
      },
      "payloads": [
        {
          "type": "inspection_data",
          "status": "partially_transmitted",
          "remaining_mb": 244
        }
      ]
    },
    "policy": {
      "alt_bounds": [
        10.0,
        120.0
      ]
    },
    "safety_flags": {
      "nfz_violation": false,
      "separation_breach": false
    }
  },
  "success": true,
  "_meta": {
    "seed": 42,
    "ts": 1764004949,
    "ts_iso": "2025-11-24T17:22:29Z",
    "gen_time_s": 57.884724378585815,
    "attempts_used": 1,
    "generation_failed": false,
    "usage": {
      "prompt_tokens": 1052,
      "completion_tokens": 3711,
      "total_tokens": 4763,
      "cost": 0.00313336,
      "is_byok": false,
      "prompt_tokens_details": {
        "cached_tokens": 608,
        "audio_tokens": 0,
        "video_tokens": 0
      },
      "cost_details": {
        "upstream_inference_cost": null,
        "upstream_inference_prompt_cost": 0.00016456,
        "upstream_inference_completions_cost": 0.0029688
      },
      "completion_tokens_details": {
        "reasoning_tokens": 0,
        "image_tokens": 0
      }
    }
  }
}