{
  "initial_state": {
    "domain": "uav",
    "time_s": 0.0,
    "env": {
      "weather": "icing",
      "wind_mps": 7.0,
      "wind_dir_deg": 315.0
    },
    "airspace": {
      "alt_bounds": [
        30.0,
        250.0
      ],
      "geofence": [
        {
          "type": "polygon",
          "points": [
            [
              0,
              0
            ],
            [
              600,
              0
            ],
            [
              600,
              500
            ],
            [
              0,
              500
            ]
          ]
        }
      ]
    },
    "uav": {
      "pose": {
        "x": 50.0,
        "y": 50.0,
        "z": 30.0,
        "yaw": 135.0
      },
      "speed_mps": 35.0,
      "energy": {
        "battery_pct": 100.0
      },
      "sensors": {
        "rgb": "ok",
        "thermal": "ok",
        "lidar": "ok",
        "radar": "offline",
        "gnss": "ok",
        "imu": "ok",
        "magnetometer": "ok",
        "barometer": "ok"
      },
      "payloads": []
    },
    "policy": {
      "alt_bounds": [
        30.0,
        250.0
      ]
    },
    "safety_flags": {
      "nfz_violation": false,
      "separation_breach": false
    }
  },
  "dialogue": [
    {
      "turn": 1,
      "speaker": "agent",
      "intent": "initiate_recon_mission",
      "actions": [
        {
          "type": "mcp",
          "name": "read_telemetry",
          "args": {}
        },
        {
          "type": "a2a",
          "task": "request_weather_data",
          "to": "met_agent",
          "payload": {
            "location": [
              50.0,
              50.0
            ],
            "time_window": "current"
          }
        }
      ],
      "obs": [
        {
          "tool": "read_telemetry",
          "result": {
            "pose": {
              "x": 50.0,
              "y": 50.0,
              "z": 30.0
            },
            "battery_pct": 100.0,
            "speed_mps": 35.0
          }
        },
        {
          "task": "request_weather_data",
          "from": "met_agent",
          "status": "ok",
          "payload": {
            "weather": "icing",
            "wind_mps": 7.0,
            "wind_dir_deg": 315.0
          }
        }
      ],
      "net": {
        "slice": "eMBB",
        "lat_ms": 12,
        "jitter_ms": 2,
        "loss_pct": 0.1,
        "throughput_mbps": 850,
        "edge_load": 0.35
      }
    },
    {
      "turn": 2,
      "speaker": "user",
      "intent": "approve_altitude_change",
      "actions": [
        {
          "type": "mcp",
          "name": "set_altitude",
          "args": {
            "target_z": 120.0
          }
        }
      ],
      "obs": [
        {
          "tool": "set_altitude",
          "result": {
            "status": "acknowledged",
            "target_z": 120.0
          }
        }
      ],
      "net": {
        "slice": "eMBB",
        "lat_ms": 11,
        "jitter_ms": 1.8,
        "loss_pct": 0.05,
        "throughput_mbps": 900,
        "edge_load": 0.38
      }
    },
    {
      "turn": 3,
      "speaker": "agent",
      "intent": "ascend_and_monitor",
      "actions": [
        {
          "type": "mcp",
          "name": "read_telemetry",
          "args": {}
        },
        {
          "type": "mcp",
          "name": "activate_sensor",
          "args": {
            "sensor": "thermal"
          }
        }
      ],
      "obs": [
        {
          "tool": "read_telemetry",
          "result": {
            "pose": {
              "x": 52.1,
              "y": 52.1,
              "z": 68.4
            },
            "battery_pct": 98.7,
            "speed_mps": 34.8
          }
        },
        {
          "tool": "activate_sensor",
          "result": {
            "sensor": "thermal",
            "status": "active"
          }
        }
      ],
      "net": {
        "slice": "URLLC",
        "lat_ms": 8,
        "jitter_ms": 0.9,
        "loss_pct": 0.01,
        "throughput_mbps": 120,
        "edge_load": 0.42
      }
    },
    {
      "turn": 4,
      "speaker": "user",
      "intent": "report_icing_risk",
      "actions": [
        {
          "type": "mcp",
          "name": "check_system_health",
          "args": {}
        }
      ],
      "obs": [
        {
          "tool": "check_system_health",
          "result": {
            "icing_detected": true,
            "de_icing_active": false,
            "recommendation": "activate de-icing"
          }
        }
      ],
      "net": {
        "slice": "URLLC",
        "lat_ms": 7.5,
        "jitter_ms": 0.7,
        "loss_pct": 0.02,
        "throughput_mbps": 110,
        "edge_load": 0.45
      }
    },
    {
      "turn": 5,
      "speaker": "agent",
      "intent": "activate_deicing",
      "actions": [
        {
          "type": "mcp",
          "name": "activate_deicing",
          "args": {}
        },
        {
          "type": "a2a",
          "task": "collision_avoidance_scan",
          "to": "uav_swarm_agent",
          "payload": {
            "current_pose": [
              52.1,
              52.1,
              68.4
            ],
            "trajectory": "climbing"
          }
        }
      ],
      "obs": [
        {
          "tool": "activate_deicing",
          "result": {
            "status": "active",
            "power_draw_pct": 3.2
          }
        },
        {
          "task": "collision_avoidance_scan",
          "from": "uav_swarm_agent",
          "status": "clear",
          "payload": {
            "obstacles": [],
            "recommended_heading": 135.0
          }
        }
      ],
      "net": {
        "slice": "URLLC",
        "lat_ms": 9,
        "jitter_ms": 1.1,
        "loss_pct": 0.03,
        "throughput_mbps": 100,
        "edge_load": 0.51
      }
    },
    {
      "turn": 6,
      "speaker": "user",
      "intent": "request_thermal_image",
      "actions": [
        {
          "type": "mcp",
          "name": "capture_image",
          "args": {
            "sensor": "thermal",
            "target": [
              500,
              400
            ]
          }
        }
      ],
      "obs": [
        {
          "tool": "capture_image",
          "result": {
            "status": "success",
            "image_id": "thm_001",
            "target": [
              500,
              400
            ],
            "metadata": {
              "temp_range_c": [
                -35,
                -10
              ],
              "anomalies_detected": 1
            }
          }
        }
      ],
      "net": {
        "slice": "eMBB",
        "lat_ms": 14,
        "jitter_ms": 3,
        "loss_pct": 0.2,
        "throughput_mbps": 780,
        "edge_load": 0.62
      }
    },
    {
      "turn": 7,
      "speaker": "agent",
      "intent": "navigate_to_anomaly",
      "actions": [
        {
          "type": "mcp",
          "name": "set_waypoint",
          "args": {
            "x": 500.0,
            "y": 400.0,
            "z": 110.0
          }
        },
        {
          "type": "a2a",
          "task": "handover_tracking",
          "to": "surveillance_agent",
          "payload": {
            "target_area": [
              500,
              400
            ],
            "priority": "high"
          }
        }
      ],
      "obs": [
        {
          "tool": "set_waypoint",
          "result": {
            "status": "accepted",
            "eta_s": 42
          }
        },
        {
          "task": "handover_tracking",
          "from": "surveillance_agent",
          "status": "acknowledged",
          "payload": {
            "tracking_id": "trk_882",
            "mode": "persistent"
          }
        }
      ],
      "net": {
        "slice": "eMBB",
        "lat_ms": 16,
        "jitter_ms": 4.5,
        "loss_pct": 1.8,
        "throughput_mbps": 620,
        "edge_load": 0.78
      }
    },
    {
      "turn": 8,
      "speaker": "user",
      "intent": "reduce_data_usage_due_to_congestion",
      "actions": [
        {
          "type": "mcp",
          "name": "reduce_video_streaming",
          "args": {
            "resolution": "480p"
          }
        }
      ],
      "obs": [
        {
          "tool": "reduce_video_streaming",
          "result": {
            "status": "applied",
            "resolution": "480p",
            "bandwidth_saved_mbps": 120
          }
        }
      ],
      "net": {
        "slice": "mMTC",
        "lat_ms": 25,
        "jitter_ms": 12,
        "loss_pct": 4.5,
        "throughput_mbps": 50,
        "edge_load": 0.91
      }
    },
    {
      "turn": 9,
      "speaker": "agent",
      "intent": "proceed_with_caution",
      "actions": [
        {
          "type": "mcp",
          "name": "read_telemetry",
          "args": {}
        }
      ],
      "obs": [
        {
          "tool": "read_telemetry",
          "result": {
            "pose": {
              "x": 480.2,
              "y": 410.1,
              "z": 110.0
            },
            "battery_pct": 89.3,
            "speed_mps": 32.1
          }
        }
      ],
      "net": {
        "slice": "URLLC",
        "lat_ms": 10,
        "jitter_ms": 1.5,
        "loss_pct": 0.8,
        "throughput_mbps": 90,
        "edge_load": 0.67
      }
    },
    {
      "turn": 10,
      "speaker": "user",
      "intent": "confirm_target_engagement",
      "actions": [
        {
          "type": "mcp",
          "name": "activate_lidar",
          "args": {}
        }
      ],
      "obs": [
        {
          "tool": "activate_lidar",
          "result": {
            "status": "active",
            "range_m": 300,
            "resolution": "high"
          }
        }
      ],
      "net": {
        "slice": "URLLC",
        "lat_ms": 9.2,
        "jitter_ms": 1.0,
        "loss_pct": 0.05,
        "throughput_mbps": 115,
        "edge_load": 0.54
      }
    },
    {
      "turn": 11,
      "speaker": "agent",
      "intent": "complete_mission_and_return",
      "actions": [
        {
          "type": "mcp",
          "name": "set_waypoint",
          "args": {
            "x": 50.0,
            "y": 50.0,
            "z": 30.0
          }
        },
        {
          "type": "a2a",
          "task": "mission_summary",
          "to": "command_center",
          "payload": {
            "images_captured": 1,
            "anomalies": 1,
            "battery_remaining": 85.1
          }
        }
      ],
      "obs": [
        {
          "tool": "set_waypoint",
          "result": {
            "status": "accepted",
            "eta_s": 68
          }
        },
        {
          "task": "mission_summary",
          "from": "command_center",
          "status": "received",
          "payload": {
            "ack_id": "ack_991",
            "next_mission_eta": "T+1200s"
          }
        }
      ],
      "net": {
        "slice": "URLLC",
        "lat_ms": 8.7,
        "jitter_ms": 0.8,
        "loss_pct": 0.02,
        "throughput_mbps": 130,
        "edge_load": 0.41
      }
    }
  ],
  "final_state": {
    "domain": "uav",
    "time_s": 110.0,
    "env": {
      "weather": "icing",
      "wind_mps": 7.0,
      "wind_dir_deg": 315.0
    },
    "airspace": {
      "alt_bounds": [
        30.0,
        250.0
      ],
      "geofence": [
        {
          "type": "polygon",
          "points": [
            [
              0,
              0
            ],
            [
              600,
              0
            ],
            [
              600,
              500
            ],
            [
              0,
              500
            ]
          ]
        }
      ]
    },
    "uav": {
      "pose": {
        "x": 420.1,
        "y": 380.3,
        "z": 110.0,
        "yaw": 315.0
      },
      "speed_mps": 31.5,
      "energy": {
        "battery_pct": 85.1
      },
      "sensors": {
        "rgb": "ok",
        "thermal": "active",
        "lidar": "active",
        "radar": "offline",
        "gnss": "ok",
        "imu": "ok",
        "magnetometer": "ok",
        "barometer": "ok"
      },
      "payloads": []
    },
    "policy": {
      "alt_bounds": [
        30.0,
        250.0
      ]
    },
    "safety_flags": {
      "nfz_violation": false,
      "separation_breach": false
    }
  },
  "success": true,
  "_meta": {
    "seed": 42,
    "ts": 1763674759,
    "ts_iso": "2025-11-20T21:39:19Z",
    "gen_time_s": 64.54835844039917,
    "attempts_used": 1,
    "generation_failed": false,
    "usage": {
      "prompt_tokens": 1043,
      "completion_tokens": 3679,
      "total_tokens": 4722,
      "cost": 0.00310402,
      "is_byok": false,
      "prompt_tokens_details": {
        "cached_tokens": 624,
        "audio_tokens": 0,
        "video_tokens": 0
      },
      "cost_details": {
        "upstream_inference_cost": null,
        "upstream_inference_prompt_cost": 0.00016082,
        "upstream_inference_completions_cost": 0.0029432
      },
      "completion_tokens_details": {
        "reasoning_tokens": 0,
        "image_tokens": 0
      }
    }
  }
}