{
  "initial_state": {
    "domain": "uav",
    "time_s": 0.0,
    "env": {
      "weather": "fog",
      "wind_mps": 6.0,
      "wind_dir_deg": 240.0
    },
    "airspace": {
      "alt_bounds": [
        5.0,
        60.0
      ],
      "geofence": [
        {
          "type": "polygon",
          "points": [
            [
              0.0,
              0.0
            ],
            [
              100.0,
              0.0
            ],
            [
              100.0,
              80.0
            ],
            [
              0.0,
              80.0
            ]
          ]
        }
      ]
    },
    "uav": {
      "pose": {
        "x": 10.0,
        "y": 10.0,
        "z": 5.0,
        "yaw": 90.0
      },
      "speed_mps": 18.0,
      "energy": {
        "battery_pct": 100.0
      },
      "sensors": {
        "rgb": "ok",
        "thermal": "offline",
        "lidar": "ok",
        "radar": "offline",
        "gnss": "ok",
        "imu": "ok",
        "magnetometer": "ok",
        "barometer": "ok"
      },
      "payloads": []
    },
    "policy": {
      "alt_bounds": [
        5.0,
        60.0
      ]
    },
    "safety_flags": {
      "nfz_violation": false,
      "separation_breach": false
    }
  },
  "dialogue": [
    {
      "turn": 1,
      "speaker": "agent",
      "intent": "initiate inspection mission under fog conditions",
      "actions": [
        {
          "type": "mcp",
          "name": "read_telemetry",
          "args": {}
        }
      ],
      "obs": [
        {
          "tool": "read_telemetry",
          "result": {
            "pose": {
              "x": 10.0,
              "y": 10.0,
              "z": 5.0
            },
            "battery_pct": 100.0,
            "speed_mps": 18.0
          }
        }
      ],
      "net": {
        "slice": "URLLC",
        "lat_ms": 3,
        "jitter_ms": 1,
        "loss_pct": 0.01,
        "throughput_mbps": 50,
        "edge_load": 0.3
      }
    },
    {
      "turn": 2,
      "speaker": "user",
      "intent": "authorize ascent and thermal sensor restart",
      "actions": [
        {
          "type": "mcp",
          "name": "restart_sensor",
          "args": {
            "sensor": "thermal"
          }
        }
      ],
      "obs": [
        {
          "tool": "restart_sensor",
          "result": {
            "sensor": "thermal",
            "status": "pending",
            "reason": "weather_impact"
          }
        }
      ],
      "net": {
        "slice": "eMBB",
        "lat_ms": 12,
        "jitter_ms": 4,
        "loss_pct": 0.1,
        "throughput_mbps": 120,
        "edge_load": 0.6
      }
    },
    {
      "turn": 3,
      "speaker": "agent",
      "intent": "ascend to improve sensor coverage and initiate lidar scan",
      "actions": [
        {
          "type": "mcp",
          "name": "set_altitude",
          "args": {
            "target_z": 45.0
          }
        },
        {
          "type": "mcp",
          "name": "lidar_scan",
          "args": {
            "resolution": "high",
            "sector": "front-right"
          }
        }
      ],
      "obs": [
        {
          "tool": "set_altitude",
          "result": {
            "status": "executing",
            "target_z": 45.0
          }
        },
        {
          "tool": "lidar_scan",
          "result": {
            "sector": "front-right",
            "obstacle_detected": true,
            "distance_m": 32.5,
            "type": "container_stack"
          }
        }
      ],
      "net": {
        "slice": "URLLC",
        "lat_ms": 4,
        "jitter_ms": 1.5,
        "loss_pct": 0.02,
        "throughput_mbps": 45,
        "edge_load": 0.4
      }
    },
    {
      "turn": 4,
      "speaker": "user",
      "intent": "request swarm coordination for obstacle mapping",
      "actions": [
        {
          "type": "a2a",
          "task": "obstacle_mapping",
          "to": "uav_swarm_agent",
          "payload": {
            "obstacle": {
              "type": "container_stack",
              "position": {
                "x": 45.0,
                "y": 30.0,
                "z": 25.0
              },
              "confidence": 0.92
            },
            "uav_id": "uav-7"
          }
        }
      ],
      "obs": [
        {
          "task": "obstacle_mapping",
          "from": "uav_swarm_agent",
          "status": "ok",
          "payload": {
            "map_update_id": "map_20250405_001",
            "coverage_pct": 98.7
          }
        }
      ],
      "net": {
        "slice": "mMTC",
        "lat_ms": 8,
        "jitter_ms": 3,
        "loss_pct": 0.5,
        "throughput_mbps": 1,
        "edge_load": 0.2
      }
    },
    {
      "turn": 5,
      "speaker": "agent",
      "intent": "adjust course to avoid container stack and descend for visual inspection",
      "actions": [
        {
          "type": "mcp",
          "name": "set_waypoint",
          "args": {
            "x": 60.0,
            "y": 20.0,
            "z": 40.0
          }
        },
        {
          "type": "mcp",
          "name": "rgb_capture",
          "args": {
            "mode": "zoom",
            "target": "hull_inspection"
          }
        }
      ],
      "obs": [
        {
          "tool": "set_waypoint",
          "result": {
            "status": "updated",
            "next_waypoint": {
              "x": 60.0,
              "y": 20.0,
              "z": 40.0
            }
          }
        },
        {
          "tool": "rgb_capture",
          "result": {
            "status": "success",
            "image_id": "img_7a8b9c",
            "defect_detected": true,
            "confidence": 0.87
          }
        }
      ],
      "net": {
        "slice": "eMBB",
        "lat_ms": 15,
        "jitter_ms": 5,
        "loss_pct": 0.8,
        "throughput_mbps": 100,
        "edge_load": 0.7
      }
    },
    {
      "turn": 6,
      "speaker": "user",
      "intent": "report defect and request thermal confirmation",
      "actions": [
        {
          "type": "mcp",
          "name": "restart_sensor",
          "args": {
            "sensor": "thermal"
          }
        }
      ],
      "obs": [
        {
          "tool": "restart_sensor",
          "result": {
            "sensor": "thermal",
            "status": "online",
            "calibration": "complete"
          }
        }
      ],
      "net": {
        "slice": "URLLC",
        "lat_ms": 3,
        "jitter_ms": 1,
        "loss_pct": 0.01,
        "throughput_mbps": 55,
        "edge_load": 0.35
      }
    },
    {
      "turn": 7,
      "speaker": "agent",
      "intent": "perform thermal scan on detected defect area",
      "actions": [
        {
          "type": "mcp",
          "name": "thermal_scan",
          "args": {
            "target": "hull_section_4",
            "duration_s": 10
          }
        }
      ],
      "obs": [
        {
          "tool": "thermal_scan",
          "result": {
            "anomaly_detected": true,
            "temperature_delta_c": 4.3,
            "confidence": 0.91
          }
        }
      ],
      "net": {
        "slice": "URLLC",
        "lat_ms": 4,
        "jitter_ms": 1.2,
        "loss_pct": 0.03,
        "throughput_mbps": 52,
        "edge_load": 0.4
      }
    },
    {
      "turn": 8,
      "speaker": "user",
      "intent": "authorize return and data upload",
      "actions": [
        {
          "type": "a2a",
          "task": "data_relay",
          "to": "edge_gateway_agent",
          "payload": {
            "data_ids": [
              "img_7a8b9c",
              "thermal_4x3"
            ],
            "priority": "high"
          }
        }
      ],
      "obs": [
        {
          "task": "data_relay",
          "from": "edge_gateway_agent",
          "status": "queued",
          "payload": {
            "estimated_upload_time_s": 12.4,
            "slice_used": "eMBB"
          }
        }
      ],
      "net": {
        "slice": "eMBB",
        "lat_ms": 20,
        "jitter_ms": 8,
        "loss_pct": 1.2,
        "throughput_mbps": 80,
        "edge_load": 0.85
      }
    },
    {
      "turn": 9,
      "speaker": "agent",
      "intent": "initiate return to base due to network degradation",
      "actions": [
        {
          "type": "mcp",
          "name": "set_waypoint",
          "args": {
            "x": 10.0,
            "y": 10.0,
            "z": 30.0
          }
        },
        {
          "type": "mcp",
          "name": "read_telemetry",
          "args": {}
        }
      ],
      "obs": [
        {
          "tool": "set_waypoint",
          "result": {
            "status": "updated",
            "next_waypoint": {
              "x": 10.0,
              "y": 10.0,
              "z": 30.0
            }
          }
        },
        {
          "tool": "read_telemetry",
          "result": {
            "battery_pct": 76.3,
            "pose": {
              "x": 58.2,
              "y": 22.1,
              "z": 39.8
            }
          }
        }
      ],
      "net": {
        "slice": "URLLC",
        "lat_ms": 5,
        "jitter_ms": 2,
        "loss_pct": 0.05,
        "throughput_mbps": 40,
        "edge_load": 0.5
      }
    },
    {
      "turn": 10,
      "speaker": "user",
      "intent": "confirm safe return and mission completion",
      "actions": [],
      "obs": [],
      "net": {
        "slice": "URLLC",
        "lat_ms": 3,
        "jitter_ms": 1,
        "loss_pct": 0.01,
        "throughput_mbps": 60,
        "edge_load": 0.25
      }
    }
  ],
  "final_state": {
    "domain": "uav",
    "time_s": 120.0,
    "env": {
      "weather": "fog",
      "wind_mps": 6.0,
      "wind_dir_deg": 240.0
    },
    "airspace": {
      "alt_bounds": [
        5.0,
        60.0
      ],
      "geofence": [
        {
          "type": "polygon",
          "points": [
            [
              0.0,
              0.0
            ],
            [
              100.0,
              0.0
            ],
            [
              100.0,
              80.0
            ],
            [
              0.0,
              80.0
            ]
          ]
        }
      ]
    },
    "uav": {
      "pose": {
        "x": 10.0,
        "y": 10.0,
        "z": 30.0,
        "yaw": 270.0
      },
      "speed_mps": 12.0,
      "energy": {
        "battery_pct": 72.1
      },
      "sensors": {
        "rgb": "ok",
        "thermal": "ok",
        "lidar": "ok",
        "radar": "offline",
        "gnss": "ok",
        "imu": "ok",
        "magnetometer": "ok",
        "barometer": "ok"
      },
      "payloads": []
    },
    "policy": {
      "alt_bounds": [
        5.0,
        60.0
      ]
    },
    "safety_flags": {
      "nfz_violation": false,
      "separation_breach": false
    }
  },
  "success": true,
  "_meta": {
    "seed": 42,
    "ts": 1763743653,
    "ts_iso": "2025-11-21T16:47:33Z",
    "gen_time_s": 52.38952898979187,
    "attempts_used": 1,
    "generation_failed": false,
    "usage": {
      "prompt_tokens": 1055,
      "completion_tokens": 3312,
      "total_tokens": 4367,
      "cost": 0.00281482,
      "is_byok": false,
      "prompt_tokens_details": {
        "cached_tokens": 608,
        "audio_tokens": 0,
        "video_tokens": 0
      },
      "cost_details": {
        "upstream_inference_cost": null,
        "upstream_inference_prompt_cost": 0.00016522,
        "upstream_inference_completions_cost": 0.0026496
      },
      "completion_tokens_details": {
        "reasoning_tokens": 0,
        "image_tokens": 0
      }
    }
  }
}